Feature,Importance
Num_Customers,0.5623532387469071
sales_lag_1,0.13687829967810503
sales_roll_mean_7,0.12456941702114233
sales_lag_7,0.040406733575089324
Pct_On_Sale,0.026088961295371155
sales_lag_6,0.021436359354134404
sales_lag_2,0.01860308831372341
days_to_next_holiday,0.017655360536225715
sales_lag_4,0.01705242953478781
sales_lag_3,0.014170457286347532
sales_lag_5,0.012717443390234303
day_of_week,0.005947116013652068
is_holiday,0.001765800645676512
TouristEvent,0.000355294608603244
