Feature,Importance
Num_Customers,0.5741085002999291
sales_lag_1,0.1477951065945091
sales_roll_mean_7,0.1470698984281545
sales_lag_7,0.05450097490578754
Pct_On_Sale,0.03835636683591512
days_to_next_holiday,0.02715796368633965
day_of_week,0.00950176563485402
is_holiday,0.0010517514761912276
TouristEvent,0.0004576721383197651
