Model,MAE,RMSE,MAPE,Experiment
Seasonal Naive,14572.263188405797,22179.585248565265,21.42256845824479,C_Context_Expert
Linear Regression,7388.770053629843,9214.260886298229,11.804778785188558,C_Context_Expert
Random Forest,6930.142939855073,8965.140177070962,11.093343842542584,C_Context_Expert
Holt-Winters,9627.774179200602,14840.677518566035,13.843855493020667,C_Context_Expert
Prophet,8212.296337142949,9777.919346968109,13.686271520544011,C_Context_Expert
SARIMAX,1.11828305070167e-10,1.7437566229968455e-10,1.806314535886515e-13,C_Context_Expert
Ensemble (Top-3 Experts),4632.564721176486,5887.096609987478,7.445785420988934,C_Context_Expert
