Model,MAE,RMSE,MAPE,Experiment
Seasonal Naive,14572.263188405797,22179.585248565265,21.42256845824479,C_Context_Expert
Linear Regression,7363.061282290614,9300.277685978297,11.837596370847704,C_Context_Expert
Random Forest,7235.457242028987,9317.681028078312,11.544793586961884,C_Context_Expert
Holt-Winters,9625.944641521639,14833.972240508865,13.845410763289639,C_Context_Expert
Prophet,8434.457879042047,10019.103743852105,14.12433357783649,C_Context_Expert
SARIMAX,65081.58168058694,75213.83457915971,98.06650788187015,C_Context_Expert
