Model,MAE,RMSE,MAPE,Experiment
Seasonal Naive,14572.263188405797,22179.585248565265,21.42256845824479,C_Context_Expert
Linear Regression,7427.5214046357905,9269.39499433701,11.861165380697843,C_Context_Expert
Random Forest,6819.740639855073,8848.6907701582,10.840318746126322,C_Context_Expert
Holt-Winters,9627.774179200602,14840.677518566035,13.843855493020667,C_Context_Expert
Prophet,8020.09130469299,9563.954842187744,13.321289442870498,C_Context_Expert
SARIMAX,14282.172726812307,16678.532903783555,21.387767285957576,C_Context_Expert
Ensemble (Top-3 Experts),6903.53547305283,8466.136574511886,11.208852370079748,C_Context_Expert
