Feature,Importance
Num_Customers,0.5230455859631721
sales_roll_mean_7,0.1853842829525724
sales_lag_1,0.13293181325666154
sales_lag_7,0.02441825897232983
Pct_On_Sale,0.022358272351807155
days_to_next_holiday,0.022026526732672927
sales_lag_3,0.017905338957993046
sales_lag_5,0.017893785569449393
sales_lag_6,0.017382979477612477
sales_lag_2,0.014676439649001748
sales_lag_4,0.013675389211809271
day_of_week,0.006243899998462198
is_holiday,0.0014904660551281893
TouristEvent,0.0005669608513278127
