Feature,Importance
Num_Customers,0.5352143801032336
sales_roll_mean_7,0.20785475078145013
sales_lag_1,0.1448577461872876
sales_lag_7,0.034247587435846216
Pct_On_Sale,0.03352927048268945
days_to_next_holiday,0.03209930110041513
day_of_week,0.009843381238156621
is_holiday,0.002053051978582825
TouristEvent,0.00030053069233836505
