Model,MAE,RMSE,MAPE,Experiment
Seasonal Naive,7907.073913043478,12539.602626514867,20.97966307211546,C_Context_Expert
Linear Regression,5112.1126755134965,6318.458425644749,15.15207570104988,C_Context_Expert
Random Forest,7700.036441304346,8815.12632880383,23.061565981672278,C_Context_Expert
Holt-Winters,8468.599661372942,11440.86812422226,21.927590158648552,C_Context_Expert
Prophet,8593.005401435916,9954.979113545021,23.398317075317042,C_Context_Expert
SARIMAX,53623.090265068655,60825.26824346221,152.88642277577264,C_Context_Expert
