Model,MAE,RMSE,MAPE,Experiment
Seasonal Naive,7907.073913043478,12539.602626514867,20.97966307211546,C_Context_Expert
Linear Regression,4930.898264054876,6152.642283929794,14.490383256173981,C_Context_Expert
Random Forest,7476.647723188406,8492.946017800008,22.713754263412696,C_Context_Expert
Holt-Winters,8463.550997614362,11435.497506783582,21.913654343154327,C_Context_Expert
Prophet,8416.63085205154,9773.262717403799,23.022050739093643,C_Context_Expert
SARIMAX,4.484400683988655e-06,4.506245321402364e-06,1.2955263220629999e-08,C_Context_Expert
Ensemble (Top-3 Experts),3975.8774737635185,4621.694031876222,12.039707612682973,C_Context_Expert
