Model,MAE,RMSE,MAPE,Experiment
Seasonal Naive,7907.073913043478,12539.602626514867,20.97966307211546,C_Context_Expert
Linear Regression,4940.073681207922,6174.360040531127,14.506503804907126,C_Context_Expert
Random Forest,8485.524185507245,9620.042591948806,25.54514109564183,C_Context_Expert
Holt-Winters,8463.550997614362,11435.497506783582,21.913654343154327,C_Context_Expert
Prophet,8350.32041503625,9657.565606142143,22.86299495865967,C_Context_Expert
SARIMAX,11048.465533412478,12468.81255697849,30.493421764677702,C_Context_Expert
Ensemble (Top-3 Experts),3859.821597864369,4845.901069425341,10.967403580617551,C_Context_Expert
