Feature,Importance
sales_lag_1,0.4669173604539776
sales_roll_mean_7,0.14730084294772228
sales_lag_7,0.10122054519062179
sales_lag_6,0.052471699785181965
sales_lag_3,0.049366169220694985
sales_lag_2,0.04375797302640202
sales_lag_5,0.03559968892515362
sales_roll_std_7,0.02923870888624444
sales_lag_4,0.026775393503030473
month,0.024545450856263317
day_of_week,0.022806167204707406
