Model,MAE,RMSE,MAPE,Experiment
Seasonal Naive,7907.073913043478,12539.602626514867,20.97966307211546,B_Sales_Dynamics
Linear Regression,5701.068671948639,8092.939905168289,15.708393614082869,B_Sales_Dynamics
Random Forest,17913.33731884058,19238.662230368373,53.88284780380147,B_Sales_Dynamics
Holt-Winters,8463.550997614362,11435.497506783582,21.913654343154327,B_Sales_Dynamics
Prophet,7386.751381278539,9890.702405881702,18.980736269640673,B_Sales_Dynamics
SARIMAX,6489.631663527513,8581.93064150323,17.092385481063555,B_Sales_Dynamics
Ensemble (Top-3 Experts),5766.537710299695,7961.207955451241,14.95140271459316,B_Sales_Dynamics
