Model,MAE,RMSE,MAPE,Experiment
Seasonal Naive,7907.073913043478,12539.602626514867,20.97966307211546,B_Sales_Dynamics
Linear Regression,5680.22537578927,7964.6738211491165,15.61013183688235,B_Sales_Dynamics
Random Forest,20154.479510144924,21569.945429262785,60.66243323601863,B_Sales_Dynamics
Holt-Winters,8463.550997614362,11435.497506783582,21.913654343154327,B_Sales_Dynamics
Prophet,7290.901195526306,9755.298512626046,18.75991499288105,B_Sales_Dynamics
SARIMAX,4.484400683988655e-06,4.506245321402364e-06,1.2955263220629999e-08,B_Sales_Dynamics
Ensemble (Top-3 Experts),3667.924066682722,5195.813901421434,9.477471301447366,B_Sales_Dynamics
