Feature,Importance
month,0.4347531402640468
sales_lag_28,0.2625825814568045
sales_lag_7,0.2231617383335023
day_of_week,0.049627483457878666
season_num,0.01718308947175091
is_weekend,0.012691967016016764
