Model,MAE,RMSE,MAPE,Experiment
Seasonal Naive,14572.263188405797,22179.585248565265,21.42256845824479,A_Temporal_Base
Linear Regression,10867.320311232532,15766.891411457398,15.583875527212655,A_Temporal_Base
Random Forest,10523.448194202898,15801.294301219172,15.172657944310053,A_Temporal_Base
Holt-Winters,9627.774179200602,14840.677518566035,13.843855493020667,A_Temporal_Base
Prophet,12202.941810673836,15344.238281031054,18.993430584972774,A_Temporal_Base
ARIMAX,11149.929739277124,15456.839085250831,16.878524310338396,A_Temporal_Base
