sample,best_lucro
0,51345
1,68005
2,68005
3,68005
4,68005
5,68005
6,68005
7,68005
8,68005
9,68005
10,68005
11,68005
12,68005
13,68005
14,68005
15,68005
16,68005
17,68005
18,68005
19,68005
20,68005
21,68005
22,68005
23,68005
24,68005
25,68005
26,68005
27,68005
28,68005
29,68005
30,68005
31,68005
32,68005
33,68005
34,68005
35,68005
36,68005
37,68005
38,68005
39,68005
40,68005
41,68005
42,68005
43,68005
44,68005
45,68005
46,68005
47,68005
48,68005
49,68005
50,68005
51,68005
52,68005
53,68005
54,68005
55,68005
56,68005
57,69055
58,69055
59,69055
60,69055
61,69055
62,74935
63,74935
64,74935
65,74935
66,74935
67,74935
68,74935
69,74935
70,74935
71,74935
72,74935
73,74935
74,74935
75,74935
76,74935
77,74935
78,74935
79,74935
80,74935
81,74935
82,74935
83,74935
84,74935
85,74935
86,74935
87,74935
88,74935
89,74935
90,74935
91,74935
92,74935
93,74935
94,74935
95,74935
96,74935
97,74935
98,74935
99,74935
100,74935
101,74935
102,74935
103,74935
104,74935
105,74935
106,74935
107,74935
108,74935
109,74935
110,74935
111,74935
112,74935
113,74935
114,74935
115,74935
116,74935
117,74935
118,74935
119,74935
120,74935
121,74935
122,74935
123,74935
124,74935
125,74935
126,74935
127,74935
128,74935
129,74935
130,74935
131,74935
132,74935
133,74935
134,74935
135,74935
136,74935
137,74935
138,74935
139,74935
140,74935
141,74935
142,74935
143,74935
144,74935
145,74935
146,74935
147,74935
148,74935
149,74935
150,74935
151,74935
152,74935
153,74935
154,74935
155,74935
156,74935
157,74935
158,74935
159,74935
160,74935
161,74935
162,74935
163,74935
164,74935
165,74935
166,74935
167,74935
168,74935
169,74935
170,74935
171,74935
172,74935
173,74935
174,74935
175,74935
176,74935
177,74935
178,74935
179,74935
180,74935
181,74935
182,74935
183,74935
184,74935
185,74935
186,74935
187,74935
188,74935
189,74935
190,74935
191,74935
192,74935
193,74935
194,74935
195,74935
196,74935
197,74935
198,74935
199,74935
200,74935
201,74935
202,74935
203,74935
204,74935
205,74935
206,74935
207,74935
208,74935
209,74935
210,74935
211,74935
212,74935
213,74935
214,74935
215,74935
216,74935
217,74935
218,74935
219,74935
220,74935
221,74935
222,74935
223,74935
224,74935
225,74935
226,74935
227,74935
228,74935
229,74935
230,74935
231,74935
232,74935
233,74935
234,74935
235,74935
236,74935
237,74935
238,74935
239,74935
240,74935
241,74935
242,74935
243,74935
244,74935
245,74935
246,74935
247,74935
248,74935
249,74935
250,74935
251,74935
252,74935
253,74935
254,74935
255,74935
256,74935
257,74935
258,74935
259,74935
260,74935
261,74935
262,74935
263,74935
264,74935
265,74935
266,74935
267,74935
268,74935
269,74935
270,74935
271,74935
272,74935
273,74935
274,74935
275,74935
276,74935
277,74935
278,74935
279,74935
280,74935
281,74935
282,74935
283,74935
284,74935
285,74935
286,74935
287,74935
288,74935
289,74935
290,74935
291,74935
292,74935
293,74935
294,74935
295,74935
296,74935
297,74935
298,74935
299,74935
300,74935
301,74935
302,74935
303,74935
304,74935
305,74935
306,74935
307,74935
308,80465
309,80465
310,80465
311,80465
312,80465
313,80465
314,80465
315,80465
316,80465
317,80465
318,80465
319,80465
320,80465
321,80465
322,80465
323,80465
324,80465
325,80465
326,80465
327,80465
328,80465
329,80465
330,80465
331,80465
332,80465
333,80465
334,80465
335,80465
336,80465
337,80465
338,80465
339,80465
340,80465
341,80465
342,80465
343,80465
344,80465
345,80465
346,80465
347,80465
348,80465
349,80465
350,80465
351,80465
352,80465
353,80465
354,80465
355,80465
356,80465
357,80465
358,80465
359,80465
360,80465
361,80465
362,80465
363,80465
364,80465
365,80465
366,80465
367,80465
368,80465
369,80465
370,80465
371,80465
372,80465
373,80465
374,80465
375,80465
376,80465
377,80465
378,80465
379,80465
380,80465
381,80465
382,80465
383,80465
384,80465
385,80465
386,80465
387,80465
388,80465
389,80465
390,80465
391,80465
392,80465
393,80465
394,80465
395,80465
396,80465
397,80465
398,80465
399,80465
400,80465
401,80465
402,80465
403,80465
404,80465
405,80465
406,80465
407,80465
408,80465
409,80465
410,80465
411,80465
412,80465
413,80465
414,80465
415,80465
416,80465
417,80465
418,80465
419,80465
420,80465
421,80465
422,80465
423,80465
424,80465
425,80465
426,80465
427,80465
428,80465
429,80465
430,80465
431,80465
432,80465
433,80465
434,80465
435,80465
436,80465
437,80465
438,80465
439,80465
440,80465
441,80465
442,80465
443,80465
444,80465
445,80465
446,80465
447,80465
448,80465
449,80465
450,80465
451,80465
452,80465
453,80465
454,80465
455,80465
456,80465
457,80465
458,80465
459,80465
460,80465
461,80465
462,80465
463,80465
464,80465
465,80465
466,80465
467,80465
468,80465
469,80465
470,80465
471,80465
472,80465
473,80465
474,80465
475,80465
476,80465
477,80465
478,80465
479,80465
480,80465
481,80465
482,80465
483,80465
484,80465
485,80465
486,80465
487,80465
488,80465
489,80465
490,80465
491,80465
492,80465
493,80465
494,80465
495,80465
496,80465
497,80465
498,80465
499,80465
500,80465
501,80465
502,80465
503,80465
504,80465
505,80465
506,80465
507,80465
508,80465
509,80465
510,80465
511,80465
512,80465
513,80465
514,80465
515,80465
516,80465
517,80465
518,80465
519,80465
520,80465
521,80465
522,80465
523,80465
524,80465
525,80465
526,80465
527,80465
528,80465
529,80465
530,80465
531,80465
532,80465
533,80465
534,80465
535,80465
536,80465
537,80465
538,80465
539,80465
540,80465
541,80465
542,80465
543,80465
544,80465
545,80465
546,80465
547,80465
548,80465
549,80465
550,80465
551,80465
552,80465
553,80465
554,80465
555,80465
556,80465
557,80465
558,80465
559,80465
560,80465
561,80465
562,80465
563,80465
564,80465
565,80465
566,80465
567,80465
568,80465
569,80465
570,80465
571,80465
572,80465
573,80465
574,80465
575,80465
576,80465
577,80465
578,80465
579,80465
580,80465
581,80465
582,80465
583,80465
584,80465
585,80465
586,80465
587,80465
588,80465
589,80465
590,80465
591,80465
592,80465
593,80465
594,80465
595,80465
596,80465
597,80465
598,80465
599,80465
600,80465
601,80465
602,80465
603,80465
604,80465
605,80465
606,80465
607,80465
608,80465
609,80465
610,80465
611,80465
612,80465
613,80465
614,80465
615,80465
616,80465
617,80465
618,80465
619,80465
620,80465
621,80465
622,80465
623,80465
624,80465
625,80465
626,80465
627,80465
628,80465
629,80465
630,80465
631,80465
632,80465
633,80465
634,80465
635,80465
636,80465
637,80465
638,80465
639,80465
640,80465
641,80465
642,80465
643,80465
644,80465
645,80465
646,80465
647,80465
648,80465
649,80465
650,80465
651,80465
652,80465
653,80465
654,80465
655,80465
656,80465
657,80465
658,80465
659,80465
660,80465
661,80465
662,80465
663,80465
664,80465
665,80465
666,80465
667,80465
668,80465
669,80465
670,80465
671,80465
672,80465
673,80465
674,80465
675,80465
676,80465
677,80465
678,80465
679,80465
680,80465
681,80465
682,80465
683,80465
684,80465
685,80465
686,80465
687,80465
688,80465
689,80465
690,80465
691,80465
692,80465
693,80465
694,80465
695,80465
696,80465
697,80465
698,80465
699,80465
700,80465
701,80465
702,80465
703,80465
704,80465
705,80465
706,80465
707,80465
708,80465
709,80465
710,80465
711,80465
712,80465
713,80465
714,80465
715,80465
716,80465
717,80465
718,80465
719,80465
720,80465
721,80465
722,80465
723,80465
724,80465
725,80465
726,80465
727,80465
728,80465
729,80465
730,80465
731,80465
732,80465
733,80465
734,80465
735,80465
736,80465
737,80465
738,80465
739,80465
740,80465
741,80465
742,80465
743,80465
744,80465
745,80465
746,80465
747,80465
748,80465
749,80465
750,80465
751,80465
752,80465
753,80465
754,80465
755,80465
756,80465
757,80465
758,80465
759,80465
760,80465
761,80465
762,80465
763,80465
764,80465
765,80465
766,80465
767,80465
768,80465
769,80465
770,80465
771,80465
772,80465
773,80465
774,80465
775,80465
776,80465
777,80465
778,80465
779,80465
780,80465
781,80465
782,80465
783,80465
784,80465
785,80465
786,80465
787,80465
788,80465
789,80465
790,80465
791,80465
792,80465
793,80465
794,80465
795,80465
796,80465
797,80465
798,80465
799,80465
800,80465
801,80465
802,80465
803,80465
804,80465
805,80465
806,80465
807,80465
808,80465
809,80465
810,80465
811,80465
812,80465
813,80465
814,80465
815,80465
816,80465
817,80465
818,80465
819,80465
820,80465
821,80465
822,80465
823,80465
824,80465
825,80465
826,80465
827,80465
828,80465
829,80465
830,80465
831,80465
832,80465
833,80465
834,80465
835,80465
836,80465
837,80465
838,80465
839,80465
840,80465
841,80465
842,80465
843,80465
844,80465
845,80465
846,80465
847,80465
848,80465
849,80465
850,80465
851,80465
852,80465
853,80465
854,80465
855,80465
856,80465
857,80465
858,80465
859,80465
860,80465
861,80465
862,80465
863,80465
864,80465
865,80465
866,80465
867,80465
868,80465
869,80465
870,80465
871,80465
872,80465
873,80465
874,80465
875,80465
876,80465
877,80465
878,80465
879,80465
880,80465
881,80465
882,80465
883,80465
884,80465
885,80465
886,80465
887,80465
888,80465
889,80465
890,80465
891,80465
892,80465
893,80465
894,80465
895,80465
896,80465
897,80465
898,80465
899,80465
900,80465
901,80465
902,80465
903,80465
904,80465
905,80465
906,80465
907,80465
908,80465
909,80465
910,80465
911,80465
912,80465
913,80465
914,80465
915,80465
916,80465
917,80465
918,80465
919,80465
920,80465
921,80465
922,80465
923,80465
924,80465
925,80465
926,80465
927,80465
928,80465
929,80465
930,80465
931,80465
932,80465
933,80465
934,80465
935,80465
936,80465
937,80465
938,80465
939,80465
940,80465
941,80465
942,80465
943,80465
944,80465
945,80465
946,80465
947,80465
948,80465
949,80465
950,80465
951,80465
952,80465
953,80465
954,80465
955,80465
956,80465
957,80465
958,80465
959,80465
960,80465
961,80465
962,80465
963,80465
964,80465
965,80465
966,80465
967,80465
968,80465
969,80465
970,80465
971,80465
972,80465
973,80465
974,80465
975,80465
976,80465
977,80465
978,80465
979,80465
980,80465
981,80465
982,80465
983,80465
984,80465
985,80465
986,80465
987,80465
988,80465
989,80465
990,80465
991,80465
992,80465
993,80465
994,80465
995,80465
996,80465
997,80465
998,80465
999,80465
1000,80465
1001,80465
1002,80465
1003,80465
1004,80465
1005,80465
1006,80465
1007,80465
1008,80465
1009,80465
1010,80465
1011,80465
1012,80465
1013,80465
1014,80465
1015,80465
1016,80465
1017,80465
1018,80465
1019,80465
1020,80465
1021,80465
1022,80465
1023,80465
1024,80465
1025,80465
1026,80465
1027,80465
1028,80465
1029,80465
1030,80465
1031,80465
1032,80465
1033,80465
1034,80465
1035,80465
1036,80465
1037,80465
1038,80465
1039,80465
1040,80465
1041,80465
1042,80465
1043,80465
1044,80465
1045,80465
1046,80465
1047,80465
1048,80465
1049,80465
1050,80465
1051,80465
1052,80465
1053,80465
1054,80465
1055,80465
1056,80465
1057,80465
1058,80465
1059,80465
1060,80465
1061,80465
1062,80465
1063,80465
1064,80465
1065,80465
1066,80465
1067,80465
1068,80465
1069,80465
1070,80465
1071,80465
1072,80465
1073,80465
1074,80465
1075,80465
1076,80465
1077,80465
1078,80465
1079,80465
1080,80465
1081,80465
1082,80465
1083,80465
1084,80465
1085,80465
1086,80465
1087,80465
1088,80465
1089,80465
1090,80465
1091,80465
1092,80465
1093,80465
1094,80465
1095,80465
1096,80465
1097,80465
1098,80465
1099,80465
1100,80465
1101,80465
1102,80465
1103,80465
1104,80465
1105,80465
1106,80465
1107,80465
1108,80465
1109,80465
1110,80465
1111,80465
1112,80465
1113,80465
1114,80465
1115,80465
1116,80465
1117,80465
1118,80465
1119,80465
1120,80465
1121,80465
1122,80465
1123,80465
1124,80465
1125,80465
1126,80465
1127,80465
1128,80465
1129,80465
1130,80465
1131,80465
1132,80465
1133,80465
1134,80465
1135,80465
1136,80465
1137,80465
1138,80465
1139,80465
1140,80465
1141,80465
1142,80465
1143,80465
1144,80465
1145,80465
1146,80465
1147,80465
1148,80465
1149,80465
1150,80465
1151,80465
1152,80465
1153,80465
1154,80465
1155,80465
1156,80465
1157,80465
1158,80465
1159,80465
1160,80465
1161,80465
1162,80465
1163,80465
1164,80465
1165,80465
1166,80465
1167,80465
1168,80465
1169,80465
1170,80465
1171,80465
1172,80465
1173,80465
1174,80465
1175,80465
1176,80465
1177,80465
1178,80465
1179,80465
1180,80465
1181,80465
1182,80465
1183,80465
1184,80465
1185,80465
1186,80465
1187,80465
1188,80465
1189,80465
1190,80465
1191,80465
1192,80465
1193,80465
1194,80465
1195,80465
1196,80465
1197,80465
1198,80465
1199,80465
1200,80465
1201,80465
1202,80465
1203,80465
1204,80465
1205,80465
1206,80465
1207,80465
1208,80465
1209,80465
1210,80465
1211,80465
1212,80465
1213,80465
1214,80465
1215,80465
1216,80465
1217,80465
1218,80465
1219,80465
1220,80465
1221,80465
1222,80465
1223,80465
1224,80465
1225,80465
1226,80465
1227,80465
1228,80465
1229,80465
1230,80465
1231,80465
1232,80465
1233,80465
1234,80465
1235,80465
1236,80465
1237,80465
1238,80465
1239,80465
1240,80465
1241,80465
1242,80465
1243,80465
1244,80465
1245,80465
1246,80465
1247,80465
1248,80465
1249,80465
1250,80465
1251,80465
1252,80465
1253,80465
1254,80465
1255,80465
1256,80465
1257,80465
1258,80465
1259,80465
1260,80465
1261,80465
1262,80465
1263,80465
1264,80465
1265,80465
1266,80465
1267,80465
1268,80465
1269,80465
1270,80465
1271,80465
1272,80465
1273,80465
1274,80465
1275,80465
1276,80465
1277,80465
1278,80465
1279,80465
1280,80465
1281,80465
1282,80465
1283,80465
1284,80465
1285,80465
1286,80465
1287,80465
1288,80465
1289,80465
1290,80465
1291,80465
1292,80465
1293,80465
1294,80465
1295,80465
1296,80465
1297,80465
1298,80465
1299,80465
1300,80465
1301,80465
1302,80465
1303,80465
1304,80465
1305,80465
1306,80465
1307,80465
1308,80465
1309,80465
1310,80465
1311,80465
1312,80465
1313,80465
1314,80465
1315,80465
1316,80465
1317,80465
1318,80465
1319,80465
1320,80465
1321,80465
1322,80465
1323,80465
1324,80465
1325,80465
1326,80465
1327,80465
1328,80465
1329,80465
1330,80465
1331,80465
1332,80465
1333,80465
1334,80465
1335,80465
1336,80465
1337,80465
1338,80465
1339,80465
1340,80465
1341,80465
1342,80465
1343,80465
1344,80465
1345,80465
1346,80465
1347,80465
1348,80465
1349,80465
1350,80465
1351,80465
1352,80465
1353,80465
1354,80465
1355,80465
1356,80465
1357,80465
1358,80465
1359,80465
1360,80465
1361,80465
1362,80465
1363,80465
1364,80465
1365,80465
1366,80465
1367,80465
1368,80465
1369,80465
1370,80465
1371,80465
1372,80465
1373,80465
1374,80465
1375,80465
1376,80465
1377,80465
1378,80465
1379,80465
1380,80465
1381,80465
1382,80465
1383,80465
1384,80465
1385,80465
1386,80465
1387,80465
1388,80465
1389,80465
1390,80465
1391,80465
1392,80465
1393,80465
1394,80465
1395,80465
1396,80465
1397,80465
1398,80465
1399,80465
1400,80465
1401,80465
1402,80465
1403,80465
1404,80465
1405,80465
1406,80465
1407,80465
1408,80465
1409,80465
1410,80465
1411,80465
1412,80465
1413,80465
1414,80465
1415,80465
1416,80465
1417,80465
1418,80465
1419,80465
1420,80465
1421,80465
1422,80465
1423,80465
1424,80465
1425,80465
1426,80465
1427,80465
1428,80465
1429,80465
1430,80465
1431,80465
1432,80465
1433,80465
1434,80465
1435,80465
1436,80465
1437,80465
1438,80465
1439,80465
1440,80465
1441,80465
1442,80465
1443,80465
1444,80465
1445,80465
1446,80465
1447,80465
1448,80465
1449,80465
1450,80465
1451,80465
1452,80465
1453,80465
1454,80465
1455,80465
1456,80465
1457,80465
1458,80465
1459,80465
1460,80465
1461,80465
1462,80465
1463,80465
1464,80465
1465,80465
1466,80465
1467,80465
1468,80465
1469,80465
1470,80465
1471,80465
1472,80465
1473,80465
1474,80465
1475,80465
1476,80465
1477,80465
1478,80465
1479,80465
1480,80465
1481,80465
1482,80465
1483,80465
1484,80465
1485,80465
1486,80465
1487,80465
1488,80465
1489,80465
1490,80465
1491,80465
1492,80465
1493,80465
1494,80465
1495,80465
1496,80465
1497,80465
1498,80465
1499,80465
1500,80465
1501,80465
1502,80465
1503,80465
1504,80465
1505,80465
1506,80465
1507,80465
1508,80465
1509,80465
1510,80465
1511,80465
1512,80465
1513,80465
1514,80465
1515,80465
1516,80465
1517,80465
1518,80465
1519,80465
1520,80465
1521,80465
1522,80465
1523,80465
1524,80465
1525,80465
1526,80465
1527,80465
1528,80465
1529,80465
1530,80465
1531,80465
1532,80465
1533,80465
1534,80465
1535,80465
1536,80465
1537,80465
1538,80465
1539,80465
1540,80465
1541,80465
1542,80465
1543,80465
1544,80465
1545,80465
1546,80465
1547,80465
1548,80465
1549,80465
1550,80465
1551,80465
1552,80465
1553,80465
1554,80465
1555,80465
1556,80465
1557,80465
1558,80465
1559,80465
1560,80465
1561,80465
1562,80465
1563,80465
1564,80465
1565,80465
1566,80465
1567,80465
1568,80465
1569,80465
1570,80465
1571,80465
1572,80465
1573,80465
1574,80465
1575,80465
1576,80465
1577,80465
1578,80465
1579,80465
1580,80465
1581,80465
1582,80465
1583,80465
1584,80465
1585,80465
1586,80465
1587,80465
1588,80465
1589,80465
1590,80465
1591,80465
1592,80465
1593,80465
1594,80465
1595,80465
1596,80465
1597,80465
1598,80465
1599,80465
1600,80465
1601,80465
1602,80465
1603,80465
1604,80465
1605,80465
1606,80465
1607,80465
1608,80465
1609,80465
1610,80465
1611,80465
1612,80465
1613,80465
1614,80465
1615,80465
1616,80465
1617,80465
1618,80465
1619,80465
1620,80465
1621,80465
1622,80465
1623,80465
1624,80465
1625,80465
1626,80465
1627,80465
1628,80465
1629,80465
1630,80465
1631,80465
1632,80465
1633,80465
1634,80465
1635,80465
1636,80465
1637,80465
1638,80465
1639,80465
1640,80465
1641,80465
1642,80465
1643,80465
1644,80465
1645,80465
1646,80465
1647,80465
1648,80465
1649,80465
1650,80465
1651,80465
1652,80465
1653,80465
1654,80465
1655,80465
1656,80465
1657,80465
1658,80465
1659,80465
1660,80465
1661,80465
1662,80465
1663,80465
1664,80465
1665,80465
1666,80465
1667,80465
1668,80465
1669,80465
1670,80465
1671,80465
1672,80465
1673,80465
1674,80465
1675,80465
1676,80465
1677,80465
1678,80465
1679,80465
1680,80465
1681,80465
1682,80465
1683,80465
1684,80465
1685,80465
1686,80465
1687,80465
1688,80465
1689,80465
1690,80465
1691,80465
1692,80465
1693,80465
1694,80465
1695,80465
1696,80465
1697,80465
1698,80465
1699,80465
1700,80465
1701,80465
1702,80465
1703,80465
1704,80465
1705,80465
1706,80465
1707,80465
1708,80465
1709,80465
1710,80465
1711,80465
1712,80465
1713,80465
1714,80465
1715,80465
1716,80465
1717,80465
1718,80465
1719,80465
1720,80465
1721,80465
1722,80465
1723,80465
1724,80465
1725,80465
1726,80465
1727,80465
1728,80465
1729,80465
1730,80465
1731,80465
1732,80465
1733,80465
1734,80465
1735,80465
1736,80465
1737,80465
1738,80465
1739,80465
1740,80465
1741,80465
1742,80465
1743,80465
1744,80465
1745,80465
1746,80465
1747,80465
1748,80465
1749,80465
1750,80465
1751,80465
1752,80465
1753,80465
1754,80465
1755,80465
1756,80465
1757,80465
1758,80465
1759,80465
1760,80465
1761,80465
1762,80465
1763,80465
1764,80465
1765,80465
1766,80465
1767,80465
1768,80465
1769,80465
1770,80465
1771,80465
1772,80465
1773,80465
1774,80465
1775,80465
1776,80465
1777,80465
1778,80465
1779,80465
1780,80465
1781,80465
1782,80465
1783,80465
1784,80465
1785,80465
1786,80465
1787,80465
1788,80465
1789,80465
1790,80465
1791,80465
1792,80465
1793,80465
1794,80465
1795,80465
1796,80465
1797,80465
1798,80465
1799,80465
1800,80465
1801,80465
1802,80465
1803,80465
1804,80465
1805,80465
1806,80465
1807,80465
1808,80465
1809,80465
1810,80465
1811,80465
1812,80465
1813,80465
1814,80465
1815,80465
1816,80465
1817,80465
1818,80465
1819,80465
1820,80465
1821,80465
1822,80465
1823,80465
1824,80465
1825,80465
1826,80465
1827,80465
1828,80465
1829,80465
1830,80465
1831,80465
1832,80465
1833,80465
1834,80465
1835,80465
1836,80465
1837,80465
1838,80465
1839,80465
1840,80465
1841,80465
1842,80465
1843,80465
1844,80465
1845,80465
1846,80465
1847,80465
1848,80465
1849,80465
1850,80465
1851,80465
1852,80465
1853,80465
1854,80465
1855,80465
1856,80465
1857,80465
1858,80465
1859,80465
1860,80465
1861,80465
1862,80465
1863,80465
1864,80465
1865,80465
1866,80465
1867,80465
1868,80465
1869,80465
1870,80465
1871,80465
1872,80465
1873,80465
1874,80465
1875,80465
1876,80465
1877,80465
1878,80465
1879,80465
1880,80465
1881,80465
1882,80465
1883,80465
1884,80465
1885,80465
1886,80465
1887,80465
1888,80465
1889,80465
1890,80465
1891,80465
1892,80465
1893,80465
1894,80465
1895,80465
1896,80465
1897,80465
1898,80465
1899,80465
1900,80465
1901,80465
1902,80465
1903,80465
1904,80465
1905,80465
1906,80465
1907,80465
1908,80465
1909,80465
1910,80465
1911,80465
1912,80465
1913,80465
1914,80465
1915,80465
1916,80465
1917,80465
1918,80465
1919,80465
1920,80465
1921,80465
1922,80465
1923,80465
1924,80465
1925,80465
1926,80465
1927,80465
1928,80465
1929,80465
1930,80465
1931,80465
1932,80465
1933,80465
1934,80465
1935,80465
1936,80465
1937,80465
1938,80465
1939,80465
1940,80465
1941,80465
1942,80465
1943,80465
1944,80465
1945,80465
1946,80465
1947,80465
1948,80465
1949,80465
1950,80465
1951,80465
1952,80465
1953,80465
1954,80465
1955,80465
1956,80465
1957,80465
1958,80465
1959,80465
1960,80465
1961,80465
1962,80465
1963,80465
1964,80465
1965,80465
1966,80465
1967,80465
1968,80465
1969,80465
1970,80465
1971,80465
1972,80465
1973,80465
1974,80465
1975,80465
1976,80465
1977,80465
1978,80465
1979,80465
1980,80465
1981,80465
1982,80465
1983,80465
1984,80465
1985,80465
1986,80465
1987,80465
1988,80465
1989,80465
1990,80465
1991,80465
1992,80465
1993,80465
1994,80465
1995,80465
1996,80465
1997,80465
1998,80465
1999,80465
2000,80465
2001,80465
2002,80465
2003,80465
2004,80465
2005,80465
2006,80465
2007,80465
2008,80465
2009,80465
2010,80465
2011,80465
2012,80465
2013,80465
2014,80465
2015,80465
2016,80465
2017,80465
2018,80465
2019,80465
2020,80465
2021,80465
2022,80465
2023,80465
2024,80465
2025,80465
2026,80465
2027,80465
2028,80465
2029,80465
2030,80465
2031,80465
2032,80465
2033,80465
2034,80465
2035,80465
2036,80465
2037,80465
2038,80465
2039,80465
2040,80465
2041,80465
2042,80465
2043,80465
2044,80465
2045,80465
2046,80465
2047,80465
2048,80465
2049,80465
2050,80465
2051,80465
2052,80465
2053,80465
2054,80465
2055,80465
2056,80465
2057,80465
2058,80465
2059,80465
2060,80465
2061,80465
2062,80465
2063,80465
2064,80465
2065,80465
2066,80465
2067,80465
2068,80465
2069,80465
2070,80465
2071,80465
2072,80465
2073,80465
2074,80465
2075,80465
2076,80465
2077,80465
2078,80465
2079,80465
2080,80465
2081,80465
2082,80465
2083,80465
2084,80465
2085,80465
2086,80465
2087,80465
2088,80465
2089,80465
2090,80465
2091,80465
2092,80465
2093,80465
2094,80465
2095,80465
2096,80465
2097,80465
2098,80465
2099,80465
2100,80465
2101,80465
2102,80465
2103,80465
2104,80465
2105,80465
2106,80465
2107,80465
2108,80465
2109,80465
2110,80465
2111,80465
2112,80465
2113,80465
2114,80465
2115,80465
2116,80465
2117,80465
2118,80465
2119,80465
2120,80465
2121,80465
2122,80465
2123,80465
2124,80465
2125,80465
2126,80465
2127,80465
2128,80465
2129,80465
2130,80465
2131,80465
2132,80465
2133,80465
2134,80465
2135,80465
2136,80465
2137,80465
2138,80465
2139,80465
2140,80465
2141,80465
2142,80465
2143,80465
2144,80465
2145,80465
2146,80465
2147,80465
2148,80465
2149,80465
2150,80465
2151,80465
2152,80465
2153,80465
2154,80465
2155,80465
2156,80465
2157,80465
2158,80465
2159,80465
2160,80465
2161,80465
2162,80465
2163,80465
2164,80465
2165,80465
2166,80465
2167,80465
2168,80465
2169,80465
2170,80465
2171,80465
2172,80465
2173,80465
2174,80465
2175,80465
2176,80465
2177,80465
2178,80465
2179,80465
2180,80465
2181,80465
2182,80465
2183,80465
2184,80465
2185,80465
2186,80465
2187,80465
2188,80465
2189,80465
2190,80465
2191,80465
2192,80465
2193,80465
2194,80465
2195,80465
2196,80465
2197,80465
2198,80465
2199,80465
2200,80465
2201,80465
2202,80465
2203,80465
2204,80465
2205,80465
2206,80465
2207,80465
2208,80465
2209,80465
2210,80465
2211,80465
2212,80465
2213,80465
2214,80465
2215,80465
2216,80465
2217,80465
2218,80465
2219,80465
2220,80465
2221,80465
2222,80465
2223,80465
2224,80465
2225,80465
2226,80465
2227,80465
2228,80465
2229,80465
2230,80465
2231,80465
2232,80465
2233,80465
2234,80465
2235,80465
2236,80465
2237,80465
2238,80465
2239,80465
2240,80465
2241,80465
2242,80465
2243,80465
2244,80465
2245,80465
2246,80465
2247,80465
2248,80465
2249,80465
2250,80465
2251,80465
2252,80465
2253,80465
2254,80465
2255,80465
2256,80465
2257,80465
2258,80465
2259,80465
2260,80465
2261,80465
2262,80465
2263,80465
2264,80465
2265,80465
2266,80465
2267,80465
2268,80465
2269,80465
2270,80465
2271,80465
2272,80465
2273,80465
2274,80465
2275,80465
2276,80465
2277,80465
2278,80465
2279,80465
2280,80465
2281,80465
2282,80465
2283,80465
2284,80465
2285,80465
2286,80465
2287,80465
2288,80465
2289,80465
2290,80465
2291,80465
2292,80465
2293,80465
2294,80465
2295,80465
2296,80465
2297,80465
2298,80465
2299,80465
2300,80465
2301,80465
2302,80465
2303,80465
2304,80465
2305,80465
2306,80465
2307,80465
2308,80465
2309,80465
2310,80465
2311,80465
2312,80465
2313,80465
2314,80465
2315,80465
2316,80465
2317,80465
2318,80465
2319,80465
2320,80465
2321,80465
2322,80465
2323,80465
2324,80465
2325,80465
2326,80465
2327,80465
2328,80465
2329,80465
2330,80465
2331,80465
2332,80465
2333,80465
2334,80465
2335,80465
2336,80465
2337,80465
2338,80465
2339,80465
2340,80465
2341,80465
2342,80465
2343,80465
2344,80465
2345,80465
2346,80465
2347,80465
2348,80465
2349,80465
2350,80465
2351,80465
2352,80465
2353,80465
2354,80465
2355,80465
2356,80465
2357,80465
2358,80465
2359,80465
2360,80465
2361,80465
2362,80465
2363,80465
2364,80465
2365,80465
2366,80465
2367,80465
2368,80465
2369,80465
2370,80465
2371,80465
2372,80465
2373,80465
2374,80465
2375,80465
2376,80465
2377,80465
2378,80465
2379,80465
2380,80465
2381,80465
2382,80465
2383,80465
2384,80465
2385,80465
2386,80465
2387,80465
2388,80465
2389,80465
2390,80465
2391,80465
2392,80465
2393,80465
2394,80465
2395,80465
2396,80465
2397,80465
2398,80465
2399,80465
2400,80465
2401,80465
2402,80465
2403,80465
2404,80465
2405,80465
2406,80465
2407,80465
2408,80465
2409,80465
2410,80465
2411,80465
2412,80465
2413,80465
2414,80465
2415,80465
2416,80465
2417,80465
2418,80465
2419,80465
2420,80465
2421,80465
2422,80465
2423,80465
2424,80465
2425,80465
2426,80465
2427,80465
2428,80465
2429,80465
2430,80465
2431,80465
2432,80465
2433,80465
2434,80465
2435,80465
2436,80465
2437,80465
2438,80465
2439,80465
2440,80465
2441,80465
2442,80465
2443,80465
2444,80465
2445,80465
2446,80465
2447,80465
2448,80465
2449,80465
2450,80465
2451,80465
2452,80465
2453,80465
2454,80465
2455,80465
2456,80465
2457,80465
2458,80465
2459,80465
2460,80465
2461,80465
2462,80465
2463,80465
2464,80465
2465,80465
2466,80465
2467,80465
2468,80465
2469,80465
2470,80465
2471,80465
2472,80465
2473,80465
2474,80465
2475,80465
2476,80465
2477,80465
2478,80465
2479,80465
2480,80465
2481,80465
2482,80465
2483,80465
2484,80465
2485,80465
2486,80465
2487,80465
2488,80465
2489,80465
2490,80465
2491,80465
2492,80465
2493,80465
2494,80465
2495,80465
2496,80465
2497,80465
2498,80465
2499,80465
2500,80465
2501,80465
2502,80465
2503,80465
2504,80465
2505,80465
2506,80465
2507,80465
2508,80465
2509,80465
2510,80465
2511,80465
2512,80465
2513,80465
2514,80465
2515,80465
2516,80465
2517,80465
2518,80465
2519,80465
2520,80465
2521,80465
2522,80465
2523,80465
2524,80465
2525,80465
2526,80465
2527,80465
2528,80465
2529,80465
2530,80465
2531,80465
2532,80465
2533,80465
2534,80465
2535,80465
2536,80465
2537,80465
2538,80465
2539,80465
2540,80465
2541,80465
2542,80465
2543,80465
2544,80465
2545,80465
2546,80465
2547,80465
2548,80465
2549,80465
2550,80465
2551,80465
2552,80465
2553,80465
2554,80465
2555,80465
2556,80465
2557,80465
2558,80465
2559,80465
2560,80465
2561,80465
2562,80465
2563,80465
2564,80465
2565,80465
2566,80465
2567,80465
2568,80465
2569,80465
2570,80465
2571,80465
2572,80465
2573,80465
2574,80465
2575,80465
2576,80465
2577,80465
2578,80465
2579,80465
2580,80465
2581,80465
2582,80465
2583,80465
2584,80465
2585,80465
2586,80465
2587,80465
2588,80465
2589,80465
2590,80465
2591,80465
2592,80465
2593,80465
2594,80465
2595,80465
2596,80465
2597,80465
2598,80465
2599,80465
2600,80465
2601,80465
2602,80465
2603,80465
2604,80465
2605,80465
2606,80465
2607,80465
2608,80465
2609,80465
2610,80465
2611,80465
2612,80465
2613,80465
2614,80465
2615,80465
2616,80465
2617,80465
2618,80465
2619,80465
2620,80465
2621,80465
2622,80465
2623,80465
2624,80465
2625,80465
2626,80465
2627,80465
2628,80465
2629,80465
2630,80465
2631,80465
2632,80465
2633,80465
2634,80465
2635,80465
2636,80465
2637,80465
2638,80465
2639,80465
2640,80465
2641,80465
2642,80465
2643,80465
2644,80465
2645,80465
2646,80465
2647,80465
2648,80465
2649,80465
2650,80465
2651,80465
2652,80465
2653,80465
2654,80465
2655,80465
2656,80465
2657,80465
2658,80465
2659,80465
2660,80465
2661,80465
2662,80465
2663,80465
2664,80465
2665,80465
2666,80465
2667,80465
2668,80465
2669,80465
2670,80465
2671,80465
2672,80465
2673,80465
2674,80465
2675,80465
2676,80465
2677,80465
2678,80465
2679,80465
2680,80465
2681,80465
2682,80465
2683,80465
2684,80465
2685,80465
2686,80465
2687,80465
2688,80465
2689,80465
2690,80465
2691,80465
2692,80465
2693,80465
2694,80465
2695,80465
2696,80465
2697,80465
2698,80465
2699,80465
2700,80465
2701,80465
2702,80465
2703,80465
2704,80465
2705,80465
2706,80465
2707,80465
2708,80465
2709,80465
2710,80465
2711,80465
2712,80465
2713,80465
2714,80465
2715,80465
2716,80465
2717,80465
2718,80465
2719,80465
2720,80465
2721,80465
2722,80465
2723,80465
2724,80465
2725,80465
2726,80465
2727,80465
2728,80465
2729,80465
2730,80465
2731,80465
2732,80465
2733,80465
2734,80465
2735,80465
2736,80465
2737,80465
2738,80465
2739,80465
2740,80465
2741,80465
2742,80465
2743,80465
2744,80465
2745,80465
2746,80465
2747,80465
2748,80465
2749,80465
2750,80465
2751,80465
2752,80465
2753,80465
2754,80465
2755,80465
2756,80465
2757,80465
2758,80465
2759,80465
2760,80465
2761,80465
2762,80465
2763,80465
2764,80465
2765,80465
2766,80465
2767,80465
2768,80465
2769,80465
2770,80465
2771,80465
2772,80465
2773,80465
2774,80465
2775,80465
2776,80465
2777,80465
2778,80465
2779,80465
2780,80465
2781,80465
2782,80465
2783,80465
2784,80465
2785,80465
2786,80465
2787,80465
2788,80465
2789,80465
2790,80465
2791,80465
2792,80465
2793,80465
2794,80465
2795,80465
2796,80465
2797,80465
2798,80465
2799,80465
2800,80465
2801,80465
2802,80465
2803,80465
2804,80465
2805,80465
2806,80465
2807,80465
2808,80465
2809,80465
2810,80465
2811,80465
2812,80465
2813,80465
2814,80465
2815,80465
2816,80465
2817,80465
2818,80465
2819,80465
2820,80465
2821,80465
2822,80465
2823,80465
2824,80465
2825,80465
2826,80465
2827,80465
2828,80465
2829,80465
2830,80465
2831,80465
2832,80465
2833,80465
2834,80465
2835,80465
2836,80465
2837,80465
2838,80465
2839,80465
2840,80465
2841,80465
2842,80465
2843,80465
2844,80465
2845,80465
2846,80465
2847,80465
2848,80465
2849,80465
2850,80465
2851,80465
2852,80465
2853,80465
2854,80465
2855,80465
2856,80465
2857,80465
2858,80465
2859,80465
2860,80465
2861,80465
2862,80465
2863,80465
2864,80465
2865,80465
2866,80465
2867,80465
2868,80465
2869,80465
2870,80465
2871,80465
2872,80465
2873,80465
2874,80465
2875,80465
2876,80465
2877,80465
2878,80465
2879,80465
2880,80465
2881,80465
2882,80465
2883,80465
2884,80465
2885,80465
2886,80465
2887,80465
2888,80465
2889,80465
2890,80465
2891,80465
2892,80465
2893,80465
2894,80465
2895,80465
2896,80465
2897,80465
2898,80465
2899,80465
2900,80465
2901,80465
2902,80465
2903,80465
2904,80465
2905,80465
2906,80465
2907,80465
2908,80465
2909,80465
2910,80465
2911,80465
2912,80465
2913,80465
2914,80465
2915,80465
2916,80465
2917,80465
2918,80465
2919,80465
2920,80465
2921,80465
2922,80465
2923,80465
2924,80465
2925,80465
2926,80465
2927,80465
2928,80465
2929,80465
2930,80465
2931,80465
2932,80465
2933,80465
2934,80465
2935,80465
2936,80465
2937,80465
2938,80465
2939,80465
2940,80465
2941,80465
2942,80465
2943,80465
2944,80465
2945,80465
2946,80465
2947,80465
2948,80465
2949,80465
2950,80465
2951,80465
2952,80465
2953,80465
2954,80465
2955,80465
2956,80465
2957,80465
2958,80465
2959,80465
2960,80465
2961,80465
2962,80465
2963,80465
2964,80465
2965,80465
2966,80465
2967,80465
2968,80465
2969,80465
2970,80465
2971,80465
2972,80465
2973,80465
2974,80465
2975,80465
2976,80465
2977,80465
2978,80465
2979,80465
2980,80465
2981,80465
2982,80465
2983,80465
2984,80465
2985,80465
2986,80465
2987,80465
2988,80465
2989,80465
2990,80465
2991,80465
2992,80465
2993,80465
2994,80465
2995,80465
2996,80465
2997,80465
2998,80465
2999,80465
3000,80465
3001,80465
3002,80465
3003,80465
3004,80465
3005,80465
3006,80465
3007,80465
3008,80465
3009,80465
3010,80465
3011,80465
3012,80465
3013,80465
3014,80465
3015,80465
3016,80465
3017,80465
3018,80465
3019,80465
3020,80465
3021,80465
3022,80465
3023,80465
3024,80465
3025,80465
3026,80465
3027,80465
3028,80465
3029,80465
3030,80465
3031,80465
3032,80465
3033,80465
3034,80465
3035,80465
3036,80465
3037,80465
3038,80465
3039,80465
3040,80465
3041,80465
3042,80465
3043,80465
3044,80465
3045,80465
3046,80465
3047,80465
3048,80465
3049,80465
3050,80465
3051,80465
3052,80465
3053,80465
3054,80465
3055,80465
3056,80465
3057,80465
3058,80465
3059,80465
3060,80465
3061,80465
3062,80465
3063,80465
3064,80465
3065,80465
3066,80465
3067,80465
3068,80465
3069,80465
3070,80465
3071,80465
3072,80465
3073,80465
3074,80465
3075,80465
3076,80465
3077,80465
3078,80465
3079,80465
3080,80465
3081,80465
3082,80465
3083,80465
3084,80465
3085,80465
3086,80465
3087,80465
3088,80465
3089,80465
3090,80465
3091,80465
3092,80465
3093,80465
3094,80465
3095,80465
3096,80465
3097,80465
3098,80465
3099,80465
3100,80465
3101,80465
3102,80465
3103,80465
3104,80465
3105,80465
3106,80465
3107,80465
3108,80465
3109,80465
3110,80465
3111,80465
3112,80465
3113,80465
3114,80465
3115,80465
3116,80465
3117,80465
3118,80465
3119,80465
3120,80465
3121,80465
3122,80465
3123,80465
3124,80465
3125,80465
3126,80465
3127,80465
3128,80465
3129,80465
3130,80465
3131,80465
3132,80465
3133,80465
3134,80465
3135,80465
3136,80465
3137,80465
3138,80465
3139,80465
3140,80465
3141,80465
3142,80465
3143,80465
3144,80465
3145,80465
3146,80465
3147,80465
3148,80465
3149,80465
3150,80465
3151,80465
3152,80465
3153,80465
3154,80465
3155,80465
3156,80465
3157,80465
3158,80465
3159,80465
3160,80465
3161,80465
3162,80465
3163,80465
3164,80465
3165,80465
3166,80465
3167,80465
3168,80465
3169,80465
3170,80465
3171,80465
3172,80465
3173,80465
3174,80465
3175,80465
3176,80465
3177,80465
3178,80465
3179,80465
3180,80465
3181,80465
3182,80465
3183,80465
3184,80465
3185,80465
3186,80465
3187,80465
3188,80465
3189,80465
3190,80465
3191,80465
3192,80465
3193,80465
3194,80465
3195,80465
3196,80465
3197,80465
3198,80465
3199,80465
3200,80465
3201,80465
3202,80465
3203,80465
3204,80465
3205,80465
3206,80465
3207,80465
3208,80465
3209,80465
3210,80465
3211,80465
3212,80465
3213,80465
3214,80465
3215,80465
3216,80465
3217,80465
3218,80465
3219,80465
3220,80465
3221,80465
3222,80465
3223,80465
3224,80465
3225,80465
3226,80465
3227,80465
3228,80465
3229,80465
3230,80465
3231,80465
3232,80465
3233,80465
3234,80465
3235,80465
3236,80465
3237,80465
3238,80465
3239,80465
3240,80465
3241,80465
3242,80465
3243,80465
3244,80465
3245,80465
3246,80465
3247,80465
3248,80465
3249,80465
3250,80465
3251,80465
3252,80465
3253,80465
3254,80465
3255,80465
3256,80465
3257,80465
3258,80465
3259,80465
3260,80465
3261,80465
3262,80465
3263,80465
3264,80465
3265,80465
3266,80465
3267,80465
3268,80465
3269,80465
3270,80465
3271,80465
3272,80465
3273,80465
3274,80465
3275,80465
3276,80465
3277,80465
3278,80465
3279,80465
3280,80465
3281,80465
3282,80465
3283,80465
3284,80465
3285,80465
3286,80465
3287,80465
3288,80465
3289,80465
3290,80465
3291,80465
3292,80465
3293,80465
3294,80465
3295,80465
3296,80465
3297,80465
3298,80465
3299,80465
3300,80465
3301,80465
3302,80465
3303,80465
3304,80465
3305,80465
3306,80465
3307,80465
3308,80465
3309,80465
3310,80465
3311,80465
3312,80465
3313,80465
3314,80465
3315,80465
3316,80465
3317,80465
3318,80465
3319,80465
3320,80465
3321,80465
3322,80465
3323,80465
3324,80465
3325,80465
3326,80465
3327,80465
3328,80465
3329,80465
3330,80465
3331,80465
3332,80465
3333,80465
3334,80465
3335,80465
3336,80465
3337,80465
3338,80465
3339,80465
3340,80465
3341,80465
3342,80465
3343,80465
3344,80465
3345,80465
3346,80465
3347,80465
3348,80465
3349,80465
3350,80465
3351,80465
3352,80465
3353,80465
3354,80465
3355,80465
3356,80465
3357,80465
3358,80465
3359,80465
3360,80465
3361,80465
3362,80465
3363,80465
3364,80465
3365,80465
3366,80465
3367,80465
3368,80465
3369,80465
3370,80465
3371,80465
3372,80465
3373,80465
3374,80465
3375,80465
3376,80465
3377,80465
3378,80465
3379,80465
3380,80465
3381,80465
3382,80465
3383,80465
3384,80465
3385,80465
3386,80465
3387,80465
3388,80465
3389,80465
3390,80465
3391,80465
3392,80465
3393,80465
3394,80465
3395,80465
3396,80465
3397,80465
3398,80465
3399,80465
3400,80465
3401,80465
3402,80465
3403,80465
3404,80465
3405,80465
3406,80465
3407,80465
3408,80465
3409,80465
3410,80465
3411,80465
3412,80465
3413,80465
3414,80465
3415,80465
3416,80465
3417,80465
3418,80465
3419,80465
3420,80465
3421,80465
3422,80465
3423,80465
3424,80465
3425,80465
3426,80465
3427,80465
3428,80465
3429,80465
3430,80465
3431,80465
3432,80465
3433,80465
3434,80465
3435,80465
3436,80465
3437,80465
3438,80465
3439,80465
3440,80465
3441,80465
3442,80465
3443,80465
3444,80465
3445,80465
3446,80465
3447,80465
3448,80465
3449,80465
3450,80465
3451,80465
3452,80465
3453,80465
3454,80465
3455,80465
3456,80465
3457,80465
3458,80465
3459,80465
3460,80465
3461,80465
3462,80465
3463,80465
3464,80465
3465,80465
3466,80465
3467,80465
3468,80465
3469,80465
3470,80465
3471,80465
3472,80465
3473,80465
3474,80465
3475,80465
3476,80465
3477,80465
3478,80465
3479,80465
3480,80465
3481,80465
3482,80465
3483,80465
3484,80465
3485,80465
3486,80465
3487,80465
3488,80465
3489,80465
3490,80465
3491,80465
3492,80465
3493,80465
3494,80465
3495,80465
3496,80465
3497,80465
3498,80465
3499,80465
3500,80465
3501,80465
3502,80465
3503,80465
3504,80465
3505,80465
3506,80465
3507,80465
3508,80465
3509,80465
3510,80465
3511,80465
3512,80465
3513,80465
3514,80465
3515,80465
3516,80465
3517,80465
3518,80465
3519,80465
3520,80465
3521,80465
3522,80465
3523,80465
3524,80465
3525,80465
3526,80465
3527,80465
3528,80465
3529,80465
3530,80465
3531,80465
3532,80465
3533,80465
3534,80465
3535,80465
3536,80465
3537,80465
3538,80465
3539,80465
3540,80465
3541,80465
3542,80465
3543,80465
3544,80465
3545,80465
3546,80465
3547,80465
3548,80465
3549,80465
3550,80465
3551,80465
3552,80465
3553,80465
3554,80465
3555,80465
3556,80465
3557,80465
3558,80465
3559,80465
3560,80465
3561,80465
3562,80465
3563,80465
3564,80465
3565,80465
3566,80465
3567,80465
3568,80465
3569,80465
3570,80465
3571,80465
3572,80465
3573,80465
3574,80465
3575,80465
3576,80465
3577,80465
3578,80465
3579,80465
3580,80465
3581,80465
3582,80465
3583,80465
3584,80465
3585,80465
3586,80465
3587,80465
3588,80465
3589,80465
3590,80465
3591,80465
3592,80465
3593,80465
3594,80465
3595,80465
3596,80465
3597,80465
3598,80465
3599,80465
3600,80465
3601,80465
3602,80465
3603,80465
3604,80465
3605,80465
3606,80465
3607,80465
3608,80465
3609,80465
3610,80465
3611,80465
3612,80465
3613,80465
3614,80465
3615,80465
3616,80465
3617,80465
3618,80465
3619,80465
3620,80465
3621,80465
3622,80465
3623,80465
3624,80465
3625,80465
3626,80465
3627,80465
3628,80465
3629,80465
3630,80465
3631,80465
3632,80465
3633,80465
3634,80465
3635,80465
3636,80465
3637,80465
3638,80465
3639,80465
3640,80465
3641,80465
3642,80465
3643,80465
3644,80465
3645,80465
3646,80465
3647,80465
3648,80465
3649,80465
3650,80465
3651,80465
3652,80465
3653,80465
3654,80465
3655,80465
3656,80465
3657,80465
3658,80465
3659,80465
3660,80465
3661,80465
3662,80465
3663,80465
3664,80465
3665,80465
3666,80465
3667,80465
3668,80465
3669,80465
3670,80465
3671,80465
3672,80465
3673,80465
3674,80465
3675,80465
3676,80465
3677,80465
3678,80465
3679,80465
3680,80465
3681,80465
3682,80465
3683,80465
3684,80465
3685,80465
3686,80465
3687,80465
3688,80465
3689,80465
3690,80465
3691,80465
3692,80465
3693,80465
3694,80465
3695,80465
3696,80465
3697,80465
3698,80465
3699,80465
3700,80465
3701,80465
3702,80465
3703,80465
3704,80465
3705,80465
3706,80465
3707,80465
3708,80465
3709,80465
3710,80465
3711,80465
3712,80465
3713,80465
3714,80465
3715,80465
3716,80465
3717,80465
3718,80465
3719,80465
3720,80465
3721,80465
3722,80465
3723,80465
3724,80465
3725,80465
3726,80465
3727,80465
3728,80465
3729,80465
3730,80465
3731,80465
3732,80465
3733,80465
3734,80465
3735,80465
3736,80465
3737,80465
3738,80465
3739,80465
3740,80465
3741,80465
3742,80465
3743,80465
3744,80465
3745,80465
3746,80465
3747,80465
3748,80465
3749,80465
3750,80465
3751,80465
3752,80465
3753,80465
3754,80465
3755,80465
3756,80465
3757,80465
3758,80465
3759,80465
3760,80465
3761,80465
3762,80465
3763,80465
3764,80465
3765,80465
3766,80465
3767,80465
3768,80465
3769,80465
3770,80465
3771,80465
3772,80465
3773,80465
3774,80465
3775,80465
3776,80465
3777,80465
3778,80465
3779,80465
3780,80465
3781,80465
3782,80465
3783,80465
3784,80465
3785,80465
3786,80465
3787,80465
3788,80465
3789,80465
3790,80465
3791,80465
3792,80465
3793,80465
3794,80465
3795,80465
3796,80465
3797,80465
3798,80465
3799,80465
3800,80465
3801,80465
3802,80465
3803,80465
3804,80465
3805,80465
3806,80465
3807,80465
3808,80465
3809,80465
3810,80465
3811,80465
3812,80465
3813,80465
3814,80465
3815,80465
3816,80465
3817,80465
3818,80465
3819,80465
3820,80465
3821,80465
3822,80465
3823,80465
3824,80465
3825,80465
3826,80465
3827,80465
3828,80465
3829,80465
3830,80465
3831,80465
3832,80465
3833,80465
3834,80465
3835,80465
3836,80465
3837,80465
3838,80465
3839,80465
3840,80465
3841,80465
3842,80465
3843,80465
3844,80465
3845,80465
3846,80465
3847,80465
3848,80465
3849,80465
3850,80465
3851,80465
3852,80465
3853,80465
3854,80465
3855,80465
3856,80465
3857,80465
3858,80465
3859,80465
3860,80465
3861,80465
3862,80465
3863,80465
3864,80465
3865,80465
3866,80465
3867,80465
3868,80465
3869,80465
3870,80465
3871,80465
3872,80465
3873,80465
3874,80465
3875,80465
3876,80465
3877,80465
3878,80465
3879,80465
3880,80465
3881,80465
3882,80465
3883,80465
3884,80465
3885,80465
3886,80465
3887,80465
3888,80465
3889,80465
3890,80465
3891,80465
3892,80465
3893,80465
3894,80465
3895,80465
3896,80465
3897,80465
3898,80465
3899,80465
3900,80465
3901,80465
3902,80465
3903,80465
3904,80465
3905,80465
3906,80465
3907,80465
3908,80465
3909,80465
3910,80465
3911,80465
3912,80465
3913,80465
3914,80465
3915,80465
3916,80465
3917,80465
3918,80465
3919,80465
3920,80465
3921,80465
3922,80465
3923,80465
3924,80465
3925,80465
3926,80465
3927,80465
3928,80465
3929,80465
3930,80465
3931,80465
3932,80465
3933,80465
3934,80465
3935,80465
3936,80465
3937,80465
3938,80465
3939,80465
3940,80465
3941,80465
3942,80465
3943,80465
3944,80465
3945,80465
3946,80465
3947,80465
3948,80465
3949,80465
3950,80465
3951,80465
3952,80465
3953,80465
3954,80465
3955,80465
3956,80465
3957,80465
3958,80465
3959,80465
3960,80465
3961,80465
3962,80465
3963,80465
3964,80465
3965,80465
3966,80465
3967,80465
3968,80465
3969,80465
3970,80465
3971,80465
3972,80465
3973,80465
3974,80465
3975,80465
3976,80465
3977,80465
3978,80465
3979,80465
3980,80465
3981,80465
3982,86170
3983,86170
3984,86170
3985,86170
3986,86170
3987,86170
3988,86170
3989,86170
3990,86170
3991,86170
3992,86170
3993,86170
3994,86170
3995,86170
3996,86170
3997,86170
3998,86170
3999,86170
4000,86170
4001,86170
4002,86170
4003,86170
4004,86170
4005,86170
4006,86170
4007,86170
4008,86170
4009,86170
4010,86170
4011,86170
4012,86170
4013,86170
4014,86170
4015,86170
4016,86170
4017,86170
4018,86170
4019,86170
4020,86170
4021,86170
4022,86170
4023,86170
4024,86170
4025,86170
4026,86170
4027,86170
4028,86170
4029,86170
4030,86170
4031,86170
4032,86170
4033,86170
4034,86170
4035,86170
4036,86170
4037,86170
4038,86170
4039,86170
4040,86170
4041,86170
4042,86170
4043,86170
4044,86170
4045,86170
4046,86170
4047,86170
4048,86170
4049,86170
4050,86170
4051,86170
4052,86170
4053,86170
4054,86170
4055,86170
4056,86170
4057,86170
4058,86170
4059,86170
4060,86170
4061,86170
4062,86170
4063,86170
4064,86170
4065,86170
4066,86170
4067,86170
4068,86170
4069,86170
4070,86170
4071,86170
4072,86170
4073,86170
4074,86170
4075,86170
4076,86170
4077,86170
4078,86170
4079,86170
4080,86170
4081,86170
4082,86170
4083,86170
4084,86170
4085,86170
4086,86170
4087,86170
4088,86170
4089,86170
4090,86170
4091,86170
4092,86170
4093,86170
4094,86170
4095,86170
4096,86170
4097,86170
4098,86170
4099,86170
4100,86170
4101,86170
4102,86170
4103,86170
4104,86170
4105,86170
4106,86170
4107,86170
4108,86170
4109,86170
4110,86170
4111,86170
4112,86170
4113,86170
4114,86170
4115,86170
4116,86170
4117,86170
4118,86170
4119,86170
4120,86170
4121,86170
4122,86170
4123,86170
4124,86170
4125,86170
4126,86170
4127,86170
4128,86170
4129,86170
4130,86170
4131,86170
4132,86170
4133,86170
4134,86170
4135,86170
4136,86170
4137,86170
4138,86170
4139,86170
4140,86170
4141,86170
4142,86170
4143,86170
4144,86170
4145,86170
4146,86170
4147,86170
4148,86170
4149,86170
4150,86170
4151,86170
4152,86170
4153,86170
4154,86170
4155,86170
4156,86170
4157,86170
4158,86170
4159,86170
4160,86170
4161,86170
4162,86170
4163,86170
4164,86170
4165,86170
4166,86170
4167,86170
4168,86170
4169,86170
4170,86170
4171,86170
4172,86170
4173,86170
4174,86170
4175,86170
4176,86170
4177,86170
4178,86170
4179,86170
4180,86170
4181,86170
4182,86170
4183,86170
4184,86170
4185,86170
4186,86170
4187,86170
4188,86170
4189,86170
4190,86170
4191,86170
4192,86170
4193,86170
4194,86170
4195,86170
4196,86170
4197,86170
4198,86170
4199,86170
4200,86170
4201,86170
4202,86170
4203,86170
4204,86170
4205,86170
4206,86170
4207,86170
4208,86170
4209,86170
4210,86170
4211,86170
4212,86170
4213,86170
4214,86170
4215,86170
4216,86170
4217,86170
4218,86170
4219,86170
4220,86170
4221,86170
4222,86170
4223,86170
4224,86170
4225,86170
4226,86170
4227,86170
4228,86170
4229,86170
4230,86170
4231,86170
4232,86170
4233,86170
4234,86170
4235,86170
4236,86170
4237,86170
4238,86170
4239,86170
4240,86170
4241,86170
4242,86170
4243,86170
4244,86170
4245,86170
4246,86170
4247,86170
4248,86170
4249,86170
4250,86170
4251,86170
4252,86170
4253,86170
4254,86170
4255,86170
4256,86170
4257,86170
4258,86170
4259,86170
4260,86170
4261,86170
4262,86170
4263,86170
4264,86170
4265,86170
4266,86170
4267,86170
4268,86170
4269,86170
4270,86170
4271,86170
4272,86170
4273,86170
4274,86170
4275,86170
4276,86170
4277,86170
4278,86170
4279,86170
4280,86170
4281,86170
4282,86170
4283,86170
4284,86170
4285,86170
4286,86170
4287,86170
4288,86170
4289,86170
4290,86170
4291,86170
4292,86170
4293,86170
4294,86170
4295,86170
4296,86170
4297,86170
4298,86170
4299,86170
4300,86170
4301,86170
4302,86170
4303,86170
4304,86170
4305,86170
4306,86170
4307,86170
4308,86170
4309,86170
4310,86170
4311,86170
4312,86170
4313,86170
4314,86170
4315,86170
4316,86170
4317,86170
4318,86170
4319,86170
4320,86170
4321,86170
4322,86170
4323,86170
4324,86170
4325,86170
4326,86170
4327,86170
4328,86170
4329,86170
4330,86170
4331,86170
4332,86170
4333,86170
4334,86170
4335,86170
4336,86170
4337,86170
4338,86170
4339,86170
4340,86170
4341,86170
4342,86170
4343,86170
4344,86170
4345,86170
4346,86170
4347,86170
4348,86170
4349,86170
4350,86170
4351,86170
4352,86170
4353,86170
4354,86170
4355,86170
4356,86170
4357,86170
4358,86170
4359,86170
4360,86170
4361,86170
4362,86170
4363,86170
4364,86170
4365,86170
4366,86170
4367,86170
4368,86170
4369,86170
4370,86170
4371,86170
4372,86170
4373,86170
4374,86170
4375,86170
4376,86170
4377,86170
4378,86170
4379,86170
4380,86170
4381,86170
4382,86170
4383,86170
4384,86170
4385,86170
4386,86170
4387,86170
4388,86170
4389,86170
4390,86170
4391,86170
4392,86170
4393,86170
4394,86170
4395,86170
4396,86170
4397,86170
4398,86170
4399,86170
4400,86170
4401,86170
4402,86170
4403,86170
4404,86170
4405,86170
4406,86170
4407,86170
4408,86170
4409,86170
4410,86170
4411,86170
4412,86170
4413,86170
4414,86170
4415,86170
4416,86170
4417,86170
4418,86170
4419,86170
4420,86170
4421,86170
4422,86170
4423,86170
4424,86170
4425,86170
4426,86170
4427,86170
4428,86170
4429,86170
4430,86170
4431,86170
4432,86170
4433,86170
4434,86170
4435,86170
4436,86170
4437,86170
4438,86170
4439,86170
4440,86170
4441,86170
4442,86170
4443,86170
4444,86170
4445,86170
4446,86170
4447,86170
4448,86170
4449,86170
4450,86170
4451,86170
4452,86170
4453,86170
4454,86170
4455,86170
4456,86170
4457,86170
4458,86170
4459,86170
4460,86170
4461,86170
4462,86170
4463,86170
4464,86170
4465,86170
4466,86170
4467,86170
4468,86170
4469,86170
4470,86170
4471,86170
4472,86170
4473,86170
4474,86170
4475,86170
4476,86170
4477,86170
4478,86170
4479,86170
4480,86170
4481,86170
4482,86170
4483,86170
4484,86170
4485,86170
4486,86170
4487,86170
4488,86170
4489,86170
4490,86170
4491,86170
4492,86170
4493,86170
4494,86170
4495,86170
4496,86170
4497,86170
4498,86170
4499,86170
4500,86170
4501,86170
4502,86170
4503,86170
4504,86170
4505,86170
4506,86170
4507,86170
4508,86170
4509,86170
4510,86170
4511,86170
4512,86170
4513,86170
4514,86170
4515,86170
4516,86170
4517,86170
4518,86170
4519,86170
4520,86170
4521,86170
4522,86170
4523,86170
4524,86170
4525,86170
4526,86170
4527,86170
4528,86170
4529,86170
4530,86170
4531,86170
4532,86170
4533,86170
4534,86170
4535,86170
4536,86170
4537,86170
4538,86170
4539,86170
4540,86170
4541,86170
4542,86170
4543,86170
4544,86170
4545,86170
4546,86170
4547,86170
4548,86170
4549,86170
4550,86170
4551,86170
4552,86170
4553,86170
4554,86170
4555,86170
4556,86170
4557,86170
4558,86170
4559,86170
4560,86170
4561,86170
4562,86170
4563,86170
4564,86170
4565,86170
4566,86170
4567,86170
4568,86170
4569,86170
4570,86170
4571,86170
4572,86170
4573,86170
4574,86170
4575,86170
4576,86170
4577,86170
4578,86170
4579,86170
4580,86170
4581,86170
4582,86170
4583,86170
4584,86170
4585,86170
4586,86170
4587,86170
4588,86170
4589,86170
4590,86170
4591,86170
4592,86170
4593,86170
4594,86170
4595,86170
4596,86170
4597,86170
4598,86170
4599,86170
4600,86170
4601,86170
4602,86170
4603,86170
4604,86170
4605,86170
4606,86170
4607,86170
4608,86170
4609,86170
4610,86170
4611,86170
4612,86170
4613,86170
4614,86170
4615,86170
4616,86170
4617,86170
4618,86170
4619,86170
4620,86170
4621,86170
4622,86170
4623,86170
4624,86170
4625,86170
4626,86170
4627,86170
4628,86170
4629,86170
4630,86170
4631,86170
4632,86170
4633,86170
4634,86170
4635,86170
4636,86170
4637,86170
4638,86170
4639,86170
4640,86170
4641,86170
4642,86170
4643,86170
4644,86170
4645,86170
4646,86170
4647,86170
4648,86170
4649,86170
4650,86170
4651,86170
4652,86170
4653,86170
4654,86170
4655,86170
4656,86170
4657,86170
4658,86170
4659,86170
4660,86170
4661,86170
4662,86170
4663,86170
4664,86170
4665,86170
4666,86170
4667,86170
4668,86170
4669,86170
4670,86170
4671,86170
4672,86170
4673,86170
4674,86170
4675,86170
4676,86170
4677,86170
4678,86170
4679,86170
4680,86170
4681,86170
4682,86170
4683,86170
4684,86170
4685,86170
4686,86170
4687,86170
4688,86170
4689,86170
4690,86170
4691,86170
4692,86170
4693,86170
4694,86170
4695,86170
4696,86170
4697,86170
4698,86170
4699,86170
4700,86170
4701,86170
4702,86170
4703,86170
4704,86170
4705,86170
4706,86170
4707,86170
4708,86170
4709,86170
4710,86170
4711,86170
4712,86170
4713,86170
4714,86170
4715,86170
4716,86170
4717,86170
4718,86170
4719,86170
4720,86170
4721,86170
4722,86170
4723,86170
4724,86170
4725,86170
4726,86170
4727,86170
4728,86170
4729,86170
4730,86170
4731,86170
4732,86170
4733,86170
4734,86170
4735,86170
4736,86170
4737,86170
4738,86170
4739,86170
4740,86170
4741,86170
4742,86170
4743,86170
4744,86170
4745,86170
4746,86170
4747,86170
4748,86170
4749,86170
4750,86170
4751,86170
4752,86170
4753,86170
4754,86170
4755,86170
4756,86170
4757,86170
4758,86170
4759,86170
4760,86170
4761,86170
4762,86170
4763,86170
4764,86170
4765,86170
4766,86170
4767,86170
4768,86170
4769,86170
4770,86170
4771,86170
4772,86170
4773,86170
4774,86170
4775,86170
4776,86170
4777,86170
4778,86170
4779,86170
4780,86170
4781,86170
4782,86170
4783,86170
4784,86170
4785,86170
4786,86170
4787,86170
4788,86170
4789,86170
4790,86170
4791,86170
4792,86170
4793,86170
4794,86170
4795,86170
4796,86170
4797,86170
4798,86170
4799,86170
4800,86170
4801,86170
4802,86170
4803,86170
4804,86170
4805,86170
4806,86170
4807,86170
4808,86170
4809,86170
4810,86170
4811,86170
4812,86170
4813,86170
4814,86170
4815,86170
4816,86170
4817,86170
4818,86170
4819,86170
4820,86170
4821,86170
4822,86170
4823,86170
4824,86170
4825,86170
4826,86170
4827,86170
4828,86170
4829,86170
4830,86170
4831,86170
4832,86170
4833,86170
4834,86170
4835,86170
4836,86170
4837,86170
4838,86170
4839,86170
4840,86170
4841,86170
4842,86170
4843,86170
4844,86170
4845,86170
4846,86170
4847,86170
4848,86170
4849,86170
4850,86170
4851,86170
4852,86170
4853,86170
4854,86170
4855,86170
4856,86170
4857,86170
4858,86170
4859,86170
4860,86170
4861,86170
4862,86170
4863,86170
4864,86170
4865,86170
4866,86170
4867,86170
4868,86170
4869,86170
4870,86170
4871,86170
4872,86170
4873,86170
4874,86170
4875,86170
4876,86170
4877,86170
4878,86170
4879,86170
4880,86170
4881,86170
4882,86170
4883,86170
4884,86170
4885,86170
4886,86170
4887,86170
4888,86170
4889,86170
4890,86170
4891,86170
4892,86170
4893,86170
4894,86170
4895,86170
4896,86170
4897,86170
4898,86170
4899,86170
4900,86170
4901,86170
4902,86170
4903,86170
4904,86170
4905,86170
4906,86170
4907,86170
4908,86170
4909,86170
4910,86170
4911,86170
4912,86170
4913,86170
4914,86170
4915,86170
4916,86170
4917,86170
4918,86170
4919,86170
4920,86170
4921,86170
4922,86170
4923,86170
4924,86170
4925,86170
4926,86170
4927,86170
4928,86170
4929,86170
4930,86170
4931,86170
4932,86170
4933,86170
4934,86170
4935,86170
4936,86170
4937,86170
4938,86170
4939,86170
4940,86170
4941,86170
4942,86170
4943,86170
4944,86170
4945,86170
4946,86170
4947,86170
4948,86170
4949,86170
4950,86170
4951,86170
4952,86170
4953,86170
4954,86170
4955,86170
4956,86170
4957,86170
4958,86170
4959,86170
4960,86170
4961,86170
4962,86170
4963,86170
4964,86170
4965,86170
4966,86170
4967,86170
4968,86170
4969,86170
4970,86170
4971,86170
4972,86170
4973,86170
4974,86170
4975,86170
4976,86170
4977,86170
4978,86170
4979,86170
4980,86170
4981,86170
4982,86170
4983,86170
4984,86170
4985,86170
4986,86170
4987,86170
4988,86170
4989,86170
4990,86170
4991,86170
4992,86170
4993,86170
4994,86170
4995,86170
4996,86170
4997,86170
4998,86170
4999,86170
5000,86170
5001,86170
5002,86170
5003,86170
5004,86170
5005,86170
5006,86170
5007,86170
5008,86170
5009,86170
5010,86170
5011,86170
5012,86170
5013,86170
5014,86170
5015,86170
5016,86170
5017,86170
5018,86170
5019,86170
5020,86170
5021,86170
5022,86170
5023,86170
5024,86170
5025,86170
5026,86170
5027,86170
5028,86170
5029,86170
5030,86170
5031,86170
5032,86170
5033,86170
5034,86170
5035,86170
5036,86170
5037,86170
5038,86170
5039,86170
5040,86170
5041,86170
5042,86170
5043,86170
5044,86170
5045,86170
5046,86170
5047,86170
5048,86170
5049,86170
5050,86170
5051,86170
5052,86170
5053,86170
5054,86170
5055,86170
5056,86170
5057,86170
5058,86170
5059,86170
5060,86170
5061,86170
5062,86170
5063,86170
5064,86170
5065,86170
5066,86170
5067,86170
5068,86170
5069,86170
5070,86170
5071,86170
5072,86170
5073,86170
5074,86170
5075,86170
5076,86170
5077,86170
5078,86170
5079,86170
5080,86170
5081,86170
5082,86170
5083,86170
5084,86170
5085,86170
5086,86170
5087,86170
5088,86170
5089,86170
5090,86170
5091,86170
5092,86170
5093,86170
5094,86170
5095,86170
5096,86170
5097,86170
5098,86170
5099,86170
5100,86170
5101,86170
5102,86170
5103,86170
5104,86170
5105,86170
5106,86170
5107,86170
5108,86170
5109,86170
5110,86170
5111,86170
5112,86170
5113,86170
5114,86170
5115,86170
5116,86170
5117,86170
5118,86170
5119,86170
5120,86170
5121,86170
5122,86170
5123,86170
5124,86170
5125,86170
5126,86170
5127,86170
5128,86170
5129,86170
5130,86170
5131,86170
5132,86170
5133,86170
5134,86170
5135,86170
5136,86170
5137,86170
5138,86170
5139,86170
5140,86170
5141,86170
5142,86170
5143,86170
5144,86170
5145,86170
5146,86170
5147,86170
5148,86170
5149,86170
5150,86170
5151,86170
5152,86170
5153,86170
5154,86170
5155,86170
5156,86170
5157,86170
5158,86170
5159,86170
5160,86170
5161,86170
5162,86170
5163,86170
5164,86170
5165,86170
5166,86170
5167,86170
5168,86170
5169,86170
5170,86170
5171,86170
5172,86170
5173,86170
5174,86170
5175,86170
5176,86170
5177,86170
5178,86170
5179,86170
5180,86170
5181,86170
5182,86170
5183,86170
5184,86170
5185,86170
5186,86170
5187,86170
5188,86170
5189,86170
5190,86170
5191,86170
5192,86170
5193,86170
5194,86170
5195,86170
5196,86170
5197,86170
5198,86170
5199,86170
5200,86170
5201,86170
5202,86170
5203,86170
5204,86170
5205,86170
5206,86170
5207,86170
5208,86170
5209,86170
5210,86170
5211,86170
5212,86170
5213,86170
5214,86170
5215,86170
5216,86170
5217,86170
5218,86170
5219,86170
5220,86170
5221,86170
5222,86170
5223,86170
5224,86170
5225,86170
5226,86170
5227,86170
5228,86170
5229,86170
5230,86170
5231,86170
5232,86170
5233,86170
5234,86170
5235,86170
5236,86170
5237,86170
5238,86170
5239,86170
5240,86170
5241,86170
5242,86170
5243,86170
5244,86170
5245,86170
5246,86170
5247,86170
5248,86170
5249,86170
5250,86170
5251,86170
5252,86170
5253,86170
5254,86170
5255,86170
5256,86170
5257,86170
5258,86170
5259,86170
5260,86170
5261,86170
5262,86170
5263,86170
5264,86170
5265,86170
5266,86170
5267,86170
5268,86170
5269,86170
5270,86170
5271,86170
5272,86170
5273,86170
5274,86170
5275,86170
5276,86170
5277,86170
5278,86170
5279,86170
5280,86170
5281,86170
5282,86170
5283,86170
5284,86170
5285,86170
5286,86170
5287,86170
5288,86170
5289,86170
5290,86170
5291,86170
5292,86170
5293,86170
5294,86170
5295,86170
5296,86170
5297,86170
5298,86170
5299,86170
5300,86170
5301,86170
5302,86170
5303,86170
5304,86170
5305,86170
5306,86170
5307,86170
5308,86170
5309,86170
5310,86170
5311,86170
5312,86170
5313,86170
5314,86170
5315,86170
5316,86170
5317,86170
5318,86170
5319,86170
5320,86170
5321,86170
5322,86170
5323,86170
5324,86170
5325,86170
5326,86170
5327,86170
5328,86170
5329,86170
5330,86170
5331,86170
5332,86170
5333,86170
5334,86170
5335,86170
5336,86170
5337,86170
5338,86170
5339,86170
5340,86170
5341,86170
5342,86170
5343,86170
5344,86170
5345,86170
5346,86170
5347,86170
5348,86170
5349,86170
5350,86170
5351,86170
5352,86170
5353,86170
5354,86170
5355,86170
5356,86170
5357,86170
5358,86170
5359,86170
5360,86170
5361,86170
5362,86170
5363,86170
5364,86170
5365,86170
5366,86170
5367,86170
5368,86170
5369,86170
5370,86170
5371,86170
5372,86170
5373,86170
5374,86170
5375,86170
5376,86170
5377,86170
5378,86170
5379,86170
5380,86170
5381,86170
5382,86170
5383,86170
5384,86170
5385,86170
5386,86170
5387,86170
5388,86170
5389,86170
5390,86170
5391,86170
5392,86170
5393,86170
5394,86170
5395,86170
5396,86170
5397,86170
5398,86170
5399,86170
5400,86170
5401,86170
5402,86170
5403,86170
5404,86170
5405,86170
5406,86170
5407,86170
5408,86170
5409,86170
5410,86170
5411,86170
5412,86170
5413,86170
5414,86170
5415,86170
5416,86170
5417,86170
5418,86170
5419,86170
5420,86170
5421,86170
5422,86170
5423,86170
5424,86170
5425,86170
5426,86170
5427,86170
5428,86170
5429,86170
5430,86170
5431,86170
5432,86170
5433,86170
5434,86170
5435,86170
5436,86170
5437,86170
5438,86170
5439,86170
5440,86170
5441,86170
5442,86170
5443,86170
5444,86170
5445,86170
5446,86170
5447,86170
5448,86170
5449,86170
5450,86170
5451,86170
5452,86170
5453,86170
5454,86170
5455,86170
5456,86170
5457,86170
5458,86170
5459,86170
5460,86170
5461,86170
5462,86170
5463,86170
5464,86170
5465,86170
5466,86170
5467,86170
5468,86170
5469,86170
5470,86170
5471,86170
5472,86170
5473,86170
5474,86170
5475,86170
5476,86170
5477,86170
5478,86170
5479,86170
5480,86170
5481,86170
5482,86170
5483,86170
5484,86170
5485,86170
5486,86170
5487,86170
5488,86170
5489,86170
5490,86170
5491,86170
5492,86170
5493,86170
5494,86170
5495,86170
5496,86170
5497,86170
5498,86170
5499,86170
5500,86170
5501,86170
5502,86170
5503,86170
5504,86170
5505,86170
5506,86170
5507,86170
5508,86170
5509,86170
5510,86170
5511,86170
5512,86170
5513,86170
5514,86170
5515,86170
5516,86170
5517,86170
5518,86170
5519,86170
5520,86170
5521,86170
5522,86170
5523,86170
5524,86170
5525,86170
5526,86170
5527,86170
5528,86170
5529,86170
5530,86170
5531,86170
5532,86170
5533,86170
5534,86170
5535,86170
5536,86170
5537,86170
5538,86170
5539,86170
5540,86170
5541,86170
5542,86170
5543,86170
5544,86170
5545,86170
5546,86170
5547,86170
5548,86170
5549,86170
5550,86170
5551,86170
5552,86170
5553,86170
5554,86170
5555,86170
5556,86170
5557,86170
5558,86170
5559,86170
5560,86170
5561,86170
5562,86170
5563,86170
5564,86170
5565,86170
5566,86170
5567,86170
5568,86170
5569,86170
5570,86170
5571,86170
5572,86170
5573,86170
5574,86170
5575,86170
5576,86170
5577,86170
5578,86170
5579,86170
5580,86170
5581,86170
5582,86170
5583,86170
5584,86170
5585,86170
5586,86170
5587,86170
5588,86170
5589,86170
5590,86170
5591,86170
5592,86170
5593,86170
5594,86170
5595,86170
5596,86170
5597,86170
5598,86170
5599,86170
5600,86170
5601,86170
5602,86170
5603,86170
5604,86170
5605,86170
5606,86170
5607,86170
5608,86170
5609,86170
5610,86170
5611,86170
5612,86170
5613,86170
5614,86170
5615,86170
5616,86170
5617,86170
5618,86170
5619,86170
5620,86170
5621,86170
5622,86170
5623,86170
5624,86170
5625,86170
5626,86170
5627,86170
5628,86170
5629,86170
5630,86170
5631,86170
5632,86170
5633,86170
5634,86170
5635,86170
5636,86170
5637,86170
5638,86170
5639,86170
5640,86170
5641,86170
5642,86170
5643,86170
5644,86170
5645,86170
5646,86170
5647,86170
5648,86170
5649,86170
5650,86170
5651,86170
5652,86170
5653,86170
5654,86170
5655,86170
5656,86170
5657,86170
5658,86170
5659,86170
5660,86170
5661,86170
5662,86170
5663,86170
5664,86170
5665,86170
5666,86170
5667,86170
5668,86170
5669,86170
5670,86170
5671,86170
5672,86170
5673,86170
5674,86170
5675,86170
5676,86170
5677,86170
5678,86170
5679,86170
5680,86170
5681,86170
5682,86170
5683,86170
5684,86170
5685,86170
5686,86170
5687,86170
5688,86170
5689,86170
5690,86170
5691,86170
5692,86170
5693,86170
5694,86170
5695,86170
5696,86170
5697,86170
5698,86170
5699,86170
5700,86170
5701,86170
5702,86170
5703,86170
5704,86170
5705,86170
5706,86170
5707,86170
5708,86170
5709,86170
5710,86170
5711,86170
5712,86170
5713,86170
5714,86170
5715,86170
5716,86170
5717,86170
5718,86170
5719,86170
5720,86170
5721,86170
5722,86170
5723,86170
5724,86170
5725,86170
5726,86170
5727,86170
5728,86170
5729,86170
5730,86170
5731,86170
5732,86170
5733,86170
5734,86170
5735,86170
5736,86170
5737,86170
5738,86170
5739,86170
5740,86170
5741,86170
5742,86170
5743,86170
5744,86170
5745,86170
5746,86170
5747,86170
5748,86170
5749,86170
5750,86170
5751,86170
5752,86170
5753,86170
5754,86170
5755,86170
5756,86170
5757,86170
5758,86170
5759,86170
5760,86170
5761,86170
5762,86170
5763,86170
5764,86170
5765,86170
5766,86170
5767,86170
5768,86170
5769,86170
5770,86170
5771,86170
5772,86170
5773,86170
5774,86170
5775,86170
5776,86170
5777,86170
5778,86170
5779,86170
5780,86170
5781,86170
5782,86170
5783,86170
5784,86170
5785,86170
5786,86170
5787,86170
5788,86170
5789,86170
5790,86170
5791,86170
5792,86170
5793,86170
5794,86170
5795,86170
5796,86170
5797,86170
5798,86170
5799,86170
5800,86170
5801,86170
5802,86170
5803,86170
5804,86170
5805,86170
5806,86170
5807,86170
5808,86170
5809,86170
5810,86170
5811,86170
5812,86170
5813,86170
5814,86170
5815,86170
5816,86170
5817,86170
5818,86170
5819,86170
5820,86170
5821,86170
5822,86170
5823,86170
5824,86170
5825,86170
5826,86170
5827,86170
5828,86170
5829,86170
5830,86170
5831,86170
5832,86170
5833,86170
5834,86170
5835,86170
5836,86170
5837,86170
5838,86170
5839,86170
5840,86170
5841,86170
5842,86170
5843,86170
5844,86170
5845,86170
5846,86170
5847,86170
5848,86170
5849,86170
5850,86170
5851,86170
5852,86170
5853,86170
5854,86170
5855,86170
5856,86170
5857,86170
5858,86170
5859,86170
5860,86170
5861,86170
5862,86170
5863,86170
5864,86170
5865,86170
5866,86170
5867,86170
5868,86170
5869,86170
5870,86170
5871,86170
5872,86170
5873,86170
5874,86170
5875,86170
5876,86170
5877,86170
5878,86170
5879,86170
5880,86170
5881,86170
5882,86170
5883,86170
5884,86170
5885,86170
5886,86170
5887,86170
5888,86170
5889,86170
5890,86170
5891,86170
5892,86170
5893,86170
5894,86170
5895,86170
5896,86170
5897,86170
5898,86170
5899,86170
5900,86170
5901,86170
5902,86170
5903,86170
5904,86170
5905,86170
5906,86170
5907,86170
5908,86170
5909,86170
5910,86170
5911,86170
5912,86170
5913,86170
5914,86170
5915,86170
5916,86170
5917,86170
5918,86170
5919,86170
5920,86170
5921,86170
5922,86170
5923,86170
5924,86170
5925,86170
5926,86170
5927,86170
5928,86170
5929,86170
5930,86170
5931,86170
5932,86170
5933,86170
5934,86170
5935,86170
5936,86170
5937,86170
5938,86170
5939,86170
5940,86170
5941,86170
5942,86170
5943,86170
5944,86170
5945,86170
5946,86170
5947,86170
5948,86170
5949,86170
5950,86170
5951,86170
5952,86170
5953,86170
5954,86170
5955,86170
5956,86170
5957,86170
5958,86170
5959,86170
5960,86170
5961,86170
5962,86170
5963,86170
5964,86170
5965,86170
5966,86170
5967,86170
5968,86170
5969,86170
5970,86170
5971,86170
5972,86170
5973,86170
5974,86170
5975,86170
5976,86170
5977,86170
5978,86170
5979,86170
5980,86170
5981,86170
5982,86170
5983,86170
5984,86170
5985,86170
5986,86170
5987,86170
5988,86170
5989,86170
5990,86170
5991,86170
5992,86170
5993,86170
5994,86170
5995,86170
5996,86170
5997,86170
5998,86170
5999,86170
6000,86170
6001,86170
6002,86170
6003,86170
6004,86170
6005,86170
6006,86170
6007,86170
6008,86170
6009,86170
6010,86170
6011,86170
6012,86170
6013,86170
6014,86170
6015,86170
6016,86170
6017,86170
6018,86170
6019,86170
6020,86170
6021,86170
6022,86170
6023,86170
6024,86170
6025,86170
6026,86170
6027,86170
6028,86170
6029,86170
6030,86170
6031,86170
6032,86170
6033,86170
6034,86170
6035,86170
6036,86170
6037,86170
6038,86170
6039,86170
6040,86170
6041,86170
6042,86170
6043,86170
6044,86170
6045,86170
6046,86170
6047,86170
6048,86170
6049,86170
6050,86170
6051,86170
6052,86170
6053,86170
6054,86170
6055,86170
6056,86170
6057,86170
6058,86170
6059,86170
6060,86170
6061,86170
6062,86170
6063,86170
6064,86170
6065,86170
6066,86170
6067,86170
6068,86170
6069,86170
6070,86170
6071,86170
6072,86170
6073,86170
6074,86170
6075,86170
6076,86170
6077,86170
6078,86170
6079,86170
6080,86170
6081,86170
6082,86170
6083,86170
6084,86170
6085,86170
6086,86170
6087,86170
6088,86170
6089,86170
6090,86170
6091,86170
6092,86170
6093,86170
6094,86170
6095,86170
6096,86170
6097,86170
6098,86170
6099,86170
6100,86170
6101,86170
6102,86170
6103,86170
6104,86170
6105,86170
6106,86170
6107,86170
6108,86170
6109,86170
6110,86170
6111,86170
6112,86170
6113,86170
6114,86170
6115,86170
6116,86170
6117,86170
6118,86170
6119,86170
6120,86170
6121,86170
6122,86170
6123,86170
6124,86170
6125,86170
6126,86170
6127,86170
6128,86170
6129,86170
6130,86170
6131,86170
6132,86170
6133,86170
6134,86170
6135,86170
6136,86170
6137,86170
6138,86170
6139,86170
6140,86170
6141,86170
6142,86170
6143,86170
6144,86170
6145,86170
6146,86170
6147,86170
6148,86170
6149,86170
6150,86170
6151,86170
6152,86170
6153,86170
6154,86170
6155,86170
6156,86170
6157,86170
6158,86170
6159,86170
6160,86170
6161,86170
6162,86170
6163,86170
6164,86170
6165,86170
6166,86170
6167,86170
6168,86170
6169,86170
6170,86170
6171,86170
6172,86170
6173,86170
6174,86170
6175,86170
6176,86170
6177,86170
6178,86170
6179,86170
6180,86170
6181,86170
6182,86170
6183,86170
6184,86170
6185,86170
6186,86170
6187,86170
6188,86170
6189,86170
6190,86170
6191,86170
6192,86170
6193,86170
6194,86170
6195,86170
6196,86170
6197,86170
6198,86170
6199,86170
6200,86170
6201,86170
6202,86170
6203,86170
6204,86170
6205,86170
6206,86170
6207,86170
6208,86170
6209,86170
6210,86170
6211,86170
6212,86170
6213,86170
6214,86170
6215,86170
6216,86170
6217,86170
6218,86170
6219,86170
6220,86170
6221,86170
6222,86170
6223,86170
6224,86170
6225,86170
6226,86170
6227,86170
6228,86170
6229,86170
6230,86170
6231,86170
6232,86170
6233,86170
6234,86170
6235,86170
6236,86170
6237,86170
6238,86170
6239,86170
6240,86170
6241,86170
6242,86170
6243,86170
6244,86170
6245,86170
6246,86170
6247,86170
6248,86170
6249,86170
6250,86170
6251,86170
6252,86170
6253,86170
6254,86170
6255,86170
6256,86170
6257,86170
6258,86170
6259,86170
6260,86170
6261,86170
6262,86170
6263,86170
6264,86170
6265,86170
6266,86170
6267,86170
6268,86170
6269,86170
6270,86170
6271,86170
6272,86170
6273,86170
6274,86170
6275,86170
6276,86170
6277,86170
6278,86170
6279,86170
6280,86170
6281,86170
6282,86170
6283,86170
6284,86170
6285,86170
6286,86170
6287,86170
6288,86170
6289,86170
6290,86170
6291,86170
6292,86170
6293,86170
6294,86170
6295,86170
6296,86170
6297,86170
6298,86170
6299,86170
6300,86170
6301,86170
6302,86170
6303,86170
6304,86170
6305,86170
6306,86170
6307,86170
6308,86170
6309,86170
6310,86170
6311,86170
6312,86170
6313,86170
6314,86170
6315,86170
6316,86170
6317,86170
6318,86170
6319,86170
6320,86170
6321,86170
6322,86170
6323,86170
6324,86170
6325,86170
6326,86170
6327,86170
6328,86170
6329,86170
6330,86170
6331,86170
6332,86170
6333,86170
6334,86170
6335,86170
6336,86170
6337,86170
6338,86170
6339,86170
6340,86170
6341,86170
6342,86170
6343,86170
6344,86170
6345,86170
6346,86170
6347,86170
6348,86170
6349,86170
6350,86170
6351,86170
6352,86170
6353,86170
6354,86170
6355,86170
6356,86170
6357,86170
6358,86170
6359,86170
6360,86170
6361,86170
6362,86170
6363,86170
6364,86170
6365,86170
6366,86170
6367,86170
6368,86170
6369,86170
6370,86170
6371,86170
6372,86170
6373,86170
6374,86170
6375,86170
6376,86170
6377,86170
6378,86170
6379,86170
6380,86170
6381,86170
6382,86170
6383,86170
6384,86170
6385,86170
6386,86170
6387,86170
6388,86170
6389,86170
6390,86170
6391,86170
6392,86170
6393,86170
6394,86170
6395,86170
6396,86170
6397,86170
6398,86170
6399,86170
6400,86170
6401,86170
6402,86170
6403,86170
6404,86170
6405,86170
6406,86170
6407,86170
6408,86170
6409,86170
6410,86170
6411,86170
6412,86170
6413,86170
6414,86170
6415,86170
6416,86170
6417,86170
6418,86170
6419,86170
6420,86170
6421,86170
6422,86170
6423,86170
6424,86170
6425,86170
6426,86170
6427,86170
6428,86170
6429,86170
6430,86170
6431,86170
6432,86170
6433,86170
6434,86170
6435,86170
6436,86170
6437,86170
6438,86170
6439,86170
6440,86170
6441,86170
6442,86170
6443,86170
6444,86170
6445,86170
6446,86170
6447,86170
6448,86170
6449,86170
6450,86170
6451,86170
6452,86170
6453,86170
6454,86170
6455,86170
6456,86170
6457,86170
6458,86170
6459,86170
6460,86170
6461,86170
6462,86170
6463,86170
6464,86170
6465,86170
6466,86170
6467,86170
6468,86170
6469,86170
6470,86170
6471,86170
6472,86170
6473,86170
6474,86170
6475,86170
6476,86170
6477,86170
6478,86170
6479,86170
6480,86170
6481,86170
6482,86170
6483,86170
6484,86170
6485,86170
6486,86170
6487,86170
6488,86170
6489,86170
6490,86170
6491,86170
6492,86170
6493,86170
6494,86170
6495,86170
6496,86170
6497,86170
6498,86170
6499,86170
6500,86170
6501,86170
6502,86170
6503,86170
6504,86170
6505,86170
6506,86170
6507,86170
6508,86170
6509,86170
6510,86170
6511,86170
6512,86170
6513,86170
6514,86170
6515,86170
6516,86170
6517,86170
6518,86170
6519,86170
6520,86170
6521,86170
6522,86170
6523,86170
6524,86170
6525,86170
6526,86170
6527,86170
6528,86170
6529,86170
6530,86170
6531,86170
6532,86170
6533,86170
6534,86170
6535,86170
6536,86170
6537,86170
6538,86170
6539,86170
6540,86170
6541,86170
6542,86170
6543,86170
6544,86170
6545,86170
6546,86170
6547,86170
6548,86170
6549,86170
6550,86170
6551,86170
6552,86170
6553,86170
6554,86170
6555,86170
6556,86170
6557,86170
6558,86170
6559,86170
6560,86170
6561,86170
6562,86170
6563,86170
6564,86170
6565,86170
6566,86170
6567,86170
6568,86170
6569,86170
6570,86170
6571,86170
6572,86170
6573,86170
6574,86170
6575,86170
6576,86170
6577,86170
6578,86170
6579,86170
6580,86170
6581,86170
6582,86170
6583,86170
6584,86170
6585,86170
6586,86170
6587,86170
6588,86170
6589,86170
6590,86170
6591,86170
6592,86170
6593,86170
6594,86170
6595,86170
6596,86170
6597,86170
6598,86170
6599,86170
6600,86170
6601,86170
6602,86170
6603,86170
6604,86170
6605,86170
6606,86170
6607,86170
6608,86170
6609,86170
6610,86170
6611,86170
6612,86170
6613,86170
6614,86170
6615,86170
6616,86170
6617,86170
6618,86170
6619,86170
6620,86170
6621,86170
6622,86170
6623,86170
6624,86170
6625,86170
6626,86170
6627,86170
6628,86170
6629,86170
6630,86170
6631,86170
6632,86170
6633,86170
6634,86170
6635,86170
6636,86170
6637,86170
6638,86170
6639,86170
6640,86170
6641,86170
6642,86170
6643,86170
6644,86170
6645,86170
6646,86170
6647,86170
6648,86170
6649,86170
6650,86170
6651,86170
6652,86170
6653,86170
6654,86170
6655,86170
6656,86170
6657,86170
6658,86170
6659,86170
6660,86170
6661,86170
6662,86170
6663,86170
6664,86170
6665,86170
6666,86170
6667,86170
6668,86170
6669,86170
6670,86170
6671,86170
6672,86170
6673,86170
6674,86170
6675,86170
6676,86170
6677,86170
6678,86170
6679,86170
6680,86170
6681,86170
6682,86170
6683,86170
6684,86170
6685,86170
6686,86170
6687,86170
6688,86170
6689,86170
6690,86170
6691,86170
6692,86170
6693,86170
6694,86170
6695,86170
6696,86170
6697,86170
6698,86170
6699,86170
6700,86170
6701,86170
6702,86170
6703,86170
6704,86170
6705,86170
6706,86170
6707,86170
6708,86170
6709,86170
6710,86170
6711,86170
6712,86170
6713,86170
6714,86170
6715,86170
6716,86170
6717,86170
6718,86170
6719,86170
6720,86170
6721,86170
6722,86170
6723,86170
6724,86170
6725,86170
6726,86170
6727,86170
6728,86170
6729,86170
6730,86170
6731,86170
6732,86170
6733,86170
6734,86170
6735,86170
6736,86170
6737,86170
6738,86170
6739,86170
6740,86170
6741,86170
6742,86170
6743,86170
6744,86170
6745,86170
6746,86170
6747,86170
6748,86170
6749,86170
6750,86170
6751,86170
6752,86170
6753,86170
6754,86170
6755,86170
6756,86170
6757,86170
6758,86170
6759,86170
6760,86170
6761,86170
6762,86170
6763,86170
6764,86170
6765,86170
6766,86170
6767,86170
6768,86170
6769,86170
6770,86170
6771,86170
6772,86170
6773,86170
6774,86170
6775,86170
6776,86170
6777,86170
6778,86170
6779,86170
6780,86170
6781,86170
6782,86170
6783,86170
6784,86170
6785,86170
6786,86170
6787,86170
6788,86170
6789,86170
6790,86170
6791,86170
6792,86170
6793,86170
6794,86170
6795,86170
6796,86170
6797,86170
6798,86170
6799,86170
6800,86170
6801,86170
6802,86170
6803,86170
6804,86170
6805,86170
6806,86170
6807,86170
6808,86170
6809,86170
6810,86170
6811,86170
6812,86170
6813,86170
6814,86170
6815,86170
6816,86170
6817,86170
6818,86170
6819,86170
6820,86170
6821,86170
6822,86170
6823,86170
6824,86170
6825,86170
6826,86170
6827,86170
6828,86170
6829,86170
6830,86170
6831,86170
6832,86170
6833,86170
6834,86170
6835,86170
6836,86170
6837,86170
6838,86170
6839,86170
6840,86170
6841,86170
6842,86170
6843,86170
6844,86170
6845,86170
6846,86170
6847,86170
6848,86170
6849,86170
6850,86170
6851,86170
6852,86170
6853,86170
6854,86170
6855,86170
6856,86170
6857,86170
6858,86170
6859,86170
6860,86170
6861,86170
6862,86170
6863,86170
6864,86170
6865,86170
6866,86170
6867,86170
6868,86170
6869,86170
6870,86170
6871,86170
6872,86170
6873,86170
6874,86170
6875,86170
6876,86170
6877,86170
6878,86170
6879,86170
6880,86170
6881,86170
6882,86170
6883,86170
6884,86170
6885,86170
6886,86170
6887,86170
6888,86170
6889,86170
6890,86170
6891,86170
6892,86170
6893,86170
6894,86170
6895,86170
6896,86170
6897,86170
6898,86170
6899,86170
6900,86170
6901,86170
6902,86170
6903,86170
6904,86170
6905,86170
6906,86170
6907,86170
6908,86170
6909,86170
6910,86170
6911,86170
6912,86170
6913,86170
6914,86170
6915,86170
6916,86170
6917,86170
6918,86170
6919,86170
6920,86170
6921,86170
6922,86170
6923,86170
6924,86170
6925,86170
6926,86170
6927,86170
6928,86170
6929,86170
6930,86170
6931,86170
6932,86170
6933,86170
6934,86170
6935,86170
6936,86170
6937,86170
6938,86170
6939,86170
6940,86170
6941,86170
6942,86170
6943,86170
6944,86170
6945,86170
6946,86170
6947,86170
6948,86170
6949,86170
6950,86170
6951,86170
6952,86170
6953,86170
6954,86170
6955,86170
6956,86170
6957,86170
6958,86170
6959,86170
6960,86170
6961,86170
6962,86170
6963,86170
6964,86170
6965,86170
6966,86170
6967,86170
6968,86170
6969,86170
6970,86170
6971,86170
6972,86170
6973,86170
6974,86170
6975,86170
6976,86170
6977,86170
6978,86170
6979,86170
6980,86170
6981,86170
6982,86170
6983,86170
6984,86170
6985,86170
6986,86170
6987,86170
6988,86170
6989,86170
6990,86170
6991,86170
6992,86170
6993,86170
6994,86170
6995,86170
6996,86170
6997,86170
6998,86170
6999,86170
7000,86170
7001,86170
7002,86170
7003,86170
7004,86170
7005,86170
7006,86170
7007,86170
7008,86170
7009,86170
7010,86170
7011,86170
7012,86170
7013,86170
7014,86170
7015,86170
7016,86170
7017,86170
7018,86170
7019,86170
7020,86170
7021,86170
7022,86170
7023,86170
7024,86170
7025,86170
7026,86170
7027,86170
7028,86170
7029,86170
7030,86170
7031,86170
7032,86170
7033,86170
7034,86170
7035,86170
7036,86170
7037,86170
7038,86170
7039,86170
7040,86170
7041,86170
7042,86170
7043,86170
7044,86170
7045,86170
7046,86170
7047,86170
7048,86170
7049,86170
7050,86170
7051,86170
7052,86170
7053,86170
7054,86170
7055,86170
7056,86170
7057,86170
7058,86170
7059,86170
7060,86170
7061,86170
7062,86170
7063,86170
7064,86170
7065,86170
7066,86170
7067,86170
7068,86170
7069,86170
7070,86170
7071,86170
7072,86170
7073,86170
7074,86170
7075,86170
7076,86170
7077,86170
7078,86170
7079,86170
7080,86170
7081,86170
7082,86170
7083,86170
7084,86170
7085,86170
7086,86170
7087,86170
7088,86170
7089,86170
7090,86170
7091,86170
7092,86170
7093,86170
7094,86170
7095,86170
7096,86170
7097,86170
7098,86170
7099,86170
7100,86170
7101,86170
7102,86170
7103,86170
7104,86170
7105,86170
7106,86170
7107,86170
7108,86170
7109,86170
7110,86170
7111,86170
7112,86170
7113,86170
7114,86170
7115,86170
7116,86170
7117,86170
7118,86170
7119,86170
7120,86170
7121,86170
7122,86170
7123,86170
7124,86170
7125,86170
7126,86170
7127,86170
7128,86170
7129,86170
7130,86170
7131,86170
7132,86170
7133,86170
7134,86170
7135,86170
7136,86170
7137,86170
7138,86170
7139,86170
7140,86170
7141,86170
7142,86170
7143,86170
7144,86170
7145,86170
7146,86170
7147,86170
7148,86170
7149,86170
7150,86170
7151,86170
7152,86170
7153,86170
7154,86170
7155,86170
7156,86170
7157,86170
7158,86170
7159,86170
7160,86170
7161,86170
7162,86170
7163,86170
7164,86170
7165,86170
7166,86170
7167,86170
7168,86170
7169,86170
7170,86170
7171,86170
7172,86170
7173,86170
7174,86170
7175,86170
7176,86170
7177,86170
7178,86170
7179,86170
7180,86170
7181,86170
7182,86170
7183,86170
7184,86170
7185,86170
7186,86170
7187,86170
7188,86170
7189,86170
7190,86170
7191,86170
7192,86170
7193,86170
7194,86170
7195,86170
7196,86170
7197,86170
7198,86170
7199,86170
7200,86170
7201,86170
7202,86170
7203,86170
7204,86170
7205,86170
7206,86170
7207,86170
7208,86170
7209,86170
7210,86170
7211,86170
7212,86170
7213,86170
7214,86170
7215,86170
7216,86170
7217,86170
7218,86170
7219,86170
7220,86170
7221,86170
7222,86170
7223,86170
7224,86170
7225,86170
7226,86170
7227,86170
7228,86170
7229,86170
7230,86170
7231,86170
7232,86170
7233,86170
7234,86170
7235,86170
7236,86170
7237,86170
7238,86170
7239,86170
7240,86170
7241,86170
7242,86170
7243,86170
7244,86170
7245,86170
7246,86170
7247,86170
7248,86170
7249,86170
7250,86170
7251,86170
7252,86170
7253,86170
7254,86170
7255,86170
7256,86170
7257,86170
7258,86170
7259,86170
7260,86170
7261,86170
7262,86170
7263,86170
7264,86170
7265,86170
7266,86170
7267,86170
7268,86170
7269,86170
7270,86170
7271,86170
7272,86170
7273,86170
7274,86170
7275,86170
7276,86170
7277,86170
7278,86170
7279,86170
7280,86170
7281,86170
7282,86170
7283,86170
7284,86170
7285,86170
7286,86170
7287,86170
7288,86170
7289,86170
7290,86170
7291,86170
7292,86170
7293,86170
7294,86170
7295,86170
7296,86170
7297,86170
7298,86170
7299,86170
7300,86170
7301,86170
7302,86170
7303,86170
7304,86170
7305,86170
7306,86170
7307,86170
7308,86170
7309,86170
7310,86170
7311,86170
7312,86170
7313,86170
7314,86170
7315,86170
7316,86170
7317,86170
7318,86170
7319,86170
7320,86170
7321,86170
7322,86170
7323,86170
7324,86170
7325,86170
7326,86170
7327,86170
7328,86170
7329,86170
7330,86170
7331,86170
7332,86170
7333,86170
7334,86170
7335,86170
7336,86170
7337,86170
7338,86170
7339,86170
7340,86170
7341,86170
7342,86170
7343,86170
7344,86170
7345,86170
7346,86170
7347,86170
7348,86170
7349,86170
7350,86170
7351,86170
7352,86170
7353,86170
7354,86170
7355,86170
7356,86170
7357,86170
7358,86170
7359,86170
7360,86170
7361,86170
7362,86170
7363,86170
7364,86170
7365,86170
7366,86170
7367,86170
7368,86170
7369,86170
7370,86170
7371,86170
7372,86170
7373,86170
7374,86170
7375,86170
7376,86170
7377,86170
7378,86170
7379,86170
7380,86170
7381,86170
7382,86170
7383,86170
7384,86170
7385,86170
7386,86170
7387,86170
7388,86170
7389,86170
7390,86170
7391,86170
7392,86170
7393,86170
7394,86170
7395,86170
7396,86170
7397,86170
7398,86170
7399,86170
7400,86170
7401,86170
7402,86170
7403,86170
7404,86170
7405,86170
7406,86170
7407,86170
7408,86170
7409,86170
7410,86170
7411,86170
7412,86170
7413,86170
7414,86170
7415,86170
7416,86170
7417,86170
7418,86170
7419,86170
7420,86170
7421,86170
7422,86170
7423,86170
7424,86170
7425,86170
7426,86170
7427,86170
7428,86170
7429,86170
7430,86170
7431,86170
7432,86170
7433,86170
7434,86170
7435,86170
7436,86170
7437,86170
7438,86170
7439,86170
7440,86170
7441,86170
7442,86170
7443,86170
7444,86170
7445,86170
7446,86170
7447,86170
7448,86170
7449,86170
7450,86170
7451,86170
7452,86170
7453,86170
7454,86170
7455,86170
7456,86170
7457,86170
7458,86170
7459,86170
7460,86170
7461,86170
7462,86170
7463,86170
7464,86170
7465,86170
7466,86170
7467,86170
7468,86170
7469,86170
7470,86170
7471,86170
7472,86170
7473,86170
7474,86170
7475,86170
7476,86170
7477,86170
7478,86170
7479,86170
7480,86170
7481,86170
7482,86170
7483,86170
7484,86170
7485,86170
7486,86170
7487,86170
7488,86170
7489,86170
7490,86170
7491,86170
7492,86170
7493,86170
7494,86170
7495,86170
7496,86170
7497,86170
7498,86170
7499,86170
7500,86170
7501,86170
7502,86170
7503,86170
7504,86170
7505,86170
7506,86170
7507,86170
7508,86170
7509,86170
7510,86170
7511,86170
7512,86170
7513,86170
7514,86170
7515,86170
7516,86170
7517,86170
7518,86170
7519,86170
7520,86170
7521,86170
7522,86170
7523,86170
7524,86170
7525,86170
7526,86170
7527,86170
7528,86170
7529,86170
7530,86170
7531,86170
7532,86170
7533,86170
7534,86170
7535,86170
7536,86170
7537,86170
7538,86170
7539,86170
7540,86170
7541,86170
7542,86170
7543,86170
7544,86170
7545,86170
7546,86170
7547,86170
7548,86170
7549,86170
7550,86170
7551,86170
7552,86170
7553,86170
7554,86170
7555,86170
7556,86170
7557,86170
7558,86170
7559,86170
7560,86170
7561,86170
7562,86170
7563,86170
7564,86170
7565,86170
7566,86170
7567,86170
7568,86170
7569,86170
7570,86170
7571,86170
7572,86170
7573,86170
7574,86170
7575,86170
7576,86170
7577,86170
7578,86170
7579,86170
7580,86170
7581,86170
7582,86170
7583,86170
7584,86170
7585,86170
7586,86170
7587,86170
7588,86170
7589,86170
7590,86170
7591,86170
7592,86170
7593,86170
7594,86170
7595,86170
7596,86170
7597,86170
7598,86170
7599,86170
7600,86170
7601,86170
7602,86170
7603,86170
7604,86170
7605,86170
7606,86170
7607,86170
7608,86170
7609,86170
7610,86170
7611,86170
7612,86170
7613,86170
7614,86170
7615,86170
7616,86170
7617,86170
7618,86170
7619,86170
7620,86170
7621,86170
7622,86170
7623,86170
7624,86170
7625,86170
7626,86170
7627,86170
7628,86170
7629,86170
7630,86170
7631,86170
7632,86170
7633,86170
7634,86170
7635,86170
7636,86170
7637,86170
7638,86170
7639,86170
7640,86170
7641,86170
7642,86170
7643,86170
7644,86170
7645,86170
7646,86170
7647,86170
7648,86170
7649,86170
7650,86170
7651,86170
7652,86170
7653,86170
7654,86170
7655,86170
7656,86170
7657,86170
7658,86170
7659,86170
7660,86170
7661,86170
7662,86170
7663,86170
7664,86170
7665,86170
7666,86170
7667,86170
7668,86170
7669,86170
7670,86170
7671,86170
7672,86170
7673,86170
7674,86170
7675,86170
7676,86170
7677,86170
7678,86170
7679,86170
7680,86170
7681,86170
7682,86170
7683,86170
7684,86170
7685,86170
7686,86170
7687,86170
7688,86170
7689,86170
7690,86170
7691,86170
7692,86170
7693,86170
7694,86170
7695,86170
7696,86170
7697,86170
7698,86170
7699,86170
7700,86170
7701,86170
7702,86170
7703,86170
7704,86170
7705,86170
7706,86170
7707,86170
7708,86170
7709,86170
7710,86170
7711,86170
7712,86170
7713,86170
7714,86170
7715,86170
7716,86170
7717,86170
7718,86170
7719,86170
7720,86170
7721,86170
7722,86170
7723,86170
7724,86170
7725,86170
7726,86170
7727,86170
7728,86170
7729,86170
7730,86170
7731,86170
7732,86170
7733,86170
7734,86170
7735,86170
7736,86170
7737,86170
7738,86170
7739,86170
7740,86170
7741,86170
7742,86170
7743,86170
7744,86170
7745,86170
7746,86170
7747,86170
7748,86170
7749,86170
7750,86170
7751,86170
7752,86170
7753,86170
7754,86170
7755,86170
7756,86170
7757,86170
7758,86170
7759,86170
7760,86170
7761,86170
7762,86170
7763,86170
7764,86170
7765,86170
7766,86170
7767,86170
7768,86170
7769,86170
7770,86170
7771,86170
7772,86170
7773,86170
7774,86170
7775,86170
7776,86170
7777,86170
7778,86170
7779,86170
7780,86170
7781,86170
7782,86170
7783,86170
7784,86170
7785,86170
7786,86170
7787,86170
7788,86170
7789,86170
7790,86170
7791,86170
7792,86170
7793,86170
7794,86170
7795,86170
7796,86170
7797,86170
7798,86170
7799,86170
7800,86170
7801,86170
7802,86170
7803,86170
7804,86170
7805,86170
7806,86170
7807,86170
7808,86170
7809,86170
7810,86170
7811,86170
7812,86170
7813,86170
7814,86170
7815,86170
7816,86170
7817,86170
7818,86170
7819,86170
7820,86170
7821,86170
7822,86170
7823,86170
7824,86170
7825,86170
7826,86170
7827,86170
7828,86170
7829,86170
7830,86170
7831,86170
7832,86170
7833,86170
7834,86170
7835,86170
7836,86170
7837,86170
7838,86170
7839,86170
7840,86170
7841,86170
7842,86170
7843,86170
7844,86170
7845,86170
7846,86170
7847,86170
7848,86170
7849,86170
7850,86170
7851,86170
7852,86170
7853,86170
7854,86170
7855,86170
7856,86170
7857,86170
7858,86170
7859,86170
7860,86170
7861,86170
7862,86170
7863,86170
7864,86170
7865,86170
7866,86170
7867,86170
7868,86170
7869,86170
7870,86170
7871,86170
7872,86170
7873,86170
7874,86170
7875,86170
7876,86170
7877,86170
7878,86170
7879,86170
7880,86170
7881,86170
7882,86170
7883,86170
7884,86170
7885,86170
7886,86170
7887,86170
7888,86170
7889,86170
7890,86170
7891,86170
7892,86170
7893,86170
7894,86170
7895,86170
7896,86170
7897,86170
7898,86170
7899,86170
7900,86170
7901,86170
7902,86170
7903,86170
7904,86170
7905,86170
7906,86170
7907,86170
7908,86170
7909,86170
7910,86170
7911,86170
7912,86170
7913,86170
7914,86170
7915,86170
7916,86170
7917,86170
7918,86170
7919,86170
7920,86170
7921,86170
7922,86170
7923,86170
7924,86170
7925,86170
7926,86170
7927,86170
7928,86170
7929,86170
7930,86170
7931,86170
7932,86170
7933,86170
7934,86170
7935,86170
7936,86170
7937,86170
7938,86170
7939,86170
7940,86170
7941,86170
7942,86170
7943,86170
7944,86170
7945,86170
7946,86170
7947,86170
7948,86170
7949,86170
7950,86170
7951,86170
7952,86170
7953,86170
7954,86170
7955,86170
7956,86170
7957,86170
7958,86170
7959,86170
7960,86170
7961,86170
7962,86170
7963,86170
7964,86170
7965,86170
7966,86170
7967,86170
7968,86170
7969,86170
7970,86170
7971,86170
7972,86170
7973,86170
7974,86170
7975,86170
7976,86170
7977,86170
7978,86170
7979,86170
7980,86170
7981,86170
7982,86170
7983,86170
7984,86170
7985,86170
7986,86170
7987,86170
7988,86170
7989,86170
7990,86170
7991,86170
7992,86170
7993,86170
7994,86170
7995,86170
7996,86170
7997,86170
7998,86170
7999,86170
8000,86170
8001,86170
8002,86170
8003,86170
8004,86170
8005,86170
8006,86170
8007,86170
8008,86170
8009,86170
8010,86170
8011,86170
8012,86170
8013,86170
8014,86170
8015,86170
8016,86170
8017,86170
8018,86170
8019,86170
8020,86170
8021,86170
8022,86170
8023,86170
8024,86170
8025,86170
8026,86170
8027,86170
8028,86170
8029,86170
8030,86170
8031,86170
8032,86170
8033,86170
8034,86170
8035,86170
8036,86170
8037,86170
8038,86170
8039,86170
8040,86170
8041,86170
8042,86170
8043,86170
8044,86170
8045,86170
8046,86170
8047,86170
8048,86170
8049,86170
8050,86170
8051,86170
8052,86170
8053,86170
8054,86170
8055,86170
8056,86170
8057,86170
8058,86170
8059,86170
8060,86170
8061,86170
8062,86170
8063,86170
8064,86170
8065,86170
8066,86170
8067,86170
8068,86170
8069,86170
8070,86170
8071,86170
8072,86170
8073,86170
8074,86170
8075,86170
8076,86170
8077,86170
8078,86170
8079,86170
8080,86170
8081,86170
8082,86170
8083,86170
8084,86170
8085,86170
8086,86170
8087,86170
8088,86170
8089,86170
8090,86170
8091,86170
8092,86170
8093,86170
8094,86170
8095,86170
8096,86170
8097,86170
8098,86170
8099,86170
8100,86170
8101,86170
8102,86170
8103,86170
8104,86170
8105,86170
8106,86170
8107,86170
8108,86170
8109,86170
8110,86170
8111,86170
8112,86170
8113,86170
8114,86170
8115,86170
8116,86170
8117,86170
8118,86170
8119,86170
8120,86170
8121,86170
8122,86170
8123,86170
8124,86170
8125,86170
8126,86170
8127,86170
8128,86170
8129,86170
8130,86170
8131,86170
8132,86170
8133,86170
8134,86170
8135,86170
8136,86170
8137,86170
8138,86170
8139,86170
8140,86170
8141,86170
8142,86170
8143,86170
8144,86170
8145,86170
8146,86170
8147,86170
8148,86170
8149,86170
8150,86170
8151,86170
8152,86170
8153,86170
8154,86170
8155,86170
8156,86170
8157,86170
8158,86170
8159,86170
8160,86170
8161,86170
8162,86170
8163,86170
8164,86170
8165,86170
8166,86170
8167,86170
8168,86170
8169,86170
8170,86170
8171,86170
8172,86170
8173,86170
8174,86170
8175,86170
8176,86170
8177,86170
8178,86170
8179,86170
8180,86170
8181,86170
8182,86170
8183,86170
8184,86170
8185,86170
8186,86170
8187,86170
8188,86170
8189,86170
8190,86170
8191,86170
8192,86170
8193,86170
8194,86170
8195,86170
8196,86170
8197,86170
8198,86170
8199,86170
8200,86170
8201,86170
8202,86170
8203,86170
8204,86170
8205,86170
8206,86170
8207,86170
8208,86170
8209,86170
8210,86170
8211,86170
8212,86170
8213,86170
8214,86170
8215,86170
8216,86170
8217,86170
8218,86170
8219,86170
8220,86170
8221,86170
8222,86170
8223,86170
8224,86170
8225,86170
8226,86170
8227,86170
8228,86170
8229,86170
8230,86170
8231,86170
8232,86170
8233,86170
8234,86170
8235,86170
8236,86170
8237,86170
8238,86170
8239,86170
8240,86170
8241,86170
8242,86170
8243,86170
8244,86170
8245,86170
8246,86170
8247,86170
8248,86170
8249,86170
8250,86170
8251,86170
8252,86170
8253,86170
8254,86170
8255,86170
8256,86170
8257,86170
8258,86170
8259,86170
8260,86170
8261,86170
8262,86170
8263,86170
8264,86170
8265,86170
8266,86170
8267,86170
8268,86170
8269,86170
8270,86170
8271,86170
8272,86170
8273,86170
8274,86170
8275,86170
8276,86170
8277,86170
8278,86170
8279,86170
8280,86170
8281,86170
8282,86170
8283,86170
8284,86170
8285,86170
8286,86170
8287,86170
8288,86170
8289,86170
8290,86170
8291,86170
8292,86170
8293,86170
8294,86170
8295,86170
8296,86170
8297,86170
8298,86170
8299,86170
8300,86170
8301,86170
8302,86170
8303,86170
8304,86170
8305,86170
8306,86170
8307,86170
8308,86170
8309,86170
8310,86170
8311,86170
8312,86170
8313,86170
8314,86170
8315,86170
8316,86170
8317,86170
8318,86170
8319,86170
8320,86170
8321,86170
8322,86170
8323,86170
8324,86170
8325,86170
8326,86170
8327,86170
8328,86170
8329,86170
8330,86170
8331,86170
8332,86170
8333,86170
8334,86170
8335,86170
8336,86170
8337,86170
8338,86170
8339,86170
8340,86170
8341,86170
8342,86170
8343,86170
8344,86170
8345,86170
8346,86170
8347,86170
8348,86170
8349,86170
8350,86170
8351,86170
8352,86170
8353,86170
8354,86170
8355,86170
8356,86170
8357,86170
8358,86170
8359,86170
8360,86170
8361,86170
8362,86170
8363,86170
8364,86170
8365,86170
8366,86170
8367,86170
8368,86170
8369,86170
8370,86170
8371,86170
8372,86170
8373,86170
8374,86170
8375,86170
8376,86170
8377,86170
8378,86170
8379,86170
8380,86170
8381,86170
8382,86170
8383,86170
8384,86170
8385,86170
8386,86170
8387,86170
8388,86170
8389,86170
8390,86170
8391,86170
8392,86170
8393,86170
8394,86170
8395,86170
8396,86170
8397,86170
8398,86170
8399,86170
8400,86170
8401,86170
8402,86170
8403,86170
8404,86170
8405,86170
8406,86170
8407,86170
8408,86170
8409,86170
8410,86170
8411,86170
8412,86170
8413,86170
8414,86170
8415,86170
8416,86170
8417,86170
8418,86170
8419,86170
8420,86170
8421,86170
8422,86170
8423,86170
8424,86170
8425,86170
8426,86170
8427,86170
8428,86170
8429,86170
8430,86170
8431,86170
8432,86170
8433,86170
8434,86170
8435,86170
8436,86170
8437,86170
8438,86170
8439,86170
8440,86170
8441,86170
8442,86170
8443,86170
8444,86170
8445,86170
8446,86170
8447,86170
8448,86170
8449,86170
8450,86170
8451,86170
8452,86170
8453,86170
8454,86170
8455,86170
8456,86170
8457,86170
8458,86170
8459,86170
8460,86170
8461,86170
8462,86170
8463,86170
8464,86170
8465,86170
8466,86170
8467,86170
8468,86170
8469,86170
8470,86170
8471,86170
8472,86170
8473,86170
8474,86170
8475,86170
8476,86170
8477,86170
8478,86170
8479,86170
8480,86170
8481,86170
8482,86170
8483,86170
8484,86170
8485,86170
8486,86170
8487,86170
8488,86170
8489,86170
8490,86170
8491,86170
8492,86170
8493,86170
8494,86170
8495,86170
8496,86170
8497,86170
8498,86170
8499,86170
8500,86170
8501,86170
8502,86170
8503,86170
8504,86170
8505,86170
8506,86170
8507,86170
8508,86170
8509,86170
8510,86170
8511,86170
8512,86170
8513,86170
8514,86170
8515,86170
8516,86170
8517,86170
8518,86170
8519,86170
8520,86170
8521,86170
8522,86170
8523,86170
8524,86170
8525,86170
8526,86170
8527,86170
8528,86170
8529,86170
8530,86170
8531,86170
8532,86170
8533,86170
8534,86170
8535,86170
8536,86170
8537,86170
8538,86170
8539,86170
8540,86170
8541,86170
8542,86170
8543,86170
8544,86170
8545,86170
8546,86170
8547,86170
8548,86170
8549,86170
8550,86170
8551,86170
8552,86170
8553,86170
8554,86170
8555,86170
8556,86170
8557,86170
8558,86170
8559,86170
8560,86170
8561,86170
8562,86170
8563,86170
8564,86170
8565,86170
8566,86170
8567,86170
8568,86170
8569,86170
8570,86170
8571,86170
8572,86170
8573,86170
8574,86170
8575,86170
8576,86170
8577,86170
8578,86170
8579,86170
8580,86170
8581,86170
8582,86170
8583,86170
8584,86170
8585,86170
8586,86170
8587,86170
8588,86170
8589,86170
8590,86170
8591,86170
8592,86170
8593,86170
8594,86170
8595,86170
8596,86170
8597,86170
8598,86170
8599,86170
8600,86170
8601,86170
8602,86170
8603,86170
8604,86170
8605,86170
8606,86170
8607,86170
8608,86170
8609,86170
8610,86170
8611,86170
8612,86170
8613,86170
8614,86170
8615,86170
8616,86170
8617,86170
8618,86170
8619,86170
8620,86170
8621,86170
8622,86170
8623,86170
8624,86170
8625,86170
8626,86170
8627,86170
8628,86170
8629,86170
8630,86170
8631,86170
8632,86170
8633,86170
8634,86170
8635,86170
8636,86170
8637,86170
8638,86170
8639,86170
8640,86170
8641,86170
8642,86170
8643,86170
8644,86170
8645,86170
8646,86170
8647,86170
8648,86170
8649,86170
8650,86170
8651,86170
8652,86170
8653,86170
8654,86170
8655,86170
8656,86170
8657,86170
8658,86170
8659,86170
8660,86170
8661,86170
8662,86170
8663,86170
8664,86170
8665,86170
8666,86170
8667,86170
8668,86170
8669,86170
8670,86170
8671,86170
8672,86170
8673,86170
8674,86170
8675,86170
8676,86170
8677,86170
8678,86170
8679,86170
8680,86170
8681,86170
8682,86170
8683,86170
8684,86170
8685,86170
8686,86170
8687,86170
8688,86170
8689,86170
8690,86170
8691,86170
8692,86170
8693,86170
8694,86170
8695,86170
8696,86170
8697,86170
8698,86170
8699,86170
8700,86170
8701,86170
8702,86170
8703,86170
8704,86170
8705,86170
8706,86170
8707,86170
8708,86170
8709,86170
8710,86170
8711,86170
8712,86170
8713,86170
8714,86170
8715,86170
8716,86170
8717,86170
8718,86170
8719,86170
8720,86170
8721,86170
8722,86170
8723,86170
8724,86170
8725,86170
8726,86170
8727,86170
8728,86170
8729,86170
8730,86170
8731,86170
8732,86170
8733,86170
8734,86170
8735,86170
8736,86170
8737,86170
8738,86170
8739,86170
8740,86170
8741,86170
8742,86170
8743,86170
8744,86170
8745,86170
8746,86170
8747,86170
8748,86170
8749,86170
8750,86170
8751,86170
8752,86170
8753,86170
8754,86170
8755,86170
8756,86170
8757,86170
8758,86170
8759,86170
8760,86170
8761,86170
8762,86170
8763,86170
8764,86170
8765,86170
8766,86170
8767,86170
8768,86170
8769,86170
8770,86170
8771,86170
8772,86170
8773,86170
8774,86170
8775,86170
8776,86170
8777,86170
8778,86170
8779,86170
8780,86170
8781,86170
8782,86170
8783,86170
8784,86170
8785,86170
8786,86170
8787,86170
8788,86170
8789,86170
8790,86170
8791,86170
8792,86170
8793,86170
8794,86170
8795,86170
8796,86170
8797,86170
8798,86170
8799,86170
8800,86170
8801,86170
8802,86170
8803,86170
8804,86170
8805,86170
8806,86170
8807,86170
8808,86170
8809,86170
8810,86170
8811,86170
8812,86170
8813,86170
8814,86170
8815,86170
8816,86170
8817,86170
8818,86170
8819,86170
8820,86170
8821,86170
8822,86170
8823,86170
8824,86170
8825,86170
8826,86170
8827,86170
8828,86170
8829,86170
8830,86170
8831,86170
8832,86170
8833,86170
8834,86170
8835,86170
8836,86170
8837,86170
8838,86170
8839,86170
8840,86170
8841,86170
8842,86170
8843,86170
8844,86170
8845,86170
8846,86170
8847,86170
8848,86170
8849,86170
8850,86170
8851,86170
8852,86170
8853,86170
8854,86170
8855,86170
8856,86170
8857,86170
8858,86170
8859,86170
8860,86170
8861,86170
8862,86170
8863,86170
8864,86170
8865,86170
8866,86170
8867,86170
8868,86170
8869,86170
8870,86170
8871,86170
8872,86170
8873,86170
8874,86170
8875,86170
8876,86170
8877,86170
8878,86170
8879,86170
8880,86170
8881,86170
8882,86170
8883,86170
8884,86170
8885,86170
8886,86170
8887,86170
8888,86170
8889,86170
8890,86170
8891,86170
8892,86170
8893,86170
8894,86170
8895,86170
8896,86170
8897,86170
8898,86170
8899,86170
8900,86170
8901,86170
8902,86170
8903,86170
8904,86170
8905,86170
8906,86170
8907,86170
8908,86170
8909,86170
8910,86170
8911,86170
8912,86170
8913,86170
8914,86170
8915,86170
8916,86170
8917,86170
8918,86170
8919,86170
8920,86170
8921,86170
8922,86170
8923,86170
8924,86170
8925,86170
8926,86170
8927,86170
8928,86170
8929,86170
8930,86170
8931,86170
8932,86170
8933,86170
8934,86170
8935,86170
8936,86170
8937,86170
8938,86170
8939,86170
8940,86170
8941,86170
8942,86170
8943,86170
8944,86170
8945,86170
8946,86170
8947,86170
8948,86170
8949,86170
8950,86170
8951,86170
8952,86170
8953,86170
8954,86170
8955,86170
8956,86170
8957,86170
8958,86170
8959,86170
8960,86170
8961,86170
8962,86170
8963,86170
8964,86170
8965,86170
8966,86170
8967,86170
8968,86170
8969,86170
8970,86170
8971,86170
8972,86170
8973,86170
8974,86170
8975,86170
8976,86170
8977,86170
8978,86170
8979,86170
8980,86170
8981,86170
8982,86170
8983,86170
8984,86170
8985,86170
8986,86170
8987,86170
8988,86170
8989,86170
8990,86170
8991,86170
8992,86170
8993,86170
8994,86170
8995,86170
8996,86170
8997,86170
8998,86170
8999,86170
9000,86170
9001,86170
9002,86170
9003,86170
9004,86170
9005,86170
9006,86170
9007,86170
9008,86170
9009,86170
9010,86170
9011,86170
9012,86170
9013,86170
9014,86170
9015,86170
9016,86170
9017,86170
9018,86170
9019,86170
9020,86170
9021,86170
9022,86170
9023,86170
9024,86170
9025,86170
9026,86170
9027,86170
9028,86170
9029,86170
9030,86170
9031,86170
9032,86170
9033,86170
9034,86170
9035,86170
9036,86170
9037,86170
9038,86170
9039,86170
9040,86170
9041,86170
9042,86170
9043,86170
9044,86170
9045,86170
9046,86170
9047,86170
9048,86170
9049,86170
9050,86170
9051,86170
9052,86170
9053,86170
9054,86170
9055,86170
9056,86170
9057,86170
9058,86170
9059,86170
9060,86170
9061,86170
9062,86170
9063,86170
9064,86170
9065,86170
9066,86170
9067,86170
9068,86170
9069,86170
9070,86170
9071,86170
9072,86170
9073,86170
9074,86170
9075,86170
9076,86170
9077,86170
9078,86170
9079,86170
9080,86170
9081,86170
9082,86170
9083,86170
9084,86170
9085,86170
9086,86170
9087,86170
9088,86170
9089,86170
9090,86170
9091,86170
9092,86170
9093,86170
9094,86170
9095,86170
9096,86170
9097,86170
9098,86170
9099,86170
9100,86170
9101,86170
9102,86170
9103,86170
9104,86170
9105,86170
9106,86170
9107,86170
9108,86170
9109,86170
9110,86170
9111,86170
9112,86170
9113,86170
9114,86170
9115,86170
9116,86170
9117,86170
9118,86170
9119,86170
9120,86170
9121,86170
9122,86170
9123,86170
9124,86170
9125,86170
9126,86170
9127,86170
9128,86170
9129,86170
9130,86170
9131,86170
9132,86170
9133,86170
9134,86170
9135,86170
9136,86170
9137,86170
9138,86170
9139,86170
9140,86170
9141,86170
9142,86170
9143,86170
9144,86170
9145,86170
9146,86170
9147,86170
9148,86170
9149,86170
9150,86170
9151,86170
9152,86170
9153,86170
9154,86170
9155,86170
9156,86170
9157,86170
9158,86170
9159,86170
9160,86170
9161,86170
9162,86170
9163,86170
9164,86170
9165,86170
9166,86170
9167,86170
9168,86170
9169,86170
9170,86170
9171,86170
9172,86170
9173,86170
9174,86170
9175,86170
9176,86170
9177,86170
9178,86170
9179,86170
9180,86170
9181,86170
9182,86170
9183,86170
9184,86170
9185,86170
9186,86170
9187,86170
9188,86170
9189,86170
9190,86170
9191,86170
9192,86170
9193,86170
9194,86170
9195,86170
9196,86170
9197,86170
9198,86170
9199,86170
9200,86170
9201,86170
9202,86170
9203,86170
9204,86170
9205,86170
9206,86170
9207,86170
9208,86170
9209,86170
9210,86170
9211,86170
9212,86170
9213,86170
9214,86170
9215,86170
9216,86170
9217,86170
9218,86170
9219,86170
9220,86170
9221,86170
9222,86170
9223,86170
9224,86170
9225,86170
9226,86170
9227,86170
9228,86170
9229,86170
9230,86170
9231,86170
9232,86170
9233,86170
9234,86170
9235,86170
9236,86170
9237,86170
9238,86170
9239,86170
9240,86170
9241,86170
9242,86170
9243,86170
9244,86170
9245,86170
9246,86170
9247,86170
9248,86170
9249,86170
9250,86170
9251,86170
9252,86170
9253,86170
9254,86170
9255,86170
9256,86170
9257,86170
9258,86170
9259,86170
9260,86170
9261,86170
9262,86170
9263,86170
9264,86170
9265,86170
9266,86170
9267,86170
9268,86170
9269,86170
9270,86170
9271,86170
9272,86170
9273,86170
9274,86170
9275,86170
9276,86170
9277,86170
9278,86170
9279,86170
9280,86170
9281,86170
9282,86170
9283,86170
9284,86170
9285,86170
9286,86170
9287,86170
9288,86170
9289,86170
9290,86170
9291,86170
9292,86170
9293,86170
9294,86170
9295,86170
9296,86170
9297,86170
9298,86170
9299,86170
9300,86170
9301,86170
9302,86170
9303,86170
9304,86170
9305,86170
9306,86170
9307,86170
9308,86170
9309,86170
9310,86170
9311,86170
9312,86170
9313,86170
9314,86170
9315,86170
9316,88060
9317,88060
9318,88060
9319,88060
9320,88060
9321,88060
9322,88060
9323,88060
9324,88060
9325,88060
9326,88060
9327,88060
9328,88060
9329,88060
9330,88060
9331,88060
9332,88060
9333,88060
9334,88060
9335,88060
9336,88060
9337,88060
9338,88060
9339,88060
9340,88060
9341,88060
9342,88060
9343,88060
9344,88060
9345,88060
9346,88060
9347,88060
9348,88060
9349,88060
9350,88060
9351,88060
9352,88060
9353,88060
9354,88060
9355,88060
9356,88060
9357,88060
9358,88060
9359,88060
9360,88060
9361,88060
9362,88060
9363,88060
9364,88060
9365,88060
9366,88060
9367,88060
9368,88060
9369,88060
9370,88060
9371,88060
9372,88060
9373,88060
9374,88060
9375,88060
9376,88060
9377,88060
9378,88060
9379,88060
9380,88060
9381,88060
9382,88060
9383,88060
9384,88060
9385,88060
9386,88060
9387,88060
9388,88060
9389,88060
9390,88060
9391,88060
9392,88060
9393,88060
9394,88060
9395,88060
9396,88060
9397,88060
9398,88060
9399,88060
9400,88060
9401,88060
9402,88060
9403,88060
9404,88060
9405,88060
9406,88060
9407,88060
9408,88060
9409,88060
9410,88060
9411,88060
9412,88060
9413,88060
9414,88060
9415,88060
9416,88060
9417,88060
9418,88060
9419,88060
9420,88060
9421,88060
9422,88060
9423,88060
9424,88060
9425,88060
9426,88060
9427,88060
9428,88060
9429,88060
9430,88060
9431,88060
9432,88060
9433,88060
9434,88060
9435,88060
9436,88060
9437,88060
9438,88060
9439,88060
9440,88060
9441,88060
9442,88060
9443,88060
9444,88060
9445,88060
9446,88060
9447,88060
9448,88060
9449,88060
9450,88060
9451,88060
9452,88060
9453,88060
9454,88060
9455,88060
9456,88060
9457,88060
9458,88060
9459,88060
9460,88060
9461,88060
9462,88060
9463,88060
9464,88060
9465,88060
9466,88060
9467,88060
9468,88060
9469,88060
9470,88060
9471,88060
9472,88060
9473,88060
9474,88060
9475,88060
9476,88060
9477,88060
9478,88060
9479,88060
9480,88060
9481,88060
9482,88060
9483,88060
9484,88060
9485,88060
9486,88060
9487,88060
9488,88060
9489,88060
9490,88060
9491,88060
9492,88060
9493,88060
9494,88060
9495,88060
9496,88060
9497,88060
9498,88060
9499,88060
9500,88060
9501,88060
9502,88060
9503,88060
9504,88060
9505,88060
9506,88060
9507,88060
9508,88060
9509,88060
9510,88060
9511,88060
9512,88060
9513,88060
9514,88060
9515,88060
9516,88060
9517,88060
9518,88060
9519,88060
9520,88060
9521,88060
9522,88060
9523,88060
9524,88060
9525,88060
9526,88060
9527,88060
9528,88060
9529,88060
9530,88060
9531,88060
9532,88060
9533,88060
9534,88060
9535,88060
9536,88060
9537,88060
9538,88060
9539,88060
9540,88060
9541,88060
9542,88060
9543,88060
9544,88060
9545,88060
9546,88060
9547,88060
9548,88060
9549,88060
9550,88060
9551,88060
9552,88060
9553,88060
9554,88060
9555,88060
9556,88060
9557,88060
9558,88060
9559,88060
9560,88060
9561,88060
9562,88060
9563,88060
9564,88060
9565,88060
9566,88060
9567,88060
9568,88060
9569,88060
9570,88060
9571,88060
9572,88060
9573,88060
9574,88060
9575,88060
9576,88060
9577,88060
9578,88060
9579,88060
9580,88060
9581,88060
9582,88060
9583,88060
9584,88060
9585,88060
9586,88060
9587,88060
9588,88060
9589,88060
9590,88060
9591,88060
9592,88060
9593,88060
9594,88060
9595,88060
9596,88060
9597,88060
9598,88060
9599,88060
9600,88060
9601,88060
9602,88060
9603,88060
9604,88060
9605,88060
9606,88060
9607,88060
9608,88060
9609,88060
9610,88060
9611,88060
9612,88060
9613,88060
9614,88060
9615,88060
9616,88060
9617,88060
9618,88060
9619,88060
9620,88060
9621,88060
9622,88060
9623,88060
9624,88060
9625,88060
9626,88060
9627,88060
9628,88060
9629,88060
9630,88060
9631,88060
9632,88060
9633,88060
9634,88060
9635,88060
9636,88060
9637,88060
9638,88060
9639,88060
9640,88060
9641,88060
9642,88060
9643,88060
9644,88060
9645,88060
9646,88060
9647,88060
9648,88060
9649,88060
9650,88060
9651,88060
9652,88060
9653,88060
9654,88060
9655,88060
9656,88060
9657,88060
9658,88060
9659,88060
9660,88060
9661,88060
9662,88060
9663,88060
9664,88060
9665,88060
9666,88060
9667,88060
9668,88060
9669,88060
9670,88060
9671,88060
9672,88060
9673,88060
9674,88060
9675,88060
9676,88060
9677,88060
9678,88060
9679,88060
9680,88060
9681,88060
9682,88060
9683,88060
9684,88060
9685,88060
9686,88060
9687,88060
9688,88060
9689,88060
9690,88060
9691,88060
9692,88060
9693,88060
9694,88060
9695,88060
9696,88060
9697,88060
9698,88060
9699,88060
9700,88060
9701,88060
9702,88060
9703,88060
9704,88060
9705,88060
9706,88060
9707,88060
9708,88060
9709,88060
9710,88060
9711,88060
9712,88060
9713,88060
9714,88060
9715,88060
9716,88060
9717,88060
9718,88060
9719,88060
9720,88060
9721,88060
9722,88060
9723,88060
9724,88060
9725,88060
9726,88060
9727,88060
9728,88060
9729,88060
9730,88060
9731,88060
9732,88060
9733,88060
9734,88060
9735,88060
9736,88060
9737,88060
9738,88060
9739,88060
9740,88060
9741,88060
9742,88060
9743,88060
9744,88060
9745,88060
9746,88060
9747,88060
9748,88060
9749,88060
9750,88060
9751,88060
9752,88060
9753,88060
9754,88060
9755,88060
9756,88060
9757,88060
9758,88060
9759,88060
9760,88060
9761,88060
9762,88060
9763,88060
9764,88060
9765,88060
9766,88060
9767,88060
9768,88060
9769,88060
9770,88060
9771,88060
9772,88060
9773,88060
9774,88060
9775,88060
9776,88060
9777,88060
9778,88060
9779,88060
9780,88060
9781,88060
9782,88060
9783,88060
9784,88060
9785,88060
9786,88060
9787,88060
9788,88060
9789,88060
9790,88060
9791,88060
9792,88060
9793,88060
9794,88060
9795,88060
9796,88060
9797,88060
9798,88060
9799,88060
9800,88060
9801,88060
9802,88060
9803,88060
9804,88060
9805,88060
9806,88060
9807,88060
9808,88060
9809,88060
9810,88060
9811,88060
9812,88060
9813,88060
9814,88060
9815,88060
9816,88060
9817,88060
9818,88060
9819,88060
9820,88060
9821,88060
9822,88060
9823,88060
9824,88060
9825,88060
9826,88060
9827,88060
9828,88060
9829,88060
9830,88060
9831,88060
9832,88060
9833,88060
9834,88060
9835,88060
9836,88060
9837,88060
9838,88060
9839,88060
9840,88060
9841,88060
9842,88060
9843,88060
9844,88060
9845,88060
9846,88060
9847,88060
9848,88060
9849,88060
9850,88060
9851,88060
9852,88060
9853,88060
9854,88060
9855,88060
9856,88060
9857,88060
9858,88060
9859,88060
9860,88060
9861,88060
9862,88060
9863,88060
9864,88060
9865,88060
9866,88060
9867,88060
9868,88060
9869,88060
9870,88060
9871,88060
9872,88060
9873,88060
9874,88060
9875,88060
9876,88060
9877,88060
9878,88060
9879,88060
9880,88060
9881,88060
9882,88060
9883,88060
9884,88060
9885,88060
9886,88060
9887,88060
9888,88060
9889,88060
9890,88060
9891,88060
9892,88060
9893,88060
9894,88060
9895,88060
9896,88060
9897,88060
9898,88060
9899,88060
9900,88060
9901,88060
9902,88060
9903,88060
9904,88060
9905,88060
9906,88060
9907,88060
9908,88060
9909,88060
9910,88060
9911,88060
9912,88060
9913,88060
9914,88060
9915,88060
9916,88060
9917,88060
9918,88060
9919,88060
9920,88060
9921,88060
9922,88060
9923,88060
9924,88060
9925,88060
9926,88060
9927,88060
9928,88060
9929,88060
9930,88060
9931,88060
9932,88060
9933,88060
9934,88060
9935,88060
9936,88060
9937,88060
9938,88060
9939,88060
9940,88060
9941,88060
9942,88060
9943,88060
9944,88060
9945,88060
9946,88060
9947,88060
9948,88060
9949,88060
9950,88060
9951,88060
9952,88060
9953,88060
9954,88060
9955,88060
9956,88060
9957,88060
9958,88060
9959,88060
9960,88060
9961,88060
9962,88060
9963,88060
9964,88060
9965,88060
9966,88060
9967,88060
9968,88060
9969,88060
9970,88060
9971,88060
9972,88060
9973,88060
9974,88060
9975,88060
9976,88060
9977,88060
9978,88060
9979,88060
9980,88060
9981,88060
9982,88060
9983,88060
9984,88060
9985,88060
9986,88060
9987,88060
9988,88060
9989,88060
9990,88060
9991,88060
9992,88060
9993,88060
9994,88060
9995,88060
9996,88060
9997,88060
9998,88060
9999,88060
10000,88060
10001,88060
10002,88060
10003,88060
10004,88060
10005,88060
10006,88060
10007,88060
10008,88060
10009,88060
10010,88060
10011,88060
10012,88060
10013,88060
10014,88060
10015,88060
10016,88060
10017,88060
10018,88060
10019,88060
10020,88060
10021,88060
10022,88060
10023,88060
10024,88060
10025,88060
10026,88060
10027,88060
10028,88060
10029,88060
10030,88060
10031,88060
10032,88060
10033,88060
10034,88060
10035,88060
10036,88060
10037,88060
10038,88060
10039,88060
10040,88060
10041,88060
10042,88060
10043,88060
10044,88060
10045,88060
10046,88060
10047,88060
10048,88060
10049,88060
10050,88060
10051,88060
10052,88060
10053,88060
10054,88060
10055,88060
10056,88060
10057,88060
10058,88060
10059,88060
10060,88060
10061,88060
10062,88060
10063,88060
10064,88060
10065,88060
10066,88060
10067,88060
10068,88060
10069,88060
10070,88060
10071,88060
10072,88060
10073,88060
10074,88060
10075,88060
10076,88060
10077,88060
10078,88060
10079,88060
10080,88060
10081,88060
10082,88060
10083,88060
10084,88060
10085,88060
10086,88060
10087,88060
10088,88060
10089,88060
10090,88060
10091,88060
10092,88060
10093,88060
10094,88060
10095,88060
10096,88060
10097,88060
10098,88060
10099,88060
10100,88060
10101,88060
10102,88060
10103,88060
10104,88060
10105,88060
10106,88060
10107,88060
10108,88060
10109,88060
10110,88060
10111,88060
10112,88060
10113,88060
10114,88060
10115,88060
10116,88060
10117,88060
10118,88060
10119,88060
10120,88060
10121,88060
10122,88060
10123,88060
10124,88060
10125,88060
10126,88060
10127,88060
10128,88060
10129,88060
10130,88060
10131,88060
10132,88060
10133,88060
10134,88060
10135,88060
10136,88060
10137,88060
10138,88060
10139,88060
10140,88060
10141,88060
10142,88060
10143,88060
10144,88060
10145,88060
10146,88060
10147,88060
10148,88060
10149,88060
10150,88060
10151,88060
10152,88060
10153,88060
10154,88060
10155,88060
10156,88060
10157,88060
10158,88060
10159,88060
10160,88060
10161,88060
10162,88060
10163,88060
10164,88060
10165,88060
10166,88060
10167,88060
10168,88060
10169,88060
10170,88060
10171,88060
10172,88060
10173,88060
10174,88060
10175,88060
10176,88060
10177,88060
10178,88060
10179,88060
10180,88060
10181,88060
10182,88060
10183,88060
10184,88060
10185,88060
10186,88060
10187,88060
10188,88060
10189,88060
10190,88060
10191,88060
10192,88060
10193,88060
10194,88060
10195,88060
10196,88060
10197,88060
10198,88060
10199,88060
10200,88060
10201,88060
10202,88060
10203,88060
10204,88060
10205,88060
10206,88060
10207,88060
10208,88060
10209,88060
10210,88060
10211,88060
10212,88060
10213,88060
10214,88060
10215,88060
10216,88060
10217,88060
10218,88060
10219,88060
10220,88060
10221,88060
10222,88060
10223,88060
10224,88060
10225,88060
10226,88060
10227,88060
10228,88060
10229,88060
10230,88060
10231,88060
10232,88060
10233,88060
10234,88060
10235,88060
10236,88060
10237,88060
10238,88060
10239,88060
10240,88060
10241,88060
10242,88060
10243,88060
10244,88060
10245,88060
10246,88060
10247,88060
10248,88060
10249,88060
10250,88060
10251,88060
10252,88060
10253,88060
10254,88060
10255,88060
10256,88060
10257,88060
10258,88060
10259,88060
10260,88060
10261,88060
10262,88060
10263,88060
10264,88060
10265,88060
10266,88060
10267,88060
10268,88060
10269,88060
10270,88060
10271,88060
10272,88060
10273,88060
10274,88060
10275,88060
10276,88060
10277,88060
10278,88060
10279,88060
10280,88060
10281,88060
10282,88060
10283,88060
10284,88060
10285,88060
10286,88060
10287,88060
10288,88060
10289,88060
10290,88060
10291,88060
10292,88060
10293,88060
10294,88060
10295,88060
10296,88060
10297,88060
10298,88060
10299,88060
10300,88060
10301,88060
10302,88060
10303,88060
10304,88060
10305,88060
10306,88060
10307,88060
10308,88060
10309,88060
10310,88060
10311,88060
10312,88060
10313,88060
10314,88060
10315,88060
10316,88060
10317,88060
10318,88060
10319,88060
10320,88060
10321,88060
10322,88060
10323,88060
10324,88060
10325,88060
10326,88060
10327,88060
10328,88060
10329,88060
10330,88060
10331,88060
10332,88060
10333,88060
10334,88060
10335,88060
10336,88060
10337,88060
10338,88060
10339,88060
10340,88060
10341,88060
10342,88060
10343,88060
10344,88060
10345,88060
10346,88060
10347,88060
10348,88060
10349,88060
10350,88060
10351,88060
10352,88060
10353,88060
10354,88060
10355,88060
10356,88060
10357,88060
10358,88060
10359,88060
10360,88060
10361,88060
10362,88060
10363,88060
10364,88060
10365,88060
10366,88060
10367,88060
10368,88060
10369,88060
10370,88060
10371,88060
10372,88060
10373,88060
10374,88060
10375,88060
10376,88060
10377,88060
10378,88060
10379,88060
10380,88060
10381,88060
10382,88060
10383,88060
10384,88060
10385,88060
10386,88060
10387,88060
10388,88060
10389,88060
10390,88060
10391,88060
10392,88060
10393,88060
10394,88060
10395,88060
10396,88060
10397,88060
10398,88060
10399,88060
10400,88060
10401,88060
10402,88060
10403,88060
10404,88060
10405,88060
10406,88060
10407,88060
10408,88060
10409,88060
10410,88060
10411,88060
10412,88060
10413,88060
10414,88060
10415,88060
10416,88060
10417,88060
10418,88060
10419,88060
10420,88060
10421,88060
10422,88060
10423,88060
10424,88060
10425,88060
10426,88060
10427,88060
10428,88060
10429,88060
10430,88060
10431,88060
10432,88060
10433,88060
10434,88060
10435,88060
10436,88060
10437,88060
10438,88060
10439,88060
10440,88060
10441,88060
10442,88060
10443,88060
10444,88060
10445,88060
10446,88060
10447,88060
10448,88060
10449,88060
10450,88060
10451,88060
10452,88060
10453,88060
10454,88060
10455,88060
10456,88060
10457,88060
10458,88060
10459,88060
10460,88060
10461,88060
10462,88060
10463,88060
10464,88060
10465,88060
10466,88060
10467,88060
10468,88060
10469,88060
10470,88060
10471,88060
10472,88060
10473,88060
10474,88060
10475,88060
10476,88060
10477,88060
10478,88060
10479,88060
10480,88060
10481,88060
10482,88060
10483,88060
10484,88060
10485,88060
10486,88060
10487,88060
10488,88060
10489,88060
10490,88060
10491,88060
10492,88060
10493,88060
10494,88060
10495,88060
10496,88060
10497,88060
10498,88060
10499,88060
10500,88060
10501,88060
10502,88060
10503,88060
10504,88060
10505,88060
10506,88060
10507,88060
10508,88060
10509,88060
10510,88060
10511,88060
10512,88060
10513,88060
10514,88060
10515,88060
10516,88060
10517,88060
10518,88060
10519,88060
10520,88060
10521,88060
10522,88060
10523,88060
10524,88060
10525,88060
10526,88060
10527,88060
10528,88060
10529,88060
10530,88060
10531,88060
10532,88060
10533,88060
10534,88060
10535,88060
10536,88060
10537,88060
10538,88060
10539,88060
10540,88060
10541,88060
10542,88060
10543,88060
10544,88060
10545,88060
10546,88060
10547,88060
10548,88060
10549,88060
10550,88060
10551,88060
10552,88060
10553,88060
10554,88060
10555,88060
10556,88060
10557,88060
10558,88060
10559,88060
10560,88060
10561,88060
10562,88060
10563,88060
10564,88060
10565,88060
10566,88060
10567,88060
10568,88060
10569,88060
10570,88060
10571,88060
10572,88060
10573,88060
10574,88060
10575,88060
10576,88060
10577,88060
10578,88060
10579,88060
10580,88060
10581,88060
10582,88060
10583,88060
10584,88060
10585,88060
10586,88060
10587,88060
10588,88060
10589,88060
10590,88060
10591,88060
10592,88060
10593,88060
10594,88060
10595,88060
10596,88060
10597,88060
10598,88060
10599,88060
10600,88060
10601,88060
10602,88060
10603,88060
10604,88060
10605,88060
10606,88060
10607,88060
10608,88060
10609,88060
10610,88060
10611,88060
10612,88060
10613,88060
10614,88060
10615,88060
10616,88060
10617,88060
10618,88060
10619,88060
10620,88060
10621,88060
10622,88060
10623,88060
10624,88060
10625,88060
10626,88060
10627,88060
10628,88060
10629,88060
10630,88060
10631,88060
10632,88060
10633,88060
10634,88060
10635,88060
10636,88060
10637,88060
10638,88060
10639,88060
10640,88060
10641,88060
10642,88060
10643,88060
10644,88060
10645,88060
10646,88060
10647,88060
10648,88060
10649,88060
10650,88060
10651,88060
10652,88060
10653,88060
10654,88060
10655,88060
10656,88060
10657,88060
10658,88060
10659,88060
10660,88060
10661,88060
10662,88060
10663,88060
10664,88060
10665,88060
10666,88060
10667,88060
10668,88060
10669,88060
10670,88060
10671,88060
10672,88060
10673,88060
10674,88060
10675,88060
10676,88060
10677,88060
10678,88060
10679,88060
10680,88060
10681,88060
10682,88060
10683,88060
10684,88060
10685,88060
10686,88060
10687,88060
10688,88060
10689,88060
10690,88060
10691,88060
10692,88060
10693,88060
10694,88060
10695,88060
10696,88060
10697,88060
10698,88060
10699,88060
10700,88060
10701,88060
10702,88060
10703,88060
10704,88060
10705,88060
10706,88060
10707,88060
10708,88060
10709,88060
10710,88060
10711,88060
10712,88060
10713,88060
10714,88060
10715,88060
10716,88060
10717,88060
10718,88060
10719,88060
10720,88060
10721,88060
10722,88060
10723,88060
10724,88060
10725,88060
10726,88060
10727,88060
10728,88060
10729,88060
10730,88060
10731,88060
10732,88060
10733,88060
10734,88060
10735,88060
10736,88060
10737,88060
10738,88060
10739,88060
10740,88060
10741,88060
10742,88060
10743,88060
10744,88060
10745,88060
10746,88060
10747,88060
10748,88060
10749,88060
10750,88060
10751,88060
10752,88060
10753,88060
10754,88060
10755,88060
10756,88060
10757,88060
10758,88060
10759,88060
10760,88060
10761,88060
10762,88060
10763,88060
10764,88060
10765,88060
10766,88060
10767,88060
10768,88060
10769,88060
10770,88060
10771,88060
10772,88060
10773,88060
10774,88060
10775,88060
10776,88060
10777,88060
10778,88060
10779,88060
10780,88060
10781,88060
10782,88060
10783,88060
10784,88060
10785,88060
10786,88060
10787,88060
10788,88060
10789,88060
10790,88060
10791,88060
10792,88060
10793,88060
10794,88060
10795,88060
10796,88060
10797,88060
10798,88060
10799,88060
10800,88060
10801,88060
10802,88060
10803,88060
10804,88060
10805,88060
10806,88060
10807,88060
10808,88060
10809,88060
10810,88060
10811,88060
10812,88060
10813,88060
10814,88060
10815,88060
10816,88060
10817,88060
10818,88060
10819,88060
10820,88060
10821,88060
10822,88060
10823,88060
10824,88060
10825,88060
10826,88060
10827,88060
10828,88060
10829,88060
10830,88060
10831,88060
10832,88060
10833,88060
10834,88060
10835,88060
10836,88060
10837,88060
10838,88060
10839,88060
10840,88060
10841,88060
10842,88060
10843,88060
10844,88060
10845,88060
10846,88060
10847,88060
10848,88060
10849,88060
10850,88060
10851,88060
10852,88060
10853,88060
10854,88060
10855,88060
10856,88060
10857,88060
10858,88060
10859,88060
10860,88060
10861,88060
10862,88060
10863,88060
10864,88060
10865,88060
10866,88060
10867,88060
10868,88060
10869,88060
10870,88060
10871,88060
10872,88060
10873,88060
10874,88060
10875,88060
10876,88060
10877,88060
10878,88060
10879,88060
10880,88060
10881,88060
10882,88060
10883,88060
10884,88060
10885,88060
10886,88060
10887,88060
10888,88060
10889,88060
10890,88060
10891,88060
10892,88060
10893,88060
10894,88060
10895,88060
10896,88060
10897,88060
10898,88060
10899,88060
10900,88060
10901,88060
10902,88060
10903,88060
10904,88060
10905,88060
10906,88060
10907,88060
10908,88060
10909,88060
10910,88060
10911,88060
10912,88060
10913,88060
10914,88060
10915,88060
10916,88060
10917,88060
10918,88060
10919,88060
10920,88060
10921,88060
10922,88060
10923,88060
10924,88060
10925,88060
10926,88060
10927,88060
10928,88060
10929,88060
10930,88060
10931,88060
10932,88060
10933,88060
10934,88060
10935,88060
10936,88060
10937,88060
10938,88060
10939,88060
10940,88060
10941,88060
10942,88060
10943,88060
10944,88060
10945,88060
10946,88060
10947,88060
10948,88060
10949,88060
10950,88060
10951,88060
10952,88060
10953,88060
10954,88060
10955,88060
10956,88060
10957,88060
10958,88060
10959,88060
10960,88060
10961,88060
10962,88060
10963,88060
10964,88060
10965,88060
10966,88060
10967,88060
10968,88060
10969,88060
10970,88060
10971,88060
10972,88060
10973,88060
10974,88060
10975,88060
10976,88060
10977,88060
10978,88060
10979,88060
10980,88060
10981,88060
10982,88060
10983,88060
10984,88060
10985,88060
10986,88060
10987,88060
10988,88060
10989,88060
10990,88060
10991,88060
10992,88060
10993,88060
10994,88060
10995,88060
10996,88060
10997,88060
10998,88060
10999,88060
11000,88060
11001,88060
11002,88060
11003,88060
11004,88060
11005,88060
11006,88060
11007,88060
11008,88060
11009,88060
11010,88060
11011,88060
11012,88060
11013,88060
11014,88060
11015,88060
11016,88060
11017,88060
11018,88060
11019,88060
11020,88060
11021,88060
11022,88060
11023,88060
11024,88060
11025,88060
11026,88060
11027,88060
11028,88060
11029,88060
11030,88060
11031,88060
11032,88060
11033,88060
11034,88060
11035,88060
11036,88060
11037,88060
11038,88060
11039,88060
11040,88060
11041,88060
11042,88060
11043,88060
11044,88060
11045,88060
11046,88060
11047,88060
11048,88060
11049,88060
11050,88060
11051,88060
11052,88060
11053,88060
11054,88060
11055,88060
11056,88060
11057,88060
11058,88060
11059,88060
11060,88060
11061,88060
11062,88060
11063,88060
11064,88060
11065,88060
11066,88060
11067,88060
11068,88060
11069,88060
11070,88060
11071,88060
11072,88060
11073,88060
11074,88060
11075,88060
11076,88060
11077,88060
11078,88060
11079,88060
11080,88060
11081,88060
11082,88060
11083,88060
11084,88060
11085,88060
11086,88060
11087,88060
11088,88060
11089,88060
11090,88060
11091,88060
11092,88060
11093,88060
11094,88060
11095,88060
11096,88060
11097,88060
11098,88060
11099,88060
11100,88060
11101,88060
11102,88060
11103,88060
11104,88060
11105,88060
11106,88060
11107,88060
11108,88060
11109,88060
11110,88060
11111,88060
11112,88060
11113,88060
11114,88060
11115,88060
11116,88060
11117,88060
11118,88060
11119,88060
11120,88060
11121,88060
11122,88060
11123,88060
11124,88060
11125,88060
11126,88060
11127,88060
11128,88060
11129,88060
11130,88060
11131,88060
11132,88060
11133,88060
11134,88060
11135,88060
11136,88060
11137,88060
11138,88060
11139,88060
11140,88060
11141,88060
11142,88060
11143,88060
11144,88060
11145,88060
11146,88060
11147,88060
11148,88060
11149,88060
11150,88060
11151,88060
11152,88060
11153,88060
11154,88060
11155,88060
11156,88060
11157,88060
11158,88060
11159,88060
11160,88060
11161,88060
11162,88060
11163,88060
11164,88060
11165,88060
11166,88060
11167,88060
11168,88060
11169,88060
11170,88060
11171,88060
11172,88060
11173,88060
11174,88060
11175,88060
11176,88060
11177,88060
11178,88060
11179,88060
11180,88060
11181,88060
11182,88060
11183,88060
11184,88060
11185,88060
11186,88060
11187,88060
11188,88060
11189,88060
11190,88060
11191,88060
11192,88060
11193,88060
11194,88060
11195,88060
11196,88060
11197,88060
11198,88060
11199,88060
11200,88060
11201,88060
11202,88060
11203,88060
11204,88060
11205,88060
11206,88060
11207,88060
11208,88060
11209,88060
11210,88060
11211,88060
11212,88060
11213,88060
11214,88060
11215,88060
11216,88060
11217,88060
11218,88060
11219,88060
11220,88060
11221,88060
11222,88060
11223,88060
11224,88060
11225,88060
11226,88060
11227,88060
11228,88060
11229,88060
11230,88060
11231,88060
11232,88060
11233,88060
11234,88060
11235,88060
11236,88060
11237,88060
11238,88060
11239,88060
11240,88060
11241,88060
11242,88060
11243,88060
11244,88060
11245,88060
11246,88060
11247,88060
11248,88060
11249,88060
11250,88060
11251,88060
11252,88060
11253,88060
11254,88060
11255,88060
11256,88060
11257,88060
11258,88060
11259,88060
11260,88060
11261,88060
11262,88060
11263,88060
11264,88060
11265,88060
11266,88060
11267,88060
11268,88060
11269,88060
11270,88060
11271,88060
11272,88060
11273,88060
11274,88060
11275,88060
11276,88060
11277,88060
11278,88060
11279,88060
11280,88060
11281,88060
11282,88060
11283,88060
11284,88060
11285,88060
11286,88060
11287,88060
11288,88060
11289,88060
11290,88060
11291,88060
11292,88060
11293,88060
11294,88060
11295,88060
11296,88060
11297,88060
11298,88060
11299,88060
11300,88060
11301,88060
11302,88060
11303,88060
11304,88060
11305,88060
11306,88060
11307,88060
11308,88060
11309,88060
11310,88060
11311,88060
11312,88060
11313,88060
11314,88060
11315,88060
11316,88060
11317,88060
11318,88060
11319,88060
11320,88060
11321,88060
11322,88060
11323,88060
11324,88060
11325,88060
11326,88060
11327,88060
11328,88060
11329,88060
11330,88060
11331,88060
11332,88060
11333,88060
11334,88060
11335,88060
11336,88060
11337,88060
11338,88060
11339,88060
11340,88060
11341,88060
11342,88060
11343,88060
11344,88060
11345,88060
11346,88060
11347,88060
11348,88060
11349,88060
11350,88060
11351,88060
11352,88060
11353,88060
11354,88060
11355,88060
11356,88060
11357,88060
11358,88060
11359,88060
11360,88060
11361,88060
11362,88060
11363,88060
11364,88060
11365,88060
11366,88060
11367,88060
11368,88060
11369,88060
11370,88060
11371,88060
11372,88060
11373,88060
11374,88060
11375,88060
11376,88060
11377,88060
11378,88060
11379,88060
11380,88060
11381,88060
11382,88060
11383,88060
11384,88060
11385,88060
11386,88060
11387,88060
11388,88060
11389,88060
11390,88060
11391,88060
11392,88060
11393,88060
11394,88060
11395,88060
11396,88060
11397,88060
11398,88060
11399,88060
11400,88060
11401,88060
11402,88060
11403,88060
11404,88060
11405,88060
11406,88060
11407,88060
11408,88060
11409,88060
11410,88060
11411,88060
11412,88060
11413,88060
11414,88060
11415,88060
11416,88060
11417,88060
11418,88060
11419,88060
11420,88060
11421,88060
11422,88060
11423,88060
11424,88060
11425,88060
11426,88060
11427,88060
11428,88060
11429,88060
11430,88060
11431,88060
11432,88060
11433,88060
11434,88060
11435,88060
11436,88060
11437,88060
11438,88060
11439,88060
11440,88060
11441,88060
11442,88060
11443,88060
11444,88060
11445,88060
11446,88060
11447,88060
11448,88060
11449,88060
11450,88060
11451,88060
11452,88060
11453,88060
11454,88060
11455,88060
11456,88060
11457,88060
11458,88060
11459,88060
11460,88060
11461,88060
11462,88060
11463,88060
11464,88060
11465,88060
11466,88060
11467,88060
11468,88060
11469,88060
11470,88060
11471,88060
11472,88060
11473,88060
11474,88060
11475,88060
11476,88060
11477,88060
11478,88060
11479,88060
11480,88060
11481,88060
11482,88060
11483,88060
11484,88060
11485,88060
11486,88060
11487,88060
11488,88060
11489,88060
11490,88060
11491,88060
11492,88060
11493,88060
11494,88060
11495,88060
11496,88060
11497,88060
11498,88060
11499,88060
11500,88060
11501,88060
11502,88060
11503,88060
11504,88060
11505,88060
11506,88060
11507,88060
11508,88060
11509,88060
11510,88060
11511,88060
11512,88060
11513,88060
11514,88060
11515,88060
11516,88060
11517,88060
11518,88060
11519,88060
11520,88060
11521,88060
11522,88060
11523,88060
11524,88060
11525,88060
11526,88060
11527,88060
11528,88060
11529,88060
11530,88060
11531,88060
11532,88060
11533,88060
11534,88060
11535,88060
11536,88060
11537,88060
11538,88060
11539,88060
11540,88060
11541,88060
11542,88060
11543,88060
11544,88060
11545,88060
11546,88060
11547,88060
11548,88060
11549,88060
11550,88060
11551,88060
11552,88060
11553,88060
11554,88060
11555,88060
11556,88060
11557,88060
11558,88060
11559,88060
11560,88060
11561,88060
11562,88060
11563,88060
11564,88060
11565,88060
11566,88060
11567,88060
11568,88060
11569,88060
11570,88060
11571,88060
11572,88060
11573,88060
11574,88060
11575,88060
11576,88060
11577,88060
11578,88060
11579,88060
11580,88060
11581,88060
11582,88060
11583,88060
11584,88060
11585,88060
11586,88060
11587,88060
11588,88060
11589,88060
11590,88060
11591,88060
11592,88060
11593,88060
11594,88060
11595,88060
11596,88060
11597,88060
11598,88060
11599,88060
11600,88060
11601,88060
11602,88060
11603,88060
11604,88060
11605,88060
11606,88060
11607,88060
11608,88060
11609,88060
11610,88060
11611,88060
11612,88060
11613,88060
11614,88060
11615,88060
11616,88060
11617,88060
11618,88060
11619,88060
11620,88060
11621,88060
11622,88060
11623,88060
11624,88060
11625,88060
11626,88060
11627,88060
11628,88060
11629,88060
11630,88060
11631,88060
11632,88060
11633,88060
11634,88060
11635,88060
11636,88060
11637,88060
11638,88060
11639,88060
11640,88060
11641,88060
11642,88060
11643,88060
11644,88060
11645,88060
11646,88060
11647,88060
11648,88060
11649,88060
11650,88060
11651,88060
11652,88060
11653,88060
11654,88060
11655,88060
11656,88060
11657,88060
11658,88060
11659,88060
11660,88060
11661,88060
11662,88060
11663,88060
11664,88060
11665,88060
11666,88060
11667,88060
11668,88060
11669,88060
11670,88060
11671,88060
11672,88060
11673,88060
11674,88060
11675,88060
11676,88060
11677,88060
11678,88060
11679,88060
11680,88060
11681,88060
11682,88060
11683,88060
11684,88060
11685,88060
11686,88060
11687,88060
11688,88060
11689,88060
11690,88060
11691,88060
11692,88060
11693,88060
11694,88060
11695,88060
11696,88060
11697,88060
11698,88060
11699,88060
11700,88060
11701,88060
11702,88060
11703,88060
11704,88060
11705,88060
11706,88060
11707,88060
11708,88060
11709,88060
11710,88060
11711,88060
11712,88060
11713,88060
11714,88060
11715,88060
11716,88060
11717,88060
11718,88060
11719,88060
11720,88060
11721,88060
11722,88060
11723,88060
11724,88060
11725,88060
11726,88060
11727,88060
11728,88060
11729,88060
11730,88060
11731,88060
11732,88060
11733,88060
11734,88060
11735,88060
11736,88060
11737,88060
11738,88060
11739,88060
11740,88060
11741,88060
11742,88060
11743,88060
11744,88060
11745,88060
11746,88060
11747,88060
11748,88060
11749,88060
11750,88060
11751,88060
11752,88060
11753,88060
11754,88060
11755,88060
11756,88060
11757,88060
11758,88060
11759,88060
11760,88060
11761,88060
11762,88060
11763,88060
11764,88060
11765,88060
11766,88060
11767,88060
11768,88060
11769,88060
11770,88060
11771,88060
11772,88060
11773,88060
11774,88060
11775,88060
11776,88060
11777,88060
11778,88060
11779,88060
11780,88060
11781,88060
11782,88060
11783,88060
11784,88060
11785,88060
11786,88060
11787,88060
11788,88060
11789,88060
11790,88060
11791,88060
11792,88060
11793,88060
11794,88060
11795,88060
11796,88060
11797,88060
11798,88060
11799,88060
11800,88060
11801,88060
11802,88060
11803,88060
11804,88060
11805,88060
11806,88060
11807,88060
11808,88060
11809,88060
11810,88060
11811,88060
11812,88060
11813,88060
11814,88060
11815,88060
11816,88060
11817,88060
11818,88060
11819,88060
11820,88060
11821,88060
11822,88060
11823,88060
11824,88060
11825,88060
11826,88060
11827,88060
11828,88060
11829,88060
11830,88060
11831,88060
11832,88060
11833,88060
11834,88060
11835,88060
11836,88060
11837,88060
11838,88060
11839,88060
11840,88060
11841,88060
11842,88060
11843,88060
11844,88060
11845,88060
11846,88060
11847,88060
11848,88060
11849,88060
11850,88060
11851,88060
11852,88060
11853,88060
11854,88060
11855,88060
11856,88060
11857,88060
11858,88060
11859,88060
11860,88060
11861,88060
11862,88060
11863,88060
11864,88060
11865,88060
11866,88060
11867,88060
11868,88060
11869,88060
11870,88060
11871,88060
11872,88060
11873,88060
11874,88060
11875,88060
11876,88060
11877,88060
11878,88060
11879,88060
11880,88060
11881,88060
11882,88060
11883,88060
11884,88060
11885,88060
11886,88060
11887,88060
11888,88060
11889,88060
11890,88060
11891,88060
11892,88060
11893,88060
11894,88060
11895,88060
11896,88060
11897,88060
11898,88060
11899,88060
11900,88060
11901,88060
11902,88060
11903,88060
11904,88060
11905,88060
11906,88060
11907,88060
11908,88060
11909,88060
11910,88060
11911,88060
11912,88060
11913,88060
11914,88060
11915,88060
11916,88060
11917,88060
11918,88060
11919,88060
11920,88060
11921,88060
11922,88060
11923,88060
11924,88060
11925,88060
11926,88060
11927,88060
11928,88060
11929,88060
11930,88060
11931,88060
11932,88060
11933,88060
11934,88060
11935,88060
11936,88060
11937,88060
11938,88060
11939,88060
11940,88060
11941,88060
11942,88060
11943,88060
11944,88060
11945,88060
11946,88060
11947,88060
11948,88060
11949,88060
11950,88060
11951,88060
11952,88060
11953,88060
11954,88060
11955,88060
11956,88060
11957,88060
11958,88060
11959,88060
11960,88060
11961,88060
11962,88060
11963,88060
11964,88060
11965,88060
11966,88060
11967,88060
11968,88060
11969,88060
11970,88060
11971,88060
11972,88060
11973,88060
11974,88060
11975,88060
11976,88060
11977,88060
11978,88060
11979,88060
11980,88060
11981,88060
11982,88060
11983,88060
11984,88060
11985,88060
11986,88060
11987,88060
11988,88060
11989,88060
11990,88060
11991,88060
11992,88060
11993,88060
11994,88060
11995,88060
11996,88060
11997,88060
11998,88060
11999,88060
12000,88060
12001,88060
12002,88060
12003,88060
12004,88060
12005,88060
12006,88060
12007,88060
12008,88060
12009,88060
12010,88060
12011,88060
12012,88060
12013,88060
12014,88060
12015,88060
12016,88060
12017,88060
12018,88060
12019,88060
12020,88060
12021,88060
12022,88060
12023,88060
12024,88060
12025,88060
12026,88060
12027,88060
12028,88060
12029,88060
12030,88060
12031,88060
12032,88060
12033,88060
12034,88060
12035,88060
12036,88060
12037,88060
12038,88060
12039,88060
12040,88060
12041,88060
12042,88060
12043,88060
12044,88060
12045,88060
12046,88060
12047,88060
12048,88060
12049,88060
12050,88060
12051,88060
12052,88060
12053,88060
12054,88060
12055,88060
12056,88060
12057,88060
12058,88060
12059,88060
12060,88060
12061,88060
12062,88060
12063,88060
12064,88060
12065,88060
12066,88060
12067,88060
12068,88060
12069,88060
12070,88060
12071,88060
12072,88060
12073,88060
12074,88060
12075,88060
12076,88060
12077,88060
12078,88060
12079,88060
12080,88060
12081,88060
12082,88060
12083,88060
12084,88060
12085,88060
12086,88060
12087,88060
12088,88060
12089,88060
12090,88060
12091,88060
12092,88060
12093,88060
12094,88060
12095,88060
12096,88060
12097,88060
12098,88060
12099,88060
12100,88060
12101,88060
12102,88060
12103,88060
12104,88060
12105,88060
12106,88060
12107,88060
12108,88060
12109,88060
12110,88060
12111,88060
12112,88060
12113,88060
12114,88060
12115,88060
12116,88060
12117,88060
12118,88060
12119,88060
12120,88060
12121,88060
12122,88060
12123,88060
12124,88060
12125,88060
12126,88060
12127,88060
12128,88060
12129,88060
12130,88060
12131,88060
12132,88060
12133,88060
12134,88060
12135,88060
12136,88060
12137,88060
12138,88060
12139,88060
12140,88060
12141,88060
12142,88060
12143,88060
12144,88060
12145,88060
12146,88060
12147,88060
12148,88060
12149,88060
12150,88060
12151,88060
12152,88060
12153,88060
12154,88060
12155,88060
12156,88060
12157,88060
12158,88060
12159,88060
12160,88060
12161,88060
12162,88060
12163,88060
12164,88060
12165,88060
12166,88060
12167,88060
12168,88060
12169,88060
12170,88060
12171,88060
12172,88060
12173,88060
12174,88060
12175,88060
12176,88060
12177,88060
12178,88060
12179,88060
12180,88060
12181,88060
12182,88060
12183,88060
12184,88060
12185,88060
12186,88060
12187,88060
12188,88060
12189,88060
12190,88060
12191,88060
12192,88060
12193,88060
12194,88060
12195,88060
12196,88060
12197,88060
12198,88060
12199,88060
12200,88060
12201,88060
12202,88060
12203,88060
12204,88060
12205,88060
12206,88060
12207,88060
12208,88060
12209,88060
12210,88060
12211,88060
12212,88060
12213,88060
12214,88060
12215,88060
12216,88060
12217,88060
12218,88060
12219,88060
12220,88060
12221,88060
12222,88060
12223,88060
12224,88060
12225,88060
12226,88060
12227,88060
12228,88060
12229,88060
12230,88060
12231,88060
12232,88060
12233,88060
12234,88060
12235,88060
12236,88060
12237,88060
12238,88060
12239,88060
12240,88060
12241,88060
12242,88060
12243,88060
12244,88060
12245,88060
12246,88060
12247,88060
12248,88060
12249,88060
12250,88060
12251,88060
12252,88060
12253,88060
12254,88060
12255,88060
12256,88060
12257,88060
12258,88060
12259,88060
12260,88060
12261,88060
12262,88060
12263,88060
12264,88060
12265,88060
12266,88060
12267,88060
12268,88060
12269,88060
12270,88060
12271,88060
12272,88060
12273,88060
12274,88060
12275,88060
12276,88060
12277,88060
12278,88060
12279,88060
12280,88060
12281,88060
12282,88060
12283,88060
12284,88060
12285,88060
12286,88060
12287,88060
12288,88060
12289,88060
12290,88060
12291,88060
12292,88060
12293,88060
12294,88060
12295,88060
12296,88060
12297,88060
12298,88060
12299,88060
12300,88060
12301,88060
12302,88060
12303,88060
12304,88060
12305,88060
12306,88060
12307,88060
12308,88060
12309,88060
12310,88060
12311,88060
12312,88060
12313,88060
12314,88060
12315,88060
12316,88060
12317,88060
12318,88060
12319,88060
12320,88060
12321,88060
12322,88060
12323,88060
12324,88060
12325,88060
12326,88060
12327,88060
12328,88060
12329,88060
12330,88060
12331,88060
12332,88060
12333,88060
12334,88060
12335,88060
12336,88060
12337,88060
12338,88060
12339,88060
12340,88060
12341,88060
12342,88060
12343,88060
12344,88060
12345,88060
12346,88060
12347,88060
12348,88060
12349,88060
12350,88060
12351,88060
12352,88060
12353,88060
12354,88060
12355,88060
12356,88060
12357,88060
12358,88060
12359,88060
12360,88060
12361,88060
12362,88060
12363,88060
12364,88060
12365,88060
12366,88060
12367,88060
12368,88060
12369,88060
12370,88060
12371,88060
12372,88060
12373,88060
12374,88060
12375,88060
12376,88060
12377,88060
12378,88060
12379,88060
12380,88060
12381,88060
12382,88060
12383,88060
12384,88060
12385,88060
12386,88060
12387,88060
12388,88060
12389,88060
12390,88060
12391,88060
12392,88060
12393,88060
12394,88060
12395,88060
12396,88060
12397,88060
12398,88060
12399,88060
12400,88060
12401,88060
12402,88060
12403,88060
12404,88060
12405,88060
12406,88060
12407,88060
12408,88060
12409,88060
12410,88060
12411,88060
12412,88060
12413,88060
12414,88060
12415,88060
12416,88060
12417,88060
12418,88060
12419,88060
12420,88060
12421,88060
12422,88060
12423,88060
12424,88060
12425,88060
12426,88060
12427,88060
12428,88060
12429,88060
12430,88060
12431,88060
12432,88060
12433,88060
12434,88060
12435,88060
12436,88060
12437,88060
12438,88060
12439,88060
12440,88060
12441,88060
12442,88060
12443,88060
12444,88060
12445,88060
12446,88060
12447,88060
12448,88060
12449,88060
12450,88060
12451,88060
12452,88060
12453,88060
12454,88060
12455,88060
12456,88060
12457,88060
12458,88060
12459,88060
12460,88060
12461,88060
12462,88060
12463,88060
12464,88060
12465,88060
12466,88060
12467,88060
12468,88060
12469,88060
12470,88060
12471,88060
12472,88060
12473,88060
12474,88060
12475,88060
12476,88060
12477,88060
12478,88060
12479,88060
12480,88060
12481,88060
12482,88060
12483,88060
12484,88060
12485,88060
12486,88060
12487,88060
12488,88060
12489,88060
12490,88060
12491,88060
12492,88060
12493,88060
12494,88060
12495,88060
12496,88060
12497,88060
12498,88060
12499,88060
12500,88060
12501,88060
12502,88060
12503,88060
12504,88060
12505,88060
12506,88060
12507,88060
12508,88060
12509,88060
12510,88060
12511,88060
12512,88060
12513,88060
12514,88060
12515,88060
12516,88060
12517,88060
12518,88060
12519,88060
12520,88060
12521,88060
12522,88060
12523,88060
12524,88060
12525,88060
12526,88060
12527,88060
12528,88060
12529,88060
12530,88060
12531,88060
12532,88060
12533,88060
12534,88060
12535,88060
12536,88060
12537,88060
12538,88060
12539,88060
12540,88060
12541,88060
12542,88060
12543,88060
12544,88060
12545,88060
12546,88060
12547,88060
12548,88060
12549,88060
12550,88060
12551,88060
12552,88060
12553,88060
12554,88060
12555,88060
12556,88060
12557,88060
12558,88060
12559,88060
12560,88060
12561,88060
12562,88060
12563,88060
12564,88060
12565,88060
12566,88060
12567,88060
12568,88060
12569,88060
12570,88060
12571,88060
12572,88060
12573,88060
12574,88060
12575,88060
12576,88060
12577,88060
12578,88060
12579,88060
12580,88060
12581,88060
12582,88060
12583,88060
12584,88060
12585,88060
12586,88060
12587,88060
12588,88060
12589,88060
12590,88060
12591,88060
12592,88060
12593,88060
12594,88060
12595,88060
12596,88060
12597,88060
12598,88060
12599,88060
12600,88060
12601,88060
12602,88060
12603,88060
12604,88060
12605,88060
12606,88060
12607,88060
12608,88060
12609,88060
12610,88060
12611,88060
12612,88060
12613,88060
12614,88060
12615,88060
12616,88060
12617,88060
12618,88060
12619,88060
12620,88060
12621,88060
12622,88060
12623,88060
12624,88060
12625,88060
12626,88060
12627,88060
12628,88060
12629,88060
12630,88060
12631,88060
12632,88060
12633,88060
12634,88060
12635,88060
12636,88060
12637,88060
12638,88060
12639,88060
12640,88060
12641,88060
12642,88060
12643,88060
12644,88060
12645,88060
12646,88060
12647,88060
12648,88060
12649,88060
12650,88060
12651,88060
12652,88060
12653,88060
12654,88060
12655,88060
12656,88060
12657,88060
12658,88060
12659,88060
12660,88060
12661,88060
12662,88060
12663,88060
12664,88060
12665,88060
12666,88060
12667,88060
12668,88060
12669,88060
12670,88060
12671,88060
12672,88060
12673,88060
12674,88060
12675,88060
12676,88060
12677,88060
12678,88060
12679,88060
12680,88060
12681,88060
12682,88060
12683,88060
12684,88060
12685,88060
12686,88060
12687,88060
12688,88060
12689,88060
12690,88060
12691,88060
12692,88060
12693,88060
12694,88060
12695,88060
12696,88060
12697,88060
12698,88060
12699,88060
12700,88060
12701,88060
12702,88060
12703,88060
12704,88060
12705,88060
12706,88060
12707,88060
12708,88060
12709,88060
12710,88060
12711,88060
12712,88060
12713,88060
12714,88060
12715,88060
12716,88060
12717,88060
12718,88060
12719,88060
12720,88060
12721,88060
12722,88060
12723,88060
12724,88060
12725,88060
12726,88060
12727,88060
12728,88060
12729,88060
12730,88060
12731,88060
12732,88060
12733,88060
12734,88060
12735,88060
12736,88060
12737,88060
12738,88060
12739,88060
12740,88060
12741,88060
12742,88060
12743,88060
12744,88060
12745,88060
12746,88060
12747,88060
12748,88060
12749,88060
12750,88060
12751,88060
12752,88060
12753,88060
12754,88060
12755,88060
12756,88060
12757,88060
12758,88060
12759,88060
12760,88060
12761,88060
12762,88060
12763,88060
12764,88060
12765,88060
12766,88060
12767,88060
12768,88060
12769,88060
12770,88060
12771,88060
12772,88060
12773,88060
12774,88060
12775,88060
12776,88060
12777,88060
12778,88060
12779,88060
12780,88060
12781,88060
12782,88060
12783,88060
12784,88060
12785,88060
12786,88060
12787,88060
12788,88060
12789,88060
12790,88060
12791,88060
12792,88060
12793,88060
12794,88060
12795,88060
12796,88060
12797,88060
12798,88060
12799,88060
12800,88060
12801,88060
12802,88060
12803,88060
12804,88060
12805,88060
12806,88060
12807,88060
12808,88060
12809,88060
12810,88060
12811,88060
12812,88060
12813,88060
12814,88060
12815,88060
12816,88060
12817,88060
12818,88060
12819,88060
12820,88060
12821,88060
12822,88060
12823,88060
12824,88060
12825,88060
12826,88060
12827,88060
12828,88060
12829,88060
12830,88060
12831,88060
12832,88060
12833,88060
12834,88060
12835,88060
12836,88060
12837,88060
12838,88060
12839,88060
12840,88060
12841,88060
12842,88060
12843,88060
12844,88060
12845,88060
12846,88060
12847,88060
12848,88060
12849,88060
12850,88060
12851,88060
12852,88060
12853,88060
12854,88060
12855,88060
12856,88060
12857,88060
12858,88060
12859,88060
12860,88060
12861,88060
12862,88060
12863,88060
12864,88060
12865,88060
12866,88060
12867,88060
12868,88060
12869,88060
12870,88060
12871,88060
12872,88060
12873,88060
12874,88060
12875,88060
12876,88060
12877,88060
12878,88060
12879,88060
12880,88060
12881,88060
12882,88060
12883,88060
12884,88060
12885,88060
12886,88060
12887,88060
12888,88060
12889,88060
12890,88060
12891,88060
12892,88060
12893,88060
12894,88060
12895,88060
12896,88060
12897,88060
12898,88060
12899,88060
12900,88060
12901,88060
12902,88060
12903,88060
12904,88060
12905,88060
12906,88060
12907,88060
12908,88060
12909,88060
12910,88060
12911,88060
12912,88060
12913,88060
12914,88060
12915,88060
12916,88060
12917,88060
12918,88060
12919,88060
12920,88060
12921,88060
12922,88060
12923,88060
12924,88060
12925,88060
12926,88060
12927,88060
12928,88060
12929,88060
12930,88060
12931,88060
12932,88060
12933,88060
12934,88060
12935,88060
12936,88060
12937,88060
12938,88060
12939,88060
12940,88060
12941,88060
12942,88060
12943,88060
12944,88060
12945,88060
12946,88060
12947,88060
12948,88060
12949,88060
12950,88060
12951,88060
12952,88060
12953,88060
12954,88060
12955,88060
12956,88060
12957,88060
12958,88060
12959,88060
12960,88060
12961,88060
12962,88060
12963,88060
12964,88060
12965,88060
12966,88060
12967,88060
12968,88060
12969,88060
12970,88060
12971,88060
12972,88060
12973,88060
12974,88060
12975,88060
12976,88060
12977,88060
12978,88060
12979,88060
12980,88060
12981,88060
12982,88060
12983,88060
12984,88060
12985,88060
12986,88060
12987,88060
12988,88060
12989,88060
12990,88060
12991,88060
12992,88060
12993,88060
12994,88060
12995,88060
12996,88060
12997,88060
12998,88060
12999,88060
13000,88060
13001,88060
13002,88060
13003,88060
13004,88060
13005,88060
13006,88060
13007,88060
13008,88060
13009,88060
13010,88060
13011,88060
13012,88060
13013,88060
13014,88060
13015,88060
13016,88060
13017,88060
13018,88060
13019,88060
13020,88060
13021,88060
13022,88060
13023,88060
13024,88060
13025,88060
13026,88060
13027,88060
13028,88060
13029,88060
13030,88060
13031,88060
13032,88060
13033,88060
13034,88060
13035,88060
13036,88060
13037,88060
13038,88060
13039,88060
13040,88060
13041,88060
13042,88060
13043,88060
13044,88060
13045,88060
13046,88060
13047,88060
13048,88060
13049,88060
13050,88060
13051,88060
13052,88060
13053,88060
13054,88060
13055,88060
13056,88060
13057,88060
13058,88060
13059,88060
13060,88060
13061,88060
13062,88060
13063,88060
13064,88060
13065,88060
13066,88060
13067,88060
13068,88060
13069,88060
13070,88060
13071,88060
13072,88060
13073,88060
13074,88060
13075,88060
13076,88060
13077,88060
13078,88060
13079,88060
13080,88060
13081,88060
13082,88060
13083,88060
13084,88060
13085,88060
13086,88060
13087,88060
13088,88060
13089,88060
13090,88060
13091,88060
13092,88060
13093,88060
13094,88060
13095,88060
13096,88060
13097,88060
13098,88060
13099,88060
13100,88060
13101,88060
13102,88060
13103,88060
13104,88060
13105,88060
13106,88060
13107,88060
13108,88060
13109,88060
13110,88060
13111,88060
13112,88060
13113,88060
13114,88060
13115,88060
13116,88060
13117,88060
13118,88060
13119,88060
13120,88060
13121,88060
13122,88060
13123,88060
13124,88060
13125,88060
13126,88060
13127,88060
13128,88060
13129,88060
13130,88060
13131,88060
13132,88060
13133,88060
13134,88060
13135,88060
13136,88060
13137,88060
13138,88060
13139,88060
13140,88060
13141,88060
13142,88060
13143,88060
13144,88060
13145,88060
13146,88060
13147,88060
13148,88060
13149,88060
13150,88060
13151,88060
13152,88060
13153,88060
13154,88060
13155,88060
13156,88060
13157,88060
13158,88060
13159,88060
13160,88060
13161,88060
13162,88060
13163,88060
13164,88060
13165,88060
13166,88060
13167,88060
13168,88060
13169,88060
13170,88060
13171,88060
13172,88060
13173,88060
13174,88060
13175,88060
13176,88060
13177,88060
13178,88060
13179,88060
13180,88060
13181,88060
13182,88060
13183,88060
13184,88060
13185,88060
13186,88060
13187,88060
13188,88060
13189,88060
13190,88060
13191,88060
13192,88060
13193,88060
13194,88060
13195,88060
13196,88060
13197,88060
13198,88060
13199,88060
13200,88060
13201,88060
13202,88060
13203,88060
13204,88060
13205,88060
13206,88060
13207,88060
13208,88060
13209,88060
13210,88060
13211,88060
13212,88060
13213,88060
13214,88060
13215,88060
13216,88060
13217,88060
13218,88060
13219,88060
13220,88060
13221,88060
13222,88060
13223,88060
13224,88060
13225,88060
13226,88060
13227,88060
13228,88060
13229,88060
13230,88060
13231,88060
13232,88060
13233,88060
13234,88060
13235,88060
13236,88060
13237,88060
13238,88060
13239,88060
13240,88060
13241,88060
13242,88060
13243,88060
13244,88060
13245,88060
13246,88060
13247,88060
13248,88060
13249,88060
13250,88060
13251,88060
13252,88060
13253,88060
13254,88060
13255,88060
13256,88060
13257,88060
13258,88060
13259,88060
13260,88060
13261,88060
13262,88060
13263,88060
13264,88060
13265,88060
13266,88060
13267,88060
13268,88060
13269,88060
13270,88060
13271,88060
13272,88060
13273,88060
13274,88060
13275,88060
13276,88060
13277,88060
13278,88060
13279,88060
13280,88060
13281,88060
13282,88060
13283,88060
13284,88060
13285,88060
13286,88060
13287,88060
13288,88060
13289,88060
13290,88060
13291,88060
13292,88060
13293,88060
13294,88060
13295,88060
13296,88060
13297,88060
13298,88060
13299,88060
13300,88060
13301,88060
13302,88060
13303,88060
13304,88060
13305,88060
13306,88060
13307,88060
13308,88060
13309,88060
13310,88060
13311,88060
13312,88060
13313,88060
13314,88060
13315,88060
13316,88060
13317,88060
13318,88060
13319,88060
13320,88060
13321,88060
13322,88060
13323,88060
13324,88060
13325,88060
13326,88060
13327,88060
13328,88060
13329,88060
13330,88060
13331,88060
13332,88060
13333,88060
13334,88060
13335,88060
13336,88060
13337,88060
13338,88060
13339,88060
13340,88060
13341,88060
13342,88060
13343,88060
13344,88060
13345,88060
13346,88060
13347,88060
13348,88060
13349,88060
13350,88060
13351,88060
13352,88060
13353,88060
13354,88060
13355,88060
13356,88060
13357,88060
13358,88060
13359,88060
13360,88060
13361,88060
13362,88060
13363,88060
13364,88060
13365,88060
13366,88060
13367,88060
13368,88060
13369,88060
13370,88060
13371,88060
13372,88060
13373,88060
13374,88060
13375,88060
13376,88060
13377,88060
13378,88060
13379,88060
13380,88060
13381,88060
13382,88060
13383,88060
13384,88060
13385,88060
13386,88060
13387,88060
13388,88060
13389,88060
13390,88060
13391,88060
13392,88060
13393,88060
13394,88060
13395,88060
13396,88060
13397,88060
13398,88060
13399,88060
13400,88060
13401,88060
13402,88060
13403,88060
13404,88060
13405,88060
13406,88060
13407,88060
13408,88060
13409,88060
13410,88060
13411,88060
13412,88060
13413,88060
13414,88060
13415,88060
13416,88060
13417,88060
13418,88060
13419,88060
13420,88060
13421,88060
13422,88060
13423,88060
13424,88060
13425,88060
13426,88060
13427,88060
13428,88060
13429,88060
13430,88060
13431,88060
13432,88060
13433,88060
13434,88060
13435,88060
13436,88060
13437,88060
13438,88060
13439,88060
13440,88060
13441,88060
13442,88060
13443,88060
13444,88060
13445,88060
13446,88060
13447,88060
13448,88060
13449,88060
13450,88060
13451,88060
13452,88060
13453,88060
13454,88060
13455,88060
13456,88060
13457,88060
13458,88060
13459,88060
13460,88060
13461,88060
13462,88060
13463,88060
13464,88060
13465,88060
13466,88060
13467,88060
13468,88060
13469,88060
13470,88060
13471,88060
13472,88060
13473,88060
13474,88060
13475,88060
13476,88060
13477,88060
13478,88060
13479,88060
13480,88060
13481,88060
13482,88060
13483,88060
13484,88060
13485,88060
13486,88060
13487,88060
13488,88060
13489,88060
13490,88060
13491,88060
13492,88060
13493,88060
13494,88060
13495,88060
13496,88060
13497,88060
13498,88060
13499,88060
13500,88060
13501,88060
13502,88060
13503,88060
13504,88060
13505,88060
13506,88060
13507,88060
13508,88060
13509,88060
13510,88060
13511,88060
13512,88060
13513,88060
13514,88060
13515,88060
13516,88060
13517,88060
13518,88060
13519,88060
13520,88060
13521,88060
13522,88060
13523,88060
13524,88060
13525,88060
13526,88060
13527,88060
13528,88060
13529,88060
13530,88060
13531,88060
13532,88060
13533,88060
13534,88060
13535,88060
13536,88060
13537,88060
13538,88060
13539,88060
13540,88060
13541,88060
13542,88060
13543,88060
13544,88060
13545,88060
13546,88060
13547,88060
13548,88060
13549,88060
13550,88060
13551,88060
13552,88060
13553,88060
13554,88060
13555,88060
13556,88060
13557,88060
13558,88060
13559,88060
13560,88060
13561,88060
13562,88060
13563,88060
13564,88060
13565,88060
13566,88060
13567,88060
13568,88060
13569,88060
13570,88060
13571,88060
13572,88060
13573,88060
13574,88060
13575,88060
13576,88060
13577,88060
13578,88060
13579,88060
13580,88060
13581,88060
13582,88060
13583,88060
13584,88060
13585,88060
13586,88060
13587,88060
13588,88060
13589,88060
13590,88060
13591,88060
13592,88060
13593,88060
13594,88060
13595,88060
13596,88060
13597,88060
13598,88060
13599,88060
13600,88060
13601,88060
13602,88060
13603,88060
13604,88060
13605,88060
13606,88060
13607,88060
13608,88060
13609,88060
13610,88060
13611,88060
13612,88060
13613,88060
13614,88060
13615,88060
13616,88060
13617,88060
13618,88060
13619,88060
13620,88060
13621,88060
13622,88060
13623,88060
13624,88060
13625,88060
13626,88060
13627,88060
13628,88060
13629,88060
13630,88060
13631,88060
13632,88060
13633,88060
13634,88060
13635,88060
13636,88060
13637,88060
13638,88060
13639,88060
13640,88060
13641,88060
13642,88060
13643,88060
13644,88060
13645,88060
13646,88060
13647,88060
13648,88060
13649,88060
13650,88060
13651,88060
13652,88060
13653,88060
13654,88060
13655,88060
13656,88060
13657,88060
13658,88060
13659,88060
13660,88060
13661,88060
13662,88060
13663,88060
13664,88060
13665,88060
13666,88060
13667,88060
13668,88060
13669,88060
13670,88060
13671,88060
13672,88060
13673,88060
13674,88060
13675,88060
13676,88060
13677,88060
13678,88060
13679,88060
13680,88060
13681,88060
13682,88060
13683,88060
13684,88060
13685,88060
13686,88060
13687,88060
13688,88060
13689,88060
13690,88060
13691,88060
13692,88060
13693,88060
13694,88060
13695,88060
13696,88060
13697,88060
13698,88060
13699,88060
13700,88060
13701,88060
13702,88060
13703,88060
13704,88060
13705,88060
13706,88060
13707,88060
13708,88060
13709,88060
13710,88060
13711,88060
13712,88060
13713,88060
13714,88060
13715,88060
13716,88060
13717,88060
13718,88060
13719,88060
13720,88060
13721,88060
13722,88060
13723,88060
13724,88060
13725,88060
13726,88060
13727,88060
13728,88060
13729,88060
13730,88060
13731,88060
13732,88060
13733,88060
13734,88060
13735,88060
13736,88060
13737,88060
13738,88060
13739,88060
13740,88060
13741,88060
13742,88060
13743,88060
13744,88060
13745,88060
13746,88060
13747,88060
13748,88060
13749,88060
13750,88060
13751,88060
13752,88060
13753,88060
13754,88060
13755,88060
13756,88060
13757,88060
13758,88060
13759,88060
13760,88060
13761,88060
13762,88060
13763,88060
13764,88060
13765,88060
13766,88060
13767,88060
13768,88060
13769,88060
13770,88060
13771,88060
13772,88060
13773,88060
13774,88060
13775,88060
13776,88060
13777,88060
13778,88060
13779,88060
13780,88060
13781,88060
13782,88060
13783,88060
13784,88060
13785,88060
13786,88060
13787,88060
13788,88060
13789,88060
13790,88060
13791,88060
13792,88060
13793,88060
13794,88060
13795,88060
13796,88060
13797,88060
13798,88060
13799,88060
13800,88060
13801,88060
13802,88060
13803,88060
13804,88060
13805,88060
13806,88060
13807,88060
13808,88060
13809,88060
13810,88060
13811,88060
13812,88060
13813,88060
13814,88060
13815,88060
13816,88060
13817,88060
13818,88060
13819,88060
13820,88060
13821,88060
13822,88060
13823,88060
13824,88060
13825,88060
13826,88060
13827,88060
13828,88060
13829,88060
13830,88060
13831,88060
13832,88060
13833,88060
13834,88060
13835,88060
13836,88060
13837,88060
13838,88060
13839,88060
13840,88060
13841,88060
13842,88060
13843,88060
13844,88060
13845,88060
13846,88060
13847,88060
13848,88060
13849,88060
13850,88060
13851,88060
13852,88060
13853,88060
13854,88060
13855,88060
13856,88060
13857,88060
13858,88060
13859,88060
13860,88060
13861,88060
13862,88060
13863,88060
13864,88060
13865,88060
13866,88060
13867,88060
13868,88060
13869,88060
13870,88060
13871,88060
13872,88060
13873,88060
13874,88060
13875,88060
13876,88060
13877,88060
13878,88060
13879,88060
13880,88060
13881,88060
13882,88060
13883,88060
13884,88060
13885,88060
13886,88060
13887,88060
13888,88060
13889,88060
13890,88060
13891,88060
13892,88060
13893,88060
13894,88060
13895,88060
13896,88060
13897,88060
13898,88060
13899,88060
13900,88060
13901,88060
13902,88060
13903,88060
13904,88060
13905,88060
13906,88060
13907,88060
13908,88060
13909,88060
13910,88060
13911,88060
13912,88060
13913,88060
13914,88060
13915,88060
13916,88060
13917,88060
13918,88060
13919,88060
13920,88060
13921,88060
13922,88060
13923,88060
13924,88060
13925,88060
13926,88060
13927,88060
13928,88060
13929,88060
13930,88060
13931,88060
13932,88060
13933,88060
13934,88060
13935,88060
13936,88060
13937,88060
13938,88060
13939,88060
13940,88060
13941,88060
13942,88060
13943,88060
13944,88060
13945,88060
13946,88060
13947,88060
13948,88060
13949,88060
13950,88060
13951,88060
13952,88060
13953,88060
13954,88060
13955,88060
13956,88060
13957,88060
13958,88060
13959,88060
13960,88060
13961,88060
13962,88060
13963,88060
13964,88060
13965,88060
13966,88060
13967,88060
13968,88060
13969,88060
13970,88060
13971,88060
13972,88060
13973,88060
13974,88060
13975,88060
13976,88060
13977,88060
13978,88060
13979,88060
13980,88060
13981,88060
13982,88060
13983,88060
13984,88060
13985,88060
13986,88060
13987,88060
13988,88060
13989,88060
13990,88060
13991,88060
13992,88060
13993,88060
13994,88060
13995,88060
13996,88060
13997,88060
13998,88060
13999,88060
14000,88060
14001,88060
14002,88060
14003,88060
14004,88060
14005,88060
14006,88060
14007,88060
14008,88060
14009,88060
14010,88060
14011,88060
14012,88060
14013,88060
14014,88060
14015,88060
14016,88060
14017,88060
14018,88060
14019,88060
14020,88060
14021,88060
14022,88060
14023,88060
14024,88060
14025,88060
14026,88060
14027,88060
14028,88060
14029,88060
14030,88060
14031,88060
14032,88060
14033,88060
14034,88060
14035,88060
14036,88060
14037,88060
14038,88060
14039,88060
14040,88060
14041,88060
14042,88060
14043,88060
14044,88060
14045,88060
14046,88060
14047,88060
14048,88060
14049,88060
14050,88060
14051,88060
14052,88060
14053,88060
14054,88060
14055,88060
14056,88060
14057,88060
14058,88060
14059,88060
14060,88060
14061,88060
14062,88060
14063,88060
14064,88060
14065,88060
14066,88060
14067,88060
14068,88060
14069,88060
14070,88060
14071,88060
14072,88060
14073,88060
14074,88060
14075,88060
14076,88060
14077,88060
14078,88060
14079,88060
14080,88060
14081,88060
14082,88060
14083,88060
14084,88060
14085,88060
14086,88060
14087,88060
14088,88060
14089,88060
14090,88060
14091,88060
14092,88060
14093,88060
14094,88060
14095,88060
14096,88060
14097,88060
14098,88060
14099,88060
14100,88060
14101,88060
14102,88060
14103,88060
14104,88060
14105,88060
14106,88060
14107,88060
14108,88060
14109,88060
14110,88060
14111,88060
14112,88060
14113,88060
14114,88060
14115,88060
14116,88060
14117,88060
14118,88060
14119,88060
14120,88060
14121,88060
14122,88060
14123,88060
14124,88060
14125,88060
14126,88060
14127,88060
14128,88060
14129,88060
14130,88060
14131,88060
14132,88060
14133,88060
14134,88060
14135,88060
14136,88060
14137,88060
14138,88060
14139,88060
14140,88060
14141,88060
14142,88060
14143,88060
14144,88060
14145,88060
14146,88060
14147,88060
14148,88060
14149,88060
14150,88060
14151,88060
14152,88060
14153,88060
14154,88060
14155,88060
14156,88060
14157,88060
14158,88060
14159,88060
14160,88060
14161,88060
14162,88060
14163,88060
14164,88060
14165,88060
14166,88060
14167,88060
14168,88060
14169,88060
14170,88060
14171,88060
14172,88060
14173,88060
14174,88060
14175,88060
14176,88060
14177,88060
14178,88060
14179,88060
14180,88060
14181,88060
14182,88060
14183,88060
14184,88060
14185,88060
14186,88060
14187,88060
14188,88060
14189,88060
14190,88060
14191,88060
14192,88060
14193,88060
14194,88060
14195,88060
14196,88060
14197,88060
14198,88060
14199,88060
14200,88060
14201,88060
14202,88060
14203,88060
14204,88060
14205,88060
14206,88060
14207,88060
14208,88060
14209,88060
14210,88060
14211,88060
14212,88060
14213,88060
14214,88060
14215,88060
14216,88060
14217,88060
14218,88060
14219,88060
14220,88060
14221,88060
14222,88060
14223,88060
14224,88060
14225,88060
14226,88060
14227,88060
14228,88060
14229,88060
14230,88060
14231,88060
14232,88060
14233,88060
14234,88060
14235,88060
14236,88060
14237,88060
14238,88060
14239,88060
14240,88060
14241,88060
14242,88060
14243,88060
14244,88060
14245,88060
14246,88060
14247,88060
14248,88060
14249,88060
14250,88060
14251,88060
14252,88060
14253,88060
14254,88060
14255,88060
14256,88060
14257,88060
14258,88060
14259,88060
14260,88060
14261,88060
14262,88060
14263,88060
14264,88060
14265,88060
14266,88060
14267,88060
14268,88060
14269,88060
14270,88060
14271,88060
14272,88060
14273,88060
14274,88060
14275,88060
14276,88060
14277,88060
14278,88060
14279,88060
14280,88060
14281,88060
14282,88060
14283,88060
14284,88060
14285,88060
14286,88060
14287,88060
14288,88060
14289,88060
14290,88060
14291,88060
14292,88060
14293,88060
14294,88060
14295,88060
14296,88060
14297,88060
14298,88060
14299,88060
14300,88060
14301,88060
14302,88060
14303,88060
14304,88060
14305,88060
14306,88060
14307,88060
14308,88060
14309,88060
14310,88060
14311,88060
14312,88060
14313,88060
14314,88060
14315,88060
14316,88060
14317,88060
14318,88060
14319,88060
14320,88060
14321,88060
14322,88060
14323,88060
14324,88060
14325,88060
14326,88060
14327,88060
14328,88060
14329,88060
14330,88060
14331,88060
14332,88060
14333,88060
14334,88060
14335,88060
14336,88060
14337,88060
14338,88060
14339,88060
14340,88060
14341,88060
14342,88060
14343,88060
14344,88060
14345,88060
14346,88060
14347,88060
14348,88060
14349,88060
14350,88060
14351,88060
14352,88060
14353,88060
14354,88060
14355,88060
14356,88060
14357,88060
14358,88060
14359,88060
14360,88060
14361,88060
14362,88060
14363,88060
14364,88060
14365,88060
14366,88060
14367,88060
14368,88060
14369,88060
14370,88060
14371,88060
14372,88060
14373,88060
14374,88060
14375,88060
14376,88060
14377,88060
14378,88060
14379,88060
14380,88060
14381,88060
14382,88060
14383,88060
14384,88060
14385,88060
14386,88060
14387,88060
14388,88060
14389,88060
14390,88060
14391,88060
14392,88060
14393,88060
14394,88060
14395,88060
14396,88060
14397,88060
14398,88060
14399,88060
14400,88060
14401,88060
14402,88060
14403,88060
14404,88060
14405,88060
14406,88060
14407,88060
14408,88060
14409,88060
14410,88060
14411,88060
14412,88060
14413,88060
14414,88060
14415,88060
14416,88060
14417,88060
14418,88060
14419,88060
14420,88060
14421,88060
14422,88060
14423,88060
14424,88060
14425,88060
14426,88060
14427,88060
14428,88060
14429,88060
14430,88060
14431,88060
14432,88060
14433,88060
14434,88060
14435,88060
14436,88060
14437,88060
14438,88060
14439,88060
14440,88060
14441,88060
14442,88060
14443,88060
14444,88060
14445,88060
14446,88060
14447,88060
14448,88060
14449,88060
14450,88060
14451,88060
14452,88060
14453,88060
14454,88060
14455,88060
14456,88060
14457,88060
14458,88060
14459,88060
14460,88060
14461,88060
14462,88060
14463,88060
14464,88060
14465,88060
14466,88060
14467,88060
14468,88060
14469,88060
14470,88060
14471,88060
14472,88060
14473,88060
14474,88060
14475,88060
14476,88060
14477,88060
14478,88060
14479,88060
14480,88060
14481,88060
14482,88060
14483,88060
14484,88060
14485,88060
14486,88060
14487,88060
14488,88060
14489,88060
14490,88060
14491,88060
14492,88060
14493,88060
14494,88060
14495,88060
14496,88060
14497,88060
14498,88060
14499,88060
14500,88060
14501,88060
14502,88060
14503,88060
14504,88060
14505,88060
14506,88060
14507,88060
14508,88060
14509,88060
14510,88060
14511,88060
14512,88060
14513,88060
14514,88060
14515,88060
14516,88060
14517,88060
14518,88060
14519,88060
14520,88060
14521,88060
14522,88060
14523,88060
14524,88060
14525,88060
14526,88060
14527,88060
14528,88060
14529,88060
14530,88060
14531,88060
14532,88060
14533,88060
14534,88060
14535,88060
14536,88060
14537,88060
14538,88060
14539,88060
14540,88060
14541,88060
14542,88060
14543,88060
14544,88060
14545,88060
14546,88060
14547,88060
14548,88060
14549,88060
14550,88060
14551,88060
14552,88060
14553,88060
14554,88060
14555,88060
14556,88060
14557,88060
14558,88060
14559,88060
14560,88060
14561,88060
14562,88060
14563,88060
14564,88060
14565,88060
14566,88060
14567,88060
14568,88060
14569,88060
14570,88060
14571,88060
14572,88060
14573,88060
14574,88060
14575,88060
14576,88060
14577,88060
14578,88060
14579,88060
14580,88060
14581,88060
14582,88060
14583,88060
14584,88060
14585,88060
14586,88060
14587,88060
14588,88060
14589,88060
14590,88060
14591,88060
14592,88060
14593,88060
14594,88060
14595,88060
14596,88060
14597,88060
14598,88060
14599,88060
14600,88060
14601,88060
14602,88060
14603,88060
14604,88060
14605,88060
14606,88060
14607,88060
14608,88060
14609,88060
14610,88060
14611,88060
14612,88060
14613,88060
14614,88060
14615,88060
14616,88060
14617,88060
14618,88060
14619,88060
14620,88060
14621,88060
14622,88060
14623,88060
14624,88060
14625,88060
14626,88060
14627,88060
14628,88060
14629,88060
14630,88060
14631,88060
14632,88060
14633,88060
14634,88060
14635,88060
14636,88060
14637,88060
14638,88060
14639,88060
14640,88060
14641,88060
14642,88060
14643,88060
14644,88060
14645,88060
14646,88060
14647,88060
14648,88060
14649,88060
14650,88060
14651,88060
14652,88060
14653,88060
14654,88060
14655,88060
14656,88060
14657,88060
14658,88060
14659,88060
14660,88060
14661,88060
14662,88060
14663,88060
14664,88060
14665,88060
14666,88060
14667,88060
14668,88060
14669,88060
14670,88060
14671,88060
14672,88060
14673,88060
14674,88060
14675,88060
14676,88060
14677,88060
14678,88060
14679,88060
14680,88060
14681,88060
14682,88060
14683,88060
14684,88060
14685,88060
14686,88060
14687,88060
14688,88060
14689,88060
14690,88060
14691,88060
14692,88060
14693,88060
14694,88060
14695,88060
14696,88060
14697,88060
14698,88060
14699,88060
14700,88060
14701,88060
14702,88060
14703,88060
14704,88060
14705,88060
14706,88060
14707,88060
14708,88060
14709,88060
14710,88060
14711,88060
14712,88060
14713,88060
14714,88060
14715,88060
14716,88060
14717,88060
14718,88060
14719,88060
14720,88060
14721,88060
14722,88060
14723,88060
14724,88060
14725,88060
14726,88060
14727,88060
14728,88060
14729,88060
14730,88060
14731,88060
14732,88060
14733,88060
14734,88060
14735,88060
14736,88060
14737,88060
14738,88060
14739,88060
14740,88060
14741,88060
14742,88060
14743,88060
14744,88060
14745,88060
14746,88060
14747,88060
14748,88060
14749,88060
14750,88060
14751,88060
14752,88060
14753,88060
14754,88060
14755,88060
14756,88060
14757,88060
14758,88060
14759,88060
14760,88060
14761,88060
14762,88060
14763,88060
14764,88060
14765,88060
14766,88060
14767,88060
14768,88060
14769,88060
14770,88060
14771,88060
14772,88060
14773,88060
14774,88060
14775,88060
14776,88060
14777,88060
14778,88060
14779,88060
14780,88060
14781,88060
14782,88060
14783,88060
14784,88060
14785,88060
14786,88060
14787,88060
14788,88060
14789,88060
14790,88060
14791,88060
14792,88060
14793,88060
14794,88060
14795,88060
14796,88060
14797,88060
14798,88060
14799,88060
14800,88060
14801,88060
14802,88060
14803,88060
14804,88060
14805,88060
14806,88060
14807,88060
14808,88060
14809,88060
14810,88060
14811,88060
14812,88060
14813,88060
14814,88060
14815,88060
14816,88060
14817,88060
14818,88060
14819,88060
14820,88060
14821,88060
14822,88060
14823,88060
14824,88060
14825,88060
14826,88060
14827,88060
14828,88060
14829,88060
14830,88060
14831,88060
14832,88060
14833,88060
14834,88060
14835,88060
14836,88060
14837,88060
14838,88060
14839,88060
14840,88060
14841,88060
14842,88060
14843,88060
14844,88060
14845,88060
14846,88060
14847,88060
14848,88060
14849,88060
14850,88060
14851,88060
14852,88060
14853,88060
14854,88060
14855,88060
14856,88060
14857,88060
14858,88060
14859,88060
14860,88060
14861,88060
14862,88060
14863,88060
14864,88060
14865,88060
14866,88060
14867,88060
14868,88060
14869,88060
14870,88060
14871,88060
14872,88060
14873,88060
14874,88060
14875,88060
14876,88060
14877,88060
14878,88060
14879,88060
14880,88060
14881,88060
14882,88060
14883,88060
14884,88060
14885,88060
14886,88060
14887,88060
14888,88060
14889,88060
14890,88060
14891,88060
14892,88060
14893,88060
14894,88060
14895,88060
14896,88060
14897,88060
14898,88060
14899,88060
14900,88060
14901,88060
14902,88060
14903,88060
14904,88060
14905,88060
14906,88060
14907,88060
14908,88060
14909,88060
14910,88060
14911,88060
14912,88060
14913,88060
14914,88060
14915,88060
14916,88060
14917,88060
14918,88060
14919,88060
14920,88060
14921,88060
14922,88060
14923,88060
14924,88060
14925,88060
14926,88060
14927,88060
14928,88060
14929,88060
14930,88060
14931,88060
14932,88060
14933,88060
14934,88060
14935,88060
14936,88060
14937,88060
14938,88060
14939,88060
14940,88060
14941,88060
14942,88060
14943,88060
14944,88060
14945,88060
14946,88060
14947,88060
14948,88060
14949,88060
14950,88060
14951,88060
14952,88060
14953,88060
14954,88060
14955,88060
14956,88060
14957,88060
14958,88060
14959,88060
14960,88060
14961,88060
14962,88060
14963,88060
14964,88060
14965,88060
14966,88060
14967,88060
14968,88060
14969,88060
14970,88060
14971,88060
14972,88060
14973,88060
14974,88060
14975,88060
14976,88060
14977,88060
14978,88060
14979,88060
14980,88060
14981,88060
14982,88060
14983,88060
14984,88060
14985,88060
14986,88060
14987,88060
14988,88060
14989,88060
14990,88060
14991,88060
14992,88060
14993,88060
14994,88060
14995,88060
14996,88060
14997,88060
14998,88060
14999,88060
15000,88060
15001,88060
15002,88060
15003,88060
15004,88060
15005,88060
15006,88060
15007,88060
15008,88060
15009,88060
15010,88060
15011,88060
15012,88060
15013,88060
15014,88060
15015,88060
15016,88060
15017,88060
15018,88060
15019,88060
15020,88060
15021,88060
15022,88060
15023,88060
15024,88060
15025,88060
15026,88060
15027,88060
15028,88060
15029,88060
15030,88060
15031,88060
15032,88060
15033,88060
15034,88060
15035,88060
15036,88060
15037,88060
15038,88060
15039,88060
15040,88060
15041,88060
15042,88060
15043,88060
15044,88060
15045,88060
15046,88060
15047,88060
15048,88060
15049,88060
15050,88060
15051,88060
15052,88060
15053,88060
15054,88060
15055,88060
15056,88060
15057,88060
15058,88060
15059,88060
15060,88060
15061,88060
15062,88060
15063,88060
15064,88060
15065,88060
15066,88060
15067,88060
15068,88060
15069,88060
15070,88060
15071,88060
15072,88060
15073,88060
15074,88060
15075,88060
15076,88060
15077,88060
15078,88060
15079,88060
15080,88060
15081,88060
15082,88060
15083,88060
15084,88060
15085,88060
15086,88060
15087,88060
15088,88060
15089,88060
15090,88060
15091,88060
15092,88060
15093,88060
15094,88060
15095,88060
15096,88060
15097,88060
15098,88060
15099,88060
15100,88060
15101,88060
15102,88060
15103,88060
15104,88060
15105,88060
15106,88060
15107,88060
15108,88060
15109,88060
15110,88060
15111,88060
15112,88060
15113,88060
15114,88060
15115,88060
15116,88060
15117,88060
15118,88060
15119,88060
15120,88060
15121,88060
15122,88060
15123,88060
15124,88060
15125,88060
15126,88060
15127,88060
15128,88060
15129,88060
15130,88060
15131,88060
15132,88060
15133,88060
15134,88060
15135,88060
15136,88060
15137,88060
15138,88060
15139,88060
15140,88060
15141,88060
15142,88060
15143,88060
15144,88060
15145,88060
15146,88060
15147,88060
15148,88060
15149,88060
15150,88060
15151,88060
15152,88060
15153,88060
15154,88060
15155,88060
15156,88060
15157,88060
15158,88060
15159,88060
15160,88060
15161,88060
15162,88060
15163,88060
15164,88060
15165,88060
15166,88060
15167,88060
15168,88060
15169,88060
15170,88060
15171,88060
15172,88060
15173,88060
15174,88060
15175,88060
15176,88060
15177,88060
15178,88060
15179,88060
15180,88060
15181,88060
15182,88060
15183,88060
15184,88060
15185,88060
15186,88060
15187,88060
15188,88060
15189,88060
15190,88060
15191,88060
15192,88060
15193,88060
15194,88060
15195,88060
15196,88060
15197,88060
15198,88060
15199,88060
15200,88060
15201,88060
15202,88060
15203,88060
15204,88060
15205,88060
15206,88060
15207,88060
15208,88060
15209,88060
15210,88060
15211,88060
15212,88060
15213,88060
15214,88060
15215,88060
15216,88060
15217,88060
15218,88060
15219,88060
15220,88060
15221,88060
15222,88060
15223,88060
15224,88060
15225,88060
15226,88060
15227,88060
15228,88060
15229,88060
15230,88060
15231,88060
15232,88060
15233,88060
15234,88060
15235,88060
15236,88060
15237,88060
15238,88060
15239,88060
15240,88060
15241,88060
15242,88060
15243,88060
15244,88060
15245,88060
15246,88060
15247,88060
15248,88060
15249,88060
15250,88060
15251,88060
15252,88060
15253,88060
15254,88060
15255,88060
15256,88060
15257,88060
15258,88060
15259,88060
15260,88060
15261,88060
15262,88060
15263,88060
15264,88060
15265,88060
15266,88060
15267,88060
15268,88060
15269,88060
15270,88060
15271,88060
15272,88060
15273,88060
15274,88060
15275,88060
15276,88060
15277,88060
15278,88060
15279,88060
15280,88060
15281,88060
15282,88060
15283,88060
15284,88060
15285,88060
15286,88060
15287,88060
15288,88060
15289,88060
15290,88060
15291,88060
15292,88060
15293,88060
15294,88060
15295,88060
15296,88060
15297,88060
15298,88060
15299,88060
15300,88060
15301,88060
15302,88060
15303,88060
15304,88060
15305,88060
15306,88060
15307,88060
15308,88060
15309,88060
15310,88060
15311,88060
15312,88060
15313,88060
15314,88060
15315,88060
15316,88060
15317,88060
15318,88060
15319,88060
15320,88060
15321,88060
15322,88060
15323,88060
15324,88060
15325,88060
15326,88060
15327,88060
15328,88060
15329,88060
15330,88060
15331,88060
15332,88060
15333,88060
15334,88060
15335,88060
15336,88060
15337,88060
15338,88060
15339,88060
15340,88060
15341,88060
15342,88060
15343,88060
15344,88060
15345,88060
15346,88060
15347,88060
15348,88060
15349,88060
15350,88060
15351,88060
15352,88060
15353,88060
15354,88060
15355,88060
15356,88060
15357,88060
15358,88060
15359,88060
15360,88060
15361,88060
15362,88060
15363,88060
15364,88060
15365,88060
15366,88060
15367,88060
15368,88060
15369,88060
15370,88060
15371,88060
15372,88060
15373,88060
15374,88060
15375,88060
15376,88060
15377,88060
15378,88060
15379,88060
15380,88060
15381,88060
15382,88060
15383,88060
15384,88060
15385,88060
15386,88060
15387,88060
15388,88060
15389,88060
15390,88060
15391,88060
15392,88060
15393,88060
15394,88060
15395,88060
15396,88060
15397,88060
15398,88060
15399,88060
15400,88060
15401,88060
15402,88060
15403,88060
15404,88060
15405,88060
15406,88060
15407,88060
15408,88060
15409,88060
15410,88060
15411,88060
15412,88060
15413,88060
15414,88060
15415,88060
15416,88060
15417,88060
15418,88060
15419,88060
15420,88060
15421,88060
15422,88060
15423,88060
15424,88060
15425,88060
15426,88060
15427,88060
15428,88060
15429,88060
15430,88060
15431,88060
15432,88060
15433,88060
15434,88060
15435,88060
15436,88060
15437,88060
15438,88060
15439,88060
15440,88060
15441,88060
15442,88060
15443,88060
15444,88060
15445,88060
15446,88060
15447,88060
15448,88060
15449,88060
15450,88060
15451,88060
15452,88060
15453,88060
15454,88060
15455,88060
15456,88060
15457,88060
15458,88060
15459,88060
15460,88060
15461,88060
15462,88060
15463,88060
15464,88060
15465,88060
15466,88060
15467,88060
15468,88060
15469,88060
15470,88060
15471,88060
15472,88060
15473,88060
15474,88060
15475,88060
15476,88060
15477,88060
15478,88060
15479,88060
15480,88060
15481,88060
15482,88060
15483,88060
15484,88060
15485,88060
15486,88060
15487,88060
15488,88060
15489,88060
15490,88060
15491,88060
15492,88060
15493,88060
15494,88060
15495,88060
15496,88060
15497,88060
15498,88060
15499,88060
15500,88060
15501,88060
15502,88060
15503,88060
15504,88060
15505,88060
15506,88060
15507,88060
15508,88060
15509,88060
15510,88060
15511,88060
15512,88060
15513,88060
15514,88060
15515,88060
15516,88060
15517,88060
15518,88060
15519,88060
15520,88060
15521,88060
15522,88060
15523,88060
15524,88060
15525,88060
15526,88060
15527,88060
15528,88060
15529,88060
15530,88060
15531,88060
15532,88060
15533,88060
15534,88060
15535,88060
15536,88060
15537,88060
15538,88060
15539,88060
15540,88060
15541,88060
15542,88060
15543,88060
15544,88060
15545,88060
15546,88060
15547,88060
15548,88060
15549,88060
15550,88060
15551,88060
15552,88060
15553,88060
15554,88060
15555,88060
15556,88060
15557,88060
15558,88060
15559,88060
15560,88060
15561,88060
15562,88060
15563,88060
15564,88060
15565,88060
15566,88060
15567,88060
15568,88060
15569,88060
15570,88060
15571,88060
15572,88060
15573,88060
15574,88060
15575,88060
15576,88060
15577,88060
15578,88060
15579,88060
15580,88060
15581,88060
15582,88060
15583,88060
15584,88060
15585,88060
15586,88060
15587,88060
15588,88060
15589,88060
15590,88060
15591,88060
15592,88060
15593,88060
15594,88060
15595,88060
15596,88060
15597,88060
15598,88060
15599,88060
15600,88060
15601,88060
15602,88060
15603,88060
15604,88060
15605,88060
15606,88060
15607,88060
15608,88060
15609,88060
15610,88060
15611,88060
15612,88060
15613,88060
15614,88060
15615,88060
15616,88060
15617,88060
15618,88060
15619,88060
15620,88060
15621,88060
15622,88060
15623,88060
15624,88060
15625,88060
15626,88060
15627,88060
15628,88060
15629,88060
15630,88060
15631,88060
15632,88060
15633,88060
15634,88060
15635,88060
15636,88060
15637,88060
15638,88060
15639,88060
15640,88060
15641,88060
15642,88060
15643,88060
15644,88060
15645,88060
15646,88060
15647,88060
15648,88060
15649,88060
15650,88060
15651,88060
15652,88060
15653,88060
15654,88060
15655,88060
15656,88060
15657,88060
15658,88060
15659,88060
15660,88060
15661,88060
15662,88060
15663,88060
15664,88060
15665,88060
15666,88060
15667,88060
15668,88060
15669,88060
15670,88060
15671,88060
15672,88060
15673,88060
15674,88060
15675,88060
15676,88060
15677,88060
15678,88060
15679,88060
15680,88060
15681,88060
15682,88060
15683,88060
15684,88060
15685,88060
15686,88060
15687,88060
15688,88060
15689,88060
15690,88060
15691,88060
15692,88060
15693,88060
15694,88060
15695,88060
15696,88060
15697,88060
15698,88060
15699,88060
15700,88060
15701,88060
15702,88060
15703,88060
15704,88060
15705,88060
15706,88060
15707,88060
15708,88060
15709,88060
15710,88060
15711,88060
15712,88060
15713,88060
15714,88060
15715,88060
15716,88060
15717,88060
15718,88060
15719,88060
15720,88060
15721,88060
15722,88060
15723,88060
15724,88060
15725,88060
15726,88060
15727,88060
15728,88060
15729,88060
15730,88060
15731,88060
15732,88060
15733,88060
15734,88060
15735,88060
15736,88060
15737,88060
15738,88060
15739,88060
15740,88060
15741,88060
15742,88060
15743,88060
15744,88060
15745,88060
15746,88060
15747,88060
15748,88060
15749,88060
15750,88060
15751,88060
15752,88060
15753,88060
15754,88060
15755,88060
15756,88060
15757,88060
15758,88060
15759,88060
15760,88060
15761,88060
15762,88060
15763,88060
15764,88060
15765,88060
15766,88060
15767,88060
15768,88060
15769,88060
15770,88060
15771,88060
15772,88060
15773,88060
15774,88060
15775,88060
15776,88060
15777,88060
15778,88060
15779,88060
15780,88060
15781,88060
15782,88060
15783,88060
15784,88060
15785,88060
15786,88060
15787,88060
15788,88060
15789,88060
15790,88060
15791,88060
15792,88060
15793,88060
15794,88060
15795,88060
15796,88060
15797,88060
15798,88060
15799,88060
15800,88060
15801,88060
15802,88060
15803,88060
15804,88060
15805,88060
15806,88060
15807,88060
15808,88060
15809,88060
15810,88060
15811,88060
15812,88060
15813,88060
15814,88060
15815,88060
15816,88060
15817,88060
15818,88060
15819,88060
15820,88060
15821,88060
15822,88060
15823,88060
15824,88060
15825,88060
15826,88060
15827,88060
15828,88060
15829,88060
15830,88060
15831,88060
15832,88060
15833,88060
15834,88060
15835,88060
15836,88060
15837,88060
15838,88060
15839,88060
15840,88060
15841,88060
15842,88060
15843,88060
15844,88060
15845,88060
15846,88060
15847,88060
15848,88060
15849,88060
15850,88060
15851,88060
15852,88060
15853,88060
15854,88060
15855,88060
15856,88060
15857,88060
15858,88060
15859,88060
15860,88060
15861,88060
15862,88060
15863,88060
15864,88060
15865,88060
15866,88060
15867,88060
15868,88060
15869,88060
15870,88060
15871,88060
15872,88060
15873,88060
15874,88060
15875,88060
15876,88060
15877,88060
15878,88060
15879,88060
15880,88060
15881,88060
15882,88060
15883,88060
15884,88060
15885,88060
15886,88060
15887,88060
15888,88060
15889,88060
15890,88060
15891,88060
15892,88060
15893,88060
15894,88060
15895,88060
15896,88060
15897,88060
15898,88060
15899,88060
15900,88060
15901,88060
15902,88060
15903,88060
15904,88060
15905,88060
15906,88060
15907,88060
15908,88060
15909,88060
15910,88060
15911,88060
15912,88060
15913,88060
15914,88060
15915,88060
15916,88060
15917,88060
15918,88060
15919,88060
15920,88060
15921,88060
15922,88060
15923,88060
15924,88060
15925,88060
15926,88060
15927,88060
15928,88060
15929,88060
15930,88060
15931,88060
15932,88060
15933,88060
15934,88060
15935,88060
15936,88060
15937,88060
15938,88060
15939,88060
15940,88060
15941,88060
15942,88060
15943,88060
15944,88060
15945,88060
15946,88060
15947,88060
15948,88060
15949,88060
15950,88060
15951,88060
15952,88060
15953,88060
15954,88060
15955,88060
15956,88060
15957,88060
15958,88060
15959,88060
15960,88060
15961,88060
15962,88060
15963,88060
15964,88060
15965,88060
15966,88060
15967,88060
15968,88060
15969,88060
15970,88060
15971,88060
15972,88060
15973,88060
15974,88060
15975,88060
15976,88060
15977,88060
15978,88060
15979,88060
15980,88060
15981,88060
15982,88060
15983,88060
15984,88060
15985,88060
15986,88060
15987,88060
15988,88060
15989,88060
15990,88060
15991,88060
15992,88060
15993,88060
15994,88060
15995,88060
15996,88060
15997,88060
15998,88060
15999,88060
16000,88060
16001,88060
16002,88060
16003,88060
16004,88060
16005,88060
16006,88060
16007,88060
16008,88060
16009,88060
16010,88060
16011,88060
16012,88060
16013,88060
16014,88060
16015,88060
16016,88060
16017,88060
16018,88060
16019,88060
16020,88060
16021,88060
16022,88060
16023,88060
16024,88060
16025,88060
16026,88060
16027,88060
16028,88060
16029,88060
16030,88060
16031,88060
16032,88060
16033,88060
16034,88060
16035,88060
16036,88060
16037,88060
16038,88060
16039,88060
16040,88060
16041,88060
16042,88060
16043,88060
16044,88060
16045,88060
16046,88060
16047,88060
16048,88060
16049,88060
16050,88060
16051,88060
16052,88060
16053,88060
16054,88060
16055,88060
16056,88060
16057,88060
16058,88060
16059,88060
16060,88060
16061,88060
16062,88060
16063,88060
16064,88060
16065,88060
16066,88060
16067,88060
16068,88060
16069,88060
16070,88060
16071,88060
16072,88060
16073,88060
16074,88060
16075,88060
16076,88060
16077,88060
16078,88060
16079,88060
16080,88060
16081,88060
16082,88060
16083,88060
16084,88060
16085,88060
16086,88060
16087,88060
16088,88060
16089,88060
16090,88060
16091,88060
16092,88060
16093,88060
16094,88060
16095,88060
16096,88060
16097,88060
16098,88060
16099,88060
16100,88060
16101,88060
16102,88060
16103,88060
16104,88060
16105,88060
16106,88060
16107,88060
16108,88060
16109,88060
16110,88060
16111,88060
16112,88060
16113,88060
16114,88060
16115,88060
16116,88060
16117,88060
16118,88060
16119,88060
16120,88060
16121,88060
16122,88060
16123,88060
16124,88060
16125,88060
16126,88060
16127,88060
16128,88060
16129,88060
16130,88060
16131,88060
16132,88060
16133,88060
16134,88060
16135,88060
16136,88060
16137,88060
16138,88060
16139,88060
16140,88060
16141,88060
16142,88060
16143,88060
16144,88060
16145,88060
16146,88060
16147,88060
16148,88060
16149,88060
16150,88060
16151,88060
16152,88060
16153,88060
16154,88060
16155,88060
16156,88060
16157,88060
16158,88060
16159,88060
16160,88060
16161,88060
16162,88060
16163,88060
16164,88060
16165,88060
16166,88060
16167,88060
16168,88060
16169,88060
16170,88060
16171,88060
16172,88060
16173,88060
16174,88060
16175,88060
16176,88060
16177,88060
16178,88060
16179,88060
16180,88060
16181,88060
16182,88060
16183,88060
16184,88060
16185,88060
16186,88060
16187,88060
16188,88060
16189,88060
16190,88060
16191,88060
16192,88060
16193,88060
16194,88060
16195,88060
16196,88060
16197,88060
16198,88060
16199,88060
16200,88060
16201,88060
16202,88060
16203,88060
16204,88060
16205,88060
16206,88060
16207,88060
16208,88060
16209,88060
16210,88060
16211,88060
16212,88060
16213,88060
16214,88060
16215,88060
16216,88060
16217,88060
16218,88060
16219,88060
16220,88060
16221,88060
16222,88060
16223,88060
16224,88060
16225,88060
16226,88060
16227,88060
16228,88060
16229,88060
16230,88060
16231,88060
16232,88060
16233,88060
16234,88060
16235,88060
16236,88060
16237,88060
16238,88060
16239,88060
16240,88060
16241,88060
16242,88060
16243,88060
16244,88060
16245,88060
16246,88060
16247,88060
16248,88060
16249,88060
16250,88060
16251,88060
16252,88060
16253,88060
16254,88060
16255,88060
16256,88060
16257,88060
16258,88060
16259,88060
16260,88060
16261,88060
16262,88060
16263,88060
16264,88060
16265,88060
16266,88060
16267,88060
16268,88060
16269,88060
16270,88060
16271,88060
16272,88060
16273,88060
16274,88060
16275,88060
16276,88060
16277,88060
16278,88060
16279,88060
16280,88060
16281,88060
16282,88060
16283,88060
16284,88060
16285,88060
16286,88060
16287,88060
16288,88060
16289,88060
16290,88060
16291,88060
16292,88060
16293,88060
16294,88060
16295,88060
16296,88060
16297,88060
16298,88060
16299,88060
16300,88060
16301,88060
16302,88060
16303,88060
16304,88060
16305,88060
16306,88060
16307,88060
16308,88060
16309,88060
16310,88060
16311,88060
16312,88060
16313,88060
16314,88060
16315,88060
16316,88060
16317,88060
16318,88060
16319,88060
16320,88060
16321,88060
16322,88060
16323,88060
16324,88060
16325,88060
16326,88060
16327,88060
16328,88060
16329,88060
16330,88060
16331,88060
16332,88060
16333,88060
16334,88060
16335,88060
16336,88060
16337,88060
16338,88060
16339,88060
16340,88060
16341,88060
16342,88060
16343,88060
16344,88060
16345,88060
16346,88060
16347,88060
16348,88060
16349,88060
16350,88060
16351,88060
16352,88060
16353,88060
16354,88060
16355,88060
16356,88060
16357,88060
16358,88060
16359,88060
16360,88060
16361,88060
16362,88060
16363,88060
16364,88060
16365,88060
16366,88060
16367,88060
16368,88060
16369,88060
16370,88060
16371,88060
16372,88060
16373,88060
16374,88060
16375,88060
16376,88060
16377,88060
16378,88060
16379,88060
16380,88060
16381,88060
16382,88060
16383,88060
16384,88060
16385,88060
16386,88060
16387,88060
16388,88060
16389,88060
16390,88060
16391,88060
16392,88060
16393,88060
16394,88060
16395,88060
16396,88060
16397,88060
16398,88060
16399,88060
16400,88060
16401,88060
16402,88060
16403,88060
16404,88060
16405,88060
16406,88060
16407,88060
16408,88060
16409,88060
16410,88060
16411,88060
16412,88060
16413,88060
16414,88060
16415,88060
16416,88060
16417,88060
16418,88060
16419,88060
16420,88060
16421,88060
16422,88060
16423,88060
16424,88060
16425,88060
16426,88060
16427,88060
16428,88060
16429,88060
16430,88060
16431,88060
16432,88060
16433,88060
16434,88060
16435,88060
16436,88060
16437,88060
16438,88060
16439,88060
16440,88060
16441,88060
16442,88060
16443,88060
16444,88060
16445,88060
16446,88060
16447,88060
16448,88060
16449,88060
16450,88060
16451,88060
16452,88060
16453,88060
16454,88060
16455,88060
16456,88060
16457,88060
16458,88060
16459,88060
16460,88060
16461,88060
16462,88060
16463,88060
16464,88060
16465,88060
16466,88060
16467,88060
16468,88060
16469,88060
16470,88060
16471,88060
16472,88060
16473,88060
16474,88060
16475,88060
16476,88060
16477,88060
16478,88060
16479,88060
16480,88060
16481,88060
16482,88060
16483,88060
16484,88060
16485,88060
16486,88060
16487,88060
16488,88060
16489,88060
16490,88060
16491,88060
16492,88060
16493,88060
16494,88060
16495,88060
16496,88060
16497,88060
16498,88060
16499,88060
16500,88060
16501,88060
16502,88060
16503,88060
16504,88060
16505,88060
16506,88060
16507,88060
16508,88060
16509,88060
16510,88060
16511,88060
16512,88060
16513,88060
16514,88060
16515,88060
16516,88060
16517,88060
16518,88060
16519,88060
16520,88060
16521,88060
16522,88060
16523,88060
16524,88060
16525,88060
16526,88060
16527,88060
16528,88060
16529,88060
16530,88060
16531,88060
16532,88060
16533,88060
16534,88060
16535,88060
16536,88060
16537,88060
16538,88060
16539,88060
16540,88060
16541,88060
16542,88060
16543,88060
16544,88060
16545,88060
16546,88060
16547,88060
16548,88060
16549,88060
16550,88060
16551,88060
16552,88060
16553,88060
16554,88060
16555,88060
16556,88060
16557,88060
16558,88060
16559,88060
16560,88060
16561,88060
16562,88060
16563,88060
16564,88060
16565,88060
16566,88060
16567,88060
16568,88060
16569,88060
16570,88060
16571,88060
16572,88060
16573,88060
16574,88060
16575,88060
16576,88060
16577,88060
16578,88060
16579,88060
16580,88060
16581,88060
16582,88060
16583,88060
16584,88060
16585,88060
16586,88060
16587,88060
16588,88060
16589,88060
16590,88060
16591,88060
16592,88060
16593,88060
16594,88060
16595,88060
16596,88060
16597,88060
16598,88060
16599,88060
16600,88060
16601,88060
16602,88060
16603,88060
16604,88060
16605,88060
16606,88060
16607,88060
16608,88060
16609,88060
16610,88060
16611,88060
16612,88060
16613,88060
16614,88060
16615,88060
16616,88060
16617,88060
16618,88060
16619,88060
16620,88060
16621,88060
16622,88060
16623,88060
16624,88060
16625,88060
16626,88060
16627,88060
16628,88060
16629,88060
16630,88060
16631,88060
16632,88060
16633,88060
16634,88060
16635,88060
16636,88060
16637,88060
16638,88060
16639,88060
16640,88060
16641,88060
16642,88060
16643,88060
16644,88060
16645,88060
16646,88060
16647,88060
16648,88060
16649,88060
16650,88060
16651,88060
16652,88060
16653,88060
16654,88060
16655,88060
16656,88060
16657,88060
16658,88060
16659,88060
16660,88060
16661,88060
16662,88060
16663,88060
16664,88060
16665,88060
16666,88060
16667,88060
16668,88060
16669,88060
16670,88060
16671,88060
16672,88060
16673,88060
16674,88060
16675,88060
16676,88060
16677,88060
16678,88060
16679,88060
16680,88060
16681,88060
16682,88060
16683,88060
16684,88060
16685,88060
16686,88060
16687,88060
16688,88060
16689,88060
16690,88060
16691,88060
16692,88060
16693,88060
16694,88060
16695,88060
16696,88060
16697,88060
16698,88060
16699,88060
16700,88060
16701,88060
16702,88060
16703,88060
16704,88060
16705,88060
16706,88060
16707,88060
16708,88060
16709,88060
16710,88060
16711,88060
16712,88060
16713,88060
16714,88060
16715,88060
16716,88060
16717,88060
16718,88060
16719,88060
16720,88060
16721,88060
16722,88060
16723,88060
16724,88060
16725,88060
16726,88060
16727,88060
16728,88060
16729,88060
16730,88060
16731,88060
16732,88060
16733,88060
16734,88060
16735,88060
16736,88060
16737,88060
16738,88060
16739,88060
16740,88060
16741,88060
16742,88060
16743,88060
16744,88060
16745,88060
16746,88060
16747,88060
16748,88060
16749,88060
16750,88060
16751,88060
16752,88060
16753,88060
16754,88060
16755,88060
16756,88060
16757,88060
16758,88060
16759,88060
16760,88060
16761,88060
16762,88060
16763,88060
16764,88060
16765,88060
16766,88060
16767,88060
16768,88060
16769,88060
16770,88060
16771,88060
16772,88060
16773,88060
16774,88060
16775,88060
16776,88060
16777,88060
16778,88060
16779,88060
16780,88060
16781,88060
16782,88060
16783,88060
16784,88060
16785,88060
16786,88060
16787,88060
16788,88060
16789,88060
16790,88060
16791,88060
16792,88060
16793,88060
16794,88060
16795,88060
16796,88060
16797,88060
16798,88060
16799,88060
16800,88060
16801,88060
16802,88060
16803,88060
16804,88060
16805,88060
16806,88060
16807,88060
16808,88060
16809,88060
16810,88060
16811,88060
16812,88060
16813,88060
16814,88060
16815,88060
16816,88060
16817,88060
16818,88060
16819,88060
16820,88060
16821,88060
16822,88060
16823,88060
16824,88060
16825,88060
16826,88060
16827,88060
16828,88060
16829,88060
16830,88060
16831,88060
16832,88060
16833,88060
16834,88060
16835,88060
16836,88060
16837,88060
16838,88060
16839,88060
16840,88060
16841,88060
16842,88060
16843,88060
16844,88060
16845,88060
16846,88060
16847,88060
16848,88060
16849,88060
16850,88060
16851,88060
16852,88060
16853,88060
16854,88060
16855,88060
16856,88060
16857,88060
16858,88060
16859,88060
16860,88060
16861,88060
16862,88060
16863,88060
16864,88060
16865,88060
16866,88060
16867,88060
16868,88060
16869,88060
16870,88060
16871,88060
16872,88060
16873,88060
16874,88060
16875,88060
16876,88060
16877,88060
16878,88060
16879,88060
16880,88060
16881,88060
16882,88060
16883,88060
16884,88060
16885,88060
16886,88060
16887,88060
16888,88060
16889,88060
16890,88060
16891,88060
16892,88060
16893,88060
16894,88060
16895,88060
16896,88060
16897,88060
16898,88060
16899,88060
16900,88060
16901,88060
16902,88060
16903,88060
16904,88060
16905,88060
16906,88060
16907,88060
16908,88060
16909,88060
16910,88060
16911,88060
16912,88060
16913,88060
16914,88060
16915,88060
16916,88060
16917,88060
16918,88060
16919,88060
16920,88060
16921,88060
16922,88060
16923,88060
16924,88060
16925,88060
16926,88060
16927,88060
16928,88060
16929,88060
16930,88060
16931,88060
16932,88060
16933,88060
16934,88060
16935,88060
16936,88060
16937,88060
16938,88060
16939,88060
16940,88060
16941,88060
16942,88060
16943,88060
16944,88060
16945,88060
16946,88060
16947,88060
16948,88060
16949,88060
16950,88060
16951,88060
16952,88060
16953,88060
16954,88060
16955,88060
16956,88060
16957,88060
16958,88060
16959,88060
16960,88060
16961,88060
16962,88060
16963,88060
16964,88060
16965,88060
16966,88060
16967,88060
16968,88060
16969,88060
16970,88060
16971,88060
16972,88060
16973,88060
16974,88060
16975,88060
16976,88060
16977,88060
16978,88060
16979,88060
16980,88060
16981,88060
16982,88060
16983,88060
16984,88060
16985,88060
16986,88060
16987,88060
16988,88060
16989,88060
16990,88060
16991,88060
16992,88060
16993,88060
16994,88060
16995,88060
16996,88060
16997,88060
16998,88060
16999,88060
17000,88060
17001,88060
17002,88060
17003,88060
17004,88060
17005,88060
17006,88060
17007,88060
17008,88060
17009,88060
17010,88060
17011,88060
17012,88060
17013,88060
17014,88060
17015,88060
17016,88060
17017,88060
17018,88060
17019,88060
17020,88060
17021,88060
17022,88060
17023,88060
17024,88060
17025,88060
17026,88060
17027,88060
17028,88060
17029,88060
17030,88060
17031,88060
17032,88060
17033,88060
17034,88060
17035,88060
17036,88060
17037,88060
17038,88060
17039,88060
17040,88060
17041,88060
17042,88060
17043,88060
17044,88060
17045,88060
17046,88060
17047,88060
17048,88060
17049,88060
17050,88060
17051,88060
17052,88060
17053,88060
17054,88060
17055,88060
17056,88060
17057,88060
17058,88060
17059,88060
17060,88060
17061,88060
17062,88060
17063,88060
17064,88060
17065,88060
17066,88060
17067,88060
17068,88060
17069,88060
17070,88060
17071,88060
17072,88060
17073,88060
17074,88060
17075,88060
17076,88060
17077,88060
17078,88060
17079,88060
17080,88060
17081,88060
17082,88060
17083,88060
17084,88060
17085,88060
17086,88060
17087,88060
17088,88060
17089,88060
17090,88060
17091,88060
17092,88060
17093,88060
17094,88060
17095,88060
17096,88060
17097,88060
17098,88060
17099,88060
17100,88060
17101,88060
17102,88060
17103,88060
17104,88060
17105,88060
17106,88060
17107,88060
17108,88060
17109,88060
17110,88060
17111,88060
17112,88060
17113,88060
17114,88060
17115,88060
17116,88060
17117,88060
17118,88060
17119,88060
17120,88060
17121,88060
17122,88060
17123,88060
17124,88060
17125,88060
17126,88060
17127,88060
17128,88060
17129,88060
17130,88060
17131,88060
17132,88060
17133,88060
17134,88060
17135,88060
17136,88060
17137,88060
17138,88060
17139,88060
17140,88060
17141,88060
17142,88060
17143,88060
17144,88060
17145,88060
17146,88060
17147,88060
17148,88060
17149,88060
17150,88060
17151,88060
17152,88060
17153,88060
17154,88060
17155,88060
17156,88060
17157,88060
17158,88060
17159,88060
17160,88060
17161,88060
17162,88060
17163,88060
17164,88060
17165,88060
17166,88060
17167,88060
17168,88060
17169,88060
17170,88060
17171,88060
17172,88060
17173,88060
17174,88060
17175,88060
17176,88060
17177,88060
17178,88060
17179,88060
17180,88060
17181,88060
17182,88060
17183,88060
17184,88060
17185,88060
17186,88060
17187,88060
17188,88060
17189,88060
17190,88060
17191,88060
17192,88060
17193,88060
17194,88060
17195,88060
17196,88060
17197,88060
17198,88060
17199,88060
17200,88060
17201,88060
17202,88060
17203,88060
17204,88060
17205,88060
17206,88060
17207,88060
17208,88060
17209,88060
17210,88060
17211,88060
17212,88060
17213,88060
17214,88060
17215,88060
17216,88060
17217,88060
17218,88060
17219,88060
17220,88060
17221,88060
17222,88060
17223,88060
17224,88060
17225,88060
17226,88060
17227,88060
17228,88060
17229,88060
17230,88060
17231,88060
17232,88060
17233,88060
17234,88060
17235,88060
17236,88060
17237,88060
17238,88060
17239,88060
17240,88060
17241,88060
17242,88060
17243,88060
17244,88060
17245,88060
17246,88060
17247,88060
17248,88060
17249,88060
17250,88060
17251,88060
17252,88060
17253,88060
17254,88060
17255,88060
17256,88060
17257,88060
17258,88060
17259,88060
17260,88060
17261,88060
17262,88060
17263,88060
17264,88060
17265,88060
17266,88060
17267,88060
17268,88060
17269,88060
17270,88060
17271,88060
17272,88060
17273,88060
17274,88060
17275,88060
17276,88060
17277,88060
17278,88060
17279,88060
17280,88060
17281,88060
17282,88060
17283,88060
17284,88060
17285,88060
17286,88060
17287,88060
17288,88060
17289,88060
17290,88060
17291,88060
17292,88060
17293,88060
17294,88060
17295,88060
17296,88060
17297,88060
17298,88060
17299,88060
17300,88060
17301,88060
17302,88060
17303,88060
17304,88060
17305,88060
17306,88060
17307,88060
17308,88060
17309,88060
17310,88060
17311,88060
17312,88060
17313,88060
17314,88060
17315,88060
17316,88060
17317,88060
17318,88060
17319,88060
17320,88060
17321,88060
17322,88060
17323,88060
17324,88060
17325,88060
17326,88060
17327,88060
17328,88060
17329,88060
17330,88060
17331,88060
17332,88060
17333,88060
17334,88060
17335,88060
17336,88060
17337,88060
17338,88060
17339,88060
17340,88060
17341,88060
17342,88060
17343,88060
17344,88060
17345,88060
17346,88060
17347,88060
17348,88060
17349,88060
17350,88060
17351,88060
17352,88060
17353,88060
17354,88060
17355,88060
17356,88060
17357,88060
17358,88060
17359,88060
17360,88060
17361,88060
17362,88060
17363,88060
17364,88060
17365,88060
17366,88060
17367,88060
17368,88060
17369,88060
17370,88060
17371,88060
17372,88060
17373,88060
17374,88060
17375,88060
17376,88060
17377,88060
17378,88060
17379,88060
17380,88060
17381,88060
17382,88060
17383,88060
17384,88060
17385,88060
17386,88060
17387,88060
17388,88060
17389,88060
17390,88060
17391,88060
17392,88060
17393,88060
17394,88060
17395,88060
17396,88060
17397,88060
17398,88060
17399,88060
17400,88060
17401,88060
17402,88060
17403,88060
17404,88060
17405,88060
17406,88060
17407,88060
17408,88060
17409,88060
17410,88060
17411,88060
17412,88060
17413,88060
17414,88060
17415,88060
17416,88060
17417,88060
17418,88060
17419,88060
17420,88060
17421,88060
17422,88060
17423,88060
17424,88060
17425,88060
17426,88060
17427,88060
17428,88060
17429,88060
17430,88060
17431,88060
17432,88060
17433,88060
17434,88060
17435,88060
17436,88060
17437,88060
17438,88060
17439,88060
17440,88060
17441,88060
17442,88060
17443,88060
17444,88060
17445,88060
17446,88060
17447,88060
17448,88060
17449,88060
17450,88060
17451,88060
17452,88060
17453,88060
17454,88060
17455,88060
17456,88060
17457,88060
17458,88060
17459,88060
17460,88060
17461,88060
17462,88060
17463,88060
17464,88060
17465,88060
17466,88060
17467,88060
17468,88060
17469,88060
17470,88060
17471,88060
17472,88060
17473,88060
17474,88060
17475,88060
17476,88060
17477,88060
17478,88060
17479,88060
17480,88060
17481,88060
17482,88060
17483,88060
17484,88060
17485,88060
17486,88060
17487,88060
17488,88060
17489,88060
17490,88060
17491,88060
17492,88060
17493,88060
17494,88060
17495,88060
17496,88060
17497,88060
17498,88060
17499,88060
17500,88060
17501,88060
17502,88060
17503,88060
17504,88060
17505,88060
17506,88060
17507,88060
17508,88060
17509,88060
17510,88060
17511,88060
17512,88060
17513,88060
17514,88060
17515,88060
17516,88060
17517,88060
17518,88060
17519,88060
17520,88060
17521,88060
17522,88060
17523,88060
17524,88060
17525,88060
17526,88060
17527,88060
17528,88060
17529,88060
17530,88060
17531,88060
17532,88060
17533,88060
17534,88060
17535,88060
17536,88060
17537,88060
17538,88060
17539,88060
17540,88060
17541,88060
17542,88060
17543,88060
17544,88060
17545,88060
17546,88060
17547,88060
17548,88060
17549,88060
17550,88060
17551,88060
17552,88060
17553,88060
17554,88060
17555,88060
17556,88060
17557,88060
17558,88060
17559,88060
17560,88060
17561,88060
17562,88060
17563,88060
17564,88060
17565,88060
17566,88060
17567,88060
17568,88060
17569,88060
17570,88060
17571,88060
17572,88060
17573,88060
17574,88060
17575,88060
17576,88060
17577,88060
17578,88060
17579,88060
17580,88060
17581,88060
17582,88060
17583,88060
17584,88060
17585,88060
17586,88060
17587,88060
17588,88060
17589,88060
17590,88060
17591,88060
17592,88060
17593,88060
17594,88060
17595,88060
17596,88060
17597,88060
17598,88060
17599,88060
17600,88060
17601,88060
17602,88060
17603,88060
17604,88060
17605,88060
17606,88060
17607,88060
17608,88060
17609,88060
17610,88060
17611,88060
17612,88060
17613,88060
17614,88060
17615,88060
17616,88060
17617,88060
17618,88060
17619,88060
17620,88060
17621,88060
17622,88060
17623,88060
17624,88060
17625,88060
17626,88060
17627,88060
17628,88060
17629,88060
17630,88060
17631,88060
17632,88060
17633,88060
17634,88060
17635,88060
17636,88060
17637,88060
17638,88060
17639,88060
17640,88060
17641,88060
17642,88060
17643,88060
17644,88060
17645,88060
17646,88060
17647,88060
17648,88060
17649,88060
17650,88060
17651,88060
17652,88060
17653,88060
17654,88060
17655,88060
17656,88060
17657,88060
17658,88060
17659,88060
17660,88060
17661,88060
17662,88060
17663,88060
17664,88060
17665,88060
17666,88060
17667,88060
17668,88060
17669,88060
17670,88060
17671,88060
17672,88060
17673,88060
17674,88060
17675,88060
17676,88060
17677,88060
17678,88060
17679,88060
17680,88060
17681,88060
17682,88060
17683,88060
17684,88060
17685,88060
17686,88060
17687,88060
17688,88060
17689,88060
17690,88060
17691,88060
17692,88060
17693,88060
17694,88060
17695,88060
17696,88060
17697,88060
17698,88060
17699,88060
17700,88060
17701,88060
17702,88060
17703,88060
17704,88060
17705,88060
17706,88060
17707,88060
17708,88060
17709,88060
17710,88060
17711,88060
17712,88060
17713,88060
17714,88060
17715,88060
17716,88060
17717,88060
17718,88060
17719,88060
17720,88060
17721,88060
17722,88060
17723,88060
17724,88060
17725,88060
17726,88060
17727,88060
17728,88060
17729,88060
17730,88060
17731,88060
17732,88060
17733,88060
17734,88060
17735,88060
17736,88060
17737,88060
17738,88060
17739,88060
17740,88060
17741,88060
17742,88060
17743,88060
17744,88060
17745,88060
17746,88060
17747,88060
17748,88060
17749,88060
17750,88060
17751,88060
17752,88060
17753,88060
17754,88060
17755,88060
17756,88060
17757,88060
17758,88060
17759,88060
17760,88060
17761,88060
17762,88060
17763,88060
17764,88060
17765,88060
17766,88060
17767,88060
17768,88060
17769,88060
17770,88060
17771,88060
17772,88060
17773,88060
17774,88060
17775,88060
17776,88060
17777,88060
17778,88060
17779,88060
17780,88060
17781,88060
17782,88060
17783,88060
17784,88060
17785,88060
17786,88060
17787,88060
17788,88060
17789,88060
17790,88060
17791,88060
17792,88060
17793,88060
17794,88060
17795,88060
17796,88060
17797,88060
17798,88060
17799,88060
17800,88060
17801,88060
17802,88060
17803,88060
17804,88060
17805,88060
17806,88060
17807,88060
17808,88060
17809,88060
17810,88060
17811,88060
17812,88060
17813,88060
17814,88060
17815,88060
17816,88060
17817,88060
17818,88060
17819,88060
17820,88060
17821,88060
17822,88060
17823,88060
17824,88060
17825,88060
17826,88060
17827,88060
17828,88060
17829,88060
17830,88060
17831,88060
17832,88060
17833,88060
17834,88060
17835,88060
17836,88060
17837,88060
17838,88060
17839,88060
17840,88060
17841,88060
17842,88060
17843,88060
17844,88060
17845,88060
17846,88060
17847,88060
17848,88060
17849,88060
17850,88060
17851,88060
17852,88060
17853,88060
17854,88060
17855,88060
17856,88060
17857,88060
17858,88060
17859,88060
17860,88060
17861,88060
17862,88060
17863,88060
17864,88060
17865,88060
17866,88060
17867,88060
17868,88060
17869,88060
17870,88060
17871,88060
17872,88060
17873,88060
17874,88060
17875,88060
17876,88060
17877,88060
17878,88060
17879,88060
17880,88060
17881,88060
17882,88060
17883,88060
17884,88060
17885,88060
17886,88060
17887,88060
17888,88060
17889,88060
17890,88060
17891,88060
17892,88060
17893,88060
17894,88060
17895,88060
17896,88060
17897,88060
17898,88060
17899,88060
17900,88060
17901,88060
17902,88060
17903,88060
17904,88060
17905,88060
17906,88060
17907,88060
17908,88060
17909,88060
17910,88060
17911,88060
17912,88060
17913,88060
17914,88060
17915,88060
17916,88060
17917,88060
17918,88060
17919,88060
17920,88060
17921,88060
17922,88060
17923,88060
17924,88060
17925,88060
17926,88060
17927,88060
17928,88060
17929,88060
17930,88060
17931,88060
17932,88060
17933,88060
17934,88060
17935,88060
17936,88060
17937,88060
17938,88060
17939,88060
17940,88060
17941,88060
17942,88060
17943,88060
17944,88060
17945,88060
17946,88060
17947,88060
17948,88060
17949,88060
17950,88060
17951,88060
17952,88060
17953,88060
17954,88060
17955,88060
17956,88060
17957,88060
17958,88060
17959,88060
17960,88060
17961,88060
17962,88060
17963,88060
17964,88060
17965,88060
17966,88060
17967,88060
17968,88060
17969,88060
17970,88060
17971,88060
17972,88060
17973,88060
17974,88060
17975,88060
17976,88060
17977,88060
17978,88060
17979,88060
17980,88060
17981,88060
17982,88060
17983,88060
17984,88060
17985,88060
17986,88060
17987,88060
17988,88060
17989,88060
17990,88060
17991,88060
17992,88060
17993,88060
17994,88060
17995,88060
17996,88060
17997,88060
17998,88060
17999,88060
18000,88060
18001,88060
18002,88060
18003,88060
18004,88060
18005,88060
18006,88060
18007,88060
18008,88060
18009,88060
18010,88060
18011,88060
18012,88060
18013,88060
18014,88060
18015,88060
18016,88060
18017,88060
18018,88060
18019,88060
18020,88060
18021,88060
18022,88060
18023,88060
18024,88060
18025,88060
18026,88060
18027,88060
18028,88060
18029,88060
18030,88060
18031,88060
18032,88060
18033,88060
18034,88060
18035,88060
18036,88060
18037,88060
18038,88060
18039,88060
18040,88060
18041,88060
18042,88060
18043,88060
18044,88060
18045,88060
18046,88060
18047,88060
18048,88060
18049,88060
18050,88060
18051,88060
18052,88060
18053,88060
18054,88060
18055,88060
18056,88060
18057,88060
18058,88060
18059,88060
18060,88060
18061,88060
18062,88060
18063,88060
18064,88060
18065,88060
18066,88060
18067,88060
18068,88060
18069,88060
18070,88060
18071,88060
18072,88060
18073,88060
18074,88060
18075,88060
18076,88060
18077,88060
18078,88060
18079,88060
18080,88060
18081,88060
18082,88060
18083,88060
18084,88060
18085,88060
18086,88060
18087,88060
18088,88060
18089,88060
18090,88060
18091,88060
18092,88060
18093,88060
18094,88060
18095,88060
18096,88060
18097,88060
18098,88060
18099,88060
18100,88060
18101,88060
18102,88060
18103,88060
18104,88060
18105,88060
18106,88060
18107,88060
18108,88060
18109,88060
18110,88060
18111,88060
18112,88060
18113,88060
18114,88060
18115,88060
18116,88060
18117,88060
18118,88060
18119,88060
18120,88060
18121,88060
18122,88060
18123,88060
18124,88060
18125,88060
18126,88060
18127,88060
18128,88060
18129,88060
18130,88060
18131,88060
18132,88060
18133,88060
18134,88060
18135,88060
18136,88060
18137,88060
18138,88060
18139,88060
18140,88060
18141,88060
18142,88060
18143,88060
18144,88060
18145,88060
18146,88060
18147,88060
18148,88060
18149,88060
18150,88060
18151,88060
18152,88060
18153,88060
18154,88060
18155,88060
18156,88060
18157,88060
18158,88060
18159,88060
18160,88060
18161,88060
18162,88060
18163,88060
18164,88060
18165,88060
18166,88060
18167,88060
18168,88060
18169,88060
18170,88060
18171,88060
18172,88060
18173,88060
18174,88060
18175,88060
18176,88060
18177,88060
18178,88060
18179,88060
18180,88060
18181,88060
18182,88060
18183,88060
18184,88060
18185,88060
18186,88060
18187,88060
18188,88060
18189,88060
18190,88060
18191,88060
18192,88060
18193,88060
18194,88060
18195,88060
18196,88060
18197,88060
18198,88060
18199,88060
18200,88060
18201,88060
18202,88060
18203,88060
18204,88060
18205,88060
18206,88060
18207,88060
18208,88060
18209,88060
18210,88060
18211,88060
18212,88060
18213,88060
18214,88060
18215,88060
18216,88060
18217,88060
18218,88060
18219,88060
18220,88060
18221,88060
18222,88060
18223,88060
18224,88060
18225,88060
18226,88060
18227,88060
18228,88060
18229,88060
18230,88060
18231,88060
18232,88060
18233,88060
18234,88060
18235,88060
18236,88060
18237,88060
18238,88060
18239,88060
18240,88060
18241,88060
18242,88060
18243,88060
18244,88060
18245,88060
18246,88060
18247,88060
18248,88060
18249,88060
18250,88060
18251,88060
18252,88060
18253,88060
18254,88060
18255,88060
18256,88060
18257,88060
18258,88060
18259,88060
18260,88060
18261,88060
18262,88060
18263,88060
18264,88060
18265,88060
18266,88060
18267,88060
18268,88060
18269,88060
18270,88060
18271,88060
18272,88060
18273,88060
18274,88060
18275,88060
18276,88060
18277,88060
18278,88060
18279,88060
18280,88060
18281,88060
18282,88060
18283,88060
18284,88060
18285,88060
18286,88060
18287,88060
18288,88060
18289,88060
18290,88060
18291,88060
18292,88060
18293,88060
18294,88060
18295,88060
18296,88060
18297,88060
18298,88060
18299,88060
18300,88060
18301,88060
18302,88060
18303,88060
18304,88060
18305,88060
18306,88060
18307,88060
18308,88060
18309,88060
18310,88060
18311,88060
18312,88060
18313,88060
18314,88060
18315,88060
18316,88060
18317,88060
18318,88060
18319,88060
18320,88060
18321,88060
18322,88060
18323,88060
18324,88060
18325,88060
18326,88060
18327,88060
18328,88060
18329,88060
18330,88060
18331,88060
18332,88060
18333,88060
18334,88060
18335,88060
18336,88060
18337,88060
18338,88060
18339,88060
18340,88060
18341,88060
18342,88060
18343,88060
18344,88060
18345,88060
18346,88060
18347,88060
18348,88060
18349,88060
18350,88060
18351,88060
18352,88060
18353,88060
18354,88060
18355,88060
18356,88060
18357,88060
18358,88060
18359,88060
18360,88060
18361,88060
18362,88060
18363,88060
18364,88060
18365,88060
18366,88060
18367,88060
18368,88060
18369,88060
18370,88060
18371,88060
18372,88060
18373,88060
18374,88060
18375,88060
18376,88060
18377,88060
18378,88060
18379,88060
18380,88060
18381,88060
18382,88060
18383,88060
18384,88060
18385,88060
18386,88060
18387,88060
18388,88060
18389,88060
18390,88060
18391,88060
18392,88060
18393,88060
18394,88060
18395,88060
18396,88060
18397,88060
18398,88060
18399,88060
18400,88060
18401,88060
18402,88060
18403,88060
18404,88060
18405,88060
18406,88060
18407,88060
18408,88060
18409,88060
18410,88060
18411,88060
18412,88060
18413,88060
18414,88060
18415,88060
18416,88060
18417,88060
18418,88060
18419,88060
18420,88060
18421,88060
18422,88060
18423,88060
18424,88060
18425,88060
18426,88060
18427,88060
18428,88060
18429,88060
18430,88060
18431,88060
18432,88060
18433,88060
18434,88060
18435,88060
18436,88060
18437,88060
18438,88060
18439,88060
18440,88060
18441,88060
18442,88060
18443,88060
18444,88060
18445,88060
18446,88060
18447,88060
18448,88060
18449,88060
18450,88060
18451,88060
18452,88060
18453,88060
18454,88060
18455,88060
18456,88060
18457,88060
18458,88060
18459,88060
18460,88060
18461,88060
18462,88060
18463,88060
18464,88060
18465,88060
18466,88060
18467,88060
18468,88060
18469,88060
18470,88060
18471,88060
18472,88060
18473,88060
18474,88060
18475,88060
18476,88060
18477,88060
18478,88060
18479,88060
18480,88060
18481,88060
18482,88060
18483,88060
18484,88060
18485,88060
18486,88060
18487,88060
18488,88060
18489,88060
18490,88060
18491,88060
18492,88060
18493,88060
18494,88060
18495,88060
18496,88060
18497,88060
18498,88060
18499,88060
18500,88060
18501,88060
18502,88060
18503,88060
18504,88060
18505,88060
18506,88060
18507,88060
18508,88060
18509,88060
18510,88060
18511,88060
18512,88060
18513,88060
18514,88060
18515,88060
18516,88060
18517,88060
18518,88060
18519,88060
18520,88060
18521,88060
18522,88060
18523,88060
18524,88060
18525,88060
18526,88060
18527,88060
18528,88060
18529,88060
18530,88060
18531,88060
18532,88060
18533,88060
18534,88060
18535,88060
18536,88060
18537,88060
18538,88060
18539,88060
18540,88060
18541,88060
18542,88060
18543,88060
18544,88060
18545,88060
18546,88060
18547,88060
18548,88060
18549,88060
18550,88060
18551,88060
18552,88060
18553,88060
18554,88060
18555,88060
18556,88060
18557,88060
18558,88060
18559,88060
18560,88060
18561,88060
18562,88060
18563,88060
18564,88060
18565,88060
18566,88060
18567,88060
18568,88060
18569,88060
18570,88060
18571,88060
18572,88060
18573,88060
18574,88060
18575,88060
18576,88060
18577,88060
18578,88060
18579,88060
18580,88060
18581,88060
18582,88060
18583,88060
18584,88060
18585,88060
18586,88060
18587,88060
18588,88060
18589,88060
18590,88060
18591,88060
18592,88060
18593,88060
18594,88060
18595,88060
18596,88060
18597,88060
18598,88060
18599,88060
18600,88060
18601,88060
18602,88060
18603,88060
18604,88060
18605,88060
18606,88060
18607,88060
18608,88060
18609,88060
18610,88060
18611,88060
18612,88060
18613,88060
18614,88060
18615,88060
18616,88060
18617,88060
18618,88060
18619,88060
18620,88060
18621,88060
18622,88060
18623,88060
18624,88060
18625,88060
18626,88060
18627,88060
18628,88060
18629,88060
18630,88060
18631,88060
18632,88060
18633,88060
18634,88060
18635,88060
18636,88060
18637,88060
18638,88060
18639,88060
18640,88060
18641,88060
18642,88060
18643,88060
18644,88060
18645,88060
18646,88060
18647,88060
18648,88060
18649,88060
18650,88060
18651,88060
18652,88060
18653,88060
18654,88060
18655,88060
18656,88060
18657,88060
18658,88060
18659,88060
18660,88060
18661,88060
18662,88060
18663,88060
18664,88060
18665,88060
18666,88060
18667,88060
18668,88060
18669,88060
18670,88060
18671,88060
18672,88060
18673,88060
18674,88060
18675,88060
18676,88060
18677,88060
18678,88060
18679,88060
18680,88060
18681,88060
18682,88060
18683,88060
18684,88060
18685,88060
18686,88060
18687,88060
18688,88060
18689,88060
18690,88060
18691,88060
18692,88060
18693,88060
18694,88060
18695,88060
18696,88060
18697,88060
18698,88060
18699,88060
18700,88060
18701,88060
18702,88060
18703,88060
18704,88060
18705,88060
18706,88060
18707,88060
18708,88060
18709,88060
18710,88060
18711,88060
18712,88060
18713,88060
18714,88060
18715,88060
18716,88060
18717,88060
18718,88060
18719,88060
18720,88060
18721,88060
18722,88060
18723,88060
18724,88060
18725,88060
18726,88060
18727,88060
18728,88060
18729,88060
18730,88060
18731,88060
18732,88060
18733,88060
18734,88060
18735,88060
18736,88060
18737,88060
18738,88060
18739,88060
18740,88060
18741,88060
18742,88060
18743,88060
18744,88060
18745,88060
18746,88060
18747,88060
18748,88060
18749,88060
18750,88060
18751,88060
18752,88060
18753,88060
18754,88060
18755,88060
18756,88060
18757,88060
18758,88060
18759,88060
18760,88060
18761,88060
18762,88060
18763,88060
18764,88060
18765,88060
18766,88060
18767,88060
18768,88060
18769,88060
18770,88060
18771,88060
18772,88060
18773,88060
18774,88060
18775,88060
18776,88060
18777,88060
18778,88060
18779,88060
18780,88060
18781,88060
18782,88060
18783,88060
18784,88060
18785,88060
18786,88060
18787,88060
18788,88060
18789,88060
18790,88060
18791,88060
18792,88060
18793,88060
18794,88060
18795,88060
18796,88060
18797,88060
18798,88060
18799,88060
18800,88060
18801,88060
18802,88060
18803,88060
18804,88060
18805,88060
18806,88060
18807,88060
18808,88060
18809,88060
18810,88060
18811,88060
18812,88060
18813,88060
18814,88060
18815,88060
18816,88060
18817,88060
18818,88060
18819,88060
18820,88060
18821,88060
18822,88060
18823,88060
18824,88060
18825,88060
18826,88060
18827,88060
18828,88060
18829,88060
18830,88060
18831,88060
18832,88060
18833,88060
18834,88060
18835,88060
18836,88060
18837,88060
18838,88060
18839,88060
18840,88060
18841,88060
18842,88060
18843,88060
18844,88060
18845,88060
18846,88060
18847,88060
18848,88060
18849,88060
18850,88060
18851,88060
18852,88060
18853,88060
18854,88060
18855,88060
18856,88060
18857,88060
18858,88060
18859,88060
18860,88060
18861,88060
18862,88060
18863,88060
18864,88060
18865,88060
18866,88060
18867,88060
18868,88060
18869,88060
18870,88060
18871,88060
18872,88060
18873,88060
18874,88060
18875,88060
18876,88060
18877,88060
18878,88060
18879,88060
18880,88060
18881,88060
18882,88060
18883,88060
18884,88060
18885,88060
18886,88060
18887,88060
18888,88060
18889,88060
18890,88060
18891,88060
18892,88060
18893,88060
18894,88060
18895,88060
18896,88060
18897,88060
18898,88060
18899,88060
18900,88060
18901,88060
18902,88060
18903,88060
18904,88060
18905,88060
18906,88060
18907,88060
18908,88060
18909,88060
18910,88060
18911,88060
18912,88060
18913,88060
18914,88060
18915,88060
18916,88060
18917,88060
18918,88060
18919,88060
18920,88060
18921,88060
18922,88060
18923,88060
18924,88060
18925,88060
18926,88060
18927,88060
18928,88060
18929,88060
18930,88060
18931,88060
18932,88060
18933,88060
18934,88060
18935,88060
18936,88060
18937,88060
18938,88060
18939,88060
18940,88060
18941,88060
18942,88060
18943,88060
18944,88060
18945,88060
18946,88060
18947,88060
18948,88060
18949,88060
18950,88060
18951,88060
18952,88060
18953,88060
18954,88060
18955,88060
18956,88060
18957,88060
18958,88060
18959,88060
18960,88060
18961,88060
18962,88060
18963,88060
18964,88060
18965,88060
18966,88060
18967,88060
18968,88060
18969,88060
18970,88060
18971,88060
18972,88060
18973,88060
18974,88060
18975,88060
18976,88060
18977,88060
18978,88060
18979,88060
18980,88060
18981,88060
18982,88060
18983,88060
18984,88060
18985,88060
18986,88060
18987,88060
18988,88060
18989,88060
18990,88060
18991,88060
18992,88060
18993,88060
18994,88060
18995,88060
18996,88060
18997,88060
18998,88060
18999,88060
19000,88060
19001,88060
19002,88060
19003,88060
19004,88060
19005,88060
19006,88060
19007,88060
19008,88060
19009,88060
19010,88060
19011,88060
19012,88060
19013,88060
19014,88060
19015,88060
19016,88060
19017,88060
19018,88060
19019,88060
19020,88060
19021,88060
19022,88060
19023,88060
19024,88060
19025,88060
19026,88060
19027,88060
19028,88060
19029,88060
19030,88060
19031,88060
19032,88060
19033,88060
19034,88060
19035,88060
19036,88060
19037,88060
19038,88060
19039,88060
19040,88060
19041,88060
19042,88060
19043,88060
19044,88060
19045,88060
19046,88060
19047,88060
19048,88060
19049,88060
19050,88060
19051,88060
19052,88060
19053,88060
19054,88060
19055,88060
19056,88060
19057,88060
19058,88060
19059,88060
19060,88060
19061,88060
19062,88060
19063,88060
19064,88060
19065,88060
19066,88060
19067,88060
19068,88060
19069,88060
19070,88060
19071,88060
19072,88060
19073,88060
19074,88060
19075,88060
19076,88060
19077,88060
19078,88060
19079,88060
19080,88060
19081,88060
19082,88060
19083,88060
19084,88060
19085,88060
19086,88060
19087,88060
19088,88060
19089,88060
19090,88060
19091,88060
19092,88060
19093,88060
19094,88060
19095,88060
19096,88060
19097,88060
19098,88060
19099,88060
19100,88060
19101,88060
19102,88060
19103,88060
19104,88060
19105,88060
19106,88060
19107,88060
19108,88060
19109,88060
19110,88060
19111,88060
19112,88060
19113,88060
19114,88060
19115,88060
19116,88060
19117,88060
19118,88060
19119,88060
19120,88060
19121,88060
19122,88060
19123,88060
19124,88060
19125,88060
19126,88060
19127,88060
19128,88060
19129,88060
19130,88060
19131,88060
19132,88060
19133,88060
19134,88060
19135,88060
19136,88060
19137,88060
19138,88060
19139,88060
19140,88060
19141,88060
19142,88060
19143,88060
19144,88060
19145,88060
19146,88060
19147,88060
19148,88060
19149,88060
19150,88060
19151,88060
19152,88060
19153,88060
19154,88060
19155,88060
19156,88060
19157,88060
19158,88060
19159,88060
19160,88060
19161,88060
19162,88060
19163,88060
19164,88060
19165,88060
19166,88060
19167,88060
19168,88060
19169,88060
19170,88060
19171,88060
19172,88060
19173,88060
19174,88060
19175,88060
19176,88060
19177,88060
19178,88060
19179,88060
19180,88060
19181,88060
19182,88060
19183,88060
19184,88060
19185,88060
19186,88060
19187,88060
19188,88060
19189,88060
19190,88060
19191,88060
19192,88060
19193,88060
19194,88060
19195,88060
19196,88060
19197,88060
19198,88060
19199,88060
19200,88060
19201,88060
19202,88060
19203,88060
19204,88060
19205,88060
19206,88060
19207,88060
19208,88060
19209,88060
19210,88060
19211,88060
19212,88060
19213,88060
19214,88060
19215,88060
19216,88060
19217,88060
19218,88060
19219,88060
19220,88060
19221,88060
19222,88060
19223,88060
19224,88060
19225,88060
19226,88060
19227,88060
19228,88060
19229,88060
19230,88060
19231,88060
19232,88060
19233,88060
19234,88060
19235,88060
19236,88060
19237,88060
19238,88060
19239,88060
19240,88060
19241,88060
19242,88060
19243,88060
19244,88060
19245,88060
19246,88060
19247,88060
19248,88060
19249,88060
19250,88060
19251,88060
19252,88060
19253,88060
19254,88060
19255,88060
19256,88060
19257,88060
19258,88060
19259,88060
19260,88060
19261,88060
19262,88060
19263,88060
19264,88060
19265,88060
19266,88060
19267,88060
19268,88060
19269,88060
19270,88060
19271,88060
19272,88060
19273,88060
19274,88060
19275,88060
19276,88060
19277,88060
19278,88060
19279,88060
19280,88060
19281,88060
19282,88060
19283,88060
19284,88060
19285,88060
19286,88060
19287,88060
19288,88060
19289,88060
19290,88060
19291,88060
19292,88060
19293,88060
19294,88060
19295,88060
19296,88060
19297,88060
19298,88060
19299,88060
19300,88060
19301,88060
19302,88060
19303,88060
19304,88060
19305,88060
19306,88060
19307,88060
19308,88060
19309,88060
19310,88060
19311,88060
19312,88060
19313,88060
19314,88060
19315,88060
19316,88060
19317,88060
19318,88060
19319,88060
19320,88060
19321,88060
19322,88060
19323,88060
19324,88060
19325,88060
19326,88060
19327,88060
19328,88060
19329,88060
19330,88060
19331,88060
19332,88060
19333,88060
19334,88060
19335,88060
19336,88060
19337,88060
19338,88060
19339,88060
19340,88060
19341,88060
19342,88060
19343,88060
19344,88060
19345,88060
19346,88060
19347,88060
19348,88060
19349,88060
19350,88060
19351,88060
19352,88060
19353,88060
19354,88060
19355,88060
19356,88060
19357,88060
19358,88060
19359,88060
19360,88060
19361,88060
19362,88060
19363,88060
19364,88060
19365,88060
19366,88060
19367,88060
19368,88060
19369,88060
19370,88060
19371,88060
19372,88060
19373,88060
19374,88060
19375,88060
19376,88060
19377,88060
19378,88060
19379,88060
19380,88060
19381,88060
19382,88060
19383,88060
19384,88060
19385,88060
19386,88060
19387,88060
19388,88060
19389,88060
19390,88060
19391,88060
19392,88060
19393,88060
19394,88060
19395,88060
19396,88060
19397,88060
19398,88060
19399,88060
19400,88060
19401,88060
19402,88060
19403,88060
19404,88060
19405,88060
19406,88060
19407,88060
19408,88060
19409,88060
19410,88060
19411,88060
19412,88060
19413,88060
19414,88060
19415,88060
19416,88060
19417,88060
19418,88060
19419,88060
19420,88060
19421,88060
19422,88060
19423,88060
19424,88060
19425,88060
19426,88060
19427,88060
19428,88060
19429,88060
19430,88060
19431,88060
19432,88060
19433,88060
19434,88060
19435,88060
19436,88060
19437,88060
19438,88060
19439,88060
19440,88060
19441,88060
19442,88060
19443,88060
19444,88060
19445,88060
19446,88060
19447,88060
19448,88060
19449,88060
19450,88060
19451,88060
19452,88060
19453,88060
19454,88060
19455,88060
19456,88060
19457,88060
19458,88060
19459,88060
19460,88060
19461,88060
19462,88060
19463,88060
19464,88060
19465,88060
19466,88060
19467,88060
19468,88060
19469,88060
19470,88060
19471,88060
19472,88060
19473,88060
19474,88060
19475,88060
19476,88060
19477,88060
19478,88060
19479,88060
19480,88060
19481,88060
19482,88060
19483,88060
19484,88060
19485,88060
19486,88060
19487,88060
19488,88060
19489,88060
19490,88060
19491,88060
19492,88060
19493,88060
19494,88060
19495,88060
19496,88060
19497,88060
19498,88060
19499,88060
19500,88060
19501,88060
19502,88060
19503,88060
19504,88060
19505,88060
19506,88060
19507,88060
19508,88060
19509,88060
19510,88060
19511,88060
19512,88060
19513,88060
19514,88060
19515,88060
19516,88060
19517,88060
19518,88060
19519,88060
19520,88060
19521,88060
19522,88060
19523,88060
19524,88060
19525,88060
19526,88060
19527,88060
19528,88060
19529,88060
19530,88060
19531,88060
19532,88060
19533,88060
19534,88060
19535,88060
19536,88060
19537,88060
19538,88060
19539,88060
19540,88060
19541,88060
19542,88060
19543,88060
19544,88060
19545,88060
19546,88060
19547,88060
19548,88060
19549,88060
19550,88060
19551,88060
19552,88060
19553,88060
19554,88060
19555,88060
19556,88060
19557,88060
19558,88060
19559,88060
19560,88060
19561,88060
19562,88060
19563,88060
19564,88060
19565,88060
19566,88060
19567,88060
19568,88060
19569,88060
19570,88060
19571,88060
19572,88060
19573,88060
19574,88060
19575,88060
19576,88060
19577,88060
19578,88060
19579,88060
19580,88060
19581,88060
19582,88060
19583,88060
19584,88060
19585,88060
19586,88060
19587,88060
19588,88060
19589,88060
19590,88060
19591,88060
19592,88060
19593,88060
19594,88060
19595,88060
19596,88060
19597,88060
19598,88060
19599,88060
19600,88060
19601,88060
19602,88060
19603,88060
19604,88060
19605,88060
19606,88060
19607,88060
19608,88060
19609,88060
19610,88060
19611,88060
19612,88060
19613,88060
19614,88060
19615,88060
19616,88060
19617,88060
19618,88060
19619,88060
19620,88060
19621,88060
19622,88060
19623,88060
19624,88060
19625,88060
19626,88060
19627,88060
19628,88060
19629,88060
19630,88060
19631,88060
19632,88060
19633,88060
19634,88060
19635,88060
19636,88060
19637,88060
19638,88060
19639,88060
19640,88060
19641,88060
19642,88060
19643,88060
19644,88060
19645,88060
19646,88060
19647,88060
19648,88060
19649,88060
19650,88060
19651,88060
19652,88060
19653,88060
19654,88060
19655,88060
19656,88060
19657,88060
19658,88060
19659,88060
19660,88060
19661,88060
19662,88060
19663,88060
19664,88060
19665,88060
19666,88060
19667,88060
19668,88060
19669,88060
19670,88060
19671,88060
19672,88060
19673,88060
19674,88060
19675,88060
19676,88060
19677,88060
19678,88060
19679,88060
19680,88060
19681,88060
19682,88060
19683,88060
19684,88060
19685,88060
19686,88060
19687,88060
19688,88060
19689,88060
19690,88060
19691,88060
19692,88060
19693,88060
19694,88060
19695,88060
19696,88060
19697,88060
19698,88060
19699,88060
19700,88060
19701,88060
19702,88060
19703,88060
19704,88060
19705,88060
19706,88060
19707,88060
19708,88060
19709,88060
19710,88060
19711,88060
19712,88060
19713,88060
19714,88060
19715,88060
19716,88060
19717,88060
19718,88060
19719,88060
19720,88060
19721,88060
19722,88060
19723,88060
19724,88060
19725,88060
19726,88060
19727,88060
19728,88060
19729,88060
19730,88060
19731,88060
19732,88060
19733,88060
19734,88060
19735,88060
19736,88060
19737,88060
19738,88060
19739,88060
19740,88060
19741,88060
19742,88060
19743,88060
19744,88060
19745,88060
19746,88060
19747,88060
19748,88060
19749,88060
19750,88060
19751,88060
19752,88060
19753,88060
19754,88060
19755,88060
19756,88060
19757,88060
19758,88060
19759,88060
19760,88060
19761,88060
19762,88060
19763,88060
19764,88060
19765,88060
19766,88060
19767,88060
19768,88060
19769,88060
19770,88060
19771,88060
19772,88060
19773,88060
19774,88060
19775,88060
19776,88060
19777,88060
19778,88060
19779,88060
19780,88060
19781,88060
19782,88060
19783,88060
19784,88060
19785,88060
19786,88060
19787,88060
19788,88060
19789,88060
19790,88060
19791,88060
19792,88060
19793,88060
19794,88060
19795,88060
19796,88060
19797,88060
19798,88060
19799,88060
19800,88060
19801,88060
19802,88060
19803,88060
19804,88060
19805,88060
19806,88060
19807,88060
19808,88060
19809,88060
19810,88060
19811,88060
19812,88060
19813,88060
19814,88060
19815,88060
19816,88060
19817,88060
19818,88060
19819,88060
19820,88060
19821,88060
19822,88060
19823,88060
19824,88060
19825,88060
19826,88060
19827,88060
19828,88060
19829,88060
19830,88060
19831,88060
19832,88060
19833,88060
19834,88060
19835,88060
19836,88060
19837,88060
19838,88060
19839,88060
19840,88060
19841,88060
19842,88060
19843,88060
19844,88060
19845,88060
19846,88060
19847,88060
19848,88060
19849,88060
19850,88060
19851,88060
19852,88060
19853,88060
19854,88060
19855,88060
19856,88060
19857,88060
19858,88060
19859,88060
19860,88060
19861,88060
19862,88060
19863,88060
19864,88060
19865,88060
19866,88060
19867,88060
19868,88060
19869,88060
19870,88060
19871,88060
19872,88060
19873,88060
19874,88060
19875,88060
19876,88060
19877,88060
19878,88060
19879,88060
19880,88060
19881,88060
19882,88060
19883,88060
19884,88060
19885,88060
19886,88060
19887,88060
19888,88060
19889,88060
19890,88060
19891,88060
19892,88060
19893,88060
19894,88060
19895,88060
19896,88060
19897,88060
19898,88060
19899,88060
19900,88060
19901,88060
19902,88060
19903,88060
19904,88060
19905,88060
19906,88060
19907,88060
19908,88060
19909,88060
19910,88060
19911,88060
19912,88060
19913,88060
19914,88060
19915,88060
19916,88060
19917,88060
19918,88060
19919,88060
19920,88060
19921,88060
19922,88060
19923,88060
19924,88060
19925,88060
19926,88060
19927,88060
19928,88060
19929,88060
19930,88060
19931,88060
19932,88060
19933,88060
19934,88060
19935,88060
19936,88060
19937,88060
19938,88060
19939,88060
19940,88060
19941,88060
19942,88060
19943,88060
19944,88060
19945,88060
19946,88060
19947,88060
19948,88060
19949,88060
19950,88060
19951,88060
19952,88060
19953,88060
19954,88060
19955,88060
19956,88060
19957,88060
19958,88060
19959,88060
19960,88060
19961,88060
19962,88060
19963,88060
19964,88060
19965,88060
19966,88060
19967,88060
19968,88060
19969,88060
19970,88060
19971,88060
19972,88060
19973,88060
19974,88060
19975,88060
19976,88060
19977,88060
19978,88060
19979,88060
19980,88060
19981,88060
19982,88060
19983,88060
19984,88060
19985,88060
19986,88060
19987,88060
19988,88060
19989,88060
19990,88060
19991,88060
19992,88060
19993,88060
19994,88060
19995,88060
19996,88060
19997,88060
19998,88060
19999,88060
