sample,lucro
0,51345
1,68005
2,47530
3,21000
4,9520
5,39830
6,42945
7,47495
8,3115
9,40215
10,22225
11,58730
12,30660
13,15365
14,4760
15,59395
16,-385
17,35875
18,26810
19,58870
20,66115
21,24605
22,-11655
23,22190
24,8995
25,42665
26,63840
27,45045
28,28700
29,15155
30,35665
31,32620
32,23485
33,10500
34,4165
35,17360
36,-15085
37,53445
38,12635
39,13860
40,48580
41,52850
42,27300
43,44485
44,45745
45,42105
46,33600
47,59150
48,50645
49,31255
50,18970
51,36925
52,45255
53,61495
54,36155
55,-23975
56,6930
57,69055
58,22155
59,18725
60,46235
61,36400
62,74935
63,58450
64,17465
65,17045
66,26390
67,39830
68,54005
69,49665
70,27160
71,7315
72,28700
73,49700
74,13230
75,53935
76,43295
77,5635
78,27090
79,-28840
80,68565
81,29610
82,46585
83,20090
84,35000
85,15225
86,1505
87,49560
88,38255
89,52150
90,34545
91,21910
92,44975
93,27965
94,56175
95,58275
96,41615
97,16590
98,-14350
99,-13405
100,37800
101,13790
102,19180
103,38360
104,2870
105,29295
106,16310
107,38675
108,25305
109,52395
110,32130
111,-7490
112,10780
113,25445
114,41300
115,13125
116,27125
117,28945
118,6510
119,57190
120,15330
121,15330
122,51730
123,46235
124,23135
125,27230
126,38255
127,20475
128,-11970
129,28245
130,39585
131,44835
132,50470
133,37345
134,19215
135,17465
136,-245
137,23275
138,25725
139,50085
140,51905
141,36855
142,50435
143,31850
144,44380
145,34055
146,3955
147,59255
148,23240
149,14945
150,1715
151,27615
152,8890
153,58100
154,72345
155,51100
156,60585
157,13930
158,33810
159,9870
160,43260
161,20580
162,24990
163,-17080
164,63420
165,39690
166,30135
167,5215
168,44660
169,31780
170,15890
171,41265
172,30660
173,47600
174,57015
175,41090
176,26880
177,3220
178,27965
179,42000
180,21315
181,24955
182,37450
183,-1015
184,63315
185,50365
186,34300
187,32095
188,8505
189,25935
190,12635
191,10780
192,46725
193,25550
194,37835
195,61985
196,60375
197,24640
198,52780
199,64960
200,38325
201,20825
202,28665
203,1120
204,13755
205,7945
206,39760
207,41720
208,51520
209,28000
210,41510
211,38430
212,39305
213,44730
214,38745
215,48265
216,54985
217,55300
218,65240
219,53480
220,13860
221,5285
222,50365
223,11900
224,69020
225,24465
226,41895
227,30345
228,4305
229,-8750
230,27580
231,17850
232,31955
233,-36260
234,54705
235,45150
236,20475
237,26285
238,38080
239,62580
240,19600
241,38710
242,44030
243,35700
244,15750
245,49385
246,13860
247,8540
248,28385
249,805
250,49420
251,30205
252,26180
253,64330
254,-1890
255,15190
256,28665
257,61880
258,42700
259,385
260,31395
261,29015
262,43400
263,60830
264,40775
265,21490
266,67550
267,21455
268,37380
269,12635
270,-27965
271,40565
272,18550
273,48475
274,39900
275,24465
276,19460
277,56700
278,69195
279,46935
280,5285
281,4165
282,11235
283,26250
284,62055
285,18935
286,47740
287,19495
288,50050
289,21070
290,15995
291,20090
292,10045
293,-6755
294,20615
295,350
296,48335
297,40705
298,13510
299,26775
300,16940
301,39550
302,51240
303,16625
304,44625
305,26635
306,10570
307,20370
308,80465
309,57190
310,10885
311,76685
312,-33950
313,47075
314,25445
315,39795
316,38010
317,52045
318,8435
319,30135
320,41300
321,71470
322,10920
323,15645
324,30800
325,20685
326,22120
327,18130
328,57330
329,46760
330,42910
331,48825
332,9205
333,64190
334,42315
335,-14280
336,38220
337,24675
338,47670
339,33985
340,-4585
341,46235
342,28700
343,17605
344,40040
345,-42105
346,37135
347,48510
348,-1050
349,-5740
350,64540
351,20055
352,45290
353,49875
354,72905
355,9065
356,-12180
357,51730
358,18095
359,44905
360,16765
361,57120
362,52010
363,-10850
364,44415
365,13300
366,39725
367,25865
368,66115
369,45815
370,33425
371,23100
372,28595
373,65660
374,25655
375,-1855
376,58590
377,54320
378,11690
379,25165
380,8260
381,17675
382,28035
383,48335
384,43400
385,31255
386,45220
387,40390
388,32970
389,57610
390,15785
391,30135
392,42210
393,42420
394,63945
395,43575
396,36785
397,385
398,-2415
399,18340
400,43785
401,25760
402,30660
403,24535
404,34580
405,57995
406,42070
407,13230
408,17430
409,37870
410,10780
411,46130
412,33880
413,40145
414,60865
415,2135
416,32550
417,39480
418,41265
419,-8645
420,6545
421,26075
422,-7140
423,8610
424,6195
425,27965
426,-5950
427,64260
428,8855
429,-26320
430,21805
431,24675
432,12320
433,35560
434,46200
435,27510
436,23520
437,19845
438,37345
439,64400
440,46620
441,14560
442,36365
443,38605
444,14070
445,4375
446,47285
447,38255
448,43820
449,-42805
450,9835
451,36470
452,59255
453,23100
454,-9940
455,27020
456,25515
457,32095
458,43610
459,35175
460,37975
461,61425
462,-5565
463,14595
464,49875
465,65940
466,61250
467,49560
468,30205
469,45465
470,-3885
471,58835
472,-17570
473,17675
474,37520
475,21175
476,-8330
477,11305
478,18865
479,21735
480,32165
481,39970
482,33600
483,1365
484,33460
485,68810
486,-24500
487,59570
488,35910
489,12005
490,47915
491,9765
492,5390
493,32200
494,10955
495,54250
496,50645
497,5390
498,12460
499,33355
500,34230
501,38220
502,29855
503,15330
504,35
505,28350
506,42000
507,42490
508,4900
509,6370
510,19880
511,350
512,48685
513,11445
514,41405
515,41720
516,37660
517,315
518,38815
519,22330
520,48650
521,59010
522,23415
523,56945
524,24185
525,21980
526,-13580
527,41440
528,39830
529,28385
530,26915
531,5005
532,45395
533,48930
534,19110
535,40705
536,17360
537,24850
538,27930
539,15995
540,17920
541,53130
542,36435
543,40950
544,45675
545,14630
546,26215
547,15715
548,28035
549,15925
550,43960
551,21735
552,68390
553,24080
554,49805
555,9100
556,8645
557,47495
558,43190
559,29995
560,27125
561,40880
562,15890
563,-3395
564,41440
565,68600
566,39375
567,50820
568,40635
569,42315
570,46095
571,30030
572,46655
573,29575
574,21805
575,56000
576,12775
577,-12600
578,44905
579,61180
580,25515
581,29015
582,38675
583,47635
584,50820
585,21455
586,26005
587,58870
588,46970
589,48720
590,31360
591,60095
592,24885
593,-27055
594,28035
595,40985
596,33040
597,26985
598,55125
599,17325
600,58485
601,59745
602,15435
603,45185
604,2975
605,27790
606,34475
607,64295
608,12110
609,19670
610,4515
611,49000
612,25305
613,33180
614,30240
615,34580
616,15295
617,20055
618,19075
619,37520
620,2450
621,36750
622,33845
623,29645
624,21560
625,33460
626,-24745
627,49910
628,6825
629,41230
630,32970
631,49315
632,46445
633,52360
634,31850
635,40845
636,15330
637,25340
638,17780
639,4795
640,34125
641,910
642,2695
643,43855
644,25270
645,980
646,-10850
647,38675
648,22400
649,11760
650,53095
651,49560
652,350
653,11165
654,12425
655,18795
656,11515
657,62545
658,39025
659,65765
660,36610
661,6160
662,4235
663,24395
664,50575
665,49140
666,16205
667,23380
668,22645
669,53865
670,45570
671,67025
672,39130
673,69580
674,1680
675,40985
676,30170
677,16065
678,49280
679,59500
680,39270
681,33950
682,18025
683,61950
684,17850
685,48125
686,69440
687,45360
688,57960
689,13930
690,58625
691,36470
692,7980
693,45185
694,16940
695,44100
696,17045
697,69230
698,12565
699,29610
700,65555
701,39830
702,49875
703,23065
704,38255
705,9870
706,26075
707,23660
708,23555
709,34160
710,15505
711,43015
712,35175
713,64995
714,60760
715,6370
716,49280
717,57820
718,14875
719,19810
720,39340
721,6755
722,39830
723,14490
724,51380
725,46305
726,48475
727,72030
728,3885
729,37240
730,11585
731,68950
732,59675
733,38990
734,29680
735,62335
736,-20650
737,34335
738,33075
739,9345
740,34020
741,50645
742,49280
743,57610
744,-23520
745,21280
746,27545
747,29400
748,24605
749,12110
750,4655
751,48125
752,25235
753,22050
754,50925
755,40180
756,23065
757,50855
758,6755
759,28770
760,41440
761,30555
762,20195
763,29330
764,48545
765,-4025
766,25235
767,62370
768,43610
769,48650
770,50890
771,52605
772,4305
773,33915
774,14665
775,48125
776,-9520
777,42140
778,-4340
779,-8610
780,38675
781,45500
782,58695
783,21560
784,54460
785,33250
786,44415
787,38325
788,-1645
789,49420
790,33425
791,8890
792,40285
793,35455
794,49735
795,18375
796,30625
797,48615
798,27090
799,48125
800,21945
801,39515
802,65590
803,14980
804,14035
805,14735
806,53620
807,23590
808,49105
809,8575
810,28280
811,23065
812,32375
813,2380
814,49070
815,45220
816,-2240
817,47110
818,49140
819,42665
820,21700
821,47285
822,-420
823,19845
824,49945
825,47285
826,5215
827,33705
828,34930
829,47810
830,38115
831,27580
832,-18025
833,19565
834,26775
835,17815
836,28350
837,50995
838,64295
839,13370
840,29155
841,45885
842,7630
843,-32585
844,23100
845,1435
846,22960
847,22645
848,16170
849,72940
850,15855
851,-5075
852,9485
853,26740
854,41370
855,66500
856,49070
857,52430
858,-3570
859,19740
860,43715
861,56000
862,33845
863,24325
864,15120
865,34300
866,8925
867,48650
868,54075
869,44065
870,56560
871,37905
872,-1540
873,-1225
874,56525
875,41125
876,37730
877,29645
878,25620
879,-10360
880,44905
881,36155
882,-3955
883,29785
884,33285
885,39550
886,18725
887,48930
888,47285
889,57435
890,4130
891,8890
892,-26390
893,7560
894,33845
895,68740
896,30240
897,17290
898,55790
899,45290
900,57155
901,36225
902,49735
903,15295
904,42105
905,70490
906,40040
907,41545
908,20685
909,36470
910,34265
911,11270
912,30135
913,48265
914,46900
915,39515
916,49700
917,-2660
918,37380
919,45255
920,13545
921,28525
922,26215
923,12775
924,37730
925,63560
926,60200
927,10675
928,34020
929,59990
930,24010
931,21525
932,31955
933,20370
934,69020
935,64855
936,15785
937,22680
938,48195
939,51030
940,21840
941,60130
942,38675
943,33285
944,31010
945,25830
946,42035
947,7280
948,24640
949,44135
950,28910
951,25025
952,31745
953,40215
954,9555
955,5250
956,33390
957,19705
958,44695
959,54915
960,53375
961,28805
962,31885
963,36470
964,46655
965,-5005
966,34720
967,54320
968,24815
969,35945
970,13440
971,49525
972,14455
973,-14980
974,70735
975,29365
976,27615
977,32200
978,175
979,14840
980,1050
981,31780
982,6195
983,66115
984,-35105
985,54425
986,52360
987,52570
988,41965
989,21000
990,32340
991,46760
992,22785
993,-37835
994,-6230
995,30485
996,-28490
997,20300
998,56945
999,39970
1000,45255
1001,48720
1002,37345
1003,6440
1004,32445
1005,13615
1006,35980
1007,52220
1008,67060
1009,12915
1010,11620
1011,42630
1012,2240
1013,76825
1014,53655
1015,47880
1016,16870
1017,-18410
1018,15680
1019,10115
1020,48930
1021,30800
1022,25025
1023,51345
1024,945
1025,13020
1026,2590
1027,38395
1028,56595
1029,31920
1030,-8995
1031,6265
1032,46865
1033,34440
1034,22400
1035,58940
1036,23975
1037,44030
1038,58275
1039,52080
1040,26250
1041,47915
1042,26110
1043,71540
1044,50610
1045,12320
1046,44030
1047,7385
1048,23135
1049,69965
1050,22645
1051,52325
1052,68635
1053,350
1054,58240
1055,55510
1056,-3990
1057,47390
1058,31150
1059,-14770
1060,-1260
1061,46830
1062,31535
1063,17955
1064,74900
1065,-10360
1066,48475
1067,41825
1068,49630
1069,28945
1070,25865
1071,32410
1072,47075
1073,58030
1074,29365
1075,51520
1076,21840
1077,37310
1078,42105
1079,7805
1080,61915
1081,41650
1082,31955
1083,56245
1084,54110
1085,24395
1086,61250
1087,20300
1088,6580
1089,19635
1090,75425
1091,21350
1092,13650
1093,15435
1094,45570
1095,21420
1096,41055
1097,14805
1098,41615
1099,38780
1100,27965
1101,25025
1102,41335
1103,35140
1104,38850
1105,5005
1106,23940
1107,63280
1108,53025
1109,-315
1110,49945
1111,18200
1112,9485
1113,20965
1114,46305
1115,3955
1116,47530
1117,22260
1118,61705
1119,-21805
1120,41965
1121,61775
1122,32025
1123,39480
1124,-6825
1125,34090
1126,33950
1127,30485
1128,45710
1129,28315
1130,45360
1131,46200
1132,55020
1133,-1855
1134,73220
1135,3430
1136,38920
1137,14420
1138,-8435
1139,-12460
1140,37940
1141,44625
1142,22890
1143,32340
1144,-840
1145,54670
1146,29190
1147,34790
1148,49595
1149,16310
1150,29715
1151,56070
1152,-23135
1153,25095
1154,25690
1155,34230
1156,55545
1157,33215
1158,57155
1159,43435
1160,25900
1161,33950
1162,13230
1163,60095
1164,42490
1165,40880
1166,5110
1167,13615
1168,31885
1169,62020
1170,23590
1171,4690
1172,6510
1173,38325
1174,29260
1175,36995
1176,32340
1177,56945
1178,6860
1179,29050
1180,-6720
1181,17500
1182,40075
1183,21420
1184,49455
1185,56490
1186,10465
1187,25200
1188,23625
1189,60305
1190,-4340
1191,28525
1192,29820
1193,14455
1194,48230
1195,36820
1196,27650
1197,11410
1198,6965
1199,46165
1200,51485
1201,875
1202,16625
1203,40705
1204,18655
1205,54390
1206,52780
1207,35315
1208,19775
1209,39235
1210,57225
1211,27825
1212,10745
1213,37310
1214,12845
1215,51065
1216,34160
1217,46830
1218,46900
1219,41125
1220,70000
1221,18480
1222,40390
1223,14490
1224,-10115
1225,22085
1226,5285
1227,14805
1228,20090
1229,46795
1230,36260
1231,32655
1232,10675
1233,60935
1234,43680
1235,41405
1236,-4585
1237,46655
1238,20300
1239,49910
1240,30975
1241,36715
1242,44590
1243,15960
1244,20265
1245,10920
1246,49525
1247,-10290
1248,12320
1249,27195
1250,55405
1251,15925
1252,19565
1253,21910
1254,38185
1255,28000
1256,-385
1257,17990
1258,47215
1259,31430
1260,56595
1261,22120
1262,1715
1263,-4725
1264,30940
1265,7350
1266,19495
1267,27965
1268,31780
1269,18935
1270,10955
1271,50540
1272,22505
1273,31745
1274,26110
1275,9975
1276,-1925
1277,56525
1278,20615
1279,2940
1280,36365
1281,-44205
1282,23450
1283,53270
1284,24885
1285,19565
1286,28105
1287,44450
1288,54950
1289,55090
1290,27545
1291,24325
1292,6510
1293,17815
1294,17185
1295,56840
1296,25480
1297,39060
1298,29260
1299,24710
1300,41055
1301,38745
1302,44695
1303,5390
1304,40110
1305,49420
1306,55055
1307,57575
1308,21245
1309,20650
1310,20755
1311,52500
1312,48090
1313,30380
1314,31990
1315,21840
1316,30380
1317,40985
1318,65380
1319,30450
1320,57960
1321,-19425
1322,25515
1323,56175
1324,34930
1325,57470
1326,72030
1327,66150
1328,34825
1329,52955
1330,36855
1331,34475
1332,42350
1333,12180
1334,21490
1335,49700
1336,36610
1337,7455
1338,32935
1339,1855
1340,28665
1341,15470
1342,40985
1343,-11060
1344,32410
1345,22925
1346,40810
1347,35840
1348,11235
1349,35315
1350,30590
1351,36855
1352,32235
1353,61565
1354,15190
1355,28035
1356,23450
1357,24080
1358,58800
1359,42560
1360,-1855
1361,23310
1362,35560
1363,20720
1364,25725
1365,40460
1366,30415
1367,22610
1368,45675
1369,29645
1370,61425
1371,30520
1372,-840
1373,35210
1374,43470
1375,29505
1376,-630
1377,40285
1378,51030
1379,50575
1380,68250
1381,24535
1382,24920
1383,39305
1384,65520
1385,17395
1386,59780
1387,-9520
1388,38640
1389,35770
1390,35420
1391,-910
1392,51030
1393,40005
1394,8925
1395,-15260
1396,42770
1397,37275
1398,24850
1399,17465
1400,18340
1401,-525
1402,46340
1403,17255
1404,26985
1405,12390
1406,15960
1407,1785
1408,-3360
1409,56385
1410,29750
1411,40530
1412,61425
1413,18095
1414,19005
1415,-16660
1416,40425
1417,-6860
1418,54425
1419,57435
1420,40775
1421,48790
1422,35035
1423,39270
1424,55720
1425,43225
1426,17640
1427,2975
1428,41825
1429,51380
1430,50575
1431,49700
1432,26600
1433,20685
1434,42595
1435,-9660
1436,31955
1437,36015
1438,56105
1439,33145
1440,60410
1441,21350
1442,40880
1443,46585
1444,57715
1445,13720
1446,42735
1447,39515
1448,56210
1449,19950
1450,9450
1451,11865
1452,14455
1453,51940
1454,31815
1455,55440
1456,2905
1457,-2135
1458,2135
1459,41650
1460,34125
1461,41860
1462,23835
1463,51870
1464,29050
1465,47215
1466,24220
1467,53480
1468,32690
1469,66220
1470,18725
1471,29645
1472,9800
1473,36785
1474,30765
1475,30205
1476,32725
1477,3150
1478,6090
1479,31395
1480,27055
1481,43610
1482,15085
1483,23135
1484,24360
1485,69615
1486,33075
1487,44940
1488,-21455
1489,28595
1490,10570
1491,59150
1492,32655
1493,30520
1494,38255
1495,30870
1496,43015
1497,20685
1498,6895
1499,15715
1500,-32620
1501,-21665
1502,9100
1503,19425
1504,-7595
1505,45850
1506,29085
1507,16065
1508,38920
1509,14070
1510,23520
1511,14910
1512,49350
1513,51870
1514,29575
1515,52325
1516,21875
1517,49175
1518,18165
1519,6965
1520,7700
1521,24360
1522,63385
1523,39935
1524,53410
1525,48510
1526,34790
1527,13685
1528,46270
1529,41125
1530,63525
1531,-6755
1532,22085
1533,26040
1534,38360
1535,42490
1536,31500
1537,35805
1538,19320
1539,-12145
1540,29225
1541,33005
1542,42770
1543,60095
1544,40600
1545,33425
1546,52850
1547,42840
1548,140
1549,65520
1550,41160
1551,32690
1552,4620
1553,54425
1554,15330
1555,32970
1556,52360
1557,13160
1558,62790
1559,78435
1560,20265
1561,21910
1562,34825
1563,21105
1564,-12390
1565,32515
1566,23485
1567,21700
1568,30660
1569,17605
1570,80360
1571,46305
1572,22855
1573,36015
1574,-15750
1575,52045
1576,45325
1577,53655
1578,24185
1579,36960
1580,48755
1581,48580
1582,50085
1583,68670
1584,46095
1585,34580
1586,27930
1587,60585
1588,12320
1589,27790
1590,28770
1591,41720
1592,11725
1593,29190
1594,32515
1595,65450
1596,56595
1597,4900
1598,18830
1599,47740
1600,16275
1601,25690
1602,29050
1603,41510
1604,-18410
1605,59885
1606,5075
1607,44275
1608,42385
1609,46095
1610,32900
1611,8645
1612,16835
1613,27510
1614,32165
1615,18445
1616,39655
1617,44415
1618,58800
1619,19495
1620,45185
1621,74935
1622,43190
1623,42490
1624,47740
1625,52535
1626,14980
1627,37030
1628,29190
1629,14245
1630,48650
1631,-20160
1632,69755
1633,4165
1634,40985
1635,37695
1636,25165
1637,22365
1638,19985
1639,-36610
1640,41580
1641,27580
1642,10780
1643,44625
1644,47740
1645,11550
1646,56525
1647,40110
1648,50820
1649,2660
1650,1960
1651,51380
1652,64960
1653,40005
1654,40985
1655,52220
1656,48440
1657,48720
1658,33810
1659,35525
1660,11235
1661,57995
1662,23765
1663,21315
1664,36820
1665,65275
1666,31465
1667,41615
1668,37275
1669,52920
1670,53935
1671,9765
1672,14420
1673,38500
1674,-26775
1675,30870
1676,15610
1677,27965
1678,43855
1679,36505
1680,12530
1681,34335
1682,875
1683,47775
1684,63175
1685,38430
1686,17570
1687,53095
1688,37905
1689,21770
1690,31745
1691,38010
1692,31115
1693,55265
1694,12040
1695,-9415
1696,3220
1697,3710
1698,37275
1699,19565
1700,30520
1701,34965
1702,28630
1703,38220
1704,45850
1705,36015
1706,4480
1707,17325
1708,48090
1709,28175
1710,53585
1711,32585
1712,18585
1713,29295
1714,28000
1715,31535
1716,14070
1717,62860
1718,44940
1719,27720
1720,48475
1721,31010
1722,63035
1723,29855
1724,32585
1725,18480
1726,30205
1727,28945
1728,23975
1729,16380
1730,31885
1731,9695
1732,48650
1733,-27020
1734,-8365
1735,20545
1736,14245
1737,-16415
1738,21735
1739,7525
1740,33215
1741,20125
1742,41685
1743,35420
1744,46235
1745,32200
1746,37170
1747,21280
1748,16240
1749,16485
1750,1575
1751,65940
1752,31430
1753,30030
1754,17255
1755,35490
1756,32865
1757,-22050
1758,36715
1759,-3290
1760,56910
1761,22855
1762,37170
1763,40740
1764,28070
1765,50855
1766,34895
1767,50680
1768,27580
1769,38500
1770,39585
1771,5460
1772,32830
1773,48720
1774,25970
1775,37345
1776,45430
1777,38710
1778,6020
1779,19460
1780,42420
1781,29260
1782,43575
1783,4725
1784,57540
1785,63420
1786,26215
1787,40635
1788,-23695
1789,37940
1790,52535
1791,23555
1792,9660
1793,32340
1794,21560
1795,28455
1796,58170
1797,31010
1798,49945
1799,3920
1800,30800
1801,41650
1802,34615
1803,7070
1804,28455
1805,34335
1806,34965
1807,7665
1808,29050
1809,21140
1810,22155
1811,59080
1812,20370
1813,18445
1814,21350
1815,43015
1816,19145
1817,21105
1818,30905
1819,17815
1820,37135
1821,21105
1822,44835
1823,22050
1824,37695
1825,64680
1826,61740
1827,56350
1828,55370
1829,22330
1830,66990
1831,17570
1832,18585
1833,20055
1834,-9835
1835,-11550
1836,20230
1837,16975
1838,49455
1839,47320
1840,29645
1841,68285
1842,4725
1843,36610
1844,25795
1845,52920
1846,18550
1847,7455
1848,22575
1849,33460
1850,41125
1851,5460
1852,73220
1853,58870
1854,12775
1855,-32445
1856,50505
1857,41195
1858,39270
1859,50295
1860,38675
1861,23380
1862,20125
1863,29855
1864,52850
1865,25725
1866,74830
1867,62510
1868,23170
1869,32760
1870,58240
1871,2310
1872,44730
1873,44205
1874,71470
1875,19950
1876,-2415
1877,56000
1878,28455
1879,20930
1880,48615
1881,24885
1882,17080
1883,10290
1884,39655
1885,34685
1886,-16275
1887,37940
1888,7105
1889,27720
1890,14840
1891,52710
1892,39200
1893,33670
1894,40425
1895,31395
1896,40215
1897,49980
1898,2450
1899,29505
1900,61145
1901,21665
1902,35665
1903,1715
1904,-7070
1905,45920
1906,62090
1907,-22260
1908,9660
1909,10570
1910,32690
1911,34405
1912,34125
1913,-14945
1914,770
1915,31605
1916,2275
1917,7035
1918,49805
1919,43400
1920,9240
1921,46725
1922,73605
1923,11410
1924,41545
1925,26635
1926,39410
1927,27755
1928,-20965
1929,11655
1930,62720
1931,28105
1932,18410
1933,29435
1934,43890
1935,17220
1936,47180
1937,36540
1938,17010
1939,60760
1940,22015
1941,17885
1942,22995
1943,42105
1944,-8925
1945,27720
1946,21350
1947,-16730
1948,-4900
1949,840
1950,-3710
1951,46060
1952,46095
1953,17360
1954,17185
1955,38290
1956,59325
1957,18235
1958,4690
1959,15610
1960,30100
1961,46270
1962,4095
1963,12250
1964,3955
1965,30730
1966,43855
1967,45710
1968,19810
1969,53165
1970,12565
1971,24745
1972,42420
1973,21945
1974,-2240
1975,2450
1976,4025
1977,67655
1978,35350
1979,28490
1980,-14490
1981,49035
1982,30380
1983,3465
1984,57750
1985,32550
1986,33390
1987,29120
1988,42280
1989,31080
1990,25235
1991,45675
1992,47845
1993,19635
1994,21350
1995,37345
1996,37275
1997,28385
1998,6125
1999,29330
2000,21245
2001,26530
2002,18550
2003,-12950
2004,31010
2005,15715
2006,-7770
2007,26880
2008,48545
2009,48230
2010,43680
2011,2205
2012,52710
2013,43015
2014,38815
2015,34300
2016,57085
2017,35945
2018,40320
2019,48440
2020,-6440
2021,22155
2022,60865
2023,45290
2024,-8575
2025,50715
2026,28840
2027,10115
2028,49490
2029,20580
2030,6335
2031,20755
2032,26635
2033,64190
2034,24920
2035,60620
2036,53235
2037,735
2038,43540
2039,48265
2040,21805
2041,8505
2042,27930
2043,52780
2044,50575
2045,34930
2046,11130
2047,55720
2048,42840
2049,35595
2050,18935
2051,24150
2052,70
2053,41195
2054,54460
2055,20160
2056,48930
2057,32480
2058,14630
2059,57085
2060,39445
2061,16870
2062,4515
2063,44485
2064,16835
2065,38290
2066,-7385
2067,59395
2068,33285
2069,19530
2070,5110
2071,58835
2072,6440
2073,-3395
2074,52290
2075,41895
2076,-20125
2077,27335
2078,1785
2079,69300
2080,18620
2081,30835
2082,11095
2083,47740
2084,34580
2085,60690
2086,38920
2087,52640
2088,46060
2089,26250
2090,51240
2091,28560
2092,38255
2093,22015
2094,28770
2095,11410
2096,19005
2097,35525
2098,22365
2099,-18515
2100,40460
2101,43820
2102,48965
2103,49350
2104,34055
2105,35910
2106,-980
2107,46725
2108,42630
2109,43400
2110,64715
2111,46480
2112,44065
2113,5285
2114,19250
2115,43820
2116,14735
2117,57225
2118,27020
2119,20895
2120,57085
2121,16240
2122,63000
2123,13615
2124,37695
2125,26530
2126,-25270
2127,41335
2128,14735
2129,42245
2130,14560
2131,12145
2132,26005
2133,26705
2134,46060
2135,20685
2136,17640
2137,26810
2138,37800
2139,17570
2140,65135
2141,11480
2142,28875
2143,25025
2144,6195
2145,49420
2146,-105
2147,-14350
2148,70525
2149,-15575
2150,48265
2151,35665
2152,22995
2153,48685
2154,53585
2155,22785
2156,44275
2157,66045
2158,34790
2159,38115
2160,54810
2161,33495
2162,57330
2163,62720
2164,-8505
2165,25060
2166,-5810
2167,29610
2168,23275
2169,55335
2170,49735
2171,22365
2172,6685
2173,40005
2174,36365
2175,22155
2176,48650
2177,26075
2178,49245
2179,29260
2180,-16660
2181,50155
2182,29225
2183,61110
2184,4830
2185,34685
2186,38395
2187,23205
2188,34125
2189,27020
2190,54320
2191,19845
2192,40740
2193,42280
2194,41055
2195,37555
2196,44170
2197,59570
2198,2450
2199,-9870
2200,28560
2201,73605
2202,21630
2203,4655
2204,32095
2205,38255
2206,46480
2207,21630
2208,65765
2209,6615
2210,42315
2211,38325
2212,-9065
2213,64295
2214,11795
2215,-5985
2216,48650
2217,45185
2218,23170
2219,-9485
2220,45465
2221,10150
2222,79450
2223,-22295
2224,33845
2225,4760
2226,30275
2227,52115
2228,19565
2229,19740
2230,24220
2231,23065
2232,19355
2233,36155
2234,28280
2235,19495
2236,42875
2237,51275
2238,44625
2239,72100
2240,20300
2241,57155
2242,-14420
2243,60235
2244,33355
2245,71330
2246,30905
2247,-3850
2248,57260
2249,55090
2250,45920
2251,10675
2252,2520
2253,54565
2254,52745
2255,3185
2256,-245
2257,26670
2258,57050
2259,55790
2260,49385
2261,18270
2262,22260
2263,11725
2264,36015
2265,34510
2266,31430
2267,39305
2268,31150
2269,40040
2270,-3710
2271,-2695
2272,32970
2273,45675
2274,41300
2275,16170
2276,36575
2277,-14595
2278,42280
2279,22820
2280,-12215
2281,49980
2282,46865
2283,29750
2284,24010
2285,28210
2286,-14280
2287,-210
2288,36365
2289,28420
2290,38815
2291,55265
2292,33250
2293,49140
2294,31780
2295,29995
2296,37310
2297,54950
2298,51730
2299,36155
2300,16170
2301,20895
2302,60515
2303,22015
2304,55090
2305,10395
2306,24920
2307,44520
2308,38570
2309,25725
2310,57435
2311,59465
2312,2835
2313,14175
2314,50610
2315,32760
2316,20475
2317,44100
2318,5390
2319,38360
2320,25725
2321,-15120
2322,18445
2323,43855
2324,33285
2325,39830
2326,-13545
2327,-3815
2328,36995
2329,22680
2330,45010
2331,21595
2332,32550
2333,29435
2334,50890
2335,65100
2336,33180
2337,69440
2338,45955
2339,40740
2340,19810
2341,26670
2342,20440
2343,-18585
2344,26740
2345,15995
2346,24010
2347,38675
2348,33460
2349,46375
2350,-18340
2351,43575
2352,46445
2353,25480
2354,51240
2355,27895
2356,39935
2357,26775
2358,22085
2359,18165
2360,35245
2361,26565
2362,57085
2363,55020
2364,34230
2365,-2835
2366,41125
2367,67760
2368,8190
2369,46130
2370,47180
2371,31955
2372,46795
2373,39060
2374,40425
2375,-3255
2376,48440
2377,22610
2378,8575
2379,20055
2380,3395
2381,9765
2382,28840
2383,-8050
2384,46480
2385,25690
2386,49070
2387,36960
2388,-4235
2389,31745
2390,36750
2391,4165
2392,11690
2393,33810
2394,15995
2395,43645
2396,4795
2397,29925
2398,62685
2399,40565
2400,38885
2401,23275
2402,30275
2403,4025
2404,47950
2405,27930
2406,3850
2407,63805
2408,-26005
2409,31080
2410,42980
2411,56420
2412,38290
2413,31150
2414,-8225
2415,15295
2416,9625
2417,41580
2418,28385
2419,28105
2420,31815
2421,-3815
2422,45255
2423,39060
2424,20860
2425,45675
2426,35280
2427,1190
2428,-5460
2429,45325
2430,36085
2431,42980
2432,39270
2433,52745
2434,-6965
2435,31325
2436,40775
2437,55930
2438,7805
2439,25760
2440,19880
2441,1610
2442,51240
2443,51660
2444,59325
2445,33320
2446,36645
2447,28980
2448,49140
2449,40040
2450,16695
2451,52710
2452,45605
2453,15330
2454,30205
2455,40845
2456,40775
2457,45325
2458,32725
2459,68915
2460,-1295
2461,44450
2462,19250
2463,40040
2464,60795
2465,14910
2466,50680
2467,39620
2468,26460
2469,16030
2470,5740
2471,41510
2472,62090
2473,35525
2474,3640
2475,38570
2476,25130
2477,39200
2478,44345
2479,11025
2480,30380
2481,29540
2482,32270
2483,24395
2484,16065
2485,48545
2486,18060
2487,50645
2488,39200
2489,16450
2490,26285
2491,69895
2492,17815
2493,50715
2494,38360
2495,14175
2496,16065
2497,45605
2498,52990
2499,48265
2500,38185
2501,9205
2502,57610
2503,68075
2504,-15225
2505,-840
2506,44590
2507,28665
2508,20335
2509,26950
2510,41020
2511,61565
2512,52640
2513,13440
2514,34300
2515,33495
2516,-15330
2517,53270
2518,37030
2519,16170
2520,44940
2521,30030
2522,38570
2523,-6895
2524,26985
2525,34125
2526,30415
2527,62965
2528,42490
2529,47985
2530,49175
2531,43050
2532,54180
2533,41755
2534,37590
2535,13720
2536,39060
2537,-11200
2538,17500
2539,37310
2540,3990
2541,5390
2542,50575
2543,16415
2544,38710
2545,33495
2546,49490
2547,7735
2548,60445
2549,34055
2550,12705
2551,26285
2552,16940
2553,29645
2554,15120
2555,53865
2556,40670
2557,45605
2558,64855
2559,47180
2560,42595
2561,55300
2562,53900
2563,15435
2564,30520
2565,16100
2566,35805
2567,17815
2568,21945
2569,40740
2570,-8645
2571,46410
2572,52780
2573,23275
2574,23275
2575,42070
2576,27930
2577,57505
2578,65800
2579,57575
2580,29050
2581,53060
2582,26495
2583,12285
2584,42105
2585,-11970
2586,50400
2587,38990
2588,34615
2589,-8295
2590,54285
2591,19810
2592,35175
2593,42560
2594,32060
2595,44975
2596,53550
2597,61810
2598,69230
2599,38500
2600,14350
2601,22820
2602,25935
2603,57855
2604,22015
2605,33985
2606,33215
2607,18305
2608,42910
2609,34230
2610,37765
2611,54985
2612,20195
2613,37905
2614,39830
2615,18375
2616,12670
2617,50820
2618,-3780
2619,42525
2620,19915
2621,33355
2622,13650
2623,32060
2624,44870
2625,4620
2626,49455
2627,-3675
2628,1925
2629,23625
2630,32970
2631,29855
2632,36330
2633,19985
2634,-7350
2635,28840
2636,54215
2637,23660
2638,30660
2639,51030
2640,25480
2641,38290
2642,57120
2643,36155
2644,1400
2645,27790
2646,35700
2647,7385
2648,13370
2649,16730
2650,42525
2651,15225
2652,35175
2653,22820
2654,17185
2655,13055
2656,6720
2657,35245
2658,28595
2659,44240
2660,52360
2661,30065
2662,32760
2663,5145
2664,67375
2665,44415
2666,1960
2667,770
2668,22330
2669,12250
2670,56630
2671,33320
2672,31500
2673,59045
2674,28595
2675,39935
2676,36540
2677,-280
2678,41300
2679,45815
2680,28910
2681,36540
2682,23520
2683,35630
2684,41265
2685,15505
2686,30625
2687,55335
2688,43400
2689,13895
2690,13055
2691,47040
2692,39480
2693,10360
2694,70000
2695,4830
2696,49385
2697,-22295
2698,44415
2699,15820
2700,18445
2701,4235
2702,29505
2703,58835
2704,30835
2705,39130
2706,11165
2707,-18690
2708,42140
2709,57365
2710,56525
2711,31255
2712,72450
2713,22890
2714,48265
2715,22470
2716,24045
2717,17675
2718,4620
2719,65975
2720,42770
2721,64715
2722,21980
2723,35140
2724,-4480
2725,32095
2726,19810
2727,49805
2728,53970
2729,24605
2730,26285
2731,28595
2732,21595
2733,33565
2734,21665
2735,70070
2736,17465
2737,8295
2738,63175
2739,13055
2740,65065
2741,18025
2742,18095
2743,17290
2744,39480
2745,46620
2746,33285
2747,3570
2748,47040
2749,43015
2750,36645
2751,60410
2752,66710
2753,74655
2754,14875
2755,24430
2756,16975
2757,52570
2758,30730
2759,24885
2760,24255
2761,6405
2762,12530
2763,24815
2764,25935
2765,33005
2766,61495
2767,18375
2768,6615
2769,67830
2770,35980
2771,52185
2772,44555
2773,33285
2774,35280
2775,53200
2776,40285
2777,20440
2778,8505
2779,45675
2780,17955
2781,45395
2782,54075
2783,35490
2784,31955
2785,63630
2786,60340
2787,-1505
2788,39795
2789,29645
2790,18445
2791,11760
2792,36645
2793,21175
2794,6125
2795,16660
2796,39165
2797,36365
2798,20405
2799,50715
2800,48545
2801,-44975
2802,7210
2803,52850
2804,43470
2805,24535
2806,25655
2807,50960
2808,17500
2809,68285
2810,61670
2811,33705
2812,45745
2813,52115
2814,40040
2815,15295
2816,63770
2817,14910
2818,20720
2819,29925
2820,17500
2821,7315
2822,31395
2823,26845
2824,46935
2825,39655
2826,21350
2827,50330
2828,19530
2829,43295
2830,7280
2831,37275
2832,12565
2833,43435
2834,4095
2835,40495
2836,38640
2837,42945
2838,24815
2839,54985
2840,44450
2841,32830
2842,24745
2843,48755
2844,44415
2845,31255
2846,45185
2847,54705
2848,10220
2849,17920
2850,13615
2851,17325
2852,17255
2853,42280
2854,34230
2855,-10955
2856,23940
2857,-8575
2858,46550
2859,25165
2860,13685
2861,47355
2862,5915
2863,65765
2864,23590
2865,30205
2866,31535
2867,51275
2868,50925
2869,15505
2870,48440
2871,-8470
2872,10920
2873,49595
2874,45640
2875,59290
2876,64925
2877,7280
2878,40530
2879,47390
2880,11690
2881,19180
2882,1435
2883,15855
2884,20755
2885,30205
2886,24920
2887,42245
2888,21665
2889,39830
2890,61425
2891,-16660
2892,19460
2893,38710
2894,17745
2895,43050
2896,9835
2897,62650
2898,63910
2899,10185
2900,42700
2901,23520
2902,69860
2903,45255
2904,47355
2905,52395
2906,29715
2907,40110
2908,29925
2909,26705
2910,29750
2911,26180
2912,26635
2913,38430
2914,21420
2915,58065
2916,12880
2917,39830
2918,58450
2919,-40425
2920,44310
2921,51625
2922,34440
2923,28350
2924,12250
2925,54250
2926,-2835
2927,24395
2928,34405
2929,26460
2930,-1260
2931,41895
2932,31255
2933,21665
2934,49420
2935,63665
2936,49350
2937,8260
2938,11795
2939,-6685
2940,35735
2941,22715
2942,26880
2943,39795
2944,43225
2945,61355
2946,10745
2947,42105
2948,5845
2949,55965
2950,3290
2951,2975
2952,54075
2953,43960
2954,18130
2955,45885
2956,38605
2957,29085
2958,37415
2959,50400
2960,35175
2961,14000
2962,27790
2963,43505
2964,12530
2965,34230
2966,35700
2967,13475
2968,-11620
2969,48405
2970,10990
2971,32375
2972,1330
2973,385
2974,53235
2975,42385
2976,43330
2977,55020
2978,33565
2979,4830
2980,20580
2981,45185
2982,50225
2983,31360
2984,57820
2985,31430
2986,43085
2987,30310
2988,14105
2989,-945
2990,-5180
2991,30170
2992,33460
2993,23240
2994,30730
2995,16310
2996,-1610
2997,64995
2998,1680
2999,25025
3000,26775
3001,17535
3002,45535
3003,58415
3004,38675
3005,8225
3006,-2450
3007,19355
3008,9135
3009,66290
3010,14105
3011,16625
3012,4165
3013,27860
3014,13055
3015,32585
3016,31325
3017,45360
3018,30800
3019,28035
3020,50575
3021,40460
3022,10150
3023,50855
3024,59990
3025,35140
3026,52920
3027,30905
3028,34510
3029,55370
3030,6825
3031,41545
3032,23345
3033,52010
3034,-980
3035,50120
3036,6195
3037,33880
3038,18305
3039,28665
3040,41370
3041,34230
3042,49805
3043,33075
3044,37975
3045,42035
3046,29715
3047,15400
3048,51660
3049,51765
3050,4305
3051,35210
3052,16660
3053,33775
3054,7140
3055,54915
3056,57890
3057,39795
3058,45920
3059,20090
3060,46235
3061,-26460
3062,31640
3063,56350
3064,42875
3065,64785
3066,35700
3067,36680
3068,48930
3069,40460
3070,34685
3071,29610
3072,42945
3073,41055
3074,35280
3075,19285
3076,17150
3077,22400
3078,40320
3079,48055
3080,66360
3081,64750
3082,59535
3083,11900
3084,43015
3085,33530
3086,21840
3087,36225
3088,65520
3089,64225
3090,37870
3091,7560
3092,2660
3093,45150
3094,58975
3095,12390
3096,14805
3097,36330
3098,62230
3099,56735
3100,22015
3101,56770
3102,21525
3103,26250
3104,42105
3105,27020
3106,41685
3107,11655
3108,63490
3109,29400
3110,30135
3111,36855
3112,-29680
3113,4025
3114,24885
3115,20510
3116,34650
3117,-14000
3118,33775
3119,-28245
3120,14840
3121,24045
3122,13580
3123,68705
3124,64365
3125,23660
3126,38500
3127,60795
3128,35700
3129,9835
3130,46445
3131,-5320
3132,31990
3133,16310
3134,30975
3135,34335
3136,6965
3137,55020
3138,33355
3139,-1505
3140,30695
3141,64435
3142,44485
3143,18725
3144,19180
3145,52745
3146,45780
3147,32305
3148,36330
3149,52045
3150,-29260
3151,18760
3152,32375
3153,25655
3154,64015
3155,-9905
3156,35245
3157,-11690
3158,12495
3159,18935
3160,34300
3161,52430
3162,17640
3163,44030
3164,32130
3165,51450
3166,13720
3167,64750
3168,-20615
3169,44030
3170,39480
3171,-14560
3172,12460
3173,9835
3174,33495
3175,24815
3176,42280
3177,22645
3178,66885
3179,30380
3180,32515
3181,-735
3182,-1890
3183,42280
3184,26530
3185,40880
3186,40845
3187,20300
3188,36365
3189,28665
3190,18340
3191,62160
3192,34370
3193,40460
3194,25200
3195,18060
3196,-3535
3197,25025
3198,36540
3199,31465
3200,42980
3201,33285
3202,25725
3203,32060
3204,10745
3205,51800
3206,-22435
3207,48755
3208,5775
3209,36295
3210,54740
3211,21665
3212,8505
3213,70385
3214,39970
3215,47215
3216,26215
3217,-18515
3218,8995
3219,-5250
3220,51240
3221,52780
3222,49700
3223,29750
3224,31325
3225,29015
3226,70210
3227,39935
3228,51100
3229,8365
3230,490
3231,40355
3232,8645
3233,22925
3234,27335
3235,23940
3236,70595
3237,9765
3238,43925
3239,56490
3240,47075
3241,33845
3242,15085
3243,27790
3244,140
3245,45675
3246,29890
3247,43330
3248,54530
3249,53375
3250,47705
3251,41755
3252,24360
3253,40810
3254,8330
3255,52255
3256,36960
3257,47530
3258,28770
3259,23940
3260,-34650
3261,27160
3262,23275
3263,20685
3264,-6055
3265,43575
3266,21210
3267,45185
3268,45920
3269,47565
3270,31395
3271,-2695
3272,49910
3273,37590
3274,36505
3275,42350
3276,14420
3277,36050
3278,-25620
3279,-15470
3280,25305
3281,53620
3282,17290
3283,13510
3284,4095
3285,59465
3286,41405
3287,48475
3288,9240
3289,21945
3290,52325
3291,9065
3292,41160
3293,61950
3294,12670
3295,3360
3296,21770
3297,38115
3298,25445
3299,38920
3300,14980
3301,71540
3302,-5355
3303,71715
3304,47005
3305,19075
3306,46375
3307,7140
3308,31850
3309,-26145
3310,18795
3311,39445
3312,62615
3313,37590
3314,35070
3315,9030
3316,29995
3317,15470
3318,-8610
3319,43890
3320,54495
3321,21945
3322,30275
3323,25725
3324,22015
3325,36155
3326,40075
3327,27405
3328,49875
3329,21490
3330,-25095
3331,61215
3332,21035
3333,3850
3334,3710
3335,3535
3336,30835
3337,3990
3338,47110
3339,41825
3340,29330
3341,41650
3342,-11235
3343,11935
3344,10675
3345,64435
3346,-8785
3347,37660
3348,41650
3349,-45850
3350,22610
3351,44975
3352,38640
3353,28945
3354,29365
3355,31255
3356,55125
3357,25445
3358,30870
3359,34055
3360,34650
3361,45990
3362,65765
3363,280
3364,25480
3365,34475
3366,62475
3367,48405
3368,50120
3369,11760
3370,79555
3371,36645
3372,-5880
3373,22785
3374,40180
3375,28595
3376,-30345
3377,7595
3378,47145
3379,32830
3380,46585
3381,14735
3382,39760
3383,-41510
3384,42420
3385,5460
3386,42735
3387,-4410
3388,57855
3389,36015
3390,19285
3391,9275
3392,34195
3393,51905
3394,22680
3395,19880
3396,31325
3397,25270
3398,38990
3399,56175
3400,42525
3401,48615
3402,52395
3403,4900
3404,48965
3405,1820
3406,19775
3407,-8610
3408,11025
3409,17325
3410,-13685
3411,40775
3412,30870
3413,42700
3414,18130
3415,28805
3416,33635
3417,60095
3418,26600
3419,23835
3420,30065
3421,44415
3422,7210
3423,40670
3424,42945
3425,-33950
3426,28350
3427,62510
3428,22435
3429,3745
3430,36925
3431,35875
3432,50260
3433,28875
3434,20370
3435,11655
3436,51835
3437,21350
3438,60025
3439,33110
3440,31080
3441,37555
3442,50015
3443,28210
3444,-11235
3445,19390
3446,43260
3447,47740
3448,1400
3449,20335
3450,29120
3451,-16870
3452,43820
3453,66185
3454,33215
3455,56840
3456,3290
3457,46795
3458,12670
3459,35560
3460,51240
3461,26390
3462,16765
3463,55930
3464,47460
3465,19810
3466,-32060
3467,48965
3468,65590
3469,32095
3470,11725
3471,24255
3472,30275
3473,22680
3474,27440
3475,69195
3476,62055
3477,6580
3478,54985
3479,60795
3480,43925
3481,41580
3482,35910
3483,37905
3484,43820
3485,2240
3486,57540
3487,37170
3488,56770
3489,4830
3490,14770
3491,46935
3492,27405
3493,42315
3494,4480
3495,23380
3496,29365
3497,50050
3498,67410
3499,6930
3500,32865
3501,59080
3502,55965
3503,49245
3504,36750
3505,19180
3506,52150
3507,16310
3508,48160
3509,34510
3510,28595
3511,27160
3512,42910
3513,29890
3514,43190
3515,-6405
3516,44135
3517,13790
3518,44100
3519,9100
3520,72065
3521,-21490
3522,-3290
3523,35910
3524,53270
3525,43435
3526,41020
3527,47180
3528,28175
3529,30940
3530,27055
3531,-15960
3532,53165
3533,11165
3534,61110
3535,27195
3536,48895
3537,8855
3538,36015
3539,38325
3540,51345
3541,14000
3542,-560
3543,78960
3544,31395
3545,35385
3546,15960
3547,16205
3548,20965
3549,44170
3550,7770
3551,46830
3552,34580
3553,43645
3554,41160
3555,30800
3556,27510
3557,39060
3558,30695
3559,12705
3560,58415
3561,50295
3562,25725
3563,61600
3564,44240
3565,40635
3566,37800
3567,61810
3568,31255
3569,54320
3570,10115
3571,41755
3572,24990
3573,52080
3574,25900
3575,38850
3576,21595
3577,3605
3578,38150
3579,20475
3580,44520
3581,21560
3582,32305
3583,10570
3584,53655
3585,36820
3586,17010
3587,61530
3588,18690
3589,7420
3590,28350
3591,62195
3592,2800
3593,67340
3594,63175
3595,57470
3596,8225
3597,36400
3598,47705
3599,37450
3600,27475
3601,49385
3602,11620
3603,24255
3604,61250
3605,-5985
3606,-1575
3607,44730
3608,20790
3609,22050
3610,13825
3611,66500
3612,22260
3613,50015
3614,13615
3615,-31220
3616,12670
3617,36330
3618,24010
3619,25095
3620,3045
3621,15085
3622,36575
3623,24500
3624,51310
3625,66290
3626,25340
3627,57715
3628,805
3629,18795
3630,15085
3631,35210
3632,22330
3633,43400
3634,64680
3635,57330
3636,14875
3637,-8155
3638,-17990
3639,24745
3640,30870
3641,31290
3642,43505
3643,15820
3644,30310
3645,42980
3646,14840
3647,40250
3648,35350
3649,21000
3650,-7245
3651,-70
3652,21000
3653,-8435
3654,23730
3655,57645
3656,46375
3657,15085
3658,49525
3659,30415
3660,4165
3661,-76020
3662,22645
3663,38360
3664,37275
3665,70735
3666,11620
3667,31535
3668,22995
3669,22435
3670,37590
3671,31850
3672,41125
3673,63560
3674,14560
3675,25270
3676,35805
3677,53445
3678,35980
3679,31360
3680,39550
3681,11235
3682,34860
3683,40110
3684,21455
3685,24080
3686,45990
3687,44870
3688,35315
3689,62895
3690,39130
3691,34720
3692,11690
3693,46935
3694,39550
3695,27090
3696,48440
3697,43470
3698,39760
3699,57400
3700,61040
3701,50330
3702,-2240
3703,1470
3704,22435
3705,4375
3706,-29750
3707,32760
3708,27720
3709,32095
3710,36365
3711,57155
3712,49105
3713,14700
3714,46445
3715,-18445
3716,19915
3717,4760
3718,33215
3719,42595
3720,25340
3721,17745
3722,12530
3723,19530
3724,280
3725,29470
3726,24010
3727,22435
3728,57785
3729,22120
3730,24500
3731,31150
3732,21630
3733,28770
3734,36330
3735,39865
3736,20055
3737,45500
3738,48860
3739,47320
3740,45605
3741,-1820
3742,-4305
3743,7805
3744,39725
3745,35910
3746,25760
3747,59885
3748,28140
3749,280
3750,38815
3751,-945
3752,12740
3753,21560
3754,32970
3755,27230
3756,-2380
3757,70875
3758,8470
3759,-40775
3760,-17815
3761,21420
3762,28385
3763,49840
3764,46900
3765,31185
3766,47705
3767,19985
3768,20545
3769,51975
3770,42525
3771,24885
3772,5425
3773,21770
3774,9590
3775,35070
3776,56980
3777,29050
3778,45640
3779,35455
3780,-6160
3781,27510
3782,48580
3783,32865
3784,59920
3785,27615
3786,53655
3787,-20440
3788,56070
3789,20720
3790,29785
3791,52360
3792,40600
3793,-6510
3794,46375
3795,-13300
3796,-12460
3797,59780
3798,23835
3799,15610
3800,42560
3801,17465
3802,3360
3803,22050
3804,-11900
3805,45710
3806,21840
3807,-20265
3808,38850
3809,40355
3810,57330
3811,37765
3812,52500
3813,33635
3814,11130
3815,38010
3816,7875
3817,40600
3818,22505
3819,62930
3820,7210
3821,12565
3822,37730
3823,-10010
3824,44975
3825,41020
3826,54250
3827,50785
3828,5285
3829,-875
3830,21665
3831,35665
3832,5810
3833,15120
3834,13965
3835,31920
3836,65590
3837,24570
3838,45500
3839,40145
3840,7560
3841,33215
3842,34755
3843,29785
3844,50610
3845,43400
3846,61355
3847,41125
3848,6930
3849,18935
3850,23905
3851,-1330
3852,49175
3853,26530
3854,70140
3855,45745
3856,-29575
3857,60270
3858,23310
3859,27545
3860,57925
3861,47320
3862,19705
3863,55860
3864,44800
3865,-14700
3866,3185
3867,38780
3868,51520
3869,-4165
3870,7000
3871,11025
3872,39690
3873,47670
3874,39165
3875,44765
3876,5460
3877,51275
3878,72100
3879,31990
3880,44135
3881,46340
3882,51415
3883,38570
3884,33880
3885,12670
3886,54390
3887,32970
3888,-8890
3889,50820
3890,14455
3891,61460
3892,37590
3893,980
3894,5740
3895,47040
3896,54390
3897,8295
3898,52885
3899,43365
3900,40635
3901,25270
3902,32340
3903,10010
3904,56490
3905,29435
3906,18865
3907,31325
3908,27335
3909,-945
3910,9940
3911,50715
3912,42875
3913,38465
3914,50680
3915,16870
3916,-770
3917,14455
3918,41335
3919,53620
3920,47075
3921,20685
3922,23695
3923,-10780
3924,30170
3925,49420
3926,18375
3927,51520
3928,38255
3929,18550
3930,-57120
3931,12145
3932,8715
3933,1225
3934,7700
3935,28455
3936,39165
3937,14490
3938,24430
3939,7525
3940,43435
3941,2520
3942,13090
3943,26705
3944,30625
3945,56560
3946,51415
3947,-30310
3948,-19215
3949,38150
3950,37520
3951,-26425
3952,29785
3953,4060
3954,6195
3955,9065
3956,-23730
3957,-6405
3958,9205
3959,11305
3960,32270
3961,45290
3962,16205
3963,2835
3964,18900
3965,50610
3966,8785
3967,22190
3968,43330
3969,58940
3970,50330
3971,31465
3972,31360
3973,45010
3974,-21000
3975,39795
3976,32480
3977,23520
3978,54705
3979,45605
3980,31115
3981,10220
3982,86170
3983,49945
3984,10920
3985,66045
3986,46970
3987,46830
3988,2030
3989,39620
3990,46480
3991,56945
3992,46690
3993,28980
3994,-12880
3995,36295
3996,-2520
3997,16555
3998,17605
3999,26355
4000,37170
4001,10150
4002,52745
4003,57610
4004,38255
4005,48300
4006,58835
4007,43750
4008,46865
4009,49000
4010,39480
4011,51695
4012,35280
4013,26635
4014,57540
4015,54425
4016,69685
4017,70840
4018,9730
4019,28315
4020,-36190
4021,36540
4022,6160
4023,19075
4024,50750
4025,51345
4026,34545
4027,40600
4028,45360
4029,41195
4030,54075
4031,28980
4032,32445
4033,50470
4034,31675
4035,47215
4036,30625
4037,41685
4038,17920
4039,26845
4040,32480
4041,-8960
4042,71365
4043,17360
4044,-1050
4045,31325
4046,9275
4047,18270
4048,29470
4049,56175
4050,57680
4051,595
4052,36505
4053,14140
4054,27195
4055,54950
4056,11375
4057,26915
4058,11095
4059,32305
4060,9835
4061,-8610
4062,49840
4063,16800
4064,35000
4065,18865
4066,27895
4067,61530
4068,22330
4069,75775
4070,47180
4071,38010
4072,16170
4073,50015
4074,2415
4075,31010
4076,50960
4077,12740
4078,57820
4079,26005
4080,43785
4081,51905
4082,36785
4083,15435
4084,3920
4085,34650
4086,28910
4087,23520
4088,27580
4089,46375
4090,41160
4091,48895
4092,23485
4093,28035
4094,50890
4095,28805
4096,69160
4097,16975
4098,14980
4099,16100
4100,44275
4101,-18725
4102,21910
4103,43785
4104,29540
4105,7280
4106,7070
4107,56595
4108,27055
4109,53270
4110,52850
4111,51170
4112,48475
4113,5075
4114,37065
4115,39725
4116,12635
4117,1155
4118,24185
4119,16695
4120,49980
4121,41160
4122,43085
4123,39200
4124,-16450
4125,60620
4126,38535
4127,38885
4128,35805
4129,42070
4130,47040
4131,33600
4132,23205
4133,33915
4134,-33845
4135,41930
4136,-9100
4137,12565
4138,44975
4139,2100
4140,7455
4141,37975
4142,3780
4143,16100
4144,28490
4145,54985
4146,56525
4147,18585
4148,44030
4149,-19390
4150,35420
4151,42210
4152,26005
4153,32270
4154,45150
4155,42910
4156,54600
4157,31080
4158,15330
4159,42840
4160,1120
4161,48475
4162,2065
4163,38290
4164,43085
4165,20720
4166,29785
4167,-11200
4168,15155
4169,68495
4170,24395
4171,50260
4172,-3255
4173,16835
4174,2625
4175,11970
4176,58695
4177,45990
4178,12355
4179,-11865
4180,-5600
4181,32970
4182,15925
4183,56140
4184,-12845
4185,27790
4186,24990
4187,-4375
4188,44030
4189,15680
4190,30730
4191,48545
4192,36715
4193,36610
4194,-7385
4195,49140
4196,16170
4197,27160
4198,15610
4199,29190
4200,48230
4201,40460
4202,64435
4203,38290
4204,45570
4205,-7525
4206,55580
4207,24465
4208,43645
4209,2450
4210,52955
4211,60235
4212,47005
4213,24500
4214,31080
4215,-3850
4216,57785
4217,11410
4218,27825
4219,385
4220,24710
4221,29680
4222,24220
4223,34090
4224,48440
4225,16205
4226,40670
4227,36715
4228,21560
4229,32725
4230,26670
4231,72695
4232,19915
4233,21175
4234,42560
4235,23555
4236,53830
4237,42490
4238,27580
4239,33845
4240,36925
4241,55125
4242,20615
4243,3955
4244,47705
4245,44135
4246,44240
4247,52850
4248,39025
4249,36785
4250,-2415
4251,50190
4252,56700
4253,49070
4254,62020
4255,8715
4256,59675
4257,49525
4258,16800
4259,28000
4260,62895
4261,38255
4262,53620
4263,53795
4264,38745
4265,48895
4266,21840
4267,-3955
4268,52325
4269,34790
4270,18270
4271,10220
4272,6825
4273,700
4274,48265
4275,6825
4276,38220
4277,28315
4278,50505
4279,36365
4280,36715
4281,76160
4282,41930
4283,25620
4284,-8540
4285,-13475
4286,3990
4287,26985
4288,17885
4289,23940
4290,60655
4291,47355
4292,25725
4293,35770
4294,-420
4295,16345
4296,38080
4297,3115
4298,52115
4299,12425
4300,26950
4301,48020
4302,-3465
4303,50715
4304,26250
4305,42105
4306,21735
4307,56630
4308,37835
4309,7595
4310,31325
4311,41685
4312,-13125
4313,-45815
4314,42560
4315,7805
4316,35385
4317,47145
4318,51135
4319,58380
4320,56385
4321,27475
4322,22155
4323,40635
4324,10080
4325,23415
4326,38640
4327,34265
4328,54180
4329,37940
4330,44100
4331,9170
4332,32095
4333,64365
4334,19600
4335,56210
4336,29890
4337,-6930
4338,55370
4339,52360
4340,17150
4341,7735
4342,-31220
4343,35770
4344,12180
4345,46515
4346,46550
4347,56280
4348,20580
4349,34650
4350,52850
4351,47495
4352,44800
4353,23765
4354,27265
4355,2485
4356,54530
4357,55090
4358,41370
4359,26495
4360,39655
4361,8995
4362,42525
4363,13965
4364,48755
4365,38290
4366,31255
4367,20160
4368,7525
4369,9380
4370,54565
4371,48475
4372,-18305
4373,53305
4374,43120
4375,19530
4376,25655
4377,57435
4378,50890
4379,20300
4380,58625
4381,22960
4382,17675
4383,51135
4384,14630
4385,31010
4386,42350
4387,40950
4388,64260
4389,47285
4390,27090
4391,51625
4392,21070
4393,38430
4394,53690
4395,54670
4396,47390
4397,43435
4398,46445
4399,34720
4400,30555
4401,3080
4402,26775
4403,23695
4404,27160
4405,44520
4406,23380
4407,-8400
4408,33005
4409,28665
4410,57855
4411,-16030
4412,31045
4413,52360
4414,18235
4415,1400
4416,46865
4417,17150
4418,54075
4419,43155
4420,33040
4421,37625
4422,40250
4423,44905
4424,40810
4425,48265
4426,28805
4427,46410
4428,31115
4429,41685
4430,38185
4431,38080
4432,21490
4433,21140
4434,33145
4435,34370
4436,59710
4437,13160
4438,40565
4439,46760
4440,70000
4441,28455
4442,-7700
4443,56455
4444,51730
4445,28980
4446,25515
4447,26600
4448,22680
4449,53900
4450,56945
4451,67690
4452,-2205
4453,-18025
4454,33740
4455,77035
4456,-20160
4457,54880
4458,47985
4459,37450
4460,37345
4461,43750
4462,-45745
4463,39620
4464,-8575
4465,22715
4466,52570
4467,43015
4468,39620
4469,10570
4470,57680
4471,36820
4472,-11095
4473,61810
4474,59815
4475,32935
4476,28910
4477,70980
4478,6650
4479,66115
4480,42560
4481,34370
4482,57330
4483,58765
4484,29995
4485,11480
4486,23240
4487,6755
4488,35140
4489,18515
4490,29400
4491,50365
4492,49875
4493,33075
4494,58170
4495,-8435
4496,27860
4497,55230
4498,2765
4499,10010
4500,73465
4501,29960
4502,31360
4503,38395
4504,-14315
4505,22715
4506,-17045
4507,11620
4508,19250
4509,49805
4510,31885
4511,35070
4512,27335
4513,23975
4514,27090
4515,-11970
4516,67165
4517,65765
4518,42280
4519,61460
4520,40320
4521,34650
4522,28140
4523,30730
4524,29365
4525,38850
4526,34825
4527,56280
4528,25550
4529,-31430
4530,62230
4531,19145
4532,33600
4533,54775
4534,49140
4535,30975
4536,39445
4537,47390
4538,31745
4539,39445
4540,13300
4541,20650
4542,14420
4543,43295
4544,13755
4545,20160
4546,46060
4547,32900
4548,18480
4549,70875
4550,49805
4551,35210
4552,31255
4553,28560
4554,46480
4555,32340
4556,64575
4557,31255
4558,18025
4559,50540
4560,14420
4561,33705
4562,44975
4563,42315
4564,42175
4565,6405
4566,29960
4567,47250
4568,19950
4569,48160
4570,42000
4571,9170
4572,43715
4573,31780
4574,25690
4575,-4130
4576,10535
4577,40215
4578,6160
4579,75740
4580,47110
4581,26985
4582,21805
4583,37800
4584,44065
4585,63385
4586,40075
4587,36750
4588,61355
4589,40565
4590,41965
4591,19600
4592,30205
4593,2800
4594,51310
4595,42980
4596,45675
4597,59010
4598,52850
4599,54285
4600,48055
4601,44835
4602,14385
4603,11165
4604,27685
4605,385
4606,41125
4607,48055
4608,33460
4609,55160
4610,35875
4611,-12110
4612,41230
4613,25480
4614,37485
4615,40530
4616,45605
4617,-7455
4618,47495
4619,69650
4620,11515
4621,41475
4622,22190
4623,54005
4624,14315
4625,49035
4626,45325
4627,29645
4628,32165
4629,35175
4630,37590
4631,46865
4632,42980
4633,28350
4634,-8085
4635,28630
4636,44100
4637,63210
4638,45535
4639,2065
4640,50155
4641,10570
4642,37450
4643,33005
4644,60025
4645,24990
4646,54285
4647,24885
4648,31885
4649,33355
4650,29715
4651,54600
4652,73360
4653,-7700
4654,44100
4655,9765
4656,34370
4657,41930
4658,9135
4659,39795
4660,28315
4661,7525
4662,20090
4663,61320
4664,26390
4665,14280
4666,8680
4667,15995
4668,19775
4669,18025
4670,66360
4671,27405
4672,21420
4673,48965
4674,-3745
4675,40775
4676,60130
4677,26950
4678,-12215
4679,8330
4680,45360
4681,49140
4682,22540
4683,38290
4684,-10220
4685,27930
4686,1750
4687,37660
4688,-13160
4689,27615
4690,16835
4691,-8750
4692,7455
4693,40320
4694,58205
4695,44905
4696,-4795
4697,16520
4698,21910
4699,27370
4700,59255
4701,55055
4702,21630
4703,53060
4704,22190
4705,52255
4706,42175
4707,28840
4708,31815
4709,13720
4710,43190
4711,45780
4712,35315
4713,56980
4714,17045
4715,21385
4716,18060
4717,29050
4718,48440
4719,60375
4720,7000
4721,13685
4722,25235
4723,30555
4724,51135
4725,48160
4726,55405
4727,46585
4728,54985
4729,27860
4730,6720
4731,27265
4732,45115
4733,28420
4734,58940
4735,23555
4736,34265
4737,54495
4738,16415
4739,53025
4740,4620
4741,32445
4742,30100
4743,-14000
4744,53970
4745,4270
4746,24500
4747,29085
4748,51310
4749,46795
4750,57890
4751,52885
4752,51975
4753,48580
4754,38675
4755,29890
4756,45500
4757,37975
4758,51800
4759,4690
4760,31290
4761,54180
4762,31465
4763,-38955
4764,15015
4765,11410
4766,33845
4767,6685
4768,12565
4769,62860
4770,25795
4771,56000
4772,41370
4773,72940
4774,-8925
4775,45780
4776,32305
4777,33950
4778,45990
4779,53480
4780,12740
4781,57540
4782,15330
4783,6335
4784,61110
4785,8610
4786,-15610
4787,32445
4788,47530
4789,56875
4790,49420
4791,9450
4792,22925
4793,61390
4794,44590
4795,52465
4796,43295
4797,31045
4798,38500
4799,35000
4800,17955
4801,6125
4802,24290
4803,66360
4804,-16205
4805,55615
4806,18900
4807,44030
4808,33810
4809,37695
4810,72870
4811,60200
4812,63280
4813,48895
4814,46620
4815,61845
4816,67025
4817,7595
4818,43575
4819,49070
4820,43540
4821,70630
4822,41125
4823,52465
4824,2485
4825,27230
4826,58975
4827,34650
4828,17220
4829,-6265
4830,-2485
4831,33985
4832,30065
4833,-42140
4834,48160
4835,26880
4836,55825
4837,24465
4838,43610
4839,32970
4840,23100
4841,51170
4842,30450
4843,5145
4844,4760
4845,5180
4846,21420
4847,55510
4848,-9520
4849,6510
4850,21980
4851,10675
4852,60760
4853,34020
4854,53130
4855,13685
4856,18690
4857,64645
4858,60060
4859,35140
4860,30065
4861,44520
4862,20265
4863,48545
4864,-3605
4865,52010
4866,57855
4867,2765
4868,20895
4869,75950
4870,24395
4871,8890
4872,-9030
4873,68145
4874,36225
4875,32900
4876,-14560
4877,49070
4878,25550
4879,57190
4880,6615
4881,55265
4882,60200
4883,60830
4884,43155
4885,38080
4886,54215
4887,9905
4888,60795
4889,34895
4890,50680
4891,31395
4892,11480
4893,35175
4894,12495
4895,-13195
4896,16905
4897,30940
4898,14420
4899,2205
4900,23695
4901,49840
4902,38150
4903,58800
4904,-14455
4905,-1925
4906,8505
4907,38220
4908,31535
4909,60690
4910,-6370
4911,50645
4912,39585
4913,37275
4914,9205
4915,64050
4916,3290
4917,35665
4918,41125
4919,2100
4920,52920
4921,24850
4922,50225
4923,-6825
4924,27370
4925,47880
4926,-13370
4927,13545
4928,41090
4929,56070
4930,49455
4931,24255
4932,62790
4933,23205
4934,35875
4935,40250
4936,12880
4937,48860
4938,-10255
4939,41615
4940,9730
4941,46375
4942,17045
4943,46725
4944,28945
4945,22750
4946,37345
4947,-10815
4948,-4165
4949,21420
4950,42140
4951,65975
4952,21875
4953,61460
4954,25725
4955,29015
4956,-15155
4957,59500
4958,25480
4959,38640
4960,23240
4961,21105
4962,31955
4963,47775
4964,42315
4965,33285
4966,42945
4967,27125
4968,35735
4969,31115
4970,35840
4971,42210
4972,45185
4973,-31045
4974,15155
4975,10605
4976,46585
4977,14350
4978,22540
4979,28980
4980,30240
4981,23590
4982,-3360
4983,37345
4984,52185
4985,46830
4986,23590
4987,51800
4988,22120
4989,-2625
4990,39620
4991,-10010
4992,6825
4993,22680
4994,35875
4995,36680
4996,-5705
4997,22680
4998,50330
4999,24360
5000,5005
5001,22330
5002,3185
5003,57785
5004,49350
5005,17535
5006,52710
5007,41755
5008,2100
5009,38430
5010,50750
5011,51940
5012,24255
5013,39060
5014,2835
5015,43750
5016,6790
5017,47285
5018,66780
5019,34405
5020,63210
5021,43645
5022,7665
5023,35070
5024,48720
5025,30625
5026,-11865
5027,50330
5028,23065
5029,62055
5030,38745
5031,62440
5032,8960
5033,54775
5034,20895
5035,4725
5036,3850
5037,27790
5038,16170
5039,28490
5040,22645
5041,39095
5042,35175
5043,35770
5044,31045
5045,1120
5046,35665
5047,49245
5048,30870
5049,46830
5050,36890
5051,28665
5052,34440
5053,21805
5054,-9730
5055,49420
5056,3885
5057,33810
5058,-3640
5059,-13125
5060,27860
5061,16905
5062,38815
5063,-210
5064,48930
5065,875
5066,27790
5067,46130
5068,23520
5069,37170
5070,29785
5071,27965
5072,36575
5073,11305
5074,46865
5075,19775
5076,32935
5077,58625
5078,59325
5079,68915
5080,10465
5081,42140
5082,41195
5083,34650
5084,-12460
5085,25655
5086,18900
5087,32410
5088,47950
5089,32480
5090,4935
5091,50400
5092,25410
5093,40600
5094,52115
5095,69370
5096,43190
5097,30310
5098,34720
5099,36925
5100,42770
5101,23870
5102,33705
5103,18200
5104,48160
5105,39340
5106,46270
5107,47495
5108,1855
5109,48335
5110,30240
5111,74305
5112,39340
5113,-4410
5114,4340
5115,53690
5116,29680
5117,20510
5118,38535
5119,58590
5120,16450
5121,36400
5122,51520
5123,63910
5124,32690
5125,36015
5126,5390
5127,13545
5128,24710
5129,50365
5130,13930
5131,17185
5132,41090
5133,56595
5134,50715
5135,46690
5136,43925
5137,64260
5138,-3780
5139,43750
5140,48510
5141,29050
5142,68880
5143,11340
5144,30030
5145,28280
5146,15155
5147,42735
5148,29575
5149,29470
5150,-8190
5151,10675
5152,20895
5153,44905
5154,25410
5155,20230
5156,57715
5157,29715
5158,38710
5159,41370
5160,47705
5161,18655
5162,28665
5163,1540
5164,58835
5165,23940
5166,35140
5167,48440
5168,51030
5169,31710
5170,40110
5171,23800
5172,42490
5173,22365
5174,31185
5175,43470
5176,62720
5177,42560
5178,4970
5179,9940
5180,70315
5181,28455
5182,29890
5183,41790
5184,15680
5185,38150
5186,23520
5187,66920
5188,37345
5189,64925
5190,51765
5191,17255
5192,12810
5193,32620
5194,25725
5195,46690
5196,42910
5197,41230
5198,23905
5199,41160
5200,42560
5201,32655
5202,52150
5203,40985
5204,39900
5205,35945
5206,15190
5207,46585
5208,-8050
5209,49210
5210,-1050
5211,44765
5212,20125
5213,32655
5214,1575
5215,15015
5216,54985
5217,23275
5218,21770
5219,48930
5220,16380
5221,36610
5222,44100
5223,55300
5224,38185
5225,72555
5226,20020
5227,20475
5228,46445
5229,22750
5230,59290
5231,61145
5232,43680
5233,45045
5234,50750
5235,34405
5236,43890
5237,37065
5238,-16380
5239,27965
5240,21175
5241,1015
5242,45815
5243,31850
5244,38430
5245,13650
5246,-19740
5247,19915
5248,-10115
5249,35980
5250,25410
5251,45185
5252,40285
5253,35980
5254,36015
5255,48895
5256,45500
5257,47740
5258,38465
5259,4270
5260,42245
5261,43435
5262,6125
5263,25515
5264,22855
5265,34335
5266,60760
5267,72590
5268,18270
5269,54495
5270,14420
5271,32095
5272,27195
5273,52220
5274,18725
5275,31185
5276,14350
5277,35700
5278,27510
5279,40845
5280,55895
5281,-1995
5282,49385
5283,42595
5284,32445
5285,1435
5286,32340
5287,-7875
5288,51240
5289,38710
5290,14595
5291,35770
5292,17780
5293,28000
5294,5110
5295,-26110
5296,-6615
5297,11375
5298,14105
5299,48615
5300,45325
5301,21105
5302,4025
5303,61075
5304,32585
5305,2485
5306,43540
5307,20440
5308,45045
5309,13790
5310,33670
5311,17290
5312,37975
5313,43295
5314,28280
5315,44555
5316,15960
5317,44170
5318,18725
5319,42490
5320,9170
5321,24465
5322,43190
5323,21420
5324,22225
5325,48300
5326,37695
5327,25235
5328,64085
5329,37905
5330,28945
5331,-17115
5332,57330
5333,10955
5334,18585
5335,-420
5336,24115
5337,61320
5338,30345
5339,43960
5340,15960
5341,68985
5342,39165
5343,34930
5344,24115
5345,21420
5346,19460
5347,25095
5348,48825
5349,43295
5350,10745
5351,14070
5352,44275
5353,23625
5354,66115
5355,14700
5356,-5810
5357,44555
5358,24780
5359,38535
5360,65380
5361,48475
5362,26425
5363,-10815
5364,11445
5365,60655
5366,59710
5367,43260
5368,18970
5369,53865
5370,29155
5371,-5110
5372,42455
5373,54565
5374,16555
5375,21035
5376,59675
5377,35770
5378,39305
5379,44345
5380,42455
5381,67025
5382,27020
5383,33845
5384,43505
5385,44450
5386,47320
5387,22960
5388,-16940
5389,53270
5390,49175
5391,32970
5392,25865
5393,34335
5394,20720
5395,20615
5396,28420
5397,-18165
5398,64645
5399,28525
5400,22785
5401,27720
5402,-1155
5403,42490
5404,41965
5405,25900
5406,53795
5407,57120
5408,-3570
5409,43225
5410,43225
5411,6125
5412,32340
5413,32095
5414,28210
5415,-43155
5416,64050
5417,20720
5418,24080
5419,-8575
5420,25235
5421,19880
5422,44030
5423,48615
5424,58835
5425,-2135
5426,27965
5427,15190
5428,44170
5429,15995
5430,58555
5431,20720
5432,61005
5433,61950
5434,48790
5435,44135
5436,25445
5437,19670
5438,49910
5439,22120
5440,29890
5441,10605
5442,47390
5443,40705
5444,7770
5445,31745
5446,14315
5447,29890
5448,16065
5449,12285
5450,4480
5451,49735
5452,24395
5453,58730
5454,46550
5455,46970
5456,21630
5457,39095
5458,32515
5459,38220
5460,12635
5461,22120
5462,29540
5463,54075
5464,57155
5465,42770
5466,54460
5467,26670
5468,22750
5469,29295
5470,43120
5471,45255
5472,16100
5473,31080
5474,44905
5475,26635
5476,26600
5477,46095
5478,33600
5479,39480
5480,43050
5481,37555
5482,27335
5483,28980
5484,29190
5485,27055
5486,-23450
5487,71295
5488,19390
5489,11025
5490,36505
5491,-5985
5492,24045
5493,27440
5494,26880
5495,-9310
5496,40355
5497,61950
5498,43505
5499,42280
5500,40635
5501,47145
5502,3430
5503,28140
5504,-350
5505,6825
5506,36750
5507,25935
5508,-22120
5509,36155
5510,41020
5511,27475
5512,43085
5513,68495
5514,6895
5515,39760
5516,-3535
5517,47915
5518,21945
5519,6825
5520,-20755
5521,39305
5522,39690
5523,-14420
5524,-8645
5525,55440
5526,33985
5527,42805
5528,54775
5529,28140
5530,25900
5531,6930
5532,45185
5533,40985
5534,30695
5535,-10255
5536,32375
5537,6195
5538,38430
5539,56245
5540,7700
5541,39970
5542,38115
5543,67200
5544,51030
5545,41125
5546,-10710
5547,61670
5548,21735
5549,57295
5550,3955
5551,44765
5552,33705
5553,40670
5554,24815
5555,23905
5556,22295
5557,36120
5558,37870
5559,27650
5560,15715
5561,40460
5562,40915
5563,52885
5564,14315
5565,29050
5566,-10605
5567,23975
5568,39445
5569,48895
5570,30485
5571,49210
5572,18585
5573,49560
5574,57540
5575,48230
5576,46200
5577,34895
5578,21630
5579,57155
5580,37135
5581,54320
5582,38745
5583,40600
5584,-7770
5585,17080
5586,15400
5587,38325
5588,33670
5589,38780
5590,5250
5591,-6545
5592,14490
5593,41475
5594,45675
5595,41895
5596,36260
5597,32270
5598,49840
5599,56945
5600,41930
5601,17360
5602,24395
5603,71365
5604,50890
5605,17220
5606,29540
5607,5810
5608,20440
5609,35385
5610,51065
5611,61845
5612,27230
5613,4830
5614,35210
5615,41300
5616,46025
5617,7910
5618,15715
5619,56805
5620,18900
5621,29120
5622,64680
5623,37660
5624,28175
5625,1435
5626,36225
5627,53865
5628,29890
5629,12250
5630,46410
5631,38535
5632,24185
5633,51730
5634,1295
5635,53025
5636,40565
5637,34825
5638,59430
5639,3780
5640,-5880
5641,18060
5642,24850
5643,45045
5644,23205
5645,26040
5646,55860
5647,53900
5648,32585
5649,-21035
5650,27895
5651,22400
5652,22540
5653,20265
5654,21245
5655,12985
5656,35595
5657,-5880
5658,50575
5659,51590
5660,29155
5661,29540
5662,38430
5663,55405
5664,19985
5665,31045
5666,42665
5667,34195
5668,18480
5669,10010
5670,42595
5671,18445
5672,-8435
5673,66500
5674,38710
5675,40740
5676,59570
5677,24290
5678,54005
5679,31010
5680,34335
5681,33705
5682,45920
5683,15085
5684,9590
5685,35035
5686,25725
5687,42245
5688,24780
5689,47005
5690,21525
5691,70770
5692,-7980
5693,72030
5694,56035
5695,-24675
5696,59080
5697,64785
5698,71295
5699,35175
5700,67760
5701,55440
5702,30450
5703,59430
5704,73990
5705,45360
5706,62160
5707,58135
5708,37555
5709,34720
5710,19040
5711,2730
5712,26040
5713,43680
5714,46025
5715,5600
5716,47425
5717,61950
5718,2695
5719,18095
5720,62615
5721,32235
5722,18865
5723,45185
5724,48475
5725,28455
5726,28140
5727,31850
5728,32515
5729,22855
5730,7350
5731,43085
5732,34090
5733,5915
5734,26425
5735,36050
5736,47425
5737,33110
5738,26180
5739,48790
5740,40495
5741,40250
5742,30730
5743,15260
5744,32445
5745,21105
5746,26005
5747,13125
5748,4445
5749,12880
5750,25900
5751,30065
5752,12250
5753,7735
5754,2520
5755,52780
5756,20510
5757,11025
5758,46760
5759,59430
5760,20300
5761,62020
5762,18655
5763,46795
5764,38220
5765,24325
5766,14105
5767,44100
5768,32550
5769,58030
5770,50995
5771,44660
5772,19215
5773,48860
5774,10010
5775,57925
5776,47285
5777,64085
5778,40075
5779,49210
5780,45360
5781,14350
5782,560
5783,22715
5784,41300
5785,40565
5786,29435
5787,71890
5788,34930
5789,43155
5790,27755
5791,32725
5792,52080
5793,63980
5794,48895
5795,47075
5796,-5285
5797,44940
5798,-5600
5799,33880
5800,13965
5801,51590
5802,29365
5803,40390
5804,36085
5805,68145
5806,21595
5807,2450
5808,59150
5809,41965
5810,12950
5811,33460
5812,5705
5813,51205
5814,7595
5815,55545
5816,40600
5817,28700
5818,49595
5819,55055
5820,-9940
5821,30905
5822,28875
5823,36540
5824,15715
5825,56280
5826,29330
5827,-35
5828,40425
5829,-3045
5830,30730
5831,45500
5832,31045
5833,21105
5834,56700
5835,13335
5836,-4515
5837,6580
5838,35455
5839,43470
5840,15785
5841,40565
5842,33215
5843,-22645
5844,52220
5845,16660
5846,43400
5847,-8715
5848,-42420
5849,18445
5850,53305
5851,52955
5852,44835
5853,42105
5854,39690
5855,-7875
5856,22470
5857,10430
5858,5005
5859,26180
5860,24220
5861,18935
5862,28980
5863,48230
5864,22995
5865,12635
5866,10745
5867,-41615
5868,73430
5869,-7070
5870,12915
5871,32235
5872,10920
5873,57785
5874,25970
5875,47040
5876,16975
5877,32200
5878,67515
5879,40530
5880,69755
5881,33320
5882,48895
5883,39655
5884,63175
5885,10605
5886,43855
5887,60375
5888,42140
5889,31990
5890,21525
5891,57505
5892,24220
5893,41895
5894,-5460
5895,18515
5896,53550
5897,40250
5898,43015
5899,-700
5900,50050
5901,-8785
5902,55405
5903,78225
5904,73570
5905,-3710
5906,64995
5907,46690
5908,24115
5909,18725
5910,50400
5911,44275
5912,700
5913,35350
5914,39200
5915,43470
5916,36435
5917,21350
5918,16590
5919,37660
5920,51240
5921,26880
5922,11270
5923,13195
5924,-20020
5925,63665
5926,35875
5927,-6930
5928,10395
5929,3150
5930,28315
5931,1890
5932,49805
5933,51415
5934,59430
5935,57855
5936,32480
5937,29925
5938,11655
5939,33495
5940,12915
5941,47180
5942,45990
5943,51730
5944,52080
5945,40040
5946,41405
5947,15295
5948,69300
5949,72730
5950,-9660
5951,45080
5952,44625
5953,28140
5954,45780
5955,26985
5956,29400
5957,35770
5958,57820
5959,30345
5960,35525
5961,20265
5962,1015
5963,42035
5964,57820
5965,16380
5966,29540
5967,24815
5968,15645
5969,24780
5970,22890
5971,35385
5972,37765
5973,15365
5974,24640
5975,40635
5976,-2800
5977,48580
5978,36820
5979,-4585
5980,24220
5981,35280
5982,53620
5983,-27265
5984,-29365
5985,32340
5986,29960
5987,28070
5988,-17010
5989,3675
5990,15680
5991,13160
5992,34685
5993,11130
5994,29365
5995,27055
5996,-3920
5997,49210
5998,10395
5999,40355
6000,2345
6001,12565
6002,50085
6003,-20440
6004,47600
6005,20965
6006,-13475
6007,24850
6008,700
6009,35805
6010,53550
6011,74620
6012,57505
6013,40565
6014,3500
6015,-6020
6016,66185
6017,40635
6018,38815
6019,17290
6020,15260
6021,33845
6022,45955
6023,20895
6024,75670
6025,-10885
6026,35035
6027,20650
6028,30345
6029,15995
6030,68810
6031,41370
6032,44100
6033,37380
6034,-14245
6035,-5145
6036,42770
6037,20545
6038,30590
6039,66220
6040,18480
6041,15330
6042,35245
6043,57225
6044,51485
6045,45920
6046,17605
6047,-4725
6048,29960
6049,8400
6050,28875
6051,60795
6052,58450
6053,48125
6054,61810
6055,22015
6056,18795
6057,35035
6058,11200
6059,25515
6060,51975
6061,26250
6062,32340
6063,7140
6064,49490
6065,41755
6066,24955
6067,25235
6068,27055
6069,5180
6070,-38185
6071,22015
6072,48335
6073,61250
6074,3220
6075,23380
6076,54250
6077,24885
6078,44205
6079,19880
6080,-3045
6081,36505
6082,45955
6083,54740
6084,33495
6085,61880
6086,34860
6087,41650
6088,18830
6089,11760
6090,7420
6091,10955
6092,30205
6093,24640
6094,-665
6095,53235
6096,280
6097,56070
6098,32970
6099,30555
6100,56070
6101,62650
6102,7245
6103,45780
6104,44310
6105,67165
6106,19880
6107,31605
6108,30415
6109,12635
6110,37170
6111,32130
6112,21000
6113,31500
6114,36610
6115,4795
6116,40460
6117,42525
6118,55790
6119,35840
6120,34895
6121,20965
6122,32900
6123,24045
6124,17675
6125,2030
6126,41300
6127,25130
6128,25585
6129,19705
6130,-7140
6131,46515
6132,29785
6133,42980
6134,45395
6135,44170
6136,14210
6137,39060
6138,33600
6139,28875
6140,7175
6141,-27545
6142,14140
6143,32690
6144,34965
6145,35525
6146,41370
6147,35385
6148,19845
6149,56630
6150,10500
6151,17185
6152,-17570
6153,32690
6154,58135
6155,16695
6156,24710
6157,41930
6158,43400
6159,33320
6160,40180
6161,44590
6162,38465
6163,22295
6164,56245
6165,12460
6166,39130
6167,-10885
6168,39095
6169,11900
6170,59080
6171,-2660
6172,50190
6173,39130
6174,36610
6175,14000
6176,23485
6177,28945
6178,29330
6179,31780
6180,24885
6181,5005
6182,44240
6183,31815
6184,22645
6185,35315
6186,62160
6187,5985
6188,61355
6189,30695
6190,35280
6191,74830
6192,49105
6193,28385
6194,48475
6195,35245
6196,20720
6197,32760
6198,16660
6199,46550
6200,46340
6201,35665
6202,51345
6203,42770
6204,48055
6205,63700
6206,47670
6207,53200
6208,25200
6209,17955
6210,67235
6211,57820
6212,48615
6213,35490
6214,25935
6215,44975
6216,-1120
6217,51030
6218,24150
6219,24710
6220,16450
6221,42105
6222,15995
6223,10780
6224,38990
6225,54215
6226,45780
6227,40355
6228,30590
6229,34230
6230,38010
6231,39340
6232,35665
6233,35000
6234,60900
6235,15190
6236,42665
6237,24185
6238,53655
6239,52850
6240,45290
6241,37240
6242,12915
6243,22505
6244,41650
6245,20685
6246,2415
6247,29365
6248,-5985
6249,1785
6250,10185
6251,29715
6252,-2590
6253,31885
6254,68845
6255,17080
6256,35350
6257,51275
6258,29295
6259,1155
6260,44205
6261,3640
6262,13930
6263,43365
6264,7140
6265,38430
6266,61355
6267,26950
6268,-3955
6269,60130
6270,60655
6271,24570
6272,12915
6273,23975
6274,44940
6275,22715
6276,7595
6277,61040
6278,7840
6279,12740
6280,31780
6281,59290
6282,42000
6283,-15540
6284,64995
6285,18795
6286,43680
6287,55195
6288,33460
6289,18130
6290,31675
6291,46830
6292,38745
6293,-3325
6294,26425
6295,37450
6296,31640
6297,26635
6298,30100
6299,-10780
6300,28735
6301,10990
6302,32305
6303,42770
6304,20615
6305,1015
6306,-23205
6307,47740
6308,37835
6309,48580
6310,17465
6311,20055
6312,26460
6313,45010
6314,31395
6315,12040
6316,29820
6317,60970
6318,20930
6319,31395
6320,55405
6321,21140
6322,41860
6323,13125
6324,37240
6325,-19565
6326,25795
6327,37975
6328,34720
6329,-9065
6330,18655
6331,36085
6332,58555
6333,37905
6334,37975
6335,48825
6336,42315
6337,29330
6338,20580
6339,32445
6340,-19915
6341,-5320
6342,19005
6343,36330
6344,9520
6345,29645
6346,43470
6347,30135
6348,25620
6349,-17990
6350,16555
6351,33810
6352,-13860
6353,32550
6354,34510
6355,50015
6356,26670
6357,67865
6358,-23905
6359,50995
6360,67095
6361,49560
6362,11025
6363,38010
6364,50435
6365,31710
6366,37905
6367,-4305
6368,4305
6369,38115
6370,23170
6371,-8645
6372,-30625
6373,60375
6374,50225
6375,49280
6376,25095
6377,13160
6378,58765
6379,16415
6380,24710
6381,-18340
6382,54950
6383,38360
6384,10605
6385,10815
6386,19740
6387,50890
6388,20825
6389,54810
6390,26250
6391,40705
6392,12040
6393,21420
6394,37975
6395,42735
6396,45430
6397,26705
6398,10500
6399,38290
6400,28035
6401,32760
6402,23800
6403,11900
6404,26600
6405,11515
6406,61810
6407,45500
6408,9345
6409,-4830
6410,48475
6411,665
6412,57855
6413,31535
6414,-8645
6415,-5425
6416,53410
6417,52080
6418,-12705
6419,14140
6420,2450
6421,-23240
6422,41475
6423,57750
6424,43995
6425,67690
6426,27930
6427,45290
6428,17535
6429,35525
6430,46935
6431,43295
6432,23765
6433,53690
6434,51100
6435,15785
6436,48545
6437,39620
6438,-3885
6439,47180
6440,14910
6441,42805
6442,17640
6443,56980
6444,20055
6445,20195
6446,45640
6447,5810
6448,-2870
6449,29750
6450,28315
6451,22085
6452,38255
6453,13160
6454,5705
6455,42035
6456,45255
6457,54495
6458,4165
6459,26635
6460,36925
6461,22050
6462,31570
6463,43505
6464,12985
6465,15890
6466,20230
6467,28455
6468,49700
6469,14875
6470,46095
6471,-13090
6472,47705
6473,41055
6474,35700
6475,27895
6476,54705
6477,3360
6478,43470
6479,48755
6480,43750
6481,60340
6482,14945
6483,54985
6484,2100
6485,-27195
6486,35490
6487,29015
6488,2030
6489,11830
6490,41615
6491,44660
6492,-5950
6493,4515
6494,48405
6495,52570
6496,21455
6497,25235
6498,32445
6499,49280
6500,35070
6501,38640
6502,37975
6503,43575
6504,30485
6505,17955
6506,43680
6507,33915
6508,-34650
6509,49000
6510,44275
6511,7315
6512,5075
6513,33495
6514,26530
6515,33145
6516,22330
6517,74515
6518,42385
6519,-9275
6520,34475
6521,31815
6522,6055
6523,24255
6524,39410
6525,61425
6526,29120
6527,27230
6528,4830
6529,50575
6530,875
6531,-34825
6532,56070
6533,64540
6534,52080
6535,15120
6536,18970
6537,7630
6538,13090
6539,35525
6540,54110
6541,53165
6542,15260
6543,-2765
6544,23800
6545,13055
6546,61950
6547,11830
6548,35595
6549,-13720
6550,25655
6551,8575
6552,56140
6553,67060
6554,12915
6555,-26250
6556,13335
6557,55335
6558,30660
6559,46375
6560,49350
6561,23520
6562,45360
6563,40425
6564,66605
6565,63700
6566,37205
6567,-13545
6568,11305
6569,-11795
6570,37730
6571,60305
6572,55230
6573,49070
6574,34860
6575,19460
6576,17185
6577,32830
6578,24185
6579,29400
6580,50960
6581,21630
6582,34335
6583,19950
6584,34160
6585,11305
6586,27230
6587,54775
6588,-36505
6589,54145
6590,4095
6591,70
6592,-5775
6593,7945
6594,53025
6595,10395
6596,35420
6597,46130
6598,30240
6599,17710
6600,35630
6601,5880
6602,33460
6603,10745
6604,22610
6605,25830
6606,12810
6607,18655
6608,29680
6609,16135
6610,41545
6611,52010
6612,19775
6613,64820
6614,67725
6615,26075
6616,31220
6617,50960
6618,7105
6619,7595
6620,31990
6621,-4865
6622,34265
6623,34720
6624,17395
6625,33845
6626,51870
6627,19075
6628,30975
6629,50190
6630,22960
6631,18340
6632,38640
6633,41860
6634,60970
6635,47565
6636,60690
6637,28560
6638,10990
6639,-44730
6640,41860
6641,28455
6642,43155
6643,22330
6644,31080
6645,10570
6646,20650
6647,29750
6648,52185
6649,-10535
6650,12215
6651,5355
6652,49245
6653,-21525
6654,20475
6655,30940
6656,50190
6657,53725
6658,9380
6659,50785
6660,49700
6661,13650
6662,60445
6663,42945
6664,36330
6665,42980
6666,31255
6667,13055
6668,31990
6669,34685
6670,34790
6671,18620
6672,25025
6673,37485
6674,-2030
6675,-9730
6676,7385
6677,53550
6678,30870
6679,46550
6680,22330
6681,51275
6682,47005
6683,18620
6684,31325
6685,24605
6686,-12740
6687,7945
6688,51310
6689,22610
6690,25550
6691,35455
6692,23205
6693,45115
6694,210
6695,13790
6696,51485
6697,17220
6698,14420
6699,41685
6700,58240
6701,40180
6702,33530
6703,56630
6704,16310
6705,14245
6706,10955
6707,10045
6708,30415
6709,13405
6710,30870
6711,33075
6712,48090
6713,-3360
6714,66185
6715,-7035
6716,44485
6717,40845
6718,52220
6719,49595
6720,42175
6721,46235
6722,22645
6723,56560
6724,30975
6725,40915
6726,32165
6727,30905
6728,44065
6729,53235
6730,3850
6731,58625
6732,-12670
6733,13650
6734,64855
6735,21105
6736,32025
6737,30975
6738,50540
6739,40775
6740,1785
6741,34055
6742,-12005
6743,69230
6744,10640
6745,56875
6746,34230
6747,42105
6748,23240
6749,15960
6750,77315
6751,48860
6752,49070
6753,36575
6754,34650
6755,9800
6756,25235
6757,21805
6758,46060
6759,29680
6760,48755
6761,25165
6762,17500
6763,48300
6764,33215
6765,39235
6766,-18200
6767,59570
6768,39060
6769,-8015
6770,35420
6771,50050
6772,32095
6773,45325
6774,20195
6775,2415
6776,51555
6777,1120
6778,26705
6779,43295
6780,15365
6781,26775
6782,-24255
6783,26705
6784,48720
6785,4690
6786,-21245
6787,45920
6788,44870
6789,-7140
6790,45220
6791,23030
6792,19390
6793,25340
6794,5075
6795,71155
6796,24360
6797,-28630
6798,-910
6799,31885
6800,34055
6801,53900
6802,40565
6803,33145
6804,14315
6805,27755
6806,56175
6807,49595
6808,21210
6809,68075
6810,14770
6811,27580
6812,66220
6813,27825
6814,39095
6815,35455
6816,34440
6817,50575
6818,43470
6819,43540
6820,5915
6821,35350
6822,25830
6823,37835
6824,-7700
6825,45150
6826,57295
6827,385
6828,24360
6829,11305
6830,55755
6831,41405
6832,-15785
6833,58030
6834,28525
6835,46445
6836,38115
6837,14245
6838,38745
6839,6580
6840,30415
6841,38710
6842,57820
6843,56770
6844,57155
6845,52675
6846,44415
6847,22890
6848,52325
6849,2660
6850,45780
6851,3955
6852,19075
6853,32025
6854,24990
6855,35945
6856,-9940
6857,14980
6858,26425
6859,-630
6860,48405
6861,51135
6862,29575
6863,34790
6864,43260
6865,48965
6866,37695
6867,44030
6868,30310
6869,23415
6870,60480
6871,43715
6872,40250
6873,8295
6874,14840
6875,30730
6876,40845
6877,35525
6878,29120
6879,9065
6880,21840
6881,-9730
6882,52640
6883,30450
6884,21560
6885,44660
6886,6195
6887,43960
6888,4550
6889,8750
6890,8925
6891,-2415
6892,23135
6893,11025
6894,46060
6895,1610
6896,37520
6897,37380
6898,13860
6899,38815
6900,15085
6901,25130
6902,-8785
6903,19425
6904,9870
6905,53165
6906,50505
6907,58835
6908,-11305
6909,15540
6910,1540
6911,-1120
6912,8890
6913,41685
6914,-27685
6915,44065
6916,12320
6917,39095
6918,34265
6919,-2765
6920,13160
6921,17430
6922,-4620
6923,29715
6924,27860
6925,12635
6926,-10220
6927,51765
6928,44065
6929,50890
6930,41195
6931,26600
6932,47845
6933,17885
6934,-28735
6935,36505
6936,53970
6937,44030
6938,42805
6939,45640
6940,42000
6941,50365
6942,-6405
6943,39305
6944,33600
6945,18690
6946,39095
6947,42140
6948,28315
6949,45220
6950,47110
6951,54460
6952,20615
6953,3675
6954,30135
6955,60375
6956,23485
6957,10535
6958,31815
6959,31185
6960,32095
6961,34685
6962,22260
6963,45465
6964,26425
6965,33670
6966,10990
6967,15400
6968,-14000
6969,55720
6970,11060
6971,17990
6972,-8470
6973,54180
6974,6545
6975,50400
6976,-3290
6977,44170
6978,25165
6979,7875
6980,37450
6981,44730
6982,40040
6983,34860
6984,29610
6985,25935
6986,30415
6987,59815
6988,35280
6989,63245
6990,31745
6991,24290
6992,34755
6993,38815
6994,22890
6995,28280
6996,64050
6997,21875
6998,31150
6999,49735
7000,32830
7001,33635
7002,10185
7003,5145
7004,67480
7005,46795
7006,52850
7007,9590
7008,60970
7009,23905
7010,55825
7011,38500
7012,15540
7013,52360
7014,32060
7015,28840
7016,16555
7017,49280
7018,30520
7019,58205
7020,11445
7021,44695
7022,21140
7023,-1995
7024,12110
7025,34125
7026,31605
7027,39410
7028,18060
7029,29015
7030,20895
7031,10955
7032,39830
7033,51310
7034,59290
7035,44240
7036,43925
7037,53130
7038,18340
7039,-42560
7040,37310
7041,18410
7042,43050
7043,40985
7044,22995
7045,-5845
7046,33635
7047,-22015
7048,36155
7049,13755
7050,50960
7051,9835
7052,49840
7053,19600
7054,30135
7055,23345
7056,44975
7057,-16240
7058,14350
7059,21350
7060,30310
7061,60025
7062,37765
7063,22750
7064,29820
7065,22540
7066,50610
7067,52570
7068,29155
7069,-3640
7070,-29575
7071,47915
7072,29540
7073,41895
7074,22260
7075,45535
7076,-17535
7077,0
7078,30555
7079,63525
7080,29435
7081,34160
7082,16555
7083,-37765
7084,21315
7085,27895
7086,-27510
7087,53445
7088,22960
7089,64645
7090,26705
7091,58625
7092,55405
7093,2135
7094,50645
7095,45570
7096,58905
7097,61110
7098,-18025
7099,27685
7100,53060
7101,26005
7102,52220
7103,19040
7104,45815
7105,49490
7106,27755
7107,52290
7108,8890
7109,21875
7110,28000
7111,26915
7112,47775
7113,24080
7114,25900
7115,5320
7116,34475
7117,385
7118,37975
7119,53655
7120,15470
7121,31780
7122,25130
7123,6615
7124,17570
7125,-50925
7126,50400
7127,-2800
7128,11935
7129,3115
7130,36890
7131,30135
7132,49105
7133,28630
7134,16660
7135,32550
7136,41300
7137,21735
7138,47565
7139,12775
7140,22680
7141,36645
7142,27475
7143,16240
7144,44940
7145,68460
7146,-19040
7147,52395
7148,38850
7149,27860
7150,25690
7151,15645
7152,52640
7153,40495
7154,36610
7155,36680
7156,27125
7157,11235
7158,28910
7159,-3150
7160,21280
7161,3290
7162,38045
7163,-3255
7164,22785
7165,47880
7166,46095
7167,46340
7168,58800
7169,33460
7170,35595
7171,36540
7172,47390
7173,13335
7174,16975
7175,48755
7176,27615
7177,49840
7178,45570
7179,9310
7180,44100
7181,52150
7182,17150
7183,10395
7184,50960
7185,32270
7186,21595
7187,34440
7188,-5075
7189,64225
7190,-6615
7191,26530
7192,29190
7193,30345
7194,24045
7195,45360
7196,-3150
7197,47390
7198,49455
7199,37345
7200,60970
7201,10920
7202,40565
7203,46865
7204,50575
7205,32620
7206,25445
7207,21665
7208,26530
7209,25795
7210,22120
7211,28000
7212,34160
7213,40040
7214,25130
7215,46935
7216,-20615
7217,34685
7218,32200
7219,18165
7220,72275
7221,27195
7222,23590
7223,27440
7224,-1190
7225,61040
7226,56315
7227,41265
7228,-17430
7229,43750
7230,65730
7231,43470
7232,42630
7233,-805
7234,16100
7235,54425
7236,490
7237,45010
7238,41615
7239,10430
7240,46270
7241,33530
7242,20650
7243,61950
7244,42105
7245,59465
7246,32690
7247,48720
7248,9450
7249,5005
7250,26565
7251,-4305
7252,62300
7253,24640
7254,27125
7255,37135
7256,25620
7257,31010
7258,62090
7259,10185
7260,52290
7261,31500
7262,-980
7263,19425
7264,53620
7265,31465
7266,15015
7267,18515
7268,39305
7269,34265
7270,50610
7271,24220
7272,49175
7273,10185
7274,29750
7275,41020
7276,24220
7277,16625
7278,19075
7279,43680
7280,48790
7281,31920
7282,81830
7283,68950
7284,10675
7285,38220
7286,58520
7287,44660
7288,-2345
7289,25865
7290,40565
7291,15680
7292,41895
7293,27510
7294,52045
7295,42140
7296,22120
7297,29995
7298,55055
7299,8820
7300,53550
7301,33215
7302,53970
7303,-21175
7304,43680
7305,40145
7306,18550
7307,10850
7308,18655
7309,41195
7310,55055
7311,56945
7312,3535
7313,15400
7314,68880
7315,-9765
7316,30975
7317,47285
7318,-350
7319,65345
7320,10920
7321,15435
7322,45465
7323,30065
7324,31185
7325,27370
7326,32060
7327,-14035
7328,31780
7329,51765
7330,13930
7331,19670
7332,16555
7333,28420
7334,61880
7335,31780
7336,43680
7337,32130
7338,2625
7339,34265
7340,9275
7341,35945
7342,-7560
7343,15960
7344,21455
7345,40250
7346,34615
7347,-4165
7348,31745
7349,29645
7350,25515
7351,14210
7352,45850
7353,27825
7354,63560
7355,34790
7356,48370
7357,2485
7358,12355
7359,24745
7360,30170
7361,34265
7362,65170
7363,37030
7364,-280
7365,27090
7366,46235
7367,43540
7368,37240
7369,25060
7370,34825
7371,50015
7372,21630
7373,22820
7374,27510
7375,20580
7376,31920
7377,6510
7378,-6055
7379,52815
7380,33705
7381,47180
7382,42630
7383,8995
7384,19530
7385,17500
7386,18655
7387,38710
7388,29750
7389,40635
7390,24010
7391,9485
7392,4410
7393,62020
7394,34300
7395,33390
7396,43330
7397,31990
7398,45465
7399,73850
7400,27020
7401,18865
7402,13545
7403,40635
7404,75530
7405,50960
7406,42735
7407,11235
7408,41615
7409,49105
7410,41755
7411,30695
7412,30030
7413,38150
7414,39480
7415,28910
7416,19180
7417,42490
7418,38815
7419,48300
7420,32550
7421,19670
7422,-15365
7423,31185
7424,35245
7425,67515
7426,56525
7427,24850
7428,6790
7429,-22820
7430,39585
7431,19880
7432,29960
7433,47705
7434,22155
7435,-4235
7436,60620
7437,35070
7438,19320
7439,1050
7440,-7595
7441,21350
7442,52360
7443,43120
7444,32305
7445,2380
7446,48300
7447,50120
7448,16555
7449,48930
7450,48230
7451,50960
7452,38325
7453,52885
7454,9905
7455,8680
7456,49700
7457,14980
7458,22330
7459,-22610
7460,-11375
7461,45045
7462,16135
7463,33600
7464,37520
7465,31535
7466,15050
7467,17465
7468,55755
7469,16730
7470,24150
7471,57330
7472,50890
7473,36855
7474,46760
7475,45010
7476,49560
7477,14735
7478,16520
7479,39620
7480,68915
7481,16205
7482,22785
7483,37835
7484,4060
7485,39760
7486,29155
7487,25130
7488,47845
7489,6160
7490,54355
7491,23870
7492,2485
7493,11655
7494,71820
7495,25025
7496,43680
7497,57155
7498,5530
7499,37170
7500,51030
7501,22890
7502,35385
7503,19250
7504,39340
7505,48545
7506,54705
7507,42035
7508,27335
7509,19075
7510,20230
7511,35175
7512,26915
7513,8155
7514,10780
7515,52395
7516,37940
7517,32200
7518,15155
7519,28665
7520,50120
7521,22715
7522,39830
7523,45220
7524,35350
7525,24885
7526,54390
7527,44905
7528,25760
7529,41090
7530,42700
7531,13615
7532,31325
7533,59745
7534,30660
7535,19985
7536,8470
7537,7140
7538,52710
7539,55860
7540,34930
7541,16555
7542,53200
7543,14000
7544,53760
7545,45395
7546,-2205
7547,36680
7548,38255
7549,62020
7550,35210
7551,63980
7552,31045
7553,47635
7554,22435
7555,38500
7556,22820
7557,38290
7558,-7490
7559,-1400
7560,12425
7561,15400
7562,50610
7563,35630
7564,32725
7565,46340
7566,31150
7567,15120
7568,13510
7569,6580
7570,25445
7571,42910
7572,37870
7573,38080
7574,30415
7575,50960
7576,875
7577,61530
7578,18935
7579,20930
7580,7630
7581,30065
7582,52745
7583,49630
7584,24255
7585,24185
7586,42420
7587,2695
7588,62510
7589,43505
7590,35455
7591,26880
7592,40810
7593,13090
7594,40285
7595,-4340
7596,41125
7597,53445
7598,31115
7599,52290
7600,31745
7601,3920
7602,40390
7603,44135
7604,42770
7605,30415
7606,39340
7607,41300
7608,52045
7609,595
7610,13860
7611,34615
7612,23975
7613,64925
7614,70
7615,23940
7616,35805
7617,14700
7618,38570
7619,14280
7620,31920
7621,43960
7622,49980
7623,4130
7624,-30905
7625,18060
7626,41475
7627,46025
7628,45710
7629,51170
7630,32340
7631,28175
7632,36925
7633,17955
7634,22820
7635,28770
7636,18550
7637,34650
7638,-10815
7639,45745
7640,11760
7641,41055
7642,1505
7643,9485
7644,11515
7645,21875
7646,22260
7647,45885
7648,13370
7649,-9485
7650,51485
7651,29960
7652,44765
7653,-13615
7654,19635
7655,45675
7656,18025
7657,57995
7658,12530
7659,71785
7660,30205
7661,38885
7662,58240
7663,51135
7664,-70
7665,48475
7666,61670
7667,27195
7668,40180
7669,53620
7670,52255
7671,5530
7672,-35
7673,19075
7674,61670
7675,19320
7676,43715
7677,62510
7678,12985
7679,27965
7680,36750
7681,49525
7682,50890
7683,27650
7684,-11410
7685,17990
7686,-5320
7687,35280
7688,42035
7689,17675
7690,61250
7691,10605
7692,3850
7693,31255
7694,30415
7695,53235
7696,52780
7697,21350
7698,14595
7699,31815
7700,53375
7701,52465
7702,35140
7703,18270
7704,28840
7705,30415
7706,1295
7707,34965
7708,47880
7709,12355
7710,13545
7711,46200
7712,-19740
7713,-7875
7714,20790
7715,44975
7716,27475
7717,3990
7718,16310
7719,29295
7720,14945
7721,20825
7722,33180
7723,42910
7724,-36155
7725,33285
7726,45010
7727,44800
7728,33495
7729,-32025
7730,28805
7731,55020
7732,35700
7733,43295
7734,19320
7735,50680
7736,34580
7737,41195
7738,50120
7739,12075
7740,13020
7741,56805
7742,50015
7743,32270
7744,53445
7745,5635
7746,32025
7747,42840
7748,54985
7749,39760
7750,36785
7751,175
7752,5880
7753,47110
7754,53935
7755,35385
7756,33320
7757,72800
7758,55090
7759,39200
7760,34440
7761,42105
7762,21385
7763,41790
7764,23065
7765,26145
7766,24640
7767,65170
7768,21245
7769,20160
7770,34790
7771,42945
7772,26250
7773,490
7774,59465
7775,48370
7776,33530
7777,21070
7778,59080
7779,26180
7780,50680
7781,8575
7782,46620
7783,65170
7784,20300
7785,52255
7786,59220
7787,20335
7788,40985
7789,38255
7790,10115
7791,33040
7792,29680
7793,24780
7794,16625
7795,56035
7796,18620
7797,59780
7798,55195
7799,47425
7800,32620
7801,27965
7802,28560
7803,-12425
7804,34335
7805,16975
7806,29155
7807,36855
7808,45360
7809,30590
7810,28245
7811,21385
7812,24290
7813,-175
7814,59080
7815,39725
7816,35735
7817,12005
7818,32095
7819,13685
7820,6020
7821,-14175
7822,38605
7823,31080
7824,43365
7825,35245
7826,29260
7827,20335
7828,36365
7829,30030
7830,20475
7831,59815
7832,16065
7833,-11550
7834,54145
7835,44380
7836,35420
7837,10920
7838,5950
7839,50540
7840,14630
7841,47670
7842,26495
7843,-1785
7844,43470
7845,32970
7846,19740
7847,51100
7848,64190
7849,43820
7850,49035
7851,67235
7852,44170
7853,29470
7854,22960
7855,29085
7856,31045
7857,23870
7858,38990
7859,40740
7860,36505
7861,32130
7862,43575
7863,22190
7864,55125
7865,28175
7866,30590
7867,36190
7868,12915
7869,26915
7870,34405
7871,53340
7872,39655
7873,47285
7874,46655
7875,52430
7876,36575
7877,1890
7878,42035
7879,16345
7880,16450
7881,44450
7882,62580
7883,54600
7884,5880
7885,18025
7886,46445
7887,33740
7888,17745
7889,34965
7890,52535
7891,5250
7892,37310
7893,34160
7894,38815
7895,34650
7896,27930
7897,64435
7898,52430
7899,54670
7900,41685
7901,23730
7902,35630
7903,35280
7904,62195
7905,48615
7906,41125
7907,29365
7908,8890
7909,6685
7910,66115
7911,35175
7912,23100
7913,-18445
7914,44170
7915,56245
7916,34265
7917,48790
7918,52640
7919,50435
7920,11410
7921,41755
7922,75040
7923,-41265
7924,35070
7925,25795
7926,17990
7927,61355
7928,43015
7929,38885
7930,10955
7931,39830
7932,20860
7933,15330
7934,20300
7935,25480
7936,51135
7937,32235
7938,41125
7939,38535
7940,30975
7941,48790
7942,-8750
7943,2975
7944,29960
7945,-140
7946,15715
7947,4515
7948,38010
7949,57575
7950,36505
7951,50960
7952,58765
7953,26285
7954,22225
7955,25375
7956,55720
7957,59255
7958,36365
7959,42525
7960,18340
7961,350
7962,39340
7963,40075
7964,-9660
7965,14945
7966,16030
7967,22540
7968,48335
7969,51905
7970,4900
7971,-175
7972,40495
7973,35560
7974,41125
7975,35175
7976,30275
7977,65345
7978,56735
7979,55370
7980,24045
7981,39410
7982,-9240
7983,37940
7984,4130
7985,15960
7986,56070
7987,33285
7988,8120
7989,18375
7990,15505
7991,-5705
7992,36505
7993,51205
7994,21455
7995,34860
7996,33670
7997,15190
7998,29120
7999,67165
8000,57750
8001,59115
8002,54320
8003,10815
8004,28665
8005,31465
8006,50750
8007,16485
8008,43155
8009,22050
8010,32550
8011,20090
8012,30275
8013,24500
8014,23590
8015,-19320
8016,33040
8017,27440
8018,20860
8019,9205
8020,53200
8021,51100
8022,40355
8023,-1540
8024,-31045
8025,27335
8026,42035
8027,-1645
8028,33845
8029,15785
8030,29540
8031,-9520
8032,30870
8033,43610
8034,47775
8035,32550
8036,31045
8037,20370
8038,34265
8039,42980
8040,-10185
8041,37520
8042,34930
8043,9555
8044,21035
8045,34020
8046,16660
8047,58625
8048,25620
8049,50890
8050,24535
8051,17780
8052,2170
8053,20265
8054,43575
8055,63035
8056,29925
8057,-5390
8058,6370
8059,4970
8060,44660
8061,-14000
8062,21595
8063,10745
8064,51870
8065,41300
8066,32865
8067,21105
8068,34930
8069,20195
8070,43365
8071,21490
8072,24535
8073,43995
8074,2730
8075,25655
8076,37940
8077,70735
8078,15820
8079,27160
8080,39725
8081,-1820
8082,32515
8083,53375
8084,58590
8085,34720
8086,-9100
8087,10815
8088,18375
8089,17255
8090,29540
8091,48475
8092,67970
8093,55580
8094,67270
8095,20685
8096,27265
8097,38535
8098,61390
8099,3850
8100,37170
8101,75180
8102,37415
8103,36365
8104,41020
8105,49910
8106,21770
8107,41825
8108,48510
8109,22400
8110,14490
8111,51940
8112,33740
8113,31465
8114,5565
8115,-9870
8116,57260
8117,31080
8118,63840
8119,21455
8120,-16100
8121,-26530
8122,29785
8123,53410
8124,31430
8125,71785
8126,52815
8127,61460
8128,10955
8129,12740
8130,38430
8131,22645
8132,33495
8133,53550
8134,52885
8135,40985
8136,38430
8137,32410
8138,48545
8139,4900
8140,20475
8141,57540
8142,40425
8143,35770
8144,23870
8145,-35
8146,34685
8147,32025
8148,3570
8149,49630
8150,43050
8151,18340
8152,17885
8153,15785
8154,63420
8155,13230
8156,16660
8157,19880
8158,73850
8159,1575
8160,1330
8161,10990
8162,16065
8163,12250
8164,47565
8165,64925
8166,43610
8167,47950
8168,26845
8169,32025
8170,-22890
8171,63105
8172,56070
8173,27160
8174,47110
8175,22295
8176,36400
8177,56210
8178,32655
8179,26180
8180,38290
8181,37730
8182,39760
8183,38185
8184,44030
8185,36855
8186,-5250
8187,31745
8188,48580
8189,-315
8190,16100
8191,43925
8192,49420
8193,-16345
8194,55615
8195,14735
8196,46410
8197,10290
8198,41300
8199,245
8200,27335
8201,36260
8202,47390
8203,-9625
8204,60480
8205,47425
8206,64085
8207,31185
8208,76090
8209,-7315
8210,17675
8211,33950
8212,-6195
8213,50050
8214,26600
8215,56770
8216,41510
8217,24220
8218,18410
8219,51100
8220,35350
8221,29225
8222,41195
8223,34510
8224,21455
8225,59465
8226,2905
8227,-245
8228,36785
8229,49350
8230,-10185
8231,25900
8232,23310
8233,21455
8234,5880
8235,15400
8236,27405
8237,-19530
8238,36435
8239,23275
8240,45045
8241,11375
8242,19670
8243,35210
8244,35490
8245,18025
8246,44485
8247,-13020
8248,25445
8249,29575
8250,21665
8251,43050
8252,17150
8253,70840
8254,33915
8255,-13370
8256,42805
8257,69090
8258,3640
8259,43225
8260,24850
8261,-22505
8262,36610
8263,-1050
8264,-6020
8265,38290
8266,48895
8267,27755
8268,53655
8269,35210
8270,66535
8271,25060
8272,2380
8273,14735
8274,22365
8275,31430
8276,16800
8277,51310
8278,-27965
8279,22400
8280,28840
8281,53795
8282,36575
8283,37975
8284,27405
8285,28385
8286,21385
8287,27930
8288,37240
8289,-18900
8290,-4760
8291,3745
8292,60725
8293,-4165
8294,20545
8295,-26775
8296,-12915
8297,34125
8298,54985
8299,39760
8300,50015
8301,4130
8302,33950
8303,36960
8304,51975
8305,7140
8306,2660
8307,53865
8308,4620
8309,25235
8310,48755
8311,4235
8312,32550
8313,35455
8314,71400
8315,28035
8316,19075
8317,21665
8318,15470
8319,19005
8320,41685
8321,23800
8322,17675
8323,28245
8324,28630
8325,39130
8326,44870
8327,37205
8328,35630
8329,40950
8330,13685
8331,7595
8332,57260
8333,15155
8334,18585
8335,42035
8336,38045
8337,17395
8338,36330
8339,12145
8340,27300
8341,48440
8342,7910
8343,31395
8344,6020
8345,39655
8346,22610
8347,-14630
8348,16240
8349,27160
8350,29155
8351,53935
8352,56805
8353,43295
8354,46270
8355,28840
8356,51450
8357,56245
8358,54320
8359,18445
8360,14770
8361,36435
8362,33810
8363,3080
8364,13370
8365,-6055
8366,30485
8367,20405
8368,29365
8369,5180
8370,31395
8371,82845
8372,28455
8373,49875
8374,25935
8375,-16625
8376,27265
8377,52745
8378,44870
8379,30380
8380,45430
8381,20265
8382,53970
8383,58030
8384,3535
8385,55545
8386,-26285
8387,33110
8388,25340
8389,45535
8390,105
8391,48650
8392,26950
8393,24115
8394,4095
8395,63280
8396,16800
8397,18865
8398,17010
8399,20650
8400,11165
8401,21945
8402,21070
8403,-350
8404,52885
8405,35035
8406,34755
8407,70
8408,42350
8409,54600
8410,64330
8411,41790
8412,21805
8413,19145
8414,33775
8415,65380
8416,23065
8417,64750
8418,42560
8419,36260
8420,27370
8421,43225
8422,45570
8423,50995
8424,41790
8425,25550
8426,67270
8427,44100
8428,57820
8429,51065
8430,3675
8431,36575
8432,31115
8433,30135
8434,57190
8435,33005
8436,41230
8437,51415
8438,27055
8439,24080
8440,38780
8441,45360
8442,13300
8443,41020
8444,32095
8445,39550
8446,46900
8447,36190
8448,48230
8449,21175
8450,48335
8451,56070
8452,10360
8453,3115
8454,17780
8455,41615
8456,23380
8457,39760
8458,26530
8459,10955
8460,44555
8461,28560
8462,44800
8463,51100
8464,32025
8465,60795
8466,52150
8467,44905
8468,25620
8469,32025
8470,40880
8471,56560
8472,27930
8473,28875
8474,74935
8475,50365
8476,54845
8477,38570
8478,30485
8479,46690
8480,21420
8481,24500
8482,24220
8483,18690
8484,46445
8485,70245
8486,14700
8487,49980
8488,22540
8489,25725
8490,34685
8491,17150
8492,39760
8493,29190
8494,53585
8495,16800
8496,36995
8497,54985
8498,32830
8499,30205
8500,49805
8501,24675
8502,71680
8503,-21875
8504,27895
8505,12565
8506,23520
8507,49525
8508,27685
8509,52990
8510,16940
8511,32060
8512,-12880
8513,9170
8514,14210
8515,44835
8516,6475
8517,23975
8518,12810
8519,50645
8520,24045
8521,55965
8522,29085
8523,50575
8524,31535
8525,40915
8526,51100
8527,41440
8528,61040
8529,41685
8530,26950
8531,40390
8532,48405
8533,37695
8534,49280
8535,33425
8536,48055
8537,52605
8538,42560
8539,53655
8540,21070
8541,52185
8542,51485
8543,33915
8544,-2625
8545,-4550
8546,33390
8547,59955
8548,19460
8549,20335
8550,41405
8551,39060
8552,22120
8553,41370
8554,27510
8555,17255
8556,30940
8557,50190
8558,43120
8559,9730
8560,9800
8561,18935
8562,12040
8563,10255
8564,43400
8565,-3640
8566,18655
8567,58695
8568,-21910
8569,46480
8570,59780
8571,68740
8572,45745
8573,51450
8574,45290
8575,39060
8576,27440
8577,12565
8578,42560
8579,33600
8580,38675
8581,41230
8582,49035
8583,41020
8584,29925
8585,55475
8586,-10885
8587,39550
8588,38255
8589,43855
8590,24185
8591,55020
8592,59885
8593,29820
8594,29855
8595,25235
8596,34300
8597,735
8598,31745
8599,23030
8600,49245
8601,14385
8602,18375
8603,64750
8604,-11655
8605,21245
8606,44450
8607,-34090
8608,52395
8609,3010
8610,55965
8611,9240
8612,48895
8613,15680
8614,41790
8615,31220
8616,36680
8617,44520
8618,44905
8619,47320
8620,27650
8621,-2170
8622,18655
8623,38430
8624,36365
8625,53865
8626,57785
8627,13545
8628,39865
8629,37380
8630,20265
8631,-8715
8632,30135
8633,49770
8634,22785
8635,24955
8636,32270
8637,18690
8638,25165
8639,15470
8640,56560
8641,34965
8642,33950
8643,62755
8644,41125
8645,53830
8646,32095
8647,17045
8648,46865
8649,21210
8650,56490
8651,11865
8652,16695
8653,28000
8654,-6545
8655,27230
8656,57715
8657,63875
8658,7105
8659,40740
8660,19670
8661,20475
8662,49770
8663,42840
8664,48545
8665,44065
8666,43260
8667,54425
8668,55685
8669,51345
8670,22470
8671,30835
8672,38570
8673,37345
8674,47180
8675,42280
8676,46655
8677,42665
8678,17150
8679,63490
8680,52500
8681,56945
8682,1190
8683,23940
8684,-24885
8685,36085
8686,30135
8687,48825
8688,15750
8689,45535
8690,71015
8691,57505
8692,34510
8693,16730
8694,14910
8695,56980
8696,33635
8697,15645
8698,34720
8699,-21140
8700,55790
8701,43470
8702,27335
8703,-4585
8704,46130
8705,44485
8706,13650
8707,68915
8708,21000
8709,69090
8710,30520
8711,22225
8712,49560
8713,-8575
8714,46375
8715,56455
8716,-12845
8717,4060
8718,10220
8719,59290
8720,19495
8721,54145
8722,53795
8723,10220
8724,53165
8725,27720
8726,16520
8727,59220
8728,44625
8729,54040
8730,51380
8731,67270
8732,19355
8733,12145
8734,56595
8735,32480
8736,48265
8737,57750
8738,62440
8739,27895
8740,28350
8741,26320
8742,52220
8743,57260
8744,29645
8745,22855
8746,9520
8747,49315
8748,43610
8749,22575
8750,36995
8751,39830
8752,38115
8753,35980
8754,5635
8755,63945
8756,11480
8757,72625
8758,28210
8759,43715
8760,38360
8761,28945
8762,-3255
8763,19460
8764,10395
8765,18620
8766,21560
8767,15085
8768,48055
8769,45570
8770,17850
8771,1680
8772,-1470
8773,60865
8774,4445
8775,25515
8776,40810
8777,50295
8778,26320
8779,13965
8780,35000
8781,32375
8782,32795
8783,15890
8784,37695
8785,30380
8786,47460
8787,26040
8788,23065
8789,-5565
8790,9520
8791,16730
8792,34370
8793,8155
8794,10360
8795,25900
8796,42035
8797,23905
8798,34335
8799,43925
8800,31850
8801,17290
8802,60795
8803,24675
8804,36435
8805,3815
8806,4480
8807,34615
8808,24850
8809,33145
8810,56595
8811,39305
8812,52290
8813,25900
8814,53305
8815,45745
8816,140
8817,52395
8818,39235
8819,33810
8820,43225
8821,27230
8822,26215
8823,38990
8824,47320
8825,56875
8826,31640
8827,39410
8828,4620
8829,-22190
8830,36820
8831,26320
8832,46410
8833,525
8834,46410
8835,36505
8836,44240
8837,10080
8838,40705
8839,39760
8840,19180
8841,32795
8842,38570
8843,58135
8844,58170
8845,13545
8846,69405
8847,37800
8848,43050
8849,31990
8850,73395
8851,22855
8852,30170
8853,59150
8854,-21490
8855,26565
8856,36330
8857,4235
8858,30975
8859,37240
8860,58065
8861,60865
8862,8645
8863,40775
8864,57820
8865,23835
8866,61040
8867,43540
8868,32865
8869,34615
8870,29085
8871,22750
8872,31815
8873,19145
8874,35840
8875,23380
8876,25655
8877,55195
8878,35840
8879,39340
8880,47005
8881,11970
8882,35665
8883,43365
8884,49910
8885,53200
8886,24990
8887,10780
8888,38010
8889,50855
8890,35630
8891,-7035
8892,24745
8893,21455
8894,10920
8895,54320
8896,54845
8897,14035
8898,8365
8899,56560
8900,-10675
8901,41860
8902,2590
8903,7385
8904,30415
8905,60865
8906,47390
8907,48230
8908,4900
8909,26565
8910,40145
8911,51975
8912,52430
8913,43435
8914,26880
8915,36645
8916,35490
8917,26180
8918,22225
8919,35315
8920,36645
8921,1925
8922,59465
8923,29540
8924,47285
8925,48475
8926,-26670
8927,20090
8928,5005
8929,45500
8930,31605
8931,-37905
8932,49700
8933,45395
8934,65555
8935,23800
8936,805
8937,12040
8938,51660
8939,39760
8940,40740
8941,17290
8942,42700
8943,45675
8944,43715
8945,-18935
8946,50295
8947,20510
8948,-10815
8949,50260
8950,44905
8951,-13895
8952,39900
8953,51905
8954,49945
8955,34580
8956,15330
8957,2590
8958,21595
8959,31955
8960,24710
8961,82040
8962,29785
8963,42455
8964,20405
8965,34965
8966,35910
8967,50225
8968,25235
8969,28245
8970,49070
8971,34930
8972,8960
8973,12915
8974,42140
8975,30555
8976,30205
8977,5040
8978,33600
8979,21945
8980,40915
8981,-11935
8982,5215
8983,58275
8984,52850
8985,24500
8986,28210
8987,44835
8988,31640
8989,-18410
8990,23975
8991,28595
8992,38500
8993,21070
8994,39410
8995,13685
8996,37100
8997,51695
8998,15750
8999,-3150
9000,43155
9001,25375
9002,43995
9003,36645
9004,27125
9005,34930
9006,44065
9007,53725
9008,30940
9009,41965
9010,30940
9011,16695
9012,33740
9013,40635
9014,54355
9015,54740
9016,13580
9017,32410
9018,40740
9019,51765
9020,41825
9021,55055
9022,48930
9023,36400
9024,44415
9025,58275
9026,46165
9027,27195
9028,5950
9029,19460
9030,42770
9031,21980
9032,12670
9033,43890
9034,24290
9035,53235
9036,-7140
9037,490
9038,11550
9039,45080
9040,11445
9041,37450
9042,11585
9043,-6300
9044,16415
9045,50925
9046,39865
9047,37870
9048,67760
9049,3745
9050,1015
9051,48090
9052,15995
9053,64960
9054,46410
9055,35595
9056,39725
9057,13475
9058,54705
9059,25515
9060,36785
9061,25935
9062,8225
9063,33915
9064,6685
9065,51065
9066,-13860
9067,4515
9068,35315
9069,21000
9070,25515
9071,64470
9072,33425
9073,10010
9074,10780
9075,63140
9076,36750
9077,14350
9078,5565
9079,20125
9080,49875
9081,33250
9082,50470
9083,1610
9084,59640
9085,6860
9086,30660
9087,53200
9088,36365
9089,58205
9090,31955
9091,21455
9092,4095
9093,-5180
9094,13895
9095,81935
9096,17185
9097,23345
9098,26845
9099,55720
9100,70525
9101,31850
9102,22470
9103,37450
9104,490
9105,51345
9106,64540
9107,24430
9108,38955
9109,21630
9110,-5705
9111,45675
9112,39200
9113,8260
9114,33180
9115,17990
9116,71575
9117,53095
9118,66325
9119,38780
9120,-245
9121,38780
9122,46620
9123,39830
9124,42840
9125,-2170
9126,36715
9127,53900
9128,4795
9129,15225
9130,59990
9131,-3395
9132,2765
9133,36855
9134,35350
9135,58065
9136,-28105
9137,28210
9138,12110
9139,42315
9140,38955
9141,28420
9142,19320
9143,4655
9144,41160
9145,21175
9146,10500
9147,64085
9148,25270
9149,11935
9150,48685
9151,10080
9152,49245
9153,21210
9154,46935
9155,9065
9156,50190
9157,45115
9158,15015
9159,40110
9160,24500
9161,19285
9162,40775
9163,30835
9164,12215
9165,39340
9166,30800
9167,49840
9168,-13930
9169,54425
9170,53760
9171,31780
9172,33880
9173,36540
9174,11690
9175,45920
9176,28175
9177,31605
9178,63175
9179,13440
9180,24115
9181,10220
9182,38010
9183,69265
9184,23415
9185,45185
9186,13475
9187,4585
9188,23380
9189,42735
9190,56000
9191,46095
9192,-34860
9193,26775
9194,46165
9195,42105
9196,44940
9197,49070
9198,21035
9199,63245
9200,29015
9201,7315
9202,18970
9203,15120
9204,35245
9205,22645
9206,18585
9207,48265
9208,21805
9209,7455
9210,31815
9211,49245
9212,45500
9213,36470
9214,38220
9215,23765
9216,42140
9217,42175
9218,50050
9219,4970
9220,61635
9221,15470
9222,45325
9223,29995
9224,40180
9225,49420
9226,62440
9227,-6265
9228,14770
9229,49805
9230,33425
9231,35525
9232,55965
9233,21175
9234,-9905
9235,13335
9236,38465
9237,33040
9238,57505
9239,55720
9240,60340
9241,24605
9242,8505
9243,24605
9244,3290
9245,58450
9246,46480
9247,33145
9248,41230
9249,39935
9250,47775
9251,8715
9252,24290
9253,8015
9254,4760
9255,39480
9256,46025
9257,35665
9258,54460
9259,41300
9260,51520
9261,28875
9262,10955
9263,48685
9264,42245
9265,35805
9266,26460
9267,24395
9268,39515
9269,60305
9270,12110
9271,30205
9272,30030
9273,-1260
9274,-2030
9275,38780
9276,21665
9277,20370
9278,38570
9279,23660
9280,54845
9281,25970
9282,6160
9283,5425
9284,40390
9285,3465
9286,11130
9287,46025
9288,-19250
9289,26670
9290,31990
9291,2065
9292,54670
9293,12985
9294,11795
9295,64750
9296,69230
9297,48125
9298,13265
9299,48930
9300,26705
9301,52500
9302,20615
9303,67375
9304,-10290
9305,26565
9306,-17710
9307,36120
9308,-5460
9309,67095
9310,48860
9311,62195
9312,50505
9313,37730
9314,42770
9315,40670
9316,88060
9317,64365
9318,29610
9319,-7910
9320,61915
9321,49315
9322,24570
9323,43750
9324,17325
9325,24850
9326,48720
9327,-9170
9328,54040
9329,-15575
9330,39095
9331,3080
9332,51310
9333,3640
9334,-16730
9335,-420
9336,38115
9337,17080
9338,-8610
9339,42805
9340,12635
9341,22820
9342,43785
9343,280
9344,9485
9345,50680
9346,57295
9347,15750
9348,26775
9349,56315
9350,28210
9351,39270
9352,44205
9353,14385
9354,44590
9355,45675
9356,4480
9357,31325
9358,32690
9359,2030
9360,-7350
9361,40355
9362,59710
9363,15365
9364,36995
9365,53445
9366,60480
9367,31920
9368,13020
9369,14280
9370,11515
9371,8120
9372,23660
9373,-19915
9374,34475
9375,36155
9376,14770
9377,34510
9378,26775
9379,19740
9380,7525
9381,59010
9382,53060
9383,26460
9384,-770
9385,24500
9386,23555
9387,-9905
9388,60865
9389,23520
9390,30205
9391,30695
9392,17465
9393,38115
9394,8715
9395,50890
9396,41160
9397,26565
9398,10745
9399,18900
9400,40460
9401,47845
9402,38745
9403,10745
9404,23030
9405,34720
9406,37695
9407,34265
9408,41335
9409,41020
9410,39340
9411,28420
9412,43260
9413,25655
9414,41440
9415,-11095
9416,49665
9417,57610
9418,34965
9419,49700
9420,60585
9421,21105
9422,27895
9423,23730
9424,18550
9425,-12880
9426,35070
9427,43365
9428,52605
9429,6580
9430,27650
9431,64680
9432,50295
9433,-15855
9434,30240
9435,51625
9436,70245
9437,33810
9438,3045
9439,19845
9440,51030
9441,20755
9442,35070
9443,15155
9444,17570
9445,25900
9446,28840
9447,9765
9448,47075
9449,9555
9450,19005
9451,35455
9452,37450
9453,37520
9454,37695
9455,55300
9456,49525
9457,23870
9458,1610
9459,38990
9460,41405
9461,14455
9462,46200
9463,61495
9464,48965
9465,39585
9466,61985
9467,13510
9468,51380
9469,9065
9470,38255
9471,53165
9472,2100
9473,23415
9474,11410
9475,36540
9476,-49840
9477,42140
9478,36015
9479,52220
9480,38955
9481,1715
9482,55195
9483,47810
9484,54635
9485,47530
9486,9030
9487,54005
9488,49175
9489,39690
9490,43680
9491,57400
9492,59430
9493,45570
9494,48580
9495,37135
9496,14455
9497,26495
9498,33810
9499,41720
9500,27300
9501,-3850
9502,31885
9503,43715
9504,46340
9505,58450
9506,36750
9507,29925
9508,41335
9509,49490
9510,23415
9511,50155
9512,34160
9513,9940
9514,40880
9515,57260
9516,7070
9517,67970
9518,-26460
9519,35630
9520,-21000
9521,17045
9522,67900
9523,36435
9524,49420
9525,60550
9526,22960
9527,47880
9528,21280
9529,2345
9530,56210
9531,2240
9532,71015
9533,26145
9534,35070
9535,33705
9536,6860
9537,49945
9538,46585
9539,4725
9540,-19775
9541,45010
9542,33425
9543,45255
9544,13755
9545,5215
9546,12110
9547,31675
9548,49560
9549,44100
9550,15995
9551,47740
9552,47005
9553,24080
9554,37275
9555,21420
9556,42175
9557,2765
9558,37345
9559,60550
9560,-2170
9561,46970
9562,50470
9563,43330
9564,24115
9565,13580
9566,19460
9567,31220
9568,67515
9569,36715
9570,14245
9571,43680
9572,27055
9573,20510
9574,7420
9575,36715
9576,19005
9577,55265
9578,56560
9579,-8015
9580,31920
9581,57365
9582,-665
9583,-315
9584,69230
9585,20335
9586,30730
9587,18130
9588,18130
9589,490
9590,-9345
9591,48755
9592,34230
9593,20965
9594,3990
9595,35980
9596,50295
9597,30240
9598,32445
9599,-1155
9600,5810
9601,42910
9602,33880
9603,37485
9604,47845
9605,42700
9606,35735
9607,26670
9608,55790
9609,55755
9610,28665
9611,34125
9612,30380
9613,33110
9614,48720
9615,29470
9616,65345
9617,8260
9618,21140
9619,61390
9620,43960
9621,25270
9622,37590
9623,48335
9624,8295
9625,34510
9626,60340
9627,26495
9628,49245
9629,61285
9630,14700
9631,24010
9632,45850
9633,48930
9634,13790
9635,41475
9636,41475
9637,47250
9638,51870
9639,24045
9640,-13545
9641,48090
9642,28700
9643,-3185
9644,46760
9645,52290
9646,32725
9647,41370
9648,5915
9649,36715
9650,46025
9651,28875
9652,-3325
9653,23170
9654,16555
9655,-32935
9656,29470
9657,35315
9658,68600
9659,51870
9660,20510
9661,6790
9662,56945
9663,45255
9664,14490
9665,40880
9666,49875
9667,24150
9668,56805
9669,-16555
9670,-9450
9671,37135
9672,13195
9673,26530
9674,18480
9675,-5880
9676,63140
9677,25585
9678,49210
9679,-23800
9680,24395
9681,8015
9682,23345
9683,36820
9684,54040
9685,54075
9686,11095
9687,9625
9688,31430
9689,28875
9690,45780
9691,40075
9692,42910
9693,24850
9694,16170
9695,-18970
9696,47950
9697,48545
9698,58205
9699,15155
9700,43610
9701,24605
9702,26040
9703,25725
9704,41965
9705,-13300
9706,72065
9707,65345
9708,6965
9709,50575
9710,34160
9711,59430
9712,46165
9713,46480
9714,10850
9715,26145
9716,47775
9717,34860
9718,2380
9719,34370
9720,36890
9721,5845
9722,5880
9723,32970
9724,45045
9725,-29155
9726,47390
9727,10080
9728,46830
9729,38290
9730,35035
9731,16205
9732,58940
9733,67550
9734,60725
9735,30555
9736,36715
9737,59605
9738,26040
9739,41965
9740,18515
9741,25340
9742,14210
9743,16940
9744,33460
9745,10115
9746,20230
9747,48755
9748,43750
9749,54670
9750,54425
9751,12285
9752,41685
9753,58940
9754,35980
9755,-3395
9756,30660
9757,7455
9758,15435
9759,-4060
9760,8995
9761,62125
9762,38640
9763,19005
9764,15470
9765,3290
9766,36085
9767,55720
9768,42875
9769,-29855
9770,60515
9771,32690
9772,-10500
9773,58345
9774,5950
9775,-4760
9776,49000
9777,-6860
9778,28490
9779,53620
9780,13125
9781,35595
9782,17640
9783,23695
9784,20755
9785,47355
9786,56840
9787,30275
9788,8715
9789,-6930
9790,60025
9791,40495
9792,1190
9793,22225
9794,51170
9795,49280
9796,36365
9797,7350
9798,11025
9799,51695
9800,20685
9801,68075
9802,41405
9803,-21910
9804,19705
9805,36890
9806,33285
9807,41615
9808,51485
9809,29365
9810,29540
9811,43225
9812,12775
9813,49875
9814,44275
9815,36610
9816,8680
9817,40810
9818,37870
9819,29120
9820,55370
9821,33425
9822,34930
9823,56210
9824,56630
9825,40495
9826,42350
9827,34720
9828,39935
9829,32725
9830,3150
9831,46165
9832,12005
9833,27545
9834,14385
9835,56245
9836,64995
9837,19845
9838,1960
9839,3955
9840,53865
9841,21665
9842,22820
9843,36715
9844,-9380
9845,39620
9846,40285
9847,34230
9848,47005
9849,15225
9850,2730
9851,54040
9852,40285
9853,48160
9854,7665
9855,51485
9856,54040
9857,29225
9858,37520
9859,31360
9860,17640
9861,56420
9862,29750
9863,30695
9864,48405
9865,1890
9866,16765
9867,5320
9868,39480
9869,44240
9870,39550
9871,39795
9872,48230
9873,48195
9874,31430
9875,23940
9876,27090
9877,-21385
9878,54355
9879,39620
9880,56245
9881,54040
9882,47705
9883,19880
9884,61670
9885,37030
9886,51940
9887,21735
9888,58240
9889,15890
9890,14910
9891,26530
9892,51625
9893,48825
9894,37380
9895,22960
9896,41300
9897,29470
9898,57925
9899,54460
9900,9415
9901,2170
9902,42875
9903,48370
9904,24780
9905,-12355
9906,12705
9907,56245
9908,12810
9909,63630
9910,28945
9911,72485
9912,62580
9913,68355
9914,27090
9915,-9520
9916,47425
9917,43925
9918,36750
9919,-560
9920,15225
9921,24605
9922,24500
9923,13650
9924,38115
9925,46830
9926,-7735
9927,49700
9928,-70
9929,53060
9930,19285
9931,62055
9932,63630
9933,-315
9934,45430
9935,41615
9936,34020
9937,4025
9938,19180
9939,42455
9940,55125
9941,-31535
9942,61810
9943,31255
9944,28245
9945,14140
9946,3360
9947,5880
9948,15190
9949,29085
9950,29260
9951,13860
9952,26355
9953,15855
9954,18585
9955,49735
9956,53725
9957,46025
9958,35805
9959,12565
9960,1260
9961,15855
9962,2170
9963,46620
9964,45535
9965,4410
9966,21385
9967,43925
9968,50295
9969,13265
9970,48755
9971,25690
9972,29470
9973,30975
9974,28175
9975,47985
9976,14420
9977,3045
9978,48580
9979,-54180
9980,34930
9981,19145
9982,43715
9983,4060
9984,36680
9985,58275
9986,33005
9987,22050
9988,24570
9989,36575
9990,68635
9991,8190
9992,46095
9993,14595
9994,11585
9995,10325
9996,43645
9997,27160
9998,31290
9999,17815
10000,13475
10001,9065
10002,6545
10003,68950
10004,30030
10005,39760
10006,26215
10007,28385
10008,9065
10009,37450
10010,31955
10011,54635
10012,33880
10013,37030
10014,63735
10015,40530
10016,50470
10017,23625
10018,6125
10019,31325
10020,18025
10021,30170
10022,44450
10023,11410
10024,36750
10025,41475
10026,37625
10027,47250
10028,60200
10029,48405
10030,43540
10031,3570
10032,1470
10033,-21385
10034,56665
10035,46795
10036,3815
10037,37415
10038,39900
10039,31430
10040,10150
10041,65520
10042,21280
10043,21315
10044,39025
10045,49035
10046,59430
10047,49315
10048,38115
10049,30380
10050,33880
10051,9730
10052,-2940
10053,26110
10054,-5180
10055,45395
10056,10430
10057,40565
10058,49595
10059,62090
10060,51310
10061,40635
10062,42700
10063,10080
10064,39305
10065,48895
10066,50540
10067,16940
10068,22015
10069,37765
10070,44835
10071,19005
10072,29610
10073,2065
10074,38605
10075,42560
10076,41685
10077,56805
10078,46480
10079,7175
10080,4795
10081,24150
10082,14805
10083,12390
10084,28385
10085,49210
10086,75390
10087,41440
10088,46200
10089,12390
10090,-8085
10091,17815
10092,-26565
10093,7140
10094,25060
10095,57470
10096,25550
10097,11585
10098,54705
10099,9310
10100,55440
10101,29295
10102,19145
10103,46760
10104,29645
10105,56455
10106,36295
10107,16765
10108,8505
10109,29995
10110,50120
10111,28630
10112,46550
10113,26915
10114,38885
10115,52570
10116,53270
10117,47110
10118,39130
10119,21770
10120,-5845
10121,39515
10122,66115
10123,22015
10124,35630
10125,38850
10126,18480
10127,46585
10128,33250
10129,47985
10130,37170
10131,49175
10132,25935
10133,72590
10134,42875
10135,-5320
10136,44695
10137,6580
10138,-11620
10139,24150
10140,52430
10141,29435
10142,-2520
10143,56595
10144,29085
10145,44800
10146,-7455
10147,28805
10148,51590
10149,41405
10150,49840
10151,10325
10152,-28945
10153,41510
10154,42980
10155,32655
10156,53970
10157,-22365
10158,3955
10159,7735
10160,42420
10161,18235
10162,40285
10163,34895
10164,-11060
10165,30625
10166,54775
10167,43645
10168,30520
10169,21595
10170,53585
10171,47355
10172,32130
10173,24920
10174,34195
10175,32340
10176,41370
10177,-4025
10178,60235
10179,63805
10180,-7490
10181,60025
10182,-3710
10183,15225
10184,31255
10185,63035
10186,47600
10187,15785
10188,15365
10189,17395
10190,26810
10191,37590
10192,47320
10193,56805
10194,45535
10195,13475
10196,35175
10197,12845
10198,40075
10199,40250
10200,37520
10201,37590
10202,-11760
10203,11480
10204,35420
10205,57540
10206,31885
10207,-20790
10208,1610
10209,665
10210,29015
10211,45920
10212,8750
10213,14420
10214,315
10215,53305
10216,47040
10217,22085
10218,31710
10219,60340
10220,59220
10221,12670
10222,39585
10223,49210
10224,1645
10225,30030
10226,62475
10227,39200
10228,45465
10229,50365
10230,48510
10231,20090
10232,40950
10233,12180
10234,3220
10235,52080
10236,20545
10237,45640
10238,34930
10239,38780
10240,55020
10241,20895
10242,42420
10243,67340
10244,38850
10245,22750
10246,35000
10247,-13090
10248,24255
10249,21280
10250,71120
10251,61950
10252,54495
10253,3745
10254,45710
10255,-4550
10256,61180
10257,67200
10258,46270
10259,49210
10260,-39130
10261,59465
10262,-15190
10263,17325
10264,55580
10265,52570
10266,12075
10267,30905
10268,50645
10269,29820
10270,15855
10271,34475
10272,37555
10273,29610
10274,31255
10275,34160
10276,33390
10277,11410
10278,23135
10279,25900
10280,-490
10281,-4620
10282,51030
10283,28140
10284,12495
10285,7735
10286,49980
10287,30135
10288,41160
10289,42665
10290,1225
10291,34475
10292,-12775
10293,36190
10294,27300
10295,37345
10296,42630
10297,46130
10298,26320
10299,26320
10300,47460
10301,-140
10302,29715
10303,48510
10304,39585
10305,5775
10306,40915
10307,58415
10308,29540
10309,17570
10310,2625
10311,22680
10312,-18305
10313,20720
10314,41370
10315,-31570
10316,34160
10317,65800
10318,15785
10319,19110
10320,-29015
10321,21595
10322,41825
10323,36470
10324,12950
10325,29785
10326,-11200
10327,30940
10328,12950
10329,52780
10330,64855
10331,62790
10332,44100
10333,47670
10334,61110
10335,25655
10336,58135
10337,63000
10338,11375
10339,23800
10340,45850
10341,65275
10342,-18095
10343,48405
10344,48755
10345,51590
10346,26670
10347,3710
10348,14385
10349,9275
10350,39795
10351,35735
10352,27405
10353,-2905
10354,18445
10355,39445
10356,19950
10357,45780
10358,39690
10359,46865
10360,40145
10361,10255
10362,37310
10363,50820
10364,22505
10365,2415
10366,20405
10367,23625
10368,34440
10369,40215
10370,53130
10371,13755
10372,10045
10373,-70
10374,59360
10375,13370
10376,25130
10377,34685
10378,54285
10379,38850
10380,26810
10381,45675
10382,24325
10383,22715
10384,43015
10385,38850
10386,7175
10387,-7805
10388,-1505
10389,-20160
10390,105
10391,54145
10392,69440
10393,26355
10394,53340
10395,34685
10396,43715
10397,17465
10398,30345
10399,8785
10400,36365
10401,39760
10402,56210
10403,30030
10404,24640
10405,29995
10406,66885
10407,64645
10408,15190
10409,-31010
10410,58695
10411,38185
10412,35665
10413,38605
10414,58030
10415,26075
10416,24115
10417,45255
10418,58870
10419,32270
10420,2520
10421,41195
10422,36820
10423,27125
10424,6685
10425,22330
10426,48965
10427,12075
10428,32235
10429,52990
10430,16520
10431,12845
10432,51275
10433,7980
10434,-9555
10435,43925
10436,16730
10437,30975
10438,43785
10439,64015
10440,40040
10441,61215
10442,32760
10443,32620
10444,16520
10445,29610
10446,28630
10447,28805
10448,33565
10449,33705
10450,7315
10451,40775
10452,21420
10453,36785
10454,30905
10455,65835
10456,22540
10457,-6615
10458,-1890
10459,14385
10460,35350
10461,-17290
10462,11270
10463,46725
10464,27860
10465,51380
10466,32445
10467,-4270
10468,53060
10469,64785
10470,42070
10471,51065
10472,1435
10473,30240
10474,60445
10475,45570
10476,44660
10477,28420
10478,25235
10479,27055
10480,44800
10481,43610
10482,53655
10483,33215
10484,4760
10485,16590
10486,45745
10487,40740
10488,-13965
10489,45150
10490,38150
10491,40530
10492,45675
10493,23345
10494,29190
10495,33635
10496,47635
10497,17640
10498,47950
10499,48475
10500,56665
10501,-24290
10502,7035
10503,10885
10504,37905
10505,16625
10506,70280
10507,48230
10508,14945
10509,41440
10510,-2485
10511,44695
10512,52500
10513,30625
10514,-140
10515,54495
10516,35945
10517,19740
10518,17500
10519,22890
10520,51100
10521,52710
10522,41090
10523,54565
10524,34300
10525,61495
10526,28490
10527,3325
10528,-18865
10529,43750
10530,39270
10531,-22610
10532,34545
10533,4970
10534,48335
10535,-19355
10536,50995
10537,55055
10538,47810
10539,38640
10540,20930
10541,23730
10542,54145
10543,27615
10544,41895
10545,36715
10546,72275
10547,58380
10548,40705
10549,40985
10550,47180
10551,-15190
10552,50330
10553,-7000
10554,9170
10555,11795
10556,78610
10557,24885
10558,48755
10559,62055
10560,32235
10561,48335
10562,13335
10563,45395
10564,43680
10565,25970
10566,30905
10567,44625
10568,29015
10569,52745
10570,43645
10571,-3780
10572,35140
10573,37625
10574,12075
10575,-9450
10576,3710
10577,44415
10578,44485
10579,34965
10580,21560
10581,25200
10582,6335
10583,14385
10584,30660
10585,46410
10586,72065
10587,46830
10588,48335
10589,38535
10590,33390
10591,15575
10592,41720
10593,30485
10594,18550
10595,33495
10596,-4445
10597,14210
10598,50890
10599,8505
10600,62510
10601,24535
10602,44205
10603,63945
10604,34860
10605,48300
10606,52430
10607,43715
10608,51380
10609,13370
10610,41300
10611,26740
10612,24045
10613,9940
10614,1610
10615,30695
10616,2660
10617,43680
10618,12145
10619,51940
10620,30240
10621,-19180
10622,21455
10623,37345
10624,32410
10625,30415
10626,43365
10627,44800
10628,40880
10629,-7175
10630,23520
10631,42105
10632,23625
10633,32130
10634,14210
10635,7350
10636,43015
10637,30275
10638,8645
10639,56840
10640,46270
10641,61180
10642,-17955
10643,21910
10644,49875
10645,18095
10646,7875
10647,61565
10648,58870
10649,-24150
10650,43680
10651,54950
10652,54635
10653,38570
10654,36645
10655,-11270
10656,-9135
10657,34300
10658,16310
10659,21420
10660,32585
10661,48090
10662,12670
10663,49665
10664,42700
10665,50190
10666,29295
10667,41720
10668,30310
10669,38780
10670,46165
10671,8435
10672,22365
10673,-31815
10674,48720
10675,27125
10676,23380
10677,25095
10678,33390
10679,34125
10680,1540
10681,44555
10682,29715
10683,61320
10684,48965
10685,22855
10686,33705
10687,8155
10688,10675
10689,49245
10690,34440
10691,5495
10692,12600
10693,-7770
10694,40950
10695,42245
10696,36960
10697,46620
10698,31675
10699,-9310
10700,44310
10701,21315
10702,42595
10703,28420
10704,27720
10705,3430
10706,18060
10707,48720
10708,26495
10709,27685
10710,71505
10711,56350
10712,-455
10713,28420
10714,24360
10715,26425
10716,25235
10717,26145
10718,48580
10719,23485
10720,36190
10721,58730
10722,35385
10723,19495
10724,9170
10725,19530
10726,41580
10727,34300
10728,16065
10729,28525
10730,57750
10731,42595
10732,20965
10733,44100
10734,36120
10735,-6055
10736,36505
10737,14245
10738,5215
10739,28980
10740,-6440
10741,53130
10742,24360
10743,48230
10744,44170
10745,64050
10746,34580
10747,8995
10748,54180
10749,46585
10750,40565
10751,10675
10752,21735
10753,19565
10754,-910
10755,47460
10756,10010
10757,27930
10758,28665
10759,4970
10760,34650
10761,62405
10762,51870
10763,28840
10764,21175
10765,41475
10766,42560
10767,-7105
10768,14700
10769,56735
10770,26775
10771,41370
10772,41405
10773,8785
10774,34825
10775,37590
10776,57085
10777,22645
10778,40040
10779,29050
10780,32060
10781,-6265
10782,32585
10783,20265
10784,62055
10785,25725
10786,19810
10787,35735
10788,57610
10789,9695
10790,36890
10791,17780
10792,8680
10793,42210
10794,51205
10795,5180
10796,1540
10797,-2275
10798,43890
10799,14840
10800,10955
10801,23345
10802,35140
10803,43365
10804,55230
10805,45780
10806,49840
10807,16905
10808,48125
10809,51940
10810,17255
10811,50785
10812,38780
10813,42910
10814,-11305
10815,64295
10816,29190
10817,41475
10818,16345
10819,54670
10820,26530
10821,54005
10822,9870
10823,55755
10824,28840
10825,32270
10826,22715
10827,41685
10828,23695
10829,45605
10830,8610
10831,76090
10832,36330
10833,57435
10834,-16380
10835,20090
10836,34510
10837,24745
10838,52045
10839,39585
10840,26320
10841,22820
10842,39760
10843,3185
10844,43750
10845,35560
10846,53515
10847,27895
10848,-5040
10849,8085
10850,27650
10851,38885
10852,41720
10853,60060
10854,27440
10855,21385
10856,-2345
10857,52150
10858,47355
10859,57575
10860,22610
10861,50015
10862,49245
10863,47425
10864,54425
10865,46305
10866,17605
10867,28035
10868,50015
10869,37765
10870,3010
10871,-21595
10872,29645
10873,69300
10874,19985
10875,-280
10876,50155
10877,33460
10878,41405
10879,29120
10880,18270
10881,33740
10882,51450
10883,25515
10884,36365
10885,17150
10886,65345
10887,48860
10888,61985
10889,42700
10890,55265
10891,54740
10892,45220
10893,44100
10894,35840
10895,13825
10896,46585
10897,5775
10898,34475
10899,28770
10900,54215
10901,46410
10902,-20440
10903,22785
10904,37310
10905,24675
10906,33565
10907,2625
10908,36365
10909,2695
10910,34475
10911,9345
10912,13720
10913,37135
10914,62335
10915,45325
10916,29925
10917,54565
10918,34930
10919,31885
10920,36330
10921,47180
10922,-4305
10923,58065
10924,46900
10925,33880
10926,31290
10927,12180
10928,58800
10929,28945
10930,30975
10931,-5810
10932,41265
10933,39410
10934,10710
10935,19320
10936,45430
10937,45150
10938,2730
10939,28000
10940,44660
10941,8540
10942,8225
10943,63210
10944,37345
10945,31080
10946,3220
10947,44100
10948,40880
10949,65870
10950,46515
10951,19600
10952,9205
10953,42385
10954,15960
10955,23275
10956,15050
10957,35980
10958,3395
10959,20930
10960,27230
10961,5985
10962,16135
10963,42070
10964,54880
10965,11935
10966,44940
10967,21105
10968,62090
10969,24640
10970,45150
10971,12425
10972,15470
10973,44555
10974,28805
10975,39410
10976,16065
10977,21525
10978,31640
10979,33565
10980,6160
10981,51940
10982,-27405
10983,28595
10984,24115
10985,33460
10986,32655
10987,47425
10988,-1785
10989,43400
10990,-70
10991,37590
10992,18060
10993,71645
10994,46305
10995,32900
10996,38570
10997,40565
10998,55055
10999,42175
11000,43715
11001,45500
11002,39445
11003,4935
11004,27195
11005,34790
11006,15820
11007,25900
11008,29435
11009,36925
11010,22960
11011,14945
11012,10570
11013,11585
11014,38815
11015,39200
11016,50330
11017,43715
11018,8785
11019,23065
11020,53550
11021,43645
11022,50575
11023,24640
11024,42840
11025,7560
11026,36540
11027,6930
11028,45640
11029,-980
11030,11515
11031,54880
11032,22645
11033,17605
11034,39235
11035,49175
11036,47810
11037,30905
11038,45605
11039,38150
11040,57610
11041,20020
11042,-5180
11043,11550
11044,18410
11045,55860
11046,56420
11047,51905
11048,24430
11049,46515
11050,15680
11051,28735
11052,-4200
11053,23065
11054,19145
11055,2800
11056,31220
11057,23135
11058,57715
11059,54355
11060,33075
11061,30870
11062,26705
11063,-20405
11064,3430
11065,-2030
11066,27860
11067,18305
11068,42140
11069,29820
11070,61880
11071,56735
11072,37625
11073,-12915
11074,53585
11075,34545
11076,-17255
11077,28525
11078,8820
11079,36680
11080,45080
11081,26530
11082,17325
11083,58940
11084,33880
11085,17535
11086,25690
11087,28560
11088,32235
11089,11060
11090,29890
11091,36330
11092,43925
11093,7735
11094,32480
11095,52920
11096,18200
11097,30765
11098,53620
11099,51835
11100,39235
11101,21770
11102,28630
11103,26145
11104,30345
11105,10325
11106,9835
11107,44310
11108,-7350
11109,10360
11110,-7700
11111,44065
11112,55370
11113,12495
11114,59290
11115,65660
11116,63665
11117,31325
11118,18935
11119,31010
11120,33530
11121,44100
11122,51835
11123,34300
11124,44940
11125,-14280
11126,21280
11127,51450
11128,61075
11129,29645
11130,54320
11131,67165
11132,36470
11133,13405
11134,-22295
11135,49455
11136,40075
11137,32585
11138,31780
11139,34580
11140,30485
11141,56875
11142,35280
11143,14910
11144,20930
11145,68145
11146,52675
11147,29365
11148,47425
11149,26425
11150,44030
11151,38465
11152,36890
11153,16450
11154,53970
11155,50225
11156,37975
11157,39935
11158,69930
11159,50610
11160,26705
11161,13160
11162,17675
11163,32305
11164,47320
11165,27300
11166,14070
11167,53060
11168,41755
11169,10010
11170,2765
11171,58135
11172,60515
11173,27055
11174,15575
11175,37905
11176,32410
11177,58135
11178,43260
11179,18725
11180,56245
11181,17185
11182,22575
11183,44590
11184,-23835
11185,46900
11186,32410
11187,3430
11188,20930
11189,52920
11190,5145
11191,20055
11192,18690
11193,42910
11194,15505
11195,34965
11196,19775
11197,37065
11198,11235
11199,42630
11200,23730
11201,40530
11202,41510
11203,46445
11204,62300
11205,36645
11206,25935
11207,62790
11208,51415
11209,62265
11210,11445
11211,47005
11212,17605
11213,3220
11214,38290
11215,24990
11216,40530
11217,37730
11218,22120
11219,-11165
11220,27440
11221,43750
11222,26250
11223,53445
11224,17815
11225,27055
11226,33670
11227,30940
11228,52395
11229,29820
11230,25515
11231,51765
11232,29820
11233,26040
11234,53865
11235,36715
11236,68040
11237,16660
11238,60200
11239,16170
11240,42385
11241,34090
11242,57225
11243,36190
11244,26145
11245,36190
11246,770
11247,21840
11248,48090
11249,9870
11250,38990
11251,22925
11252,-14140
11253,36155
11254,17010
11255,25620
11256,27860
11257,50925
11258,28490
11259,42035
11260,-630
11261,49280
11262,34860
11263,14385
11264,42070
11265,30800
11266,55475
11267,6965
11268,53620
11269,24325
11270,41405
11271,18550
11272,31885
11273,34230
11274,21735
11275,9485
11276,26460
11277,51520
11278,47180
11279,14490
11280,46270
11281,22505
11282,47880
11283,39620
11284,23240
11285,26495
11286,6860
11287,47880
11288,8400
11289,-11095
11290,-8575
11291,43715
11292,38675
11293,40040
11294,-3115
11295,41055
11296,41440
11297,57225
11298,49665
11299,44520
11300,23765
11301,63000
11302,53585
11303,13440
11304,46865
11305,8925
11306,62580
11307,37730
11308,31080
11309,55230
11310,34965
11311,20860
11312,29190
11313,52990
11314,46025
11315,14735
11316,58380
11317,48825
11318,-13790
11319,52955
11320,44100
11321,-3115
11322,44135
11323,50085
11324,42175
11325,13580
11326,22680
11327,30625
11328,8820
11329,46165
11330,20650
11331,36540
11332,28700
11333,59045
11334,17675
11335,51135
11336,63175
11337,32655
11338,-8750
11339,49945
11340,62090
11341,34720
11342,20685
11343,30205
11344,34300
11345,26460
11346,52465
11347,12530
11348,32375
11349,58730
11350,49455
11351,45360
11352,39305
11353,37800
11354,42175
11355,29330
11356,-16975
11357,50820
11358,47180
11359,39410
11360,31745
11361,3185
11362,23450
11363,24290
11364,-15085
11365,54005
11366,40880
11367,29190
11368,-630
11369,56315
11370,8295
11371,54985
11372,21805
11373,40845
11374,57820
11375,50820
11376,40740
11377,20790
11378,25935
11379,56035
11380,40635
11381,41265
11382,55685
11383,51975
11384,-8610
11385,60165
11386,59255
11387,49700
11388,29645
11389,35490
11390,21280
11391,47320
11392,37660
11393,43995
11394,7175
11395,20300
11396,34510
11397,14875
11398,50645
11399,12355
11400,30940
11401,20860
11402,26600
11403,9695
11404,41020
11405,17780
11406,3640
11407,51765
11408,43750
11409,23135
11410,42000
11411,21700
11412,8540
11413,47705
11414,25025
11415,49385
11416,40915
11417,34265
11418,19075
11419,39375
11420,34545
11421,29925
11422,45080
11423,59990
11424,21455
11425,34790
11426,64890
11427,63455
11428,-12845
11429,-11025
11430,36680
11431,42525
11432,36715
11433,51660
11434,13055
11435,51520
11436,-14000
11437,-5530
11438,42910
11439,23590
11440,19390
11441,12320
11442,35560
11443,-3255
11444,28875
11445,49490
11446,57680
11447,13265
11448,15435
11449,-15645
11450,54845
11451,23590
11452,42350
11453,29190
11454,24675
11455,52500
11456,43785
11457,53340
11458,15820
11459,29750
11460,19355
11461,31675
11462,36855
11463,59500
11464,23660
11465,31920
11466,23520
11467,54600
11468,76405
11469,25060
11470,33985
11471,43190
11472,770
11473,32620
11474,-22890
11475,10430
11476,55160
11477,15225
11478,16100
11479,32235
11480,41895
11481,45955
11482,53095
11483,41790
11484,41545
11485,26635
11486,36925
11487,22435
11488,29540
11489,31395
11490,34335
11491,36540
11492,44100
11493,51170
11494,61005
11495,52535
11496,25795
11497,19355
11498,68145
11499,45115
11500,31010
11501,3605
11502,29295
11503,45115
11504,-3325
11505,35105
11506,12775
11507,45535
11508,32200
11509,47215
11510,22995
11511,19565
11512,42105
11513,14140
11514,-13930
11515,6580
11516,32725
11517,11970
11518,6195
11519,7945
11520,18165
11521,41300
11522,24535
11523,30835
11524,21105
11525,55650
11526,46830
11527,29890
11528,47075
11529,24500
11530,42945
11531,15960
11532,20965
11533,22715
11534,30450
11535,5530
11536,43925
11537,-7455
11538,-6720
11539,6265
11540,37380
11541,2135
11542,31045
11543,44065
11544,-6580
11545,11340
11546,11760
11547,-245
11548,39760
11549,20300
11550,25480
11551,68075
11552,-5495
11553,17395
11554,41125
11555,4375
11556,54600
11557,39655
11558,39270
11559,45045
11560,-1995
11561,33320
11562,40320
11563,56665
11564,22575
11565,13230
11566,21070
11567,54600
11568,12355
11569,35980
11570,-12005
11571,29085
11572,50050
11573,35210
11574,37695
11575,47530
11576,22155
11577,21595
11578,37660
11579,47565
11580,39270
11581,30625
11582,49455
11583,51135
11584,25340
11585,45220
11586,11305
11587,5390
11588,17570
11589,48475
11590,43400
11591,22435
11592,45500
11593,-13195
11594,53830
11595,21700
11596,27090
11597,40635
11598,50645
11599,47495
11600,42140
11601,50680
11602,20650
11603,36190
11604,32585
11605,26775
11606,58940
11607,42455
11608,840
11609,37940
11610,58135
11611,22120
11612,4830
11613,51380
11614,12600
11615,50470
11616,36120
11617,60760
11618,-28700
11619,-56910
11620,-9205
11621,39690
11622,32340
11623,50295
11624,21910
11625,20405
11626,54845
11627,43120
11628,48755
11629,66150
11630,15120
11631,45150
11632,42840
11633,-3640
11634,43190
11635,56385
11636,31150
11637,5950
11638,140
11639,34055
11640,-3010
11641,57330
11642,11060
11643,51450
11644,58100
11645,14140
11646,56105
11647,33425
11648,49315
11649,17325
11650,22645
11651,-2100
11652,39095
11653,8295
11654,65975
11655,11620
11656,61460
11657,39375
11658,52010
11659,32900
11660,63805
11661,23695
11662,38010
11663,27020
11664,6195
11665,26215
11666,52220
11667,62090
11668,61285
11669,19530
11670,19005
11671,55370
11672,57400
11673,245
11674,33390
11675,50960
11676,16765
11677,38150
11678,4480
11679,17815
11680,49175
11681,26740
11682,50820
11683,7455
11684,-5530
11685,39655
11686,61250
11687,5775
11688,14560
11689,24255
11690,14770
11691,27860
11692,8855
11693,35525
11694,46025
11695,58520
11696,1365
11697,-11060
11698,21140
11699,-3150
11700,33180
11701,44625
11702,62790
11703,30345
11704,19495
11705,42105
11706,-420
11707,43400
11708,-16065
11709,31115
11710,13930
11711,24430
11712,19250
11713,47985
11714,10815
11715,33950
11716,-7490
11717,59115
11718,58170
11719,36575
11720,39130
11721,51065
11722,38955
11723,40565
11724,50785
11725,-9415
11726,10080
11727,3465
11728,28210
11729,35140
11730,50225
11731,1190
11732,23905
11733,53655
11734,60200
11735,43750
11736,5110
11737,42245
11738,12600
11739,1785
11740,15330
11741,51275
11742,-16940
11743,41650
11744,3360
11745,20755
11746,33740
11747,50750
11748,-6230
11749,20335
11750,15260
11751,32830
11752,14455
11753,24605
11754,31570
11755,-12565
11756,7770
11757,5495
11758,10710
11759,51835
11760,60270
11761,23660
11762,48685
11763,33985
11764,42420
11765,23835
11766,66920
11767,9765
11768,21945
11769,39270
11770,49630
11771,23695
11772,53340
11773,32410
11774,40985
11775,44170
11776,40530
11777,43085
11778,-10290
11779,26215
11780,62965
11781,43785
11782,56315
11783,19005
11784,47530
11785,35840
11786,47775
11787,41370
11788,560
11789,-10255
11790,32795
11791,40915
11792,39200
11793,13755
11794,42210
11795,27055
11796,11550
11797,28350
11798,28525
11799,41965
11800,23310
11801,37660
11802,29750
11803,43050
11804,16275
11805,12915
11806,52010
11807,3185
11808,41545
11809,52535
11810,-13755
11811,7560
11812,-5985
11813,45045
11814,66500
11815,53235
11816,46375
11817,16555
11818,64575
11819,36505
11820,46305
11821,52010
11822,-16520
11823,17115
11824,32445
11825,18655
11826,45955
11827,21035
11828,71435
11829,40390
11830,65905
11831,21700
11832,-6090
11833,4375
11834,2625
11835,22960
11836,31360
11837,17045
11838,54390
11839,23835
11840,39060
11841,-7805
11842,66185
11843,42315
11844,-27370
11845,52710
11846,-30625
11847,50645
11848,21910
11849,34125
11850,19950
11851,23065
11852,37660
11853,8015
11854,40460
11855,42105
11856,75880
11857,37975
11858,19565
11859,-12215
11860,8785
11861,34195
11862,28595
11863,20720
11864,20370
11865,61355
11866,47880
11867,40390
11868,50050
11869,44555
11870,60025
11871,-1050
11872,45465
11873,48125
11874,22400
11875,28630
11876,15610
11877,-8785
11878,25375
11879,61040
11880,14910
11881,26320
11882,21525
11883,38920
11884,9730
11885,-7875
11886,7280
11887,42280
11888,34685
11889,45430
11890,48055
11891,5040
11892,47705
11893,26705
11894,29540
11895,41090
11896,13860
11897,46410
11898,35070
11899,42560
11900,59675
11901,23695
11902,12950
11903,57680
11904,55475
11905,19845
11906,30450
11907,41125
11908,30940
11909,50365
11910,25655
11911,36505
11912,39865
11913,54495
11914,28385
11915,52675
11916,49525
11917,25830
11918,8505
11919,34685
11920,8470
11921,14385
11922,43155
11923,33215
11924,18830
11925,52570
11926,18095
11927,34405
11928,17150
11929,41440
11930,26670
11931,33005
11932,32935
11933,50995
11934,63665
11935,44660
11936,29855
11937,38605
11938,26845
11939,21875
11940,51520
11941,18690
11942,5775
11943,54880
11944,63490
11945,35210
11946,24815
11947,35665
11948,29330
11949,23345
11950,-3045
11951,1120
11952,14595
11953,50050
11954,33565
11955,33985
11956,11865
11957,27650
11958,11795
11959,61775
11960,46550
11961,50435
11962,4935
11963,48685
11964,42420
11965,36225
11966,10885
11967,9275
11968,-11935
11969,33320
11970,32165
11971,16275
11972,28945
11973,34545
11974,12285
11975,18305
11976,-4375
11977,33530
11978,47250
11979,36260
11980,43295
11981,49980
11982,38430
11983,22540
11984,31955
11985,24850
11986,42910
11987,49840
11988,47775
11989,19530
11990,39970
11991,34125
11992,53060
11993,58660
11994,54530
11995,41650
11996,31780
11997,33845
11998,47985
11999,24955
12000,-7735
12001,45605
12002,47705
12003,20370
12004,54005
12005,23695
12006,-2275
12007,51800
12008,30310
12009,43155
12010,40040
12011,51590
12012,32410
12013,21140
12014,42070
12015,53900
12016,3395
12017,26320
12018,-23065
12019,46935
12020,46410
12021,44310
12022,33180
12023,36260
12024,22540
12025,24535
12026,34440
12027,15610
12028,33425
12029,79555
12030,12915
12031,44870
12032,4130
12033,19915
12034,30695
12035,37030
12036,21560
12037,64645
12038,17500
12039,-5110
12040,42385
12041,13090
12042,61670
12043,41755
12044,9800
12045,8470
12046,48965
12047,60025
12048,12390
12049,-17710
12050,28630
12051,-3850
12052,-5810
12053,-10220
12054,-7385
12055,42630
12056,50085
12057,38815
12058,39270
12059,-11445
12060,12145
12061,37275
12062,55545
12063,23520
12064,10570
12065,17465
12066,25375
12067,51065
12068,-8225
12069,700
12070,-2065
12071,8155
12072,69020
12073,34755
12074,18375
12075,-1190
12076,-5985
12077,56910
12078,39970
12079,51660
12080,44695
12081,-62475
12082,-10115
12083,48335
12084,2030
12085,7805
12086,10220
12087,-15400
12088,28665
12089,22785
12090,44450
12091,36260
12092,16275
12093,34965
12094,43925
12095,41965
12096,39095
12097,19880
12098,22890
12099,-10220
12100,22610
12101,47985
12102,56000
12103,735
12104,28980
12105,45220
12106,45815
12107,19110
12108,10605
12109,23065
12110,34195
12111,14035
12112,14665
12113,31745
12114,37485
12115,-25410
12116,41615
12117,57750
12118,6195
12119,22785
12120,42665
12121,47565
12122,8750
12123,36750
12124,25060
12125,42350
12126,9275
12127,-15295
12128,26775
12129,11165
12130,54355
12131,43610
12132,14140
12133,24395
12134,10885
12135,37310
12136,25970
12137,29155
12138,48580
12139,-7840
12140,24640
12141,17605
12142,31640
12143,21280
12144,40775
12145,32585
12146,22050
12147,47320
12148,33600
12149,77840
12150,44835
12151,44555
12152,34930
12153,39480
12154,38640
12155,12670
12156,26005
12157,5145
12158,28350
12159,-30590
12160,-10815
12161,2870
12162,42000
12163,-11515
12164,33880
12165,65660
12166,27545
12167,44800
12168,57715
12169,28700
12170,47635
12171,16275
12172,46130
12173,21455
12174,-5495
12175,32480
12176,49840
12177,55440
12178,47915
12179,43505
12180,32585
12181,32865
12182,-8680
12183,18585
12184,18270
12185,24535
12186,22085
12187,22610
12188,41545
12189,13370
12190,16030
12191,37730
12192,24255
12193,15540
12194,28595
12195,31675
12196,17570
12197,27510
12198,-6055
12199,32690
12200,28910
12201,45640
12202,-5425
12203,30100
12204,38290
12205,14735
12206,43925
12207,44275
12208,34930
12209,43715
12210,22820
12211,-21280
12212,44940
12213,66850
12214,39655
12215,25200
12216,5215
12217,61775
12218,-350
12219,29715
12220,65625
12221,46900
12222,33005
12223,28875
12224,72835
12225,28840
12226,43680
12227,29715
12228,46550
12229,40705
12230,36470
12231,67340
12232,12845
12233,20755
12234,54740
12235,32165
12236,8435
12237,17465
12238,24220
12239,24465
12240,2065
12241,43785
12242,40810
12243,19215
12244,56175
12245,56875
12246,36225
12247,59150
12248,42455
12249,20475
12250,24710
12251,42490
12252,47215
12253,-70
12254,49665
12255,21665
12256,19250
12257,17850
12258,29540
12259,38465
12260,47495
12261,-5390
12262,57085
12263,46935
12264,51730
12265,29260
12266,46550
12267,32235
12268,31395
12269,15540
12270,22085
12271,16240
12272,17115
12273,50260
12274,31535
12275,8365
12276,34545
12277,53235
12278,58555
12279,33845
12280,34090
12281,50435
12282,-910
12283,44800
12284,50470
12285,29960
12286,51835
12287,2415
12288,50995
12289,13545
12290,2415
12291,52150
12292,14945
12293,29995
12294,28595
12295,9905
12296,30555
12297,48370
12298,44905
12299,43260
12300,67375
12301,42350
12302,48020
12303,455
12304,21630
12305,15190
12306,11515
12307,16170
12308,22785
12309,-7385
12310,26740
12311,54005
12312,19635
12313,19355
12314,72345
12315,1645
12316,25830
12317,5320
12318,15645
12319,-3605
12320,14315
12321,59990
12322,51695
12323,-1050
12324,-26005
12325,50470
12326,12215
12327,22645
12328,42175
12329,48475
12330,33915
12331,22435
12332,23240
12333,23660
12334,65380
12335,50715
12336,17220
12337,-14175
12338,-1960
12339,3185
12340,20125
12341,-4130
12342,49280
12343,42035
12344,47810
12345,26950
12346,73745
12347,-12600
12348,21875
12349,30065
12350,32585
12351,13755
12352,21000
12353,32095
12354,20090
12355,41510
12356,20720
12357,12600
12358,58905
12359,34300
12360,57715
12361,28490
12362,54285
12363,17220
12364,56910
12365,45535
12366,45045
12367,42385
12368,41615
12369,-4025
12370,-14840
12371,8435
12372,48440
12373,6615
12374,16905
12375,35805
12376,25095
12377,32235
12378,560
12379,49035
12380,-7210
12381,41055
12382,32515
12383,47355
12384,26565
12385,28140
12386,28770
12387,33600
12388,-280
12389,10570
12390,44415
12391,42980
12392,13475
12393,58555
12394,30415
12395,37485
12396,78155
12397,17990
12398,16205
12399,-595
12400,14700
12401,-10850
12402,12950
12403,4795
12404,29750
12405,29715
12406,40110
12407,5075
12408,49140
12409,51275
12410,17045
12411,34510
12412,44345
12413,-2730
12414,42700
12415,43400
12416,8995
12417,35630
12418,36820
12419,31815
12420,31605
12421,36470
12422,-4025
12423,25655
12424,39830
12425,875
12426,-4095
12427,43855
12428,29610
12429,42630
12430,735
12431,40460
12432,2345
12433,25375
12434,11725
12435,22505
12436,46095
12437,20930
12438,33320
12439,11130
12440,22960
12441,44310
12442,15925
12443,29820
12444,34020
12445,2275
12446,53515
12447,39830
12448,17920
12449,26040
12450,56910
12451,7420
12452,105
12453,33565
12454,38220
12455,57365
12456,35490
12457,-3395
12458,49980
12459,38745
12460,55195
12461,175
12462,47110
12463,31185
12464,4550
12465,15400
12466,22225
12467,46830
12468,53585
12469,27650
12470,18690
12471,25970
12472,47530
12473,34195
12474,43610
12475,41265
12476,43365
12477,8785
12478,42735
12479,32130
12480,53480
12481,29575
12482,-20475
12483,17220
12484,36085
12485,27545
12486,11830
12487,62720
12488,71505
12489,27650
12490,15085
12491,10605
12492,16800
12493,50820
12494,34650
12495,18830
12496,29925
12497,63455
12498,22190
12499,54180
12500,29260
12501,36295
12502,38360
12503,35070
12504,45955
12505,11130
12506,37800
12507,17500
12508,55300
12509,41405
12510,29715
12511,24220
12512,-1225
12513,63105
12514,65135
12515,59605
12516,34265
12517,50470
12518,25970
12519,61985
12520,62300
12521,56560
12522,45255
12523,31780
12524,52570
12525,14875
12526,19425
12527,9275
12528,43295
12529,25060
12530,20125
12531,-6860
12532,21980
12533,38465
12534,29505
12535,43890
12536,33845
12537,32375
12538,14420
12539,8575
12540,3605
12541,22225
12542,29365
12543,17815
12544,67025
12545,60760
12546,23030
12547,34230
12548,3535
12549,44520
12550,62440
12551,43295
12552,11760
12553,42840
12554,32445
12555,25655
12556,18235
12557,43295
12558,56665
12559,8435
12560,42770
12561,46305
12562,13055
12563,-44870
12564,37170
12565,38535
12566,51485
12567,38465
12568,27125
12569,10220
12570,55440
12571,65765
12572,8820
12573,46480
12574,42105
12575,-12740
12576,-3605
12577,53095
12578,67865
12579,-29890
12580,27580
12581,37625
12582,36085
12583,45465
12584,17255
12585,50855
12586,2310
12587,23835
12588,31850
12589,34265
12590,24360
12591,31710
12592,58345
12593,-28735
12594,54145
12595,38815
12596,29540
12597,35420
12598,36610
12599,45710
12600,40180
12601,43330
12602,60690
12603,20825
12604,21945
12605,18305
12606,-14245
12607,37135
12608,45675
12609,39060
12610,33635
12611,11970
12612,27720
12613,13195
12614,23310
12615,44940
12616,41370
12617,17955
12618,31640
12619,61600
12620,1540
12621,33810
12622,-5985
12623,43855
12624,39340
12625,-5740
12626,22855
12627,28455
12628,23485
12629,48370
12630,26005
12631,36225
12632,65800
12633,35735
12634,36295
12635,33215
12636,-2800
12637,30170
12638,34090
12639,-1470
12640,33810
12641,29540
12642,28315
12643,24990
12644,45360
12645,52500
12646,26250
12647,17500
12648,7910
12649,5075
12650,37765
12651,-11935
12652,15330
12653,-30450
12654,13755
12655,26180
12656,24045
12657,11060
12658,-3815
12659,19180
12660,16030
12661,34860
12662,66255
12663,52675
12664,68075
12665,735
12666,49420
12667,18340
12668,47705
12669,33950
12670,51975
12671,49035
12672,36575
12673,14315
12674,70875
12675,59710
12676,40670
12677,-2450
12678,45220
12679,12845
12680,26775
12681,33985
12682,-19845
12683,28770
12684,-38045
12685,68145
12686,38185
12687,27615
12688,-24360
12689,35210
12690,11270
12691,25235
12692,55860
12693,67655
12694,13720
12695,39270
12696,-13790
12697,63875
12698,47810
12699,50960
12700,43925
12701,44555
12702,33075
12703,63910
12704,5460
12705,13930
12706,7805
12707,-33530
12708,64330
12709,23065
12710,37940
12711,18200
12712,41195
12713,39375
12714,34090
12715,56700
12716,65520
12717,52850
12718,52360
12719,49280
12720,27335
12721,27160
12722,46410
12723,24570
12724,20965
12725,36575
12726,43715
12727,53270
12728,37135
12729,-23240
12730,37135
12731,53165
12732,31185
12733,28910
12734,45290
12735,20580
12736,42455
12737,15225
12738,21770
12739,17570
12740,7210
12741,3990
12742,11970
12743,69055
12744,26740
12745,19425
12746,34230
12747,54390
12748,15295
12749,68810
12750,52745
12751,36995
12752,64995
12753,39235
12754,29120
12755,44345
12756,66780
12757,59395
12758,31745
12759,20160
12760,22960
12761,48370
12762,49140
12763,12390
12764,15785
12765,46235
12766,30275
12767,32865
12768,39480
12769,23240
12770,29960
12771,51870
12772,44310
12773,18795
12774,34405
12775,32690
12776,30800
12777,29750
12778,19425
12779,50505
12780,63945
12781,34405
12782,14350
12783,66080
12784,36715
12785,25480
12786,-4095
12787,48125
12788,26530
12789,70770
12790,55825
12791,67305
12792,11445
12793,64015
12794,38325
12795,-13685
12796,27545
12797,-1015
12798,14840
12799,50260
12800,45780
12801,27370
12802,62160
12803,735
12804,34930
12805,40950
12806,29050
12807,52605
12808,36190
12809,36995
12810,-13545
12811,33460
12812,47215
12813,36995
12814,41020
12815,59220
12816,39130
12817,30590
12818,46760
12819,32690
12820,-1295
12821,19075
12822,40845
12823,65100
12824,2765
12825,33635
12826,46830
12827,1610
12828,40565
12829,43855
12830,24570
12831,11060
12832,56700
12833,28805
12834,34825
12835,37170
12836,56875
12837,34020
12838,36435
12839,58240
12840,18620
12841,45570
12842,14350
12843,32725
12844,36785
12845,1330
12846,12285
12847,53305
12848,32095
12849,5390
12850,31745
12851,47145
12852,22855
12853,21945
12854,-9975
12855,35105
12856,38710
12857,57190
12858,20720
12859,46515
12860,37345
12861,37450
12862,38360
12863,58835
12864,51975
12865,16555
12866,61355
12867,39445
12868,51450
12869,27965
12870,46025
12871,3080
12872,32025
12873,41195
12874,32585
12875,29750
12876,38045
12877,39095
12878,52255
12879,3045
12880,46095
12881,48650
12882,40460
12883,57330
12884,45570
12885,-1750
12886,25445
12887,24990
12888,18480
12889,46270
12890,38850
12891,43995
12892,-10360
12893,40215
12894,15505
12895,29995
12896,-17640
12897,40495
12898,-6125
12899,27720
12900,13860
12901,46165
12902,54880
12903,46970
12904,63595
12905,48195
12906,44380
12907,28490
12908,45325
12909,42490
12910,14105
12911,33215
12912,51240
12913,24500
12914,32305
12915,27230
12916,19250
12917,-21735
12918,42700
12919,71120
12920,46480
12921,34125
12922,11865
12923,58030
12924,60165
12925,33215
12926,45115
12927,9310
12928,41895
12929,12880
12930,55160
12931,9520
12932,46025
12933,27895
12934,23905
12935,53060
12936,12705
12937,31360
12938,31220
12939,27650
12940,11900
12941,44065
12942,37660
12943,21350
12944,28665
12945,-33705
12946,31010
12947,43575
12948,33845
12949,34230
12950,53900
12951,19880
12952,40425
12953,33670
12954,51520
12955,15575
12956,28000
12957,7875
12958,30870
12959,35280
12960,29155
12961,43995
12962,41580
12963,38815
12964,10080
12965,21525
12966,3010
12967,35070
12968,6440
12969,42420
12970,42280
12971,11865
12972,-15260
12973,41895
12974,63560
12975,47600
12976,51660
12977,17640
12978,35805
12979,24045
12980,-630
12981,61600
12982,-1575
12983,5250
12984,45570
12985,40180
12986,49525
12987,21630
12988,27965
12989,29505
12990,38955
12991,33215
12992,36400
12993,21665
12994,23100
12995,35175
12996,51275
12997,-51100
12998,35595
12999,48055
13000,41510
13001,34160
13002,34020
13003,21980
13004,40600
13005,36085
13006,27510
13007,18935
13008,35770
13009,11900
13010,49525
13011,54915
13012,35035
13013,36645
13014,29085
13015,28315
13016,37135
13017,26530
13018,-2590
13019,26495
13020,58765
13021,12110
13022,64085
13023,15785
13024,32900
13025,61075
13026,30345
13027,80570
13028,19005
13029,43960
13030,49455
13031,32235
13032,22120
13033,19180
13034,51870
13035,32900
13036,8575
13037,76335
13038,18760
13039,36505
13040,14630
13041,16030
13042,25935
13043,-16625
13044,39550
13045,32375
13046,-21770
13047,70420
13048,45010
13049,22575
13050,14245
13051,19425
13052,20055
13053,14000
13054,35910
13055,-28140
13056,23940
13057,-18025
13058,7840
13059,30800
13060,12145
13061,3535
13062,67445
13063,27475
13064,40635
13065,-7560
13066,48965
13067,32795
13068,57960
13069,46130
13070,53375
13071,15925
13072,56280
13073,42630
13074,10255
13075,33775
13076,35280
13077,53970
13078,50645
13079,43960
13080,60095
13081,-805
13082,18165
13083,2870
13084,-7175
13085,27090
13086,61740
13087,42455
13088,30520
13089,63595
13090,61600
13091,7490
13092,60410
13093,35455
13094,30660
13095,-3290
13096,-27160
13097,-6405
13098,-4165
13099,6125
13100,48965
13101,30590
13102,3255
13103,31465
13104,54670
13105,37555
13106,26215
13107,13930
13108,22050
13109,13790
13110,18305
13111,25235
13112,41335
13113,56350
13114,14140
13115,11270
13116,32830
13117,17745
13118,38815
13119,63105
13120,36610
13121,43470
13122,55755
13123,22330
13124,35
13125,43645
13126,14070
13127,20755
13128,47565
13129,-12740
13130,54005
13131,40880
13132,42245
13133,31010
13134,24500
13135,53585
13136,39095
13137,48755
13138,38535
13139,29295
13140,18375
13141,21000
13142,-9765
13143,55230
13144,33915
13145,46690
13146,52850
13147,49805
13148,-28980
13149,12845
13150,38500
13151,20335
13152,42525
13153,6055
13154,46690
13155,23730
13156,9205
13157,31325
13158,42945
13159,9205
13160,34160
13161,61180
13162,35945
13163,41125
13164,49420
13165,7140
13166,-10045
13167,32900
13168,45010
13169,51030
13170,12705
13171,27405
13172,26075
13173,12040
13174,24815
13175,9730
13176,33635
13177,21490
13178,25200
13179,46060
13180,37870
13181,48615
13182,33565
13183,66115
13184,25970
13185,29190
13186,44135
13187,11690
13188,60480
13189,-9135
13190,44205
13191,47005
13192,55685
13193,26565
13194,39340
13195,48020
13196,61985
13197,36820
13198,50820
13199,14490
13200,34580
13201,21735
13202,9450
13203,33600
13204,11060
13205,-25935
13206,12250
13207,58765
13208,40040
13209,27615
13210,37520
13211,41650
13212,41160
13213,45815
13214,36715
13215,29470
13216,-7245
13217,45430
13218,58870
13219,39795
13220,38220
13221,62090
13222,21035
13223,46480
13224,66500
13225,63175
13226,43015
13227,-11760
13228,-13790
13229,35770
13230,39060
13231,31115
13232,35000
13233,17465
13234,29400
13235,23590
13236,44135
13237,46480
13238,33950
13239,58555
13240,28420
13241,5495
13242,51590
13243,14035
13244,14595
13245,13580
13246,27195
13247,26215
13248,8400
13249,46130
13250,9905
13251,53760
13252,28595
13253,9660
13254,78995
13255,22190
13256,29085
13257,56070
13258,25305
13259,47880
13260,16100
13261,-15680
13262,20125
13263,2765
13264,11340
13265,25200
13266,15750
13267,21735
13268,36050
13269,54670
13270,-5810
13271,-13335
13272,37310
13273,26250
13274,54600
13275,59290
13276,22610
13277,37310
13278,42770
13279,-210
13280,38710
13281,28700
13282,35105
13283,41580
13284,39970
13285,11620
13286,56175
13287,29750
13288,2345
13289,17360
13290,27230
13291,49140
13292,44205
13293,33110
13294,7595
13295,-17955
13296,16030
13297,41825
13298,33145
13299,23905
13300,-6020
13301,31080
13302,34895
13303,44695
13304,47565
13305,43435
13306,56455
13307,58485
13308,54530
13309,57820
13310,33740
13311,40075
13312,32340
13313,20930
13314,42945
13315,36575
13316,18445
13317,38640
13318,32585
13319,30765
13320,48720
13321,-17255
13322,32235
13323,54740
13324,29995
13325,10815
13326,8610
13327,875
13328,38500
13329,30100
13330,-1680
13331,42945
13332,15155
13333,54985
13334,25620
13335,13685
13336,5075
13337,35560
13338,8995
13339,-12075
13340,32025
13341,49420
13342,48300
13343,15680
13344,11620
13345,38465
13346,57330
13347,31535
13348,52220
13349,18550
13350,11970
13351,48090
13352,48265
13353,39515
13354,-770
13355,19355
13356,46760
13357,-5145
13358,48930
13359,41125
13360,11900
13361,-16030
13362,8050
13363,23485
13364,51625
13365,46305
13366,41090
13367,22225
13368,4410
13369,50330
13370,61705
13371,32620
13372,66045
13373,23660
13374,43575
13375,11515
13376,-2695
13377,19180
13378,40040
13379,17920
13380,-7140
13381,55090
13382,35910
13383,5950
13384,40180
13385,43470
13386,29785
13387,41020
13388,10045
13389,5565
13390,52745
13391,21490
13392,-28035
13393,36995
13394,21595
13395,9170
13396,33600
13397,45325
13398,39690
13399,41230
13400,32620
13401,30940
13402,44135
13403,42105
13404,46760
13405,1820
13406,58380
13407,-4830
13408,40460
13409,42420
13410,22960
13411,47740
13412,47530
13413,4095
13414,-5110
13415,25515
13416,23905
13417,5250
13418,19740
13419,28840
13420,27720
13421,1505
13422,39515
13423,25655
13424,23100
13425,54845
13426,58695
13427,26845
13428,63560
13429,5600
13430,71960
13431,50610
13432,43260
13433,40950
13434,-3465
13435,28665
13436,36750
13437,-32445
13438,23555
13439,22400
13440,61145
13441,45325
13442,45955
13443,5635
13444,49245
13445,41965
13446,48790
13447,71995
13448,5880
13449,40705
13450,43120
13451,19320
13452,54565
13453,25970
13454,33355
13455,39480
13456,37870
13457,56910
13458,17255
13459,7700
13460,44310
13461,54390
13462,30415
13463,24395
13464,61005
13465,34510
13466,48055
13467,-9065
13468,53165
13469,41055
13470,57435
13471,84175
13472,-5425
13473,-13300
13474,26285
13475,30765
13476,35945
13477,630
13478,25865
13479,45045
13480,55335
13481,39690
13482,56665
13483,41720
13484,45780
13485,49595
13486,11655
13487,-12005
13488,44905
13489,2800
13490,29540
13491,11305
13492,38115
13493,34440
13494,37590
13495,13685
13496,22995
13497,-1365
13498,26600
13499,64190
13500,21630
13501,63700
13502,21840
13503,-27370
13504,63350
13505,55615
13506,37030
13507,47355
13508,26005
13509,19425
13510,38920
13511,58415
13512,39620
13513,55370
13514,28175
13515,36680
13516,33005
13517,70840
13518,18410
13519,37870
13520,56805
13521,26180
13522,7245
13523,37800
13524,26005
13525,28945
13526,13335
13527,24955
13528,43190
13529,50575
13530,41825
13531,28420
13532,39655
13533,52395
13534,35105
13535,64225
13536,-2730
13537,19670
13538,27475
13539,9590
13540,-3535
13541,50120
13542,51030
13543,10920
13544,22750
13545,34195
13546,25200
13547,32480
13548,37520
13549,39900
13550,48790
13551,68355
13552,38080
13553,28735
13554,30310
13555,55020
13556,-9870
13557,14840
13558,48685
13559,14455
13560,11270
13561,14980
13562,48090
13563,26810
13564,42035
13565,18585
13566,29575
13567,-17570
13568,10815
13569,31010
13570,45780
13571,61005
13572,-18480
13573,26075
13574,45815
13575,9100
13576,-18830
13577,29750
13578,47495
13579,10605
13580,24080
13581,43225
13582,58660
13583,24150
13584,-10500
13585,55545
13586,41615
13587,31780
13588,49455
13589,50995
13590,31150
13591,37135
13592,29610
13593,-9625
13594,-16100
13595,33390
13596,-8540
13597,28560
13598,32865
13599,-6930
13600,47285
13601,36610
13602,33670
13603,-35070
13604,31745
13605,6055
13606,51135
13607,1260
13608,65100
13609,40390
13610,9730
13611,60865
13612,35105
13613,45360
13614,47110
13615,37135
13616,39690
13617,11760
13618,38290
13619,53970
13620,6825
13621,51765
13622,21070
13623,24115
13624,10045
13625,28385
13626,59045
13627,52710
13628,47355
13629,-1190
13630,35140
13631,64330
13632,15645
13633,31115
13634,16380
13635,43400
13636,55930
13637,39655
13638,210
13639,41825
13640,11165
13641,22505
13642,32480
13643,16905
13644,11340
13645,27685
13646,39095
13647,34650
13648,17710
13649,13300
13650,35560
13651,34300
13652,3780
13653,22960
13654,41685
13655,53025
13656,19075
13657,27930
13658,40040
13659,14315
13660,14455
13661,32690
13662,19390
13663,33775
13664,16835
13665,44905
13666,32130
13667,18375
13668,53130
13669,17885
13670,-4830
13671,41685
13672,54740
13673,19775
13674,22225
13675,37345
13676,54915
13677,19705
13678,42840
13679,18060
13680,43435
13681,-280
13682,26600
13683,28280
13684,34230
13685,10220
13686,62860
13687,28525
13688,20440
13689,36540
13690,65205
13691,35805
13692,24430
13693,32515
13694,36715
13695,6580
13696,40320
13697,52150
13698,42945
13699,35805
13700,22610
13701,45430
13702,28910
13703,11060
13704,45780
13705,47460
13706,490
13707,-9800
13708,6020
13709,38535
13710,36470
13711,33565
13712,21945
13713,15435
13714,25655
13715,33215
13716,21315
13717,18865
13718,29015
13719,49840
13720,45185
13721,42525
13722,1855
13723,16030
13724,28805
13725,32480
13726,-7315
13727,33915
13728,60305
13729,34720
13730,13370
13731,11375
13732,55860
13733,18725
13734,15050
13735,29190
13736,24325
13737,27825
13738,44765
13739,66535
13740,-11445
13741,31535
13742,40320
13743,65590
13744,40145
13745,21945
13746,39830
13747,27860
13748,11655
13749,33670
13750,19250
13751,22190
13752,33285
13753,48090
13754,51205
13755,69160
13756,69860
13757,23590
13758,1890
13759,28805
13760,47145
13761,48790
13762,38045
13763,35700
13764,32620
13765,58905
13766,24290
13767,42385
13768,42875
13769,23135
13770,15925
13771,32690
13772,52920
13773,65660
13774,3535
13775,16975
13776,36295
13777,62790
13778,-35
13779,43470
13780,5040
13781,29995
13782,-36890
13783,46970
13784,43190
13785,38850
13786,26635
13787,14245
13788,14700
13789,12250
13790,34755
13791,8855
13792,55650
13793,59780
13794,28910
13795,23555
13796,55370
13797,25130
13798,51100
13799,16940
13800,16275
13801,-7350
13802,41895
13803,17115
13804,18970
13805,44240
13806,53305
13807,31675
13808,60935
13809,22785
13810,36610
13811,25340
13812,30065
13813,67445
13814,27230
13815,40705
13816,62930
13817,14525
13818,53725
13819,50085
13820,33110
13821,33495
13822,37730
13823,30940
13824,17500
13825,17850
13826,29365
13827,18200
13828,-13230
13829,53200
13830,52920
13831,23275
13832,58065
13833,12950
13834,45360
13835,47530
13836,44660
13837,62650
13838,41545
13839,34405
13840,45500
13841,35420
13842,23905
13843,-23940
13844,41055
13845,7315
13846,20475
13847,42875
13848,-10535
13849,61005
13850,12005
13851,20230
13852,12915
13853,48510
13854,-7630
13855,22645
13856,-700
13857,23660
13858,-28455
13859,10430
13860,37275
13861,27790
13862,-15680
13863,24570
13864,61670
13865,20930
13866,50925
13867,24955
13868,30030
13869,44555
13870,49245
13871,20790
13872,37975
13873,16205
13874,44310
13875,22155
13876,53900
13877,36540
13878,37975
13879,24885
13880,36330
13881,34370
13882,69335
13883,21070
13884,39270
13885,22960
13886,23940
13887,29575
13888,53935
13889,46515
13890,23625
13891,22190
13892,-875
13893,10325
13894,38570
13895,-16100
13896,30940
13897,26215
13898,26600
13899,46935
13900,1085
13901,18165
13902,19985
13903,28630
13904,22155
13905,47740
13906,35350
13907,-665
13908,35350
13909,27440
13910,-20440
13911,20650
13912,13545
13913,27685
13914,59675
13915,14455
13916,31535
13917,12530
13918,14840
13919,54915
13920,51695
13921,48160
13922,36155
13923,50960
13924,49455
13925,50120
13926,63525
13927,65030
13928,15680
13929,13790
13930,-11480
13931,15260
13932,14560
13933,6930
13934,48335
13935,62510
13936,27055
13937,38780
13938,28875
13939,28665
13940,-15820
13941,14420
13942,61530
13943,37590
13944,-1890
13945,25830
13946,-3185
13947,8680
13948,28490
13949,13090
13950,26950
13951,26180
13952,12285
13953,53585
13954,36645
13955,43995
13956,-23135
13957,20370
13958,26425
13959,30520
13960,30345
13961,-5635
13962,20055
13963,23275
13964,52745
13965,66640
13966,15260
13967,39445
13968,6965
13969,19460
13970,36470
13971,28980
13972,36120
13973,40740
13974,-9170
13975,51625
13976,26565
13977,18480
13978,19985
13979,33320
13980,40880
13981,54810
13982,-10010
13983,12880
13984,25060
13985,9380
13986,42560
13987,42490
13988,53375
13989,64015
13990,19915
13991,10920
13992,22260
13993,30240
13994,44660
13995,39130
13996,30135
13997,27405
13998,28140
13999,74375
14000,48965
14001,44835
14002,33915
14003,30030
14004,61845
14005,38885
14006,37450
14007,21455
14008,51940
14009,43540
14010,56525
14011,23590
14012,52290
14013,42245
14014,46480
14015,-2275
14016,14910
14017,19950
14018,14210
14019,59745
14020,52780
14021,59220
14022,50505
14023,57295
14024,15015
14025,62790
14026,13860
14027,3535
14028,-6300
14029,10535
14030,11865
14031,27755
14032,-350
14033,53340
14034,46025
14035,12460
14036,54810
14037,41055
14038,12950
14039,38010
14040,50260
14041,55965
14042,39200
14043,42770
14044,-19915
14045,44555
14046,51870
14047,19915
14048,29190
14049,44415
14050,38430
14051,13195
14052,26250
14053,48510
14054,18200
14055,37345
14056,28350
14057,48440
14058,2870
14059,18830
14060,20020
14061,8680
14062,23555
14063,-3605
14064,24745
14065,30940
14066,61180
14067,30765
14068,48615
14069,18130
14070,53515
14071,3465
14072,6160
14073,1225
14074,67935
14075,-6195
14076,44380
14077,15330
14078,57400
14079,25585
14080,40180
14081,16590
14082,17360
14083,38465
14084,38185
14085,42875
14086,37555
14087,12565
14088,44695
14089,21595
14090,17745
14091,37485
14092,58520
14093,47740
14094,35210
14095,48965
14096,24255
14097,3115
14098,27125
14099,28315
14100,34160
14101,25725
14102,15330
14103,17955
14104,19915
14105,3500
14106,28315
14107,63175
14108,28665
14109,5110
14110,26110
14111,36960
14112,29785
14113,28315
14114,-7315
14115,-7735
14116,9590
14117,27300
14118,52640
14119,55475
14120,4375
14121,16835
14122,24885
14123,36225
14124,57890
14125,64540
14126,-6125
14127,46025
14128,46270
14129,22260
14130,43540
14131,55370
14132,27545
14133,38430
14134,51450
14135,40985
14136,42840
14137,50085
14138,43050
14139,44135
14140,16625
14141,15365
14142,51205
14143,43015
14144,27230
14145,65065
14146,15050
14147,41160
14148,55405
14149,75320
14150,-455
14151,61950
14152,32445
14153,40740
14154,34370
14155,53865
14156,39060
14157,41825
14158,26915
14159,47740
14160,34230
14161,28175
14162,19600
14163,23450
14164,16975
14165,31465
14166,-16275
14167,51345
14168,59220
14169,11620
14170,40775
14171,36715
14172,36190
14173,4655
14174,17570
14175,50925
14176,630
14177,52570
14178,29855
14179,57855
14180,38570
14181,-14140
14182,63980
14183,-735
14184,37240
14185,51345
14186,32095
14187,40075
14188,7525
14189,40530
14190,24220
14191,37975
14192,-27895
14193,28735
14194,52990
14195,47495
14196,40635
14197,51660
14198,27265
14199,27755
14200,28840
14201,40775
14202,46445
14203,21595
14204,60725
14205,56560
14206,32095
14207,59115
14208,49140
14209,33075
14210,-10045
14211,32620
14212,28035
14213,32655
14214,37695
14215,-38395
14216,11935
14217,57225
14218,14770
14219,52150
14220,21735
14221,-595
14222,42000
14223,37450
14224,49245
14225,52710
14226,21385
14227,50645
14228,45010
14229,-5355
14230,43050
14231,11270
14232,25900
14233,30100
14234,11760
14235,11025
14236,22995
14237,46095
14238,40740
14239,40845
14240,-105
14241,49210
14242,62265
14243,26355
14244,-1225
14245,42665
14246,21700
14247,50680
14248,66325
14249,17290
14250,33775
14251,53270
14252,44275
14253,67970
14254,62405
14255,-17535
14256,53025
14257,25235
14258,5250
14259,3990
14260,27195
14261,8505
14262,60130
14263,41510
14264,31920
14265,69965
14266,38605
14267,48195
14268,29050
14269,19810
14270,1435
14271,5250
14272,39585
14273,38955
14274,15645
14275,59185
14276,10815
14277,60130
14278,30415
14279,39200
14280,45605
14281,42035
14282,28000
14283,13930
14284,46340
14285,21350
14286,24885
14287,28350
14288,11445
14289,41475
14290,48545
14291,40635
14292,54145
14293,26040
14294,17185
14295,47355
14296,16450
14297,17255
14298,29995
14299,27615
14300,7210
14301,32690
14302,-1890
14303,20475
14304,32480
14305,32200
14306,14490
14307,-10080
14308,42455
14309,26600
14310,32690
14311,22540
14312,49420
14313,28875
14314,58940
14315,12985
14316,-11585
14317,19390
14318,34650
14319,-13370
14320,47180
14321,65625
14322,31780
14323,13440
14324,26530
14325,-27790
14326,17150
14327,61320
14328,43540
14329,46690
14330,30380
14331,33355
14332,47110
14333,28105
14334,36575
14335,25130
14336,28490
14337,30415
14338,31430
14339,7035
14340,10815
14341,11410
14342,34300
14343,2730
14344,7700
14345,43715
14346,56245
14347,51135
14348,61320
14349,140
14350,31185
14351,51730
14352,49700
14353,7665
14354,30975
14355,37520
14356,-1400
14357,23975
14358,53270
14359,15260
14360,42000
14361,-1470
14362,45115
14363,28035
14364,44030
14365,22575
14366,25550
14367,9940
14368,50190
14369,61040
14370,31535
14371,35770
14372,38570
14373,45990
14374,39655
14375,35490
14376,42420
14377,49665
14378,6090
14379,5950
14380,61215
14381,22785
14382,37275
14383,23450
14384,36855
14385,12285
14386,30345
14387,40740
14388,40110
14389,38220
14390,-10920
14391,45920
14392,50470
14393,15785
14394,-11690
14395,37765
14396,-22785
14397,49455
14398,33740
14399,21525
14400,48020
14401,50120
14402,48720
14403,-9520
14404,35245
14405,54040
14406,44205
14407,10430
14408,42420
14409,42070
14410,13930
14411,2205
14412,15890
14413,51975
14414,30625
14415,31010
14416,11690
14417,-8470
14418,21280
14419,12670
14420,39025
14421,24045
14422,24675
14423,55790
14424,12110
14425,47950
14426,-18410
14427,42385
14428,52465
14429,56770
14430,27720
14431,61250
14432,38430
14433,27265
14434,9485
14435,595
14436,-8575
14437,-11410
14438,60935
14439,63035
14440,23240
14441,58240
14442,37870
14443,37800
14444,35700
14445,31500
14446,58380
14447,41930
14448,31570
14449,58170
14450,53725
14451,10920
14452,28945
14453,16275
14454,30240
14455,18795
14456,56420
14457,16730
14458,24465
14459,31430
14460,10535
14461,61110
14462,47320
14463,19005
14464,23485
14465,15015
14466,17430
14467,5985
14468,44415
14469,24920
14470,44240
14471,-51485
14472,15295
14473,54075
14474,19215
14475,-7560
14476,48825
14477,3290
14478,19495
14479,16135
14480,57540
14481,56700
14482,48055
14483,48895
14484,13020
14485,14595
14486,52535
14487,46900
14488,33740
14489,33635
14490,16240
14491,14840
14492,-52570
14493,6265
14494,34475
14495,665
14496,33810
14497,59185
14498,21840
14499,49560
14500,38010
14501,20965
14502,50820
14503,43295
14504,49420
14505,40740
14506,12250
14507,16975
14508,68740
14509,10640
14510,46130
14511,21070
14512,3150
14513,5040
14514,50855
14515,24955
14516,13335
14517,30100
14518,47845
14519,21875
14520,45640
14521,49560
14522,20055
14523,12180
14524,59815
14525,47880
14526,49490
14527,27510
14528,50645
14529,42175
14530,24850
14531,32655
14532,58730
14533,30870
14534,31815
14535,62300
14536,6335
14537,60165
14538,34055
14539,13790
14540,17465
14541,11270
14542,42210
14543,7140
14544,47110
14545,44450
14546,4935
14547,-15225
14548,35910
14549,27825
14550,35700
14551,15960
14552,29295
14553,35035
14554,37240
14555,12985
14556,28140
14557,3185
14558,35210
14559,8155
14560,13300
14561,42490
14562,4375
14563,35840
14564,43085
14565,38220
14566,54285
14567,9205
14568,24745
14569,52850
14570,58555
14571,14070
14572,38885
14573,15435
14574,31885
14575,45500
14576,19845
14577,61635
14578,46340
14579,-15225
14580,33985
14581,33355
14582,28910
14583,35560
14584,33040
14585,-24080
14586,25340
14587,37030
14588,28700
14589,52010
14590,47425
14591,19215
14592,7455
14593,39690
14594,25865
14595,38780
14596,48090
14597,28770
14598,52465
14599,27195
14600,47215
14601,7455
14602,28035
14603,17675
14604,42070
14605,-7735
14606,19390
14607,42875
14608,28175
14609,45080
14610,45710
14611,57680
14612,28000
14613,43365
14614,21035
14615,17605
14616,19180
14617,20230
14618,50960
14619,41755
14620,30555
14621,38500
14622,-14490
14623,58345
14624,40740
14625,53655
14626,22260
14627,49420
14628,47810
14629,51975
14630,-1540
14631,30380
14632,7805
14633,4095
14634,-46865
14635,29190
14636,17115
14637,48720
14638,34580
14639,25655
14640,19985
14641,43225
14642,23380
14643,-7035
14644,70595
14645,7630
14646,12390
14647,25970
14648,-6160
14649,62545
14650,52850
14651,42700
14652,56420
14653,63175
14654,44800
14655,40670
14656,40530
14657,19215
14658,-8715
14659,8190
14660,20790
14661,40460
14662,35140
14663,36400
14664,21945
14665,13230
14666,5740
14667,53060
14668,39900
14669,5740
14670,52920
14671,2625
14672,26600
14673,21035
14674,-14175
14675,28910
14676,46445
14677,-10850
14678,21350
14679,43645
14680,65345
14681,51625
14682,45500
14683,14805
14684,24465
14685,59885
14686,13720
14687,58345
14688,29890
14689,9520
14690,17885
14691,45955
14692,38220
14693,39060
14694,12915
14695,45570
14696,0
14697,53550
14698,48825
14699,-7525
14700,25970
14701,23135
14702,-1155
14703,-3080
14704,5495
14705,18795
14706,-8960
14707,42175
14708,45570
14709,12075
14710,24325
14711,37030
14712,19180
14713,-37695
14714,71785
14715,48160
14716,18340
14717,45780
14718,16450
14719,-20510
14720,55895
14721,44905
14722,28525
14723,44905
14724,65590
14725,41475
14726,32340
14727,43995
14728,2765
14729,64050
14730,58940
14731,-21630
14732,18375
14733,36610
14734,40390
14735,8750
14736,4515
14737,50995
14738,35945
14739,16485
14740,24150
14741,-15085
14742,48825
14743,25585
14744,21350
14745,39760
14746,37170
14747,32725
14748,22540
14749,43225
14750,72555
14751,32550
14752,38325
14753,9345
14754,4445
14755,45780
14756,20965
14757,10815
14758,54075
14759,28350
14760,23975
14761,55825
14762,35455
14763,45570
14764,-50330
14765,48685
14766,32620
14767,45780
14768,39865
14769,-3780
14770,24955
14771,23100
14772,51800
14773,32935
14774,39900
14775,52745
14776,36890
14777,28980
14778,-10045
14779,12390
14780,59115
14781,19775
14782,7280
14783,66605
14784,17115
14785,32900
14786,2450
14787,40425
14788,4445
14789,46760
14790,41300
14791,-2310
14792,43890
14793,43155
14794,24710
14795,44730
14796,33005
14797,56910
14798,35210
14799,21035
14800,32970
14801,-4655
14802,22050
14803,45780
14804,4130
14805,40880
14806,53655
14807,7770
14808,46130
14809,32900
14810,36470
14811,20860
14812,33355
14813,37940
14814,47110
14815,63665
14816,15785
14817,32340
14818,47355
14819,45570
14820,45395
14821,27160
14822,8995
14823,22155
14824,14735
14825,51170
14826,6055
14827,17185
14828,62545
14829,40215
14830,23240
14831,16135
14832,44800
14833,41090
14834,-20055
14835,52885
14836,26425
14837,48860
14838,64925
14839,39305
14840,-4270
14841,56770
14842,-39795
14843,40705
14844,22365
14845,12950
14846,-20755
14847,13720
14848,39970
14849,48020
14850,51345
14851,48230
14852,64365
14853,17920
14854,73780
14855,28455
14856,34265
14857,1225
14858,17115
14859,59815
14860,21910
14861,34230
14862,41930
14863,35000
14864,78330
14865,46130
14866,45920
14867,52360
14868,8750
14869,-2905
14870,34440
14871,63805
14872,42105
14873,77105
14874,43015
14875,20825
14876,-5670
14877,27020
14878,29995
14879,48580
14880,17745
14881,-13475
14882,8225
14883,47355
14884,4410
14885,32550
14886,33355
14887,14665
14888,19530
14889,44870
14890,46795
14891,24150
14892,48265
14893,32165
14894,12390
14895,36750
14896,23555
14897,8925
14898,43540
14899,14770
14900,10815
14901,19495
14902,17080
14903,-9835
14904,57050
14905,66850
14906,46970
14907,26740
14908,-3080
14909,61705
14910,12250
14911,21175
14912,29785
14913,24360
14914,18620
14915,53480
14916,25970
14917,7735
14918,38255
14919,28770
14920,34300
14921,34405
14922,3220
14923,10290
14924,14000
14925,490
14926,36295
14927,56210
14928,-6090
14929,30345
14930,14875
14931,27615
14932,34510
14933,24640
14934,30590
14935,49560
14936,34825
14937,19495
14938,52465
14939,-18655
14940,-8260
14941,68460
14942,24115
14943,55265
14944,27895
14945,63105
14946,32550
14947,41195
14948,26110
14949,21280
14950,42280
14951,28875
14952,38430
14953,36610
14954,49280
14955,55265
14956,54635
14957,54250
14958,48580
14959,56000
14960,51065
14961,50890
14962,16380
14963,53900
14964,5880
14965,39200
14966,16065
14967,26285
14968,28210
14969,50260
14970,17395
14971,10780
14972,32480
14973,-2975
14974,83895
14975,49140
14976,37765
14977,37205
14978,18550
14979,53445
14980,23170
14981,15155
14982,32760
14983,8995
14984,38745
14985,12950
14986,61390
14987,54985
14988,30555
14989,-105
14990,49630
14991,21595
14992,18375
14993,22890
14994,18270
14995,58485
14996,64960
14997,33775
14998,42140
14999,22330
15000,51450
15001,56420
15002,48860
15003,3570
15004,60200
15005,36540
15006,58555
15007,41685
15008,12285
15009,49770
15010,49245
15011,54845
15012,31325
15013,49700
15014,29400
15015,5320
15016,-6370
15017,36330
15018,46375
15019,11060
15020,56420
15021,54110
15022,24920
15023,33460
15024,27475
15025,36925
15026,41055
15027,38605
15028,23240
15029,52325
15030,34055
15031,17045
15032,25935
15033,27650
15034,46060
15035,36225
15036,44205
15037,-21875
15038,26495
15039,18025
15040,18725
15041,45815
15042,37310
15043,25480
15044,46235
15045,4795
15046,25410
15047,7070
15048,-5250
15049,13475
15050,-9065
15051,22960
15052,40180
15053,54915
15054,63560
15055,15610
15056,41860
15057,41020
15058,-17920
15059,45290
15060,11795
15061,33600
15062,22330
15063,26915
15064,25725
15065,40075
15066,37275
15067,59640
15068,37310
15069,60550
15070,8960
15071,4445
15072,47495
15073,30100
15074,45255
15075,30800
15076,29505
15077,55860
15078,67235
15079,56910
15080,36435
15081,32515
15082,33005
15083,22645
15084,31500
15085,24185
15086,44450
15087,24640
15088,44730
15089,66500
15090,22890
15091,34580
15092,19390
15093,47670
15094,14420
15095,28070
15096,58975
15097,5635
15098,47250
15099,30170
15100,13685
15101,19215
15102,22295
15103,46830
15104,27475
15105,61215
15106,51380
15107,23100
15108,52815
15109,32445
15110,74060
15111,57260
15112,40635
15113,39655
15114,29050
15115,37380
15116,560
15117,31465
15118,65100
15119,7945
15120,10325
15121,60935
15122,77735
15123,33285
15124,44205
15125,13475
15126,-10220
15127,40950
15128,55510
15129,35175
15130,6825
15131,33390
15132,53200
15133,35245
15134,-22960
15135,38710
15136,26145
15137,47985
15138,45815
15139,48335
15140,16625
15141,16520
15142,490
15143,28700
15144,14735
15145,71680
15146,52605
15147,37835
15148,-28245
15149,24955
15150,55090
15151,28525
15152,48930
15153,44205
15154,34370
15155,14070
15156,15295
15157,61880
15158,58975
15159,76545
15160,25900
15161,19110
15162,16135
15163,62335
15164,50330
15165,-6650
15166,50225
15167,22785
15168,33215
15169,12390
15170,42910
15171,42875
15172,43400
15173,35140
15174,50050
15175,-1890
15176,35140
15177,4865
15178,36470
15179,30065
15180,49140
15181,34860
15182,6825
15183,63595
15184,8365
15185,10395
15186,16485
15187,60025
15188,44765
15189,-4970
15190,17465
15191,21945
15192,20335
15193,35455
15194,13790
15195,40600
15196,41230
15197,45570
15198,22295
15199,18340
15200,12845
15201,27825
15202,11970
15203,29610
15204,37065
15205,14525
15206,13930
15207,45115
15208,24080
15209,32025
15210,64470
15211,28140
15212,56805
15213,25095
15214,19740
15215,45255
15216,25515
15217,49945
15218,-2975
15219,41405
15220,18865
15221,47985
15222,-12880
15223,38885
15224,43190
15225,54530
15226,28945
15227,-245
15228,34545
15229,24395
15230,57750
15231,49945
15232,42805
15233,8715
15234,-8575
15235,27020
15236,38815
15237,7000
15238,45220
15239,41090
15240,61845
15241,31955
15242,24780
15243,18130
15244,48965
15245,15470
15246,21805
15247,24115
15248,30310
15249,38255
15250,-23065
15251,1680
15252,22785
15253,23380
15254,20090
15255,31850
15256,7910
15257,-4830
15258,26460
15259,35735
15260,18865
15261,53935
15262,34370
15263,31325
15264,46970
15265,-24850
15266,66185
15267,12320
15268,15575
15269,45605
15270,57435
15271,9450
15272,12040
15273,10360
15274,52885
15275,59885
15276,40250
15277,23275
15278,26495
15279,30135
15280,35805
15281,32585
15282,35560
15283,64715
15284,5075
15285,-9345
15286,30660
15287,3150
15288,15715
15289,53270
15290,36015
15291,27160
15292,51380
15293,12285
15294,30135
15295,45675
15296,24500
15297,28840
15298,-17465
15299,62650
15300,67025
15301,36645
15302,-17045
15303,30695
15304,53725
15305,30345
15306,-2135
15307,35035
15308,43365
15309,50295
15310,33355
15311,18340
15312,7525
15313,-1575
15314,34825
15315,29155
15316,13440
15317,3780
15318,12145
15319,30100
15320,21560
15321,11025
15322,33635
15323,51905
15324,55300
15325,19460
15326,-12180
15327,45850
15328,27125
15329,43680
15330,1785
15331,18550
15332,47250
15333,48825
15334,-3745
15335,-3325
15336,21175
15337,47530
15338,40215
15339,48790
15340,34020
15341,6790
15342,70665
15343,58905
15344,28735
15345,4200
15346,14700
15347,58450
15348,32865
15349,-3325
15350,26425
15351,64750
15352,55335
15353,54215
15354,38605
15355,43645
15356,59080
15357,59955
15358,46550
15359,27160
15360,20475
15361,45395
15362,29785
15363,27580
15364,57295
15365,1190
15366,28700
15367,45920
15368,22995
15369,36330
15370,24150
15371,8750
15372,59745
15373,-6895
15374,19845
15375,-15085
15376,-3640
15377,25795
15378,13020
15379,31500
15380,16100
15381,10675
15382,19425
15383,9660
15384,19635
15385,74410
15386,37380
15387,54005
15388,32270
15389,24115
15390,19320
15391,20580
15392,45010
15393,37030
15394,58695
15395,-11445
15396,29225
15397,23520
15398,-16135
15399,16345
15400,32095
15401,8890
15402,35455
15403,62160
15404,38185
15405,25200
15406,-17465
15407,37135
15408,20160
15409,25270
15410,34790
15411,64365
15412,42210
15413,21280
15414,-6265
15415,37485
15416,38885
15417,1855
15418,47390
15419,47250
15420,53340
15421,-2625
15422,20300
15423,38745
15424,30800
15425,54215
15426,60585
15427,38605
15428,27230
15429,36400
15430,16135
15431,-9590
15432,13265
15433,54670
15434,49070
15435,39795
15436,46690
15437,10115
15438,63525
15439,50575
15440,51100
15441,32935
15442,41930
15443,4130
15444,5110
15445,14770
15446,10465
15447,20125
15448,-4760
15449,45885
15450,22225
15451,36365
15452,6405
15453,42735
15454,47915
15455,15470
15456,-4655
15457,36365
15458,27650
15459,32830
15460,24010
15461,11375
15462,19110
15463,50400
15464,37100
15465,10150
15466,33075
15467,31710
15468,-7350
15469,47215
15470,38360
15471,245
15472,27650
15473,14175
15474,36540
15475,27125
15476,22505
15477,15960
15478,385
15479,43750
15480,43120
15481,-2520
15482,37975
15483,57925
15484,46480
15485,-6475
15486,14385
15487,6615
15488,66185
15489,22225
15490,39795
15491,4410
15492,-6650
15493,49840
15494,6825
15495,47180
15496,15575
15497,34685
15498,5110
15499,31150
15500,47810
15501,45710
15502,32270
15503,23555
15504,15645
15505,2240
15506,48580
15507,40075
15508,22470
15509,48055
15510,19845
15511,41615
15512,8960
15513,14420
15514,37240
15515,18130
15516,16485
15517,67900
15518,2310
15519,53515
15520,50855
15521,47950
15522,11410
15523,28595
15524,40320
15525,40705
15526,34440
15527,31885
15528,-14105
15529,36295
15530,56665
15531,22995
15532,25830
15533,16625
15534,47705
15535,21665
15536,42175
15537,24955
15538,50225
15539,10605
15540,43890
15541,56805
15542,35945
15543,31850
15544,-19670
15545,47320
15546,26950
15547,1050
15548,30765
15549,-11060
15550,-18130
15551,24745
15552,24115
15553,36820
15554,50120
15555,44065
15556,16135
15557,-11970
15558,20300
15559,-1225
15560,21490
15561,57750
15562,10500
15563,44450
15564,43470
15565,-15400
15566,38745
15567,45605
15568,25235
15569,12215
15570,18900
15571,8225
15572,9800
15573,46585
15574,25655
15575,10745
15576,51800
15577,68880
15578,3570
15579,9030
15580,43155
15581,13160
15582,8400
15583,54635
15584,16695
15585,47845
15586,23555
15587,14735
15588,38045
15589,14910
15590,41090
15591,58275
15592,74025
15593,5880
15594,58940
15595,5215
15596,71365
15597,40285
15598,23030
15599,45255
15600,22470
15601,19985
15602,40530
15603,41090
15604,44100
15605,36750
15606,6300
15607,4375
15608,27230
15609,58625
15610,59780
15611,5495
15612,34055
15613,19635
15614,30485
15615,15155
15616,50190
15617,54810
15618,6790
15619,58975
15620,13580
15621,9345
15622,52290
15623,24535
15624,26705
15625,23450
15626,46410
15627,31955
15628,41370
15629,12565
15630,26425
15631,40985
15632,-1960
15633,37100
15634,65275
15635,40600
15636,41335
15637,37275
15638,48580
15639,32095
15640,25375
15641,42525
15642,48160
15643,52710
15644,39690
15645,46165
15646,50470
15647,70000
15648,18760
15649,62370
15650,35560
15651,-14490
15652,44695
15653,27230
15654,41475
15655,34755
15656,63700
15657,17465
15658,45955
15659,23625
15660,49455
15661,26320
15662,37485
15663,22225
15664,14595
15665,27195
15666,53480
15667,19635
15668,47775
15669,28000
15670,43540
15671,30660
15672,47005
15673,26845
15674,34475
15675,24255
15676,31500
15677,59045
15678,7630
15679,47565
15680,25445
15681,47215
15682,-7560
15683,-7700
15684,32620
15685,11725
15686,61005
15687,45815
15688,-18760
15689,14595
15690,31675
15691,-16555
15692,56525
15693,35105
15694,7945
15695,50575
15696,39970
15697,29050
15698,23065
15699,14070
15700,41650
15701,14245
15702,42070
15703,51135
15704,6930
15705,14000
15706,18900
15707,31815
15708,15645
15709,29260
15710,7350
15711,-10360
15712,9870
15713,22785
15714,45430
15715,22890
15716,41475
15717,28210
15718,82565
15719,40950
15720,20720
15721,41090
15722,-16415
15723,45920
15724,14980
15725,20965
15726,44205
15727,54810
15728,22995
15729,34475
15730,58485
15731,27370
15732,53025
15733,29225
15734,-31010
15735,55615
15736,30030
15737,23835
15738,44345
15739,35175
15740,47075
15741,5635
15742,44870
15743,34370
15744,25200
15745,45850
15746,27055
15747,36085
15748,49595
15749,11970
15750,64960
15751,32095
15752,52850
15753,36890
15754,47880
15755,28455
15756,57435
15757,32410
15758,5950
15759,51625
15760,57260
15761,45045
15762,45430
15763,43155
15764,14385
15765,30870
15766,39620
15767,44240
15768,-9730
15769,32480
15770,39620
15771,33565
15772,21490
15773,42350
15774,43050
15775,60375
15776,52290
15777,38290
15778,31080
15779,1505
15780,13860
15781,17500
15782,16135
15783,-3955
15784,19005
15785,30380
15786,37100
15787,48055
15788,32550
15789,34545
15790,48930
15791,16590
15792,19005
15793,49490
15794,39305
15795,29400
15796,39410
15797,14770
15798,30485
15799,34615
15800,12810
15801,11515
15802,35420
15803,29085
15804,50715
15805,53935
15806,55300
15807,35105
15808,41475
15809,28280
15810,24220
15811,28385
15812,28560
15813,44170
15814,-3710
15815,7000
15816,-24780
15817,20265
15818,40460
15819,-3465
15820,35945
15821,61215
15822,38500
15823,2835
15824,51975
15825,47950
15826,56280
15827,-4445
15828,12950
15829,22820
15830,39130
15831,31885
15832,26355
15833,6510
15834,37660
15835,50225
15836,33320
15837,27860
15838,53550
15839,9275
15840,-910
15841,22820
15842,-12950
15843,16765
15844,41930
15845,-9695
15846,33915
15847,36155
15848,20300
15849,13300
15850,23205
15851,34615
15852,51345
15853,17360
15854,44415
15855,10430
15856,42700
15857,45430
15858,17990
15859,42700
15860,26705
15861,17675
15862,53410
15863,61600
15864,16520
15865,40180
15866,46340
15867,40425
15868,14035
15869,9205
15870,25725
15871,16415
15872,43750
15873,76335
15874,42455
15875,33600
15876,18095
15877,44695
15878,42350
15879,40950
15880,42595
15881,38920
15882,38955
15883,27510
15884,-630
15885,9520
15886,29820
15887,7070
15888,40040
15889,5705
15890,45605
15891,15120
15892,57505
15893,18935
15894,41335
15895,14000
15896,18060
15897,16345
15898,45395
15899,64085
15900,665
15901,40530
15902,38360
15903,55720
15904,39445
15905,34895
15906,28175
15907,7665
15908,33775
15909,20195
15910,25550
15911,15505
15912,29155
15913,45360
15914,10220
15915,29960
15916,15785
15917,23275
15918,54075
15919,20860
15920,28560
15921,51135
15922,30555
15923,44800
15924,19670
15925,14980
15926,44310
15927,2660
15928,43365
15929,23065
15930,-17430
15931,22610
15932,31255
15933,-33880
15934,10605
15935,33355
15936,34440
15937,-44240
15938,24465
15939,30660
15940,9520
15941,32270
15942,21525
15943,50260
15944,28595
15945,72205
15946,14350
15947,18060
15948,45850
15949,36015
15950,10885
15951,36680
15952,20895
15953,-7630
15954,58030
15955,57155
15956,50120
15957,32550
15958,16625
15959,42245
15960,62160
15961,33040
15962,13335
15963,36820
15964,8505
15965,43995
15966,42910
15967,51345
15968,30485
15969,67375
15970,10675
15971,54285
15972,26530
15973,56735
15974,36610
15975,16240
15976,60935
15977,53760
15978,-5600
15979,27685
15980,57470
15981,58275
15982,50680
15983,-11270
15984,27090
15985,22715
15986,47110
15987,1820
15988,36750
15989,58135
15990,24605
15991,55300
15992,20230
15993,18375
15994,30030
15995,17360
15996,31010
15997,-9800
15998,42385
15999,36470
16000,1610
16001,9660
16002,41335
16003,2380
16004,-700
16005,34860
16006,12740
16007,40880
16008,50225
16009,-15645
16010,32375
16011,12390
16012,50680
16013,31745
16014,47530
16015,52710
16016,31640
16017,56070
16018,36925
16019,29575
16020,32760
16021,33950
16022,48720
16023,37030
16024,51240
16025,32375
16026,31430
16027,16415
16028,42000
16029,61250
16030,30380
16031,45500
16032,57925
16033,6755
16034,40320
16035,21245
16036,24255
16037,56875
16038,40180
16039,38815
16040,19075
16041,53130
16042,33390
16043,10815
16044,43015
16045,21665
16046,21910
16047,-10465
16048,25165
16049,14420
16050,48860
16051,55965
16052,44100
16053,9030
16054,-25830
16055,24045
16056,19355
16057,840
16058,18515
16059,19985
16060,45955
16061,38150
16062,31850
16063,40040
16064,26180
16065,46410
16066,40215
16067,4760
16068,27160
16069,45255
16070,40040
16071,6440
16072,19775
16073,30765
16074,46270
16075,2135
16076,41090
16077,-8120
16078,19075
16079,4830
16080,50820
16081,22505
16082,34230
16083,-11865
16084,24955
16085,51100
16086,15995
16087,20020
16088,34685
16089,33635
16090,490
16091,48545
16092,49280
16093,61005
16094,1750
16095,36015
16096,3360
16097,27335
16098,41930
16099,19005
16100,28315
16101,29610
16102,41545
16103,16940
16104,47670
16105,39200
16106,36435
16107,35525
16108,3815
16109,-3605
16110,23730
16111,36295
16112,27930
16113,31360
16114,-20615
16115,46620
16116,45220
16117,31220
16118,26915
16119,38360
16120,46095
16121,33005
16122,-1120
16123,34475
16124,33355
16125,19985
16126,46585
16127,35910
16128,44520
16129,47530
16130,20265
16131,18375
16132,41825
16133,67480
16134,14175
16135,43085
16136,32165
16137,34755
16138,10465
16139,50365
16140,8120
16141,105
16142,26845
16143,47530
16144,55580
16145,42805
16146,58100
16147,49805
16148,48685
16149,-24955
16150,37170
16151,47180
16152,52325
16153,32865
16154,14175
16155,35455
16156,46690
16157,3255
16158,64260
16159,44835
16160,41615
16161,70770
16162,12705
16163,26705
16164,13720
16165,10745
16166,25795
16167,25025
16168,51590
16169,66745
16170,50505
16171,1050
16172,28350
16173,-14910
16174,31430
16175,42210
16176,14560
16177,17115
16178,31290
16179,43890
16180,42420
16181,23590
16182,58835
16183,28560
16184,46970
16185,53340
16186,62650
16187,-12880
16188,30065
16189,27265
16190,40250
16191,22680
16192,28805
16193,54320
16194,15470
16195,28875
16196,19390
16197,28350
16198,26250
16199,62055
16200,56000
16201,59185
16202,16065
16203,19530
16204,41965
16205,-4340
16206,21070
16207,61915
16208,54880
16209,26565
16210,53130
16211,42525
16212,31290
16213,43190
16214,17220
16215,20230
16216,805
16217,32200
16218,48440
16219,52675
16220,44065
16221,66605
16222,23660
16223,60620
16224,15120
16225,47250
16226,32760
16227,30240
16228,-25235
16229,28420
16230,21490
16231,67900
16232,22610
16233,29715
16234,13720
16235,3500
16236,43470
16237,34195
16238,25515
16239,48790
16240,65695
16241,28630
16242,39760
16243,18690
16244,52920
16245,37695
16246,-13300
16247,22365
16248,48300
16249,27475
16250,11235
16251,28595
16252,33425
16253,15680
16254,25270
16255,36050
16256,43610
16257,10010
16258,26565
16259,39130
16260,-8610
16261,24255
16262,50750
16263,62230
16264,61460
16265,46305
16266,74235
16267,35245
16268,47180
16269,67305
16270,29960
16271,40425
16272,15645
16273,31920
16274,54075
16275,65765
16276,69510
16277,9135
16278,29540
16279,5250
16280,15435
16281,8505
16282,3150
16283,29435
16284,30800
16285,7490
16286,58975
16287,40670
16288,15120
16289,39760
16290,52885
16291,20265
16292,17045
16293,61810
16294,23240
16295,43155
16296,45185
16297,58730
16298,18235
16299,21525
16300,28770
16301,36435
16302,36330
16303,37100
16304,38535
16305,21070
16306,21875
16307,21140
16308,22960
16309,26425
16310,13895
16311,34790
16312,25340
16313,31885
16314,-9660
16315,28455
16316,49000
16317,-17570
16318,38640
16319,42805
16320,11725
16321,-27895
16322,8225
16323,42945
16324,24780
16325,-15750
16326,23870
16327,26530
16328,19985
16329,42035
16330,13020
16331,36575
16332,27965
16333,42910
16334,10465
16335,20125
16336,61285
16337,40075
16338,62020
16339,29820
16340,12495
16341,31710
16342,11165
16343,52780
16344,-5845
16345,-21070
16346,20055
16347,40250
16348,43960
16349,9520
16350,12950
16351,26915
16352,31990
16353,40460
16354,26110
16355,-8155
16356,24465
16357,-29365
16358,32340
16359,30450
16360,37170
16361,41930
16362,13055
16363,66500
16364,31395
16365,39865
16366,58275
16367,50505
16368,35175
16369,35175
16370,49980
16371,41685
16372,1680
16373,32900
16374,5145
16375,45745
16376,-1155
16377,-10850
16378,60515
16379,54110
16380,39375
16381,37380
16382,54460
16383,43960
16384,23310
16385,11795
16386,37240
16387,54145
16388,45920
16389,9065
16390,9660
16391,36505
16392,7980
16393,67585
16394,68880
16395,20125
16396,40040
16397,455
16398,40180
16399,40355
16400,35665
16401,45150
16402,46235
16403,45885
16404,51520
16405,34370
16406,9590
16407,29995
16408,47635
16409,9310
16410,38080
16411,33565
16412,56140
16413,33110
16414,15085
16415,50820
16416,20790
16417,-24850
16418,55300
16419,6265
16420,42385
16421,-2415
16422,3150
16423,25165
16424,5810
16425,-26495
16426,19460
16427,43155
16428,18830
16429,20405
16430,59360
16431,26530
16432,61705
16433,45500
16434,35805
16435,24185
16436,33880
16437,5250
16438,45080
16439,-770
16440,-4025
16441,54845
16442,25130
16443,18200
16444,33880
16445,43820
16446,105
16447,49175
16448,48755
16449,49490
16450,56035
16451,36015
16452,26705
16453,51520
16454,45045
16455,59710
16456,25235
16457,6510
16458,13895
16459,19495
16460,12075
16461,27160
16462,9555
16463,37730
16464,16485
16465,34580
16466,665
16467,29680
16468,33320
16469,41930
16470,4025
16471,34930
16472,39060
16473,34930
16474,46655
16475,18060
16476,3220
16477,27825
16478,8750
16479,8330
16480,-7000
16481,55335
16482,50995
16483,14035
16484,2170
16485,53165
16486,26915
16487,29330
16488,49035
16489,28910
16490,6860
16491,8750
16492,20195
16493,37100
16494,32865
16495,6615
16496,37870
16497,34335
16498,35210
16499,32060
16500,28560
16501,20020
16502,-13475
16503,40740
16504,16520
16505,-3080
16506,29750
16507,17535
16508,42980
16509,27615
16510,34545
16511,57260
16512,35630
16513,19390
16514,21385
16515,10080
16516,17185
16517,8400
16518,17010
16519,55720
16520,61005
16521,36680
16522,24815
16523,57750
16524,16450
16525,17640
16526,30450
16527,49700
16528,23065
16529,30800
16530,50225
16531,37065
16532,60305
16533,33075
16534,51240
16535,33425
16536,25830
16537,33565
16538,-16450
16539,30135
16540,43645
16541,33845
16542,20475
16543,46165
16544,4025
16545,31115
16546,22540
16547,60445
16548,6615
16549,39095
16550,35420
16551,50435
16552,28350
16553,38885
16554,35840
16555,51275
16556,40075
16557,21770
16558,4795
16559,14140
16560,12705
16561,8820
16562,16975
16563,20860
16564,43365
16565,38360
16566,-29680
16567,23065
16568,55300
16569,77945
16570,47425
16571,63910
16572,21945
16573,51625
16574,38920
16575,31150
16576,24990
16577,63105
16578,72450
16579,16100
16580,31290
16581,13265
16582,65170
16583,36540
16584,51450
16585,15680
16586,-7875
16587,59395
16588,700
16589,19810
16590,68810
16591,71435
16592,10920
16593,-8960
16594,55335
16595,38010
16596,35035
16597,50505
16598,23730
16599,34020
16600,43890
16601,48755
16602,14350
16603,30485
16604,40635
16605,30940
16606,43260
16607,30660
16608,10640
16609,21665
16610,-9380
16611,28630
16612,34335
16613,-2205
16614,-11480
16615,28420
16616,51310
16617,41230
16618,42630
16619,7385
16620,19635
16621,24465
16622,8225
16623,9030
16624,48475
16625,16170
16626,33320
16627,25830
16628,7140
16629,54075
16630,-4550
16631,43960
16632,57820
16633,64645
16634,-18585
16635,13195
16636,29505
16637,8995
16638,-16940
16639,10535
16640,27545
16641,1540
16642,49420
16643,45220
16644,12250
16645,40355
16646,-8365
16647,-9345
16648,48125
16649,33110
16650,-12600
16651,39795
16652,-34230
16653,58730
16654,45395
16655,2450
16656,22855
16657,52675
16658,48720
16659,45710
16660,28210
16661,43155
16662,19180
16663,50225
16664,4795
16665,69545
16666,-1505
16667,33810
16668,-28595
16669,50925
16670,20510
16671,51310
16672,-3920
16673,39410
16674,27580
16675,3955
16676,-2835
16677,34090
16678,46235
16679,43785
16680,22785
16681,7245
16682,8645
16683,58030
16684,36610
16685,32585
16686,24185
16687,21000
16688,21910
16689,42455
16690,20860
16691,56210
16692,280
16693,38640
16694,29890
16695,25550
16696,33880
16697,67550
16698,26985
16699,9100
16700,35315
16701,34300
16702,67095
16703,50120
16704,-5180
16705,20335
16706,43050
16707,26950
16708,5355
16709,35630
16710,-17045
16711,45255
16712,48440
16713,44695
16714,24220
16715,41090
16716,21000
16717,21140
16718,-5215
16719,33180
16720,35315
16721,43680
16722,-28035
16723,31465
16724,23660
16725,44555
16726,-25935
16727,50960
16728,34545
16729,40915
16730,-12110
16731,63770
16732,38710
16733,15715
16734,48230
16735,47985
16736,60060
16737,50260
16738,14945
16739,44590
16740,70245
16741,66395
16742,42735
16743,41790
16744,33425
16745,40950
16746,26390
16747,32620
16748,27300
16749,23310
16750,15995
16751,35525
16752,37590
16753,15295
16754,32935
16755,27860
16756,18305
16757,35875
16758,56105
16759,42840
16760,5635
16761,62090
16762,36575
16763,55090
16764,42840
16765,13160
16766,55335
16767,28910
16768,64400
16769,26425
16770,47355
16771,37590
16772,33320
16773,25795
16774,51030
16775,-16135
16776,45850
16777,50260
16778,48265
16779,47775
16780,36050
16781,31080
16782,26915
16783,26355
16784,36715
16785,12355
16786,40180
16787,23380
16788,79030
16789,48965
16790,40285
16791,31150
16792,29645
16793,6020
16794,5635
16795,6370
16796,15610
16797,56665
16798,63910
16799,33320
16800,65835
16801,44975
16802,42210
16803,35210
16804,28665
16805,3605
16806,55125
16807,27790
16808,57540
16809,20510
16810,25550
16811,46585
16812,48825
16813,36995
16814,38535
16815,50260
16816,38185
16817,46795
16818,34965
16819,47040
16820,27335
16821,13440
16822,18165
16823,33950
16824,35700
16825,20895
16826,37485
16827,15120
16828,24535
16829,49630
16830,46865
16831,46900
16832,8155
16833,32445
16834,26250
16835,33285
16836,50365
16837,21420
16838,20440
16839,59010
16840,29330
16841,22680
16842,27615
16843,28595
16844,22540
16845,35700
16846,-7350
16847,31360
16848,20335
16849,51695
16850,-18970
16851,43925
16852,38675
16853,38850
16854,28035
16855,9870
16856,54810
16857,70420
16858,36750
16859,-8505
16860,26880
16861,46060
16862,8190
16863,29925
16864,35805
16865,50645
16866,59990
16867,36050
16868,6790
16869,14000
16870,22750
16871,-5950
16872,27860
16873,31675
16874,30660
16875,31780
16876,7035
16877,63000
16878,19810
16879,39760
16880,23660
16881,9345
16882,4200
16883,12705
16884,46445
16885,34440
16886,26810
16887,16100
16888,46445
16889,25305
16890,-41195
16891,47775
16892,43785
16893,19145
16894,-5985
16895,35735
16896,43540
16897,33670
16898,25515
16899,47950
16900,23275
16901,23030
16902,40145
16903,50190
16904,44450
16905,18655
16906,56175
16907,55090
16908,39480
16909,47635
16910,50960
16911,32340
16912,18375
16913,44590
16914,64715
16915,31955
16916,22470
16917,23450
16918,28070
16919,57155
16920,38745
16921,53165
16922,24115
16923,24290
16924,55160
16925,28875
16926,47880
16927,48860
16928,-210
16929,28175
16930,7070
16931,31850
16932,46795
16933,55265
16934,6615
16935,34160
16936,46165
16937,29855
16938,45640
16939,32445
16940,52465
16941,59780
16942,42245
16943,39550
16944,47670
16945,38430
16946,41685
16947,10885
16948,44310
16949,42770
16950,11935
16951,59325
16952,40950
16953,23275
16954,-14595
16955,13720
16956,19845
16957,35455
16958,38710
16959,27685
16960,29925
16961,55370
16962,-3185
16963,47005
16964,43225
16965,-33145
16966,15435
16967,26600
16968,6440
16969,25935
16970,44800
16971,30695
16972,32270
16973,55895
16974,53515
16975,20160
16976,36995
16977,-490
16978,34965
16979,10675
16980,17640
16981,29995
16982,25200
16983,48650
16984,54320
16985,45115
16986,63420
16987,52185
16988,41440
16989,47075
16990,49525
16991,20195
16992,7315
16993,19915
16994,36330
16995,41825
16996,43785
16997,26985
16998,35175
16999,51275
17000,50960
17001,45115
17002,33250
17003,52185
17004,34405
17005,32480
17006,36085
17007,69685
17008,54425
17009,40145
17010,41615
17011,26110
17012,45885
17013,41685
17014,42350
17015,62265
17016,29645
17017,57785
17018,37205
17019,34020
17020,57190
17021,29540
17022,39200
17023,24325
17024,48370
17025,36785
17026,60760
17027,25935
17028,57435
17029,34615
17030,43295
17031,21910
17032,30905
17033,44765
17034,4655
17035,47390
17036,41125
17037,24570
17038,32900
17039,15505
17040,9870
17041,43855
17042,-8575
17043,-2135
17044,43050
17045,10395
17046,9065
17047,24220
17048,7385
17049,13545
17050,60725
17051,29680
17052,66395
17053,36680
17054,32760
17055,41020
17056,31640
17057,41510
17058,12810
17059,42700
17060,18060
17061,38360
17062,49315
17063,61145
17064,63140
17065,37660
17066,24255
17067,21805
17068,58240
17069,41685
17070,55580
17071,32760
17072,22855
17073,11795
17074,16520
17075,44100
17076,28630
17077,-13685
17078,28175
17079,43890
17080,23520
17081,21735
17082,2240
17083,17500
17084,20580
17085,29925
17086,12635
17087,53830
17088,28035
17089,22015
17090,21910
17091,4865
17092,54005
17093,35630
17094,12390
17095,39550
17096,67410
17097,47110
17098,53690
17099,32200
17100,24360
17101,36610
17102,17535
17103,26040
17104,17535
17105,48440
17106,47915
17107,40565
17108,7525
17109,10885
17110,62160
17111,16100
17112,70385
17113,13545
17114,14665
17115,29715
17116,-36925
17117,52570
17118,16835
17119,55615
17120,28315
17121,13720
17122,21945
17123,27545
17124,27860
17125,31290
17126,40635
17127,63595
17128,42105
17129,27510
17130,60445
17131,41895
17132,19320
17133,16730
17134,24500
17135,38465
17136,51485
17137,33670
17138,55510
17139,25130
17140,31920
17141,-7525
17142,4095
17143,10185
17144,46690
17145,-3780
17146,24325
17147,1645
17148,-15925
17149,39655
17150,40530
17151,35560
17152,-2695
17153,280
17154,56980
17155,39690
17156,30660
17157,42630
17158,-7770
17159,39025
17160,32620
17161,33635
17162,46165
17163,66115
17164,21350
17165,31500
17166,16065
17167,6195
17168,42665
17169,52010
17170,15085
17171,26635
17172,13860
17173,54250
17174,35245
17175,28595
17176,35945
17177,20720
17178,28385
17179,770
17180,-11340
17181,61180
17182,28560
17183,59745
17184,27825
17185,5495
17186,54460
17187,37485
17188,64610
17189,34790
17190,53725
17191,23905
17192,17955
17193,33985
17194,66780
17195,45535
17196,-9170
17197,6580
17198,59640
17199,68390
17200,30310
17201,66500
17202,46795
17203,14665
17204,43015
17205,48650
17206,38045
17207,7070
17208,41405
17209,51380
17210,56700
17211,23730
17212,33355
17213,26670
17214,32830
17215,7770
17216,17360
17217,39620
17218,30730
17219,55230
17220,21490
17221,12950
17222,-3640
17223,15435
17224,21210
17225,-3115
17226,-10465
17227,20335
17228,41475
17229,16730
17230,46270
17231,12005
17232,50260
17233,16415
17234,42735
17235,16100
17236,50680
17237,3955
17238,49945
17239,-13755
17240,57575
17241,6965
17242,50855
17243,14140
17244,42735
17245,57995
17246,2590
17247,40635
17248,35000
17249,20335
17250,46585
17251,37800
17252,21385
17253,23380
17254,58415
17255,24360
17256,50365
17257,26810
17258,28875
17259,20930
17260,34650
17261,54530
17262,19285
17263,34475
17264,44835
17265,21770
17266,62020
17267,34615
17268,-4165
17269,24885
17270,44380
17271,24885
17272,67655
17273,40775
17274,12740
17275,8680
17276,4410
17277,-560
17278,52080
17279,2170
17280,31745
17281,40495
17282,37275
17283,22960
17284,20685
17285,34230
17286,69720
17287,25375
17288,43610
17289,49525
17290,51730
17291,55300
17292,23555
17293,1470
17294,33320
17295,69930
17296,14525
17297,48755
17298,3395
17299,16975
17300,79345
17301,5285
17302,3045
17303,19285
17304,-10010
17305,22050
17306,53515
17307,-4620
17308,50995
17309,39620
17310,14350
17311,43260
17312,53550
17313,-7805
17314,52535
17315,42875
17316,10990
17317,2870
17318,37380
17319,26915
17320,20265
17321,16590
17322,-5110
17323,51345
17324,52535
17325,8925
17326,26180
17327,21700
17328,3045
17329,56455
17330,65485
17331,44625
17332,8925
17333,42875
17334,-12950
17335,19880
17336,43190
17337,1960
17338,52605
17339,56000
17340,39585
17341,12180
17342,39795
17343,46200
17344,14315
17345,39970
17346,27545
17347,38570
17348,53095
17349,54915
17350,21175
17351,49420
17352,63840
17353,39165
17354,34300
17355,22645
17356,31360
17357,59115
17358,56665
17359,34580
17360,-350
17361,32795
17362,28350
17363,24675
17364,17640
17365,9100
17366,16660
17367,41965
17368,21945
17369,58695
17370,14630
17371,30100
17372,38710
17373,-5530
17374,14385
17375,15015
17376,51520
17377,21770
17378,30870
17379,50085
17380,44240
17381,50120
17382,31640
17383,-17780
17384,6195
17385,16345
17386,45605
17387,39235
17388,8960
17389,57295
17390,59185
17391,45360
17392,60970
17393,21140
17394,53585
17395,38360
17396,-27545
17397,35280
17398,4060
17399,42735
17400,25445
17401,46480
17402,9590
17403,2660
17404,25830
17405,23345
17406,9625
17407,43890
17408,36680
17409,24360
17410,40740
17411,60200
17412,52185
17413,44485
17414,10745
17415,34230
17416,-3150
17417,37695
17418,27020
17419,48405
17420,31640
17421,40705
17422,7175
17423,-25130
17424,-3920
17425,36855
17426,10045
17427,8715
17428,37100
17429,10850
17430,20195
17431,34230
17432,5355
17433,26460
17434,48510
17435,35280
17436,28280
17437,70945
17438,13020
17439,43190
17440,32620
17441,43260
17442,68145
17443,63490
17444,-2905
17445,11655
17446,62825
17447,14280
17448,9205
17449,21945
17450,41895
17451,9065
17452,49560
17453,2660
17454,35385
17455,25655
17456,33215
17457,46515
17458,-11725
17459,5355
17460,75670
17461,21560
17462,26530
17463,8995
17464,48195
17465,34055
17466,20020
17467,20055
17468,44730
17469,11725
17470,11865
17471,41580
17472,46935
17473,-3430
17474,31395
17475,41195
17476,43225
17477,31815
17478,38010
17479,44695
17480,16835
17481,2275
17482,66570
17483,53305
17484,22225
17485,33390
17486,41160
17487,34580
17488,37870
17489,25480
17490,50330
17491,43470
17492,22925
17493,15470
17494,36085
17495,51940
17496,43820
17497,40985
17498,60025
17499,24535
17500,47250
17501,26390
17502,20545
17503,43330
17504,14350
17505,41615
17506,41755
17507,32305
17508,4165
17509,8750
17510,28350
17511,40320
17512,53340
17513,25025
17514,45500
17515,40180
17516,46340
17517,23660
17518,21420
17519,44940
17520,3185
17521,6860
17522,34265
17523,35840
17524,33145
17525,54705
17526,64750
17527,11935
17528,41230
17529,31885
17530,29190
17531,36575
17532,33180
17533,11585
17534,49980
17535,39375
17536,33530
17537,12460
17538,56035
17539,14840
17540,56210
17541,49350
17542,53970
17543,53830
17544,16065
17545,6720
17546,45500
17547,43190
17548,50050
17549,48265
17550,43260
17551,-3430
17552,62965
17553,34125
17554,8610
17555,6790
17556,45010
17557,41230
17558,21770
17559,25410
17560,9345
17561,13825
17562,11235
17563,-12425
17564,49840
17565,42630
17566,27895
17567,-6090
17568,28350
17569,17535
17570,-19600
17571,52220
17572,14980
17573,47775
17574,54670
17575,7315
17576,47705
17577,29365
17578,24500
17579,7875
17580,27580
17581,45220
17582,39060
17583,37555
17584,42700
17585,10920
17586,56210
17587,20825
17588,45465
17589,40565
17590,33775
17591,33180
17592,38780
17593,37625
17594,32165
17595,22785
17596,-525
17597,59640
17598,50050
17599,29225
17600,23940
17601,45150
17602,53025
17603,32970
17604,25725
17605,47810
17606,40845
17607,36960
17608,33180
17609,20755
17610,50820
17611,11690
17612,50260
17613,54040
17614,50925
17615,49385
17616,27720
17617,37625
17618,65030
17619,50610
17620,44835
17621,5180
17622,-5810
17623,46550
17624,8260
17625,37870
17626,4515
17627,55685
17628,10185
17629,22365
17630,17675
17631,48300
17632,29120
17633,7105
17634,44940
17635,28980
17636,32305
17637,28770
17638,57715
17639,57120
17640,45885
17641,31640
17642,25620
17643,1925
17644,44975
17645,-1995
17646,43225
17647,30205
17648,-19005
17649,16905
17650,31675
17651,-9065
17652,32865
17653,23275
17654,13930
17655,27650
17656,4270
17657,39550
17658,22295
17659,29925
17660,40320
17661,50960
17662,42980
17663,52710
17664,22715
17665,46060
17666,67270
17667,37975
17668,41860
17669,29015
17670,23100
17671,67305
17672,32970
17673,56455
17674,46795
17675,37555
17676,50645
17677,30240
17678,14735
17679,53655
17680,3395
17681,51450
17682,-3150
17683,20650
17684,38150
17685,34930
17686,59045
17687,40145
17688,43855
17689,50610
17690,31920
17691,28945
17692,52920
17693,11795
17694,32480
17695,51590
17696,50295
17697,42455
17698,6475
17699,25410
17700,56525
17701,34160
17702,54285
17703,28035
17704,81060
17705,21105
17706,43330
17707,43120
17708,54040
17709,39550
17710,45780
17711,16695
17712,57645
17713,64960
17714,38955
17715,25165
17716,31500
17717,43785
17718,67060
17719,28140
17720,46305
17721,19635
17722,29995
17723,19740
17724,2555
17725,47635
17726,8400
17727,61110
17728,52360
17729,58485
17730,44065
17731,27475
17732,39900
17733,-1435
17734,20755
17735,51205
17736,-2555
17737,6860
17738,41370
17739,38745
17740,56875
17741,23520
17742,23170
17743,34440
17744,43820
17745,20965
17746,57505
17747,17045
17748,48860
17749,-2800
17750,-1190
17751,48650
17752,61180
17753,8715
17754,23905
17755,25375
17756,8435
17757,36575
17758,64470
17759,28840
17760,39725
17761,29435
17762,22680
17763,50505
17764,38045
17765,13265
17766,38185
17767,29190
17768,61320
17769,45535
17770,34300
17771,47915
17772,44205
17773,37380
17774,-52430
17775,21525
17776,49595
17777,54215
17778,19775
17779,41580
17780,6125
17781,39410
17782,24640
17783,25235
17784,25095
17785,6615
17786,43645
17787,-11200
17788,44275
17789,27510
17790,54005
17791,30660
17792,8715
17793,31360
17794,18060
17795,8610
17796,21665
17797,41440
17798,4830
17799,-20335
17800,945
17801,30625
17802,8085
17803,5565
17804,11025
17805,46620
17806,17325
17807,43960
17808,37940
17809,-11410
17810,12705
17811,77420
17812,34335
17813,61005
17814,77805
17815,31430
17816,47530
17817,-1155
17818,28175
17819,31815
17820,44940
17821,22155
17822,61600
17823,-11480
17824,-8505
17825,55265
17826,-2135
17827,23065
17828,42700
17829,945
17830,10360
17831,27860
17832,38710
17833,22750
17834,42840
17835,39655
17836,-3360
17837,5320
17838,27615
17839,57820
17840,50330
17841,15050
17842,43295
17843,26985
17844,3920
17845,37835
17846,30135
17847,25200
17848,39550
17849,23660
17850,3990
17851,45675
17852,32550
17853,67130
17854,43680
17855,21875
17856,27160
17857,26250
17858,43995
17859,34965
17860,11795
17861,47215
17862,48125
17863,9450
17864,5705
17865,32550
17866,19845
17867,31430
17868,43610
17869,44170
17870,55265
17871,46340
17872,-3535
17873,27195
17874,-11270
17875,54635
17876,72415
17877,66220
17878,34860
17879,39200
17880,22435
17881,44030
17882,23590
17883,-17955
17884,31920
17885,38395
17886,14665
17887,21245
17888,24780
17889,15505
17890,-22470
17891,40635
17892,46480
17893,56035
17894,39200
17895,57085
17896,39130
17897,26355
17898,11515
17899,50225
17900,2695
17901,49525
17902,39690
17903,54530
17904,52780
17905,14035
17906,30905
17907,5810
17908,13195
17909,46095
17910,14700
17911,-21910
17912,43470
17913,52010
17914,1995
17915,58450
17916,27055
17917,4130
17918,53620
17919,34020
17920,10850
17921,51695
17922,23030
17923,-1995
17924,26705
17925,-6580
17926,43295
17927,20755
17928,5845
17929,9940
17930,28175
17931,23590
17932,20510
17933,45675
17934,47775
17935,27230
17936,24570
17937,57925
17938,38920
17939,49455
17940,12705
17941,26005
17942,45640
17943,43120
17944,46690
17945,9415
17946,37625
17947,-6300
17948,35035
17949,8155
17950,26285
17951,46970
17952,51590
17953,14000
17954,-2135
17955,29645
17956,42105
17957,34475
17958,24850
17959,59780
17960,43715
17961,28560
17962,28245
17963,15085
17964,-19705
17965,16450
17966,19950
17967,18900
17968,-15225
17969,46375
17970,28595
17971,34230
17972,53725
17973,61530
17974,25515
17975,30205
17976,32515
17977,27335
17978,16310
17979,31850
17980,35350
17981,22960
17982,36890
17983,19985
17984,6055
17985,57505
17986,37660
17987,35280
17988,45080
17989,33915
17990,44660
17991,22820
17992,40320
17993,22715
17994,13195
17995,53445
17996,56980
17997,45360
17998,30100
17999,32375
18000,56000
18001,-19110
18002,42350
18003,28875
18004,38745
18005,27510
18006,21980
18007,8855
18008,29785
18009,11970
18010,875
18011,43260
18012,18830
18013,28910
18014,14560
18015,63490
18016,34265
18017,-7630
18018,5215
18019,45955
18020,17430
18021,26775
18022,37450
18023,51940
18024,14770
18025,48090
18026,46270
18027,18585
18028,-4270
18029,4305
18030,24325
18031,27265
18032,37485
18033,64085
18034,175
18035,-14875
18036,19880
18037,31605
18038,69825
18039,10220
18040,42700
18041,-7595
18042,31640
18043,-210
18044,29960
18045,18095
18046,51590
18047,48195
18048,25690
18049,58380
18050,7315
18051,39270
18052,31885
18053,29855
18054,24430
18055,59850
18056,3640
18057,5985
18058,40425
18059,55405
18060,-9415
18061,65240
18062,49700
18063,30835
18064,26915
18065,46200
18066,-8540
18067,28490
18068,17325
18069,49105
18070,43750
18071,13615
18072,41475
18073,55370
18074,18305
18075,65835
18076,25620
18077,5565
18078,60655
18079,4830
18080,43575
18081,-7630
18082,-7980
18083,46340
18084,43295
18085,-24535
18086,-9240
18087,5075
18088,3605
18089,48195
18090,54880
18091,45570
18092,32585
18093,54355
18094,31535
18095,52045
18096,42665
18097,34020
18098,-11550
18099,40180
18100,6265
18101,36435
18102,50435
18103,25200
18104,57505
18105,53340
18106,34825
18107,5635
18108,67165
18109,6055
18110,56490
18111,69370
18112,37170
18113,33075
18114,44590
18115,29085
18116,9835
18117,52255
18118,28105
18119,36505
18120,48370
18121,41195
18122,-3465
18123,27825
18124,22435
18125,55895
18126,21700
18127,61635
18128,17045
18129,37730
18130,53970
18131,56245
18132,51730
18133,30695
18134,16695
18135,-2520
18136,48615
18137,28070
18138,54215
18139,35840
18140,1015
18141,35805
18142,56315
18143,61355
18144,8015
18145,44905
18146,-2240
18147,7840
18148,37835
18149,12390
18150,2800
18151,36715
18152,53130
18153,-12040
18154,5985
18155,36190
18156,-44870
18157,42910
18158,30660
18159,58730
18160,48720
18161,28280
18162,26460
18163,57190
18164,12425
18165,42595
18166,39025
18167,75775
18168,28630
18169,38780
18170,2135
18171,41125
18172,33915
18173,16205
18174,22855
18175,36995
18176,20440
18177,15155
18178,6510
18179,8050
18180,22365
18181,10360
18182,51730
18183,31815
18184,49490
18185,63035
18186,14455
18187,33110
18188,43120
18189,11095
18190,7000
18191,39900
18192,43610
18193,22435
18194,-2975
18195,43680
18196,29190
18197,44345
18198,20895
18199,4235
18200,26215
18201,53725
18202,22820
18203,34195
18204,18655
18205,53130
18206,22820
18207,5320
18208,31290
18209,38780
18210,38780
18211,43750
18212,51310
18213,35630
18214,13510
18215,24290
18216,53270
18217,33145
18218,12845
18219,53340
18220,9310
18221,48615
18222,52815
18223,45640
18224,30695
18225,38955
18226,3745
18227,-4375
18228,59465
18229,26250
18230,11620
18231,12915
18232,31815
18233,16065
18234,23135
18235,52990
18236,60445
18237,-12460
18238,67025
18239,12635
18240,42910
18241,29750
18242,62825
18243,35385
18244,56385
18245,19075
18246,32900
18247,22715
18248,46865
18249,34125
18250,17955
18251,46410
18252,27510
18253,50645
18254,5250
18255,52885
18256,57295
18257,25305
18258,14630
18259,9905
18260,42525
18261,70735
18262,49525
18263,26530
18264,49945
18265,-18165
18266,-4235
18267,38955
18268,49840
18269,10500
18270,6125
18271,21595
18272,19355
18273,6755
18274,36540
18275,-210
18276,28735
18277,34895
18278,44835
18279,18095
18280,5250
18281,30450
18282,26810
18283,17535
18284,-1365
18285,44905
18286,25795
18287,51695
18288,42455
18289,22890
18290,-910
18291,21490
18292,53235
18293,61355
18294,48825
18295,15610
18296,49070
18297,63000
18298,42350
18299,18480
18300,17850
18301,42420
18302,14910
18303,46550
18304,-7245
18305,51275
18306,3850
18307,-1400
18308,38010
18309,58695
18310,33460
18311,7000
18312,47320
18313,26215
18314,28630
18315,34055
18316,68040
18317,11200
18318,-840
18319,25865
18320,58170
18321,54320
18322,34195
18323,60550
18324,18270
18325,52675
18326,34615
18327,29715
18328,52430
18329,-4795
18330,37730
18331,18270
18332,33390
18333,38290
18334,40565
18335,38500
18336,21630
18337,-1470
18338,8925
18339,22925
18340,45885
18341,28455
18342,17150
18343,30240
18344,10360
18345,31290
18346,7490
18347,24185
18348,52500
18349,-3850
18350,53760
18351,19810
18352,-8925
18353,32900
18354,11305
18355,11970
18356,23135
18357,23450
18358,38430
18359,35945
18360,43540
18361,51100
18362,38360
18363,15505
18364,42350
18365,30345
18366,42210
18367,46270
18368,7490
18369,37485
18370,66115
18371,11725
18372,63175
18373,38115
18374,11795
18375,45185
18376,21945
18377,21385
18378,58415
18379,24920
18380,16415
18381,63700
18382,41160
18383,20265
18384,50540
18385,-280
18386,32620
18387,20055
18388,41055
18389,39235
18390,14455
18391,50225
18392,53970
18393,20545
18394,34020
18395,-12565
18396,36890
18397,30135
18398,42490
18399,15435
18400,25375
18401,23205
18402,63875
18403,33005
18404,61845
18405,-3185
18406,13055
18407,49630
18408,50050
18409,52325
18410,16275
18411,-11830
18412,75845
18413,55405
18414,56630
18415,55860
18416,-3815
18417,13860
18418,48580
18419,35245
18420,-1540
18421,15120
18422,68915
18423,48020
18424,58205
18425,65590
18426,18375
18427,42910
18428,51450
18429,44940
18430,40145
18431,52955
18432,43750
18433,19040
18434,43400
18435,-5915
18436,61355
18437,14595
18438,46865
18439,11550
18440,42525
18441,61110
18442,61425
18443,29365
18444,49980
18445,34650
18446,46375
18447,44940
18448,1575
18449,30485
18450,42420
18451,38780
18452,32795
18453,45500
18454,59710
18455,20195
18456,14525
18457,13090
18458,25900
18459,39480
18460,39900
18461,34195
18462,8015
18463,42560
18464,22295
18465,24710
18466,43505
18467,1925
18468,15190
18469,50540
18470,30240
18471,12600
18472,54460
18473,24710
18474,52255
18475,40285
18476,-1120
18477,33285
18478,21595
18479,27755
18480,65555
18481,38850
18482,60305
18483,26320
18484,47355
18485,43645
18486,38010
18487,19950
18488,36960
18489,44730
18490,37555
18491,60200
18492,9380
18493,44205
18494,5810
18495,66045
18496,41020
18497,2100
18498,32795
18499,12530
18500,23590
18501,46620
18502,11515
18503,37660
18504,51275
18505,50715
18506,48930
18507,33320
18508,60305
18509,-15260
18510,42385
18511,55370
18512,68040
18513,50540
18514,-18130
18515,55685
18516,54145
18517,22785
18518,8085
18519,44695
18520,19565
18521,64260
18522,37310
18523,33985
18524,47285
18525,22960
18526,25690
18527,-23940
18528,8680
18529,49105
18530,49945
18531,33425
18532,52465
18533,18935
18534,21000
18535,33145
18536,48020
18537,-33145
18538,-1680
18539,40880
18540,35490
18541,-11375
18542,26740
18543,37660
18544,15715
18545,10570
18546,3395
18547,19880
18548,23100
18549,10710
18550,20790
18551,10920
18552,10220
18553,51205
18554,37380
18555,45605
18556,-29610
18557,36680
18558,28700
18559,77700
18560,23940
18561,33460
18562,-14315
18563,-12775
18564,15190
18565,5635
18566,37625
18567,6230
18568,-1645
18569,23765
18570,-14350
18571,4410
18572,62615
18573,-12075
18574,43715
18575,31640
18576,10640
18577,46550
18578,19775
18579,33600
18580,34545
18581,45220
18582,-5005
18583,38290
18584,18270
18585,8785
18586,36155
18587,12845
18588,38325
18589,14455
18590,4725
18591,70700
18592,62125
18593,51345
18594,-16345
18595,47775
18596,16065
18597,8015
18598,32060
18599,33635
18600,11655
18601,35630
18602,24850
18603,32515
18604,39655
18605,3010
18606,32340
18607,40810
18608,17150
18609,30730
18610,-26635
18611,62335
18612,41125
18613,33320
18614,29785
18615,54005
18616,49350
18617,29400
18618,55895
18619,38010
18620,53165
18621,44380
18622,20300
18623,-5950
18624,14245
18625,36645
18626,1085
18627,55475
18628,13790
18629,16240
18630,27230
18631,29715
18632,-245
18633,45430
18634,25305
18635,52220
18636,32305
18637,25830
18638,28455
18639,16240
18640,40040
18641,40985
18642,57960
18643,58170
18644,27860
18645,19670
18646,18725
18647,23100
18648,25200
18649,42665
18650,36925
18651,69300
18652,43995
18653,25935
18654,315
18655,35945
18656,38850
18657,29610
18658,12145
18659,2520
18660,57890
18661,6650
18662,68145
18663,12530
18664,35070
18665,54215
18666,60900
18667,45185
18668,58380
18669,53305
18670,34020
18671,8155
18672,26005
18673,34755
18674,8960
18675,36715
18676,21560
18677,26985
18678,46515
18679,27020
18680,51800
18681,23660
18682,-16310
18683,22470
18684,-12005
18685,42770
18686,36400
18687,7035
18688,47215
18689,42560
18690,30905
18691,37450
18692,23450
18693,5880
18694,49910
18695,50435
18696,52990
18697,54670
18698,35385
18699,72205
18700,6335
18701,23100
18702,14420
18703,43575
18704,34020
18705,8715
18706,46445
18707,-2485
18708,33810
18709,23450
18710,49945
18711,19915
18712,-2555
18713,33635
18714,7210
18715,53865
18716,45430
18717,-26565
18718,16765
18719,46445
18720,49980
18721,29540
18722,39620
18723,68075
18724,4515
18725,22190
18726,50365
18727,24710
18728,29645
18729,33950
18730,60305
18731,37765
18732,-2100
18733,7770
18734,44135
18735,57715
18736,-6545
18737,34405
18738,10290
18739,24640
18740,2030
18741,31500
18742,-15085
18743,17045
18744,42525
18745,52045
18746,32375
18747,30870
18748,48475
18749,-24885
18750,-44100
18751,25795
18752,63630
18753,54250
18754,37800
18755,15750
18756,32095
18757,10360
18758,6755
18759,39480
18760,37240
18761,24150
18762,41020
18763,4690
18764,53550
18765,35910
18766,29015
18767,36960
18768,29470
18769,-4865
18770,47390
18771,12425
18772,19320
18773,36120
18774,39970
18775,23800
18776,14700
18777,41580
18778,37625
18779,50435
18780,29995
18781,50645
18782,36855
18783,53690
18784,37380
18785,38045
18786,16555
18787,24885
18788,-37065
18789,30240
18790,25585
18791,-15715
18792,28175
18793,24360
18794,43295
18795,37520
18796,38500
18797,26215
18798,68495
18799,46585
18800,42875
18801,-6160
18802,-11095
18803,37135
18804,61565
18805,22680
18806,17570
18807,30275
18808,32130
18809,29995
18810,-8820
18811,31745
18812,23205
18813,26005
18814,45080
18815,11480
18816,46060
18817,48685
18818,52255
18819,47600
18820,49245
18821,49910
18822,8050
18823,39900
18824,24465
18825,19180
18826,48545
18827,40880
18828,16940
18829,33705
18830,13720
18831,-26600
18832,24290
18833,-1120
18834,42455
18835,58030
18836,-5635
18837,30205
18838,-16765
18839,58695
18840,35595
18841,54320
18842,51065
18843,-45710
18844,57365
18845,45745
18846,12040
18847,-12180
18848,48825
18849,52675
18850,49560
18851,11200
18852,42665
18853,15645
18854,36680
18855,34265
18856,37800
18857,8750
18858,39970
18859,46340
18860,54985
18861,57890
18862,24290
18863,43575
18864,12040
18865,26390
18866,14175
18867,21630
18868,20545
18869,51660
18870,60900
18871,-6650
18872,50680
18873,30345
18874,29505
18875,24290
18876,32935
18877,42385
18878,3185
18879,35350
18880,21490
18881,37660
18882,-5320
18883,20055
18884,15190
18885,-840
18886,40775
18887,41510
18888,16030
18889,55195
18890,7770
18891,33425
18892,52395
18893,13860
18894,30520
18895,61950
18896,56210
18897,11410
18898,57855
18899,54600
18900,42280
18901,-27930
18902,27055
18903,9625
18904,33740
18905,22785
18906,45010
18907,44520
18908,66745
18909,45395
18910,38885
18911,41125
18912,26215
18913,-13195
18914,40845
18915,41930
18916,54250
18917,7280
18918,58135
18919,57365
18920,46585
18921,49630
18922,34265
18923,30170
18924,-5460
18925,27580
18926,10395
18927,1470
18928,48790
18929,31535
18930,47530
18931,28175
18932,36855
18933,12600
18934,20965
18935,45885
18936,34300
18937,7105
18938,39445
18939,13090
18940,35560
18941,50855
18942,32515
18943,-56980
18944,44975
18945,58765
18946,43505
18947,26880
18948,665
18949,30625
18950,47635
18951,49140
18952,9660
18953,22890
18954,34825
18955,38115
18956,68390
18957,47425
18958,21525
18959,-13090
18960,40285
18961,36260
18962,42595
18963,26775
18964,-5740
18965,46025
18966,-1995
18967,44835
18968,18795
18969,15435
18970,73115
18971,8645
18972,7875
18973,39025
18974,6020
18975,16905
18976,48650
18977,29050
18978,49350
18979,23870
18980,59325
18981,32550
18982,48020
18983,39340
18984,-9275
18985,23940
18986,72555
18987,20230
18988,22085
18989,45920
18990,51415
18991,5320
18992,32585
18993,5635
18994,-18340
18995,44170
18996,-26810
18997,3850
18998,29925
18999,11095
19000,47320
19001,28525
19002,36330
19003,43715
19004,28105
19005,48930
19006,30135
19007,31290
19008,28665
19009,20125
19010,30345
19011,26005
19012,12740
19013,-8015
19014,18375
19015,-21980
19016,54390
19017,-840
19018,37555
19019,28140
19020,11445
19021,38675
19022,22015
19023,49455
19024,57575
19025,32690
19026,12950
19027,2310
19028,8715
19029,47355
19030,15855
19031,39655
19032,50995
19033,46620
19034,42350
19035,30695
19036,910
19037,42805
19038,-16660
19039,19880
19040,40250
19041,-19460
19042,14070
19043,50995
19044,33145
19045,50680
19046,45780
19047,18760
19048,46060
19049,44275
19050,5040
19051,39620
19052,28070
19053,57050
19054,41230
19055,44625
19056,-15645
19057,34300
19058,34405
19059,28735
19060,14070
19061,47320
19062,27650
19063,61460
19064,54285
19065,27300
19066,42350
19067,25340
19068,16240
19069,19915
19070,33285
19071,-4760
19072,30450
19073,70525
19074,20405
19075,39270
19076,31850
19077,-14210
19078,55545
19079,35315
19080,6510
19081,52290
19082,43050
19083,-30030
19084,6615
19085,6335
19086,29890
19087,-14910
19088,51555
19089,59570
19090,29715
19091,66395
19092,35175
19093,57050
19094,39935
19095,18795
19096,-7560
19097,17290
19098,48860
19099,71680
19100,50925
19101,10920
19102,51345
19103,13720
19104,17185
19105,47705
19106,30170
19107,34125
19108,57330
19109,43155
19110,37625
19111,57155
19112,19880
19113,16625
19114,33775
19115,17010
19116,46690
19117,37940
19118,20895
19119,14175
19120,25200
19121,39585
19122,21350
19123,35630
19124,-10675
19125,9485
19126,12880
19127,57085
19128,57750
19129,41720
19130,26635
19131,17885
19132,29435
19133,21140
19134,34230
19135,50015
19136,28560
19137,39795
19138,9415
19139,20790
19140,37485
19141,18130
19142,36400
19143,45850
19144,23065
19145,47635
19146,39165
19147,31990
19148,50050
19149,60305
19150,1400
19151,34265
19152,21770
19153,38115
19154,38185
19155,75635
19156,47425
19157,28350
19158,52815
19159,50435
19160,46235
19161,18270
19162,-2100
19163,6930
19164,20615
19165,15400
19166,16415
19167,38045
19168,29330
19169,39935
19170,32235
19171,14560
19172,48125
19173,42525
19174,59675
19175,27510
19176,8190
19177,41895
19178,-6790
19179,14875
19180,19425
19181,64260
19182,-5320
19183,45430
19184,14385
19185,56700
19186,-14700
19187,20860
19188,22295
19189,59780
19190,12320
19191,17710
19192,54110
19193,45255
19194,41125
19195,17745
19196,65205
19197,40110
19198,62405
19199,11235
19200,48265
19201,47180
19202,-12355
19203,16940
19204,36995
19205,33320
19206,8330
19207,47915
19208,31535
19209,-10500
19210,47740
19211,48440
19212,51555
19213,11200
19214,63210
19215,55790
19216,-7035
19217,65870
19218,53585
19219,42560
19220,26705
19221,17220
19222,7770
19223,-26180
19224,13195
19225,44975
19226,6860
19227,65450
19228,28385
19229,62090
19230,-15260
19231,45605
19232,42630
19233,26880
19234,49385
19235,55510
19236,26705
19237,39795
19238,30135
19239,23205
19240,23555
19241,31570
19242,33495
19243,51380
19244,6580
19245,35980
19246,7840
19247,50470
19248,59360
19249,-630
19250,30415
19251,32025
19252,-21420
19253,37380
19254,55090
19255,27615
19256,-4060
19257,37380
19258,22260
19259,42805
19260,67690
19261,53515
19262,34055
19263,46690
19264,33565
19265,54565
19266,-4200
19267,47775
19268,9065
19269,30520
19270,7525
19271,21035
19272,5915
19273,44695
19274,41510
19275,27090
19276,31885
19277,20930
19278,44905
19279,16590
19280,-945
19281,-1505
19282,64680
19283,29540
19284,45955
19285,53235
19286,38955
19287,40845
19288,54705
19289,38080
19290,44555
19291,34405
19292,27440
19293,37065
19294,18375
19295,55195
19296,56875
19297,38850
19298,43820
19299,41090
19300,29435
19301,46375
19302,20265
19303,48615
19304,945
19305,63175
19306,42245
19307,16870
19308,13965
19309,36365
19310,37730
19311,46410
19312,50190
19313,48545
19314,23660
19315,29890
19316,38955
19317,17255
19318,43015
19319,40425
19320,26320
19321,48335
19322,25410
19323,12810
19324,12985
19325,58975
19326,49420
19327,13790
19328,26600
19329,62020
19330,22260
19331,10290
19332,42175
19333,58520
19334,33985
19335,1610
19336,46655
19337,8715
19338,21175
19339,-17465
19340,23380
19341,8330
19342,44170
19343,13580
19344,20510
19345,29575
19346,32095
19347,-13895
19348,41055
19349,17605
19350,55825
19351,37625
19352,21000
19353,48860
19354,26320
19355,12355
19356,42490
19357,21000
19358,56700
19359,47495
19360,19075
19361,-1680
19362,53200
19363,40180
19364,5880
19365,3920
19366,54670
19367,18340
19368,54110
19369,47565
19370,47705
19371,-14735
19372,14490
19373,34020
19374,60060
19375,9940
19376,665
19377,41685
19378,9695
19379,2135
19380,36925
19381,41965
19382,21770
19383,35630
19384,36120
19385,49805
19386,19600
19387,23030
19388,38080
19389,5600
19390,47040
19391,33530
19392,45360
19393,10710
19394,33845
19395,49525
19396,26005
19397,-6720
19398,30940
19399,34965
19400,49700
19401,24885
19402,15750
19403,24675
19404,28140
19405,29470
19406,44905
19407,59255
19408,4165
19409,10395
19410,19880
19411,59885
19412,18445
19413,32410
19414,-1155
19415,40180
19416,41475
19417,44380
19418,24325
19419,10150
19420,50365
19421,52150
19422,22715
19423,28945
19424,62510
19425,51170
19426,43190
19427,9660
19428,10360
19429,-2415
19430,40425
19431,42945
19432,37205
19433,53725
19434,66325
19435,26635
19436,55755
19437,29330
19438,41965
19439,16590
19440,9415
19441,45150
19442,24395
19443,27370
19444,51345
19445,5845
19446,-14140
19447,-18235
19448,46270
19449,-34930
19450,45640
19451,49735
19452,31745
19453,-6895
19454,28945
19455,26460
19456,4165
19457,29435
19458,27755
19459,51030
19460,33635
19461,39795
19462,-17850
19463,11305
19464,34615
19465,39795
19466,38885
19467,52290
19468,42000
19469,31850
19470,19460
19471,33250
19472,-20685
19473,32235
19474,21000
19475,13300
19476,2555
19477,8295
19478,43820
19479,28630
19480,29890
19481,38640
19482,5810
19483,66920
19484,22085
19485,26705
19486,560
19487,23695
19488,52990
19489,24010
19490,46620
19491,15575
19492,17640
19493,9100
19494,46445
19495,32480
19496,4480
19497,25970
19498,-13615
19499,44170
19500,30065
19501,40950
19502,27475
19503,67235
19504,2800
19505,-6300
19506,19740
19507,35840
19508,12145
19509,27230
19510,46480
19511,-18620
19512,30240
19513,24465
19514,18935
19515,31605
19516,30345
19517,29575
19518,28210
19519,30450
19520,22995
19521,3920
19522,12285
19523,25725
19524,31290
19525,38290
19526,21245
19527,11690
19528,22890
19529,63875
19530,39270
19531,57435
19532,44625
19533,41755
19534,11935
19535,1645
19536,-665
19537,7735
19538,29400
19539,25410
19540,68145
19541,56595
19542,33740
19543,9205
19544,16940
19545,50680
19546,65415
19547,36715
19548,12075
19549,34370
19550,42035
19551,30240
19552,56420
19553,13965
19554,33495
19555,52675
19556,22820
19557,26320
19558,49070
19559,-5565
19560,26530
19561,29050
19562,15015
19563,37240
19564,6720
19565,30345
19566,7735
19567,16730
19568,61005
19569,20265
19570,6090
19571,42665
19572,-6265
19573,21735
19574,47845
19575,37660
19576,23870
19577,39655
19578,-7910
19579,44555
19580,-29960
19581,41895
19582,45010
19583,35140
19584,20475
19585,58625
19586,36470
19587,30100
19588,8190
19589,-3430
19590,60830
19591,34020
19592,29050
19593,38850
19594,38990
19595,19775
19596,9240
19597,47635
19598,47915
19599,21980
19600,16905
19601,29120
19602,52080
19603,34020
19604,9170
19605,24080
19606,28490
19607,27055
19608,26985
19609,32410
19610,11165
19611,10115
19612,68040
19613,29365
19614,33040
19615,60165
19616,9380
19617,-10360
19618,11095
19619,27965
19620,56490
19621,29470
19622,21070
19623,44170
19624,21000
19625,21700
19626,1505
19627,-84595
19628,30030
19629,48020
19630,16765
19631,1505
19632,20510
19633,35700
19634,25620
19635,35840
19636,24710
19637,43330
19638,20055
19639,17570
19640,64435
19641,13895
19642,15470
19643,47530
19644,74200
19645,48790
19646,56315
19647,-11025
19648,27965
19649,-4620
19650,39900
19651,13440
19652,49350
19653,35560
19654,53025
19655,49175
19656,53620
19657,33565
19658,32060
19659,58870
19660,48510
19661,55440
19662,42105
19663,37065
19664,13230
19665,3115
19666,-875
19667,-17325
19668,23380
19669,46270
19670,72135
19671,44380
19672,9590
19673,12565
19674,61460
19675,105
19676,65485
19677,46235
19678,23100
19679,16135
19680,35385
19681,47810
19682,36050
19683,14595
19684,34265
19685,45640
19686,24640
19687,39410
19688,10850
19689,61285
19690,10185
19691,19040
19692,39165
19693,33145
19694,41825
19695,23380
19696,16625
19697,14840
19698,11305
19699,16170
19700,49140
19701,48720
19702,30660
19703,29645
19704,-11305
19705,23345
19706,-9065
19707,30660
19708,22190
19709,8260
19710,45675
19711,14665
19712,44730
19713,54915
19714,54425
19715,62930
19716,44170
19717,26915
19718,53375
19719,12390
19720,61845
19721,13020
19722,43890
19723,46445
19724,35385
19725,43050
19726,35980
19727,21910
19728,3850
19729,2485
19730,21490
19731,3185
19732,22190
19733,66290
19734,50960
19735,18795
19736,49595
19737,41825
19738,8680
19739,32270
19740,33250
19741,28350
19742,62300
19743,56000
19744,55195
19745,46060
19746,10080
19747,22505
19748,31850
19749,28700
19750,10955
19751,3185
19752,45955
19753,33250
19754,16590
19755,58170
19756,22260
19757,49630
19758,48685
19759,60830
19760,51100
19761,-24640
19762,17430
19763,18620
19764,13965
19765,35630
19766,41545
19767,2100
19768,32410
19769,67445
19770,39340
19771,36645
19772,-22435
19773,43435
19774,35910
19775,52325
19776,12215
19777,47215
19778,48510
19779,33495
19780,57330
19781,35805
19782,34020
19783,51975
19784,45115
19785,700
19786,33460
19787,12670
19788,56945
19789,40775
19790,52815
19791,-5740
19792,14105
19793,-24010
19794,-7840
19795,21980
19796,44730
19797,37870
19798,54670
19799,29645
19800,50015
19801,23975
19802,36330
19803,13370
19804,44275
19805,45115
19806,7630
19807,39655
19808,29400
19809,34335
19810,16940
19811,43050
19812,38780
19813,8575
19814,-14140
19815,32795
19816,62615
19817,-13965
19818,27440
19819,51765
19820,58975
19821,26635
19822,56140
19823,59395
19824,40530
19825,31045
19826,19845
19827,65870
19828,50225
19829,31255
19830,41195
19831,26740
19832,28490
19833,29400
19834,24010
19835,38220
19836,43820
19837,34160
19838,43715
19839,20580
19840,36785
19841,-5985
19842,33600
19843,16275
19844,35140
19845,25375
19846,23310
19847,46165
19848,27685
19849,2870
19850,22365
19851,45325
19852,20160
19853,14560
19854,51695
19855,59605
19856,51695
19857,31290
19858,21385
19859,46025
19860,58100
19861,39340
19862,49560
19863,33775
19864,33670
19865,36190
19866,27650
19867,22925
19868,20055
19869,10640
19870,20895
19871,30730
19872,35420
19873,53375
19874,24640
19875,38080
19876,27895
19877,27125
19878,-16835
19879,4830
19880,48510
19881,32305
19882,26460
19883,22015
19884,71155
19885,53725
19886,37730
19887,15995
19888,34265
19889,17535
19890,53900
19891,46585
19892,-30660
19893,40285
19894,36715
19895,35665
19896,6685
19897,53025
19898,38045
19899,980
19900,980
19901,36400
19902,28140
19903,57820
19904,-2450
19905,40495
19906,42875
19907,21350
19908,21420
19909,34615
19910,35560
19911,700
19912,17290
19913,42070
19914,22190
19915,37975
19916,7945
19917,12740
19918,51660
19919,37135
19920,17780
19921,45080
19922,34510
19923,43505
19924,-7735
19925,14560
19926,61915
19927,-33495
19928,19705
19929,15190
19930,44870
19931,61250
19932,26390
19933,46970
19934,11655
19935,50260
19936,38395
19937,-30695
19938,31465
19939,26040
19940,29470
19941,43540
19942,6440
19943,37310
19944,49140
19945,48195
19946,34545
19947,36260
19948,41300
19949,-32340
19950,51590
19951,24780
19952,26215
19953,27580
19954,41965
19955,14840
19956,20475
19957,44730
19958,32270
19959,55580
19960,7945
19961,-770
19962,49210
19963,25095
19964,21455
19965,14140
19966,25900
19967,39130
19968,11900
19969,26460
19970,-24465
19971,31780
19972,47075
19973,29225
19974,27615
19975,28105
19976,36715
19977,17360
19978,47985
19979,23135
19980,69230
19981,27125
19982,-16905
19983,31185
19984,50610
19985,45010
19986,20860
19987,18480
19988,35140
19989,-14455
19990,22050
19991,17325
19992,35350
19993,64750
19994,55090
19995,20685
19996,52850
19997,22225
19998,-5040
19999,13300
