sample,best_lucro
0,61670
1,87115
2,87115
3,87115
4,87115
5,87115
6,87115
7,88515
8,88515
9,88515
10,88515
11,88515
12,88515
13,88515
14,88515
15,88515
16,88515
17,88515
18,88515
19,88515
20,91630
21,91630
22,91630
23,91630
24,91630
25,91630
26,91630
27,104755
28,104755
29,104755
30,104755
31,104755
32,104755
33,104755
34,104755
35,104755
36,104755
37,104755
38,104755
39,104755
40,104755
41,104755
42,104755
43,104755
44,104755
45,104755
46,104755
47,104755
48,104755
49,104755
50,104755
51,104755
52,104755
53,104755
54,104755
55,104755
56,104755
57,105245
58,105245
59,105245
60,105245
61,105245
62,105245
63,105245
64,105245
65,105245
66,105245
67,105245
68,105245
69,105245
70,105245
71,105245
72,105245
73,105245
74,105245
75,105245
76,105245
77,105245
78,105245
79,105245
80,106505
81,106505
82,106505
83,106505
84,106505
85,106505
86,106505
87,106505
88,106505
89,106505
90,106505
91,106505
92,106505
93,106505
94,106505
95,106505
96,106505
97,106505
98,106505
99,106505
100,106505
101,106505
102,106505
103,106505
104,106505
105,106505
106,106505
107,106505
108,106505
109,106505
110,106505
111,106505
112,106505
113,106505
114,106505
115,106505
116,106505
117,106505
118,106505
119,117600
120,117600
121,117600
122,117600
123,117600
124,117600
125,117600
126,117600
127,117600
128,117600
129,117600
130,117600
131,117600
132,117600
133,117600
134,117600
135,117600
136,117600
137,117600
138,117600
139,117600
140,117600
141,117600
142,117600
143,117600
144,117600
145,117600
146,117600
147,117600
148,117600
149,117600
150,117600
151,117600
152,117600
153,117600
154,117600
155,117600
156,117600
157,117600
158,117600
159,117600
160,117600
161,117600
162,117600
163,117600
164,117600
165,117600
166,117600
167,117600
168,117600
169,117600
170,117600
171,117600
172,117600
173,117600
174,117600
175,117600
176,117600
177,117600
178,117600
179,117600
180,117600
181,117600
182,117600
183,117600
184,117600
185,117600
186,117600
187,117600
188,117600
189,117600
190,117600
191,117600
192,117600
193,117600
194,117600
195,117600
196,117600
197,117600
198,117600
199,117600
200,117600
201,117600
202,117600
203,117600
204,117600
205,117600
206,117600
207,117600
208,117600
209,117600
210,117600
211,117600
212,117600
213,117600
214,117600
215,117600
216,117600
217,117600
218,117600
219,117600
220,117600
221,117600
222,117600
223,117600
224,117600
225,117600
226,117600
227,117600
228,117600
229,117600
230,117600
231,117600
232,117600
233,117600
234,117600
235,117600
236,117600
237,117600
238,117600
239,117600
240,117600
241,117600
242,117600
243,117600
244,117600
245,117600
246,117600
247,117600
248,117600
249,117600
250,117600
251,117600
252,117600
253,117600
254,117600
255,117600
256,117600
257,117600
258,117600
259,117600
260,117600
261,117600
262,117600
263,117600
264,117600
265,117600
266,117600
267,117600
268,117600
269,117600
270,117600
271,117600
272,117600
273,117600
274,117600
275,117600
276,117600
277,117600
278,117600
279,117600
280,117600
281,117600
282,117600
283,117600
284,117600
285,117600
286,117600
287,117600
288,117600
289,117600
290,117600
291,117600
292,117600
293,117600
294,117600
295,117600
296,117600
297,117600
298,117600
299,117600
300,117600
301,117600
302,117600
303,117600
304,117600
305,117600
306,117600
307,117600
308,117600
309,117600
310,117600
311,117600
312,117600
313,117600
314,117600
315,117600
316,117600
317,117600
318,117600
319,117600
320,117600
321,117600
322,117600
323,117600
324,117600
325,117600
326,117600
327,117600
328,117600
329,117600
330,117600
331,117600
332,117600
333,117600
334,117600
335,117600
336,117600
337,117600
338,117600
339,117600
340,117600
341,117600
342,117600
343,117600
344,117600
345,117600
346,117600
347,117600
348,117600
349,117600
350,117600
351,117600
352,117600
353,117600
354,124425
355,124425
356,124425
357,124425
358,124425
359,124425
360,124425
361,124425
362,124425
363,124425
364,124425
365,124425
366,124425
367,124425
368,124425
369,124425
370,124425
371,124425
372,124425
373,124425
374,124425
375,124425
376,124425
377,124425
378,124425
379,124425
380,124425
381,124425
382,124425
383,124425
384,124425
385,124425
386,124425
387,124425
388,124425
389,124425
390,124425
391,124425
392,124425
393,124425
394,124425
395,124425
396,124425
397,124425
398,124425
399,124425
400,124425
401,124425
402,124425
403,124425
404,124425
405,124425
406,124425
407,124425
408,124425
409,124425
410,124425
411,124425
412,124425
413,124425
414,124425
415,124425
416,124425
417,124425
418,124425
419,124425
420,124425
421,124425
422,124425
423,124425
424,124425
425,124425
426,124425
427,124425
428,124425
429,124425
430,124425
431,124425
432,124425
433,124425
434,124425
435,124425
436,124425
437,124425
438,124425
439,124425
440,124425
441,124425
442,124425
443,124425
444,124425
445,124425
446,124425
447,124425
448,124425
449,124425
450,124425
451,124425
452,124425
453,124425
454,124425
455,124425
456,124425
457,124425
458,124425
459,124425
460,124425
461,124425
462,124425
463,124425
464,124425
465,124425
466,124425
467,124425
468,124425
469,124425
470,124425
471,124425
472,124425
473,124425
474,124425
475,124425
476,124425
477,124425
478,124425
479,124425
480,124425
481,124425
482,124425
483,124425
484,124425
485,124425
486,124425
487,124425
488,124425
489,124425
490,124425
491,124425
492,124425
493,124425
494,124425
495,124425
496,124425
497,124425
498,124425
499,124425
500,124425
501,124425
502,124425
503,124425
504,124425
505,124425
506,124425
507,124425
508,124425
509,124425
510,124425
511,124425
512,124425
513,124425
514,124425
515,124425
516,124425
517,124425
518,124425
519,124425
520,124425
521,124425
522,124425
523,124425
524,124425
525,124425
526,124425
527,124425
528,124425
529,124425
530,124425
531,124425
532,124425
533,124425
534,124425
535,124425
536,124425
537,124425
538,124425
539,124425
540,124425
541,124425
542,124425
543,124425
544,124425
545,124425
546,124425
547,124425
548,124425
549,124425
550,124425
551,124425
552,124425
553,124425
554,124425
555,124425
556,124425
557,124425
558,124425
559,124425
560,124425
561,124425
562,124425
563,124425
564,124425
565,124425
566,124425
567,124425
568,124425
569,124425
570,124425
571,124425
572,124425
573,124425
574,124425
575,124425
576,124425
577,124425
578,124425
579,124425
580,124425
581,124425
582,124425
583,124425
584,124425
585,124425
586,124425
587,124425
588,124425
589,124425
590,124425
591,124425
592,124425
593,124425
594,124425
595,124425
596,124425
597,124425
598,124425
599,124425
600,124425
601,124425
602,124425
603,124425
604,124425
605,124425
606,124425
607,124425
608,124425
609,124425
610,124425
611,124425
612,124425
613,124425
614,124425
615,124425
616,124425
617,124425
618,124425
619,124425
620,124425
621,124425
622,124425
623,124425
624,124425
625,124425
626,124425
627,124425
628,124425
629,124425
630,124425
631,124425
632,124425
633,124425
634,124425
635,124425
636,124425
637,124425
638,124425
639,124425
640,124425
641,124425
642,124425
643,124425
644,124425
645,124425
646,124425
647,124425
648,124425
649,124425
650,124425
651,124425
652,124425
653,124425
654,124425
655,124425
656,124425
657,124425
658,124425
659,124425
660,124425
661,124425
662,124425
663,124425
664,124425
665,124425
666,124425
667,124425
668,124425
669,124425
670,124425
671,124425
672,124425
673,124425
674,124425
675,124425
676,124425
677,124425
678,124425
679,124425
680,124425
681,124425
682,124425
683,124425
684,124425
685,124425
686,124425
687,124425
688,124425
689,124425
690,124425
691,124425
692,124425
693,124425
694,124425
695,124425
696,124425
697,124425
698,124425
699,124425
700,124425
701,124425
702,124425
703,124425
704,124425
705,124425
706,124425
707,124425
708,124425
709,124425
710,124425
711,124425
712,124425
713,124425
714,124425
715,124425
716,124425
717,124425
718,124425
719,124425
720,124425
721,124425
722,124425
723,124425
724,124425
725,124425
726,124425
727,124425
728,124425
729,124425
730,124425
731,124425
732,124425
733,124425
734,124425
735,124425
736,124425
737,124425
738,124425
739,124425
740,124425
741,124425
742,124425
743,124425
744,124425
745,124425
746,124425
747,124425
748,124425
749,124425
750,124425
751,124425
752,124425
753,124425
754,124425
755,124425
756,124425
757,124425
758,124425
759,124425
760,124425
761,124425
762,124425
763,124425
764,124425
765,124425
766,124425
767,124425
768,124425
769,124425
770,124425
771,124425
772,124425
773,124425
774,124425
775,124425
776,124425
777,124425
778,124425
779,124425
780,124425
781,124425
782,124425
783,124425
784,124425
785,124425
786,124425
787,124425
788,124425
789,124425
790,124425
791,124425
792,124425
793,124425
794,124425
795,124425
796,124425
797,124425
798,124425
799,124425
800,124425
801,124425
802,124425
803,124425
804,124425
805,124425
806,124425
807,124425
808,124425
809,124425
810,124425
811,124425
812,124425
813,124425
814,124425
815,124425
816,124425
817,124425
818,124425
819,124425
820,124425
821,124425
822,124425
823,124425
824,124425
825,124425
826,124425
827,124425
828,124425
829,124425
830,124425
831,124425
832,124425
833,124425
834,124425
835,124425
836,124425
837,124425
838,124425
839,124425
840,124425
841,124425
842,124425
843,124425
844,124425
845,124425
846,124425
847,124425
848,124425
849,124425
850,124425
851,124425
852,124425
853,124425
854,124425
855,124425
856,124425
857,124425
858,124425
859,124425
860,124425
861,124425
862,124425
863,124425
864,124425
865,124425
866,124425
867,124425
868,124425
869,124425
870,124425
871,124425
872,124425
873,124425
874,124425
875,124425
876,124425
877,124425
878,124425
879,124425
880,124425
881,124425
882,124425
883,124425
884,124425
885,124425
886,124425
887,124425
888,124425
889,124425
890,124425
891,124425
892,124425
893,124425
894,124425
895,124425
896,124425
897,124425
898,124425
899,124425
900,124425
901,124425
902,124425
903,124425
904,124425
905,124425
906,124425
907,124425
908,124425
909,124425
910,124425
911,124425
912,124425
913,124425
914,124425
915,124425
916,124425
917,124425
918,124425
919,124425
920,124425
921,124425
922,124425
923,124425
924,124425
925,124425
926,124425
927,124425
928,124425
929,124425
930,124425
931,124425
932,124425
933,124425
934,124425
935,124425
936,124425
937,124425
938,124425
939,124425
940,124425
941,124425
942,124425
943,124425
944,124425
945,124425
946,124425
947,124425
948,124425
949,124425
950,124425
951,124425
952,124425
953,124425
954,124425
955,124425
956,124425
957,124425
958,124425
959,124425
960,124425
961,124425
962,124425
963,124425
964,124425
965,124425
966,124425
967,124425
968,124425
969,124425
970,124425
971,124425
972,124425
973,124425
974,124425
975,124425
976,124425
977,124425
978,124425
979,124425
980,124425
981,124425
982,124425
983,124425
984,124425
985,124425
986,124425
987,124425
988,124425
989,124425
990,124425
991,124425
992,124425
993,124425
994,124425
995,124425
996,124425
997,124425
998,124425
999,124425
1000,124425
1001,124425
1002,124425
1003,124425
1004,124425
1005,124425
1006,124425
1007,124425
1008,124425
1009,124425
1010,124425
1011,124425
1012,124425
1013,132405
1014,132405
1015,132405
1016,132405
1017,132405
1018,132405
1019,132405
1020,132405
1021,132405
1022,132405
1023,132405
1024,132405
1025,132405
1026,132405
1027,132405
1028,132405
1029,132405
1030,132405
1031,132405
1032,132405
1033,132405
1034,132405
1035,132405
1036,132405
1037,132405
1038,132405
1039,132405
1040,132405
1041,132405
1042,132405
1043,132405
1044,132405
1045,132405
1046,132405
1047,132405
1048,132405
1049,132405
1050,132405
1051,132405
1052,132405
1053,132405
1054,132405
1055,132405
1056,132405
1057,132405
1058,132405
1059,132405
1060,132405
1061,132405
1062,132405
1063,132405
1064,132405
1065,132405
1066,132405
1067,132405
1068,132405
1069,132405
1070,132405
1071,132405
1072,132405
1073,132405
1074,132405
1075,132405
1076,132405
1077,132405
1078,132405
1079,132405
1080,132405
1081,132405
1082,132405
1083,132405
1084,132405
1085,132405
1086,132405
1087,132405
1088,132405
1089,132405
1090,132405
1091,132405
1092,132405
1093,132405
1094,132405
1095,132405
1096,132405
1097,132405
1098,132405
1099,132405
1100,132405
1101,132405
1102,132405
1103,132405
1104,132405
1105,132405
1106,132405
1107,132405
1108,132405
1109,132405
1110,132405
1111,132405
1112,132405
1113,132405
1114,132405
1115,132405
1116,132405
1117,132405
1118,132405
1119,132405
1120,132405
1121,132405
1122,132405
1123,132405
1124,132405
1125,132405
1126,132405
1127,132405
1128,132405
1129,132405
1130,132405
1131,132405
1132,132405
1133,132405
1134,132405
1135,132405
1136,132405
1137,132405
1138,132405
1139,132405
1140,132405
1141,132405
1142,132405
1143,132405
1144,132405
1145,132405
1146,132405
1147,132405
1148,132405
1149,132405
1150,132405
1151,132405
1152,132405
1153,132405
1154,132405
1155,132405
1156,132405
1157,132405
1158,132405
1159,132405
1160,132405
1161,132405
1162,132405
1163,132405
1164,132405
1165,132405
1166,132405
1167,132405
1168,132405
1169,132405
1170,132405
1171,132405
1172,132405
1173,132405
1174,132405
1175,132405
1176,132405
1177,132405
1178,132405
1179,132405
1180,132405
1181,132405
1182,132405
1183,132405
1184,132405
1185,132405
1186,132405
1187,132405
1188,132405
1189,132405
1190,132405
1191,132405
1192,132405
1193,132405
1194,132405
1195,132405
1196,132405
1197,132405
1198,132405
1199,132405
1200,132405
1201,132405
1202,132405
1203,132405
1204,132405
1205,132405
1206,132405
1207,132405
1208,132405
1209,132405
1210,132405
1211,132405
1212,132405
1213,132405
1214,132405
1215,132405
1216,132405
1217,132405
1218,132405
1219,132405
1220,132405
1221,132405
1222,132405
1223,132405
1224,132405
1225,132405
1226,132405
1227,132405
1228,132405
1229,132405
1230,132405
1231,132405
1232,132405
1233,132405
1234,132405
1235,132405
1236,132405
1237,132405
1238,132405
1239,132405
1240,132405
1241,132405
1242,132405
1243,132405
1244,132405
1245,132405
1246,132405
1247,132405
1248,132405
1249,132405
1250,132405
1251,132405
1252,132405
1253,132405
1254,132405
1255,132405
1256,132405
1257,132405
1258,132405
1259,132405
1260,132405
1261,132405
1262,132405
1263,132405
1264,132405
1265,132405
1266,132405
1267,132405
1268,132405
1269,132405
1270,132405
1271,132405
1272,132405
1273,132405
1274,132405
1275,132405
1276,132405
1277,132405
1278,132405
1279,132405
1280,132405
1281,132405
1282,132405
1283,132405
1284,132405
1285,132405
1286,132405
1287,132405
1288,132405
1289,132405
1290,132405
1291,132405
1292,132405
1293,132405
1294,132405
1295,132405
1296,132405
1297,132405
1298,132405
1299,132405
1300,132405
1301,132405
1302,132405
1303,132405
1304,132405
1305,132405
1306,132405
1307,132405
1308,132405
1309,132405
1310,132405
1311,132405
1312,132405
1313,132405
1314,132405
1315,132405
1316,132405
1317,132405
1318,132405
1319,132405
1320,132405
1321,132405
1322,132405
1323,132405
1324,132405
1325,132405
1326,132405
1327,132405
1328,132405
1329,132405
1330,132405
1331,132405
1332,132405
1333,132405
1334,132405
1335,132405
1336,132405
1337,132405
1338,132405
1339,132405
1340,132405
1341,132405
1342,132405
1343,132405
1344,132405
1345,132405
1346,132405
1347,132405
1348,132405
1349,132405
1350,132405
1351,132405
1352,132405
1353,132405
1354,132405
1355,132405
1356,132405
1357,132405
1358,132405
1359,132405
1360,132405
1361,132405
1362,132405
1363,132405
1364,132405
1365,132405
1366,132405
1367,132405
1368,132405
1369,132405
1370,132405
1371,132405
1372,132405
1373,132405
1374,132405
1375,132405
1376,132405
1377,132405
1378,132405
1379,132405
1380,132405
1381,132405
1382,132405
1383,132405
1384,132405
1385,132405
1386,132405
1387,132405
1388,132405
1389,132405
1390,132405
1391,132405
1392,132405
1393,132405
1394,132405
1395,132405
1396,132405
1397,132405
1398,132405
1399,132405
1400,132405
1401,132405
1402,132405
1403,132405
1404,132405
1405,132405
1406,132405
1407,132405
1408,132405
1409,132405
1410,132405
1411,132405
1412,132405
1413,132405
1414,132405
1415,132405
1416,132405
1417,132405
1418,132405
1419,132405
1420,132405
1421,132405
1422,132405
1423,132405
1424,132405
1425,132405
1426,132405
1427,132405
1428,132405
1429,132405
1430,132405
1431,132405
1432,132405
1433,132405
1434,132405
1435,132405
1436,132405
1437,132405
1438,132405
1439,132405
1440,132405
1441,132405
1442,132405
1443,132405
1444,132405
1445,132405
1446,132405
1447,132405
1448,132405
1449,132405
1450,132405
1451,132405
1452,132405
1453,132405
1454,132405
1455,132405
1456,132405
1457,132405
1458,132405
1459,132405
1460,132405
1461,132405
1462,132405
1463,132405
1464,132405
1465,132405
1466,132405
1467,132405
1468,132405
1469,132405
1470,132405
1471,132405
1472,132405
1473,132405
1474,132405
1475,132405
1476,132405
1477,132405
1478,132405
1479,132405
1480,132405
1481,132405
1482,132405
1483,132405
1484,132405
1485,132405
1486,132405
1487,132405
1488,132405
1489,132405
1490,132405
1491,132405
1492,132405
1493,132405
1494,132405
1495,132405
1496,132405
1497,132405
1498,132405
1499,132405
1500,132405
1501,132405
1502,132405
1503,132405
1504,132405
1505,132405
1506,132405
1507,132405
1508,132405
1509,132405
1510,132405
1511,132405
1512,132405
1513,132405
1514,132405
1515,132405
1516,132405
1517,132405
1518,132405
1519,132405
1520,132405
1521,132405
1522,132405
1523,132405
1524,132405
1525,132405
1526,132405
1527,132405
1528,132405
1529,132405
1530,132405
1531,132405
1532,132405
1533,132405
1534,132405
1535,132405
1536,132405
1537,132405
1538,132405
1539,132405
1540,132405
1541,132405
1542,132405
1543,132405
1544,132405
1545,132405
1546,132405
1547,132405
1548,132405
1549,132405
1550,132405
1551,132405
1552,132405
1553,132405
1554,132405
1555,132405
1556,132405
1557,132405
1558,132405
1559,132405
1560,132405
1561,132405
1562,132405
1563,132405
1564,132405
1565,132405
1566,132405
1567,132405
1568,132405
1569,132405
1570,132405
1571,132405
1572,132405
1573,132405
1574,132405
1575,132405
1576,132405
1577,132405
1578,132405
1579,132405
1580,132405
1581,132405
1582,132405
1583,132405
1584,132405
1585,132405
1586,132405
1587,132405
1588,132405
1589,132405
1590,132405
1591,132405
1592,132405
1593,132405
1594,132405
1595,132405
1596,132405
1597,132405
1598,132405
1599,132405
1600,132405
1601,132405
1602,132405
1603,132405
1604,132405
1605,132405
1606,132405
1607,132405
1608,132405
1609,132405
1610,132405
1611,132405
1612,132405
1613,132405
1614,132405
1615,132405
1616,132405
1617,132405
1618,132405
1619,132405
1620,132405
1621,132405
1622,132405
1623,132405
1624,132405
1625,132405
1626,132405
1627,132405
1628,132405
1629,132405
1630,132405
1631,132405
1632,132405
1633,132405
1634,132405
1635,132405
1636,132405
1637,132405
1638,132405
1639,132405
1640,132405
1641,132405
1642,132405
1643,132405
1644,132405
1645,132405
1646,132405
1647,132405
1648,132405
1649,132405
1650,132405
1651,132405
1652,132405
1653,132405
1654,132405
1655,132405
1656,132405
1657,132405
1658,132405
1659,132405
1660,132405
1661,132405
1662,132405
1663,132405
1664,132405
1665,132405
1666,132405
1667,132405
1668,132405
1669,132405
1670,132405
1671,132405
1672,132405
1673,132405
1674,132405
1675,132405
1676,132405
1677,132405
1678,132405
1679,132405
1680,132405
1681,132405
1682,132405
1683,132405
1684,132405
1685,132405
1686,132405
1687,132405
1688,132405
1689,132405
1690,132405
1691,132405
1692,132405
1693,132405
1694,132405
1695,132405
1696,132405
1697,132405
1698,132405
1699,132405
1700,132405
1701,132405
1702,132405
1703,132405
1704,132405
1705,132405
1706,132405
1707,132405
1708,132405
1709,132405
1710,132405
1711,132405
1712,132405
1713,132405
1714,132405
1715,132405
1716,132405
1717,132405
1718,132405
1719,132405
1720,132405
1721,132405
1722,132405
1723,132405
1724,132405
1725,132405
1726,132405
1727,132405
1728,132405
1729,132405
1730,132405
1731,132405
1732,132405
1733,132405
1734,132405
1735,132405
1736,132405
1737,132405
1738,132405
1739,132405
1740,132405
1741,132405
1742,132405
1743,132405
1744,132405
1745,132405
1746,132405
1747,132405
1748,132405
1749,132405
1750,132405
1751,132405
1752,132405
1753,132405
1754,132405
1755,132405
1756,132405
1757,132405
1758,132405
1759,132405
1760,132405
1761,132405
1762,132405
1763,132405
1764,132405
1765,132405
1766,132405
1767,132405
1768,132405
1769,132405
1770,132405
1771,132405
1772,132405
1773,132405
1774,132405
1775,132405
1776,132405
1777,132405
1778,132405
1779,132405
1780,132405
1781,132405
1782,132405
1783,132405
1784,132405
1785,132405
1786,132405
1787,132405
1788,132405
1789,132405
1790,132405
1791,132405
1792,132405
1793,132405
1794,132405
1795,132405
1796,132405
1797,132405
1798,132405
1799,132405
1800,132405
1801,132405
1802,132405
1803,132405
1804,132405
1805,132405
1806,132405
1807,132405
1808,132405
1809,132405
1810,132405
1811,132405
1812,132405
1813,132405
1814,132405
1815,132405
1816,132405
1817,132405
1818,132405
1819,132405
1820,132405
1821,132405
1822,132405
1823,132405
1824,132405
1825,132405
1826,132405
1827,132405
1828,132405
1829,132405
1830,132405
1831,132405
1832,132405
1833,132405
1834,132405
1835,132405
1836,132405
1837,132405
1838,132405
1839,132405
1840,132405
1841,132405
1842,132405
1843,132405
1844,132405
1845,132405
1846,132405
1847,132405
1848,132405
1849,132405
1850,132405
1851,132405
1852,132405
1853,132405
1854,132405
1855,132405
1856,132405
1857,132405
1858,132405
1859,132405
1860,132405
1861,132405
1862,132405
1863,132405
1864,132405
1865,132405
1866,132405
1867,132405
1868,132405
1869,132405
1870,132405
1871,132405
1872,132405
1873,132405
1874,132405
1875,132405
1876,132405
1877,132405
1878,132405
1879,132405
1880,132405
1881,132405
1882,132405
1883,132405
1884,132405
1885,132405
1886,132405
1887,132405
1888,132405
1889,132405
1890,132405
1891,132405
1892,132405
1893,132405
1894,132405
1895,132405
1896,132405
1897,132405
1898,132405
1899,132405
1900,132405
1901,132405
1902,132405
1903,132405
1904,132405
1905,132405
1906,132405
1907,132405
1908,132405
1909,132405
1910,132405
1911,132405
1912,132405
1913,132405
1914,132405
1915,132405
1916,132405
1917,132405
1918,132405
1919,132405
1920,132405
1921,132405
1922,132405
1923,132405
1924,132405
1925,132405
1926,132405
1927,132405
1928,132405
1929,132405
1930,132405
1931,132405
1932,132405
1933,132405
1934,132405
1935,132405
1936,132405
1937,132405
1938,132405
1939,132405
1940,132405
1941,132405
1942,132405
1943,132405
1944,132405
1945,132405
1946,132405
1947,132405
1948,132405
1949,132405
1950,132405
1951,132405
1952,132405
1953,132405
1954,132405
1955,132405
1956,132405
1957,132405
1958,132405
1959,132405
1960,132405
1961,132405
1962,132405
1963,132405
1964,132405
1965,132405
1966,132405
1967,132405
1968,132405
1969,132405
1970,132405
1971,132405
1972,132405
1973,132405
1974,132405
1975,132405
1976,132405
1977,132405
1978,132405
1979,132405
1980,132405
1981,132405
1982,132405
1983,132405
1984,132405
1985,132405
1986,132405
1987,132405
1988,132405
1989,132405
1990,132405
1991,132405
1992,132405
1993,132405
1994,132405
1995,132405
1996,132405
1997,132405
1998,132405
1999,132405
2000,132405
2001,132405
2002,132405
2003,132405
2004,132405
2005,132405
2006,132405
2007,132405
2008,132405
2009,132405
2010,132405
2011,132405
2012,132405
2013,132405
2014,132405
2015,132405
2016,132405
2017,132405
2018,132405
2019,132405
2020,132405
2021,132405
2022,132405
2023,132405
2024,132405
2025,132405
2026,132405
2027,132405
2028,132405
2029,132405
2030,132405
2031,132405
2032,132405
2033,132405
2034,132405
2035,132405
2036,132405
2037,132405
2038,132405
2039,132405
2040,132405
2041,132405
2042,132405
2043,132405
2044,132405
2045,132405
2046,132405
2047,132405
2048,132405
2049,132405
2050,132405
2051,132405
2052,132405
2053,132405
2054,132405
2055,132405
2056,132405
2057,132405
2058,132405
2059,132405
2060,132405
2061,132405
2062,132405
2063,132405
2064,132405
2065,132405
2066,132405
2067,132405
2068,132405
2069,132405
2070,132405
2071,132405
2072,132405
2073,132405
2074,132405
2075,132405
2076,132405
2077,132405
2078,132405
2079,132405
2080,132405
2081,132405
2082,132405
2083,132405
2084,132405
2085,132405
2086,132405
2087,132405
2088,132405
2089,132405
2090,132405
2091,132405
2092,132405
2093,132405
2094,132405
2095,132405
2096,132405
2097,132405
2098,132405
2099,132405
2100,132405
2101,132405
2102,132405
2103,132405
2104,132405
2105,132405
2106,132405
2107,132405
2108,132405
2109,132405
2110,132405
2111,132405
2112,132405
2113,132405
2114,132405
2115,132405
2116,132405
2117,132405
2118,132405
2119,132405
2120,132405
2121,132405
2122,132405
2123,132405
2124,132405
2125,132405
2126,132405
2127,132405
2128,132405
2129,132405
2130,132405
2131,132405
2132,132405
2133,132405
2134,132405
2135,132405
2136,132405
2137,132405
2138,132405
2139,132405
2140,132405
2141,132405
2142,132405
2143,132405
2144,132405
2145,132405
2146,132405
2147,132405
2148,132405
2149,132405
2150,132405
2151,132405
2152,132405
2153,132405
2154,132405
2155,132405
2156,132405
2157,132405
2158,132405
2159,132405
2160,132405
2161,132405
2162,132405
2163,132405
2164,132405
2165,132405
2166,132405
2167,132405
2168,132405
2169,132405
2170,132405
2171,132405
2172,132405
2173,132405
2174,132405
2175,132405
2176,132405
2177,132405
2178,132405
2179,132405
2180,132405
2181,132405
2182,132405
2183,132405
2184,132405
2185,132405
2186,132405
2187,132405
2188,132405
2189,132405
2190,132405
2191,132405
2192,132405
2193,132405
2194,132405
2195,132405
2196,132405
2197,132405
2198,132405
2199,132405
2200,132405
2201,132405
2202,132405
2203,132405
2204,132405
2205,132405
2206,132405
2207,132405
2208,132405
2209,132405
2210,132405
2211,132405
2212,132405
2213,132405
2214,132405
2215,132405
2216,132405
2217,132405
2218,132405
2219,132405
2220,132405
2221,132405
2222,132405
2223,132405
2224,132405
2225,132405
2226,132405
2227,132405
2228,132405
2229,132405
2230,132405
2231,132405
2232,132405
2233,132405
2234,132405
2235,132405
2236,132405
2237,132405
2238,132405
2239,132405
2240,132405
2241,132405
2242,132405
2243,132405
2244,132405
2245,132405
2246,132405
2247,132405
2248,132405
2249,132405
2250,132405
2251,132405
2252,132405
2253,132405
2254,132405
2255,132405
2256,132405
2257,132405
2258,132405
2259,132405
2260,132405
2261,132405
2262,132405
2263,132405
2264,132405
2265,132405
2266,132405
2267,132405
2268,132405
2269,132405
2270,132405
2271,132405
2272,132405
2273,132405
2274,132405
2275,132405
2276,132405
2277,132405
2278,132405
2279,132405
2280,132405
2281,132405
2282,132405
2283,132405
2284,132405
2285,132405
2286,132405
2287,132405
2288,132405
2289,132405
2290,132405
2291,132405
2292,132405
2293,132405
2294,132405
2295,132405
2296,132405
2297,132405
2298,132405
2299,132405
2300,132405
2301,132405
2302,132405
2303,132405
2304,132405
2305,132405
2306,132405
2307,132405
2308,132405
2309,132405
2310,132405
2311,132405
2312,132405
2313,132405
2314,132405
2315,132405
2316,132405
2317,132405
2318,132405
2319,132405
2320,132405
2321,132405
2322,132405
2323,132405
2324,132405
2325,132405
2326,132405
2327,132405
2328,132405
2329,132405
2330,132405
2331,132405
2332,132405
2333,132405
2334,132405
2335,132405
2336,132405
2337,132405
2338,132405
2339,132405
2340,132405
2341,132405
2342,132405
2343,132405
2344,132405
2345,132405
2346,132405
2347,132405
2348,132405
2349,132405
2350,132405
2351,132405
2352,132405
2353,132405
2354,132405
2355,132405
2356,132405
2357,132405
2358,132405
2359,132405
2360,132405
2361,132405
2362,132405
2363,132405
2364,132405
2365,132405
2366,132405
2367,132405
2368,132405
2369,132405
2370,132405
2371,132405
2372,132405
2373,132405
2374,132405
2375,132405
2376,132405
2377,132405
2378,132405
2379,132405
2380,132405
2381,132405
2382,132405
2383,132405
2384,132405
2385,132405
2386,132405
2387,132405
2388,132405
2389,132405
2390,132405
2391,132405
2392,132405
2393,132405
2394,132405
2395,132405
2396,132405
2397,132405
2398,132405
2399,132405
2400,132405
2401,132405
2402,132405
2403,132405
2404,132405
2405,132405
2406,132405
2407,132405
2408,132405
2409,132405
2410,132405
2411,132405
2412,132405
2413,132405
2414,132405
2415,132405
2416,132405
2417,132405
2418,132405
2419,132405
2420,132405
2421,132405
2422,132405
2423,132405
2424,132405
2425,132405
2426,132405
2427,132405
2428,132405
2429,132405
2430,132405
2431,132405
2432,132405
2433,132405
2434,132405
2435,132405
2436,132405
2437,132405
2438,132405
2439,132405
2440,132405
2441,132405
2442,132405
2443,132405
2444,132405
2445,132405
2446,132405
2447,132405
2448,132405
2449,132405
2450,132405
2451,132405
2452,132405
2453,132405
2454,132405
2455,132405
2456,132405
2457,132405
2458,132405
2459,132405
2460,132405
2461,132405
2462,132405
2463,132405
2464,132405
2465,132405
2466,132405
2467,132405
2468,132405
2469,132405
2470,132405
2471,132405
2472,132405
2473,132405
2474,132405
2475,132405
2476,132405
2477,132405
2478,132405
2479,132405
2480,132405
2481,132405
2482,132405
2483,132405
2484,132405
2485,132405
2486,132405
2487,132405
2488,132405
2489,132405
2490,132405
2491,132405
2492,132405
2493,132405
2494,132405
2495,132405
2496,132405
2497,132405
2498,132405
2499,132405
2500,132405
2501,132405
2502,132405
2503,132405
2504,132405
2505,132405
2506,132405
2507,132405
2508,132405
2509,132405
2510,132405
2511,132405
2512,132405
2513,132405
2514,132405
2515,132405
2516,132405
2517,132405
2518,132405
2519,132405
2520,132405
2521,132405
2522,132405
2523,132405
2524,132405
2525,132405
2526,132405
2527,132405
2528,132405
2529,132405
2530,132405
2531,132405
2532,132405
2533,132405
2534,132405
2535,132405
2536,132405
2537,132405
2538,132405
2539,132405
2540,132405
2541,132405
2542,132405
2543,132405
2544,132405
2545,132405
2546,132405
2547,132405
2548,132405
2549,132405
2550,132405
2551,132405
2552,132405
2553,132405
2554,132405
2555,132405
2556,132405
2557,132405
2558,132405
2559,132405
2560,132405
2561,132405
2562,132405
2563,132405
2564,132405
2565,132405
2566,132405
2567,132405
2568,132405
2569,132405
2570,132405
2571,132405
2572,132405
2573,132405
2574,132405
2575,132405
2576,132405
2577,132405
2578,132405
2579,132405
2580,132405
2581,132405
2582,132405
2583,132405
2584,132405
2585,132405
2586,132405
2587,132405
2588,132405
2589,132405
2590,132405
2591,132405
2592,132405
2593,132405
2594,132405
2595,132405
2596,132405
2597,132405
2598,132405
2599,132405
2600,132405
2601,132405
2602,132405
2603,132405
2604,132405
2605,132405
2606,132405
2607,132405
2608,132405
2609,132405
2610,132405
2611,132405
2612,132405
2613,132405
2614,132405
2615,132405
2616,132405
2617,132405
2618,132405
2619,132405
2620,132405
2621,132405
2622,132405
2623,132405
2624,132405
2625,132405
2626,132405
2627,132405
2628,132405
2629,132405
2630,132405
2631,132405
2632,132405
2633,132405
2634,132405
2635,132405
2636,132405
2637,132405
2638,132405
2639,132405
2640,132405
2641,132405
2642,132405
2643,132405
2644,132405
2645,132405
2646,132405
2647,132405
2648,132405
2649,132405
2650,132405
2651,132405
2652,132405
2653,132405
2654,132405
2655,132405
2656,132405
2657,132405
2658,132405
2659,132405
2660,132405
2661,132405
2662,132405
2663,132405
2664,132405
2665,132405
2666,132405
2667,132405
2668,132405
2669,132405
2670,132405
2671,132405
2672,132405
2673,132405
2674,132405
2675,132405
2676,132405
2677,132405
2678,132405
2679,132405
2680,132405
2681,132405
2682,132405
2683,132405
2684,132405
2685,132405
2686,132405
2687,132405
2688,132405
2689,132405
2690,132405
2691,132405
2692,132405
2693,132405
2694,132405
2695,132405
2696,132405
2697,132405
2698,132405
2699,132405
2700,132405
2701,132405
2702,132405
2703,132405
2704,132405
2705,132405
2706,132405
2707,132405
2708,132405
2709,132405
2710,132405
2711,132405
2712,132405
2713,132405
2714,132405
2715,132405
2716,132405
2717,132405
2718,132405
2719,132405
2720,132405
2721,132405
2722,132405
2723,132405
2724,132405
2725,132405
2726,132405
2727,132405
2728,132405
2729,132405
2730,132405
2731,132405
2732,132405
2733,132405
2734,132405
2735,132405
2736,132405
2737,132405
2738,132405
2739,132405
2740,132405
2741,132405
2742,132405
2743,132405
2744,132405
2745,132405
2746,132405
2747,132405
2748,132405
2749,132405
2750,132405
2751,132405
2752,132405
2753,132405
2754,132405
2755,132405
2756,132405
2757,132405
2758,132405
2759,132405
2760,132405
2761,132405
2762,132405
2763,132405
2764,132405
2765,132405
2766,132405
2767,132405
2768,132405
2769,132405
2770,132405
2771,132405
2772,132405
2773,132405
2774,132405
2775,132405
2776,132405
2777,132405
2778,132405
2779,132405
2780,132405
2781,132405
2782,132405
2783,132405
2784,132405
2785,132405
2786,132405
2787,132405
2788,132405
2789,132405
2790,132405
2791,132405
2792,132405
2793,132405
2794,132405
2795,132405
2796,132405
2797,132405
2798,132405
2799,132405
2800,132405
2801,132405
2802,132405
2803,132405
2804,132405
2805,132405
2806,132405
2807,132405
2808,132405
2809,132405
2810,132405
2811,132405
2812,132405
2813,132405
2814,132405
2815,132405
2816,132405
2817,132405
2818,132405
2819,132405
2820,132405
2821,132405
2822,132405
2823,132405
2824,132405
2825,132405
2826,132405
2827,132405
2828,132405
2829,132405
2830,132405
2831,132405
2832,132405
2833,132405
2834,132405
2835,132405
2836,132405
2837,132405
2838,132405
2839,132405
2840,132405
2841,132405
2842,132405
2843,132405
2844,132405
2845,132405
2846,132405
2847,132405
2848,132405
2849,132405
2850,132405
2851,132405
2852,132405
2853,132405
2854,132405
2855,132405
2856,132405
2857,132405
2858,132405
2859,132405
2860,132405
2861,132405
2862,132405
2863,132405
2864,132405
2865,132405
2866,132405
2867,132405
2868,132405
2869,132405
2870,132405
2871,132405
2872,132405
2873,132405
2874,132405
2875,132405
2876,132405
2877,132405
2878,132405
2879,132405
2880,132405
2881,132405
2882,132405
2883,132405
2884,132405
2885,132405
2886,132405
2887,132405
2888,132405
2889,132405
2890,132405
2891,132405
2892,132405
2893,132405
2894,132405
2895,132405
2896,132405
2897,132405
2898,132405
2899,132405
2900,132405
2901,132405
2902,132405
2903,132405
2904,132405
2905,132405
2906,132405
2907,132405
2908,132405
2909,132405
2910,132405
2911,132405
2912,132405
2913,132405
2914,132405
2915,132405
2916,132405
2917,132405
2918,132405
2919,132405
2920,132405
2921,132405
2922,132405
2923,132405
2924,132405
2925,132405
2926,132405
2927,132405
2928,132405
2929,132405
2930,132405
2931,132405
2932,132405
2933,132405
2934,132405
2935,132405
2936,132405
2937,132405
2938,132405
2939,132405
2940,132405
2941,132405
2942,132405
2943,132405
2944,132405
2945,132405
2946,132405
2947,132405
2948,132405
2949,132405
2950,132405
2951,132405
2952,132405
2953,132405
2954,132405
2955,132405
2956,132405
2957,132405
2958,132405
2959,132405
2960,132405
2961,132405
2962,132405
2963,132405
2964,132405
2965,132405
2966,132405
2967,132405
2968,132405
2969,132405
2970,132405
2971,132405
2972,132405
2973,132405
2974,132405
2975,132405
2976,132405
2977,132405
2978,132405
2979,132405
2980,132405
2981,132405
2982,132405
2983,132405
2984,132405
2985,132405
2986,132405
2987,132405
2988,132405
2989,132405
2990,132405
2991,132405
2992,132405
2993,132405
2994,132405
2995,132405
2996,132405
2997,132405
2998,132405
2999,132405
3000,132405
3001,132405
3002,132405
3003,132405
3004,132405
3005,132405
3006,132405
3007,132405
3008,132405
3009,132405
3010,132405
3011,132405
3012,132405
3013,132405
3014,132405
3015,132405
3016,132405
3017,132405
3018,132405
3019,132405
3020,132405
3021,132405
3022,132405
3023,132405
3024,132405
3025,132405
3026,132405
3027,132405
3028,132405
3029,132405
3030,132405
3031,132405
3032,132405
3033,132405
3034,132405
3035,132405
3036,132405
3037,132405
3038,132405
3039,132405
3040,132405
3041,132405
3042,132405
3043,132405
3044,132405
3045,132405
3046,132405
3047,132405
3048,132405
3049,132405
3050,132405
3051,132405
3052,132405
3053,132405
3054,132405
3055,132405
3056,132405
3057,132405
3058,132405
3059,132405
3060,132405
3061,132405
3062,132405
3063,132405
3064,132405
3065,132405
3066,132405
3067,132405
3068,132405
3069,132405
3070,132405
3071,132405
3072,132405
3073,132405
3074,132405
3075,132405
3076,132405
3077,132405
3078,132405
3079,132405
3080,132405
3081,132405
3082,132405
3083,132405
3084,132405
3085,132405
3086,132405
3087,132405
3088,132405
3089,132405
3090,132405
3091,132405
3092,132405
3093,132405
3094,132405
3095,132405
3096,132405
3097,132405
3098,132405
3099,132405
3100,132405
3101,132405
3102,132405
3103,132405
3104,132405
3105,132405
3106,132405
3107,132405
3108,132405
3109,132405
3110,132405
3111,132405
3112,132405
3113,132405
3114,132405
3115,132405
3116,132405
3117,132405
3118,132405
3119,132405
3120,132405
3121,132405
3122,132405
3123,132405
3124,132405
3125,132405
3126,132405
3127,132405
3128,132405
3129,132405
3130,132405
3131,132405
3132,132405
3133,132405
3134,132405
3135,132405
3136,132405
3137,132405
3138,132405
3139,132405
3140,132405
3141,132405
3142,132405
3143,132405
3144,132405
3145,132405
3146,132405
3147,132405
3148,132405
3149,132405
3150,132405
3151,132405
3152,132405
3153,132405
3154,132405
3155,132405
3156,132405
3157,132405
3158,132405
3159,132405
3160,132405
3161,132405
3162,132405
3163,132405
3164,132405
3165,132405
3166,132405
3167,132405
3168,132405
3169,132405
3170,132405
3171,132405
3172,132405
3173,132405
3174,132405
3175,132405
3176,132405
3177,132405
3178,132405
3179,132405
3180,132405
3181,132405
3182,132405
3183,132405
3184,132405
3185,132405
3186,132405
3187,132405
3188,132405
3189,132405
3190,132405
3191,132405
3192,132405
3193,132405
3194,132405
3195,132405
3196,132405
3197,132405
3198,132405
3199,132405
3200,132405
3201,132405
3202,132405
3203,132405
3204,132405
3205,132405
3206,132405
3207,132405
3208,132405
3209,132405
3210,132405
3211,132405
3212,132405
3213,132405
3214,132405
3215,132405
3216,132405
3217,132405
3218,132405
3219,132405
3220,132405
3221,132405
3222,132405
3223,132405
3224,132405
3225,132405
3226,132405
3227,132405
3228,132405
3229,132405
3230,132405
3231,132405
3232,132405
3233,132405
3234,132405
3235,132405
3236,132405
3237,132405
3238,132405
3239,132405
3240,132405
3241,132405
3242,132405
3243,132405
3244,132405
3245,132405
3246,132405
3247,132405
3248,132405
3249,132405
3250,132405
3251,132405
3252,132405
3253,132405
3254,132405
3255,132405
3256,132405
3257,132405
3258,132405
3259,132405
3260,132405
3261,132405
3262,132405
3263,132405
3264,132405
3265,132405
3266,132405
3267,132405
3268,132405
3269,132405
3270,132405
3271,132405
3272,132405
3273,132405
3274,132405
3275,132405
3276,132405
3277,132405
3278,132405
3279,132405
3280,132405
3281,132405
3282,132405
3283,132405
3284,132405
3285,132405
3286,132405
3287,132405
3288,132405
3289,132405
3290,132405
3291,132405
3292,132405
3293,132405
3294,132405
3295,132405
3296,132405
3297,132405
3298,132405
3299,132405
3300,132405
3301,132405
3302,132405
3303,132405
3304,132405
3305,132405
3306,132405
3307,132405
3308,132405
3309,132405
3310,132405
3311,132405
3312,132405
3313,132405
3314,132405
3315,132405
3316,132405
3317,132405
3318,132405
3319,132405
3320,132405
3321,132405
3322,132405
3323,132405
3324,132405
3325,132405
3326,132405
3327,132405
3328,132405
3329,132405
3330,132405
3331,132405
3332,132405
3333,132405
3334,132405
3335,132405
3336,132405
3337,132405
3338,132405
3339,132405
3340,132405
3341,132405
3342,132405
3343,132405
3344,132405
3345,132405
3346,132405
3347,132405
3348,132405
3349,132405
3350,132405
3351,132405
3352,132405
3353,132405
3354,132405
3355,132405
3356,132405
3357,132405
3358,132405
3359,132405
3360,132405
3361,132405
3362,132405
3363,132405
3364,132405
3365,132405
3366,132405
3367,132405
3368,132405
3369,132405
3370,132405
3371,132405
3372,132405
3373,132405
3374,132405
3375,132405
3376,132405
3377,132405
3378,132405
3379,132405
3380,132405
3381,132405
3382,132405
3383,132405
3384,132405
3385,132405
3386,132405
3387,132405
3388,132405
3389,132405
3390,132405
3391,132405
3392,132405
3393,132405
3394,132405
3395,132405
3396,132405
3397,132405
3398,132405
3399,132405
3400,132405
3401,132405
3402,132405
3403,132405
3404,132405
3405,132405
3406,132405
3407,132405
3408,132405
3409,132405
3410,132405
3411,132405
3412,132405
3413,132405
3414,132405
3415,132405
3416,132405
3417,132405
3418,132405
3419,132405
3420,132405
3421,132405
3422,132405
3423,132405
3424,132405
3425,132405
3426,132405
3427,132405
3428,132405
3429,132405
3430,132405
3431,132405
3432,132405
3433,132405
3434,132405
3435,132405
3436,132405
3437,132405
3438,132405
3439,132405
3440,132405
3441,132405
3442,132405
3443,132405
3444,132405
3445,132405
3446,132405
3447,132405
3448,132405
3449,132405
3450,132405
3451,132405
3452,132405
3453,132405
3454,132405
3455,132405
3456,132405
3457,132405
3458,132405
3459,132405
3460,132405
3461,132405
3462,132405
3463,132405
3464,132405
3465,132405
3466,132405
3467,132405
3468,132405
3469,132405
3470,132405
3471,132405
3472,132405
3473,132405
3474,132405
3475,132405
3476,132405
3477,132405
3478,132405
3479,132405
3480,132405
3481,132405
3482,132405
3483,132405
3484,132405
3485,132405
3486,132405
3487,132405
3488,132405
3489,132405
3490,132405
3491,132405
3492,132405
3493,132405
3494,132405
3495,132405
3496,132405
3497,132405
3498,132405
3499,132405
3500,132405
3501,132405
3502,132405
3503,132405
3504,132405
3505,132405
3506,132405
3507,132405
3508,132405
3509,132405
3510,132405
3511,132405
3512,132405
3513,132405
3514,132405
3515,132405
3516,132405
3517,132405
3518,132405
3519,132405
3520,132405
3521,132405
3522,132405
3523,132405
3524,132405
3525,132405
3526,132405
3527,132405
3528,132405
3529,132405
3530,132405
3531,132405
3532,132405
3533,132405
3534,132405
3535,132405
3536,132405
3537,132405
3538,132405
3539,132405
3540,132405
3541,132405
3542,132405
3543,132405
3544,132405
3545,132405
3546,132405
3547,132405
3548,132405
3549,132405
3550,132405
3551,132405
3552,132405
3553,132405
3554,132405
3555,132405
3556,132405
3557,132405
3558,132405
3559,132405
3560,132405
3561,132405
3562,132405
3563,132405
3564,132405
3565,132405
3566,132405
3567,132405
3568,132405
3569,132405
3570,132405
3571,132405
3572,132405
3573,132405
3574,132405
3575,132405
3576,132405
3577,132405
3578,132405
3579,132405
3580,132405
3581,132405
3582,132405
3583,132405
3584,132405
3585,132405
3586,132405
3587,132405
3588,132405
3589,132405
3590,132405
3591,132405
3592,132405
3593,132405
3594,132405
3595,132405
3596,132405
3597,132405
3598,132405
3599,132405
3600,132405
3601,132405
3602,132405
3603,132405
3604,132405
3605,132405
3606,132405
3607,132405
3608,132405
3609,132405
3610,132405
3611,132405
3612,132405
3613,132405
3614,132405
3615,132405
3616,132405
3617,132405
3618,132405
3619,132405
3620,132405
3621,132405
3622,132405
3623,132405
3624,132405
3625,132405
3626,132405
3627,132405
3628,132405
3629,132405
3630,132405
3631,132405
3632,132405
3633,132405
3634,132405
3635,132405
3636,132405
3637,132405
3638,132405
3639,132405
3640,132405
3641,132405
3642,132405
3643,132405
3644,132405
3645,132405
3646,132405
3647,132405
3648,132405
3649,132405
3650,132405
3651,132405
3652,132405
3653,132405
3654,132405
3655,132405
3656,132405
3657,132405
3658,132405
3659,132405
3660,132405
3661,132405
3662,132405
3663,132405
3664,132405
3665,132405
3666,132405
3667,132405
3668,132405
3669,132405
3670,132405
3671,132405
3672,132405
3673,132405
3674,132405
3675,132405
3676,132405
3677,132405
3678,132405
3679,132405
3680,132405
3681,132405
3682,132405
3683,132405
3684,132405
3685,132405
3686,132405
3687,132405
3688,132405
3689,132405
3690,132405
3691,132405
3692,132405
3693,132405
3694,132405
3695,132405
3696,132405
3697,132405
3698,132405
3699,132405
3700,132405
3701,132405
3702,132405
3703,132405
3704,132405
3705,132405
3706,132405
3707,132405
3708,132405
3709,132405
3710,132405
3711,132405
3712,132405
3713,132405
3714,132405
3715,132405
3716,132405
3717,132405
3718,132405
3719,132405
3720,132405
3721,132405
3722,132405
3723,132405
3724,132405
3725,132405
3726,132405
3727,132405
3728,132405
3729,132405
3730,132405
3731,132405
3732,132405
3733,132405
3734,132405
3735,132405
3736,132405
3737,132405
3738,132405
3739,132405
3740,132405
3741,132405
3742,132405
3743,132405
3744,132405
3745,132405
3746,132405
3747,132405
3748,132405
3749,132405
3750,132405
3751,132405
3752,132405
3753,132405
3754,132405
3755,132405
3756,132405
3757,132405
3758,132405
3759,132405
3760,132405
3761,132405
3762,132405
3763,132405
3764,132405
3765,132405
3766,132405
3767,132405
3768,132405
3769,132405
3770,132405
3771,132405
3772,132405
3773,132405
3774,132405
3775,132405
3776,132405
3777,132405
3778,132405
3779,132405
3780,132405
3781,132405
3782,132405
3783,132405
3784,132405
3785,132405
3786,132405
3787,132405
3788,132405
3789,132405
3790,132405
3791,132405
3792,132405
3793,132405
3794,132405
3795,132405
3796,132405
3797,132405
3798,132405
3799,132405
3800,132405
3801,132405
3802,132405
3803,132405
3804,132405
3805,132405
3806,132405
3807,132405
3808,132405
3809,132405
3810,132405
3811,132405
3812,132405
3813,132405
3814,132405
3815,132405
3816,132405
3817,132405
3818,132405
3819,132405
3820,132405
3821,132405
3822,132405
3823,132405
3824,132405
3825,132405
3826,132405
3827,132405
3828,132405
3829,132405
3830,132405
3831,132405
3832,132405
3833,132405
3834,132405
3835,132405
3836,132405
3837,132405
3838,132405
3839,132405
3840,132405
3841,132405
3842,132405
3843,132405
3844,132405
3845,132405
3846,132405
3847,132405
3848,132405
3849,132405
3850,132405
3851,132405
3852,132405
3853,132405
3854,132405
3855,132405
3856,132405
3857,132405
3858,132405
3859,132405
3860,132405
3861,132405
3862,132405
3863,132405
3864,132405
3865,132405
3866,132405
3867,132405
3868,132405
3869,132405
3870,132405
3871,132405
3872,132405
3873,132405
3874,132405
3875,132405
3876,132405
3877,132405
3878,132405
3879,132405
3880,132405
3881,132405
3882,132405
3883,132405
3884,132405
3885,132405
3886,132405
3887,132405
3888,132405
3889,132405
3890,132405
3891,132405
3892,132405
3893,132405
3894,132405
3895,132405
3896,132405
3897,132405
3898,132405
3899,132405
3900,132405
3901,132405
3902,132405
3903,132405
3904,132405
3905,132405
3906,132405
3907,132405
3908,132405
3909,132405
3910,132405
3911,132405
3912,132405
3913,132405
3914,132405
3915,132405
3916,132405
3917,132405
3918,132405
3919,132405
3920,132405
3921,132405
3922,132405
3923,132405
3924,132405
3925,132405
3926,132405
3927,132405
3928,132405
3929,132405
3930,132405
3931,132405
3932,132405
3933,132405
3934,132405
3935,132405
3936,132405
3937,132405
3938,132405
3939,132405
3940,132405
3941,132405
3942,132405
3943,132405
3944,132405
3945,132405
3946,132405
3947,132405
3948,132405
3949,132405
3950,132405
3951,132405
3952,132405
3953,132405
3954,132405
3955,132405
3956,132405
3957,132405
3958,132405
3959,132405
3960,132405
3961,132405
3962,132405
3963,132405
3964,132405
3965,132405
3966,132405
3967,132405
3968,132405
3969,132405
3970,132405
3971,132405
3972,132405
3973,132405
3974,132405
3975,132405
3976,132405
3977,132405
3978,132405
3979,132405
3980,132405
3981,132405
3982,132405
3983,132405
3984,132405
3985,132405
3986,132405
3987,132405
3988,132405
3989,132405
3990,132405
3991,132405
3992,132405
3993,132405
3994,132405
3995,132405
3996,132405
3997,132405
3998,132405
3999,132405
4000,132405
4001,132405
4002,132405
4003,132405
4004,132405
4005,132405
4006,132405
4007,132405
4008,132405
4009,132405
4010,132405
4011,132405
4012,132405
4013,132405
4014,132405
4015,132405
4016,132405
4017,132405
4018,132405
4019,132405
4020,132405
4021,132405
4022,132405
4023,132405
4024,132405
4025,132405
4026,132405
4027,132405
4028,132405
4029,132405
4030,132405
4031,132405
4032,132405
4033,132405
4034,132405
4035,132405
4036,132405
4037,132405
4038,132405
4039,132405
4040,132405
4041,132405
4042,132405
4043,132405
4044,132405
4045,132405
4046,132405
4047,132405
4048,132405
4049,132405
4050,132405
4051,132405
4052,132405
4053,132405
4054,132405
4055,132405
4056,132405
4057,132405
4058,132405
4059,132405
4060,132405
4061,132405
4062,132405
4063,132405
4064,132405
4065,132405
4066,132405
4067,132405
4068,132405
4069,132405
4070,132405
4071,132405
4072,132405
4073,132405
4074,132405
4075,132405
4076,132405
4077,132405
4078,132405
4079,132405
4080,132405
4081,132405
4082,132405
4083,132405
4084,132405
4085,132405
4086,132405
4087,132405
4088,132405
4089,132405
4090,132405
4091,132405
4092,132405
4093,132405
4094,132405
4095,132405
4096,132405
4097,132405
4098,132405
4099,132405
4100,132405
4101,132405
4102,132405
4103,132405
4104,132405
4105,132405
4106,132405
4107,132405
4108,132405
4109,132405
4110,132405
4111,132405
4112,132405
4113,132405
4114,132405
4115,132405
4116,132405
4117,132405
4118,132405
4119,132405
4120,132405
4121,132405
4122,132405
4123,132405
4124,132405
4125,132405
4126,132405
4127,132405
4128,132405
4129,132405
4130,132405
4131,132405
4132,132405
4133,132405
4134,132405
4135,132405
4136,132405
4137,132405
4138,132405
4139,132405
4140,132405
4141,132405
4142,132405
4143,132405
4144,132405
4145,132405
4146,132405
4147,132405
4148,132405
4149,132405
4150,132405
4151,132405
4152,132405
4153,132405
4154,132405
4155,132405
4156,132405
4157,132405
4158,132405
4159,132405
4160,132405
4161,132405
4162,132405
4163,132405
4164,132405
4165,132405
4166,132405
4167,132405
4168,132405
4169,132405
4170,132405
4171,132405
4172,132405
4173,132405
4174,132405
4175,132405
4176,132405
4177,132405
4178,132405
4179,132405
4180,132405
4181,132405
4182,132405
4183,132405
4184,132405
4185,132405
4186,132405
4187,132405
4188,132405
4189,132405
4190,132405
4191,132405
4192,132405
4193,132405
4194,132405
4195,132405
4196,132405
4197,132405
4198,132405
4199,132405
4200,132405
4201,132405
4202,132405
4203,132405
4204,132405
4205,132405
4206,132405
4207,132405
4208,132405
4209,132405
4210,132405
4211,132405
4212,132405
4213,132405
4214,132405
4215,132405
4216,132405
4217,132405
4218,132405
4219,132405
4220,132405
4221,132405
4222,132405
4223,132405
4224,132405
4225,132405
4226,132405
4227,132405
4228,132405
4229,132405
4230,132405
4231,132405
4232,132405
4233,132405
4234,132405
4235,132405
4236,132405
4237,132405
4238,132405
4239,132405
4240,132405
4241,132405
4242,132405
4243,132405
4244,132405
4245,132405
4246,132405
4247,132405
4248,132405
4249,132405
4250,132405
4251,132405
4252,132405
4253,132405
4254,132405
4255,132405
4256,132405
4257,132405
4258,132405
4259,132405
4260,132405
4261,132405
4262,132405
4263,132405
4264,132405
4265,132405
4266,132405
4267,132405
4268,132405
4269,132405
4270,132405
4271,132405
4272,132405
4273,132405
4274,132405
4275,132405
4276,132405
4277,132405
4278,132405
4279,132405
4280,132405
4281,132405
4282,132405
4283,132405
4284,132405
4285,132405
4286,132405
4287,132405
4288,132405
4289,132405
4290,132405
4291,132405
4292,132405
4293,132405
4294,132405
4295,132405
4296,132405
4297,132405
4298,132405
4299,132405
4300,132405
4301,132405
4302,132405
4303,132405
4304,132405
4305,132405
4306,132405
4307,132405
4308,132405
4309,132405
4310,132405
4311,132405
4312,132405
4313,132405
4314,132405
4315,132405
4316,132405
4317,132405
4318,132405
4319,132405
4320,132405
4321,132405
4322,132405
4323,132405
4324,132405
4325,132405
4326,132405
4327,132405
4328,132405
4329,132405
4330,132405
4331,132405
4332,132405
4333,132405
4334,132405
4335,132405
4336,132405
4337,132405
4338,132405
4339,132405
4340,132405
4341,132405
4342,132405
4343,132405
4344,132405
4345,132405
4346,132405
4347,132405
4348,132405
4349,132405
4350,132405
4351,132405
4352,132405
4353,132405
4354,132405
4355,132405
4356,132405
4357,132405
4358,132405
4359,132405
4360,132405
4361,132405
4362,132405
4363,132405
4364,132405
4365,132405
4366,132405
4367,132405
4368,132405
4369,132405
4370,132405
4371,132405
4372,132405
4373,132405
4374,132405
4375,132405
4376,132405
4377,132405
4378,132405
4379,132405
4380,132405
4381,132405
4382,132405
4383,132405
4384,132405
4385,132405
4386,132405
4387,132405
4388,132405
4389,132405
4390,132405
4391,132405
4392,132405
4393,132405
4394,132405
4395,132405
4396,132405
4397,132405
4398,132405
4399,132405
4400,132405
4401,132405
4402,132405
4403,132405
4404,132405
4405,132405
4406,132405
4407,132405
4408,132405
4409,132405
4410,132405
4411,132405
4412,132405
4413,132405
4414,132405
4415,132405
4416,132405
4417,132405
4418,132405
4419,132405
4420,132405
4421,132405
4422,132405
4423,132405
4424,132405
4425,132405
4426,132405
4427,132405
4428,132405
4429,132405
4430,132405
4431,132405
4432,132405
4433,132405
4434,132405
4435,132405
4436,132405
4437,132405
4438,132405
4439,132405
4440,132405
4441,132405
4442,132405
4443,132405
4444,132405
4445,132405
4446,132405
4447,132405
4448,132405
4449,132405
4450,132405
4451,132405
4452,132405
4453,132405
4454,132405
4455,132405
4456,132405
4457,132405
4458,132405
4459,132405
4460,132405
4461,132405
4462,132405
4463,132405
4464,132405
4465,132405
4466,132405
4467,132405
4468,132405
4469,132405
4470,132405
4471,132405
4472,132405
4473,132405
4474,132405
4475,132405
4476,132405
4477,132405
4478,132405
4479,132405
4480,132405
4481,132405
4482,132405
4483,132405
4484,132405
4485,132405
4486,132405
4487,132405
4488,132405
4489,132405
4490,132405
4491,132405
4492,132405
4493,132405
4494,132405
4495,132405
4496,132405
4497,132405
4498,132405
4499,132405
4500,132405
4501,132405
4502,132405
4503,132405
4504,132405
4505,132405
4506,132405
4507,132405
4508,132405
4509,132405
4510,132405
4511,132405
4512,132405
4513,132405
4514,132405
4515,132405
4516,132405
4517,132405
4518,132405
4519,132405
4520,132405
4521,132405
4522,132405
4523,132405
4524,132405
4525,132405
4526,132405
4527,132405
4528,132405
4529,132405
4530,132405
4531,132405
4532,132405
4533,132405
4534,132405
4535,132405
4536,132405
4537,132405
4538,132405
4539,132405
4540,132405
4541,132405
4542,132405
4543,132405
4544,132405
4545,132405
4546,132405
4547,132405
4548,132405
4549,132405
4550,132405
4551,132405
4552,132405
4553,132405
4554,132405
4555,132405
4556,132405
4557,132405
4558,132405
4559,132405
4560,132405
4561,132405
4562,132405
4563,132405
4564,132405
4565,132405
4566,132405
4567,132405
4568,132405
4569,132405
4570,132405
4571,132405
4572,132405
4573,132405
4574,132405
4575,132405
4576,132405
4577,132405
4578,132405
4579,132405
4580,132405
4581,132405
4582,132405
4583,132405
4584,132405
4585,132405
4586,132405
4587,132405
4588,132405
4589,132405
4590,132405
4591,132405
4592,132405
4593,132405
4594,132405
4595,132405
4596,132405
4597,132405
4598,132405
4599,132405
4600,132405
4601,132405
4602,132405
4603,132405
4604,132405
4605,132405
4606,132405
4607,132405
4608,132405
4609,132405
4610,132405
4611,132405
4612,132405
4613,132405
4614,132405
4615,132405
4616,132405
4617,132405
4618,132405
4619,132405
4620,132405
4621,132405
4622,132405
4623,132405
4624,132405
4625,132405
4626,132405
4627,132405
4628,132405
4629,132405
4630,132405
4631,132405
4632,132405
4633,132405
4634,132405
4635,132405
4636,132405
4637,132405
4638,132405
4639,132405
4640,132405
4641,132405
4642,132405
4643,132405
4644,132405
4645,132405
4646,132405
4647,132405
4648,132405
4649,132405
4650,132405
4651,132405
4652,132405
4653,132405
4654,132405
4655,132405
4656,132405
4657,132405
4658,132405
4659,132405
4660,132405
4661,132405
4662,132405
4663,132405
4664,132405
4665,132405
4666,132405
4667,132405
4668,132405
4669,132405
4670,132405
4671,132405
4672,132405
4673,132405
4674,132405
4675,132405
4676,132405
4677,132405
4678,132405
4679,132405
4680,132405
4681,132405
4682,132405
4683,132405
4684,132405
4685,132405
4686,132405
4687,132405
4688,132405
4689,132405
4690,132405
4691,132405
4692,132405
4693,132405
4694,132405
4695,132405
4696,132405
4697,132405
4698,132405
4699,132405
4700,132405
4701,132405
4702,132405
4703,132405
4704,132405
4705,132405
4706,132405
4707,132405
4708,132405
4709,132405
4710,132405
4711,132405
4712,132405
4713,132405
4714,132405
4715,132405
4716,132405
4717,132405
4718,132405
4719,132405
4720,132405
4721,132405
4722,132405
4723,132405
4724,132405
4725,132405
4726,132405
4727,132405
4728,132405
4729,132405
4730,132405
4731,132405
4732,132405
4733,132405
4734,132405
4735,132405
4736,132405
4737,132405
4738,132405
4739,132405
4740,132405
4741,132405
4742,132405
4743,132405
4744,132405
4745,132405
4746,132405
4747,132405
4748,132405
4749,132405
4750,132405
4751,132405
4752,132405
4753,132405
4754,132405
4755,132405
4756,132405
4757,132405
4758,132405
4759,132405
4760,132405
4761,132405
4762,132405
4763,132405
4764,132405
4765,132405
4766,132405
4767,132405
4768,132405
4769,132405
4770,132405
4771,132405
4772,132405
4773,132405
4774,132405
4775,132405
4776,132405
4777,132405
4778,132405
4779,132405
4780,132405
4781,132405
4782,132405
4783,132405
4784,132405
4785,132405
4786,132405
4787,132405
4788,132405
4789,132405
4790,132405
4791,132405
4792,132405
4793,132405
4794,132405
4795,132405
4796,132405
4797,132405
4798,132405
4799,132405
4800,132405
4801,132405
4802,132405
4803,132405
4804,132405
4805,132405
4806,132405
4807,132405
4808,132405
4809,132405
4810,132405
4811,132405
4812,132405
4813,132405
4814,132405
4815,132405
4816,132405
4817,132405
4818,132405
4819,132405
4820,132405
4821,132405
4822,132405
4823,132405
4824,132405
4825,132405
4826,132405
4827,132405
4828,132405
4829,132405
4830,132405
4831,132405
4832,132405
4833,132405
4834,132405
4835,132405
4836,132405
4837,132405
4838,132405
4839,132405
4840,132405
4841,132405
4842,132405
4843,132405
4844,132405
4845,132405
4846,132405
4847,132405
4848,132405
4849,132405
4850,132405
4851,132405
4852,132405
4853,132405
4854,132405
4855,132405
4856,132405
4857,132405
4858,132405
4859,132405
4860,132405
4861,132405
4862,132405
4863,132405
4864,132405
4865,132405
4866,132405
4867,132405
4868,132405
4869,132405
4870,132405
4871,132405
4872,132405
4873,132405
4874,132405
4875,132405
4876,132405
4877,132405
4878,132405
4879,132405
4880,132405
4881,132405
4882,132405
4883,132405
4884,132405
4885,132405
4886,132405
4887,132405
4888,132405
4889,132405
4890,132405
4891,132405
4892,132405
4893,132405
4894,132405
4895,132405
4896,132405
4897,132405
4898,132405
4899,132405
4900,132405
4901,132405
4902,132405
4903,132405
4904,132405
4905,132405
4906,132405
4907,132405
4908,132405
4909,132405
4910,132405
4911,132405
4912,132405
4913,132405
4914,132405
4915,132405
4916,132405
4917,132405
4918,132405
4919,132405
4920,132405
4921,132405
4922,132405
4923,132405
4924,132405
4925,132405
4926,132405
4927,132405
4928,132405
4929,132405
4930,132405
4931,132405
4932,132405
4933,132405
4934,132405
4935,132405
4936,132405
4937,132405
4938,132405
4939,132405
4940,132405
4941,132405
4942,132405
4943,132405
4944,132405
4945,132405
4946,132405
4947,132405
4948,132405
4949,132405
4950,132405
4951,132405
4952,132405
4953,132405
4954,132405
4955,132405
4956,132405
4957,132405
4958,132405
4959,132405
4960,132405
4961,132405
4962,132405
4963,132405
4964,132405
4965,132405
4966,132405
4967,132405
4968,132405
4969,132405
4970,132405
4971,132405
4972,132405
4973,132405
4974,132405
4975,132405
4976,132405
4977,132405
4978,132405
4979,132405
4980,132405
4981,132405
4982,132405
4983,132405
4984,132405
4985,132405
4986,132405
4987,132405
4988,132405
4989,132405
4990,132405
4991,132405
4992,132405
4993,132405
4994,132405
4995,132405
4996,132405
4997,132405
4998,132405
4999,132405
5000,132405
5001,132405
5002,132405
5003,132405
5004,132405
5005,132405
5006,132405
5007,132405
5008,132405
5009,132405
5010,132405
5011,132405
5012,132405
5013,132405
5014,132405
5015,132405
5016,132405
5017,132405
5018,132405
5019,132405
5020,132405
5021,132405
5022,132405
5023,132405
5024,132405
5025,132405
5026,132405
5027,132405
5028,132405
5029,132405
5030,132405
5031,132405
5032,132405
5033,132405
5034,132405
5035,132405
5036,132405
5037,132405
5038,132405
5039,132405
5040,132405
5041,132405
5042,132405
5043,132405
5044,132405
5045,132405
5046,132405
5047,132405
5048,132405
5049,132405
5050,132405
5051,132405
5052,132405
5053,132405
5054,132405
5055,132405
5056,132405
5057,132405
5058,132405
5059,132405
5060,132405
5061,132405
5062,132405
5063,132405
5064,132405
5065,132405
5066,132405
5067,132405
5068,132405
5069,132405
5070,132405
5071,132405
5072,132405
5073,132405
5074,132405
5075,132405
5076,132405
5077,132405
5078,132405
5079,132405
5080,132405
5081,132405
5082,132405
5083,132405
5084,132405
5085,132405
5086,132405
5087,132405
5088,132405
5089,132405
5090,132405
5091,132405
5092,132405
5093,132405
5094,132405
5095,132405
5096,132405
5097,132405
5098,132405
5099,132405
5100,132405
5101,132405
5102,132405
5103,132405
5104,132405
5105,132405
5106,132405
5107,132405
5108,132405
5109,132405
5110,132405
5111,132405
5112,132405
5113,132405
5114,132405
5115,132405
5116,132405
5117,132405
5118,132405
5119,132405
5120,132405
5121,132405
5122,132405
5123,132405
5124,132405
5125,132405
5126,132405
5127,132405
5128,132405
5129,132405
5130,132405
5131,132405
5132,132405
5133,132405
5134,132405
5135,132405
5136,132405
5137,132405
5138,132405
5139,132405
5140,132405
5141,132405
5142,132405
5143,132405
5144,132405
5145,132405
5146,132405
5147,132405
5148,132405
5149,132405
5150,132405
5151,132405
5152,132405
5153,132405
5154,132405
5155,132405
5156,132405
5157,132405
5158,132405
5159,132405
5160,132405
5161,132405
5162,132405
5163,132405
5164,132405
5165,132405
5166,132405
5167,132405
5168,132405
5169,132405
5170,132405
5171,132405
5172,132405
5173,132405
5174,132405
5175,132405
5176,132405
5177,132405
5178,132405
5179,132405
5180,132405
5181,132405
5182,132405
5183,132405
5184,132405
5185,132405
5186,132405
5187,132405
5188,132405
5189,132405
5190,132405
5191,132405
5192,132405
5193,132405
5194,132405
5195,132405
5196,132405
5197,132405
5198,132405
5199,132405
5200,132405
5201,132405
5202,132405
5203,132405
5204,132405
5205,132405
5206,132405
5207,132405
5208,132405
5209,132405
5210,132405
5211,132405
5212,132405
5213,132405
5214,132405
5215,132405
5216,132405
5217,132405
5218,132405
5219,132405
5220,132405
5221,132405
5222,132405
5223,132405
5224,132405
5225,132405
5226,132405
5227,132405
5228,132405
5229,132405
5230,132405
5231,132405
5232,132405
5233,132405
5234,132405
5235,132405
5236,132405
5237,132405
5238,132405
5239,132405
5240,132405
5241,132405
5242,132405
5243,132405
5244,132405
5245,132405
5246,132405
5247,132405
5248,132405
5249,132405
5250,132405
5251,132405
5252,132405
5253,132405
5254,132405
5255,132405
5256,132405
5257,132405
5258,132405
5259,132405
5260,132405
5261,132405
5262,132405
5263,132405
5264,132405
5265,132405
5266,132405
5267,132405
5268,132405
5269,132405
5270,132405
5271,132405
5272,132405
5273,132405
5274,132405
5275,132405
5276,132405
5277,132405
5278,132405
5279,132405
5280,132405
5281,132405
5282,132405
5283,132405
5284,132405
5285,132405
5286,132405
5287,132405
5288,132405
5289,132405
5290,132405
5291,132405
5292,132405
5293,132405
5294,132405
5295,132405
5296,132405
5297,132405
5298,132405
5299,132405
5300,132405
5301,132405
5302,132405
5303,132405
5304,132405
5305,132405
5306,132405
5307,132405
5308,132405
5309,132405
5310,132405
5311,132405
5312,132405
5313,132405
5314,132405
5315,132405
5316,132405
5317,132405
5318,132405
5319,132405
5320,132405
5321,132405
5322,132405
5323,132405
5324,132405
5325,132405
5326,132405
5327,132405
5328,132405
5329,132405
5330,132405
5331,132405
5332,132405
5333,132405
5334,132405
5335,132405
5336,132405
5337,132405
5338,132405
5339,132405
5340,132405
5341,132405
5342,132405
5343,132405
5344,132405
5345,132405
5346,132405
5347,132405
5348,132405
5349,132405
5350,132405
5351,132405
5352,132405
5353,132405
5354,132405
5355,132405
5356,132405
5357,132405
5358,132405
5359,132405
5360,132405
5361,132405
5362,132405
5363,132405
5364,132405
5365,132405
5366,132405
5367,132405
5368,132405
5369,132405
5370,132405
5371,132405
5372,132405
5373,132405
5374,132405
5375,132405
5376,132405
5377,132405
5378,132405
5379,132405
5380,132405
5381,132405
5382,132405
5383,132405
5384,132405
5385,132405
5386,132405
5387,132405
5388,132405
5389,132405
5390,132405
5391,132405
5392,132405
5393,132405
5394,132405
5395,132405
5396,132405
5397,132405
5398,132405
5399,132405
5400,132405
5401,132405
5402,132405
5403,132405
5404,132405
5405,132405
5406,132405
5407,132405
5408,132405
5409,132405
5410,132405
5411,132405
5412,132405
5413,132405
5414,132405
5415,132405
5416,132405
5417,132405
5418,132405
5419,132405
5420,132405
5421,132405
5422,132405
5423,132405
5424,132405
5425,132405
5426,132405
5427,132405
5428,132405
5429,132405
5430,132405
5431,132405
5432,132405
5433,132405
5434,132405
5435,132405
5436,132405
5437,132405
5438,132405
5439,132405
5440,132405
5441,132405
5442,132405
5443,132405
5444,132405
5445,132405
5446,132405
5447,132405
5448,132405
5449,132405
5450,132405
5451,132405
5452,132405
5453,132405
5454,132405
5455,132405
5456,132405
5457,132405
5458,132405
5459,132405
5460,132405
5461,132405
5462,132405
5463,132405
5464,132405
5465,132405
5466,132405
5467,132405
5468,132405
5469,132405
5470,132405
5471,132405
5472,132405
5473,132405
5474,132405
5475,132405
5476,132405
5477,132405
5478,132405
5479,132405
5480,132405
5481,132405
5482,132405
5483,132405
5484,132405
5485,132405
5486,132405
5487,132405
5488,132405
5489,132405
5490,132405
5491,132405
5492,132405
5493,132405
5494,132405
5495,132405
5496,132405
5497,132405
5498,132405
5499,132405
5500,132405
5501,132405
5502,132405
5503,132405
5504,132405
5505,132405
5506,132405
5507,132405
5508,132405
5509,132405
5510,132405
5511,132405
5512,132405
5513,132405
5514,132405
5515,132405
5516,132405
5517,132405
5518,132405
5519,132405
5520,132405
5521,132405
5522,132405
5523,132405
5524,132405
5525,132405
5526,132405
5527,132405
5528,132405
5529,132405
5530,132405
5531,132405
5532,132405
5533,132405
5534,132405
5535,132405
5536,132405
5537,132405
5538,132405
5539,132405
5540,132405
5541,132405
5542,132405
5543,132405
5544,132405
5545,132405
5546,132405
5547,132405
5548,132405
5549,132405
5550,132405
5551,132405
5552,132405
5553,132405
5554,132405
5555,132405
5556,132405
5557,132405
5558,132405
5559,132405
5560,132405
5561,132405
5562,132405
5563,132405
5564,132405
5565,132405
5566,132405
5567,132405
5568,132405
5569,132405
5570,132405
5571,132405
5572,132405
5573,132405
5574,132405
5575,132405
5576,132405
5577,132405
5578,132405
5579,132405
5580,132405
5581,132405
5582,132405
5583,132405
5584,132405
5585,132405
5586,132405
5587,132405
5588,132405
5589,132405
5590,132405
5591,132405
5592,132405
5593,132405
5594,132405
5595,132405
5596,132405
5597,132405
5598,132405
5599,132405
5600,132405
5601,132405
5602,132405
5603,132405
5604,132405
5605,132405
5606,132405
5607,132405
5608,132405
5609,132405
5610,132405
5611,132405
5612,132405
5613,132405
5614,132405
5615,132405
5616,132405
5617,132405
5618,132405
5619,132405
5620,132405
5621,132405
5622,132405
5623,132405
5624,132405
5625,132405
5626,132405
5627,132405
5628,132405
5629,132405
5630,132405
5631,132405
5632,132405
5633,132405
5634,132405
5635,132405
5636,132405
5637,132405
5638,132405
5639,132405
5640,132405
5641,132405
5642,132405
5643,132405
5644,132405
5645,132405
5646,132405
5647,132405
5648,132405
5649,132405
5650,132405
5651,132405
5652,132405
5653,132405
5654,132405
5655,132405
5656,132405
5657,132405
5658,132405
5659,132405
5660,132405
5661,132405
5662,132405
5663,132405
5664,132405
5665,132405
5666,132405
5667,132405
5668,132405
5669,132405
5670,132405
5671,132405
5672,132405
5673,132405
5674,132405
5675,132405
5676,132405
5677,132405
5678,132405
5679,132405
5680,132405
5681,132405
5682,132405
5683,132405
5684,132405
5685,132405
5686,132405
5687,132405
5688,132405
5689,132405
5690,132405
5691,132405
5692,132405
5693,132405
5694,132405
5695,132405
5696,132405
5697,132405
5698,132405
5699,132405
5700,132405
5701,132405
5702,132405
5703,132405
5704,132405
5705,132405
5706,132405
5707,132405
5708,132405
5709,132405
5710,132405
5711,132405
5712,132405
5713,132405
5714,132405
5715,132405
5716,132405
5717,132405
5718,132405
5719,132405
5720,132405
5721,132405
5722,132405
5723,132405
5724,132405
5725,132405
5726,132405
5727,132405
5728,132405
5729,132405
5730,132405
5731,132405
5732,132405
5733,132405
5734,132405
5735,132405
5736,132405
5737,132405
5738,132405
5739,132405
5740,132405
5741,132405
5742,132405
5743,132405
5744,132405
5745,132405
5746,132405
5747,132405
5748,132405
5749,132405
5750,132405
5751,132405
5752,132405
5753,132405
5754,132405
5755,132405
5756,132405
5757,132405
5758,132405
5759,132405
5760,132405
5761,132405
5762,132405
5763,132405
5764,132405
5765,132405
5766,132405
5767,132405
5768,132405
5769,132405
5770,132405
5771,132405
5772,132405
5773,132405
5774,132405
5775,132405
5776,132405
5777,132405
5778,132405
5779,132405
5780,132405
5781,132405
5782,132405
5783,132405
5784,132405
5785,132405
5786,132405
5787,132405
5788,132405
5789,132405
5790,132405
5791,132405
5792,132405
5793,132405
5794,132405
5795,132405
5796,132405
5797,132405
5798,132405
5799,132405
5800,132405
5801,132405
5802,132405
5803,132405
5804,132405
5805,132405
5806,132405
5807,132405
5808,132405
5809,132405
5810,132405
5811,132405
5812,132405
5813,132405
5814,132405
5815,132405
5816,132405
5817,132405
5818,132405
5819,132405
5820,132405
5821,132405
5822,132405
5823,132405
5824,132405
5825,132405
5826,132405
5827,132405
5828,132405
5829,132405
5830,132405
5831,132405
5832,132405
5833,132405
5834,132405
5835,132405
5836,132405
5837,132405
5838,132405
5839,132405
5840,132405
5841,132405
5842,132405
5843,132405
5844,132405
5845,132405
5846,132405
5847,132405
5848,132405
5849,132405
5850,132405
5851,132405
5852,132405
5853,132405
5854,132405
5855,132405
5856,132405
5857,132405
5858,132405
5859,132405
5860,132405
5861,132405
5862,132405
5863,132405
5864,132405
5865,132405
5866,132405
5867,132405
5868,132405
5869,132405
5870,132405
5871,132405
5872,132405
5873,132405
5874,132405
5875,132405
5876,132405
5877,132405
5878,132405
5879,132405
5880,132405
5881,132405
5882,132405
5883,132405
5884,132405
5885,132405
5886,132405
5887,132405
5888,132405
5889,132405
5890,132405
5891,132405
5892,132405
5893,132405
5894,132405
5895,132405
5896,132405
5897,132405
5898,132405
5899,132405
5900,132405
5901,132405
5902,132405
5903,132405
5904,132405
5905,132405
5906,132405
5907,132405
5908,132405
5909,132405
5910,132405
5911,132405
5912,132405
5913,132405
5914,132405
5915,132405
5916,132405
5917,132405
5918,132405
5919,132405
5920,132405
5921,132405
5922,132405
5923,132405
5924,132405
5925,132405
5926,132405
5927,132405
5928,132405
5929,132405
5930,132405
5931,132405
5932,132405
5933,132405
5934,132405
5935,132405
5936,132405
5937,132405
5938,132405
5939,132405
5940,132405
5941,132405
5942,132405
5943,132405
5944,132405
5945,132405
5946,132405
5947,132405
5948,132405
5949,132405
5950,132405
5951,132405
5952,132405
5953,132405
5954,132405
5955,132405
5956,132405
5957,132405
5958,132405
5959,132405
5960,132405
5961,132405
5962,132405
5963,132405
5964,132405
5965,132405
5966,132405
5967,132405
5968,132405
5969,132405
5970,132405
5971,132405
5972,132405
5973,132405
5974,132405
5975,132405
5976,132405
5977,132405
5978,132405
5979,132405
5980,132405
5981,132405
5982,132405
5983,132405
5984,132405
5985,132405
5986,132405
5987,132405
5988,132405
5989,132405
5990,132405
5991,132405
5992,132405
5993,132405
5994,132405
5995,132405
5996,132405
5997,132405
5998,132405
5999,132405
6000,132405
6001,132405
6002,132405
6003,132405
6004,132405
6005,132405
6006,132405
6007,132405
6008,132405
6009,132405
6010,132405
6011,132405
6012,132405
6013,132405
6014,132405
6015,132405
6016,132405
6017,132405
6018,132405
6019,132405
6020,132405
6021,132405
6022,132405
6023,132405
6024,132405
6025,132405
6026,132405
6027,132405
6028,132405
6029,132405
6030,132405
6031,132405
6032,132405
6033,132405
6034,132405
6035,132405
6036,132405
6037,132405
6038,132405
6039,132405
6040,132405
6041,132405
6042,132405
6043,132405
6044,132405
6045,132405
6046,132405
6047,132405
6048,132405
6049,132405
6050,132405
6051,132405
6052,132405
6053,132405
6054,132405
6055,132405
6056,132405
6057,132405
6058,132405
6059,132405
6060,132405
6061,132405
6062,132405
6063,132405
6064,132405
6065,132405
6066,132405
6067,132405
6068,132405
6069,132405
6070,132405
6071,132405
6072,132405
6073,132405
6074,132405
6075,132405
6076,132405
6077,132405
6078,132405
6079,132405
6080,132405
6081,132405
6082,132405
6083,132405
6084,132405
6085,132405
6086,132405
6087,132405
6088,132405
6089,132405
6090,132405
6091,132405
6092,132405
6093,132405
6094,132405
6095,132405
6096,132405
6097,132405
6098,132405
6099,132405
6100,132405
6101,132405
6102,132405
6103,132405
6104,132405
6105,132405
6106,132405
6107,132405
6108,132405
6109,132405
6110,132405
6111,132405
6112,132405
6113,132405
6114,132405
6115,132405
6116,132405
6117,132405
6118,132405
6119,132405
6120,132405
6121,132405
6122,132405
6123,132405
6124,132405
6125,132405
6126,132405
6127,132405
6128,132405
6129,132405
6130,132405
6131,132405
6132,132405
6133,132405
6134,132405
6135,132405
6136,132405
6137,132405
6138,132405
6139,132405
6140,132405
6141,132405
6142,132405
6143,132405
6144,132405
6145,132405
6146,132405
6147,132405
6148,132405
6149,132405
6150,132405
6151,132405
6152,132405
6153,132405
6154,132405
6155,132405
6156,132405
6157,132405
6158,132405
6159,132405
6160,132405
6161,132405
6162,132405
6163,132405
6164,132405
6165,132405
6166,132405
6167,132405
6168,132405
6169,132405
6170,132405
6171,132405
6172,132405
6173,132405
6174,132405
6175,132405
6176,132405
6177,132405
6178,132405
6179,132405
6180,132405
6181,132405
6182,132405
6183,132405
6184,132405
6185,132405
6186,132405
6187,132405
6188,132405
6189,132405
6190,132405
6191,132405
6192,132405
6193,132405
6194,132405
6195,132405
6196,132405
6197,132405
6198,132405
6199,132405
6200,132405
6201,132405
6202,132405
6203,132405
6204,132405
6205,132405
6206,132405
6207,132405
6208,132405
6209,132405
6210,132405
6211,132405
6212,132405
6213,132405
6214,132405
6215,132405
6216,132405
6217,132405
6218,132405
6219,132405
6220,132405
6221,132405
6222,132405
6223,132405
6224,132405
6225,132405
6226,132405
6227,132405
6228,132405
6229,132405
6230,132405
6231,132405
6232,132405
6233,132405
6234,132405
6235,132405
6236,132405
6237,132405
6238,132405
6239,132405
6240,132405
6241,132405
6242,132405
6243,132405
6244,132405
6245,132405
6246,132405
6247,132405
6248,132405
6249,132405
6250,132405
6251,132405
6252,132405
6253,132405
6254,132405
6255,132405
6256,132405
6257,132405
6258,132405
6259,132405
6260,132405
6261,132405
6262,132405
6263,132405
6264,132405
6265,132405
6266,132405
6267,132405
6268,132405
6269,132405
6270,132405
6271,132405
6272,132405
6273,132405
6274,132405
6275,132405
6276,132405
6277,132405
6278,132405
6279,132405
6280,132405
6281,132405
6282,132405
6283,132405
6284,132405
6285,132405
6286,132405
6287,132405
6288,132405
6289,132405
6290,132405
6291,132405
6292,132405
6293,132405
6294,132405
6295,132405
6296,132405
6297,132405
6298,132405
6299,132405
6300,132405
6301,132405
6302,132405
6303,132405
6304,132405
6305,132405
6306,132405
6307,132405
6308,132405
6309,132405
6310,132405
6311,132405
6312,132405
6313,132405
6314,132405
6315,132405
6316,132405
6317,132405
6318,132405
6319,132405
6320,132405
6321,132405
6322,132405
6323,132405
6324,132405
6325,132405
6326,132405
6327,132405
6328,132405
6329,132405
6330,132405
6331,132405
6332,132405
6333,132405
6334,132405
6335,132405
6336,132405
6337,132405
6338,132405
6339,132405
6340,132405
6341,132405
6342,132405
6343,132405
6344,132405
6345,132405
6346,132405
6347,132405
6348,132405
6349,132405
6350,132405
6351,132405
6352,132405
6353,132405
6354,132405
6355,132405
6356,132405
6357,132405
6358,132405
6359,132405
6360,132405
6361,132405
6362,132405
6363,132405
6364,132405
6365,132405
6366,132405
6367,132405
6368,132405
6369,132405
6370,132405
6371,132405
6372,132405
6373,132405
6374,132405
6375,132405
6376,132405
6377,132405
6378,132405
6379,132405
6380,132405
6381,132405
6382,132405
6383,132405
6384,132405
6385,132405
6386,132405
6387,132405
6388,132405
6389,132405
6390,132405
6391,132405
6392,132405
6393,132405
6394,132405
6395,132405
6396,132405
6397,132405
6398,132405
6399,132405
6400,132405
6401,132405
6402,132405
6403,132405
6404,132405
6405,132405
6406,132405
6407,132405
6408,132405
6409,132405
6410,132405
6411,132405
6412,132405
6413,132405
6414,132405
6415,132405
6416,132405
6417,132405
6418,132405
6419,132405
6420,132405
6421,132405
6422,132405
6423,132405
6424,132405
6425,132405
6426,132405
6427,132405
6428,132405
6429,132405
6430,132405
6431,132405
6432,132405
6433,132405
6434,132405
6435,132405
6436,132405
6437,132405
6438,132405
6439,132405
6440,132405
6441,132405
6442,132405
6443,132405
6444,132405
6445,132405
6446,132405
6447,132405
6448,132405
6449,132405
6450,132405
6451,132405
6452,132405
6453,132405
6454,132405
6455,132405
6456,132405
6457,132405
6458,132405
6459,132405
6460,132405
6461,132405
6462,132405
6463,132405
6464,132405
6465,132405
6466,132405
6467,132405
6468,132405
6469,132405
6470,132405
6471,132405
6472,132405
6473,132405
6474,132405
6475,132405
6476,132405
6477,132405
6478,132405
6479,132405
6480,132405
6481,132405
6482,132405
6483,132405
6484,132405
6485,132405
6486,132405
6487,132405
6488,132405
6489,132405
6490,132405
6491,132405
6492,132405
6493,132405
6494,132405
6495,132405
6496,132405
6497,132405
6498,132405
6499,132405
6500,132405
6501,132405
6502,132405
6503,132405
6504,132405
6505,132405
6506,132405
6507,132405
6508,132405
6509,132405
6510,132405
6511,132405
6512,132405
6513,132405
6514,132405
6515,132405
6516,132405
6517,132405
6518,132405
6519,132405
6520,132405
6521,132405
6522,132405
6523,132405
6524,132405
6525,132405
6526,132405
6527,132405
6528,132405
6529,132405
6530,132405
6531,132405
6532,132405
6533,132405
6534,132405
6535,132405
6536,132405
6537,132405
6538,132405
6539,132405
6540,132405
6541,132405
6542,132405
6543,132405
6544,132405
6545,132405
6546,132405
6547,132405
6548,132405
6549,132405
6550,132405
6551,132405
6552,132405
6553,132405
6554,132405
6555,132405
6556,132405
6557,132405
6558,132405
6559,132405
6560,132405
6561,132405
6562,132405
6563,132405
6564,132405
6565,132405
6566,132405
6567,132405
6568,132405
6569,132405
6570,132405
6571,132405
6572,132405
6573,132405
6574,132405
6575,132405
6576,132405
6577,132405
6578,132405
6579,132405
6580,132405
6581,132405
6582,132405
6583,132405
6584,132405
6585,132405
6586,132405
6587,132405
6588,132405
6589,132405
6590,132405
6591,132405
6592,132405
6593,132405
6594,132405
6595,132405
6596,132405
6597,132405
6598,132405
6599,132405
6600,132405
6601,132405
6602,132405
6603,132405
6604,132405
6605,132405
6606,132405
6607,132405
6608,132405
6609,132405
6610,132405
6611,132405
6612,132405
6613,132405
6614,132405
6615,132405
6616,132405
6617,132405
6618,132405
6619,132405
6620,132405
6621,132405
6622,132405
6623,132405
6624,132405
6625,132405
6626,132405
6627,132405
6628,132405
6629,132405
6630,132405
6631,132405
6632,132405
6633,132405
6634,132405
6635,132405
6636,132405
6637,132405
6638,132405
6639,132405
6640,132405
6641,132405
6642,132405
6643,132405
6644,132405
6645,132405
6646,132405
6647,132405
6648,132405
6649,132405
6650,132405
6651,132405
6652,132405
6653,132405
6654,132405
6655,132405
6656,132405
6657,132405
6658,132405
6659,132405
6660,132405
6661,132405
6662,132405
6663,132405
6664,132405
6665,132405
6666,132405
6667,132405
6668,132405
6669,132405
6670,132405
6671,132405
6672,132405
6673,132405
6674,132405
6675,132405
6676,132405
6677,132405
6678,132405
6679,132405
6680,132405
6681,132405
6682,132405
6683,132405
6684,132405
6685,132405
6686,132405
6687,132405
6688,132405
6689,132405
6690,132405
6691,132405
6692,132405
6693,132405
6694,132405
6695,132405
6696,132405
6697,132405
6698,132405
6699,132405
6700,132405
6701,132405
6702,132405
6703,132405
6704,132405
6705,132405
6706,132405
6707,132405
6708,132405
6709,132405
6710,132405
6711,132405
6712,132405
6713,132405
6714,132405
6715,132405
6716,132405
6717,132405
6718,132405
6719,132405
6720,132405
6721,132405
6722,132405
6723,132405
6724,132405
6725,132405
6726,132405
6727,132405
6728,132405
6729,132405
6730,132405
6731,132405
6732,132405
6733,132405
6734,132405
6735,132405
6736,132405
6737,132405
6738,132405
6739,132405
6740,132405
6741,132405
6742,132405
6743,132405
6744,132405
6745,132405
6746,132405
6747,132405
6748,132405
6749,132405
6750,132405
6751,132405
6752,132405
6753,132405
6754,132405
6755,132405
6756,132405
6757,132405
6758,132405
6759,132405
6760,132405
6761,132405
6762,132405
6763,132405
6764,132405
6765,132405
6766,132405
6767,132405
6768,132405
6769,132405
6770,132405
6771,132405
6772,132405
6773,132405
6774,132405
6775,132405
6776,132405
6777,132405
6778,132405
6779,132405
6780,132405
6781,132405
6782,132405
6783,132405
6784,132405
6785,132405
6786,132405
6787,132405
6788,132405
6789,132405
6790,132405
6791,132405
6792,132405
6793,132405
6794,132405
6795,132405
6796,132405
6797,132405
6798,132405
6799,132405
6800,132405
6801,132405
6802,132405
6803,132405
6804,132405
6805,132405
6806,132405
6807,132405
6808,132405
6809,132405
6810,132405
6811,132405
6812,132405
6813,132405
6814,132405
6815,132405
6816,132405
6817,132405
6818,132405
6819,132405
6820,132405
6821,132405
6822,132405
6823,132405
6824,132405
6825,132405
6826,132405
6827,132405
6828,132405
6829,132405
6830,132405
6831,132405
6832,132405
6833,132405
6834,132405
6835,132405
6836,132405
6837,132405
6838,132405
6839,132405
6840,132405
6841,132405
6842,132405
6843,132405
6844,132405
6845,132405
6846,132405
6847,132405
6848,132405
6849,132405
6850,132405
6851,132405
6852,132405
6853,132405
6854,132405
6855,132405
6856,132405
6857,132405
6858,132405
6859,132405
6860,132405
6861,132405
6862,132405
6863,132405
6864,132405
6865,132405
6866,132405
6867,132405
6868,132405
6869,132405
6870,132405
6871,132405
6872,132405
6873,132405
6874,132405
6875,132405
6876,132405
6877,132405
6878,132405
6879,132405
6880,132405
6881,132405
6882,132405
6883,132405
6884,132405
6885,132405
6886,132405
6887,132405
6888,132405
6889,132405
6890,132405
6891,132405
6892,132405
6893,132405
6894,132405
6895,132405
6896,132405
6897,132405
6898,132405
6899,132405
6900,132405
6901,132405
6902,132405
6903,132405
6904,132405
6905,132405
6906,132405
6907,132405
6908,132405
6909,132405
6910,132405
6911,132405
6912,132405
6913,132405
6914,132405
6915,132405
6916,132405
6917,132405
6918,132405
6919,132405
6920,132405
6921,132405
6922,132405
6923,132405
6924,132405
6925,132405
6926,132405
6927,132405
6928,132405
6929,132405
6930,132405
6931,132405
6932,132405
6933,132405
6934,132405
6935,132405
6936,132405
6937,132405
6938,132405
6939,132405
6940,132405
6941,132405
6942,132405
6943,132405
6944,132405
6945,132405
6946,132405
6947,132405
6948,132405
6949,132405
6950,132405
6951,132405
6952,132405
6953,132405
6954,132405
6955,132405
6956,132405
6957,132405
6958,132405
6959,132405
6960,132405
6961,132405
6962,132405
6963,132405
6964,132405
6965,132405
6966,132405
6967,132405
6968,132405
6969,132405
6970,132405
6971,132405
6972,132405
6973,132405
6974,132405
6975,132405
6976,132405
6977,132405
6978,132405
6979,132405
6980,132405
6981,132405
6982,132405
6983,132405
6984,132405
6985,132405
6986,132405
6987,132405
6988,132405
6989,132405
6990,132405
6991,132405
6992,132405
6993,132405
6994,132405
6995,132405
6996,132405
6997,132405
6998,132405
6999,132405
7000,132405
7001,132405
7002,132405
7003,132405
7004,132405
7005,132405
7006,132405
7007,132405
7008,132405
7009,132405
7010,132405
7011,132405
7012,132405
7013,132405
7014,132405
7015,132405
7016,132405
7017,132405
7018,132405
7019,132405
7020,132405
7021,132405
7022,132405
7023,132405
7024,132405
7025,132405
7026,132405
7027,132405
7028,132405
7029,132405
7030,132405
7031,132405
7032,132405
7033,132405
7034,132405
7035,132405
7036,132405
7037,132405
7038,132405
7039,132405
7040,132405
7041,132405
7042,132405
7043,132405
7044,132405
7045,132405
7046,132405
7047,132405
7048,132405
7049,132405
7050,132405
7051,132405
7052,132405
7053,132405
7054,132405
7055,132405
7056,132405
7057,132405
7058,132405
7059,132405
7060,132405
7061,132405
7062,132405
7063,132405
7064,132405
7065,132405
7066,132405
7067,132405
7068,132405
7069,132405
7070,132405
7071,132405
7072,132405
7073,132405
7074,132405
7075,132405
7076,132405
7077,132405
7078,132405
7079,132405
7080,132405
7081,132405
7082,132405
7083,132405
7084,132405
7085,132405
7086,132405
7087,132405
7088,132405
7089,132405
7090,132405
7091,132405
7092,132405
7093,132405
7094,132405
7095,132405
7096,132405
7097,132405
7098,132405
7099,132405
7100,132405
7101,132405
7102,132405
7103,132405
7104,132405
7105,132405
7106,132405
7107,132405
7108,132405
7109,132405
7110,132405
7111,132405
7112,132405
7113,132405
7114,132405
7115,132405
7116,132405
7117,132405
7118,132405
7119,132405
7120,132405
7121,132405
7122,132405
7123,132405
7124,132405
7125,132405
7126,132405
7127,132405
7128,132405
7129,132405
7130,132405
7131,132405
7132,132405
7133,132405
7134,132405
7135,132405
7136,132405
7137,132405
7138,132405
7139,132405
7140,132405
7141,132405
7142,132405
7143,132405
7144,132405
7145,132405
7146,132405
7147,132405
7148,132405
7149,132405
7150,132405
7151,132405
7152,132405
7153,132405
7154,132405
7155,132405
7156,132405
7157,132405
7158,132405
7159,132405
7160,132405
7161,132405
7162,132405
7163,132405
7164,132405
7165,132405
7166,132405
7167,132405
7168,132405
7169,132405
7170,132405
7171,132405
7172,132405
7173,132405
7174,132405
7175,132405
7176,132405
7177,132405
7178,132405
7179,132405
7180,132405
7181,132405
7182,132405
7183,132405
7184,132405
7185,132405
7186,132405
7187,132405
7188,132405
7189,132405
7190,132405
7191,132405
7192,132405
7193,132405
7194,132405
7195,132405
7196,132405
7197,132405
7198,132405
7199,132405
7200,132405
7201,132405
7202,132405
7203,132405
7204,132405
7205,132405
7206,132405
7207,132405
7208,132405
7209,132405
7210,132405
7211,132405
7212,132405
7213,132405
7214,132405
7215,132405
7216,132405
7217,132405
7218,132405
7219,132405
7220,132405
7221,132405
7222,132405
7223,132405
7224,132405
7225,132405
7226,132405
7227,132405
7228,132405
7229,132405
7230,132405
7231,132405
7232,132405
7233,132405
7234,132405
7235,132405
7236,132405
7237,132405
7238,132405
7239,132405
7240,132405
7241,132405
7242,132405
7243,132405
7244,132405
7245,132405
7246,132405
7247,132405
7248,132405
7249,132405
7250,132405
7251,132405
7252,132405
7253,132405
7254,132405
7255,132405
7256,132405
7257,132405
7258,132405
7259,132405
7260,132405
7261,132405
7262,132405
7263,132405
7264,132405
7265,132405
7266,132405
7267,132405
7268,132405
7269,132405
7270,132405
7271,132405
7272,132405
7273,132405
7274,132405
7275,132405
7276,132405
7277,132405
7278,132405
7279,132405
7280,132405
7281,132405
7282,132405
7283,132405
7284,132405
7285,132405
7286,132405
7287,132405
7288,132405
7289,132405
7290,132405
7291,132405
7292,132405
7293,132405
7294,132405
7295,132405
7296,132405
7297,132405
7298,132405
7299,132405
7300,132405
7301,132405
7302,132405
7303,132405
7304,132405
7305,132405
7306,132405
7307,132405
7308,132405
7309,132405
7310,132405
7311,132405
7312,132405
7313,132405
7314,132405
7315,132405
7316,132405
7317,132405
7318,132405
7319,132405
7320,132405
7321,132405
7322,132405
7323,132405
7324,132405
7325,132405
7326,132405
7327,132405
7328,132405
7329,132405
7330,132405
7331,132405
7332,132405
7333,132405
7334,132405
7335,132405
7336,132405
7337,132405
7338,132405
7339,132405
7340,132405
7341,132405
7342,132405
7343,132405
7344,132405
7345,132405
7346,132405
7347,132405
7348,132405
7349,132405
7350,132405
7351,132405
7352,132405
7353,132405
7354,132405
7355,132405
7356,132405
7357,132405
7358,132405
7359,132405
7360,132405
7361,132405
7362,132405
7363,132405
7364,132405
7365,132405
7366,132405
7367,132405
7368,132405
7369,132405
7370,132405
7371,132405
7372,132405
7373,132405
7374,132405
7375,132405
7376,132405
7377,132405
7378,132405
7379,132405
7380,132405
7381,132405
7382,132405
7383,132405
7384,132405
7385,132405
7386,132405
7387,132405
7388,132405
7389,132405
7390,132405
7391,132405
7392,132405
7393,132405
7394,132405
7395,132405
7396,132405
7397,132405
7398,132405
7399,132405
7400,132405
7401,132405
7402,132405
7403,132405
7404,132405
7405,132405
7406,132405
7407,132405
7408,132405
7409,132405
7410,132405
7411,132405
7412,132405
7413,132405
7414,132405
7415,132405
7416,132405
7417,132405
7418,132405
7419,132405
7420,132405
7421,132405
7422,132405
7423,132405
7424,132405
7425,132405
7426,132405
7427,132405
7428,132405
7429,132405
7430,132405
7431,132405
7432,132405
7433,132405
7434,132405
7435,132405
7436,132405
7437,132405
7438,132405
7439,132405
7440,132405
7441,132405
7442,132405
7443,132405
7444,132405
7445,132405
7446,132405
7447,132405
7448,132405
7449,132405
7450,132405
7451,132405
7452,132405
7453,132405
7454,132405
7455,132405
7456,132405
7457,132405
7458,132405
7459,132405
7460,132405
7461,132405
7462,132405
7463,132405
7464,132405
7465,132405
7466,132405
7467,132405
7468,132405
7469,132405
7470,132405
7471,132405
7472,132405
7473,132405
7474,132405
7475,132405
7476,132405
7477,132405
7478,132405
7479,132405
7480,132405
7481,132405
7482,132405
7483,132405
7484,132405
7485,132405
7486,132405
7487,132405
7488,132405
7489,132405
7490,132405
7491,132405
7492,132405
7493,132405
7494,132405
7495,132405
7496,132405
7497,132405
7498,132405
7499,132405
7500,132405
7501,132405
7502,132405
7503,132405
7504,132405
7505,132405
7506,132405
7507,132405
7508,132405
7509,132405
7510,132405
7511,132405
7512,132405
7513,132405
7514,132405
7515,132405
7516,132405
7517,132405
7518,132405
7519,132405
7520,132405
7521,132405
7522,132405
7523,132405
7524,132405
7525,132405
7526,132405
7527,132405
7528,132405
7529,132405
7530,132405
7531,132405
7532,132405
7533,132405
7534,132405
7535,132405
7536,132405
7537,132405
7538,132405
7539,132405
7540,132405
7541,132405
7542,132405
7543,132405
7544,132405
7545,132405
7546,132405
7547,132405
7548,132405
7549,132405
7550,132405
7551,132405
7552,132405
7553,132405
7554,132405
7555,132405
7556,132405
7557,132405
7558,132405
7559,132405
7560,132405
7561,132405
7562,132405
7563,132405
7564,132405
7565,132405
7566,132405
7567,132405
7568,132405
7569,132405
7570,132405
7571,132405
7572,132405
7573,132405
7574,132405
7575,132405
7576,132405
7577,132405
7578,132405
7579,132405
7580,132405
7581,132405
7582,132405
7583,132405
7584,132405
7585,132405
7586,132405
7587,132405
7588,132405
7589,132405
7590,132405
7591,132405
7592,132405
7593,132405
7594,132405
7595,132405
7596,132405
7597,132405
7598,132405
7599,132405
7600,132405
7601,132405
7602,132405
7603,132405
7604,132405
7605,132405
7606,132405
7607,132405
7608,132405
7609,132405
7610,132405
7611,132405
7612,132405
7613,132405
7614,132405
7615,132405
7616,132405
7617,132405
7618,132405
7619,132405
7620,132405
7621,132405
7622,132405
7623,132405
7624,132405
7625,132405
7626,132405
7627,132405
7628,132405
7629,132405
7630,132405
7631,132405
7632,132405
7633,132405
7634,132405
7635,132405
7636,132405
7637,132405
7638,132405
7639,132405
7640,132405
7641,132405
7642,132405
7643,132405
7644,132405
7645,132405
7646,132405
7647,132405
7648,132405
7649,132405
7650,132405
7651,132405
7652,132405
7653,132405
7654,132405
7655,132405
7656,132405
7657,132405
7658,132405
7659,132405
7660,132405
7661,132405
7662,132405
7663,132405
7664,132405
7665,132405
7666,132405
7667,132405
7668,132405
7669,132405
7670,132405
7671,132405
7672,132405
7673,132405
7674,132405
7675,132405
7676,132405
7677,132405
7678,132405
7679,132405
7680,132405
7681,132405
7682,132405
7683,132405
7684,132405
7685,132405
7686,132405
7687,132405
7688,132405
7689,132405
7690,132405
7691,132405
7692,132405
7693,132405
7694,132405
7695,132405
7696,132405
7697,132405
7698,132405
7699,132405
7700,132405
7701,132405
7702,132405
7703,132405
7704,132405
7705,132405
7706,132405
7707,132405
7708,132405
7709,132405
7710,132405
7711,132405
7712,132405
7713,132405
7714,132405
7715,132405
7716,132405
7717,132405
7718,132405
7719,132405
7720,132405
7721,132405
7722,132405
7723,132405
7724,132405
7725,132405
7726,132405
7727,132405
7728,132405
7729,132405
7730,132405
7731,132405
7732,132405
7733,132405
7734,132405
7735,132405
7736,132405
7737,132405
7738,132405
7739,132405
7740,132405
7741,132405
7742,132405
7743,132405
7744,132405
7745,132405
7746,132405
7747,132405
7748,132405
7749,132405
7750,132405
7751,132405
7752,132405
7753,132405
7754,132405
7755,132405
7756,132405
7757,132405
7758,132405
7759,132405
7760,132405
7761,132405
7762,132405
7763,132405
7764,132405
7765,132405
7766,132405
7767,132405
7768,132405
7769,132405
7770,132405
7771,132405
7772,132405
7773,132405
7774,132405
7775,132405
7776,132405
7777,132405
7778,132405
7779,132405
7780,132405
7781,132405
7782,132405
7783,132405
7784,132405
7785,132405
7786,132405
7787,132405
7788,132405
7789,132405
7790,132405
7791,132405
7792,132405
7793,132405
7794,132405
7795,132405
7796,132405
7797,132405
7798,132405
7799,132405
7800,132405
7801,132405
7802,132405
7803,132405
7804,132405
7805,132405
7806,132405
7807,132405
7808,132405
7809,132405
7810,132405
7811,132405
7812,132405
7813,132405
7814,132405
7815,132405
7816,132405
7817,132405
7818,132405
7819,132405
7820,132405
7821,132405
7822,132405
7823,132405
7824,132405
7825,132405
7826,132405
7827,132405
7828,132405
7829,132405
7830,132405
7831,132405
7832,132405
7833,132405
7834,132405
7835,132405
7836,132405
7837,132405
7838,132405
7839,132405
7840,132405
7841,132405
7842,132405
7843,132405
7844,132405
7845,132405
7846,132405
7847,132405
7848,132405
7849,132405
7850,132405
7851,132405
7852,132405
7853,132405
7854,132405
7855,132405
7856,132405
7857,132405
7858,132405
7859,132405
7860,132405
7861,132405
7862,132405
7863,132405
7864,132405
7865,132405
7866,132405
7867,132405
7868,132405
7869,132405
7870,132405
7871,132405
7872,132405
7873,132405
7874,132405
7875,132405
7876,132405
7877,132405
7878,132405
7879,132405
7880,132405
7881,132405
7882,132405
7883,132405
7884,132405
7885,132405
7886,132405
7887,132405
7888,132405
7889,132405
7890,132405
7891,132405
7892,132405
7893,132405
7894,132405
7895,132405
7896,132405
7897,132405
7898,132405
7899,132405
7900,132405
7901,132405
7902,132405
7903,132405
7904,132405
7905,132405
7906,132405
7907,132405
7908,132405
7909,132405
7910,132405
7911,132405
7912,132405
7913,132405
7914,132405
7915,132405
7916,132405
7917,132405
7918,132405
7919,132405
7920,132405
7921,132405
7922,132405
7923,132405
7924,132405
7925,132405
7926,132405
7927,132405
7928,132405
7929,132405
7930,132405
7931,132405
7932,132405
7933,132405
7934,132405
7935,132405
7936,132405
7937,132405
7938,132405
7939,132405
7940,132405
7941,132405
7942,132405
7943,132405
7944,132405
7945,132405
7946,132405
7947,132405
7948,132405
7949,132405
7950,132405
7951,132405
7952,132405
7953,132405
7954,132405
7955,132405
7956,132405
7957,132405
7958,132405
7959,132405
7960,132405
7961,132405
7962,132405
7963,132405
7964,132405
7965,132405
7966,132405
7967,132405
7968,132405
7969,132405
7970,132405
7971,132405
7972,132405
7973,132405
7974,132405
7975,132405
7976,132405
7977,132405
7978,132405
7979,132405
7980,132405
7981,132405
7982,132405
7983,132405
7984,132405
7985,132405
7986,132405
7987,132405
7988,132405
7989,132405
7990,132405
7991,132405
7992,132405
7993,132405
7994,132405
7995,132405
7996,132405
7997,132405
7998,132405
7999,132405
8000,132405
8001,132405
8002,132405
8003,132405
8004,132405
8005,132405
8006,132405
8007,132405
8008,132405
8009,132405
8010,132405
8011,132405
8012,132405
8013,132405
8014,132405
8015,132405
8016,132405
8017,132405
8018,132405
8019,132405
8020,132405
8021,132405
8022,132405
8023,132405
8024,132405
8025,132405
8026,132405
8027,132405
8028,132405
8029,132405
8030,132405
8031,132405
8032,132405
8033,132405
8034,132405
8035,132405
8036,132405
8037,132405
8038,132405
8039,132405
8040,132405
8041,132405
8042,132405
8043,132405
8044,132405
8045,132405
8046,132405
8047,132405
8048,132405
8049,132405
8050,132405
8051,132405
8052,132405
8053,132405
8054,132405
8055,132405
8056,132405
8057,132405
8058,132405
8059,132405
8060,132405
8061,132405
8062,132405
8063,132405
8064,132405
8065,132405
8066,132405
8067,132405
8068,132405
8069,132405
8070,132405
8071,132405
8072,132405
8073,132405
8074,132405
8075,132405
8076,132405
8077,132405
8078,132405
8079,132405
8080,132405
8081,132405
8082,132405
8083,132405
8084,132405
8085,132405
8086,132405
8087,132405
8088,132405
8089,132405
8090,132405
8091,132405
8092,132405
8093,132405
8094,132405
8095,132405
8096,132405
8097,132405
8098,132405
8099,132405
8100,132405
8101,132405
8102,132405
8103,132405
8104,132405
8105,132405
8106,132405
8107,132405
8108,132405
8109,132405
8110,132405
8111,132405
8112,132405
8113,132405
8114,132405
8115,132405
8116,132405
8117,132405
8118,132405
8119,132405
8120,132405
8121,132405
8122,132405
8123,132405
8124,132405
8125,132405
8126,132405
8127,132405
8128,132405
8129,132405
8130,132405
8131,132405
8132,132405
8133,132405
8134,132405
8135,132405
8136,132405
8137,132405
8138,132405
8139,132405
8140,132405
8141,132405
8142,132405
8143,132405
8144,132405
8145,132405
8146,132405
8147,132405
8148,132405
8149,132405
8150,132405
8151,132405
8152,132405
8153,132405
8154,132405
8155,132405
8156,132405
8157,132405
8158,132405
8159,132405
8160,132405
8161,132405
8162,132405
8163,132405
8164,132405
8165,132405
8166,132405
8167,132405
8168,132405
8169,132405
8170,132405
8171,132405
8172,132405
8173,132405
8174,132405
8175,132405
8176,132405
8177,132405
8178,132405
8179,132405
8180,132405
8181,132405
8182,132405
8183,132405
8184,132405
8185,132405
8186,132405
8187,132405
8188,132405
8189,132405
8190,132405
8191,132405
8192,132405
8193,132405
8194,132405
8195,132405
8196,132405
8197,132405
8198,132405
8199,132405
8200,132405
8201,132405
8202,132405
8203,132405
8204,132405
8205,132405
8206,132405
8207,132405
8208,132405
8209,132405
8210,132405
8211,132405
8212,132405
8213,132405
8214,132405
8215,132405
8216,132405
8217,132405
8218,132405
8219,132405
8220,132405
8221,132405
8222,132405
8223,132405
8224,132405
8225,132405
8226,132405
8227,132405
8228,132405
8229,132405
8230,132405
8231,132405
8232,132405
8233,132405
8234,132405
8235,132405
8236,132405
8237,132405
8238,132405
8239,132405
8240,132405
8241,132405
8242,132405
8243,132405
8244,132405
8245,132405
8246,132405
8247,132405
8248,132405
8249,132405
8250,132405
8251,132405
8252,132405
8253,132405
8254,132405
8255,132405
8256,132405
8257,132405
8258,132405
8259,132405
8260,132405
8261,132405
8262,132405
8263,132405
8264,132405
8265,132405
8266,132405
8267,132405
8268,132405
8269,132405
8270,132405
8271,132405
8272,132405
8273,132405
8274,132405
8275,132405
8276,132405
8277,132405
8278,132405
8279,132405
8280,132405
8281,132405
8282,132405
8283,132405
8284,132405
8285,132405
8286,132405
8287,132405
8288,132405
8289,132405
8290,132405
8291,132405
8292,132405
8293,132405
8294,132405
8295,132405
8296,132405
8297,132405
8298,132405
8299,132405
8300,132405
8301,132405
8302,132405
8303,132405
8304,132405
8305,132405
8306,132405
8307,132405
8308,132405
8309,132405
8310,132405
8311,132405
8312,132405
8313,132405
8314,132405
8315,132405
8316,132405
8317,132405
8318,132405
8319,132405
8320,132405
8321,132405
8322,132405
8323,132405
8324,132405
8325,132405
8326,132405
8327,132405
8328,132405
8329,132405
8330,132405
8331,132405
8332,132405
8333,132405
8334,132405
8335,132405
8336,132405
8337,132405
8338,132405
8339,132405
8340,132405
8341,132405
8342,132405
8343,132405
8344,132405
8345,132405
8346,132405
8347,132405
8348,132405
8349,132405
8350,132405
8351,132405
8352,132405
8353,132405
8354,132405
8355,132405
8356,132405
8357,132405
8358,132405
8359,132405
8360,132405
8361,132405
8362,132405
8363,132405
8364,132405
8365,132405
8366,132405
8367,132405
8368,132405
8369,132405
8370,132405
8371,132405
8372,132405
8373,132405
8374,132405
8375,132405
8376,132405
8377,132405
8378,132405
8379,132405
8380,132405
8381,132405
8382,132405
8383,132405
8384,132405
8385,132405
8386,132405
8387,132405
8388,132405
8389,132405
8390,132405
8391,132405
8392,132405
8393,132405
8394,132405
8395,132405
8396,132405
8397,132405
8398,132405
8399,132405
8400,132405
8401,132405
8402,132405
8403,132405
8404,132405
8405,132405
8406,132405
8407,132405
8408,132405
8409,132405
8410,132405
8411,132405
8412,132405
8413,132405
8414,132405
8415,132405
8416,132405
8417,132405
8418,132405
8419,132405
8420,132405
8421,132405
8422,132405
8423,132405
8424,132405
8425,132405
8426,132405
8427,132405
8428,132405
8429,132405
8430,132405
8431,132405
8432,132405
8433,132405
8434,132405
8435,132405
8436,132405
8437,132405
8438,132405
8439,132405
8440,132405
8441,132405
8442,132405
8443,132405
8444,132405
8445,132405
8446,132405
8447,132405
8448,132405
8449,132405
8450,132405
8451,132405
8452,132405
8453,132405
8454,132405
8455,132405
8456,132405
8457,132405
8458,132405
8459,132405
8460,132405
8461,132405
8462,132405
8463,132405
8464,132405
8465,132405
8466,132405
8467,132405
8468,132405
8469,132405
8470,132405
8471,132405
8472,132405
8473,132405
8474,132405
8475,132405
8476,132405
8477,132405
8478,132405
8479,132405
8480,132405
8481,132405
8482,132405
8483,132405
8484,132405
8485,132405
8486,132405
8487,132405
8488,132405
8489,132405
8490,132405
8491,132405
8492,132405
8493,132405
8494,132405
8495,132405
8496,132405
8497,132405
8498,132405
8499,132405
8500,132405
8501,132405
8502,132405
8503,132405
8504,132405
8505,132405
8506,132405
8507,132405
8508,132405
8509,132405
8510,132405
8511,132405
8512,132405
8513,132405
8514,132405
8515,132405
8516,132405
8517,132405
8518,132405
8519,132405
8520,132405
8521,132405
8522,132405
8523,132405
8524,132405
8525,132405
8526,132405
8527,132405
8528,132405
8529,132405
8530,132405
8531,132405
8532,132405
8533,132405
8534,132405
8535,132405
8536,132405
8537,132405
8538,132405
8539,132405
8540,132405
8541,132405
8542,132405
8543,132405
8544,132405
8545,132405
8546,132405
8547,132405
8548,132405
8549,132405
8550,132405
8551,132405
8552,132405
8553,132405
8554,132405
8555,132405
8556,132405
8557,132405
8558,132405
8559,132405
8560,132405
8561,132405
8562,132405
8563,132405
8564,132405
8565,132405
8566,132405
8567,132405
8568,132405
8569,132405
8570,132405
8571,132405
8572,132405
8573,132405
8574,132405
8575,132405
8576,132405
8577,132405
8578,132405
8579,132405
8580,132405
8581,132405
8582,132405
8583,132405
8584,132405
8585,132405
8586,132405
8587,132405
8588,132405
8589,132405
8590,132405
8591,132405
8592,132405
8593,132405
8594,132405
8595,132405
8596,132405
8597,132405
8598,132405
8599,132405
8600,132405
8601,132405
8602,132405
8603,132405
8604,132405
8605,132405
8606,132405
8607,132405
8608,132405
8609,132405
8610,132405
8611,132405
8612,132405
8613,132405
8614,132405
8615,132405
8616,132405
8617,132405
8618,132405
8619,132405
8620,132405
8621,132405
8622,132405
8623,132405
8624,132405
8625,132405
8626,132405
8627,132405
8628,132405
8629,132405
8630,132405
8631,132405
8632,132405
8633,132405
8634,132405
8635,132405
8636,132405
8637,132405
8638,132405
8639,132405
8640,132405
8641,132405
8642,132405
8643,132405
8644,132405
8645,132405
8646,132405
8647,132405
8648,132405
8649,132405
8650,132405
8651,132405
8652,132405
8653,132405
8654,132405
8655,132405
8656,132405
8657,132405
8658,132405
8659,132405
8660,132405
8661,132405
8662,132405
8663,132405
8664,132405
8665,132405
8666,132405
8667,132405
8668,132405
8669,132405
8670,132405
8671,132405
8672,132405
8673,132405
8674,132405
8675,132405
8676,132405
8677,132405
8678,132405
8679,132405
8680,132405
8681,132405
8682,132405
8683,132405
8684,132405
8685,132405
8686,132405
8687,132405
8688,132405
8689,132405
8690,132405
8691,132405
8692,132405
8693,132405
8694,132405
8695,132405
8696,132405
8697,132405
8698,132405
8699,132405
8700,132405
8701,132405
8702,132405
8703,132405
8704,132405
8705,132405
8706,132405
8707,132405
8708,132405
8709,132405
8710,132405
8711,132405
8712,132405
8713,132405
8714,132405
8715,132405
8716,132405
8717,132405
8718,132405
8719,132405
8720,132405
8721,132405
8722,132405
8723,132405
8724,132405
8725,132405
8726,132405
8727,132405
8728,132405
8729,132405
8730,132405
8731,132405
8732,132405
8733,132405
8734,132405
8735,132405
8736,132405
8737,132405
8738,132405
8739,132405
8740,132405
8741,132405
8742,132405
8743,132405
8744,132405
8745,132405
8746,132405
8747,132405
8748,132405
8749,132405
8750,132405
8751,132405
8752,132405
8753,132405
8754,132405
8755,132405
8756,132405
8757,132405
8758,132405
8759,132405
8760,132405
8761,132405
8762,132405
8763,132405
8764,132405
8765,132405
8766,132405
8767,132405
8768,132405
8769,132405
8770,132405
8771,132405
8772,132405
8773,132405
8774,132405
8775,132405
8776,132405
8777,132405
8778,132405
8779,132405
8780,132405
8781,132405
8782,132405
8783,132405
8784,132405
8785,132405
8786,132405
8787,132405
8788,132405
8789,132405
8790,132405
8791,132405
8792,132405
8793,132405
8794,132405
8795,132405
8796,132405
8797,132405
8798,132405
8799,132405
8800,132405
8801,132405
8802,132405
8803,132405
8804,132405
8805,132405
8806,132405
8807,132405
8808,132405
8809,132405
8810,132405
8811,132405
8812,132405
8813,132405
8814,132405
8815,132405
8816,132405
8817,132405
8818,132405
8819,132405
8820,132405
8821,132405
8822,132405
8823,132405
8824,132405
8825,132405
8826,132405
8827,132405
8828,132405
8829,132405
8830,132405
8831,132405
8832,132405
8833,132405
8834,132405
8835,132405
8836,132405
8837,132405
8838,132405
8839,132405
8840,132405
8841,132405
8842,132405
8843,132405
8844,132405
8845,132405
8846,132405
8847,132405
8848,132405
8849,132405
8850,132405
8851,132405
8852,132405
8853,132405
8854,132405
8855,132405
8856,132405
8857,132405
8858,132405
8859,132405
8860,132405
8861,132405
8862,132405
8863,132405
8864,132405
8865,132405
8866,132405
8867,132405
8868,132405
8869,132405
8870,132405
8871,132405
8872,132405
8873,132405
8874,132405
8875,132405
8876,132405
8877,132405
8878,132405
8879,132405
8880,132405
8881,132405
8882,132405
8883,132405
8884,132405
8885,132405
8886,132405
8887,132405
8888,132405
8889,132405
8890,132405
8891,132405
8892,132405
8893,132405
8894,132405
8895,132405
8896,132405
8897,132405
8898,132405
8899,132405
8900,132405
8901,132405
8902,132405
8903,132405
8904,132405
8905,132405
8906,132405
8907,132405
8908,132405
8909,132405
8910,132405
8911,132405
8912,132405
8913,132405
8914,132405
8915,132405
8916,132405
8917,132405
8918,132405
8919,132405
8920,132405
8921,132405
8922,132405
8923,132405
8924,132405
8925,132405
8926,132405
8927,132405
8928,132405
8929,132405
8930,132405
8931,132405
8932,132405
8933,132405
8934,132405
8935,132405
8936,132405
8937,132405
8938,132405
8939,132405
8940,132405
8941,132405
8942,132405
8943,132405
8944,132405
8945,132405
8946,132405
8947,132405
8948,132405
8949,132405
8950,132405
8951,132405
8952,132405
8953,132405
8954,132405
8955,132405
8956,132405
8957,132405
8958,132405
8959,132405
8960,132405
8961,132405
8962,132405
8963,132405
8964,132405
8965,132405
8966,132405
8967,132405
8968,132405
8969,132405
8970,132405
8971,132405
8972,132405
8973,132405
8974,132405
8975,132405
8976,132405
8977,132405
8978,132405
8979,132405
8980,132405
8981,132405
8982,132405
8983,132405
8984,132405
8985,132405
8986,132405
8987,132405
8988,132405
8989,132405
8990,132405
8991,132405
8992,132405
8993,132405
8994,132405
8995,132405
8996,132405
8997,132405
8998,132405
8999,132405
9000,132405
9001,132405
9002,132405
9003,132405
9004,132405
9005,132405
9006,132405
9007,132405
9008,132405
9009,132405
9010,132405
9011,132405
9012,132405
9013,132405
9014,132405
9015,132405
9016,132405
9017,132405
9018,132405
9019,132405
9020,132405
9021,132405
9022,132405
9023,132405
9024,132405
9025,132405
9026,132405
9027,132405
9028,132405
9029,132405
9030,132405
9031,132405
9032,132405
9033,132405
9034,132405
9035,132405
9036,132405
9037,132405
9038,132405
9039,132405
9040,132405
9041,132405
9042,132405
9043,132405
9044,132405
9045,132405
9046,132405
9047,132405
9048,132405
9049,132405
9050,132405
9051,132405
9052,132405
9053,132405
9054,132405
9055,132405
9056,132405
9057,132405
9058,132405
9059,132405
9060,132405
9061,132405
9062,132405
9063,132405
9064,132405
9065,132405
9066,132405
9067,132405
9068,132405
9069,132405
9070,132405
9071,132405
9072,132405
9073,132405
9074,132405
9075,132405
9076,132405
9077,132405
9078,132405
9079,132405
9080,132405
9081,132405
9082,132405
9083,132405
9084,132405
9085,132405
9086,132405
9087,132405
9088,132405
9089,132405
9090,132405
9091,132405
9092,132405
9093,132405
9094,132405
9095,132405
9096,132405
9097,132405
9098,132405
9099,132405
9100,132405
9101,132405
9102,132405
9103,132405
9104,132405
9105,132405
9106,132405
9107,132405
9108,132405
9109,132405
9110,132405
9111,132405
9112,132405
9113,132405
9114,132405
9115,132405
9116,132405
9117,132405
9118,132405
9119,132405
9120,132405
9121,132405
9122,132405
9123,132405
9124,132405
9125,132405
9126,132405
9127,132405
9128,132405
9129,132405
9130,132405
9131,132405
9132,132405
9133,132405
9134,132405
9135,132405
9136,132405
9137,132405
9138,132405
9139,132405
9140,132405
9141,132405
9142,132405
9143,132405
9144,132405
9145,132405
9146,132405
9147,132405
9148,132405
9149,132405
9150,132405
9151,132405
9152,132405
9153,132405
9154,132405
9155,132405
9156,132405
9157,132405
9158,132405
9159,132405
9160,132405
9161,132405
9162,132405
9163,132405
9164,132405
9165,132405
9166,132405
9167,132405
9168,132405
9169,132405
9170,132405
9171,132405
9172,132405
9173,132405
9174,132405
9175,132405
9176,132405
9177,132405
9178,132405
9179,132405
9180,132405
9181,132405
9182,132405
9183,132405
9184,132405
9185,132405
9186,132405
9187,132405
9188,132405
9189,132405
9190,132405
9191,132405
9192,132405
9193,132405
9194,132405
9195,132405
9196,132405
9197,132405
9198,132405
9199,132405
9200,132405
9201,132405
9202,132405
9203,132405
9204,132405
9205,132405
9206,132405
9207,132405
9208,132405
9209,132405
9210,132405
9211,132405
9212,132405
9213,132405
9214,132405
9215,132405
9216,132405
9217,132405
9218,132405
9219,132405
9220,132405
9221,132405
9222,132405
9223,132405
9224,132405
9225,132405
9226,132405
9227,132405
9228,132405
9229,132405
9230,132405
9231,132405
9232,132405
9233,132405
9234,132405
9235,132405
9236,132405
9237,132405
9238,132405
9239,132405
9240,132405
9241,132405
9242,132405
9243,132405
9244,132405
9245,132405
9246,132405
9247,132405
9248,132405
9249,132405
9250,132405
9251,132405
9252,132405
9253,132405
9254,132405
9255,132405
9256,132405
9257,132405
9258,132405
9259,132405
9260,132405
9261,132405
9262,132405
9263,132405
9264,132405
9265,132405
9266,132405
9267,132405
9268,132405
9269,132405
9270,132405
9271,132405
9272,132405
9273,132405
9274,132405
9275,132405
9276,132405
9277,132405
9278,132405
9279,132405
9280,132405
9281,132405
9282,132405
9283,132405
9284,132405
9285,132405
9286,132405
9287,132405
9288,132405
9289,132405
9290,132405
9291,132405
9292,132405
9293,132405
9294,132405
9295,132405
9296,132405
9297,132405
9298,132405
9299,132405
9300,132405
9301,132405
9302,132405
9303,132405
9304,132405
9305,132405
9306,132405
9307,132405
9308,132405
9309,132405
9310,132405
9311,132405
9312,132405
9313,132405
9314,132405
9315,132405
9316,132405
9317,132405
9318,132405
9319,132405
9320,132405
9321,132405
9322,132405
9323,132405
9324,132405
9325,132405
9326,132405
9327,132405
9328,132405
9329,132405
9330,132405
9331,132405
9332,132405
9333,132405
9334,132405
9335,132405
9336,132405
9337,132405
9338,132405
9339,132405
9340,132405
9341,132405
9342,132405
9343,132405
9344,132405
9345,132405
9346,132405
9347,132405
9348,132405
9349,132405
9350,132405
9351,132405
9352,132405
9353,132405
9354,132405
9355,132405
9356,132405
9357,132405
9358,132405
9359,132405
9360,132405
9361,132405
9362,132405
9363,132405
9364,132405
9365,132405
9366,132405
9367,132405
9368,132405
9369,132405
9370,132405
9371,132405
9372,132405
9373,132405
9374,132405
9375,132405
9376,132405
9377,132405
9378,132405
9379,132405
9380,132405
9381,132405
9382,132405
9383,132405
9384,132405
9385,132405
9386,132405
9387,132405
9388,132405
9389,132405
9390,132405
9391,132405
9392,132405
9393,132405
9394,132405
9395,132405
9396,132405
9397,132405
9398,132405
9399,132405
9400,132405
9401,132405
9402,132405
9403,132405
9404,132405
9405,132405
9406,132405
9407,132405
9408,132405
9409,132405
9410,132405
9411,132405
9412,132405
9413,132405
9414,132405
9415,132405
9416,132405
9417,132405
9418,132405
9419,132405
9420,132405
9421,132405
9422,132405
9423,132405
9424,132405
9425,132405
9426,132405
9427,132405
9428,132405
9429,132405
9430,132405
9431,132405
9432,132405
9433,132405
9434,132405
9435,132405
9436,132405
9437,132405
9438,132405
9439,132405
9440,132405
9441,132405
9442,132405
9443,132405
9444,132405
9445,132405
9446,132405
9447,132405
9448,132405
9449,132405
9450,132405
9451,132405
9452,132405
9453,132405
9454,132405
9455,132405
9456,132405
9457,132405
9458,132405
9459,132405
9460,132405
9461,132405
9462,132405
9463,132405
9464,132405
9465,132405
9466,132405
9467,132405
9468,132405
9469,132405
9470,132405
9471,132405
9472,132405
9473,132405
9474,132405
9475,132405
9476,132405
9477,132405
9478,132405
9479,132405
9480,132405
9481,132405
9482,132405
9483,132405
9484,132405
9485,132405
9486,132405
9487,132405
9488,132405
9489,132405
9490,132405
9491,132405
9492,132405
9493,132405
9494,132405
9495,132405
9496,132405
9497,132405
9498,132405
9499,132405
9500,132405
9501,132405
9502,132405
9503,132405
9504,132405
9505,132405
9506,132405
9507,132405
9508,132405
9509,132405
9510,132405
9511,132405
9512,132405
9513,132405
9514,132405
9515,132405
9516,132405
9517,132405
9518,132405
9519,132405
9520,132405
9521,132405
9522,132405
9523,132405
9524,132405
9525,132405
9526,132405
9527,132405
9528,132405
9529,132405
9530,132405
9531,132405
9532,132405
9533,132405
9534,132405
9535,132405
9536,132405
9537,132405
9538,132405
9539,132405
9540,132405
9541,132405
9542,132405
9543,132405
9544,132405
9545,132405
9546,132405
9547,132405
9548,132405
9549,132405
9550,132405
9551,132405
9552,132405
9553,132405
9554,132405
9555,132405
9556,132405
9557,132405
9558,132405
9559,132405
9560,132405
9561,132405
9562,132405
9563,132405
9564,132405
9565,132405
9566,132405
9567,132405
9568,132405
9569,132405
9570,132405
9571,132405
9572,132405
9573,132405
9574,132405
9575,132405
9576,132405
9577,132405
9578,132405
9579,132405
9580,132405
9581,132405
9582,132405
9583,132405
9584,132405
9585,132405
9586,132405
9587,132405
9588,132405
9589,132405
9590,132405
9591,132405
9592,132405
9593,132405
9594,132405
9595,132405
9596,132405
9597,132405
9598,132405
9599,132405
9600,132405
9601,132405
9602,132405
9603,132405
9604,132405
9605,132405
9606,132405
9607,132405
9608,132405
9609,132405
9610,132405
9611,132405
9612,132405
9613,132405
9614,132405
9615,132405
9616,132405
9617,132405
9618,132405
9619,132405
9620,132405
9621,132405
9622,132405
9623,132405
9624,132405
9625,132405
9626,132405
9627,132405
9628,132405
9629,132405
9630,132405
9631,132405
9632,132405
9633,132405
9634,132405
9635,132405
9636,132405
9637,132405
9638,132405
9639,132405
9640,132405
9641,132405
9642,132405
9643,132405
9644,132405
9645,132405
9646,132405
9647,132405
9648,132405
9649,132405
9650,132405
9651,132405
9652,132405
9653,132405
9654,132405
9655,132405
9656,132405
9657,132405
9658,132405
9659,132405
9660,132405
9661,132405
9662,132405
9663,132405
9664,132405
9665,132405
9666,132405
9667,132405
9668,132405
9669,132405
9670,132405
9671,132405
9672,132405
9673,132405
9674,132405
9675,132405
9676,132405
9677,132405
9678,132405
9679,132405
9680,132405
9681,132405
9682,132405
9683,132405
9684,132405
9685,132405
9686,132405
9687,132405
9688,132405
9689,132405
9690,132405
9691,132405
9692,132405
9693,132405
9694,132405
9695,132405
9696,132405
9697,132405
9698,132405
9699,132405
9700,132405
9701,132405
9702,132405
9703,132405
9704,132405
9705,132405
9706,132405
9707,132405
9708,132405
9709,132405
9710,132405
9711,132405
9712,132405
9713,132405
9714,132405
9715,132405
9716,132405
9717,132405
9718,132405
9719,132405
9720,132405
9721,132405
9722,132405
9723,132405
9724,132405
9725,132405
9726,132405
9727,132405
9728,132405
9729,132405
9730,132405
9731,132405
9732,132405
9733,132405
9734,132405
9735,132405
9736,132405
9737,132405
9738,132405
9739,132405
9740,132405
9741,132405
9742,132405
9743,132405
9744,132405
9745,132405
9746,132405
9747,132405
9748,132405
9749,132405
9750,132405
9751,132405
9752,132405
9753,132405
9754,132405
9755,132405
9756,132405
9757,132405
9758,132405
9759,132405
9760,132405
9761,132405
9762,132405
9763,132405
9764,132405
9765,132405
9766,132405
9767,132405
9768,132405
9769,132405
9770,132405
9771,132405
9772,132405
9773,132405
9774,132405
9775,132405
9776,132405
9777,132405
9778,132405
9779,132405
9780,132405
9781,132405
9782,132405
9783,132405
9784,132405
9785,132405
9786,132405
9787,132405
9788,132405
9789,132405
9790,132405
9791,132405
9792,132405
9793,132405
9794,132405
9795,132405
9796,132405
9797,132405
9798,132405
9799,132405
9800,132405
9801,132405
9802,132405
9803,132405
9804,132405
9805,132405
9806,132405
9807,132405
9808,132405
9809,132405
9810,132405
9811,132405
9812,132405
9813,132405
9814,132405
9815,132405
9816,132405
9817,132405
9818,132405
9819,132405
9820,132405
9821,132405
9822,132405
9823,132405
9824,132405
9825,132405
9826,132405
9827,132405
9828,132405
9829,132405
9830,132405
9831,132405
9832,132405
9833,132405
9834,132405
9835,132405
9836,132405
9837,132405
9838,132405
9839,132405
9840,132405
9841,132405
9842,132405
9843,132405
9844,132405
9845,132405
9846,132405
9847,132405
9848,132405
9849,132405
9850,132405
9851,132405
9852,132405
9853,132405
9854,132405
9855,132405
9856,132405
9857,132405
9858,132405
9859,132405
9860,132405
9861,132405
9862,132405
9863,132405
9864,132405
9865,132405
9866,132405
9867,132405
9868,132405
9869,132405
9870,132405
9871,132405
9872,132405
9873,132405
9874,132405
9875,132405
9876,132405
9877,132405
9878,132405
9879,132405
9880,132405
9881,132405
9882,132405
9883,132405
9884,132405
9885,132405
9886,132405
9887,132405
9888,132405
9889,132405
9890,132405
9891,132405
9892,132405
9893,132405
9894,132405
9895,132405
9896,132405
9897,132405
9898,132405
9899,132405
9900,132405
9901,132405
9902,132405
9903,132405
9904,132405
9905,132405
9906,132405
9907,132405
9908,132405
9909,132405
9910,132405
9911,132405
9912,132405
9913,132405
9914,132405
9915,132405
9916,132405
9917,132405
9918,132405
9919,132405
9920,132405
9921,132405
9922,132405
9923,132405
9924,132405
9925,132405
9926,132405
9927,132405
9928,132405
9929,132405
9930,132405
9931,132405
9932,132405
9933,132405
9934,132405
9935,132405
9936,132405
9937,132405
9938,132405
9939,132405
9940,132405
9941,132405
9942,132405
9943,132405
9944,132405
9945,132405
9946,132405
9947,132405
9948,132405
9949,132405
9950,132405
9951,132405
9952,132405
9953,132405
9954,132405
9955,132405
9956,132405
9957,132405
9958,132405
9959,132405
9960,132405
9961,132405
9962,132405
9963,132405
9964,132405
9965,132405
9966,132405
9967,132405
9968,132405
9969,132405
9970,132405
9971,132405
9972,132405
9973,132405
9974,132405
9975,132405
9976,132405
9977,132405
9978,132405
9979,132405
9980,132405
9981,132405
9982,132405
9983,132405
9984,132405
9985,132405
9986,132405
9987,132405
9988,132405
9989,132405
9990,132405
9991,132405
9992,132405
9993,132405
9994,132405
9995,132405
9996,132405
9997,132405
9998,132405
9999,132405
10000,132405
10001,132405
10002,132405
10003,132405
10004,132405
10005,132405
10006,132405
10007,132405
10008,132405
10009,132405
10010,132405
10011,132405
10012,132405
10013,132405
10014,132405
10015,132405
10016,132405
10017,132405
10018,132405
10019,132405
10020,132405
10021,132405
10022,132405
10023,132405
10024,132405
10025,132405
10026,132405
10027,132405
10028,132405
10029,132405
10030,132405
10031,132405
10032,132405
10033,132405
10034,132405
10035,132405
10036,132405
10037,132405
10038,132405
10039,132405
10040,132405
10041,132405
10042,132405
10043,132405
10044,132405
10045,132405
10046,132405
10047,132405
10048,132405
10049,132405
10050,132405
10051,132405
10052,132405
10053,132405
10054,132405
10055,132405
10056,132405
10057,132405
10058,132405
10059,132405
10060,132405
10061,132405
10062,132405
10063,132405
10064,132405
10065,132405
10066,132405
10067,132405
10068,132405
10069,132405
10070,132405
10071,132405
10072,132405
10073,132405
10074,132405
10075,132405
10076,132405
10077,132405
10078,132405
10079,132405
10080,132405
10081,132405
10082,132405
10083,132405
10084,132405
10085,132405
10086,132405
10087,132405
10088,132405
10089,132405
10090,132405
10091,132405
10092,132405
10093,132405
10094,132405
10095,132405
10096,132405
10097,132405
10098,132405
10099,132405
10100,132405
10101,132405
10102,132405
10103,132405
10104,132405
10105,132405
10106,132405
10107,132405
10108,132405
10109,132405
10110,132405
10111,132405
10112,132405
10113,132405
10114,132405
10115,132405
10116,132405
10117,132405
10118,132405
10119,132405
10120,132405
10121,132405
10122,132405
10123,132405
10124,132405
10125,132405
10126,132405
10127,132405
10128,132405
10129,132405
10130,132405
10131,132405
10132,132405
10133,132405
10134,132405
10135,132405
10136,132405
10137,132405
10138,132405
10139,132405
10140,132405
10141,132405
10142,132405
10143,132405
10144,132405
10145,132405
10146,132405
10147,132405
10148,132405
10149,132405
10150,132405
10151,132405
10152,132405
10153,132405
10154,132405
10155,132405
10156,132405
10157,132405
10158,132405
10159,132405
10160,132405
10161,132405
10162,132405
10163,132405
10164,132405
10165,132405
10166,132405
10167,132405
10168,132405
10169,132405
10170,132405
10171,132405
10172,132405
10173,132405
10174,132405
10175,132405
10176,132405
10177,132405
10178,132405
10179,132405
10180,132405
10181,132405
10182,132405
10183,132405
10184,132405
10185,132405
10186,132405
10187,132405
10188,132405
10189,132405
10190,132405
10191,132405
10192,132405
10193,132405
10194,132405
10195,132405
10196,132405
10197,132405
10198,132405
10199,132405
10200,132405
10201,132405
10202,132405
10203,132405
10204,132405
10205,132405
10206,132405
10207,132405
10208,132405
10209,132405
10210,132405
10211,132405
10212,132405
10213,132405
10214,132405
10215,132405
10216,132405
10217,132405
10218,132405
10219,132405
10220,132405
10221,132405
10222,132405
10223,132405
10224,132405
10225,132405
10226,132405
10227,132405
10228,132405
10229,132405
10230,132405
10231,132405
10232,132405
10233,132405
10234,132405
10235,132405
10236,132405
10237,132405
10238,132405
10239,132405
10240,132405
10241,132405
10242,132405
10243,132405
10244,132405
10245,132405
10246,132405
10247,132405
10248,132405
10249,132405
10250,132405
10251,132405
10252,132405
10253,132405
10254,132405
10255,132405
10256,132405
10257,132405
10258,132405
10259,132405
10260,132405
10261,132405
10262,132405
10263,132405
10264,132405
10265,132405
10266,132405
10267,132405
10268,132405
10269,132405
10270,132405
10271,132405
10272,132405
10273,132405
10274,132405
10275,132405
10276,132405
10277,132405
10278,132405
10279,132405
10280,132405
10281,132405
10282,132405
10283,132405
10284,132405
10285,132405
10286,132405
10287,132405
10288,132405
10289,132405
10290,132405
10291,132405
10292,132405
10293,132405
10294,132405
10295,132405
10296,132405
10297,132405
10298,132405
10299,132405
10300,132405
10301,132405
10302,132405
10303,132405
10304,132405
10305,132405
10306,132405
10307,132405
10308,132405
10309,132405
10310,132405
10311,132405
10312,132405
10313,132405
10314,132405
10315,132405
10316,132405
10317,132405
10318,132405
10319,132405
10320,132405
10321,132405
10322,132405
10323,132405
10324,132405
10325,132405
10326,132405
10327,132405
10328,132405
10329,132405
10330,132405
10331,132405
10332,132405
10333,132405
10334,132405
10335,132405
10336,132405
10337,132405
10338,132405
10339,132405
10340,132405
10341,132405
10342,132405
10343,132405
10344,132405
10345,132405
10346,132405
10347,132405
10348,132405
10349,132405
10350,132405
10351,132405
10352,132405
10353,132405
10354,132405
10355,132405
10356,132405
10357,132405
10358,132405
10359,132405
10360,132405
10361,132405
10362,132405
10363,132405
10364,132405
10365,132405
10366,132405
10367,132405
10368,132405
10369,132405
10370,132405
10371,132405
10372,132405
10373,132405
10374,132405
10375,132405
10376,132405
10377,132405
10378,132405
10379,132405
10380,132405
10381,132405
10382,132405
10383,132405
10384,132405
10385,132405
10386,132405
10387,132405
10388,132405
10389,132405
10390,132405
10391,132405
10392,132405
10393,132405
10394,132405
10395,132405
10396,132405
10397,132405
10398,132405
10399,132405
10400,132405
10401,132405
10402,132405
10403,132405
10404,132405
10405,132405
10406,132405
10407,132405
10408,132405
10409,132405
10410,132405
10411,132405
10412,132405
10413,132405
10414,132405
10415,132405
10416,132405
10417,132405
10418,132405
10419,132405
10420,132405
10421,132405
10422,132405
10423,132405
10424,132405
10425,132405
10426,132405
10427,132405
10428,132405
10429,132405
10430,132405
10431,132405
10432,132405
10433,132405
10434,132405
10435,132405
10436,132405
10437,132405
10438,132405
10439,132405
10440,132405
10441,132405
10442,132405
10443,132405
10444,132405
10445,132405
10446,132405
10447,132405
10448,132405
10449,132405
10450,132405
10451,132405
10452,132405
10453,132405
10454,132405
10455,132405
10456,132405
10457,132405
10458,132405
10459,132405
10460,132405
10461,132405
10462,132405
10463,132405
10464,132405
10465,132405
10466,132405
10467,132405
10468,132405
10469,132405
10470,132405
10471,132405
10472,132405
10473,132405
10474,132405
10475,132405
10476,132405
10477,132405
10478,132405
10479,132405
10480,132405
10481,132405
10482,132405
10483,132405
10484,132405
10485,132405
10486,132405
10487,132405
10488,132405
10489,132405
10490,132405
10491,132405
10492,132405
10493,132405
10494,132405
10495,132405
10496,132405
10497,132405
10498,132405
10499,132405
10500,132405
10501,132405
10502,132405
10503,132405
10504,132405
10505,132405
10506,132405
10507,132405
10508,132405
10509,132405
10510,132405
10511,132405
10512,132405
10513,132405
10514,132405
10515,132405
10516,132405
10517,132405
10518,132405
10519,132405
10520,132405
10521,132405
10522,132405
10523,132405
10524,132405
10525,132405
10526,132405
10527,132405
10528,132405
10529,132405
10530,132405
10531,132405
10532,132405
10533,132405
10534,132405
10535,132405
10536,132405
10537,132405
10538,132405
10539,132405
10540,132405
10541,132405
10542,132405
10543,132405
10544,132405
10545,132405
10546,132405
10547,132405
10548,132405
10549,132405
10550,132405
10551,132405
10552,132405
10553,132405
10554,132405
10555,132405
10556,132405
10557,132405
10558,132405
10559,132405
10560,132405
10561,132405
10562,132405
10563,132405
10564,132405
10565,132405
10566,132405
10567,132405
10568,132405
10569,132405
10570,132405
10571,132405
10572,132405
10573,132405
10574,132405
10575,132405
10576,132405
10577,132405
10578,132405
10579,132405
10580,132405
10581,132405
10582,132405
10583,132405
10584,132405
10585,132405
10586,132405
10587,132405
10588,132405
10589,132405
10590,132405
10591,132405
10592,132405
10593,132405
10594,132405
10595,132405
10596,132405
10597,132405
10598,132405
10599,132405
10600,132405
10601,132405
10602,132405
10603,132405
10604,132405
10605,132405
10606,132405
10607,132405
10608,132405
10609,132405
10610,132405
10611,132405
10612,132405
10613,132405
10614,132405
10615,132405
10616,132405
10617,132405
10618,132405
10619,132405
10620,132405
10621,132405
10622,132405
10623,132405
10624,132405
10625,132405
10626,132405
10627,132405
10628,132405
10629,132405
10630,132405
10631,132405
10632,132405
10633,132405
10634,132405
10635,132405
10636,132405
10637,132405
10638,132405
10639,132405
10640,132405
10641,132405
10642,132405
10643,132405
10644,132405
10645,132405
10646,132405
10647,132405
10648,132405
10649,132405
10650,132405
10651,132405
10652,132405
10653,132405
10654,132405
10655,132405
10656,132405
10657,132405
10658,132405
10659,132405
10660,132405
10661,132405
10662,132405
10663,132405
10664,132405
10665,132405
10666,132405
10667,132405
10668,132405
10669,132405
10670,132405
10671,132405
10672,132405
10673,132405
10674,132405
10675,132405
10676,132405
10677,132405
10678,132405
10679,132405
10680,132405
10681,132405
10682,132405
10683,132405
10684,132405
10685,132405
10686,132405
10687,132405
10688,132405
10689,132405
10690,132405
10691,132405
10692,132405
10693,132405
10694,132405
10695,132405
10696,132405
10697,132405
10698,132405
10699,132405
10700,132405
10701,132405
10702,132405
10703,132405
10704,132405
10705,132405
10706,132405
10707,132405
10708,132405
10709,132405
10710,132405
10711,132405
10712,132405
10713,132405
10714,132405
10715,132405
10716,132405
10717,132405
10718,132405
10719,132405
10720,132405
10721,132405
10722,132405
10723,132405
10724,132405
10725,132405
10726,132405
10727,132405
10728,132405
10729,132405
10730,132405
10731,132405
10732,132405
10733,132405
10734,132405
10735,132405
10736,132405
10737,132405
10738,132405
10739,132405
10740,132405
10741,132405
10742,132405
10743,132405
10744,132405
10745,132405
10746,132405
10747,132405
10748,132405
10749,132405
10750,132405
10751,132405
10752,132405
10753,132405
10754,132405
10755,132405
10756,132405
10757,132405
10758,132405
10759,132405
10760,132405
10761,132405
10762,132405
10763,132405
10764,132405
10765,132405
10766,132405
10767,132405
10768,132405
10769,132405
10770,132405
10771,132405
10772,132405
10773,132405
10774,132405
10775,132405
10776,132405
10777,132405
10778,132405
10779,132405
10780,132405
10781,132405
10782,132405
10783,132405
10784,132405
10785,132405
10786,132405
10787,132405
10788,132405
10789,132405
10790,132405
10791,132405
10792,132405
10793,132405
10794,132405
10795,132405
10796,132405
10797,132405
10798,132405
10799,132405
10800,132405
10801,132405
10802,132405
10803,132405
10804,132405
10805,132405
10806,132405
10807,132405
10808,132405
10809,132405
10810,132405
10811,132405
10812,132405
10813,132405
10814,132405
10815,132405
10816,132405
10817,132405
10818,132405
10819,132405
10820,132405
10821,132405
10822,132405
10823,132405
10824,132405
10825,132405
10826,132405
10827,132405
10828,132405
10829,132405
10830,132405
10831,132405
10832,132405
10833,132405
10834,132405
10835,132405
10836,132405
10837,132405
10838,132405
10839,132405
10840,132405
10841,132405
10842,132405
10843,132405
10844,132405
10845,132405
10846,132405
10847,132405
10848,132405
10849,132405
10850,132405
10851,132405
10852,132405
10853,132405
10854,132405
10855,132405
10856,132405
10857,132405
10858,132405
10859,132405
10860,132405
10861,132405
10862,132405
10863,132405
10864,132405
10865,132405
10866,132405
10867,132405
10868,132405
10869,132405
10870,132405
10871,132405
10872,132405
10873,132405
10874,132405
10875,132405
10876,132405
10877,132405
10878,132405
10879,132405
10880,132405
10881,132405
10882,132405
10883,132405
10884,132405
10885,132405
10886,132405
10887,132405
10888,132405
10889,132405
10890,132405
10891,132405
10892,132405
10893,132405
10894,132405
10895,132405
10896,132405
10897,132405
10898,132405
10899,132405
10900,132405
10901,132405
10902,132405
10903,132405
10904,132405
10905,132405
10906,132405
10907,132405
10908,132405
10909,132405
10910,132405
10911,132405
10912,132405
10913,132405
10914,132405
10915,132405
10916,132405
10917,132405
10918,132405
10919,132405
10920,132405
10921,132405
10922,132405
10923,132405
10924,132405
10925,132405
10926,132405
10927,132405
10928,132405
10929,132405
10930,132405
10931,132405
10932,132405
10933,132405
10934,132405
10935,132405
10936,132405
10937,132405
10938,132405
10939,132405
10940,132405
10941,132405
10942,132405
10943,132405
10944,132405
10945,132405
10946,132405
10947,132405
10948,132405
10949,132405
10950,132405
10951,132405
10952,132405
10953,132405
10954,132405
10955,132405
10956,132405
10957,132405
10958,132405
10959,132405
10960,132405
10961,132405
10962,132405
10963,132405
10964,132405
10965,132405
10966,132405
10967,132405
10968,132405
10969,132405
10970,132405
10971,132405
10972,132405
10973,132405
10974,132405
10975,132405
10976,132405
10977,132405
10978,132405
10979,132405
10980,132405
10981,132405
10982,132405
10983,132405
10984,132405
10985,132405
10986,132405
10987,132405
10988,132405
10989,132405
10990,132405
10991,132405
10992,132405
10993,132405
10994,132405
10995,132405
10996,132405
10997,132405
10998,132405
10999,132405
11000,132405
11001,132405
11002,132405
11003,132405
11004,132405
11005,132405
11006,132405
11007,132405
11008,132405
11009,132405
11010,132405
11011,132405
11012,132405
11013,132405
11014,132405
11015,132405
11016,132405
11017,132405
11018,132405
11019,132405
11020,132405
11021,132405
11022,132405
11023,132405
11024,132405
11025,132405
11026,132405
11027,132405
11028,132405
11029,132405
11030,132405
11031,132405
11032,132405
11033,132405
11034,132405
11035,132405
11036,132405
11037,132405
11038,132405
11039,132405
11040,132405
11041,132405
11042,132405
11043,132405
11044,132405
11045,132405
11046,132405
11047,132405
11048,132405
11049,132405
11050,132405
11051,132405
11052,132405
11053,132405
11054,132405
11055,132405
11056,132405
11057,132405
11058,132405
11059,132405
11060,132405
11061,132405
11062,132405
11063,132405
11064,132405
11065,132405
11066,132405
11067,132405
11068,132405
11069,132405
11070,132405
11071,132405
11072,132405
11073,132405
11074,132405
11075,132405
11076,132405
11077,132405
11078,132405
11079,132405
11080,132405
11081,132405
11082,132405
11083,132405
11084,132405
11085,132405
11086,132405
11087,132405
11088,132405
11089,132405
11090,132405
11091,132405
11092,132405
11093,132405
11094,132405
11095,132405
11096,132405
11097,132405
11098,132405
11099,132405
11100,132405
11101,132405
11102,132405
11103,132405
11104,132405
11105,132405
11106,132405
11107,132405
11108,132405
11109,132405
11110,132405
11111,132405
11112,132405
11113,132405
11114,132405
11115,132405
11116,132405
11117,132405
11118,132405
11119,132405
11120,132405
11121,132405
11122,132405
11123,132405
11124,132405
11125,132405
11126,132405
11127,132405
11128,132405
11129,132405
11130,132405
11131,132405
11132,132405
11133,132405
11134,132405
11135,132405
11136,132405
11137,132405
11138,132405
11139,132405
11140,132405
11141,132405
11142,132405
11143,132405
11144,132405
11145,132405
11146,132405
11147,132405
11148,132405
11149,132405
11150,132405
11151,132405
11152,132405
11153,132405
11154,132405
11155,132405
11156,132405
11157,132405
11158,132405
11159,132405
11160,132405
11161,132405
11162,132405
11163,132405
11164,132405
11165,132405
11166,132405
11167,132405
11168,132405
11169,132405
11170,132405
11171,132405
11172,132405
11173,132405
11174,132405
11175,132405
11176,132405
11177,132405
11178,132405
11179,132405
11180,132405
11181,132405
11182,132405
11183,132405
11184,132405
11185,132405
11186,132405
11187,132405
11188,132405
11189,132405
11190,132405
11191,132405
11192,132405
11193,132405
11194,132405
11195,132405
11196,132405
11197,132405
11198,132405
11199,132405
11200,132405
11201,132405
11202,132405
11203,132405
11204,132405
11205,132405
11206,132405
11207,132405
11208,132405
11209,132405
11210,132405
11211,132405
11212,132405
11213,132405
11214,132405
11215,132405
11216,132405
11217,132405
11218,132405
11219,132405
11220,132405
11221,132405
11222,132405
11223,132405
11224,132405
11225,132405
11226,132405
11227,132405
11228,132405
11229,132405
11230,132405
11231,132405
11232,132405
11233,132405
11234,132405
11235,132405
11236,132405
11237,132405
11238,132405
11239,132405
11240,132405
11241,132405
11242,132405
11243,132405
11244,132405
11245,132405
11246,132405
11247,132405
11248,132405
11249,132405
11250,132405
11251,132405
11252,132405
11253,132405
11254,132405
11255,132405
11256,132405
11257,132405
11258,132405
11259,132405
11260,132405
11261,132405
11262,132405
11263,132405
11264,132405
11265,132405
11266,132405
11267,132405
11268,132405
11269,132405
11270,132405
11271,132405
11272,132405
11273,132405
11274,132405
11275,132405
11276,132405
11277,132405
11278,132405
11279,132405
11280,132405
11281,132405
11282,132405
11283,132405
11284,132405
11285,132405
11286,132405
11287,132405
11288,132405
11289,132405
11290,132405
11291,132405
11292,132405
11293,132405
11294,132405
11295,132405
11296,132405
11297,132405
11298,132405
11299,132405
11300,132405
11301,132405
11302,132405
11303,132405
11304,132405
11305,132405
11306,132405
11307,132405
11308,132405
11309,132405
11310,132405
11311,132405
11312,132405
11313,132405
11314,132405
11315,132405
11316,132405
11317,132405
11318,132405
11319,132405
11320,132405
11321,132405
11322,132405
11323,132405
11324,132405
11325,132405
11326,132405
11327,132405
11328,132405
11329,132405
11330,132405
11331,132405
11332,132405
11333,132405
11334,132405
11335,132405
11336,132405
11337,132405
11338,132405
11339,132405
11340,132405
11341,132405
11342,132405
11343,132405
11344,132405
11345,132405
11346,132405
11347,132405
11348,132405
11349,132405
11350,132405
11351,132405
11352,132405
11353,132405
11354,132405
11355,132405
11356,132405
11357,132405
11358,132405
11359,132405
11360,132405
11361,132405
11362,132405
11363,132405
11364,132405
11365,132405
11366,132405
11367,132405
11368,132405
11369,132405
11370,132405
11371,132405
11372,132405
11373,132405
11374,132405
11375,132405
11376,132405
11377,132405
11378,132405
11379,132405
11380,132405
11381,132405
11382,132405
11383,132405
11384,132405
11385,132405
11386,132405
11387,132405
11388,132405
11389,132405
11390,132405
11391,132405
11392,132405
11393,132405
11394,132405
11395,132405
11396,132405
11397,132405
11398,132405
11399,132405
11400,132405
11401,132405
11402,132405
11403,132405
11404,132405
11405,132405
11406,132405
11407,132405
11408,132405
11409,132405
11410,132405
11411,132405
11412,132405
11413,132405
11414,132405
11415,132405
11416,132405
11417,132405
11418,132405
11419,132405
11420,132405
11421,132405
11422,132405
11423,132405
11424,132405
11425,132405
11426,132405
11427,132405
11428,132405
11429,132405
11430,132405
11431,132405
11432,132405
11433,132405
11434,132405
11435,132405
11436,132405
11437,132405
11438,132405
11439,132405
11440,132405
11441,132405
11442,132405
11443,132405
11444,132405
11445,132405
11446,132405
11447,132405
11448,132405
11449,132405
11450,132405
11451,132405
11452,132405
11453,132405
11454,132405
11455,132405
11456,132405
11457,132405
11458,132405
11459,132405
11460,132405
11461,132405
11462,132405
11463,132405
11464,132405
11465,132405
11466,132405
11467,132405
11468,132405
11469,132405
11470,132405
11471,132405
11472,132405
11473,132405
11474,132405
11475,132405
11476,132405
11477,132405
11478,132405
11479,132405
11480,132405
11481,132405
11482,132405
11483,132405
11484,132405
11485,132405
11486,132405
11487,132405
11488,132405
11489,132405
11490,132405
11491,132405
11492,132405
11493,132405
11494,132405
11495,132405
11496,132405
11497,132405
11498,132405
11499,132405
11500,132405
11501,132405
11502,132405
11503,132405
11504,132405
11505,132405
11506,132405
11507,132405
11508,132405
11509,132405
11510,132405
11511,132405
11512,132405
11513,132405
11514,132405
11515,132405
11516,132405
11517,132405
11518,132405
11519,132405
11520,132405
11521,132405
11522,132405
11523,132405
11524,132405
11525,132405
11526,132405
11527,132405
11528,132405
11529,132405
11530,132405
11531,132405
11532,132405
11533,132405
11534,132405
11535,132405
11536,132405
11537,132405
11538,132405
11539,132405
11540,132405
11541,132405
11542,132405
11543,132405
11544,132405
11545,132405
11546,132405
11547,132405
11548,132405
11549,132405
11550,132405
11551,132405
11552,132405
11553,132405
11554,132405
11555,132405
11556,132405
11557,132405
11558,132405
11559,132405
11560,132405
11561,132405
11562,132405
11563,132405
11564,132405
11565,132405
11566,132405
11567,132405
11568,132405
11569,132405
11570,132405
11571,132405
11572,132405
11573,132405
11574,132405
11575,132405
11576,132405
11577,132405
11578,132405
11579,132405
11580,132405
11581,132405
11582,132405
11583,132405
11584,132405
11585,132405
11586,132405
11587,132405
11588,132405
11589,132405
11590,132405
11591,132405
11592,132405
11593,132405
11594,132405
11595,132405
11596,132405
11597,132405
11598,132405
11599,132405
11600,132405
11601,132405
11602,132405
11603,132405
11604,132405
11605,132405
11606,132405
11607,132405
11608,132405
11609,132405
11610,132405
11611,132405
11612,132405
11613,132405
11614,132405
11615,132405
11616,132405
11617,132405
11618,132405
11619,132405
11620,132405
11621,132405
11622,132405
11623,132405
11624,132405
11625,132405
11626,132405
11627,132405
11628,132405
11629,132405
11630,132405
11631,132405
11632,132405
11633,132405
11634,132405
11635,132405
11636,132405
11637,132405
11638,132405
11639,132405
11640,132405
11641,132405
11642,132405
11643,132405
11644,132405
11645,132405
11646,132405
11647,132405
11648,132405
11649,132405
11650,132405
11651,132405
11652,132405
11653,132405
11654,132405
11655,132405
11656,132405
11657,132405
11658,132405
11659,132405
11660,132405
11661,132405
11662,132405
11663,132405
11664,132405
11665,132405
11666,132405
11667,132405
11668,132405
11669,132405
11670,132405
11671,132405
11672,132405
11673,132405
11674,132405
11675,132405
11676,132405
11677,132405
11678,132405
11679,132405
11680,132405
11681,132405
11682,132405
11683,132405
11684,132405
11685,132405
11686,132405
11687,132405
11688,132405
11689,132405
11690,132405
11691,132405
11692,132405
11693,132405
11694,132405
11695,132405
11696,132405
11697,132405
11698,132405
11699,132405
11700,132405
11701,132405
11702,132405
11703,132405
11704,132405
11705,132405
11706,132405
11707,132405
11708,132405
11709,132405
11710,132405
11711,132405
11712,132405
11713,132405
11714,132405
11715,132405
11716,132405
11717,132405
11718,132405
11719,132405
11720,132405
11721,132405
11722,132405
11723,132405
11724,132405
11725,132405
11726,132405
11727,132405
11728,132405
11729,132405
11730,132405
11731,132405
11732,132405
11733,132405
11734,132405
11735,132405
11736,132405
11737,132405
11738,132405
11739,132405
11740,132405
11741,132405
11742,132405
11743,132405
11744,132405
11745,132405
11746,132405
11747,132405
11748,132405
11749,132405
11750,132405
11751,132405
11752,132405
11753,132405
11754,132405
11755,132405
11756,132405
11757,132405
11758,132405
11759,132405
11760,132405
11761,132405
11762,132405
11763,132405
11764,132405
11765,132405
11766,132405
11767,132405
11768,132405
11769,132405
11770,132405
11771,132405
11772,132405
11773,132405
11774,132405
11775,132405
11776,132405
11777,132405
11778,132405
11779,132405
11780,132405
11781,132405
11782,132405
11783,132405
11784,132405
11785,132405
11786,132405
11787,132405
11788,132405
11789,132405
11790,132405
11791,132405
11792,132405
11793,132405
11794,132405
11795,132405
11796,132405
11797,132405
11798,132405
11799,132405
11800,132405
11801,132405
11802,132405
11803,132405
11804,132405
11805,132405
11806,132405
11807,132405
11808,132405
11809,132405
11810,132405
11811,132405
11812,132405
11813,132405
11814,132405
11815,132405
11816,132405
11817,132405
11818,132405
11819,132405
11820,132405
11821,132405
11822,132405
11823,132405
11824,132405
11825,132405
11826,132405
11827,132405
11828,132405
11829,132405
11830,132405
11831,132405
11832,132405
11833,132405
11834,132405
11835,132405
11836,132405
11837,132405
11838,132405
11839,132405
11840,132405
11841,132405
11842,132405
11843,132405
11844,132405
11845,132405
11846,132405
11847,132405
11848,132405
11849,132405
11850,132405
11851,132405
11852,132405
11853,132405
11854,132405
11855,132405
11856,132405
11857,132405
11858,132405
11859,132405
11860,132405
11861,132405
11862,132405
11863,132405
11864,132405
11865,132405
11866,132405
11867,132405
11868,132405
11869,132405
11870,132405
11871,132405
11872,132405
11873,132405
11874,132405
11875,132405
11876,132405
11877,132405
11878,132405
11879,132405
11880,132405
11881,132405
11882,132405
11883,132405
11884,132405
11885,132405
11886,132405
11887,132405
11888,132405
11889,132405
11890,132405
11891,132405
11892,132405
11893,132405
11894,132405
11895,132405
11896,132405
11897,132405
11898,132405
11899,132405
11900,132405
11901,132405
11902,132405
11903,132405
11904,132405
11905,132405
11906,132405
11907,132405
11908,132405
11909,132405
11910,132405
11911,132405
11912,132405
11913,132405
11914,132405
11915,132405
11916,132405
11917,132405
11918,132405
11919,132405
11920,132405
11921,132405
11922,132405
11923,132405
11924,132405
11925,132405
11926,132405
11927,132405
11928,132405
11929,132405
11930,132405
11931,132405
11932,132405
11933,132405
11934,132405
11935,132405
11936,132405
11937,132405
11938,132405
11939,132405
11940,132405
11941,132405
11942,132405
11943,132405
11944,132405
11945,132405
11946,132405
11947,132405
11948,132405
11949,132405
11950,132405
11951,132405
11952,132405
11953,132405
11954,132405
11955,132405
11956,132405
11957,132405
11958,132405
11959,132405
11960,132405
11961,132405
11962,132405
11963,132405
11964,132405
11965,132405
11966,132405
11967,132405
11968,132405
11969,132405
11970,132405
11971,132405
11972,132405
11973,132405
11974,132405
11975,132405
11976,132405
11977,132405
11978,132405
11979,132405
11980,132405
11981,132405
11982,132405
11983,132405
11984,132405
11985,132405
11986,132405
11987,132405
11988,132405
11989,132405
11990,132405
11991,132405
11992,132405
11993,132405
11994,132405
11995,132405
11996,132405
11997,132405
11998,132405
11999,132405
12000,132405
12001,132405
12002,132405
12003,132405
12004,132405
12005,132405
12006,132405
12007,132405
12008,132405
12009,132405
12010,132405
12011,132405
12012,132405
12013,132405
12014,132405
12015,132405
12016,132405
12017,132405
12018,132405
12019,132405
12020,132405
12021,132405
12022,132405
12023,132405
12024,132405
12025,132405
12026,132405
12027,132405
12028,132405
12029,132405
12030,132405
12031,132405
12032,132405
12033,132405
12034,132405
12035,132405
12036,132405
12037,132405
12038,132405
12039,132405
12040,132405
12041,132405
12042,132405
12043,132405
12044,132405
12045,132405
12046,132405
12047,132405
12048,132405
12049,132405
12050,132405
12051,132405
12052,132405
12053,132405
12054,132405
12055,132405
12056,132405
12057,132405
12058,132405
12059,132405
12060,132405
12061,132405
12062,132405
12063,132405
12064,132405
12065,132405
12066,132405
12067,132405
12068,132405
12069,132405
12070,132405
12071,132405
12072,132405
12073,132405
12074,132405
12075,132405
12076,132405
12077,132405
12078,132405
12079,132405
12080,132405
12081,132405
12082,132405
12083,132405
12084,132405
12085,132405
12086,132405
12087,132405
12088,132405
12089,132405
12090,132405
12091,132405
12092,132405
12093,132405
12094,132405
12095,132405
12096,132405
12097,132405
12098,132405
12099,132405
12100,132405
12101,132405
12102,132405
12103,132405
12104,132405
12105,132405
12106,132405
12107,132405
12108,132405
12109,132405
12110,132405
12111,132405
12112,132405
12113,132405
12114,132405
12115,132405
12116,132405
12117,132405
12118,132405
12119,132405
12120,132405
12121,132405
12122,132405
12123,132405
12124,132405
12125,132405
12126,132405
12127,132405
12128,132405
12129,132405
12130,132405
12131,132405
12132,132405
12133,132405
12134,132405
12135,132405
12136,132405
12137,132405
12138,132405
12139,132405
12140,132405
12141,132405
12142,132405
12143,132405
12144,132405
12145,132405
12146,132405
12147,132405
12148,132405
12149,132405
12150,132405
12151,132405
12152,132405
12153,132405
12154,132405
12155,132405
12156,132405
12157,132405
12158,132405
12159,132405
12160,132405
12161,132405
12162,132405
12163,132405
12164,132405
12165,132405
12166,132405
12167,132405
12168,132405
12169,132405
12170,132405
12171,132405
12172,132405
12173,132405
12174,132405
12175,132405
12176,132405
12177,132405
12178,132405
12179,132405
12180,132405
12181,132405
12182,132405
12183,132405
12184,132405
12185,132405
12186,132405
12187,132405
12188,132405
12189,132405
12190,132405
12191,132405
12192,132405
12193,132405
12194,132405
12195,132405
12196,132405
12197,132405
12198,132405
12199,132405
12200,132405
12201,132405
12202,132405
12203,132405
12204,132405
12205,132405
12206,132405
12207,132405
12208,132405
12209,132405
12210,132405
12211,132405
12212,132405
12213,132405
12214,132405
12215,132405
12216,132405
12217,132405
12218,132405
12219,132405
12220,132405
12221,132405
12222,132405
12223,132405
12224,132405
12225,132405
12226,132405
12227,132405
12228,132405
12229,132405
12230,132405
12231,132405
12232,132405
12233,132405
12234,132405
12235,132405
12236,132405
12237,132405
12238,132405
12239,132405
12240,132405
12241,132405
12242,132405
12243,132405
12244,132405
12245,132405
12246,132405
12247,132405
12248,132405
12249,132405
12250,132405
12251,132405
12252,132405
12253,132405
12254,132405
12255,132405
12256,132405
12257,132405
12258,132405
12259,132405
12260,132405
12261,132405
12262,132405
12263,132405
12264,132405
12265,132405
12266,132405
12267,132405
12268,132405
12269,132405
12270,132405
12271,132405
12272,132405
12273,132405
12274,132405
12275,132405
12276,132405
12277,132405
12278,132405
12279,132405
12280,132405
12281,132405
12282,132405
12283,132405
12284,132405
12285,132405
12286,132405
12287,132405
12288,132405
12289,132405
12290,132405
12291,132405
12292,132405
12293,132405
12294,132405
12295,132405
12296,132405
12297,132405
12298,132405
12299,132405
12300,132405
12301,132405
12302,132405
12303,132405
12304,132405
12305,132405
12306,132405
12307,132405
12308,132405
12309,132405
12310,132405
12311,132405
12312,132405
12313,132405
12314,132405
12315,132405
12316,132405
12317,132405
12318,132405
12319,132405
12320,132405
12321,132405
12322,132405
12323,132405
12324,132405
12325,132405
12326,132405
12327,132405
12328,132405
12329,132405
12330,132405
12331,132405
12332,132405
12333,132405
12334,132405
12335,132405
12336,132405
12337,132405
12338,132405
12339,132405
12340,132405
12341,132405
12342,132405
12343,132405
12344,132405
12345,132405
12346,132405
12347,132405
12348,132405
12349,132405
12350,132405
12351,132405
12352,132405
12353,132405
12354,132405
12355,132405
12356,132405
12357,132405
12358,132405
12359,132405
12360,132405
12361,132405
12362,132405
12363,132405
12364,132405
12365,132405
12366,132405
12367,132405
12368,132405
12369,132405
12370,132405
12371,132405
12372,132405
12373,132405
12374,132405
12375,132405
12376,132405
12377,132405
12378,132405
12379,132405
12380,132405
12381,132405
12382,132405
12383,132405
12384,132405
12385,132405
12386,132405
12387,132405
12388,132405
12389,132405
12390,132405
12391,132405
12392,132405
12393,132405
12394,132405
12395,132405
12396,132405
12397,132405
12398,132405
12399,132405
12400,132405
12401,132405
12402,132405
12403,132405
12404,132405
12405,132405
12406,132405
12407,132405
12408,132405
12409,132405
12410,132405
12411,132405
12412,132405
12413,132405
12414,132405
12415,132405
12416,132405
12417,132405
12418,132405
12419,132405
12420,132405
12421,132405
12422,132405
12423,132405
12424,132405
12425,132405
12426,132405
12427,132405
12428,132405
12429,132405
12430,132405
12431,132405
12432,132405
12433,132405
12434,132405
12435,132405
12436,132405
12437,132405
12438,132405
12439,132405
12440,132405
12441,132405
12442,132405
12443,132405
12444,132405
12445,132405
12446,132405
12447,132405
12448,132405
12449,132405
12450,132405
12451,132405
12452,132405
12453,132405
12454,132405
12455,132405
12456,132405
12457,132405
12458,132405
12459,132405
12460,132405
12461,132405
12462,132405
12463,132405
12464,132405
12465,132405
12466,132405
12467,132405
12468,132405
12469,132405
12470,132405
12471,132405
12472,132405
12473,132405
12474,132405
12475,132405
12476,132405
12477,132405
12478,132405
12479,132405
12480,132405
12481,132405
12482,132405
12483,132405
12484,132405
12485,132405
12486,132405
12487,132405
12488,132405
12489,132405
12490,132405
12491,132405
12492,132405
12493,132405
12494,132405
12495,132405
12496,132405
12497,132405
12498,132405
12499,132405
12500,132405
12501,132405
12502,132405
12503,132405
12504,132405
12505,132405
12506,132405
12507,132405
12508,132405
12509,132405
12510,132405
12511,132405
12512,132405
12513,132405
12514,132405
12515,132405
12516,132405
12517,132405
12518,132405
12519,132405
12520,132405
12521,132405
12522,132405
12523,132405
12524,132405
12525,132405
12526,132405
12527,132405
12528,132405
12529,132405
12530,132405
12531,132405
12532,132405
12533,132405
12534,132405
12535,132405
12536,132405
12537,132405
12538,132405
12539,132405
12540,132405
12541,132405
12542,132405
12543,132405
12544,132405
12545,132405
12546,132405
12547,132405
12548,132405
12549,132405
12550,132405
12551,132405
12552,132405
12553,132405
12554,132405
12555,132405
12556,132405
12557,132405
12558,132405
12559,132405
12560,132405
12561,132405
12562,132405
12563,132405
12564,132405
12565,132405
12566,132405
12567,132405
12568,132405
12569,132405
12570,132405
12571,132405
12572,132405
12573,132405
12574,132405
12575,132405
12576,132405
12577,132405
12578,132405
12579,132405
12580,132405
12581,132405
12582,132405
12583,132405
12584,132405
12585,132405
12586,132405
12587,132405
12588,132405
12589,132405
12590,132405
12591,132405
12592,132405
12593,132405
12594,132405
12595,132405
12596,132405
12597,132405
12598,132405
12599,132405
12600,132405
12601,132405
12602,132405
12603,132405
12604,132405
12605,132405
12606,132405
12607,132405
12608,132405
12609,132405
12610,132405
12611,132405
12612,132405
12613,132405
12614,132405
12615,132405
12616,132405
12617,132405
12618,132405
12619,132405
12620,132405
12621,132405
12622,132405
12623,132405
12624,132405
12625,132405
12626,132405
12627,132405
12628,132405
12629,132405
12630,132405
12631,132405
12632,132405
12633,132405
12634,132405
12635,132405
12636,132405
12637,132405
12638,132405
12639,132405
12640,132405
12641,132405
12642,132405
12643,132405
12644,132405
12645,132405
12646,132405
12647,132405
12648,132405
12649,132405
12650,132405
12651,132405
12652,132405
12653,132405
12654,132405
12655,132405
12656,132405
12657,132405
12658,132405
12659,132405
12660,132405
12661,132405
12662,132405
12663,132405
12664,132405
12665,132405
12666,132405
12667,132405
12668,132405
12669,132405
12670,132405
12671,132405
12672,132405
12673,132405
12674,132405
12675,132405
12676,132405
12677,132405
12678,132405
12679,132405
12680,132405
12681,132405
12682,132405
12683,132405
12684,132405
12685,132405
12686,132405
12687,132405
12688,132405
12689,132405
12690,132405
12691,132405
12692,132405
12693,132405
12694,132405
12695,132405
12696,132405
12697,132405
12698,132405
12699,132405
12700,132405
12701,132405
12702,132405
12703,132405
12704,132405
12705,132405
12706,132405
12707,132405
12708,132405
12709,132405
12710,132405
12711,132405
12712,132405
12713,132405
12714,132405
12715,132405
12716,132405
12717,132405
12718,132405
12719,132405
12720,132405
12721,132405
12722,132405
12723,132405
12724,132405
12725,132405
12726,132405
12727,132405
12728,132405
12729,132405
12730,132405
12731,132405
12732,132405
12733,132405
12734,132405
12735,132405
12736,132405
12737,132405
12738,132405
12739,132405
12740,132405
12741,132405
12742,132405
12743,132405
12744,132405
12745,132405
12746,132405
12747,132405
12748,132405
12749,132405
12750,132405
12751,132405
12752,132405
12753,132405
12754,132405
12755,132405
12756,132405
12757,132405
12758,132405
12759,132405
12760,132405
12761,132405
12762,132405
12763,132405
12764,132405
12765,132405
12766,132405
12767,132405
12768,132405
12769,132405
12770,132405
12771,132405
12772,132405
12773,132405
12774,132405
12775,132405
12776,132405
12777,132405
12778,132405
12779,132405
12780,132405
12781,132405
12782,132405
12783,132405
12784,132405
12785,132405
12786,132405
12787,132405
12788,132405
12789,132405
12790,132405
12791,132405
12792,132405
12793,132405
12794,132405
12795,132405
12796,132405
12797,132405
12798,132405
12799,132405
12800,132405
12801,132405
12802,132405
12803,132405
12804,132405
12805,132405
12806,132405
12807,132405
12808,132405
12809,132405
12810,132405
12811,132405
12812,132405
12813,132405
12814,132405
12815,132405
12816,132405
12817,132405
12818,132405
12819,132405
12820,132405
12821,132405
12822,132405
12823,132405
12824,132405
12825,132405
12826,132405
12827,132405
12828,132405
12829,132405
12830,132405
12831,132405
12832,132405
12833,132405
12834,132405
12835,132405
12836,132405
12837,132405
12838,132405
12839,132405
12840,132405
12841,132405
12842,132405
12843,132405
12844,132405
12845,132405
12846,132405
12847,132405
12848,132405
12849,132405
12850,132405
12851,132405
12852,132405
12853,132405
12854,132405
12855,132405
12856,132405
12857,132405
12858,132405
12859,132405
12860,132405
12861,132405
12862,132405
12863,132405
12864,132405
12865,132405
12866,132405
12867,132405
12868,132405
12869,132405
12870,132405
12871,132405
12872,132405
12873,132405
12874,132405
12875,132405
12876,132405
12877,132405
12878,132405
12879,132405
12880,132405
12881,132405
12882,132405
12883,132405
12884,132405
12885,132405
12886,132405
12887,132405
12888,132405
12889,132405
12890,132405
12891,132405
12892,132405
12893,132405
12894,132405
12895,132405
12896,132405
12897,132405
12898,132405
12899,132405
12900,132405
12901,132405
12902,132405
12903,132405
12904,132405
12905,132405
12906,132405
12907,132405
12908,132405
12909,132405
12910,132405
12911,132405
12912,132405
12913,132405
12914,132405
12915,132405
12916,132405
12917,132405
12918,132405
12919,132405
12920,132405
12921,132405
12922,132405
12923,132405
12924,132405
12925,132405
12926,132405
12927,132405
12928,132405
12929,132405
12930,132405
12931,132405
12932,132405
12933,132405
12934,132405
12935,132405
12936,132405
12937,132405
12938,132405
12939,132405
12940,132405
12941,132405
12942,132405
12943,132405
12944,132405
12945,132405
12946,132405
12947,132405
12948,132405
12949,132405
12950,132405
12951,132405
12952,132405
12953,132405
12954,132405
12955,132405
12956,132405
12957,132405
12958,132405
12959,132405
12960,132405
12961,132405
12962,132405
12963,132405
12964,132405
12965,132405
12966,132405
12967,132405
12968,132405
12969,132405
12970,132405
12971,132405
12972,132405
12973,132405
12974,132405
12975,132405
12976,132405
12977,132405
12978,132405
12979,132405
12980,132405
12981,132405
12982,132405
12983,132405
12984,132405
12985,132405
12986,132405
12987,132405
12988,132405
12989,132405
12990,132405
12991,132405
12992,132405
12993,132405
12994,132405
12995,132405
12996,132405
12997,132405
12998,132405
12999,132405
13000,132405
13001,132405
13002,132405
13003,132405
13004,132405
13005,132405
13006,132405
13007,132405
13008,132405
13009,132405
13010,132405
13011,132405
13012,132405
13013,132405
13014,132405
13015,132405
13016,132405
13017,132405
13018,132405
13019,132405
13020,132405
13021,132405
13022,132405
13023,132405
13024,132405
13025,132405
13026,132405
13027,132405
13028,132405
13029,132405
13030,132405
13031,132405
13032,132405
13033,132405
13034,132405
13035,132405
13036,132405
13037,132405
13038,132405
13039,132405
13040,132405
13041,132405
13042,132405
13043,132405
13044,132405
13045,132405
13046,132405
13047,132405
13048,132405
13049,132405
13050,132405
13051,132405
13052,132405
13053,132405
13054,132405
13055,132405
13056,132405
13057,132405
13058,132405
13059,132405
13060,132405
13061,132405
13062,132405
13063,132405
13064,132405
13065,132405
13066,132405
13067,132405
13068,132405
13069,132405
13070,132405
13071,132405
13072,132405
13073,132405
13074,132405
13075,132405
13076,132405
13077,132405
13078,132405
13079,132405
13080,132405
13081,132405
13082,132405
13083,132405
13084,132405
13085,132405
13086,132405
13087,132405
13088,132405
13089,132405
13090,132405
13091,132405
13092,132405
13093,132405
13094,132405
13095,132405
13096,132405
13097,132405
13098,132405
13099,132405
13100,132405
13101,132405
13102,132405
13103,132405
13104,132405
13105,132405
13106,132405
13107,132405
13108,132405
13109,132405
13110,132405
13111,132405
13112,132405
13113,132405
13114,132405
13115,132405
13116,132405
13117,132405
13118,132405
13119,132405
13120,132405
13121,132405
13122,132405
13123,132405
13124,132405
13125,132405
13126,132405
13127,132405
13128,132405
13129,132405
13130,132405
13131,132405
13132,132405
13133,132405
13134,132405
13135,132405
13136,132405
13137,132405
13138,132405
13139,132405
13140,132405
13141,132405
13142,132405
13143,132405
13144,132405
13145,132405
13146,132405
13147,132405
13148,132405
13149,132405
13150,132405
13151,132405
13152,132405
13153,132405
13154,132405
13155,132405
13156,132405
13157,132405
13158,132405
13159,132405
13160,132405
13161,132405
13162,132405
13163,132405
13164,132405
13165,132405
13166,132405
13167,132405
13168,132405
13169,132405
13170,132405
13171,132405
13172,132405
13173,132405
13174,132405
13175,132405
13176,132405
13177,132405
13178,132405
13179,132405
13180,132405
13181,132405
13182,132405
13183,132405
13184,132405
13185,132405
13186,132405
13187,132405
13188,132405
13189,132405
13190,132405
13191,132405
13192,132405
13193,132405
13194,132405
13195,132405
13196,132405
13197,132405
13198,132405
13199,132405
13200,132405
13201,132405
13202,132405
13203,132405
13204,132405
13205,132405
13206,132405
13207,132405
13208,132405
13209,132405
13210,132405
13211,132405
13212,132405
13213,132405
13214,132405
13215,132405
13216,132405
13217,132405
13218,132405
13219,132405
13220,132405
13221,132405
13222,132405
13223,132405
13224,132405
13225,132405
13226,132405
13227,132405
13228,132405
13229,132405
13230,132405
13231,132405
13232,132405
13233,132405
13234,132405
13235,132405
13236,132405
13237,132405
13238,132405
13239,132405
13240,132405
13241,132405
13242,132405
13243,132405
13244,132405
13245,132405
13246,132405
13247,132405
13248,132405
13249,132405
13250,132405
13251,132405
13252,132405
13253,132405
13254,132405
13255,132405
13256,132405
13257,132405
13258,132405
13259,132405
13260,132405
13261,132405
13262,132405
13263,132405
13264,132405
13265,132405
13266,132405
13267,132405
13268,132405
13269,132405
13270,132405
13271,132405
13272,132405
13273,132405
13274,132405
13275,132405
13276,132405
13277,132405
13278,132405
13279,132405
13280,132405
13281,132405
13282,132405
13283,132405
13284,132405
13285,132405
13286,132405
13287,132405
13288,132405
13289,132405
13290,132405
13291,132405
13292,132405
13293,132405
13294,132405
13295,132405
13296,132405
13297,132405
13298,132405
13299,132405
13300,132405
13301,132405
13302,132405
13303,132405
13304,132405
13305,132405
13306,132405
13307,132405
13308,132405
13309,132405
13310,132405
13311,132405
13312,132405
13313,132405
13314,132405
13315,132405
13316,132405
13317,132405
13318,132405
13319,132405
13320,132405
13321,132405
13322,132405
13323,132405
13324,132405
13325,132405
13326,132405
13327,132405
13328,132405
13329,132405
13330,132405
13331,132405
13332,132405
13333,132405
13334,132405
13335,132405
13336,132405
13337,132405
13338,132405
13339,132405
13340,132405
13341,132405
13342,132405
13343,132405
13344,132405
13345,132405
13346,132405
13347,132405
13348,132405
13349,132405
13350,132405
13351,132405
13352,132405
13353,132405
13354,132405
13355,132405
13356,132405
13357,132405
13358,132405
13359,132405
13360,132405
13361,132405
13362,132405
13363,132405
13364,132405
13365,132405
13366,132405
13367,132405
13368,132405
13369,132405
13370,132405
13371,132405
13372,132405
13373,132405
13374,132405
13375,132405
13376,132405
13377,132405
13378,132405
13379,132405
13380,132405
13381,132405
13382,132405
13383,132405
13384,132405
13385,132405
13386,132405
13387,132405
13388,132405
13389,132405
13390,132405
13391,132405
13392,132405
13393,132405
13394,132405
13395,132405
13396,132405
13397,132405
13398,132405
13399,132405
13400,132405
13401,132405
13402,132405
13403,132405
13404,132405
13405,132405
13406,132405
13407,132405
13408,132405
13409,132405
13410,132405
13411,132405
13412,132405
13413,132405
13414,132405
13415,132405
13416,132405
13417,132405
13418,132405
13419,132405
13420,132405
13421,132405
13422,132405
13423,132405
13424,132405
13425,132405
13426,132405
13427,132405
13428,132405
13429,132405
13430,132405
13431,132405
13432,132405
13433,132405
13434,132405
13435,132405
13436,132405
13437,132405
13438,132405
13439,132405
13440,132405
13441,132405
13442,132405
13443,132405
13444,132405
13445,132405
13446,132405
13447,132405
13448,132405
13449,132405
13450,132405
13451,132405
13452,132405
13453,132405
13454,132405
13455,132405
13456,132405
13457,132405
13458,132405
13459,132405
13460,132405
13461,132405
13462,132405
13463,132405
13464,132405
13465,132405
13466,132405
13467,132405
13468,132405
13469,132405
13470,132405
13471,132405
13472,132405
13473,132405
13474,132405
13475,132405
13476,132405
13477,132405
13478,132405
13479,132405
13480,132405
13481,132405
13482,132405
13483,132405
13484,132405
13485,132405
13486,132405
13487,132405
13488,132405
13489,132405
13490,132405
13491,132405
13492,132405
13493,132405
13494,132405
13495,132405
13496,132405
13497,132405
13498,132405
13499,132405
13500,132405
13501,132405
13502,132405
13503,132405
13504,132405
13505,132405
13506,132405
13507,132405
13508,132405
13509,132405
13510,132405
13511,132405
13512,132405
13513,132405
13514,132405
13515,132405
13516,132405
13517,132405
13518,132405
13519,132405
13520,132405
13521,132405
13522,132405
13523,132405
13524,132405
13525,132405
13526,132405
13527,132405
13528,132405
13529,132405
13530,132405
13531,132405
13532,132405
13533,132405
13534,132405
13535,132405
13536,132405
13537,132405
13538,132405
13539,132405
13540,132405
13541,132405
13542,132405
13543,132405
13544,132405
13545,132405
13546,132405
13547,132405
13548,132405
13549,132405
13550,132405
13551,132405
13552,132405
13553,132405
13554,132405
13555,132405
13556,132405
13557,132405
13558,132405
13559,132405
13560,132405
13561,132405
13562,132405
13563,132405
13564,132405
13565,132405
13566,132405
13567,132405
13568,132405
13569,132405
13570,132405
13571,132405
13572,132405
13573,132405
13574,132405
13575,132405
13576,132405
13577,132405
13578,132405
13579,132405
13580,132405
13581,132405
13582,132405
13583,132405
13584,132405
13585,132405
13586,132405
13587,132405
13588,132405
13589,132405
13590,132405
13591,132405
13592,132405
13593,132405
13594,132405
13595,132405
13596,132405
13597,132405
13598,132405
13599,132405
13600,132405
13601,132405
13602,132405
13603,132405
13604,132405
13605,132405
13606,132405
13607,132405
13608,132405
13609,132405
13610,132405
13611,132405
13612,132405
13613,132405
13614,132405
13615,132405
13616,132405
13617,132405
13618,132405
13619,132405
13620,132405
13621,132405
13622,132405
13623,132405
13624,132405
13625,132405
13626,132405
13627,132405
13628,132405
13629,132405
13630,132405
13631,132405
13632,132405
13633,132405
13634,132405
13635,132405
13636,132405
13637,132405
13638,132405
13639,132405
13640,132405
13641,132405
13642,132405
13643,132405
13644,132405
13645,132405
13646,132405
13647,132405
13648,132405
13649,132405
13650,132405
13651,132405
13652,132405
13653,132405
13654,132405
13655,132405
13656,132405
13657,132405
13658,132405
13659,132405
13660,132405
13661,132405
13662,132405
13663,132405
13664,132405
13665,132405
13666,132405
13667,132405
13668,132405
13669,132405
13670,132405
13671,132405
13672,132405
13673,132405
13674,132405
13675,132405
13676,132405
13677,132405
13678,132405
13679,132405
13680,132405
13681,132405
13682,132405
13683,132405
13684,132405
13685,132405
13686,132405
13687,132405
13688,132405
13689,132405
13690,132405
13691,132405
13692,132405
13693,132405
13694,132405
13695,132405
13696,132405
13697,132405
13698,132405
13699,132405
13700,132405
13701,132405
13702,132405
13703,132405
13704,132405
13705,132405
13706,132405
13707,132405
13708,132405
13709,132405
13710,132405
13711,132405
13712,132405
13713,132405
13714,132405
13715,132405
13716,132405
13717,132405
13718,132405
13719,132405
13720,132405
13721,132405
13722,132405
13723,132405
13724,132405
13725,132405
13726,132405
13727,132405
13728,132405
13729,132405
13730,132405
13731,132405
13732,132405
13733,132405
13734,132405
13735,132405
13736,132405
13737,132405
13738,132405
13739,132405
13740,132405
13741,132405
13742,132405
13743,132405
13744,132405
13745,132405
13746,132405
13747,132405
13748,132405
13749,132405
13750,132405
13751,132405
13752,132405
13753,132405
13754,132405
13755,132405
13756,132405
13757,132405
13758,132405
13759,132405
13760,132405
13761,132405
13762,132405
13763,132405
13764,132405
13765,132405
13766,132405
13767,132405
13768,132405
13769,132405
13770,132405
13771,132405
13772,132405
13773,132405
13774,132405
13775,132405
13776,132405
13777,132405
13778,132405
13779,132405
13780,132405
13781,132405
13782,132405
13783,132405
13784,132405
13785,132405
13786,132405
13787,132405
13788,132405
13789,132405
13790,132405
13791,132405
13792,132405
13793,132405
13794,132405
13795,132405
13796,132405
13797,132405
13798,132405
13799,132405
13800,132405
13801,132405
13802,132405
13803,132405
13804,132405
13805,132405
13806,132405
13807,132405
13808,132405
13809,132405
13810,132405
13811,132405
13812,132405
13813,132405
13814,132405
13815,132405
13816,132405
13817,132405
13818,132405
13819,132405
13820,132405
13821,132405
13822,132405
13823,132405
13824,132405
13825,132405
13826,132405
13827,132405
13828,132405
13829,132405
13830,132405
13831,132405
13832,132405
13833,132405
13834,132405
13835,132405
13836,132405
13837,132405
13838,132405
13839,132405
13840,132405
13841,132405
13842,132405
13843,132405
13844,132405
13845,132405
13846,132405
13847,132405
13848,132405
13849,132405
13850,132405
13851,132405
13852,132405
13853,132405
13854,132405
13855,132405
13856,132405
13857,132405
13858,132405
13859,132405
13860,132405
13861,132405
13862,132405
13863,132405
13864,132405
13865,132405
13866,132405
13867,132405
13868,132405
13869,132405
13870,132405
13871,132405
13872,132405
13873,132405
13874,132405
13875,132405
13876,132405
13877,132405
13878,132405
13879,132405
13880,132405
13881,132405
13882,132405
13883,132405
13884,132405
13885,132405
13886,132405
13887,132405
13888,132405
13889,132405
13890,132405
13891,132405
13892,132405
13893,132405
13894,132405
13895,132405
13896,132405
13897,132405
13898,132405
13899,132405
13900,132405
13901,132405
13902,132405
13903,132405
13904,132405
13905,132405
13906,132405
13907,132405
13908,132405
13909,132405
13910,132405
13911,132405
13912,132405
13913,132405
13914,132405
13915,132405
13916,132405
13917,132405
13918,132405
13919,132405
13920,132405
13921,132405
13922,132405
13923,132405
13924,132405
13925,132405
13926,132405
13927,132405
13928,132405
13929,132405
13930,132405
13931,132405
13932,132405
13933,132405
13934,132405
13935,132405
13936,132405
13937,132405
13938,132405
13939,132405
13940,132405
13941,132405
13942,132405
13943,132405
13944,132405
13945,132405
13946,132405
13947,132405
13948,132405
13949,132405
13950,132405
13951,132405
13952,132405
13953,132405
13954,132405
13955,132405
13956,132405
13957,132405
13958,132405
13959,132405
13960,132405
13961,132405
13962,132405
13963,132405
13964,132405
13965,132405
13966,132405
13967,132405
13968,132405
13969,132405
13970,132405
13971,132405
13972,132405
13973,132405
13974,132405
13975,132405
13976,132405
13977,132405
13978,132405
13979,132405
13980,132405
13981,132405
13982,132405
13983,132405
13984,132405
13985,132405
13986,132405
13987,132405
13988,132405
13989,132405
13990,132405
13991,132405
13992,132405
13993,132405
13994,132405
13995,132405
13996,132405
13997,132405
13998,132405
13999,132405
14000,132405
14001,132405
14002,132405
14003,132405
14004,132405
14005,132405
14006,132405
14007,132405
14008,132405
14009,132405
14010,132405
14011,132405
14012,132405
14013,132405
14014,132405
14015,132405
14016,132405
14017,132405
14018,132405
14019,132405
14020,132405
14021,132405
14022,132405
14023,132405
14024,132405
14025,132405
14026,132405
14027,132405
14028,132405
14029,132405
14030,132405
14031,132405
14032,132405
14033,132405
14034,132405
14035,132405
14036,132405
14037,132405
14038,132405
14039,132405
14040,132405
14041,132405
14042,132405
14043,132405
14044,132405
14045,132405
14046,132405
14047,132405
14048,132405
14049,132405
14050,132405
14051,132405
14052,132405
14053,132405
14054,132405
14055,132405
14056,132405
14057,132405
14058,132405
14059,132405
14060,132405
14061,132405
14062,132405
14063,132405
14064,132405
14065,132405
14066,132405
14067,132405
14068,132405
14069,132405
14070,132405
14071,132405
14072,132405
14073,132405
14074,132405
14075,132405
14076,132405
14077,132405
14078,132405
14079,132405
14080,132405
14081,132405
14082,132405
14083,132405
14084,132405
14085,132405
14086,132405
14087,132405
14088,132405
14089,132405
14090,132405
14091,132405
14092,132405
14093,132405
14094,132405
14095,132405
14096,132405
14097,132405
14098,132405
14099,132405
14100,132405
14101,132405
14102,132405
14103,132405
14104,132405
14105,132405
14106,132405
14107,132405
14108,132405
14109,132405
14110,132405
14111,132405
14112,132405
14113,132405
14114,132405
14115,132405
14116,132405
14117,132405
14118,132405
14119,132405
14120,132405
14121,132405
14122,132405
14123,132405
14124,132405
14125,132405
14126,132405
14127,132405
14128,132405
14129,132405
14130,132405
14131,132405
14132,132405
14133,132405
14134,132405
14135,132405
14136,132405
14137,132405
14138,132405
14139,132405
14140,132405
14141,132405
14142,132405
14143,132405
14144,132405
14145,132405
14146,132405
14147,132405
14148,132405
14149,132405
14150,132405
14151,132405
14152,132405
14153,132405
14154,132405
14155,132405
14156,132405
14157,132405
14158,132405
14159,132405
14160,132405
14161,132405
14162,132405
14163,132405
14164,132405
14165,132405
14166,132405
14167,132405
14168,132405
14169,132405
14170,132405
14171,132405
14172,132405
14173,132405
14174,132405
14175,132405
14176,132405
14177,132405
14178,132405
14179,132405
14180,132405
14181,132405
14182,132405
14183,132405
14184,132405
14185,132405
14186,132405
14187,132405
14188,132405
14189,132405
14190,132405
14191,132405
14192,132405
14193,132405
14194,132405
14195,132405
14196,132405
14197,132405
14198,132405
14199,132405
14200,132405
14201,132405
14202,132405
14203,132405
14204,132405
14205,132405
14206,132405
14207,132405
14208,132405
14209,132405
14210,132405
14211,132405
14212,132405
14213,132405
14214,132405
14215,132405
14216,132405
14217,132405
14218,132405
14219,132405
14220,132405
14221,132405
14222,132405
14223,132405
14224,132405
14225,132405
14226,132405
14227,132405
14228,132405
14229,132405
14230,132405
14231,132405
14232,132405
14233,132405
14234,132405
14235,132405
14236,132405
14237,132405
14238,132405
14239,132405
14240,132405
14241,132405
14242,132405
14243,132405
14244,132405
14245,132405
14246,132405
14247,132405
14248,132405
14249,132405
14250,132405
14251,132405
14252,132405
14253,132405
14254,132405
14255,132405
14256,132405
14257,132405
14258,132405
14259,132405
14260,132405
14261,132405
14262,132405
14263,132405
14264,132405
14265,132405
14266,132405
14267,132405
14268,132405
14269,132405
14270,132405
14271,132405
14272,132405
14273,132405
14274,132405
14275,132405
14276,132405
14277,132405
14278,132405
14279,132405
14280,132405
14281,132405
14282,132405
14283,132405
14284,132405
14285,132405
14286,132405
14287,132405
14288,132405
14289,132405
14290,132405
14291,132405
14292,132405
14293,132405
14294,132405
14295,132405
14296,132405
14297,132405
14298,132405
14299,132405
14300,132405
14301,132405
14302,132405
14303,132405
14304,132405
14305,132405
14306,132405
14307,132405
14308,132405
14309,132405
14310,132405
14311,132405
14312,132405
14313,132405
14314,132405
14315,132405
14316,132405
14317,132405
14318,132405
14319,132405
14320,132405
14321,132405
14322,132405
14323,132405
14324,132405
14325,132405
14326,132405
14327,132405
14328,132405
14329,132405
14330,132405
14331,132405
14332,132405
14333,132405
14334,132405
14335,132405
14336,132405
14337,132405
14338,132405
14339,132405
14340,132405
14341,132405
14342,132405
14343,132405
14344,132405
14345,132405
14346,132405
14347,132405
14348,132405
14349,132405
14350,132405
14351,132405
14352,132405
14353,132405
14354,132405
14355,132405
14356,132405
14357,132405
14358,132405
14359,132405
14360,132405
14361,132405
14362,132405
14363,132405
14364,132405
14365,132405
14366,132405
14367,132405
14368,132405
14369,132405
14370,132405
14371,132405
14372,132405
14373,132405
14374,132405
14375,132405
14376,132405
14377,132405
14378,132405
14379,132405
14380,132405
14381,132405
14382,132405
14383,132405
14384,132405
14385,132405
14386,132405
14387,132405
14388,132405
14389,132405
14390,132405
14391,132405
14392,132405
14393,132405
14394,132405
14395,132405
14396,132405
14397,132405
14398,132405
14399,132405
14400,132405
14401,132405
14402,132405
14403,132405
14404,132405
14405,132405
14406,132405
14407,132405
14408,132405
14409,132405
14410,132405
14411,132405
14412,132405
14413,132405
14414,132405
14415,132405
14416,132405
14417,132405
14418,132405
14419,132405
14420,132405
14421,132405
14422,132405
14423,132405
14424,132405
14425,132405
14426,132405
14427,132405
14428,132405
14429,132405
14430,132405
14431,132405
14432,132405
14433,132405
14434,132405
14435,132405
14436,132405
14437,132405
14438,132405
14439,132405
14440,132405
14441,132405
14442,132405
14443,132405
14444,132405
14445,132405
14446,132405
14447,132405
14448,132405
14449,132405
14450,132405
14451,132405
14452,132405
14453,132405
14454,132405
14455,132405
14456,132405
14457,132405
14458,132405
14459,132405
14460,132405
14461,132405
14462,132405
14463,132405
14464,132405
14465,132405
14466,132405
14467,132405
14468,132405
14469,132405
14470,132405
14471,132405
14472,132405
14473,132405
14474,132405
14475,132405
14476,132405
14477,132405
14478,132405
14479,132405
14480,132405
14481,132405
14482,132405
14483,132405
14484,132405
14485,132405
14486,132405
14487,132405
14488,132405
14489,132405
14490,132405
14491,132405
14492,132405
14493,132405
14494,132405
14495,132405
14496,132405
14497,132405
14498,132405
14499,132405
14500,132405
14501,132405
14502,132405
14503,132405
14504,132405
14505,132405
14506,132405
14507,132405
14508,132405
14509,132405
14510,132405
14511,132405
14512,132405
14513,132405
14514,132405
14515,132405
14516,132405
14517,132405
14518,132405
14519,132405
14520,132405
14521,132405
14522,132405
14523,132405
14524,132405
14525,132405
14526,132405
14527,132405
14528,132405
14529,132405
14530,132405
14531,132405
14532,132405
14533,132405
14534,132405
14535,132405
14536,132405
14537,132405
14538,132405
14539,132405
14540,132405
14541,132405
14542,132405
14543,132405
14544,132405
14545,132405
14546,132405
14547,132405
14548,132405
14549,132405
14550,132405
14551,132405
14552,132405
14553,132405
14554,132405
14555,132405
14556,132405
14557,132405
14558,132405
14559,132405
14560,132405
14561,132405
14562,132405
14563,132405
14564,132405
14565,132405
14566,132405
14567,132405
14568,132405
14569,132405
14570,132405
14571,132405
14572,132405
14573,132405
14574,132405
14575,132405
14576,132405
14577,132405
14578,132405
14579,132405
14580,132405
14581,132405
14582,132405
14583,132405
14584,132405
14585,132405
14586,132405
14587,132405
14588,132405
14589,132405
14590,132405
14591,132405
14592,132405
14593,132405
14594,132405
14595,132405
14596,132405
14597,132405
14598,132405
14599,132405
14600,132405
14601,132405
14602,132405
14603,132405
14604,132405
14605,132405
14606,132405
14607,132405
14608,132405
14609,132405
14610,132405
14611,132405
14612,132405
14613,132405
14614,132405
14615,132405
14616,132405
14617,132405
14618,132405
14619,132405
14620,132405
14621,132405
14622,132405
14623,132405
14624,132405
14625,132405
14626,132405
14627,132405
14628,132405
14629,132405
14630,132405
14631,132405
14632,132405
14633,132405
14634,132405
14635,132405
14636,132405
14637,132405
14638,132405
14639,132405
14640,132405
14641,132405
14642,132405
14643,132405
14644,132405
14645,132405
14646,132405
14647,132405
14648,132405
14649,132405
14650,132405
14651,132405
14652,132405
14653,132405
14654,132405
14655,132405
14656,132405
14657,132405
14658,132405
14659,132405
14660,132405
14661,132405
14662,132405
14663,132405
14664,132405
14665,132405
14666,132405
14667,132405
14668,132405
14669,132405
14670,132405
14671,132405
14672,132405
14673,132405
14674,132405
14675,132405
14676,132405
14677,132405
14678,132405
14679,132405
14680,132405
14681,132405
14682,132405
14683,132405
14684,132405
14685,132405
14686,132405
14687,132405
14688,132405
14689,132405
14690,132405
14691,132405
14692,132405
14693,132405
14694,132405
14695,132405
14696,132405
14697,132405
14698,132405
14699,132405
14700,132405
14701,132405
14702,132405
14703,132405
14704,132405
14705,132405
14706,132405
14707,132405
14708,132405
14709,132405
14710,132405
14711,132405
14712,132405
14713,132405
14714,132405
14715,132405
14716,132405
14717,132405
14718,132405
14719,132405
14720,132405
14721,132405
14722,132405
14723,132405
14724,132405
14725,132405
14726,132405
14727,132405
14728,132405
14729,132405
14730,132405
14731,132405
14732,132405
14733,132405
14734,132405
14735,132405
14736,132405
14737,132405
14738,132405
14739,132405
14740,132405
14741,132405
14742,132405
14743,132405
14744,132405
14745,132405
14746,132405
14747,132405
14748,132405
14749,132405
14750,132405
14751,132405
14752,132405
14753,132405
14754,132405
14755,132405
14756,132405
14757,132405
14758,132405
14759,132405
14760,132405
14761,132405
14762,132405
14763,132405
14764,132405
14765,132405
14766,132405
14767,132405
14768,132405
14769,132405
14770,132405
14771,132405
14772,132405
14773,132405
14774,132405
14775,132405
14776,132405
14777,132405
14778,132405
14779,132405
14780,132405
14781,132405
14782,132405
14783,132405
14784,132405
14785,132405
14786,132405
14787,132405
14788,132405
14789,132405
14790,132405
14791,132405
14792,132405
14793,132405
14794,132405
14795,132405
14796,132405
14797,132405
14798,132405
14799,132405
14800,132405
14801,132405
14802,132405
14803,132405
14804,132405
14805,132405
14806,132405
14807,132405
14808,132405
14809,132405
14810,132405
14811,132405
14812,132405
14813,132405
14814,132405
14815,132405
14816,132405
14817,132405
14818,132405
14819,132405
14820,132405
14821,132405
14822,132405
14823,132405
14824,132405
14825,132405
14826,132405
14827,132405
14828,132405
14829,132405
14830,132405
14831,132405
14832,132405
14833,132405
14834,132405
14835,132405
14836,132405
14837,132405
14838,132405
14839,132405
14840,132405
14841,132405
14842,132405
14843,132405
14844,132405
14845,132405
14846,132405
14847,132405
14848,132405
14849,132405
14850,132405
14851,132405
14852,132405
14853,132405
14854,132405
14855,132405
14856,132405
14857,132405
14858,132405
14859,132405
14860,132405
14861,132405
14862,132405
14863,132405
14864,132405
14865,132405
14866,132405
14867,132405
14868,132405
14869,132405
14870,132405
14871,132405
14872,132405
14873,132405
14874,132405
14875,132405
14876,132405
14877,132405
14878,132405
14879,132405
14880,132405
14881,132405
14882,132405
14883,132405
14884,132405
14885,132405
14886,132405
14887,132405
14888,132405
14889,132405
14890,132405
14891,132405
14892,132405
14893,132405
14894,132405
14895,132405
14896,132405
14897,132405
14898,132405
14899,132405
14900,132405
14901,132405
14902,132405
14903,132405
14904,132405
14905,132405
14906,132405
14907,132405
14908,132405
14909,132405
14910,132405
14911,132405
14912,132405
14913,132405
14914,132405
14915,132405
14916,132405
14917,132405
14918,132405
14919,132405
14920,132405
14921,132405
14922,132405
14923,132405
14924,132405
14925,132405
14926,132405
14927,132405
14928,132405
14929,132405
14930,132405
14931,132405
14932,132405
14933,132405
14934,132405
14935,132405
14936,132405
14937,132405
14938,132405
14939,132405
14940,132405
14941,132405
14942,132405
14943,132405
14944,132405
14945,132405
14946,132405
14947,132405
14948,132405
14949,132405
14950,132405
14951,132405
14952,132405
14953,132405
14954,132405
14955,132405
14956,132405
14957,132405
14958,132405
14959,132405
14960,132405
14961,132405
14962,132405
14963,132405
14964,132405
14965,132405
14966,132405
14967,132405
14968,132405
14969,132405
14970,132405
14971,132405
14972,132405
14973,132405
14974,132405
14975,132405
14976,132405
14977,132405
14978,132405
14979,132405
14980,132405
14981,132405
14982,132405
14983,132405
14984,132405
14985,132405
14986,132405
14987,132405
14988,132405
14989,132405
14990,132405
14991,132405
14992,132405
14993,132405
14994,132405
14995,132405
14996,132405
14997,132405
14998,132405
14999,132405
15000,132405
15001,132405
15002,132405
15003,132405
15004,132405
15005,132405
15006,132405
15007,132405
15008,132405
15009,132405
15010,132405
15011,132405
15012,132405
15013,132405
15014,132405
15015,132405
15016,132405
15017,132405
15018,132405
15019,132405
15020,132405
15021,132405
15022,132405
15023,132405
15024,132405
15025,132405
15026,132405
15027,132405
15028,132405
15029,132405
15030,132405
15031,132405
15032,132405
15033,132405
15034,132405
15035,132405
15036,132405
15037,132405
15038,132405
15039,132405
15040,132405
15041,132405
15042,132405
15043,132405
15044,132405
15045,132405
15046,132405
15047,132405
15048,132405
15049,132405
15050,132405
15051,132405
15052,132405
15053,132405
15054,132405
15055,132405
15056,132405
15057,132405
15058,132405
15059,132405
15060,132405
15061,132405
15062,132405
15063,132405
15064,132405
15065,132405
15066,132405
15067,132405
15068,132405
15069,132405
15070,132405
15071,132405
15072,132405
15073,132405
15074,132405
15075,132405
15076,132405
15077,132405
15078,132405
15079,132405
15080,132405
15081,132405
15082,132405
15083,132405
15084,132405
15085,132405
15086,132405
15087,132405
15088,132405
15089,132405
15090,132405
15091,132405
15092,132405
15093,132405
15094,132405
15095,132405
15096,132405
15097,132405
15098,132405
15099,132405
15100,132405
15101,132405
15102,132405
15103,132405
15104,132405
15105,132405
15106,132405
15107,132405
15108,132405
15109,132405
15110,132405
15111,132405
15112,132405
15113,132405
15114,132405
15115,132405
15116,132405
15117,132405
15118,132405
15119,132405
15120,132405
15121,132405
15122,132405
15123,132405
15124,132405
15125,132405
15126,132405
15127,132405
15128,132405
15129,132405
15130,132405
15131,132405
15132,132405
15133,132405
15134,132405
15135,132405
15136,132405
15137,132405
15138,132405
15139,132405
15140,132405
15141,132405
15142,132405
15143,132405
15144,132405
15145,132405
15146,132405
15147,132405
15148,132405
15149,132405
15150,132405
15151,132405
15152,132405
15153,132405
15154,132405
15155,132405
15156,132405
15157,132405
15158,132405
15159,132405
15160,132405
15161,132405
15162,132405
15163,132405
15164,132405
15165,132405
15166,132405
15167,132405
15168,132405
15169,132405
15170,132405
15171,132405
15172,132405
15173,132405
15174,132405
15175,132405
15176,132405
15177,132405
15178,132405
15179,132405
15180,132405
15181,132405
15182,132405
15183,132405
15184,132405
15185,132405
15186,132405
15187,132405
15188,132405
15189,132405
15190,132405
15191,132405
15192,132405
15193,132405
15194,132405
15195,132405
15196,132405
15197,132405
15198,132405
15199,132405
15200,132405
15201,132405
15202,132405
15203,132405
15204,132405
15205,132405
15206,132405
15207,132405
15208,132405
15209,132405
15210,132405
15211,132405
15212,132405
15213,132405
15214,132405
15215,132405
15216,132405
15217,132405
15218,132405
15219,132405
15220,132405
15221,132405
15222,132405
15223,132405
15224,132405
15225,132405
15226,132405
15227,132405
15228,132405
15229,132405
15230,132405
15231,132405
15232,132405
15233,132405
15234,132405
15235,132405
15236,132405
15237,132405
15238,132405
15239,132405
15240,132405
15241,132405
15242,132405
15243,132405
15244,132405
15245,132405
15246,132405
15247,132405
15248,132405
15249,132405
15250,132405
15251,132405
15252,132405
15253,132405
15254,132405
15255,132405
15256,132405
15257,132405
15258,132405
15259,132405
15260,132405
15261,132405
15262,132405
15263,132405
15264,132405
15265,132405
15266,132405
15267,132405
15268,132405
15269,132405
15270,132405
15271,132405
15272,132405
15273,132405
15274,132405
15275,132405
15276,132405
15277,132405
15278,132405
15279,132405
15280,132405
15281,132405
15282,132405
15283,132405
15284,132405
15285,132405
15286,132405
15287,132405
15288,132405
15289,132405
15290,132405
15291,132405
15292,132405
15293,132405
15294,132405
15295,132405
15296,132405
15297,132405
15298,132405
15299,132405
15300,132405
15301,132405
15302,132405
15303,132405
15304,132405
15305,132405
15306,132405
15307,132405
15308,132405
15309,132405
15310,132405
15311,132405
15312,132405
15313,132405
15314,132405
15315,132405
15316,132405
15317,132405
15318,132405
15319,132405
15320,132405
15321,132405
15322,132405
15323,132405
15324,132405
15325,132405
15326,132405
15327,132405
15328,132405
15329,132405
15330,132405
15331,132405
15332,132405
15333,132405
15334,132405
15335,132405
15336,132405
15337,132405
15338,132405
15339,132405
15340,132405
15341,132405
15342,132405
15343,132405
15344,132405
15345,132405
15346,132405
15347,132405
15348,132405
15349,132405
15350,132405
15351,132405
15352,132405
15353,132405
15354,132405
15355,132405
15356,132405
15357,132405
15358,132405
15359,132405
15360,132405
15361,132405
15362,132405
15363,132405
15364,132405
15365,132405
15366,132405
15367,132405
15368,132405
15369,132405
15370,132405
15371,132405
15372,132405
15373,132405
15374,132405
15375,132405
15376,132405
15377,132405
15378,132405
15379,132405
15380,132405
15381,132405
15382,132405
15383,132405
15384,132405
15385,132405
15386,132405
15387,132405
15388,132405
15389,132405
15390,132405
15391,132405
15392,132405
15393,132405
15394,132405
15395,132405
15396,132405
15397,132405
15398,132405
15399,132405
15400,132405
15401,132405
15402,132405
15403,132405
15404,132405
15405,132405
15406,132405
15407,132405
15408,132405
15409,132405
15410,132405
15411,132405
15412,132405
15413,132405
15414,132405
15415,132405
15416,132405
15417,132405
15418,132405
15419,132405
15420,132405
15421,132405
15422,132405
15423,132405
15424,132405
15425,132405
15426,132405
15427,132405
15428,132405
15429,132405
15430,132405
15431,132405
15432,132405
15433,132405
15434,132405
15435,132405
15436,132405
15437,132405
15438,132405
15439,132405
15440,132405
15441,132405
15442,132405
15443,132405
15444,132405
15445,132405
15446,132405
15447,132405
15448,132405
15449,132405
15450,132405
15451,132405
15452,132405
15453,132405
15454,132405
15455,132405
15456,132405
15457,132405
15458,132405
15459,132405
15460,132405
15461,132405
15462,132405
15463,132405
15464,132405
15465,132405
15466,132405
15467,132405
15468,132405
15469,132405
15470,132405
15471,132405
15472,132405
15473,132405
15474,132405
15475,132405
15476,132405
15477,132405
15478,132405
15479,132405
15480,132405
15481,132405
15482,132405
15483,132405
15484,132405
15485,132405
15486,132405
15487,132405
15488,132405
15489,132405
15490,132405
15491,132405
15492,132405
15493,132405
15494,132405
15495,132405
15496,132405
15497,132405
15498,132405
15499,132405
15500,132405
15501,132405
15502,132405
15503,132405
15504,132405
15505,132405
15506,132405
15507,132405
15508,132405
15509,132405
15510,132405
15511,132405
15512,132405
15513,132405
15514,132405
15515,132405
15516,132405
15517,132405
15518,132405
15519,132405
15520,132405
15521,132405
15522,132405
15523,132405
15524,132405
15525,132405
15526,132405
15527,132405
15528,132405
15529,132405
15530,132405
15531,132405
15532,132405
15533,132405
15534,132405
15535,132405
15536,132405
15537,132405
15538,132405
15539,132405
15540,132405
15541,132405
15542,132405
15543,132405
15544,132405
15545,132405
15546,132405
15547,132405
15548,132405
15549,132405
15550,132405
15551,132405
15552,132405
15553,132405
15554,132405
15555,132405
15556,132405
15557,132405
15558,132405
15559,132405
15560,132405
15561,132405
15562,132405
15563,132405
15564,132405
15565,132405
15566,132405
15567,132405
15568,132405
15569,132405
15570,132405
15571,132405
15572,132405
15573,132405
15574,132405
15575,132405
15576,132405
15577,132405
15578,132405
15579,132405
15580,132405
15581,132405
15582,132405
15583,132405
15584,132405
15585,132405
15586,132405
15587,132405
15588,132405
15589,132405
15590,132405
15591,132405
15592,132405
15593,132405
15594,132405
15595,132405
15596,132405
15597,132405
15598,132405
15599,132405
15600,132405
15601,132405
15602,132405
15603,132405
15604,132405
15605,132405
15606,132405
15607,132405
15608,132405
15609,132405
15610,132405
15611,132405
15612,132405
15613,132405
15614,132405
15615,132405
15616,132405
15617,132405
15618,132405
15619,132405
15620,132405
15621,132405
15622,132405
15623,132405
15624,132405
15625,132405
15626,132405
15627,132405
15628,132405
15629,132405
15630,132405
15631,132405
15632,132405
15633,132405
15634,132405
15635,132405
15636,132405
15637,132405
15638,132405
15639,132405
15640,132405
15641,132405
15642,132405
15643,132405
15644,132405
15645,132405
15646,132405
15647,132405
15648,132405
15649,132405
15650,132405
15651,132405
15652,132405
15653,132405
15654,132405
15655,132405
15656,132405
15657,132405
15658,132405
15659,132405
15660,132405
15661,132405
15662,132405
15663,132405
15664,132405
15665,132405
15666,132405
15667,132405
15668,132405
15669,132405
15670,132405
15671,132405
15672,132405
15673,132405
15674,132405
15675,132405
15676,132405
15677,132405
15678,132405
15679,132405
15680,132405
15681,132405
15682,132405
15683,132405
15684,132405
15685,132405
15686,132405
15687,132405
15688,132405
15689,132405
15690,132405
15691,132405
15692,132405
15693,132405
15694,132405
15695,132405
15696,132405
15697,132405
15698,132405
15699,132405
15700,132405
15701,132405
15702,132405
15703,132405
15704,132405
15705,132405
15706,132405
15707,132405
15708,132405
15709,132405
15710,132405
15711,132405
15712,132405
15713,132405
15714,132405
15715,132405
15716,132405
15717,132405
15718,132405
15719,132405
15720,132405
15721,132405
15722,132405
15723,132405
15724,132405
15725,132405
15726,132405
15727,132405
15728,132405
15729,132405
15730,132405
15731,132405
15732,132405
15733,132405
15734,132405
15735,132405
15736,132405
15737,132405
15738,132405
15739,132405
15740,132405
15741,132405
15742,132405
15743,132405
15744,132405
15745,132405
15746,132405
15747,132405
15748,132405
15749,132405
15750,132405
15751,132405
15752,132405
15753,132405
15754,132405
15755,132405
15756,132405
15757,132405
15758,132405
15759,132405
15760,132405
15761,132405
15762,132405
15763,132405
15764,132405
15765,132405
15766,132405
15767,132405
15768,132405
15769,132405
15770,132405
15771,132405
15772,132405
15773,132405
15774,132405
15775,132405
15776,132405
15777,132405
15778,132405
15779,132405
15780,132405
15781,132405
15782,132405
15783,132405
15784,132405
15785,132405
15786,132405
15787,132405
15788,132405
15789,132405
15790,132405
15791,132405
15792,132405
15793,132405
15794,132405
15795,132405
15796,132405
15797,132405
15798,132405
15799,132405
15800,132405
15801,132405
15802,132405
15803,132405
15804,132405
15805,132405
15806,132405
15807,132405
15808,132405
15809,132405
15810,132405
15811,132405
15812,132405
15813,132405
15814,132405
15815,132405
15816,132405
15817,132405
15818,132405
15819,132405
15820,132405
15821,132405
15822,132405
15823,132405
15824,132405
15825,132405
15826,132405
15827,132405
15828,132405
15829,132405
15830,132405
15831,132405
15832,132405
15833,132405
15834,132405
15835,132405
15836,132405
15837,132405
15838,132405
15839,132405
15840,132405
15841,132405
15842,132405
15843,132405
15844,132405
15845,132405
15846,132405
15847,132405
15848,132405
15849,132405
15850,132405
15851,132405
15852,132405
15853,132405
15854,132405
15855,132405
15856,132405
15857,132405
15858,132405
15859,132405
15860,132405
15861,132405
15862,132405
15863,132405
15864,132405
15865,132405
15866,132405
15867,132405
15868,132405
15869,132405
15870,132405
15871,132405
15872,132405
15873,132405
15874,132405
15875,132405
15876,132405
15877,132405
15878,132405
15879,132405
15880,132405
15881,132405
15882,132405
15883,132405
15884,132405
15885,132405
15886,132405
15887,132405
15888,132405
15889,132405
15890,132405
15891,132405
15892,132405
15893,132405
15894,132405
15895,132405
15896,132405
15897,132405
15898,132405
15899,132405
15900,132405
15901,132405
15902,132405
15903,132405
15904,132405
15905,132405
15906,132405
15907,132405
15908,132405
15909,132405
15910,132405
15911,132405
15912,132405
15913,132405
15914,132405
15915,132405
15916,132405
15917,132405
15918,132405
15919,132405
15920,132405
15921,132405
15922,132405
15923,132405
15924,132405
15925,132405
15926,132405
15927,132405
15928,132405
15929,132405
15930,132405
15931,132405
15932,132405
15933,132405
15934,132405
15935,132405
15936,132405
15937,132405
15938,132405
15939,132405
15940,132405
15941,132405
15942,132405
15943,132405
15944,132405
15945,132405
15946,132405
15947,132405
15948,132405
15949,132405
15950,132405
15951,132405
15952,132405
15953,132405
15954,132405
15955,132405
15956,132405
15957,132405
15958,132405
15959,132405
15960,132405
15961,132405
15962,132405
15963,132405
15964,132405
15965,132405
15966,132405
15967,132405
15968,132405
15969,132405
15970,132405
15971,132405
15972,132405
15973,132405
15974,132405
15975,132405
15976,132405
15977,132405
15978,132405
15979,132405
15980,132405
15981,132405
15982,132405
15983,132405
15984,132405
15985,132405
15986,132405
15987,132405
15988,132405
15989,132405
15990,132405
15991,132405
15992,132405
15993,132405
15994,132405
15995,132405
15996,132405
15997,132405
15998,132405
15999,132405
16000,132405
16001,132405
16002,132405
16003,132405
16004,132405
16005,132405
16006,132405
16007,132405
16008,132405
16009,132405
16010,132405
16011,132405
16012,132405
16013,132405
16014,132405
16015,132405
16016,132405
16017,132405
16018,132405
16019,132405
16020,132405
16021,132405
16022,132405
16023,132405
16024,132405
16025,132405
16026,132405
16027,132405
16028,132405
16029,132405
16030,132405
16031,132405
16032,132405
16033,132405
16034,132405
16035,132405
16036,132405
16037,132405
16038,132405
16039,132405
16040,132405
16041,132405
16042,132405
16043,132405
16044,132405
16045,132405
16046,132405
16047,132405
16048,132405
16049,132405
16050,132405
16051,132405
16052,132405
16053,132405
16054,132405
16055,132405
16056,132405
16057,132405
16058,132405
16059,132405
16060,132405
16061,132405
16062,132405
16063,132405
16064,132405
16065,132405
16066,132405
16067,132405
16068,132405
16069,132405
16070,132405
16071,132405
16072,132405
16073,132405
16074,132405
16075,132405
16076,132405
16077,132405
16078,132405
16079,132405
16080,132405
16081,132405
16082,132405
16083,132405
16084,132405
16085,132405
16086,132405
16087,132405
16088,132405
16089,132405
16090,132405
16091,132405
16092,132405
16093,132405
16094,132405
16095,132405
16096,132405
16097,132405
16098,132405
16099,132405
16100,132405
16101,132405
16102,132405
16103,132405
16104,132405
16105,132405
16106,132405
16107,132405
16108,132405
16109,132405
16110,132405
16111,132405
16112,132405
16113,132405
16114,132405
16115,132405
16116,132405
16117,132405
16118,132405
16119,132405
16120,132405
16121,132405
16122,132405
16123,132405
16124,132405
16125,132405
16126,132405
16127,132405
16128,132405
16129,132405
16130,132405
16131,132405
16132,132405
16133,132405
16134,132405
16135,132405
16136,132405
16137,132405
16138,132405
16139,132405
16140,132405
16141,132405
16142,132405
16143,132405
16144,132405
16145,132405
16146,132405
16147,132405
16148,132405
16149,132405
16150,132405
16151,132405
16152,132405
16153,132405
16154,132405
16155,132405
16156,132405
16157,132405
16158,132405
16159,132405
16160,132405
16161,132405
16162,132405
16163,132405
16164,132405
16165,132405
16166,132405
16167,132405
16168,132405
16169,132405
16170,132405
16171,132405
16172,132405
16173,132405
16174,132405
16175,132405
16176,132405
16177,132405
16178,132405
16179,132405
16180,132405
16181,132405
16182,132405
16183,132405
16184,132405
16185,132405
16186,132405
16187,132405
16188,132405
16189,132405
16190,132405
16191,132405
16192,132405
16193,132405
16194,132405
16195,132405
16196,132405
16197,132405
16198,132405
16199,132405
16200,132405
16201,132405
16202,132405
16203,132405
16204,132405
16205,132405
16206,132405
16207,132405
16208,132405
16209,132405
16210,132405
16211,132405
16212,132405
16213,132405
16214,132405
16215,132405
16216,132405
16217,132405
16218,132405
16219,132405
16220,132405
16221,132405
16222,132405
16223,132405
16224,132405
16225,132405
16226,132405
16227,132405
16228,132405
16229,132405
16230,132405
16231,132405
16232,132405
16233,132405
16234,132405
16235,132405
16236,132405
16237,132405
16238,132405
16239,132405
16240,132405
16241,132405
16242,132405
16243,132405
16244,132405
16245,132405
16246,132405
16247,132405
16248,132405
16249,132405
16250,132405
16251,132405
16252,132405
16253,132405
16254,132405
16255,132405
16256,132405
16257,132405
16258,132405
16259,132405
16260,132405
16261,132405
16262,132405
16263,132405
16264,132405
16265,132405
16266,132405
16267,132405
16268,132405
16269,132405
16270,132405
16271,132405
16272,132405
16273,132405
16274,132405
16275,132405
16276,132405
16277,132405
16278,132405
16279,132405
16280,132405
16281,132405
16282,132405
16283,132405
16284,132405
16285,132405
16286,132405
16287,132405
16288,132405
16289,132405
16290,132405
16291,132405
16292,132405
16293,132405
16294,132405
16295,132405
16296,132405
16297,132405
16298,132405
16299,132405
16300,132405
16301,132405
16302,132405
16303,132405
16304,132405
16305,132405
16306,132405
16307,132405
16308,132405
16309,132405
16310,132405
16311,132405
16312,132405
16313,132405
16314,132405
16315,132405
16316,132405
16317,132405
16318,132405
16319,132405
16320,132405
16321,132405
16322,132405
16323,132405
16324,132405
16325,132405
16326,132405
16327,132405
16328,132405
16329,132405
16330,132405
16331,132405
16332,132405
16333,132405
16334,132405
16335,132405
16336,132405
16337,132405
16338,132405
16339,132405
16340,132405
16341,132405
16342,132405
16343,132405
16344,132405
16345,132405
16346,132405
16347,132405
16348,132405
16349,132405
16350,132405
16351,132405
16352,132405
16353,132405
16354,132405
16355,132405
16356,132405
16357,132405
16358,132405
16359,132405
16360,132405
16361,132405
16362,132405
16363,132405
16364,132405
16365,132405
16366,132405
16367,132405
16368,132405
16369,132405
16370,132405
16371,132405
16372,132405
16373,132405
16374,132405
16375,132405
16376,132405
16377,132405
16378,132405
16379,132405
16380,132405
16381,132405
16382,132405
16383,132405
16384,132405
16385,132405
16386,132405
16387,132405
16388,132405
16389,132405
16390,132405
16391,132405
16392,132405
16393,132405
16394,132405
16395,132405
16396,132405
16397,132405
16398,132405
16399,132405
16400,132405
16401,132405
16402,132405
16403,132405
16404,132405
16405,132405
16406,132405
16407,132405
16408,132405
16409,132405
16410,132405
16411,132405
16412,132405
16413,132405
16414,132405
16415,132405
16416,132405
16417,132405
16418,132405
16419,132405
16420,132405
16421,132405
16422,132405
16423,132405
16424,132405
16425,132405
16426,132405
16427,132405
16428,132405
16429,132405
16430,132405
16431,132405
16432,132405
16433,132405
16434,132405
16435,132405
16436,132405
16437,132405
16438,132405
16439,132405
16440,132405
16441,132405
16442,132405
16443,132405
16444,132405
16445,132405
16446,132405
16447,132405
16448,132405
16449,132405
16450,132405
16451,132405
16452,132405
16453,132405
16454,132405
16455,132405
16456,132405
16457,132405
16458,132405
16459,132405
16460,132405
16461,132405
16462,132405
16463,132405
16464,132405
16465,132405
16466,132405
16467,132405
16468,132405
16469,132405
16470,132405
16471,132405
16472,132405
16473,132405
16474,132405
16475,132405
16476,132405
16477,132405
16478,132405
16479,132405
16480,132405
16481,132405
16482,132405
16483,132405
16484,132405
16485,132405
16486,132405
16487,132405
16488,132405
16489,132405
16490,132405
16491,132405
16492,132405
16493,132405
16494,132405
16495,132405
16496,132405
16497,132405
16498,132405
16499,132405
16500,132405
16501,132405
16502,132405
16503,132405
16504,132405
16505,132405
16506,132405
16507,132405
16508,132405
16509,132405
16510,132405
16511,132405
16512,132405
16513,132405
16514,132405
16515,132405
16516,132405
16517,132405
16518,132405
16519,132405
16520,132405
16521,132405
16522,132405
16523,132405
16524,132405
16525,132405
16526,132405
16527,132405
16528,132405
16529,132405
16530,132405
16531,132405
16532,132405
16533,132405
16534,132405
16535,132405
16536,132405
16537,132405
16538,132405
16539,132405
16540,132405
16541,132405
16542,132405
16543,132405
16544,132405
16545,132405
16546,132405
16547,132405
16548,132405
16549,132405
16550,132405
16551,132405
16552,132405
16553,132405
16554,132405
16555,132405
16556,132405
16557,132405
16558,132405
16559,132405
16560,132405
16561,132405
16562,132405
16563,132405
16564,132405
16565,132405
16566,132405
16567,132405
16568,132405
16569,132405
16570,132405
16571,132405
16572,132405
16573,132405
16574,132405
16575,132405
16576,132405
16577,132405
16578,132405
16579,132405
16580,132405
16581,132405
16582,132405
16583,132405
16584,132405
16585,132405
16586,132405
16587,132405
16588,132405
16589,132405
16590,132405
16591,132405
16592,132405
16593,132405
16594,132405
16595,132405
16596,132405
16597,132405
16598,132405
16599,132405
16600,132405
16601,132405
16602,132405
16603,132405
16604,132405
16605,132405
16606,132405
16607,132405
16608,132405
16609,132405
16610,132405
16611,132405
16612,132405
16613,132405
16614,132405
16615,132405
16616,132405
16617,132405
16618,132405
16619,132405
16620,132405
16621,132405
16622,132405
16623,132405
16624,132405
16625,132405
16626,132405
16627,132405
16628,132405
16629,132405
16630,132405
16631,132405
16632,132405
16633,132405
16634,132405
16635,132405
16636,132405
16637,132405
16638,132405
16639,132405
16640,132405
16641,132405
16642,132405
16643,132405
16644,132405
16645,132405
16646,132405
16647,132405
16648,132405
16649,132405
16650,132405
16651,132405
16652,132405
16653,132405
16654,132405
16655,132405
16656,132405
16657,132405
16658,132405
16659,132405
16660,132405
16661,132405
16662,132405
16663,132405
16664,132405
16665,132405
16666,132405
16667,132405
16668,132405
16669,132405
16670,132405
16671,132405
16672,132405
16673,132405
16674,132405
16675,132405
16676,132405
16677,132405
16678,132405
16679,132405
16680,132405
16681,132405
16682,132405
16683,132405
16684,132405
16685,132405
16686,132405
16687,132405
16688,132405
16689,132405
16690,132405
16691,132405
16692,132405
16693,132405
16694,132405
16695,132405
16696,132405
16697,132405
16698,132405
16699,132405
16700,132405
16701,132405
16702,132405
16703,132405
16704,132405
16705,132405
16706,132405
16707,132405
16708,132405
16709,132405
16710,132405
16711,132405
16712,132405
16713,132405
16714,132405
16715,132405
16716,132405
16717,132405
16718,132405
16719,132405
16720,132405
16721,132405
16722,132405
16723,132405
16724,132405
16725,132405
16726,132405
16727,132405
16728,132405
16729,132405
16730,132405
16731,132405
16732,132405
16733,132405
16734,132405
16735,132405
16736,132405
16737,132405
16738,132405
16739,132405
16740,132405
16741,132405
16742,132405
16743,132405
16744,132405
16745,132405
16746,132405
16747,132405
16748,132405
16749,132405
16750,132405
16751,132405
16752,132405
16753,132405
16754,132405
16755,132405
16756,132405
16757,132405
16758,132405
16759,132405
16760,132405
16761,132405
16762,132405
16763,132405
16764,132405
16765,132405
16766,132405
16767,132405
16768,132405
16769,132405
16770,132405
16771,132405
16772,132405
16773,132405
16774,132405
16775,132405
16776,132405
16777,132405
16778,132405
16779,132405
16780,132405
16781,132405
16782,132405
16783,132405
16784,132405
16785,132405
16786,132405
16787,132405
16788,132405
16789,132405
16790,132405
16791,132405
16792,132405
16793,132405
16794,132405
16795,132405
16796,132405
16797,132405
16798,132405
16799,132405
16800,132405
16801,132405
16802,132405
16803,132405
16804,132405
16805,132405
16806,132405
16807,132405
16808,132405
16809,132405
16810,132405
16811,132405
16812,132405
16813,132405
16814,132405
16815,132405
16816,132405
16817,132405
16818,132405
16819,132405
16820,132405
16821,132405
16822,132405
16823,132405
16824,132405
16825,132405
16826,132405
16827,132405
16828,132405
16829,132405
16830,132405
16831,132405
16832,132405
16833,132405
16834,132405
16835,132405
16836,132405
16837,132405
16838,132405
16839,132405
16840,132405
16841,132405
16842,132405
16843,132405
16844,132405
16845,132405
16846,132405
16847,132405
16848,132405
16849,132405
16850,132405
16851,132405
16852,132405
16853,132405
16854,132405
16855,132405
16856,132405
16857,132405
16858,132405
16859,132405
16860,132405
16861,132405
16862,132405
16863,132405
16864,132405
16865,132405
16866,132405
16867,132405
16868,132405
16869,132405
16870,132405
16871,132405
16872,132405
16873,132405
16874,132405
16875,132405
16876,132405
16877,132405
16878,132405
16879,132405
16880,132405
16881,132405
16882,132405
16883,132405
16884,132405
16885,132405
16886,132405
16887,132405
16888,132405
16889,132405
16890,132405
16891,132405
16892,132405
16893,132405
16894,132405
16895,132405
16896,132405
16897,132405
16898,132405
16899,132405
16900,132405
16901,132405
16902,132405
16903,132405
16904,132405
16905,132405
16906,132405
16907,132405
16908,132405
16909,132405
16910,132405
16911,132405
16912,132405
16913,132405
16914,132405
16915,132405
16916,132405
16917,132405
16918,132405
16919,132405
16920,132405
16921,132405
16922,132405
16923,132405
16924,132405
16925,132405
16926,132405
16927,132405
16928,132405
16929,132405
16930,132405
16931,132405
16932,132405
16933,132405
16934,132405
16935,132405
16936,132405
16937,132405
16938,132405
16939,132405
16940,132405
16941,132405
16942,132405
16943,132405
16944,132405
16945,132405
16946,132405
16947,132405
16948,132405
16949,132405
16950,132405
16951,132405
16952,132405
16953,132405
16954,132405
16955,132405
16956,132405
16957,132405
16958,132405
16959,132405
16960,132405
16961,132405
16962,132405
16963,132405
16964,132405
16965,132405
16966,132405
16967,132405
16968,132405
16969,132405
16970,132405
16971,132405
16972,132405
16973,132405
16974,132405
16975,132405
16976,132405
16977,132405
16978,132405
16979,132405
16980,132405
16981,132405
16982,132405
16983,132405
16984,132405
16985,132405
16986,132405
16987,132405
16988,132405
16989,132405
16990,132405
16991,132405
16992,132405
16993,132405
16994,132405
16995,132405
16996,132405
16997,132405
16998,132405
16999,132405
17000,132405
17001,132405
17002,132405
17003,132405
17004,132405
17005,132405
17006,132405
17007,132405
17008,132405
17009,132405
17010,132405
17011,132405
17012,132405
17013,132405
17014,132405
17015,132405
17016,132405
17017,132405
17018,132405
17019,132405
17020,132405
17021,132405
17022,132405
17023,132405
17024,132405
17025,132405
17026,132405
17027,132405
17028,132405
17029,132405
17030,132405
17031,132405
17032,132405
17033,132405
17034,132405
17035,132405
17036,132405
17037,132405
17038,132405
17039,132405
17040,132405
17041,132405
17042,132405
17043,132405
17044,132405
17045,132405
17046,132405
17047,132405
17048,132405
17049,132405
17050,132405
17051,132405
17052,132405
17053,132405
17054,132405
17055,132405
17056,132405
17057,132405
17058,132405
17059,132405
17060,132405
17061,132405
17062,132405
17063,132405
17064,132405
17065,132405
17066,132405
17067,132405
17068,132405
17069,132405
17070,132405
17071,132405
17072,132405
17073,132405
17074,132405
17075,132405
17076,132405
17077,132405
17078,132405
17079,132405
17080,132405
17081,132405
17082,132405
17083,132405
17084,132405
17085,132405
17086,132405
17087,132405
17088,132405
17089,132405
17090,132405
17091,132405
17092,132405
17093,132405
17094,132405
17095,132405
17096,132405
17097,132405
17098,132405
17099,132405
17100,132405
17101,132405
17102,132405
17103,132405
17104,132405
17105,132405
17106,132405
17107,132405
17108,132405
17109,132405
17110,132405
17111,132405
17112,132405
17113,132405
17114,132405
17115,132405
17116,132405
17117,132405
17118,132405
17119,132405
17120,132405
17121,132405
17122,132405
17123,132405
17124,132405
17125,132405
17126,132405
17127,132405
17128,132405
17129,132405
17130,132405
17131,132405
17132,132405
17133,132405
17134,132405
17135,132405
17136,132405
17137,132405
17138,132405
17139,132405
17140,132405
17141,132405
17142,132405
17143,132405
17144,132405
17145,132405
17146,132405
17147,132405
17148,132405
17149,132405
17150,132405
17151,132405
17152,132405
17153,132405
17154,132405
17155,132405
17156,132405
17157,132405
17158,132405
17159,132405
17160,132405
17161,132405
17162,132405
17163,132405
17164,132405
17165,132405
17166,132405
17167,132405
17168,132405
17169,132405
17170,132405
17171,132405
17172,132405
17173,132405
17174,132405
17175,132405
17176,132405
17177,132405
17178,132405
17179,132405
17180,132405
17181,132405
17182,132405
17183,132405
17184,132405
17185,132405
17186,132405
17187,132405
17188,132405
17189,132405
17190,132405
17191,132405
17192,132405
17193,132405
17194,132405
17195,132405
17196,132405
17197,132405
17198,132405
17199,132405
17200,132405
17201,132405
17202,132405
17203,132405
17204,132405
17205,132405
17206,132405
17207,132405
17208,132405
17209,132405
17210,132405
17211,132405
17212,132405
17213,132405
17214,132405
17215,132405
17216,132405
17217,132405
17218,132405
17219,132405
17220,132405
17221,132405
17222,132405
17223,132405
17224,132405
17225,132405
17226,132405
17227,132405
17228,132405
17229,132405
17230,132405
17231,132405
17232,132405
17233,132405
17234,132405
17235,132405
17236,132405
17237,132405
17238,132405
17239,132405
17240,132405
17241,132405
17242,132405
17243,132405
17244,132405
17245,132405
17246,132405
17247,132405
17248,132405
17249,132405
17250,132405
17251,132405
17252,132405
17253,132405
17254,132405
17255,132405
17256,132405
17257,132405
17258,132405
17259,132405
17260,132405
17261,132405
17262,132405
17263,132405
17264,132405
17265,132405
17266,132405
17267,132405
17268,132405
17269,132405
17270,132405
17271,132405
17272,132405
17273,132405
17274,132405
17275,132405
17276,132405
17277,132405
17278,132405
17279,132405
17280,132405
17281,132405
17282,132405
17283,132405
17284,132405
17285,132405
17286,132405
17287,132405
17288,132405
17289,132405
17290,132405
17291,132405
17292,132405
17293,132405
17294,132405
17295,132405
17296,132405
17297,132405
17298,132405
17299,132405
17300,132405
17301,132405
17302,132405
17303,132405
17304,132405
17305,132405
17306,132405
17307,132405
17308,132405
17309,132405
17310,132405
17311,132405
17312,132405
17313,132405
17314,132405
17315,132405
17316,132405
17317,132405
17318,132405
17319,132405
17320,132405
17321,132405
17322,132405
17323,132405
17324,132405
17325,132405
17326,132405
17327,132405
17328,132405
17329,132405
17330,132405
17331,132405
17332,132405
17333,132405
17334,132405
17335,132405
17336,132405
17337,132405
17338,132405
17339,132405
17340,132405
17341,132405
17342,132405
17343,132405
17344,132405
17345,132405
17346,132405
17347,132405
17348,132405
17349,132405
17350,132405
17351,132405
17352,132405
17353,132405
17354,132405
17355,132405
17356,132405
17357,132405
17358,132405
17359,132405
17360,132405
17361,132405
17362,132405
17363,132405
17364,132405
17365,132405
17366,132405
17367,132405
17368,132405
17369,132405
17370,132405
17371,132405
17372,132405
17373,132405
17374,132405
17375,132405
17376,132405
17377,132405
17378,132405
17379,132405
17380,132405
17381,132405
17382,132405
17383,132405
17384,132405
17385,132405
17386,132405
17387,132405
17388,132405
17389,132405
17390,132405
17391,132405
17392,132405
17393,132405
17394,132405
17395,132405
17396,132405
17397,132405
17398,132405
17399,132405
17400,132405
17401,132405
17402,132405
17403,132405
17404,132405
17405,132405
17406,132405
17407,132405
17408,132405
17409,132405
17410,132405
17411,132405
17412,132405
17413,132405
17414,132405
17415,132405
17416,132405
17417,132405
17418,132405
17419,132405
17420,132405
17421,132405
17422,132405
17423,132405
17424,132405
17425,132405
17426,132405
17427,132405
17428,132405
17429,132405
17430,132405
17431,132405
17432,132405
17433,132405
17434,132405
17435,132405
17436,132405
17437,132405
17438,132405
17439,132405
17440,132405
17441,132405
17442,132405
17443,132405
17444,132405
17445,132405
17446,132405
17447,132405
17448,132405
17449,132405
17450,132405
17451,132405
17452,132405
17453,132405
17454,132405
17455,132405
17456,132405
17457,132405
17458,132405
17459,132405
17460,132405
17461,132405
17462,132405
17463,132405
17464,132405
17465,132405
17466,132405
17467,132405
17468,132405
17469,132405
17470,132405
17471,132405
17472,132405
17473,132405
17474,132405
17475,132405
17476,132405
17477,132405
17478,132405
17479,132405
17480,132405
17481,132405
17482,132405
17483,132405
17484,132405
17485,132405
17486,132405
17487,132405
17488,132405
17489,132405
17490,132405
17491,132405
17492,132405
17493,132405
17494,132405
17495,132405
17496,132405
17497,132405
17498,132405
17499,132405
17500,132405
17501,132405
17502,132405
17503,132405
17504,132405
17505,132405
17506,132405
17507,132405
17508,132405
17509,132405
17510,132405
17511,132405
17512,132405
17513,132405
17514,132405
17515,132405
17516,132405
17517,132405
17518,132405
17519,132405
17520,132405
17521,132405
17522,132405
17523,132405
17524,132405
17525,132405
17526,132405
17527,132405
17528,132405
17529,132405
17530,132405
17531,132405
17532,132405
17533,132405
17534,132405
17535,132405
17536,132405
17537,132405
17538,132405
17539,132405
17540,132405
17541,132405
17542,132405
17543,132405
17544,132405
17545,132405
17546,132405
17547,132405
17548,132405
17549,132405
17550,132405
17551,132405
17552,132405
17553,132405
17554,132405
17555,132405
17556,132405
17557,132405
17558,132405
17559,132405
17560,132405
17561,132405
17562,132405
17563,132405
17564,132405
17565,132405
17566,132405
17567,132405
17568,132405
17569,132405
17570,132405
17571,132405
17572,132405
17573,132405
17574,132405
17575,132405
17576,132405
17577,132405
17578,132405
17579,132405
17580,132405
17581,132405
17582,132405
17583,132405
17584,132405
17585,132405
17586,132405
17587,132405
17588,132405
17589,132405
17590,132405
17591,132405
17592,132405
17593,132405
17594,132405
17595,132405
17596,132405
17597,132405
17598,132405
17599,132405
17600,132405
17601,132405
17602,132405
17603,132405
17604,132405
17605,132405
17606,132405
17607,132405
17608,132405
17609,132405
17610,132405
17611,132405
17612,132405
17613,132405
17614,132405
17615,132405
17616,132405
17617,132405
17618,132405
17619,132405
17620,132405
17621,132405
17622,132405
17623,132405
17624,132405
17625,132405
17626,132405
17627,132405
17628,132405
17629,132405
17630,132405
17631,132405
17632,132405
17633,132405
17634,132405
17635,132405
17636,132405
17637,132405
17638,132405
17639,132405
17640,132405
17641,132405
17642,132405
17643,132405
17644,132405
17645,132405
17646,132405
17647,132405
17648,132405
17649,132405
17650,132405
17651,132405
17652,132405
17653,132405
17654,132405
17655,132405
17656,132405
17657,132405
17658,132405
17659,132405
17660,132405
17661,132405
17662,132405
17663,132405
17664,132405
17665,132405
17666,132405
17667,132405
17668,132405
17669,132405
17670,132405
17671,132405
17672,132405
17673,132405
17674,132405
17675,132405
17676,132405
17677,132405
17678,132405
17679,132405
17680,132405
17681,132405
17682,132405
17683,132405
17684,132405
17685,132405
17686,132405
17687,132405
17688,132405
17689,132405
17690,132405
17691,132405
17692,132405
17693,132405
17694,132405
17695,132405
17696,132405
17697,132405
17698,132405
17699,132405
17700,132405
17701,132405
17702,132405
17703,132405
17704,132405
17705,132405
17706,132405
17707,132405
17708,132405
17709,132405
17710,132405
17711,132405
17712,132405
17713,132405
17714,132405
17715,132405
17716,132405
17717,132405
17718,132405
17719,132405
17720,132405
17721,132405
17722,132405
17723,132405
17724,132405
17725,132405
17726,132405
17727,132405
17728,132405
17729,132405
17730,132405
17731,132405
17732,132405
17733,132405
17734,132405
17735,132405
17736,132405
17737,132405
17738,132405
17739,132405
17740,132405
17741,132405
17742,132405
17743,132405
17744,132405
17745,132405
17746,132405
17747,132405
17748,132405
17749,132405
17750,132405
17751,132405
17752,132405
17753,132405
17754,132405
17755,132405
17756,132405
17757,132405
17758,132405
17759,132405
17760,132405
17761,132405
17762,132405
17763,132405
17764,132405
17765,132405
17766,132405
17767,132405
17768,132405
17769,132405
17770,132405
17771,132405
17772,132405
17773,132405
17774,132405
17775,132405
17776,132405
17777,132405
17778,132405
17779,132405
17780,132405
17781,132405
17782,132405
17783,132405
17784,132405
17785,132405
17786,132405
17787,132405
17788,132405
17789,132405
17790,132405
17791,132405
17792,132405
17793,132405
17794,132405
17795,132405
17796,132405
17797,132405
17798,132405
17799,132405
17800,132405
17801,132405
17802,132405
17803,132405
17804,132405
17805,132405
17806,132405
17807,132405
17808,132405
17809,132405
17810,132405
17811,132405
17812,132405
17813,132405
17814,132405
17815,132405
17816,132405
17817,132405
17818,132405
17819,132405
17820,132405
17821,132405
17822,132405
17823,132405
17824,132405
17825,132405
17826,132405
17827,132405
17828,132405
17829,132405
17830,132405
17831,132405
17832,132405
17833,132405
17834,132405
17835,132405
17836,132405
17837,132405
17838,132405
17839,132405
17840,132405
17841,132405
17842,132405
17843,132405
17844,132405
17845,132405
17846,132405
17847,132405
17848,132405
17849,132405
17850,132405
17851,132405
17852,132405
17853,132405
17854,132405
17855,132405
17856,132405
17857,132405
17858,132405
17859,132405
17860,132405
17861,132405
17862,132405
17863,132405
17864,132405
17865,132405
17866,132405
17867,132405
17868,132405
17869,132405
17870,132405
17871,132405
17872,132405
17873,132405
17874,132405
17875,132405
17876,132405
17877,132405
17878,132405
17879,132405
17880,132405
17881,132405
17882,132405
17883,132405
17884,132405
17885,132405
17886,132405
17887,132405
17888,132405
17889,132405
17890,132405
17891,132405
17892,132405
17893,132405
17894,132405
17895,132405
17896,132405
17897,132405
17898,132405
17899,132405
17900,132405
17901,132405
17902,132405
17903,132405
17904,132405
17905,132405
17906,132405
17907,132405
17908,132405
17909,132405
17910,132405
17911,132405
17912,132405
17913,132405
17914,132405
17915,132405
17916,132405
17917,132405
17918,132405
17919,132405
17920,132405
17921,132405
17922,132405
17923,132405
17924,132405
17925,132405
17926,132405
17927,132405
17928,132405
17929,132405
17930,132405
17931,132405
17932,132405
17933,132405
17934,132405
17935,132405
17936,132405
17937,132405
17938,132405
17939,132405
17940,132405
17941,132405
17942,132405
17943,132405
17944,132405
17945,132405
17946,132405
17947,132405
17948,132405
17949,132405
17950,132405
17951,132405
17952,132405
17953,132405
17954,132405
17955,132405
17956,132405
17957,132405
17958,132405
17959,132405
17960,132405
17961,132405
17962,132405
17963,132405
17964,132405
17965,132405
17966,132405
17967,132405
17968,132405
17969,132405
17970,132405
17971,132405
17972,132405
17973,132405
17974,132405
17975,132405
17976,132405
17977,132405
17978,132405
17979,132405
17980,132405
17981,132405
17982,132405
17983,132405
17984,132405
17985,132405
17986,132405
17987,132405
17988,132405
17989,132405
17990,132405
17991,132405
17992,132405
17993,132405
17994,132405
17995,132405
17996,132405
17997,132405
17998,132405
17999,132405
18000,132405
18001,132405
18002,132405
18003,132405
18004,132405
18005,132405
18006,132405
18007,132405
18008,132405
18009,132405
18010,132405
18011,132405
18012,132405
18013,132405
18014,132405
18015,132405
18016,132405
18017,132405
18018,132405
18019,132405
18020,132405
18021,132405
18022,132405
18023,132405
18024,132405
18025,132405
18026,132405
18027,132405
18028,132405
18029,132405
18030,132405
18031,132405
18032,132405
18033,132405
18034,132405
18035,132405
18036,132405
18037,132405
18038,132405
18039,132405
18040,132405
18041,132405
18042,132405
18043,132405
18044,132405
18045,132405
18046,132405
18047,132405
18048,132405
18049,132405
18050,132405
18051,132405
18052,132405
18053,132405
18054,132405
18055,132405
18056,132405
18057,132405
18058,132405
18059,132405
18060,132405
18061,132405
18062,132405
18063,132405
18064,132405
18065,132405
18066,132405
18067,132405
18068,132405
18069,132405
18070,132405
18071,132405
18072,132405
18073,132405
18074,132405
18075,132405
18076,132405
18077,132405
18078,132405
18079,132405
18080,132405
18081,132405
18082,132405
18083,132405
18084,132405
18085,132405
18086,132405
18087,132405
18088,132405
18089,132405
18090,132405
18091,132405
18092,132405
18093,132405
18094,132405
18095,132405
18096,132405
18097,132405
18098,132405
18099,132405
18100,132405
18101,132405
18102,132405
18103,132405
18104,132405
18105,132405
18106,132405
18107,132405
18108,132405
18109,132405
18110,132405
18111,132405
18112,132405
18113,132405
18114,132405
18115,132405
18116,132405
18117,132405
18118,132405
18119,132405
18120,132405
18121,132405
18122,132405
18123,132405
18124,132405
18125,132405
18126,132405
18127,132405
18128,132405
18129,132405
18130,132405
18131,132405
18132,132405
18133,132405
18134,132405
18135,132405
18136,132405
18137,132405
18138,132405
18139,132405
18140,132405
18141,132405
18142,132405
18143,132405
18144,132405
18145,132405
18146,132405
18147,132405
18148,132405
18149,132405
18150,132405
18151,132405
18152,132405
18153,132405
18154,132405
18155,132405
18156,132405
18157,132405
18158,132405
18159,132405
18160,132405
18161,132405
18162,132405
18163,132405
18164,132405
18165,132405
18166,132405
18167,132405
18168,132405
18169,132405
18170,132405
18171,132405
18172,132405
18173,132405
18174,132405
18175,132405
18176,132405
18177,132405
18178,132405
18179,132405
18180,132405
18181,132405
18182,132405
18183,132405
18184,132405
18185,132405
18186,132405
18187,132405
18188,132405
18189,132405
18190,132405
18191,132405
18192,132405
18193,132405
18194,132405
18195,132405
18196,132405
18197,132405
18198,132405
18199,132405
18200,132405
18201,132405
18202,132405
18203,132405
18204,132405
18205,132405
18206,132405
18207,132405
18208,132405
18209,132405
18210,132405
18211,132405
18212,132405
18213,132405
18214,132405
18215,132405
18216,132405
18217,132405
18218,132405
18219,132405
18220,132405
18221,132405
18222,132405
18223,132405
18224,132405
18225,132405
18226,132405
18227,132405
18228,132405
18229,132405
18230,132405
18231,132405
18232,132405
18233,132405
18234,132405
18235,132405
18236,132405
18237,132405
18238,132405
18239,132405
18240,132405
18241,132405
18242,132405
18243,132405
18244,132405
18245,132405
18246,132405
18247,132405
18248,132405
18249,132405
18250,132405
18251,132405
18252,132405
18253,132405
18254,132405
18255,132405
18256,132405
18257,132405
18258,132405
18259,132405
18260,132405
18261,132405
18262,132405
18263,132405
18264,132405
18265,132405
18266,132405
18267,132405
18268,132405
18269,132405
18270,132405
18271,132405
18272,132405
18273,132405
18274,132405
18275,132405
18276,132405
18277,132405
18278,132405
18279,132405
18280,132405
18281,132405
18282,132405
18283,132405
18284,132405
18285,132405
18286,132405
18287,132405
18288,132405
18289,132405
18290,132405
18291,132405
18292,132405
18293,132405
18294,132405
18295,132405
18296,132405
18297,132405
18298,132405
18299,132405
18300,132405
18301,132405
18302,132405
18303,132405
18304,132405
18305,132405
18306,132405
18307,132405
18308,132405
18309,132405
18310,132405
18311,132405
18312,132405
18313,132405
18314,132405
18315,132405
18316,132405
18317,132405
18318,132405
18319,132405
18320,132405
18321,132405
18322,132405
18323,132405
18324,132405
18325,132405
18326,132405
18327,132405
18328,132405
18329,132405
18330,132405
18331,132405
18332,132405
18333,132405
18334,132405
18335,132405
18336,132405
18337,132405
18338,132405
18339,132405
18340,132405
18341,132405
18342,132405
18343,132405
18344,132405
18345,132405
18346,132405
18347,132405
18348,132405
18349,132405
18350,132405
18351,132405
18352,132405
18353,132405
18354,132405
18355,132405
18356,132405
18357,132405
18358,132405
18359,132405
18360,132405
18361,132405
18362,132405
18363,132405
18364,132405
18365,132405
18366,132405
18367,132405
18368,132405
18369,132405
18370,132405
18371,132405
18372,132405
18373,132405
18374,132405
18375,132405
18376,132405
18377,132405
18378,132405
18379,132405
18380,132405
18381,132405
18382,132405
18383,132405
18384,132405
18385,132405
18386,132405
18387,132405
18388,132405
18389,132405
18390,132405
18391,132405
18392,132405
18393,132405
18394,132405
18395,132405
18396,132405
18397,132405
18398,132405
18399,132405
18400,132405
18401,132405
18402,132405
18403,132405
18404,132405
18405,132405
18406,132405
18407,132405
18408,132405
18409,132405
18410,132405
18411,132405
18412,132405
18413,132405
18414,132405
18415,132405
18416,132405
18417,132405
18418,132405
18419,132405
18420,132405
18421,132405
18422,132405
18423,132405
18424,132405
18425,132405
18426,132405
18427,132405
18428,132405
18429,132405
18430,132405
18431,132405
18432,132405
18433,132405
18434,132405
18435,132405
18436,132405
18437,132405
18438,132405
18439,132405
18440,132405
18441,132405
18442,132405
18443,132405
18444,132405
18445,132405
18446,132405
18447,132405
18448,132405
18449,132405
18450,132405
18451,132405
18452,132405
18453,132405
18454,132405
18455,132405
18456,132405
18457,132405
18458,132405
18459,132405
18460,132405
18461,132405
18462,132405
18463,132405
18464,132405
18465,132405
18466,132405
18467,132405
18468,132405
18469,132405
18470,132405
18471,132405
18472,132405
18473,132405
18474,132405
18475,132405
18476,132405
18477,132405
18478,132405
18479,132405
18480,132405
18481,132405
18482,132405
18483,132405
18484,132405
18485,132405
18486,132405
18487,132405
18488,132405
18489,132405
18490,132405
18491,132405
18492,132405
18493,132405
18494,132405
18495,132405
18496,132405
18497,132405
18498,132405
18499,132405
18500,132405
18501,132405
18502,132405
18503,132405
18504,132405
18505,132405
18506,132405
18507,132405
18508,132405
18509,132405
18510,132405
18511,132405
18512,132405
18513,132405
18514,132405
18515,132405
18516,132405
18517,132405
18518,132405
18519,132405
18520,132405
18521,132405
18522,132405
18523,132405
18524,132405
18525,132405
18526,132405
18527,132405
18528,132405
18529,132405
18530,132405
18531,132405
18532,132405
18533,132405
18534,132405
18535,132405
18536,132405
18537,132405
18538,132405
18539,132405
18540,132405
18541,132405
18542,132405
18543,132405
18544,132405
18545,132405
18546,132405
18547,132405
18548,132405
18549,132405
18550,132405
18551,132405
18552,132405
18553,132405
18554,132405
18555,132405
18556,132405
18557,132405
18558,132405
18559,132405
18560,132405
18561,132405
18562,132405
18563,132405
18564,132405
18565,132405
18566,132405
18567,132405
18568,132405
18569,132405
18570,132405
18571,132405
18572,132405
18573,132405
18574,132405
18575,132405
18576,132405
18577,132405
18578,132405
18579,132405
18580,132405
18581,132405
18582,132405
18583,132405
18584,132405
18585,132405
18586,132405
18587,132405
18588,132405
18589,132405
18590,132405
18591,132405
18592,132405
18593,132405
18594,132405
18595,132405
18596,132405
18597,132405
18598,132405
18599,132405
18600,132405
18601,132405
18602,132405
18603,132405
18604,132405
18605,132405
18606,132405
18607,132405
18608,132405
18609,132405
18610,132405
18611,132405
18612,132405
18613,132405
18614,132405
18615,132405
18616,132405
18617,132405
18618,132405
18619,132405
18620,132405
18621,132405
18622,132405
18623,132405
18624,132405
18625,132405
18626,132405
18627,132405
18628,132405
18629,132405
18630,132405
18631,132405
18632,132405
18633,132405
18634,132405
18635,132405
18636,132405
18637,132405
18638,132405
18639,132405
18640,132405
18641,132405
18642,132405
18643,132405
18644,132405
18645,132405
18646,132405
18647,132405
18648,132405
18649,132405
18650,132405
18651,132405
18652,132405
18653,132405
18654,132405
18655,132405
18656,132405
18657,132405
18658,132405
18659,132405
18660,132405
18661,132405
18662,132405
18663,132405
18664,132405
18665,132405
18666,132405
18667,132405
18668,132405
18669,132405
18670,132405
18671,132405
18672,132405
18673,132405
18674,132405
18675,132405
18676,132405
18677,132405
18678,132405
18679,132405
18680,132405
18681,132405
18682,132405
18683,132405
18684,132405
18685,132405
18686,132405
18687,132405
18688,132405
18689,132405
18690,132405
18691,132405
18692,132405
18693,132405
18694,132405
18695,132405
18696,132405
18697,132405
18698,132405
18699,132405
18700,132405
18701,132405
18702,132405
18703,132405
18704,132405
18705,132405
18706,132405
18707,132405
18708,132405
18709,132405
18710,132405
18711,132405
18712,132405
18713,132405
18714,132405
18715,132405
18716,132405
18717,132405
18718,132405
18719,132405
18720,132405
18721,132405
18722,132405
18723,132405
18724,132405
18725,132405
18726,132405
18727,132405
18728,132405
18729,132405
18730,132405
18731,132405
18732,132405
18733,132405
18734,132405
18735,132405
18736,132405
18737,132405
18738,132405
18739,132405
18740,132405
18741,132405
18742,132405
18743,132405
18744,132405
18745,132405
18746,132405
18747,132405
18748,132405
18749,132405
18750,132405
18751,132405
18752,132405
18753,132405
18754,132405
18755,132405
18756,132405
18757,132405
18758,132405
18759,132405
18760,132405
18761,132405
18762,132405
18763,132405
18764,132405
18765,132405
18766,132405
18767,132405
18768,132405
18769,132405
18770,132405
18771,132405
18772,132405
18773,132405
18774,132405
18775,132405
18776,132405
18777,132405
18778,132405
18779,132405
18780,132405
18781,132405
18782,132405
18783,132405
18784,132405
18785,132405
18786,132405
18787,132405
18788,132405
18789,132405
18790,132405
18791,132405
18792,132405
18793,132405
18794,132405
18795,132405
18796,132405
18797,132405
18798,132405
18799,132405
18800,132405
18801,132405
18802,132405
18803,132405
18804,132405
18805,132405
18806,132405
18807,132405
18808,132405
18809,132405
18810,132405
18811,132405
18812,132405
18813,132405
18814,132405
18815,132405
18816,132405
18817,132405
18818,132405
18819,132405
18820,132405
18821,132405
18822,132405
18823,132405
18824,132405
18825,132405
18826,132405
18827,132405
18828,132405
18829,132405
18830,132405
18831,132405
18832,132405
18833,132405
18834,132405
18835,132405
18836,132405
18837,132405
18838,132405
18839,132405
18840,132405
18841,132405
18842,132405
18843,132405
18844,132405
18845,132405
18846,132405
18847,132405
18848,132405
18849,132405
18850,132405
18851,132405
18852,132405
18853,132405
18854,132405
18855,132405
18856,132405
18857,132405
18858,132405
18859,132405
18860,132405
18861,132405
18862,132405
18863,132405
18864,132405
18865,132405
18866,132405
18867,132405
18868,132405
18869,132405
18870,132405
18871,132405
18872,132405
18873,132405
18874,132405
18875,132405
18876,132405
18877,132405
18878,132405
18879,132405
18880,132405
18881,132405
18882,132405
18883,132405
18884,132405
18885,132405
18886,132405
18887,132405
18888,132405
18889,132405
18890,132405
18891,132405
18892,132405
18893,132405
18894,132405
18895,132405
18896,132405
18897,132405
18898,132405
18899,132405
18900,132405
18901,132405
18902,132405
18903,132405
18904,132405
18905,132405
18906,132405
18907,132405
18908,132405
18909,132405
18910,132405
18911,132405
18912,132405
18913,132405
18914,132405
18915,132405
18916,132405
18917,132405
18918,132405
18919,132405
18920,132405
18921,132405
18922,132405
18923,132405
18924,132405
18925,132405
18926,132405
18927,132405
18928,132405
18929,132405
18930,132405
18931,132405
18932,132405
18933,132405
18934,132405
18935,132405
18936,132405
18937,132405
18938,132405
18939,132405
18940,132405
18941,132405
18942,132405
18943,132405
18944,132405
18945,132405
18946,132405
18947,132405
18948,132405
18949,132405
18950,132405
18951,132405
18952,132405
18953,132405
18954,132405
18955,132405
18956,132405
18957,132405
18958,132405
18959,132405
18960,132405
18961,132405
18962,132405
18963,132405
18964,132405
18965,132405
18966,132405
18967,132405
18968,132405
18969,132405
18970,132405
18971,132405
18972,132405
18973,132405
18974,132405
18975,132405
18976,132405
18977,132405
18978,132405
18979,132405
18980,132405
18981,132405
18982,132405
18983,132405
18984,132405
18985,132405
18986,132405
18987,132405
18988,132405
18989,132405
18990,132405
18991,132405
18992,132405
18993,132405
18994,132405
18995,132405
18996,132405
18997,132405
18998,132405
18999,132405
19000,132405
19001,132405
19002,132405
19003,132405
19004,132405
19005,132405
19006,132405
19007,132405
19008,132405
19009,132405
19010,132405
19011,132405
19012,132405
19013,132405
19014,132405
19015,132405
19016,132405
19017,132405
19018,132405
19019,132405
19020,132405
19021,132405
19022,132405
19023,132405
19024,132405
19025,132405
19026,132405
19027,132405
19028,132405
19029,132405
19030,132405
19031,132405
19032,132405
19033,132405
19034,132405
19035,132405
19036,132405
19037,132405
19038,132405
19039,132405
19040,132405
19041,132405
19042,132405
19043,132405
19044,132405
19045,132405
19046,132405
19047,132405
19048,132405
19049,132405
19050,132405
19051,132405
19052,132405
19053,132405
19054,132405
19055,132405
19056,132405
19057,132405
19058,132405
19059,132405
19060,132405
19061,132405
19062,132405
19063,132405
19064,132405
19065,132405
19066,132405
19067,132405
19068,132405
19069,132405
19070,132405
19071,132405
19072,132405
19073,132405
19074,132405
19075,132405
19076,132405
19077,132405
19078,132405
19079,132405
19080,132405
19081,132405
19082,132405
19083,132405
19084,132405
19085,132405
19086,132405
19087,132405
19088,132405
19089,132405
19090,132405
19091,132405
19092,132405
19093,132405
19094,132405
19095,132405
19096,132405
19097,132405
19098,132405
19099,132405
19100,132405
19101,132405
19102,132405
19103,132405
19104,132405
19105,132405
19106,132405
19107,132405
19108,132405
19109,132405
19110,132405
19111,132405
19112,132405
19113,132405
19114,132405
19115,132405
19116,132405
19117,132405
19118,132405
19119,132405
19120,132405
19121,132405
19122,132405
19123,132405
19124,132405
19125,132405
19126,132405
19127,132405
19128,132405
19129,132405
19130,132405
19131,132405
19132,132405
19133,132405
19134,132405
19135,132405
19136,132405
19137,132405
19138,132405
19139,132405
19140,132405
19141,132405
19142,132405
19143,132405
19144,132405
19145,132405
19146,132405
19147,132405
19148,132405
19149,132405
19150,132405
19151,132405
19152,132405
19153,132405
19154,132405
19155,132405
19156,132405
19157,132405
19158,132405
19159,132405
19160,132405
19161,132405
19162,132405
19163,132405
19164,132405
19165,132405
19166,132405
19167,132405
19168,132405
19169,132405
19170,132405
19171,132405
19172,132405
19173,132405
19174,132405
19175,132405
19176,132405
19177,132405
19178,132405
19179,132405
19180,132405
19181,132405
19182,132405
19183,132405
19184,132405
19185,132405
19186,132405
19187,132405
19188,132405
19189,132405
19190,132405
19191,132405
19192,132405
19193,132405
19194,132405
19195,132405
19196,132405
19197,132405
19198,132405
19199,132405
19200,132405
19201,132405
19202,132405
19203,132405
19204,132405
19205,132405
19206,132405
19207,132405
19208,132405
19209,132405
19210,132405
19211,132405
19212,132405
19213,132405
19214,132405
19215,132405
19216,132405
19217,132405
19218,132405
19219,132405
19220,132405
19221,132405
19222,132405
19223,132405
19224,132405
19225,132405
19226,132405
19227,132405
19228,132405
19229,132405
19230,132405
19231,132405
19232,132405
19233,132405
19234,132405
19235,132405
19236,132405
19237,132405
19238,132405
19239,132405
19240,132405
19241,132405
19242,132405
19243,132405
19244,132405
19245,132405
19246,132405
19247,132405
19248,132405
19249,132405
19250,132405
19251,132405
19252,132405
19253,132405
19254,132405
19255,132405
19256,132405
19257,132405
19258,132405
19259,132405
19260,132405
19261,132405
19262,132405
19263,132405
19264,132405
19265,132405
19266,132405
19267,132405
19268,132405
19269,132405
19270,132405
19271,132405
19272,132405
19273,132405
19274,132405
19275,132405
19276,132405
19277,132405
19278,132405
19279,132405
19280,132405
19281,132405
19282,132405
19283,132405
19284,132405
19285,132405
19286,132405
19287,132405
19288,132405
19289,132405
19290,132405
19291,132405
19292,132405
19293,132405
19294,132405
19295,132405
19296,132405
19297,132405
19298,132405
19299,132405
19300,132405
19301,132405
19302,132405
19303,132405
19304,132405
19305,132405
19306,132405
19307,132405
19308,132405
19309,132405
19310,132405
19311,132405
19312,132405
19313,132405
19314,132405
19315,132405
19316,132405
19317,132405
19318,132405
19319,132405
19320,132405
19321,132405
19322,132405
19323,132405
19324,132405
19325,132405
19326,132405
19327,132405
19328,132405
19329,132405
19330,132405
19331,132405
19332,132405
19333,132405
19334,132405
19335,132405
19336,132405
19337,132405
19338,132405
19339,132405
19340,132405
19341,132405
19342,132405
19343,132405
19344,132405
19345,132405
19346,132405
19347,132405
19348,132405
19349,132405
19350,132405
19351,132405
19352,132405
19353,132405
19354,132405
19355,132405
19356,132405
19357,132405
19358,132405
19359,132405
19360,132405
19361,132405
19362,132405
19363,132405
19364,132405
19365,132405
19366,132405
19367,132405
19368,132405
19369,132405
19370,132405
19371,132405
19372,132405
19373,132405
19374,132405
19375,132405
19376,132405
19377,132405
19378,132405
19379,132405
19380,132405
19381,132405
19382,132405
19383,132405
19384,132405
19385,132405
19386,132405
19387,132405
19388,132405
19389,132405
19390,132405
19391,132405
19392,132405
19393,132405
19394,132405
19395,132405
19396,132405
19397,132405
19398,132405
19399,132405
19400,132405
19401,132405
19402,132405
19403,132405
19404,132405
19405,132405
19406,132405
19407,132405
19408,132405
19409,132405
19410,132405
19411,132405
19412,132405
19413,132405
19414,132405
19415,132405
19416,132405
19417,132405
19418,132405
19419,132405
19420,132405
19421,132405
19422,132405
19423,132405
19424,132405
19425,132405
19426,132405
19427,132405
19428,132405
19429,132405
19430,132405
19431,132405
19432,132405
19433,132405
19434,132405
19435,132405
19436,132405
19437,132405
19438,132405
19439,132405
19440,132405
19441,132405
19442,132405
19443,132405
19444,132405
19445,132405
19446,132405
19447,132405
19448,132405
19449,132405
19450,132405
19451,132405
19452,132405
19453,132405
19454,132405
19455,132405
19456,132405
19457,132405
19458,132405
19459,132405
19460,132405
19461,132405
19462,132405
19463,132405
19464,132405
19465,132405
19466,132405
19467,132405
19468,132405
19469,132405
19470,132405
19471,132405
19472,132405
19473,132405
19474,132405
19475,132405
19476,132405
19477,132405
19478,132405
19479,132405
19480,132405
19481,132405
19482,132405
19483,132405
19484,132405
19485,132405
19486,132405
19487,132405
19488,132405
19489,132405
19490,132405
19491,132405
19492,132405
19493,132405
19494,132405
19495,132405
19496,132405
19497,132405
19498,132405
19499,132405
19500,132405
19501,132405
19502,132405
19503,132405
19504,132405
19505,132405
19506,132405
19507,132405
19508,132405
19509,132405
19510,132405
19511,132405
19512,132405
19513,132405
19514,132405
19515,132405
19516,132405
19517,132405
19518,132405
19519,132405
19520,132405
19521,132405
19522,132405
19523,132405
19524,132405
19525,132405
19526,132405
19527,132405
19528,132405
19529,132405
19530,132405
19531,132405
19532,132405
19533,132405
19534,132405
19535,132405
19536,132405
19537,132405
19538,132405
19539,132405
19540,132405
19541,132405
19542,132405
19543,132405
19544,132405
19545,132405
19546,132405
19547,132405
19548,132405
19549,132405
19550,132405
19551,132405
19552,132405
19553,132405
19554,132405
19555,132405
19556,132405
19557,132405
19558,132405
19559,132405
19560,132405
19561,132405
19562,132405
19563,132405
19564,132405
19565,132405
19566,132405
19567,132405
19568,132405
19569,132405
19570,132405
19571,132405
19572,132405
19573,132405
19574,132405
19575,132405
19576,132405
19577,132405
19578,132405
19579,132405
19580,132405
19581,132405
19582,132405
19583,132405
19584,132405
19585,132405
19586,132405
19587,132405
19588,132405
19589,132405
19590,132405
19591,132405
19592,132405
19593,132405
19594,132405
19595,132405
19596,132405
19597,132405
19598,132405
19599,132405
19600,132405
19601,132405
19602,132405
19603,132405
19604,132405
19605,132405
19606,132405
19607,132405
19608,132405
19609,132405
19610,132405
19611,132405
19612,132405
19613,132405
19614,132405
19615,132405
19616,132405
19617,132405
19618,132405
19619,132405
19620,132405
19621,132405
19622,132405
19623,132405
19624,132405
19625,132405
19626,132405
19627,132405
19628,132405
19629,132405
19630,132405
19631,132405
19632,132405
19633,132405
19634,132405
19635,132405
19636,132405
19637,132405
19638,132405
19639,132405
19640,132405
19641,132405
19642,132405
19643,132405
19644,132405
19645,132405
19646,132405
19647,132405
19648,132405
19649,132405
19650,132405
19651,132405
19652,132405
19653,132405
19654,132405
19655,132405
19656,132405
19657,132405
19658,132405
19659,132405
19660,132405
19661,132405
19662,132405
19663,132405
19664,132405
19665,132405
19666,132405
19667,132405
19668,132405
19669,132405
19670,132405
19671,132405
19672,132405
19673,132405
19674,132405
19675,132405
19676,132405
19677,132405
19678,132405
19679,132405
19680,132405
19681,132405
19682,132405
19683,132405
19684,132405
19685,132405
19686,132405
19687,132405
19688,132405
19689,132405
19690,132405
19691,132405
19692,132405
19693,132405
19694,132405
19695,132405
19696,132405
19697,132405
19698,132405
19699,132405
19700,132405
19701,132405
19702,132405
19703,132405
19704,132405
19705,132405
19706,132405
19707,132405
19708,132405
19709,132405
19710,132405
19711,132405
19712,132405
19713,132405
19714,132405
19715,132405
19716,132405
19717,132405
19718,132405
19719,132405
19720,132405
19721,132405
19722,132405
19723,132405
19724,132405
19725,132405
19726,132405
19727,132405
19728,132405
19729,132405
19730,132405
19731,132405
19732,132405
19733,132405
19734,132405
19735,132405
19736,132405
19737,132405
19738,132405
19739,132405
19740,132405
19741,132405
19742,132405
19743,132405
19744,132405
19745,132405
19746,132405
19747,132405
19748,132405
19749,132405
19750,132405
19751,132405
19752,132405
19753,132405
19754,132405
19755,132405
19756,132405
19757,132405
19758,132405
19759,132405
19760,132405
19761,132405
19762,132405
19763,132405
19764,132405
19765,132405
19766,132405
19767,132405
19768,132405
19769,132405
19770,132405
19771,132405
19772,132405
19773,132405
19774,132405
19775,132405
19776,132405
19777,132405
19778,132405
19779,132405
19780,132405
19781,132405
19782,132405
19783,132405
19784,132405
19785,132405
19786,132405
19787,132405
19788,132405
19789,132405
19790,132405
19791,132405
19792,132405
19793,132405
19794,132405
19795,132405
19796,132405
19797,132405
19798,132405
19799,132405
19800,132405
19801,132405
19802,132405
19803,132405
19804,132405
19805,132405
19806,132405
19807,132405
19808,132405
19809,132405
19810,132405
19811,132405
19812,132405
19813,132405
19814,132405
19815,132405
19816,132405
19817,132405
19818,132405
19819,132405
19820,132405
19821,132405
19822,132405
19823,132405
19824,132405
19825,132405
19826,132405
19827,132405
19828,132405
19829,132405
19830,132405
19831,132405
19832,132405
19833,132405
19834,132405
19835,132405
19836,132405
19837,132405
19838,132405
19839,132405
19840,132405
19841,132405
19842,132405
19843,132405
19844,132405
19845,132405
19846,132405
19847,132405
19848,132405
19849,132405
19850,132405
19851,132405
19852,132405
19853,132405
19854,132405
19855,132405
19856,132405
19857,132405
19858,132405
19859,132405
19860,132405
19861,132405
19862,132405
19863,132405
19864,132405
19865,132405
19866,132405
19867,132405
19868,132405
19869,132405
19870,132405
19871,132405
19872,132405
19873,132405
19874,132405
19875,132405
19876,132405
19877,132405
19878,132405
19879,132405
19880,132405
19881,132405
19882,132405
19883,132405
19884,132405
19885,132405
19886,132405
19887,132405
19888,132405
19889,132405
19890,132405
19891,132405
19892,132405
19893,132405
19894,132405
19895,132405
19896,132405
19897,132405
19898,132405
19899,132405
19900,132405
19901,132405
19902,132405
19903,132405
19904,132405
19905,132405
19906,132405
19907,132405
19908,132405
19909,132405
19910,132405
19911,132405
19912,132405
19913,132405
19914,132405
19915,132405
19916,132405
19917,132405
19918,132405
19919,132405
19920,132405
19921,132405
19922,132405
19923,132405
19924,132405
19925,132405
19926,132405
19927,132405
19928,132405
19929,132405
19930,132405
19931,132405
19932,132405
19933,132405
19934,132405
19935,132405
19936,132405
19937,132405
19938,132405
19939,132405
19940,132405
19941,132405
19942,132405
19943,132405
19944,132405
19945,132405
19946,132405
19947,132405
19948,132405
19949,132405
19950,132405
19951,132405
19952,132405
19953,132405
19954,132405
19955,132405
19956,132405
19957,132405
19958,132405
19959,132405
19960,132405
19961,132405
19962,132405
19963,132405
19964,132405
19965,132405
19966,132405
19967,132405
19968,132405
19969,132405
19970,132405
19971,132405
19972,132405
19973,132405
19974,132405
19975,132405
19976,132405
19977,132405
19978,132405
19979,132405
19980,132405
19981,132405
19982,132405
19983,132405
19984,132405
19985,132405
19986,132405
19987,132405
19988,132405
19989,132405
19990,132405
19991,132405
19992,132405
19993,132405
19994,132405
19995,132405
19996,132405
19997,132405
19998,132405
19999,132405
