sample,lucro
0,61670
1,87115
2,69405
3,62650
4,65380
5,62685
6,79520
7,88515
8,54775
9,73395
10,68705
11,81830
12,46935
13,42910
14,37590
15,83580
16,46235
17,83125
18,70770
19,81690
20,91630
21,81480
22,28945
23,51135
24,61215
25,64470
26,78680
27,104755
28,66885
29,67900
30,54390
31,74305
32,67480
33,44310
34,43260
35,68845
36,29820
37,104125
38,61915
39,53795
40,95025
41,84455
42,67690
43,75460
44,82390
45,86240
46,71610
47,102900
48,64995
49,45535
50,77315
51,88200
52,80185
53,85330
54,67165
55,16310
56,49420
57,105245
58,70840
59,45570
60,80815
61,68180
62,93555
63,85085
64,63700
65,54810
66,54005
67,94080
68,77595
69,69475
70,80115
71,53760
72,70420
73,98210
74,61425
75,85750
76,51660
77,45605
78,50225
79,36995
80,106505
81,67795
82,67200
83,80990
84,90195
85,70490
86,42945
87,101150
88,59535
89,80150
90,71260
91,64470
92,87570
93,73115
94,82285
95,94010
96,93800
97,46025
98,39165
99,40005
100,60830
101,53830
102,56700
103,61425
104,43505
105,55300
106,55545
107,82810
108,71155
109,92155
110,77140
111,32515
112,52185
113,73395
114,103530
115,54950
116,68180
117,50680
118,45990
119,117600
120,53935
121,49770
122,67165
123,70385
124,44065
125,51275
126,74690
127,44835
128,24780
129,82985
130,68320
131,67305
132,83265
133,62580
134,47460
135,65800
136,61635
137,60900
138,42770
139,87185
140,67130
141,92995
142,74130
143,74165
144,99540
145,66605
146,29085
147,110810
148,68355
149,54810
150,43400
151,59395
152,65940
153,99015
154,109340
155,77000
156,82075
157,71330
158,74060
159,44345
160,82705
161,59255
162,69160
163,32200
164,90720
165,76650
166,75425
167,42840
168,87570
169,65590
170,50295
171,62020
172,71540
173,64610
174,88550
175,82285
176,43295
177,43085
178,52325
179,74480
180,63385
181,61775
182,66465
183,45920
184,108710
185,79485
186,70385
187,67935
188,47635
189,68495
190,70945
191,57435
192,82775
193,55650
194,79590
195,93485
196,84630
197,61005
198,92435
199,104545
200,75495
201,75600
202,77805
203,49560
204,67235
205,64225
206,100485
207,85925
208,82460
209,52150
210,69720
211,83755
212,85960
213,58485
214,75670
215,90755
216,103215
217,75460
218,100695
219,87185
220,47635
221,54425
222,62440
223,40145
224,92540
225,66500
226,76230
227,51765
228,51975
229,39165
230,63840
231,67130
232,53200
233,-2590
234,86170
235,76055
236,56560
237,76475
238,66395
239,102795
240,41055
241,59500
242,84035
243,64225
244,75810
245,80255
246,71890
247,58975
248,61670
249,51590
250,75880
251,71785
252,60515
253,98595
254,48055
255,58310
256,47040
257,95690
258,91315
259,37065
260,59185
261,77140
262,76930
263,80570
264,71925
265,74410
266,108430
267,55720
268,78715
269,46340
270,14175
271,58590
272,48755
273,78470
274,81060
275,52850
276,65555
277,67725
278,99050
279,72170
280,52395
281,64540
282,53865
283,72170
284,88095
285,52325
286,67830
287,42315
288,83650
289,67095
290,82705
291,80535
292,27335
293,42490
294,70105
295,42105
296,78015
297,70420
298,63840
299,71960
300,49525
301,65765
302,80605
303,48965
304,89740
305,60620
306,63595
307,62860
308,99855
309,100800
310,44625
311,115710
312,21490
313,84980
314,58730
315,76720
316,89950
317,86555
318,61740
319,61985
320,60270
321,112385
322,52500
323,60165
324,65905
325,50785
326,60900
327,64820
328,80185
329,78155
330,81830
331,79345
332,66640
333,84140
334,103600
335,40425
336,43155
337,61915
338,82495
339,60095
340,39830
341,89880
342,48790
343,63980
344,66710
345,-2590
346,72170
347,78820
348,36400
349,27860
350,95410
351,56840
352,64820
353,89705
354,124425
355,52080
356,45465
357,65590
358,81410
359,91805
360,59500
361,90440
362,102550
363,31465
364,71365
365,52500
366,75600
367,47600
368,85260
369,78890
370,68250
371,57155
372,65275
373,102095
374,70035
375,49455
376,107450
377,73605
378,50645
379,74935
380,26810
381,63735
382,80185
383,70420
384,65555
385,53515
386,82145
387,55230
388,77070
389,86940
390,57540
391,78820
392,67270
393,94360
394,91455
395,85645
396,71680
397,42700
398,47215
399,45570
400,77420
401,60515
402,85540
403,59745
404,72870
405,87535
406,78820
407,46935
408,40425
409,73010
410,43575
411,72240
412,71540
413,102970
414,83685
415,19460
416,72520
417,67690
418,71330
419,53235
420,66150
421,43015
422,35560
423,47775
424,32655
425,55720
426,18725
427,103355
428,54355
429,20510
430,73290
431,66185
432,43470
433,72765
434,82705
435,67200
436,63105
437,55195
438,94850
439,102060
440,72520
441,44660
442,65940
443,45290
444,64155
445,63595
446,66080
447,75740
448,84945
449,16590
450,25410
451,96845
452,85610
453,53865
454,47950
455,58415
456,56105
457,80465
458,91980
459,55860
460,85120
461,75040
462,23765
463,71295
464,81445
465,86975
466,73815
467,81130
468,71505
469,81725
470,33740
471,84875
472,22225
473,56805
474,82180
475,37555
476,22750
477,37870
478,64400
479,57050
480,65135
481,85855
482,66430
483,49630
484,60865
485,105945
486,24220
487,86275
488,73010
489,55475
490,76545
491,60305
492,40600
493,62895
494,64855
495,85575
496,88235
497,48790
498,70035
499,52255
500,71435
501,52570
502,66885
503,53830
504,36785
505,67655
506,90300
507,77000
508,51625
509,36925
510,76930
511,49245
512,61075
513,32830
514,63315
515,72030
516,73360
517,45535
518,66115
519,63665
520,74550
521,92575
522,75215
523,104615
524,62755
525,86590
526,27755
527,61075
528,80220
529,61005
530,65030
531,60760
532,72170
533,103040
534,50260
535,83265
536,60550
537,49455
538,78505
539,46340
540,81480
541,73885
542,66710
543,71540
544,93450
545,55230
546,59010
547,56490
548,78260
549,61775
550,90580
551,57470
552,86275
553,67550
554,69720
555,43330
556,60865
557,68425
558,73955
559,61530
560,53270
561,75215
562,53865
563,47040
564,74375
565,107870
566,56490
567,68880
568,77070
569,77630
570,94010
571,52780
572,87640
573,88585
574,62825
575,76195
576,76720
577,51100
578,75530
579,72345
580,68180
581,39165
582,84175
583,73010
584,102935
585,55510
586,38430
587,112700
588,73220
589,86450
590,56420
591,89705
592,52570
593,19705
594,87955
595,95900
596,81725
597,48335
598,84175
599,63350
600,86170
601,102865
602,60235
603,66570
604,18585
605,68040
606,74550
607,86870
608,72975
609,78400
610,52535
611,101255
612,77770
613,68460
614,71365
615,79625
616,51135
617,74515
618,41230
619,76090
620,61530
621,84735
622,57295
623,60795
624,46515
625,77350
626,23240
627,84420
628,67410
629,60795
630,83055
631,88725
632,91805
633,80395
634,59395
635,79450
636,51380
637,57365
638,58065
639,83440
640,86695
641,77700
642,66640
643,75600
644,69055
645,68880
646,50330
647,77665
648,71120
649,37450
650,72450
651,74025
652,44205
653,49070
654,54600
655,48825
656,61180
657,90265
658,99470
659,90615
660,73010
661,53235
662,31430
663,56560
664,103390
665,86450
666,71715
667,56875
668,61670
669,91455
670,79870
671,92120
672,68915
673,89740
674,67060
675,68215
676,48825
677,42700
678,88095
679,83895
680,75810
681,41510
682,59990
683,85785
684,68880
685,72660
686,99295
687,68915
688,83090
689,42105
690,83545
691,69965
692,55370
693,63315
694,55055
695,60690
696,48020
697,92610
698,39725
699,53865
700,97440
701,74550
702,72135
703,47040
704,77630
705,54880
706,58835
707,57820
708,48580
709,57610
710,70910
711,87115
712,62090
713,92960
714,85085
715,33320
716,89110
717,74760
718,60620
719,52885
720,72730
721,50820
722,74830
723,58870
724,82460
725,65065
726,65555
727,111265
728,60760
729,67025
730,57015
731,102655
732,119245
733,64400
734,70140
735,81480
736,42525
737,73080
738,63175
739,62930
740,52745
741,98945
742,86940
743,78925
744,31710
745,58905
746,67970
747,44765
748,62370
749,43015
750,41825
751,70490
752,83510
753,58835
754,72450
755,75180
756,66570
757,87255
758,43120
759,77070
760,62685
761,64715
762,66675
763,51415
764,72415
765,25165
766,55965
767,98595
768,76055
769,79695
770,69545
771,86485
772,45325
773,90895
774,40005
775,71855
776,62685
777,77910
778,37730
779,20055
780,88620
781,96320
782,94150
783,60375
784,89740
785,70560
786,85295
787,77175
788,16310
789,87430
790,75005
791,53830
792,88025
793,66675
794,92050
795,55265
796,62545
797,107205
798,58800
799,79555
800,72660
801,56630
802,99750
803,52955
804,50470
805,42525
806,85540
807,53130
808,58170
809,45045
810,75355
811,58905
812,50890
813,50575
814,65730
815,55020
816,39060
817,81585
818,70000
819,50610
820,53165
821,64680
822,46655
823,72660
824,82320
825,74620
826,56805
827,93555
828,69930
829,77490
830,69755
831,77070
832,24745
833,44310
834,48825
835,62265
836,63700
837,82880
838,93555
839,39305
840,66675
841,69965
842,34300
843,11305
844,68285
845,68145
846,77385
847,58205
848,73325
849,99435
850,54915
851,20440
852,54670
853,66150
854,65765
855,83160
856,61390
857,89355
858,22050
859,75285
860,89705
861,67445
862,75285
863,70630
864,64435
865,78610
866,59710
867,60655
868,91315
869,81970
870,81585
871,67340
872,29785
873,33985
874,78400
875,78715
876,73675
877,61950
878,75110
879,51100
880,63630
881,69405
882,49035
883,67410
884,67970
885,90405
886,81480
887,90930
888,83685
889,86310
890,49000
891,58730
892,21070
893,50785
894,76545
895,91945
896,64190
897,59850
898,76755
899,91910
900,93730
901,69405
902,80605
903,48055
904,65660
905,99015
906,90125
907,68460
908,33810
909,102410
910,79380
911,50330
912,52430
913,87500
914,57155
915,75215
916,77000
917,41370
918,65170
919,81025
920,40320
921,62685
922,54635
923,52395
924,65870
925,90125
926,82110
927,31990
928,69020
929,98245
930,71890
931,62755
932,75740
933,61180
934,96775
935,76440
936,56385
937,65450
938,73570
939,74445
940,62265
941,72835
942,89285
943,73675
944,72345
945,88375
946,67550
947,57855
948,69825
949,82390
950,73570
951,53795
952,70910
953,63280
954,57190
955,54145
956,69405
957,42980
958,74515
959,78715
960,83090
961,88340
962,85680
963,58310
964,79730
965,25550
966,85785
967,88095
968,57400
969,83755
970,40180
971,97930
972,71645
973,32445
974,108990
975,81865
976,52605
977,70945
978,42910
979,47040
980,42875
981,64225
982,33355
983,99330
984,7280
985,74165
986,67375
987,89600
988,71855
989,48895
990,60585
991,86415
992,64260
993,21910
994,48195
995,52010
996,17920
997,51485
998,103775
999,65240
1000,78435
1001,69300
1002,67585
1003,20650
1004,61845
1005,61950
1006,60585
1007,88445
1008,88445
1009,65800
1010,30660
1011,77420
1012,47075
1013,132405
1014,80465
1015,79030
1016,78365
1017,25585
1018,46515
1019,50575
1020,62825
1021,74935
1022,68950
1023,73710
1024,43540
1025,63560
1026,37240
1027,91980
1028,92995
1029,67690
1030,39270
1031,58345
1032,90790
1033,55580
1034,48965
1035,77490
1036,64330
1037,97510
1038,95305
1039,65555
1040,61110
1041,90755
1042,50750
1043,95550
1044,89005
1045,52920
1046,82670
1047,75670
1048,62860
1049,93450
1050,70070
1051,71540
1052,95060
1053,31220
1054,79485
1055,88795
1056,33355
1057,98070
1058,56105
1059,20405
1060,40285
1061,57750
1062,64120
1063,37870
1064,101395
1065,26880
1066,107660
1067,81760
1068,93870
1069,79415
1070,54495
1071,84630
1072,82390
1073,77595
1074,67620
1075,55860
1076,42175
1077,72905
1078,75040
1079,64190
1080,83230
1081,80010
1082,72240
1083,81235
1084,63980
1085,44835
1086,82040
1087,38220
1088,37695
1089,58240
1090,112805
1091,49420
1092,32340
1093,65835
1094,74515
1095,48405
1096,59850
1097,42315
1098,78435
1099,91945
1100,75495
1101,63490
1102,80990
1103,77175
1104,88795
1105,57050
1106,74865
1107,96495
1108,68460
1109,51065
1110,80185
1111,38290
1112,55615
1113,60305
1114,78120
1115,47390
1116,100590
1117,72590
1118,90510
1119,8015
1120,79275
1121,90790
1122,64680
1123,58485
1124,39690
1125,75355
1126,66045
1127,56420
1128,64050
1129,74515
1130,78295
1131,79555
1132,85225
1133,52955
1134,101220
1135,30590
1136,69615
1137,67025
1138,61530
1139,48720
1140,69545
1141,71435
1142,44485
1143,56420
1144,46970
1145,85295
1146,59325
1147,88690
1148,61495
1149,57505
1150,66780
1151,87150
1152,25375
1153,44485
1154,67375
1155,61495
1156,88200
1157,58065
1158,92680
1159,89460
1160,61285
1161,72940
1162,45325
1163,76230
1164,80115
1165,77980
1166,44975
1167,43225
1168,71645
1169,71575
1170,66885
1171,49770
1172,44135
1173,63140
1174,53130
1175,63630
1176,68320
1177,75950
1178,46585
1179,80010
1180,43225
1181,52745
1182,62055
1183,58765
1184,95200
1185,74270
1186,58380
1187,78085
1188,68005
1189,98105
1190,43085
1191,70000
1192,67480
1193,56455
1194,90825
1195,68285
1196,61320
1197,44940
1198,49700
1199,65415
1200,69195
1201,28245
1202,67480
1203,68880
1204,56070
1205,88340
1206,68285
1207,85785
1208,45255
1209,64470
1210,96705
1211,56735
1212,74760
1213,78785
1214,61635
1215,67585
1216,47180
1217,92155
1218,71470
1219,80500
1220,82495
1221,55930
1222,72065
1223,54600
1224,44660
1225,58765
1226,50960
1227,46200
1228,62790
1229,108080
1230,71750
1231,52430
1232,58275
1233,107730
1234,69860
1235,79065
1236,45955
1237,67270
1238,51765
1239,77455
1240,74690
1241,69230
1242,69650
1243,65065
1244,84490
1245,44170
1246,96915
1247,47985
1248,80570
1249,69720
1250,79170
1251,43645
1252,62300
1253,46375
1254,81655
1255,46970
1256,58940
1257,69405
1258,70525
1259,69790
1260,82565
1261,84490
1262,64995
1263,17710
1264,50610
1265,42105
1266,55230
1267,59710
1268,81445
1269,56315
1270,67025
1271,87360
1272,55720
1273,72310
1274,52745
1275,51170
1276,37310
1277,89425
1278,63175
1279,44555
1280,67900
1281,-10325
1282,67270
1283,88585
1284,87080
1285,42035
1286,65625
1287,80325
1288,84420
1289,69300
1290,62160
1291,72170
1292,46095
1293,47880
1294,61950
1295,71750
1296,75810
1297,97195
1298,64190
1299,65555
1300,80150
1301,65135
1302,67480
1303,46725
1304,75740
1305,74690
1306,115570
1307,91245
1308,51065
1309,59220
1310,68740
1311,86590
1312,83020
1313,52920
1314,48335
1315,63210
1316,62230
1317,63490
1318,90090
1319,70105
1320,96530
1321,23590
1322,57435
1323,78890
1324,72835
1325,105000
1326,110250
1327,90720
1328,75075
1329,81865
1330,74515
1331,73010
1332,88620
1333,57680
1334,50505
1335,88095
1336,57295
1337,57890
1338,53550
1339,54425
1340,62265
1341,62055
1342,60235
1343,37205
1344,40040
1345,64050
1346,88585
1347,75600
1348,59955
1349,57225
1350,58800
1351,71820
1352,81410
1353,92890
1354,64540
1355,67900
1356,56315
1357,58555
1358,82320
1359,80850
1360,42630
1361,63840
1362,74725
1363,71085
1364,66605
1365,76370
1366,61670
1367,82180
1368,73815
1369,64190
1370,85750
1371,58660
1372,49315
1373,39375
1374,70175
1375,49105
1376,49350
1377,66850
1378,78400
1379,72065
1380,94045
1381,63945
1382,62790
1383,77035
1384,95760
1385,49140
1386,76860
1387,37555
1388,79205
1389,75565
1390,66885
1391,47705
1392,63175
1393,79660
1394,64260
1395,19040
1396,82670
1397,91630
1398,54775
1399,61215
1400,92645
1401,42210
1402,70105
1403,72450
1404,91140
1405,50470
1406,63315
1407,63385
1408,40915
1409,93100
1410,54250
1411,76790
1412,89425
1413,57295
1414,59570
1415,35910
1416,77980
1417,19250
1418,66430
1419,82460
1420,83895
1421,85085
1422,67550
1423,49385
1424,78855
1425,73535
1426,68565
1427,68635
1428,79765
1429,86415
1430,74445
1431,62195
1432,59885
1433,76545
1434,85505
1435,31115
1436,66500
1437,69405
1438,101955
1439,75705
1440,83405
1441,54005
1442,95445
1443,87710
1444,91245
1445,83790
1446,70035
1447,71750
1448,95970
1449,56665
1450,55370
1451,61005
1452,68145
1453,80325
1454,75740
1455,81095
1456,65415
1457,29365
1458,65030
1459,82775
1460,52500
1461,82005
1462,73990
1463,84840
1464,50260
1465,61915
1466,59780
1467,85575
1468,97440
1469,90090
1470,56665
1471,86345
1472,52115
1473,75040
1474,58030
1475,67550
1476,63770
1477,45815
1478,49140
1479,81690
1480,74970
1481,75320
1482,71960
1483,66780
1484,72940
1485,96565
1486,68880
1487,76055
1488,13755
1489,104370
1490,58555
1491,80185
1492,64085
1493,66850
1494,60725
1495,72205
1496,64085
1497,60935
1498,44240
1499,43715
1500,18305
1501,32585
1502,74760
1503,62055
1504,43015
1505,79800
1506,54425
1507,65590
1508,78470
1509,56595
1510,66570
1511,38535
1512,73710
1513,89355
1514,47145
1515,66570
1516,49805
1517,80710
1518,43855
1519,66045
1520,43505
1521,55020
1522,94815
1523,84595
1524,93625
1525,78925
1526,68075
1527,43575
1528,83020
1529,60235
1530,95515
1531,40460
1532,55265
1533,85400
1534,57050
1535,84455
1536,77770
1537,77945
1538,59115
1539,26635
1540,73990
1541,51870
1542,66605
1543,111370
1544,58345
1545,64785
1546,102095
1547,62930
1548,57260
1549,95865
1550,70665
1551,60760
1552,55335
1553,75040
1554,57470
1555,73220
1556,91455
1557,55125
1558,73745
1559,91910
1560,62685
1561,55160
1562,91245
1563,63035
1564,48475
1565,85155
1566,53725
1567,57715
1568,51485
1569,58380
1570,111230
1571,107065
1572,43120
1573,94535
1574,55125
1575,86205
1576,97650
1577,63735
1578,90335
1579,103180
1580,90790
1581,64400
1582,91630
1583,92995
1584,67900
1585,67445
1586,72240
1587,72835
1588,55055
1589,45080
1590,70035
1591,84455
1592,64610
1593,83860
1594,62965
1595,97510
1596,80815
1597,42315
1598,75775
1599,91420
1600,56595
1601,63420
1602,57960
1603,63490
1604,11270
1605,88305
1606,33670
1607,60620
1608,61180
1609,80745
1610,59360
1611,52640
1612,43890
1613,63420
1614,65065
1615,53795
1616,75215
1617,87500
1618,85715
1619,61670
1620,63700
1621,106190
1622,77665
1623,84105
1624,76790
1625,80500
1626,55965
1627,69545
1628,89950
1629,65135
1630,70945
1631,31185
1632,101465
1633,65800
1634,76790
1635,64260
1636,66675
1637,50575
1638,59220
1639,41160
1640,65485
1641,77280
1642,70560
1643,74620
1644,88480
1645,52150
1646,78330
1647,86940
1648,88270
1649,38325
1650,68250
1651,75250
1652,109340
1653,77455
1654,64960
1655,82985
1656,79100
1657,80745
1658,63980
1659,62860
1660,52220
1661,80150
1662,45115
1663,62755
1664,66360
1665,101045
1666,60165
1667,65415
1668,67060
1669,85890
1670,77175
1671,54460
1672,74235
1673,96320
1674,15820
1675,64540
1676,51310
1677,78015
1678,64750
1679,64785
1680,50855
1681,87815
1682,40285
1683,73955
1684,88515
1685,59080
1686,53235
1687,69405
1688,57120
1689,58205
1690,66955
1691,76160
1692,65065
1693,91315
1694,44940
1695,30100
1696,35385
1697,57715
1698,67515
1699,46130
1700,94710
1701,54530
1702,73745
1703,68075
1704,95970
1705,88935
1706,31710
1707,56175
1708,92785
1709,62790
1710,76545
1711,60410
1712,53515
1713,61495
1714,83265
1715,85645
1716,54145
1717,75565
1718,54740
1719,60025
1720,70665
1721,82845
1722,89215
1723,62160
1724,75775
1725,64645
1726,78085
1727,55125
1728,76720
1729,45500
1730,81515
1731,64575
1732,87465
1733,38150
1734,35280
1735,72485
1736,53515
1737,20265
1738,77455
1739,61075
1740,63595
1741,63035
1742,80640
1743,77735
1744,76090
1745,79135
1746,92995
1747,78610
1748,68565
1749,61845
1750,51590
1751,88515
1752,101990
1753,72695
1754,59010
1755,84315
1756,66535
1757,58730
1758,84875
1759,53900
1760,91140
1761,61810
1762,66885
1763,91980
1764,50715
1765,74060
1766,53865
1767,86065
1768,56840
1769,72800
1770,73290
1771,49910
1772,73150
1773,89950
1774,81480
1775,76090
1776,87290
1777,62860
1778,80325
1779,53340
1780,59080
1781,45010
1782,68985
1783,37590
1784,109690
1785,82810
1786,61005
1787,87045
1788,33600
1789,61320
1790,78190
1791,59675
1792,56105
1793,77420
1794,52430
1795,76160
1796,85505
1797,69125
1798,77560
1799,39865
1800,71120
1801,71050
1802,71015
1803,85365
1804,50750
1805,72520
1806,60795
1807,67200
1808,72275
1809,84630
1810,42910
1811,82915
1812,46375
1813,45745
1814,48440
1815,85365
1816,52605
1817,70700
1818,78540
1819,76475
1820,61075
1821,56630
1822,57225
1823,78855
1824,53690
1825,96530
1826,87395
1827,81480
1828,96775
1829,97195
1830,92365
1831,78225
1832,49805
1833,64365
1834,43785
1835,46620
1836,58135
1837,48930
1838,71960
1839,72310
1840,60620
1841,90230
1842,42980
1843,65205
1844,60515
1845,76055
1846,49070
1847,43470
1848,39200
1849,85890
1850,92960
1851,61635
1852,90545
1853,93415
1854,64190
1855,7665
1856,92050
1857,72135
1858,76160
1859,79100
1860,72660
1861,50855
1862,40110
1863,66465
1864,93345
1865,53025
1866,109795
1867,74900
1868,64295
1869,69965
1870,77315
1871,43610
1872,78155
1873,88935
1874,90265
1875,56770
1876,43540
1877,93240
1878,95900
1879,84245
1880,82390
1881,74830
1882,51485
1883,69860
1884,68950
1885,82810
1886,72415
1887,64295
1888,76265
1889,71925
1890,49175
1891,73675
1892,65275
1893,57540
1894,86310
1895,68355
1896,77035
1897,94920
1898,37170
1899,95340
1900,92575
1901,49945
1902,80815
1903,53830
1904,37205
1905,84630
1906,91175
1907,29995
1908,74865
1909,50715
1910,72555
1911,65555
1912,57085
1913,29925
1914,35350
1915,66535
1916,44065
1917,35035
1918,83090
1919,69370
1920,76685
1921,83895
1922,99960
1923,51310
1924,96880
1925,78505
1926,58765
1927,79450
1928,27475
1929,54635
1930,82740
1931,59430
1932,50540
1933,62720
1934,85645
1935,51520
1936,74200
1937,59325
1938,75915
1939,108255
1940,63945
1941,36015
1942,59010
1943,80255
1944,48650
1945,56770
1946,39130
1947,17605
1948,31115
1949,63525
1950,34440
1951,93310
1952,73675
1953,73395
1954,43715
1955,77840
1956,80640
1957,47285
1958,52535
1959,44940
1960,60935
1961,57400
1962,68320
1963,57155
1964,51940
1965,67760
1966,69055
1967,64155
1968,59430
1969,84245
1970,59080
1971,63035
1972,82810
1973,65695
1974,52990
1975,48230
1976,52115
1977,98175
1978,82495
1979,51135
1980,52010
1981,84665
1982,69125
1983,28210
1984,96320
1985,89180
1986,67095
1987,58555
1988,70840
1989,84000
1990,58695
1991,77945
1992,88025
1993,65835
1994,65240
1995,72695
1996,67830
1997,73535
1998,43855
1999,58520
2000,45745
2001,66640
2002,34160
2003,46095
2004,50575
2005,44625
2006,45045
2007,73360
2008,62895
2009,91490
2010,70140
2011,69090
2012,74480
2013,100695
2014,70525
2015,65345
2016,92960
2017,60130
2018,64330
2019,76860
2020,12950
2021,45360
2022,89250
2023,89810
2024,30380
2025,84420
2026,67550
2027,37310
2028,103845
2029,42630
2030,36225
2031,84385
2032,62300
2033,94990
2034,64820
2035,90020
2036,95095
2037,54670
2038,67235
2039,85505
2040,44975
2041,62860
2042,62720
2043,86765
2044,86800
2045,66010
2046,40075
2047,81585
2048,64085
2049,67095
2050,64855
2051,69825
2052,32165
2053,63210
2054,88060
2055,53550
2056,98245
2057,57400
2058,45885
2059,87010
2060,67130
2061,53410
2062,29050
2063,77945
2064,62125
2065,85190
2066,32760
2067,91280
2068,68810
2069,59990
2070,44940
2071,87745
2072,37555
2073,31255
2074,85855
2075,63560
2076,19460
2077,58870
2078,28490
2079,91385
2080,62615
2081,80290
2082,50400
2083,87220
2084,71610
2085,90475
2086,67445
2087,93835
2088,98035
2089,69545
2090,75740
2091,68075
2092,85435
2093,70140
2094,78435
2095,59465
2096,61145
2097,81410
2098,59255
2099,61215
2100,48160
2101,68005
2102,76055
2103,72800
2104,77840
2105,61040
2106,26320
2107,63595
2108,79730
2109,66990
2110,81340
2111,69720
2112,78820
2113,37835
2114,52745
2115,61110
2116,43890
2117,86345
2118,58100
2119,62510
2120,71610
2121,65800
2122,81655
2123,54075
2124,65275
2125,63665
2126,21070
2127,74830
2128,55720
2129,73010
2130,78680
2131,60900
2132,72905
2133,62335
2134,65870
2135,64015
2136,40355
2137,57575
2138,75110
2139,56840
2140,82530
2141,41755
2142,59150
2143,68775
2144,39130
2145,77840
2146,42140
2147,27615
2148,103950
2149,3360
2150,84910
2151,72590
2152,55545
2153,76335
2154,83195
2155,40600
2156,96180
2157,97895
2158,68075
2159,71260
2160,81480
2161,71820
2162,99400
2163,103950
2164,32165
2165,77910
2166,39690
2167,78120
2168,68040
2169,99855
2170,72975
2171,70315
2172,51695
2173,64505
2174,65380
2175,63490
2176,81130
2177,48370
2178,78120
2179,69020
2180,29785
2181,83440
2182,69965
2183,87325
2184,49525
2185,71050
2186,96390
2187,52045
2188,69510
2189,45920
2190,102305
2191,50050
2192,58030
2193,75845
2194,83265
2195,92015
2196,55685
2197,97720
2198,34825
2199,23450
2200,70630
2201,80955
2202,72555
2203,26180
2204,76370
2205,84945
2206,71225
2207,63245
2208,82635
2209,42455
2210,67760
2211,68040
2212,38710
2213,108640
2214,32410
2215,54705
2216,100205
2217,69020
2218,67760
2219,49420
2220,97720
2221,61985
2222,111755
2223,38115
2224,82880
2225,57190
2226,61005
2227,71120
2228,69720
2229,49700
2230,30975
2231,54110
2232,75425
2233,58065
2234,60305
2235,82740
2236,80885
2237,98735
2238,73220
2239,90685
2240,56455
2241,84175
2242,28945
2243,96950
2244,61075
2245,106575
2246,64330
2247,39970
2248,89670
2249,93310
2250,75565
2251,60515
2252,41720
2253,77980
2254,97020
2255,41160
2256,58590
2257,83825
2258,81760
2259,75775
2260,80150
2261,52850
2262,54040
2263,64645
2264,78260
2265,87395
2266,63700
2267,57015
2268,70560
2269,90895
2270,36540
2271,38290
2272,92365
2273,68075
2274,89320
2275,67830
2276,59360
2277,48055
2278,87815
2279,64820
2280,45535
2281,77140
2282,60970
2283,71435
2284,78365
2285,70525
2286,43155
2287,48720
2288,80570
2289,50365
2290,98770
2291,103495
2292,61705
2293,85995
2294,63245
2295,51625
2296,46410
2297,85540
2298,72100
2299,72695
2300,42490
2301,72415
2302,75250
2303,59325
2304,89075
2305,76755
2306,56140
2307,61915
2308,80395
2309,75635
2310,88620
2311,81760
2312,58065
2313,73150
2314,84315
2315,56665
2316,72240
2317,71470
2318,45325
2319,63105
2320,73640
2321,25900
2322,77560
2323,78120
2324,77560
2325,61565
2326,31395
2327,46620
2328,79205
2329,64925
2330,93065
2331,65765
2332,64330
2333,51905
2334,88480
2335,89880
2336,70595
2337,89320
2338,89495
2339,71575
2340,61355
2341,66150
2342,88865
2343,11340
2344,87605
2345,70070
2346,77700
2347,70175
2348,60410
2349,65100
2350,53130
2351,64365
2352,53375
2353,62965
2354,73290
2355,78785
2356,64610
2357,48965
2358,86135
2359,36890
2360,82950
2361,57855
2362,86730
2363,97545
2364,68810
2365,42770
2366,67515
2367,82740
2368,34090
2369,81620
2370,91700
2371,89425
2372,82880
2373,58485
2374,77420
2375,36190
2376,77665
2377,64750
2378,44310
2379,68950
2380,56805
2381,68040
2382,87185
2383,47390
2384,76895
2385,81200
2386,63175
2387,72660
2388,37100
2389,55580
2390,46375
2391,39515
2392,60480
2393,83545
2394,63630
2395,99680
2396,56175
2397,73290
2398,101395
2399,55860
2400,72100
2401,80010
2402,86240
2403,34930
2404,81165
2405,55265
2406,56980
2407,93135
2408,23625
2409,61565
2410,66150
2411,98980
2412,71260
2413,83615
2414,37940
2415,21070
2416,53060
2417,73500
2418,107345
2419,73360
2420,80360
2421,24745
2422,80080
2423,82880
2424,61250
2425,62335
2426,62615
2427,53515
2428,33215
2429,79905
2430,60340
2431,69895
2432,77560
2433,85085
2434,25620
2435,60795
2436,69230
2437,74095
2438,54635
2439,76125
2440,45640
2441,25235
2442,73465
2443,74655
2444,98875
2445,71050
2446,68320
2447,52850
2448,89845
2449,63805
2450,64260
2451,74725
2452,54005
2453,61530
2454,60235
2455,66920
2456,93695
2457,68215
2458,63315
2459,112560
2460,58275
2461,65940
2462,59430
2463,76055
2464,75950
2465,77455
2466,73535
2467,73500
2468,41930
2469,55895
2470,48930
2471,73010
2472,94185
2473,75880
2474,51135
2475,86905
2476,81795
2477,68985
2478,57260
2479,61985
2480,82425
2481,79625
2482,81900
2483,61425
2484,71260
2485,90160
2486,50645
2487,80010
2488,81410
2489,55020
2490,44800
2491,81375
2492,70420
2493,91805
2494,59745
2495,54530
2496,47775
2497,71645
2498,80535
2499,80010
2500,85085
2501,54355
2502,80010
2503,105315
2504,37905
2505,35525
2506,80045
2507,64610
2508,54145
2509,72310
2510,73955
2511,94920
2512,94500
2513,52780
2514,59850
2515,92715
2516,32375
2517,68495
2518,66920
2519,51835
2520,75950
2521,65555
2522,89880
2523,32585
2524,50960
2525,64610
2526,58765
2527,86870
2528,86800
2529,99190
2530,97230
2531,80990
2532,76195
2533,76510
2534,75390
2535,52045
2536,92295
2537,28630
2538,61460
2539,68775
2540,33075
2541,53550
2542,76440
2543,66185
2544,84000
2545,54985
2546,72800
2547,55615
2548,93275
2549,64820
2550,59675
2551,86205
2552,53270
2553,69265
2554,53970
2555,74865
2556,73325
2557,76825
2558,92120
2559,72030
2560,94325
2561,82600
2562,98630
2563,81375
2564,50120
2565,81375
2566,84980
2567,50645
2568,63210
2569,65555
2570,55580
2571,88060
2572,98735
2573,52815
2574,64225
2575,67200
2576,43295
2577,81795
2578,103215
2579,90755
2580,58835
2581,94430
2582,64960
2583,60200
2584,75950
2585,14735
2586,101710
2587,56980
2588,69965
2589,20930
2590,78890
2591,84525
2592,61915
2593,83650
2594,68495
2595,70875
2596,92435
2597,79100
2598,94395
2599,58065
2600,31990
2601,66080
2602,43960
2603,85435
2604,67095
2605,79660
2606,55965
2607,59745
2608,99575
2609,75180
2610,67095
2611,87325
2612,51555
2613,81025
2614,77420
2615,76720
2616,59395
2617,80255
2618,60900
2619,76615
2620,67725
2621,64855
2622,66920
2623,57085
2624,72695
2625,59500
2626,83510
2627,48440
2628,30555
2629,50785
2630,86030
2631,73570
2632,69720
2633,66185
2634,25515
2635,71085
2636,101605
2637,65940
2638,57750
2639,93765
2640,58205
2641,77350
2642,89740
2643,64715
2644,28875
2645,60515
2646,62055
2647,42035
2648,45010
2649,61635
2650,73430
2651,40985
2652,62615
2653,73255
2654,58660
2655,34895
2656,64960
2657,61775
2658,64435
2659,79870
2660,92015
2661,62895
2662,70385
2663,33075
2664,102375
2665,90195
2666,59325
2667,59710
2668,79240
2669,64330
2670,124915
2671,65135
2672,82810
2673,97160
2674,65345
2675,78330
2676,65975
2677,28875
2678,76405
2679,90125
2680,72695
2681,60375
2682,60655
2683,73570
2684,79660
2685,48930
2686,76090
2687,87290
2688,59710
2689,63245
2690,64680
2691,89705
2692,74935
2693,72590
2694,81235
2695,48825
2696,105105
2697,24115
2698,85295
2699,57925
2700,55195
2701,33320
2702,51380
2703,86415
2704,65625
2705,58555
2706,62615
2707,29785
2708,81375
2709,92575
2710,65625
2711,82845
2712,106050
2713,64365
2714,86205
2715,50540
2716,81550
2717,71400
2718,26985
2719,79625
2720,84980
2721,82985
2722,56490
2723,76720
2724,19145
2725,66500
2726,44975
2727,76510
2728,84910
2729,51065
2730,62895
2731,86345
2732,77105
2733,71365
2734,40950
2735,101185
2736,63560
2737,56770
2738,100555
2739,39725
2740,98630
2741,74025
2742,56175
2743,48230
2744,61670
2745,68810
2746,68635
2747,46690
2748,71015
2749,58730
2750,78050
2751,84735
2752,96285
2753,110320
2754,64015
2755,69755
2756,39655
2757,69055
2758,69090
2759,70245
2760,55510
2761,40775
2762,49455
2763,50505
2764,72520
2765,89040
2766,94850
2767,48300
2768,47460
2769,90650
2770,77805
2771,110810
2772,65695
2773,62860
2774,62860
2775,100835
2776,80535
2777,63805
2778,76195
2779,77490
2780,64155
2781,67655
2782,92680
2783,55300
2784,58940
2785,93240
2786,82845
2787,55720
2788,61915
2789,44380
2790,60340
2791,45430
2792,85575
2793,47670
2794,48580
2795,71435
2796,78435
2797,55335
2798,64680
2799,82565
2800,66115
2801,6230
2802,64260
2803,99820
2804,84175
2805,43050
2806,74760
2807,82425
2808,76580
2809,89985
2810,89775
2811,52920
2812,65940
2813,85225
2814,79835
2815,55895
2816,83755
2817,60130
2818,48055
2819,75670
2820,59570
2821,61670
2822,64540
2823,61705
2824,87920
2825,91770
2826,54250
2827,91070
2828,69125
2829,56770
2830,47565
2831,65240
2832,57260
2833,51870
2834,44625
2835,78295
2836,59780
2837,62125
2838,40390
2839,69370
2840,67340
2841,71435
2842,53235
2843,73605
2844,77245
2845,66500
2846,87605
2847,79730
2848,47635
2849,58170
2850,64890
2851,52885
2852,68705
2853,84350
2854,61250
2855,27930
2856,64855
2857,59465
2858,73220
2859,66465
2860,52220
2861,82250
2862,52115
2863,96425
2864,55755
2865,60060
2866,62930
2867,92330
2868,85610
2869,45115
2870,64750
2871,49000
2872,54915
2873,82845
2874,80395
2875,91175
2876,89880
2877,40530
2878,99225
2879,81970
2880,49350
2881,53480
2882,56140
2883,51765
2884,88760
2885,61145
2886,57225
2887,73325
2888,54810
2889,83510
2890,104195
2891,31220
2892,68320
2893,50330
2894,47705
2895,73535
2896,64855
2897,104895
2898,108255
2899,46095
2900,79100
2901,73570
2902,83930
2903,85680
2904,77735
2905,72730
2906,79485
2907,77630
2908,49140
2909,51135
2910,44275
2911,64120
2912,72450
2913,76160
2914,75705
2915,90615
2916,57925
2917,80990
2918,100905
2919,-9450
2920,64610
2921,66115
2922,66885
2923,54635
2924,45115
2925,90930
2926,40845
2927,67200
2928,81095
2929,59290
2930,41615
2931,86030
2932,84665
2933,57190
2934,76230
2935,91665
2936,98875
2937,36085
2938,47425
2939,37590
2940,73990
2941,54355
2942,56210
2943,73710
2944,99015
2945,90650
2946,40390
2947,88410
2948,54740
2949,72380
2950,28840
2951,72520
2952,92750
2953,69265
2954,58835
2955,74550
2956,58100
2957,71155
2958,81760
2959,81095
2960,90405
2961,42035
2962,68740
2963,71575
2964,65275
2965,85260
2966,64155
2967,47985
2968,5110
2969,87920
2970,55825
2971,74305
2972,60025
2973,25410
2974,87955
2975,50855
2976,88200
2977,71890
2978,66395
2979,45780
2980,47495
2981,68880
2982,87745
2983,54145
2984,78330
2985,79030
2986,70945
2987,64960
2988,53165
2989,36470
2990,47740
2991,68495
2992,54705
2993,81725
2994,58765
2995,59080
2996,40670
2997,75985
2998,27965
2999,76510
3000,77000
3001,75775
3002,66605
3003,92190
3004,68390
3005,63140
3006,47950
3007,59395
3008,59220
3009,89880
3010,68110
3011,42210
3012,36400
3013,51765
3014,71680
3015,74830
3016,64715
3017,83475
3018,69335
3019,69860
3020,88095
3021,84980
3022,34615
3023,98560
3024,92715
3025,80500
3026,78225
3027,57470
3028,87255
3029,77805
3030,49805
3031,80710
3032,58065
3033,76020
3034,39305
3035,72310
3036,44835
3037,72135
3038,44730
3039,60655
3040,64365
3041,63980
3042,100310
3043,66395
3044,61740
3045,75775
3046,61355
3047,48265
3048,96005
3049,69790
3050,62720
3051,61285
3052,56875
3053,64015
3054,48335
3055,82565
3056,75180
3057,89530
3058,94675
3059,62090
3060,67025
3061,21945
3062,59080
3063,79240
3064,80745
3065,90125
3066,70315
3067,68355
3068,62370
3069,80815
3070,68390
3071,77385
3072,76335
3073,73815
3074,62895
3075,51135
3076,64400
3077,64995
3078,94710
3079,83335
3080,79905
3081,86030
3082,81620
3083,51275
3084,64680
3085,63700
3086,53515
3087,67410
3088,94325
3089,97580
3090,82565
3091,52885
3092,30695
3093,62860
3094,88200
3095,47320
3096,58205
3097,67760
3098,100170
3099,91140
3100,69825
3101,73010
3102,62440
3103,71365
3104,68460
3105,53795
3106,79030
3107,64785
3108,104825
3109,73185
3110,73290
3111,82355
3112,14210
3113,58835
3114,62230
3115,52395
3116,52675
3117,36575
3118,67760
3119,17605
3120,71400
3121,42945
3122,50995
3123,98910
3124,104895
3125,83475
3126,58030
3127,92575
3128,86940
3129,46550
3130,84735
3131,20930
3132,90650
3133,48265
3134,64260
3135,60340
3136,64575
3137,79835
3138,51695
3139,35945
3140,80500
3141,104930
3142,53340
3143,49525
3144,83020
3145,83755
3146,79975
3147,61565
3148,79765
3149,90720
3150,10780
3151,75320
3152,66045
3153,80465
3154,91175
3155,17815
3156,96110
3157,38115
3158,56280
3159,46830
3160,67410
3161,87710
3162,51660
3163,84000
3164,54880
3165,72275
3166,64505
3167,92435
3168,27195
3169,87745
3170,73850
3171,18445
3172,61740
3173,52010
3174,70980
3175,65170
3176,80465
3177,71575
3178,94535
3179,77665
3180,82495
3181,27265
3182,50540
3183,85505
3184,50680
3185,76370
3186,64925
3187,60235
3188,79555
3189,59115
3190,60515
3191,91035
3192,70455
3193,62580
3194,50260
3195,60725
3196,36260
3197,61810
3198,66220
3199,82670
3200,63455
3201,78470
3202,80255
3203,73430
3204,37835
3205,65800
3206,48335
3207,83545
3208,37275
3209,64960
3210,62090
3211,55265
3212,36715
3213,102795
3214,95585
3215,90825
3216,65905
3217,24605
3218,52535
3219,36995
3220,76650
3221,70700
3222,80675
3223,99505
3224,71085
3225,49630
3226,112210
3227,82845
3228,83335
3229,46620
3230,26950
3231,74830
3232,64785
3233,47075
3234,64890
3235,53130
3236,83965
3237,58555
3238,84840
3239,84035
3240,83335
3241,65730
3242,61495
3243,56070
3244,42455
3245,75705
3246,54495
3247,94780
3248,65590
3249,82145
3250,70595
3251,86800
3252,49175
3253,49700
3254,72765
3255,71015
3256,57750
3257,78960
3258,60725
3259,54215
3260,21105
3261,60095
3262,53655
3263,66325
3264,72380
3265,95480
3266,81340
3267,88585
3268,71505
3269,82285
3270,76860
3271,49735
3272,74690
3273,68180
3274,67445
3275,78470
3276,37870
3277,78155
3278,37030
3279,30870
3280,77490
3281,77875
3282,62720
3283,42455
3284,45710
3285,67550
3286,62860
3287,95900
3288,50505
3289,53795
3290,67130
3291,26530
3292,63525
3293,93625
3294,47600
3295,53865
3296,48020
3297,65940
3298,65835
3299,60130
3300,74935
3301,96880
3302,32130
3303,99085
3304,67620
3305,58205
3306,82145
3307,36155
3308,80045
3309,24080
3310,61460
3311,73570
3312,83580
3313,63805
3314,82320
3315,38885
3316,82005
3317,73185
3318,31150
3319,81095
3320,84385
3321,43400
3322,51065
3323,74655
3324,64050
3325,94920
3326,64610
3327,46480
3328,81690
3329,90755
3330,25725
3331,111650
3332,66290
3333,44415
3334,62650
3335,45325
3336,72975
3337,48230
3338,60235
3339,79940
3340,56770
3341,64015
3342,55860
3343,61355
3344,29610
3345,94255
3346,26460
3347,55160
3348,66395
3349,1295
3350,62020
3351,69125
3352,64855
3353,50225
3354,74795
3355,50435
3356,73640
3357,63910
3358,73220
3359,62230
3360,88200
3361,71295
3362,109200
3363,28350
3364,69825
3365,55440
3366,89425
3367,68530
3368,81200
3369,73920
3370,97755
3371,64330
3372,30205
3373,51730
3374,67935
3375,87290
3376,36995
3377,59500
3378,86380
3379,78575
3380,69755
3381,62615
3382,72275
3383,-12635
3384,61005
3385,35840
3386,63630
3387,58835
3388,76790
3389,55440
3390,66605
3391,44835
3392,75705
3393,80430
3394,60585
3395,76020
3396,67305
3397,77805
3398,81690
3399,82740
3400,76335
3401,81760
3402,76265
3403,35910
3404,70490
3405,45710
3406,57995
3407,36050
3408,51415
3409,72100
3410,22190
3411,65415
3412,58485
3413,80815
3414,48790
3415,89215
3416,88550
3417,85645
3418,68320
3419,45465
3420,62230
3421,77000
3422,70035
3423,53305
3424,65100
3425,20755
3426,60025
3427,75705
3428,49700
3429,26110
3430,86170
3431,71820
3432,88620
3433,81585
3434,67410
3435,69825
3436,70840
3437,49070
3438,76230
3439,62685
3440,93415
3441,82075
3442,91875
3443,59395
3444,47390
3445,38150
3446,72065
3447,70875
3448,58030
3449,33705
3450,56840
3451,36470
3452,73255
3453,89600
3454,73640
3455,93660
3456,64890
3457,68810
3458,31570
3459,75005
3460,76860
3461,56000
3462,55545
3463,72205
3464,70875
3465,61460
3466,20405
3467,70035
3468,96355
3469,73675
3470,44380
3471,61740
3472,62265
3473,60025
3474,58765
3475,91280
3476,78820
3477,58765
3478,82600
3479,86800
3480,67200
3481,81060
3482,69230
3483,68180
3484,93415
3485,40775
3486,102550
3487,71015
3488,95585
3489,33600
3490,38920
3491,71295
3492,77910
3493,70980
3494,38745
3495,60550
3496,83195
3497,69510
3498,100800
3499,44835
3500,52430
3501,94010
3502,84735
3503,106015
3504,69965
3505,63700
3506,69930
3507,68530
3508,73185
3509,62020
3510,84315
3511,46725
3512,68250
3513,47215
3514,67690
3515,64505
3516,68145
3517,50260
3518,78365
3519,32620
3520,110355
3521,23555
3522,40040
3523,65660
3524,75180
3525,82075
3526,80780
3527,83895
3528,49980
3529,68985
3530,72065
3531,58345
3532,68075
3533,39760
3534,97055
3535,66150
3536,76580
3537,67550
3538,71715
3539,73045
3540,62755
3541,57050
3542,48685
3543,102725
3544,56945
3545,92330
3546,57820
3547,48755
3548,68320
3549,81130
3550,37240
3551,57050
3552,79135
3553,53830
3554,82390
3555,58870
3556,63210
3557,87605
3558,86240
3559,57890
3560,75180
3561,79940
3562,49945
3563,78995
3564,67270
3565,73920
3566,83370
3567,96460
3568,74025
3569,91595
3570,30940
3571,73115
3572,68530
3573,65170
3574,54950
3575,74795
3576,65030
3577,30310
3578,59500
3579,55335
3580,78785
3581,72240
3582,77070
3583,64715
3584,77875
3585,85155
3586,57120
3587,109725
3588,54215
3589,42490
3590,46795
3591,84385
3592,49945
3593,104405
3594,92400
3595,92155
3596,51345
3597,64890
3598,81935
3599,67445
3600,80010
3601,76195
3602,59185
3603,55020
3604,76405
3605,43295
3606,27825
3607,72555
3608,64680
3609,46655
3610,37065
3611,97125
3612,79275
3613,72100
3614,38850
3615,24710
3616,64610
3617,79205
3618,81200
3619,76755
3620,59150
3621,46340
3622,68775
3623,54145
3624,84735
3625,87990
3626,88655
3627,73710
3628,33950
3629,47950
3630,73220
3631,58030
3632,66605
3633,74305
3634,103075
3635,78995
3636,56210
3637,63735
3638,32165
3639,66010
3640,54110
3641,57995
3642,62230
3643,50505
3644,55020
3645,66920
3646,46760
3647,98350
3648,54985
3649,55300
3650,37170
3651,79975
3652,68880
3653,20895
3654,55475
3655,70525
3656,84595
3657,61880
3658,81445
3659,84805
3660,48055
3661,-14805
3662,63560
3663,75670
3664,92610
3665,94395
3666,49175
3667,59220
3668,56875
3669,50715
3670,67270
3671,77525
3672,88375
3673,91770
3674,61600
3675,61635
3676,67795
3677,73990
3678,62860
3679,56210
3680,72100
3681,53165
3682,58520
3683,73955
3684,77945
3685,56210
3686,91665
3687,106365
3688,64155
3689,79135
3690,96390
3691,70315
3692,46480
3693,86345
3694,76510
3695,65870
3696,95900
3697,82635
3698,69580
3699,106470
3700,112665
3701,63315
3702,30275
3703,69230
3704,76230
3705,49560
3706,29680
3707,77420
3708,84735
3709,62055
3710,59955
3711,89005
3712,72555
3713,44450
3714,102235
3715,24115
3716,62685
3717,43470
3718,60865
3719,78505
3720,86485
3721,41790
3722,81725
3723,57610
3724,43855
3725,69160
3726,58170
3727,64470
3728,80465
3729,85960
3730,42420
3731,61390
3732,58485
3733,65135
3734,88130
3735,74690
3736,48580
3737,70000
3738,75495
3739,69685
3740,69370
3741,49770
3742,65240
3743,51940
3744,69300
3745,84280
3746,66325
3747,74165
3748,48790
3749,49735
3750,79590
3751,47460
3752,61145
3753,60900
3754,76195
3755,72345
3756,51345
3757,86065
3758,52115
3759,1575
3760,26530
3761,57540
3762,57715
3763,88585
3764,69965
3765,66325
3766,63070
3767,68670
3768,67550
3769,93345
3770,69755
3771,80675
3772,35665
3773,72625
3774,47810
3775,56840
3776,85260
3777,55720
3778,87465
3779,68320
3780,24185
3781,81830
3782,82635
3783,60340
3784,80290
3785,77385
3786,99890
3787,18725
3788,80955
3789,72275
3790,51170
3791,97650
3792,83685
3793,27545
3794,88165
3795,54600
3796,38815
3797,94815
3798,62475
3799,47915
3800,109025
3801,82880
3802,43050
3803,59990
3804,52710
3805,51800
3806,68250
3807,31430
3808,74900
3809,83965
3810,83965
3811,73255
3812,76720
3813,71575
3814,67060
3815,63770
3816,80430
3817,59535
3818,54390
3819,82005
3820,55720
3821,60550
3822,78540
3823,48230
3824,70000
3825,83440
3826,64050
3827,70035
3828,67795
3829,65415
3830,56630
3831,77840
3832,37415
3833,54425
3834,55860
3835,57120
3836,104895
3837,55720
3838,90545
3839,59710
3840,35560
3841,70630
3842,67655
3843,84350
3844,100275
3845,84035
3846,115290
3847,75845
3848,46620
3849,64330
3850,60375
3851,41720
3852,80920
3853,42945
3854,89075
3855,79310
3856,7840
3857,75915
3858,70105
3859,79940
3860,91805
3861,75635
3862,57995
3863,73500
3864,81655
3865,33810
3866,48090
3867,72520
3868,74445
3869,43155
3870,46340
3871,58170
3872,68390
3873,92260
3874,81060
3875,106435
3876,52010
3877,77490
3878,109410
3879,61670
3880,62650
3881,96180
3882,83860
3883,63175
3884,72275
3885,57855
3886,84980
3887,64785
3888,37450
3889,83405
3890,59990
3891,108815
3892,81795
3893,40005
3894,43645
3895,83125
3896,93730
3897,39305
3898,89040
3899,80010
3900,73500
3901,69090
3902,72625
3903,51450
3904,66360
3905,76755
3906,45395
3907,55580
3908,57645
3909,51170
3910,73605
3911,80045
3912,61600
3913,47810
3914,69230
3915,54810
3916,33600
3917,66675
3918,70315
3919,107590
3920,108185
3921,56910
3922,65975
3923,40215
3924,76090
3925,71715
3926,37625
3927,78505
3928,62790
3929,61810
3930,3395
3931,41720
3932,45955
3933,44345
3934,41230
3935,66605
3936,66570
3937,61425
3938,69265
3939,51695
3940,73430
3941,47460
3942,52605
3943,62790
3944,58450
3945,75810
3946,77210
3947,28245
3948,32760
3949,65660
3950,71330
3951,28140
3952,77525
3953,39270
3954,47005
3955,58660
3956,34965
3957,30100
3958,59850
3959,46200
3960,86170
3961,75145
3962,58520
3963,40635
3964,48860
3965,85995
3966,66920
3967,66010
3968,100485
3969,91665
3970,81445
3971,52500
3972,54250
3973,100030
3974,27510
3975,48930
3976,62510
3977,68705
3978,77105
3979,78015
3980,67935
3981,65205
3982,107135
3983,79940
3984,44940
3985,92575
3986,70595
3987,82635
3988,31500
3989,60795
3990,95480
3991,88340
3992,72485
3993,49245
3994,34055
3995,66360
3996,48195
3997,58310
3998,40530
3999,66710
4000,54425
4001,40810
4002,86555
4003,95865
4004,70175
4005,81935
4006,87850
4007,78680
4008,82635
4009,72975
4010,69405
4011,77980
4012,94255
4013,77070
4014,113050
4015,87465
4016,104475
4017,95655
4018,35245
4019,43680
4020,16660
4021,66045
4022,36190
4023,65730
4024,91665
4025,71295
4026,70700
4027,62055
4028,67305
4029,70385
4030,86030
4031,75250
4032,62860
4033,89985
4034,53445
4035,79100
4036,49735
4037,68390
4038,61565
4039,66430
4040,71400
4041,40425
4042,97825
4043,48300
4044,33880
4045,61950
4046,59780
4047,55510
4048,62825
4049,66395
4050,90440
4051,59395
4052,86030
4053,79240
4054,70140
4055,67550
4056,54775
4057,57085
4058,52080
4059,61600
4060,41160
4061,38220
4062,83230
4063,62895
4064,81375
4065,47775
4066,76755
4067,91420
4068,62825
4069,91665
4070,91490
4071,71260
4072,74795
4073,67305
4074,55125
4075,58485
4076,74935
4077,72485
4078,94010
4079,54390
4080,103635
4081,85400
4082,81235
4083,53165
4084,41720
4085,78330
4086,67900
4087,65415
4088,72695
4089,82425
4090,72905
4091,73885
4092,41125
4093,68950
4094,85050
4095,56735
4096,90755
4097,55650
4098,62860
4099,56665
4100,81305
4101,18410
4102,53515
4103,62965
4104,57155
4105,40215
4106,48895
4107,96040
4108,58730
4109,73850
4110,64890
4111,82180
4112,82495
4113,49315
4114,64085
4115,73360
4116,53410
4117,36925
4118,81760
4119,64400
4120,104370
4121,84070
4122,71960
4123,70875
4124,40355
4125,95760
4126,83475
4127,68390
4128,78890
4129,65205
4130,74865
4131,77735
4132,70735
4133,77980
4134,17395
4135,72065
4136,30135
4137,78330
4138,64855
4139,36820
4140,37590
4141,78295
4142,56665
4143,45535
4144,58940
4145,70315
4146,70875
4147,48615
4148,72940
4149,23135
4150,70000
4151,83615
4152,72345
4153,81725
4154,73465
4155,67305
4156,108815
4157,74585
4158,60900
4159,86135
4160,48720
4161,70420
4162,48300
4163,74095
4164,93905
4165,57575
4166,63455
4167,36260
4168,37065
4169,96565
4170,63875
4171,86765
4172,51975
4173,72625
4174,67130
4175,50260
4176,82705
4177,78225
4178,47425
4179,27265
4180,59220
4181,73395
4182,66955
4183,91210
4184,23905
4185,47215
4186,58975
4187,77000
4188,90020
4189,52325
4190,64715
4191,72695
4192,64435
4193,85400
4194,38290
4195,88655
4196,66780
4197,60935
4198,57680
4199,53830
4200,83580
4201,75250
4202,98420
4203,80185
4204,84385
4205,26810
4206,89565
4207,60970
4208,77490
4209,40705
4210,90510
4211,82390
4212,105945
4213,81900
4214,83895
4215,37100
4216,77630
4217,63805
4218,65380
4219,47915
4220,54600
4221,65695
4222,85400
4223,70770
4224,90300
4225,59010
4226,72660
4227,67200
4228,64645
4229,65345
4230,65030
4231,90125
4232,39830
4233,51730
4234,94850
4235,50715
4236,76335
4237,76160
4238,63490
4239,70525
4240,61670
4241,98700
4242,50330
4243,47460
4244,98700
4245,70070
4246,63280
4247,92085
4248,80465
4249,45150
4250,47565
4251,69055
4252,85295
4253,93415
4254,91525
4255,56805
4256,105455
4257,87465
4258,78785
4259,64400
4260,84350
4261,67165
4262,92645
4263,89005
4264,77910
4265,82985
4266,65905
4267,44170
4268,88445
4269,74025
4270,48265
4271,63385
4272,47810
4273,32585
4274,99960
4275,48090
4276,59815
4277,64995
4278,74480
4279,70910
4280,88515
4281,98945
4282,64015
4283,58240
4284,46760
4285,34370
4286,57365
4287,60270
4288,70630
4289,72205
4290,76160
4291,69790
4292,41895
4293,54705
4294,46690
4295,62860
4296,76020
4297,45325
4298,82285
4299,62685
4300,64785
4301,79975
4302,40075
4303,92365
4304,66220
4305,72660
4306,57155
4307,90020
4308,88690
4309,43365
4310,69930
4311,80780
4312,21350
4313,6440
4314,80255
4315,62370
4316,75145
4317,92925
4318,66255
4319,82635
4320,91735
4321,68810
4322,61950
4323,98665
4324,36680
4325,54425
4326,94115
4327,62790
4328,81270
4329,88900
4330,84595
4331,68635
4332,56350
4333,82915
4334,68285
4335,77210
4336,62720
4337,35700
4338,81550
4339,82740
4340,63840
4341,45710
4342,18655
4343,66290
4344,56245
4345,79310
4346,93660
4347,73255
4348,56455
4349,91175
4350,119560
4351,81725
4352,85400
4353,66500
4354,65065
4355,50120
4356,80500
4357,95515
4358,81235
4359,72695
4360,82810
4361,74095
4362,82110
4363,43330
4364,93905
4365,54250
4366,83860
4367,60200
4368,59920
4369,35070
4370,79135
4371,85680
4372,21280
4373,78715
4374,71925
4375,49770
4376,70630
4377,80955
4378,79485
4379,56875
4380,111265
4381,58415
4382,53690
4383,100660
4384,54215
4385,73220
4386,70630
4387,63245
4388,95970
4389,58520
4390,46795
4391,96075
4392,58205
4393,61425
4394,90230
4395,100625
4396,64575
4397,63385
4398,86660
4399,76370
4400,84210
4401,48510
4402,67830
4403,61110
4404,54005
4405,65415
4406,61285
4407,21245
4408,66570
4409,70840
4410,88515
4411,32830
4412,83055
4413,86450
4414,69300
4415,53130
4416,103145
4417,64050
4418,65415
4419,66395
4420,70210
4421,91140
4422,66815
4423,81830
4424,96110
4425,92890
4426,86135
4427,76615
4428,70035
4429,93450
4430,76440
4431,73290
4432,68810
4433,59290
4434,66990
4435,74795
4436,73710
4437,58730
4438,75495
4439,84490
4440,97895
4441,56910
4442,44695
4443,91840
4444,81935
4445,55965
4446,68180
4447,58870
4448,40705
4449,78435
4450,82915
4451,102305
4452,67165
4453,30170
4454,59920
4455,93625
4456,28525
4457,90720
4458,74410
4459,82950
4460,68670
4461,67375
4462,30170
4463,80745
4464,35630
4465,62965
4466,68810
4467,67690
4468,58520
4469,41440
4470,102900
4471,84595
4472,50680
4473,73745
4474,95900
4475,55370
4476,68600
4477,90790
4478,35875
4479,96180
4480,87080
4481,71820
4482,96775
4483,99050
4484,80955
4485,64715
4486,69720
4487,54845
4488,63140
4489,49385
4490,75005
4491,65380
4492,77875
4493,68285
4494,75600
4495,45220
4496,58625
4497,85190
4498,42945
4499,43260
4500,91770
4501,48475
4502,52990
4503,102410
4504,41230
4505,66150
4506,31955
4507,55755
4508,69265
4509,80745
4510,80185
4511,74375
4512,35455
4513,49735
4514,64225
4515,23730
4516,95970
4517,90580
4518,84385
4519,83720
4520,71015
4521,64995
4522,68845
4523,58450
4524,58240
4525,97440
4526,39585
4527,64890
4528,50435
4529,14700
4530,103075
4531,55720
4532,93590
4533,91175
4534,80185
4535,80745
4536,71085
4537,79485
4538,58485
4539,90160
4540,42490
4541,49035
4542,56385
4543,56070
4544,61775
4545,52010
4546,80675
4547,62895
4548,45430
4549,96390
4550,93275
4551,85750
4552,77980
4553,72695
4554,80535
4555,79660
4556,90230
4557,58485
4558,44730
4559,90090
4560,42840
4561,74095
4562,81655
4563,74235
4564,66885
4565,39305
4566,77805
4567,89320
4568,41510
4569,64995
4570,68775
4571,49000
4572,86800
4573,48055
4574,75215
4575,35630
4576,68985
4577,76370
4578,36680
4579,95445
4580,80710
4581,85435
4582,43330
4583,75425
4584,65765
4585,80010
4586,81970
4587,59605
4588,87080
4589,82390
4590,72695
4591,66710
4592,76055
4593,29540
4594,65065
4595,78050
4596,72625
4597,85260
4598,73815
4599,78190
4600,79065
4601,97545
4602,41720
4603,39585
4604,59955
4605,35385
4606,78540
4607,70175
4608,64820
4609,80325
4610,61880
4611,27195
4612,60655
4613,61285
4614,75040
4615,80815
4616,55055
4617,38465
4618,76020
4619,131110
4620,64120
4621,81095
4622,51030
4623,71435
4624,43645
4625,74480
4626,89250
4627,69475
4628,80465
4629,59955
4630,79205
4631,71120
4632,73605
4633,66710
4634,22295
4635,50435
4636,78260
4637,101360
4638,71015
4639,50435
4640,85435
4641,70595
4642,56035
4643,56700
4644,84420
4645,77805
4646,66850
4647,57715
4648,82110
4649,73850
4650,82985
4651,85330
4652,95970
4653,66920
4654,69545
4655,69300
4656,68285
4657,77280
4658,55370
4659,70245
4660,50855
4661,59535
4662,75845
4663,92540
4664,78820
4665,72555
4666,41125
4667,70280
4668,64610
4669,50995
4670,95095
4671,67795
4672,80570
4673,87115
4674,37660
4675,91630
4676,77385
4677,59955
4678,40985
4679,60165
4680,79240
4681,89355
4682,52010
4683,85645
4684,29365
4685,64015
4686,52500
4687,72800
4688,21980
4689,74830
4690,58415
4691,29925
4692,75180
4693,73675
4694,106960
4695,75530
4696,49490
4697,59430
4698,62440
4699,60270
4700,76090
4701,73815
4702,55755
4703,96950
4704,57295
4705,62755
4706,75005
4707,63770
4708,66710
4709,55370
4710,62440
4711,70840
4712,71925
4713,88305
4714,68530
4715,72485
4716,46480
4717,54180
4718,75390
4719,96425
4720,41895
4721,55055
4722,55510
4723,62545
4724,73850
4725,76615
4726,93660
4727,78960
4728,85085
4729,63525
4730,46480
4731,67970
4732,93100
4733,59535
4734,81655
4735,47320
4736,87570
4737,89355
4738,76965
4739,72590
4740,38465
4741,67095
4742,54320
4743,29400
4744,113015
4745,37170
4746,79625
4747,63315
4748,100835
4749,81375
4750,100345
4751,76825
4752,73395
4753,71855
4754,64050
4755,88410
4756,72520
4757,59710
4758,103180
4759,44135
4760,68180
4761,75740
4762,53795
4763,27580
4764,57890
4765,54040
4766,57470
4767,49945
4768,53795
4769,94010
4770,76790
4771,74235
4772,76650
4773,97020
4774,26460
4775,79555
4776,60235
4777,52990
4778,79100
4779,85925
4780,47145
4781,91735
4782,47495
4783,51415
4784,95515
4785,46375
4786,29785
4787,60095
4788,71820
4789,75355
4790,77525
4791,47880
4792,57750
4793,88060
4794,83615
4795,79660
4796,73605
4797,65660
4798,59605
4799,64085
4800,50610
4801,66920
4802,49840
4803,98035
4804,14630
4805,84315
4806,75985
4807,58135
4808,68180
4809,53375
4810,97335
4811,72730
4812,97860
4813,76440
4814,95480
4815,98700
4816,84525
4817,53410
4818,73605
4819,61950
4820,75005
4821,99435
4822,58065
4823,81725
4824,34615
4825,59570
4826,82845
4827,71925
4828,71505
4829,39795
4830,46585
4831,62440
4832,84000
4833,3605
4834,79835
4835,77595
4836,106225
4837,79030
4838,70420
4839,60375
4840,49105
4841,92680
4842,48580
4843,29645
4844,48195
4845,59640
4846,53585
4847,100835
4848,4795
4849,66885
4850,56000
4851,51590
4852,91490
4853,55475
4854,64015
4855,68985
4856,62160
4857,119455
4858,83370
4859,65765
4860,51975
4861,91770
4862,62125
4863,66430
4864,52115
4865,84035
4866,68005
4867,42035
4868,78925
4869,93205
4870,64960
4871,45465
4872,49350
4873,99645
4874,71680
4875,73640
4876,35035
4877,77420
4878,66745
4879,97160
4880,51205
4881,87115
4882,80080
4883,89950
4884,86100
4885,72380
4886,76300
4887,49035
4888,82040
4889,59045
4890,101500
4891,60620
4892,43715
4893,67795
4894,44695
4895,48790
4896,50890
4897,75635
4898,47880
4899,31010
4900,52360
4901,93380
4902,65870
4903,101150
4904,25340
4905,39655
4906,65555
4907,70140
4908,88375
4909,88235
4910,48965
4911,94185
4912,71575
4913,58625
4914,75390
4915,102690
4916,33705
4917,105490
4918,89075
4919,34685
4920,85540
4921,40390
4922,81340
4923,35245
4924,74375
4925,89985
4926,38325
4927,58835
4928,85890
4929,106015
4930,77875
4931,62230
4932,84455
4933,40740
4934,51765
4935,81935
4936,57015
4937,87920
4938,52885
4939,70665
4940,64890
4941,61950
4942,50015
4943,90685
4944,50610
4945,59360
4946,66710
4947,60165
4948,42840
4949,65835
4950,65345
4951,99155
4952,65485
4953,82495
4954,69860
4955,73010
4956,21315
4957,81585
4958,68145
4959,76405
4960,52535
4961,39515
4962,46515
4963,75635
4964,85680
4965,53270
4966,83930
4967,60270
4968,83545
4969,67095
4970,60620
4971,69370
4972,103145
4973,18585
4974,54075
4975,49000
4976,69475
4977,51065
4978,74515
4979,52150
4980,77140
4981,43330
4982,26705
4983,83020
4984,74270
4985,92085
4986,53970
4987,89530
4988,49245
4989,43085
4990,65555
4991,24325
4992,73710
4993,73955
4994,74200
4995,83965
4996,35385
4997,53165
4998,61985
4999,47775
5000,46690
5001,47320
5002,48930
5003,103320
5004,82285
5005,50610
5006,75495
5007,65065
5008,56385
5009,55475
5010,88480
5011,96530
5012,89565
5013,76930
5014,30625
5015,89355
5016,56210
5017,84560
5018,95305
5019,54390
5020,94745
5021,86485
5022,47915
5023,77945
5024,89390
5025,78120
5026,55020
5027,79345
5028,72485
5029,84105
5030,65170
5031,76335
5032,44695
5033,96355
5034,60900
5035,32165
5036,45080
5037,41440
5038,76510
5039,49000
5040,51100
5041,65170
5042,85015
5043,68740
5044,51380
5045,30555
5046,65520
5047,76790
5048,93905
5049,80290
5050,67235
5051,79170
5052,64050
5053,52745
5054,26810
5055,83860
5056,53585
5057,75145
5058,43995
5059,19880
5060,59395
5061,55790
5062,70420
5063,28280
5064,82705
5065,36435
5066,66535
5067,79485
5068,54670
5069,63245
5070,90090
5071,74725
5072,60235
5073,46690
5074,60970
5075,66325
5076,47425
5077,85330
5078,91035
5079,102095
5080,51205
5081,94920
5082,59850
5083,58555
5084,20510
5085,82390
5086,47390
5087,76755
5088,109690
5089,65695
5090,60410
5091,95340
5092,56490
5093,85680
5094,84560
5095,101115
5096,70000
5097,87150
5098,104895
5099,78995
5100,63490
5101,68985
5102,72065
5103,63630
5104,79170
5105,64890
5106,93695
5107,76020
5108,40040
5109,75670
5110,75530
5111,101885
5112,84175
5113,42140
5114,35595
5115,77175
5116,71575
5117,86030
5118,73745
5119,82390
5120,47600
5121,58380
5122,92330
5123,84700
5124,77140
5125,81200
5126,51695
5127,64155
5128,87395
5129,62125
5130,56175
5131,63665
5132,82950
5133,91630
5134,79730
5135,56350
5136,85120
5137,81340
5138,44485
5139,82495
5140,71715
5141,62020
5142,83125
5143,56595
5144,71295
5145,52395
5146,61355
5147,93835
5148,80570
5149,63315
5150,54565
5151,40495
5152,70560
5153,72695
5154,44380
5155,62545
5156,76860
5157,58835
5158,86940
5159,71120
5160,93520
5161,47635
5162,96040
5163,62615
5164,91315
5165,60025
5166,68845
5167,97685
5168,105000
5169,90335
5170,67690
5171,63070
5172,68950
5173,70210
5174,69440
5175,85505
5176,92435
5177,69685
5178,64645
5179,71610
5180,106120
5181,50995
5182,64295
5183,84455
5184,63560
5185,66500
5186,69125
5187,82285
5188,56735
5189,87815
5190,89565
5191,60655
5192,57575
5193,75705
5194,46830
5195,95935
5196,79555
5197,82355
5198,65870
5199,70840
5200,91210
5201,68495
5202,84945
5203,52115
5204,60690
5205,62580
5206,49945
5207,77105
5208,28385
5209,80710
5210,28070
5211,70070
5212,65275
5213,66780
5214,45220
5215,84700
5216,66640
5217,71890
5218,76930
5219,81690
5220,68285
5221,79030
5222,83125
5223,80045
5224,68110
5225,97125
5226,41335
5227,66080
5228,68845
5229,49350
5230,82355
5231,87080
5232,98595
5233,91350
5234,104125
5235,64855
5236,74235
5237,61670
5238,41510
5239,73430
5240,64960
5241,48020
5242,73290
5243,62125
5244,65590
5245,34720
5246,21210
5247,73570
5248,41405
5249,66290
5250,57925
5251,84945
5252,84665
5253,57015
5254,69090
5255,93205
5256,76440
5257,85155
5258,69090
5259,48265
5260,79205
5261,71190
5262,53970
5263,75460
5264,64085
5265,76930
5266,94815
5267,102200
5268,66605
5269,94500
5270,58065
5271,66990
5272,64155
5273,85575
5274,74235
5275,47460
5276,74935
5277,89705
5278,63385
5279,77595
5280,74935
5281,58310
5282,95620
5283,81865
5284,75950
5285,39515
5286,59185
5287,39795
5288,72555
5289,67095
5290,60200
5291,71505
5292,71855
5293,61985
5294,50190
5295,15330
5296,47390
5297,41615
5298,55720
5299,76755
5300,67340
5301,63105
5302,38745
5303,94920
5304,77875
5305,39130
5306,98175
5307,50400
5308,73080
5309,42700
5310,95795
5311,77490
5312,65275
5313,62720
5314,63420
5315,65555
5316,47845
5317,89390
5318,63525
5319,76930
5320,58625
5321,59150
5322,102830
5323,61775
5324,77420
5325,76895
5326,88550
5327,46690
5328,79940
5329,69440
5330,55160
5331,45010
5332,117180
5333,59220
5334,62825
5335,52675
5336,57435
5337,82495
5338,75390
5339,77945
5340,72625
5341,104720
5342,61600
5343,65310
5344,58100
5345,72660
5346,54390
5347,75880
5348,89425
5349,74095
5350,66500
5351,64610
5352,69440
5353,58765
5354,84175
5355,69965
5356,34090
5357,91490
5358,57890
5359,76755
5360,107030
5361,102900
5362,68810
5363,31325
5364,53620
5365,94605
5366,80360
5367,69650
5368,62300
5369,82285
5370,73290
5371,41790
5372,54425
5373,69195
5374,58625
5375,86345
5376,86310
5377,65415
5378,61285
5379,73675
5380,70105
5381,96180
5382,65800
5383,78365
5384,61950
5385,64330
5386,72380
5387,66815
5388,33390
5389,93975
5390,80220
5391,66010
5392,57995
5393,73780
5394,52465
5395,77035
5396,60340
5397,20685
5398,89250
5399,60445
5400,38045
5401,47985
5402,50960
5403,74515
5404,61810
5405,50470
5406,72135
5407,78785
5408,31360
5409,83685
5410,76545
5411,42490
5412,96390
5413,67410
5414,65135
5415,22330
5416,98070
5417,45010
5418,54775
5419,21175
5420,65135
5421,46795
5422,62090
5423,71540
5424,92365
5425,40565
5426,83195
5427,50820
5428,68390
5429,37100
5430,96530
5431,49210
5432,84980
5433,82845
5434,73815
5435,89215
5436,47145
5437,53165
5438,77140
5439,48195
5440,62615
5441,47915
5442,110810
5443,76755
5444,68880
5445,61285
5446,55650
5447,80710
5448,61670
5449,53935
5450,48370
5451,89880
5452,74795
5453,85260
5454,85855
5455,83160
5456,38395
5457,87955
5458,69825
5459,69160
5460,67970
5461,82040
5462,46830
5463,88060
5464,76405
5465,91490
5466,90790
5467,101080
5468,68460
5469,80815
5470,76440
5471,66360
5472,58100
5473,64995
5474,67760
5475,53235
5476,57925
5477,94465
5478,67025
5479,61250
5480,59115
5481,90930
5482,63770
5483,54565
5484,49000
5485,64925
5486,27755
5487,96635
5488,58415
5489,83615
5490,78435
5491,53305
5492,58100
5493,66990
5494,69895
5495,28140
5496,70105
5497,92085
5498,73220
5499,101465
5500,70105
5501,62335
5502,43015
5503,58310
5504,24850
5505,58870
5506,71680
5507,47460
5508,38640
5509,98070
5510,80640
5511,63350
5512,78190
5513,84350
5514,34195
5515,80745
5516,21980
5517,58520
5518,51730
5519,42315
5520,21490
5521,72800
5522,76720
5523,50505
5524,41720
5525,82845
5526,58485
5527,63175
5528,88725
5529,72555
5530,80990
5531,60235
5532,84840
5533,65275
5534,53445
5535,39550
5536,66955
5537,29785
5538,86765
5539,86170
5540,56735
5541,81655
5542,69440
5543,99750
5544,87185
5545,81270
5546,33915
5547,84035
5548,74935
5549,97300
5550,52955
5551,102620
5552,101255
5553,73290
5554,63350
5555,52780
5556,81305
5557,74340
5558,69055
5559,51975
5560,57505
5561,87150
5562,65765
5563,100310
5564,57400
5565,66080
5566,48195
5567,50295
5568,47565
5569,75425
5570,51940
5571,78750
5572,50750
5573,83475
5574,80255
5575,69055
5576,73780
5577,60655
5578,65590
5579,80885
5580,69685
5581,81970
5582,60270
5583,84140
5584,30030
5585,57225
5586,52185
5587,75215
5588,68390
5589,57610
5590,30940
5591,24395
5592,53795
5593,68565
5594,59010
5595,53235
5596,55300
5597,81620
5598,74270
5599,93415
5600,83965
5601,49910
5602,51695
5603,104930
5604,75355
5605,53480
5606,60095
5607,58240
5608,56455
5609,51065
5610,84630
5611,90615
5612,75215
5613,62545
5614,74515
5615,81935
5616,73115
5617,49175
5618,64470
5619,106155
5620,47670
5621,81935
5622,77875
5623,60585
5624,44240
5625,30590
5626,56525
5627,91525
5628,80255
5629,46690
5630,64610
5631,53970
5632,59885
5633,83125
5634,58240
5635,69930
5636,90825
5637,82635
5638,80220
5639,31185
5640,50890
5641,70525
5642,54950
5643,83650
5644,63560
5645,78470
5646,103075
5647,68145
5648,64960
5649,30800
5650,47705
5651,60935
5652,63105
5653,47390
5654,59360
5655,45045
5656,85050
5657,42070
5658,94150
5659,82425
5660,64540
5661,48720
5662,71855
5663,91455
5664,38990
5665,42945
5666,70140
5667,59150
5668,80080
5669,66955
5670,58275
5671,58135
5672,38605
5673,89880
5674,80045
5675,107590
5676,74585
5677,65695
5678,78295
5679,63105
5680,63105
5681,58765
5682,72275
5683,55265
5684,46795
5685,70070
5686,71190
5687,65100
5688,65765
5689,71960
5690,58730
5691,81445
5692,23625
5693,102655
5694,79905
5695,25025
5696,77385
5697,87255
5698,91665
5699,62790
5700,98385
5701,98560
5702,59955
5703,86205
5704,106995
5705,84735
5706,101920
5707,76195
5708,89600
5709,64225
5710,51625
5711,57295
5712,67550
5713,71260
5714,84840
5715,61320
5716,87570
5717,93520
5718,71855
5719,77455
5720,89740
5721,75005
5722,75565
5723,87745
5724,61460
5725,60480
5726,75215
5727,70665
5728,64435
5729,64610
5730,40740
5731,70350
5732,56035
5733,37415
5734,65030
5735,66290
5736,92085
5737,59745
5738,93660
5739,99820
5740,84665
5741,71050
5742,65870
5743,80395
5744,53795
5745,65450
5746,57890
5747,46200
5748,43400
5749,63840
5750,60725
5751,68530
5752,35630
5753,63350
5754,51170
5755,92750
5756,60445
5757,73885
5758,80465
5759,76370
5760,73360
5761,90125
5762,67445
5763,99995
5764,75285
5765,42385
5766,61915
5767,72275
5768,54810
5769,71960
5770,74060
5771,70875
5772,55195
5773,73990
5774,52465
5775,99680
5776,105665
5777,85505
5778,77560
5779,77525
5780,73255
5781,72135
5782,31675
5783,65450
5784,71050
5785,67830
5786,71470
5787,94605
5788,71505
5789,66045
5790,58765
5791,93590
5792,74410
5793,93170
5794,97055
5795,74375
5796,27475
5797,63875
5798,38395
5799,83475
5800,34510
5801,96635
5802,65065
5803,71925
5804,67690
5805,105070
5806,70385
5807,58135
5808,82950
5809,83965
5810,37100
5811,57680
5812,56525
5813,95865
5814,64820
5815,99505
5816,91105
5817,62405
5818,73850
5819,68705
5820,36295
5821,53865
5822,71995
5823,72275
5824,43295
5825,77910
5826,72135
5827,51590
5828,80570
5829,53445
5830,76020
5831,76650
5832,60760
5833,77560
5834,86345
5835,49735
5836,54845
5837,36575
5838,65625
5839,82390
5840,76965
5841,72275
5842,72975
5843,13335
5844,89320
5845,79275
5846,94535
5847,19390
5848,11410
5849,64190
5850,76580
5851,96985
5852,104580
5853,66430
5854,64645
5855,6860
5856,75915
5857,47530
5858,52430
5859,61110
5860,44695
5861,77105
5862,50960
5863,93135
5864,69020
5865,50505
5866,46830
5867,37520
5868,90125
5869,45185
5870,65555
5871,78785
5872,69230
5873,98210
5874,55895
5875,90265
5876,48930
5877,88480
5878,104615
5879,85120
5880,83930
5881,84280
5882,96180
5883,98490
5884,103915
5885,44205
5886,61390
5887,114975
5888,67900
5889,83055
5890,41440
5891,87990
5892,60165
5893,88760
5894,24535
5895,61285
5896,86275
5897,71120
5898,59290
5899,47005
5900,101080
5901,28140
5902,74795
5903,108045
5904,91385
5905,57645
5906,98525
5907,69300
5908,62685
5909,58835
5910,86170
5911,67445
5912,34230
5913,67340
5914,88865
5915,77875
5916,88550
5917,63630
5918,50750
5919,78190
5920,73815
5921,73150
5922,39235
5923,55825
5924,21875
5925,106680
5926,62930
5927,33845
5928,49210
5929,70840
5930,69825
5931,19985
5932,64575
5933,94955
5934,74165
5935,93030
5936,88585
5937,58135
5938,44380
5939,82635
5940,43785
5941,68075
5942,58485
5943,87290
5944,85925
5945,74550
5946,62965
5947,51135
5948,88795
5949,102130
5950,64190
5951,84035
5952,76090
5953,54600
5954,82320
5955,67935
5956,81515
5957,60935
5958,95865
5959,49525
5960,67970
5961,60165
5962,35455
5963,52010
5964,82320
5965,75845
5966,58590
5967,63035
5968,43855
5969,44870
5970,36015
5971,79590
5972,78890
5973,45255
5974,74305
5975,82740
5976,40215
5977,66395
5978,81200
5979,26285
5980,71435
5981,46480
5982,84875
5983,18410
5984,26320
5985,82600
5986,55405
5987,56840
5988,23940
5989,29295
5990,58695
5991,42735
5992,57960
5993,55790
5994,68880
5995,83440
5996,54985
5997,81200
5998,42980
5999,81060
6000,46025
6001,52640
6002,83020
6003,34195
6004,69965
6005,63945
6006,36330
6007,58590
6008,49595
6009,93030
6010,79660
6011,109095
6012,75180
6013,75810
6014,51975
6015,53235
6016,100345
6017,76440
6018,70420
6019,60795
6020,64015
6021,69160
6022,93870
6023,61180
6024,119980
6025,57680
6026,75635
6027,40110
6028,48895
6029,66290
6030,100590
6031,53585
6032,80780
6033,63175
6034,38850
6035,27125
6036,70315
6037,51170
6038,63175
6039,100100
6040,37310
6041,51450
6042,55265
6043,84315
6044,86625
6045,96425
6046,41545
6047,33985
6048,88795
6049,44380
6050,85610
6051,78540
6052,69965
6053,91035
6054,96075
6055,53830
6056,65765
6057,80045
6058,44100
6059,60620
6060,90685
6061,58660
6062,64575
6063,25410
6064,81130
6065,93940
6066,65765
6067,65940
6068,86835
6069,36120
6070,2100
6071,69510
6072,83020
6073,103425
6074,48265
6075,92260
6076,78995
6077,56770
6078,76090
6079,64330
6080,22120
6081,57995
6082,78015
6083,89705
6084,71960
6085,102200
6086,61285
6087,58555
6088,60620
6089,38185
6090,39795
6091,39235
6092,100520
6093,57785
6094,45500
6095,80115
6096,60025
6097,99820
6098,72380
6099,70210
6100,100695
6101,95165
6102,36260
6103,69895
6104,72905
6105,99960
6106,56385
6107,70210
6108,70280
6109,44100
6110,81270
6111,51660
6112,84105
6113,79520
6114,69160
6115,38920
6116,81725
6117,76580
6118,92505
6119,48195
6120,70945
6121,63420
6122,71925
6123,62650
6124,79730
6125,53445
6126,65275
6127,46900
6128,76300
6129,69160
6130,24045
6131,96180
6132,76195
6133,77770
6134,66255
6135,55825
6136,75915
6137,58065
6138,64960
6139,79100
6140,39900
6141,15050
6142,60270
6143,67865
6144,68355
6145,89915
6146,73990
6147,62265
6148,66290
6149,103985
6150,63420
6151,67270
6152,35770
6153,85645
6154,80395
6155,39795
6156,74480
6157,84245
6158,63980
6159,68705
6160,61460
6161,76615
6162,75600
6163,81760
6164,83650
6165,54460
6166,80640
6167,44170
6168,84735
6169,46690
6170,95200
6171,56595
6172,74725
6173,61355
6174,73395
6175,54670
6176,54250
6177,59605
6178,70140
6179,71190
6180,57610
6181,34265
6182,55685
6183,55475
6184,46095
6185,62195
6186,87150
6187,44275
6188,86030
6189,73465
6190,76685
6191,94325
6192,80150
6193,63490
6194,78925
6195,71050
6196,53795
6197,70280
6198,69860
6199,76510
6200,73255
6201,94255
6202,71050
6203,72100
6204,87220
6205,78435
6206,81235
6207,82145
6208,45045
6209,51590
6210,100135
6211,90720
6212,91665
6213,72135
6214,73395
6215,77840
6216,28035
6217,74935
6218,85680
6219,67445
6220,45360
6221,89005
6222,48160
6223,37940
6224,71225
6225,82495
6226,82775
6227,79485
6228,69440
6229,69790
6230,92995
6231,78400
6232,70840
6233,81690
6234,73080
6235,40810
6236,71960
6237,52220
6238,94885
6239,95060
6240,65100
6241,86345
6242,30065
6243,66500
6244,76195
6245,57120
6246,36575
6247,68075
6248,41160
6249,38325
6250,69790
6251,57435
6252,27860
6253,59570
6254,94150
6255,65625
6256,73745
6257,75740
6258,70805
6259,40740
6260,72135
6261,34160
6262,65310
6263,68110
6264,43645
6265,61565
6266,81655
6267,67655
6268,49770
6269,88165
6270,105035
6271,70560
6272,40320
6273,45360
6274,82285
6275,75600
6276,60725
6277,85120
6278,59745
6279,53935
6280,61635
6281,90720
6282,78680
6283,44170
6284,82985
6285,57155
6286,79415
6287,100800
6288,54460
6289,36680
6290,73640
6291,110670
6292,71680
6293,54845
6294,64260
6295,83090
6296,69860
6297,72100
6298,69510
6299,26180
6300,68635
6301,38465
6302,85120
6303,62650
6304,73920
6305,30065
6306,36050
6307,73045
6308,61775
6309,79975
6310,45185
6311,68180
6312,67865
6313,74830
6314,91910
6315,69545
6316,56175
6317,109130
6318,68565
6319,59185
6320,85155
6321,53550
6322,79100
6323,54530
6324,63665
6325,25585
6326,79240
6327,70070
6328,72870
6329,28385
6330,65695
6331,74340
6332,90755
6333,70910
6334,73325
6335,89845
6336,69685
6337,70350
6338,46935
6339,61635
6340,24465
6341,34195
6342,72625
6343,61880
6344,57155
6345,73885
6346,71575
6347,57120
6348,68215
6349,46270
6350,75740
6351,71400
6352,26985
6353,50015
6354,76650
6355,88620
6356,73360
6357,94255
6358,23730
6359,74025
6360,87990
6361,80255
6362,46690
6363,99260
6364,64960
6365,51835
6366,69615
6367,54740
6368,44380
6369,65905
6370,94780
6371,54530
6372,8995
6373,103250
6374,83545
6375,76230
6376,66255
6377,68810
6378,79730
6379,43995
6380,71925
6381,37135
6382,92155
6383,76895
6384,56315
6385,28455
6386,48300
6387,76125
6388,61600
6389,96180
6390,82075
6391,109725
6392,53690
6393,51905
6394,72800
6395,79520
6396,68985
6397,61775
6398,64855
6399,61425
6400,65030
6401,50015
6402,74410
6403,61775
6404,65170
6405,47740
6406,98910
6407,99085
6408,49035
6409,46410
6410,98140
6411,55125
6412,100100
6413,71610
6414,22995
6415,42140
6416,77735
6417,94640
6418,54705
6419,45780
6420,26285
6421,37065
6422,58835
6423,85225
6424,110670
6425,94465
6426,67095
6427,66745
6428,54180
6429,61110
6430,84385
6431,98595
6432,91630
6433,81270
6434,69230
6435,69055
6436,94885
6437,80885
6438,52815
6439,78540
6440,51870
6441,87360
6442,61635
6443,75565
6444,50715
6445,82845
6446,67690
6447,39725
6448,32970
6449,70105
6450,72135
6451,51975
6452,72415
6453,69790
6454,64435
6455,70140
6456,80185
6457,83615
6458,41860
6459,47110
6460,46095
6461,61005
6462,53200
6463,68775
6464,69440
6465,45675
6466,45080
6467,72765
6468,94290
6469,54740
6470,92855
6471,30205
6472,62195
6473,63560
6474,82215
6475,62685
6476,95970
6477,46235
6478,63385
6479,81585
6480,61355
6481,85260
6482,34475
6483,70000
6484,51415
6485,8190
6486,65135
6487,54705
6488,46690
6489,58835
6490,87255
6491,69685
6492,22995
6493,34895
6494,81305
6495,69300
6496,74690
6497,68775
6498,71225
6499,71750
6500,62790
6501,70490
6502,46340
6503,59220
6504,64085
6505,38150
6506,82145
6507,53690
6508,30275
6509,84910
6510,86590
6511,56560
6512,68040
6513,80780
6514,48650
6515,62545
6516,66850
6517,92610
6518,71925
6519,40985
6520,92330
6521,77560
6522,71260
6523,66185
6524,72975
6525,93030
6526,72730
6527,71155
6528,44590
6529,71260
6530,53620
6531,12355
6532,86205
6533,112420
6534,72100
6535,53935
6536,73115
6537,42245
6538,48685
6539,90300
6540,81655
6541,89215
6542,52010
6543,61670
6544,47670
6545,46410
6546,84315
6547,71610
6548,67690
6549,4480
6550,66710
6551,38045
6552,92155
6553,83265
6554,54880
6555,45150
6556,55090
6557,84245
6558,71050
6559,75460
6560,60900
6561,60480
6562,88375
6563,75530
6564,99260
6565,98140
6566,49945
6567,48860
6568,75460
6569,39655
6570,73325
6571,83615
6572,80535
6573,79870
6574,71435
6575,34650
6576,40530
6577,58170
6578,65415
6579,82320
6580,92855
6581,39270
6582,72835
6583,74585
6584,81830
6585,52185
6586,81200
6587,76510
6588,22365
6589,86940
6590,55545
6591,38430
6592,30835
6593,54250
6594,90440
6595,65415
6596,62055
6597,65345
6598,70035
6599,48545
6600,63070
6601,75180
6602,90370
6603,44975
6604,65625
6605,40740
6606,66675
6607,55580
6608,65905
6609,63000
6610,79380
6611,86275
6612,38045
6613,98490
6614,90055
6615,63945
6616,59745
6617,86975
6618,50540
6619,63700
6620,75390
6621,44590
6622,66255
6623,63455
6624,84630
6625,59115
6626,75495
6627,65450
6628,88445
6629,71960
6630,55160
6631,43575
6632,78260
6633,66465
6634,94990
6635,89600
6636,102795
6637,73990
6638,39025
6639,11935
6640,67935
6641,95795
6642,80535
6643,80955
6644,78050
6645,57120
6646,48755
6647,59815
6648,71365
6649,37975
6650,43960
6651,67305
6652,100135
6653,21210
6654,64120
6655,81270
6656,77840
6657,71155
6658,52150
6659,93940
6660,91455
6661,28980
6662,79310
6663,78155
6664,76510
6665,81515
6666,56525
6667,47145
6668,61740
6669,50750
6670,70840
6671,57085
6672,39970
6673,70665
6674,49735
6675,68320
6676,48825
6677,71260
6678,82565
6679,82215
6680,60270
6681,63945
6682,87535
6683,47880
6684,47775
6685,67270
6686,23730
6687,61810
6688,75040
6689,59010
6690,44205
6691,64855
6692,54670
6693,72800
6694,48020
6695,44590
6696,98875
6697,58275
6698,60655
6699,72275
6700,118160
6701,65555
6702,71120
6703,84945
6704,58205
6705,66535
6706,42175
6707,46690
6708,60865
6709,68040
6710,59535
6711,49735
6712,99190
6713,42665
6714,105980
6715,43120
6716,74690
6717,68145
6718,120330
6719,81095
6720,68740
6721,74690
6722,65555
6723,92855
6724,70280
6725,90650
6726,61215
6727,59430
6728,69580
6729,84105
6730,36750
6731,93905
6732,24150
6733,57400
6734,86835
6735,58625
6736,65590
6737,67935
6738,70735
6739,81725
6740,44100
6741,59535
6742,29890
6743,95025
6744,55300
6745,92015
6746,77350
6747,79485
6748,51135
6749,47320
6750,91210
6751,92925
6752,86170
6753,70980
6754,84525
6755,68670
6756,43960
6757,50155
6758,77945
6759,74620
6760,84000
6761,47600
6762,64995
6763,93730
6764,63910
6765,82250
6766,29190
6767,73675
6768,83615
6769,48300
6770,77385
6771,69265
6772,86520
6773,81515
6774,52920
6775,57050
6776,82355
6777,36820
6778,42245
6779,84245
6780,59395
6781,83720
6782,14245
6783,67060
6784,89005
6785,61810
6786,16835
6787,72975
6788,81970
6789,39305
6790,76230
6791,41335
6792,56000
6793,71400
6794,55510
6795,98455
6796,44275
6797,36050
6798,50575
6799,59815
6800,66150
6801,96845
6802,77525
6803,71015
6804,63700
6805,71050
6806,93065
6807,87080
6808,64645
6809,97895
6810,41055
6811,50715
6812,97475
6813,56595
6814,68390
6815,67445
6816,54670
6817,73745
6818,70805
6819,70665
6820,59150
6821,85925
6822,47110
6823,65835
6824,45290
6825,67095
6826,79800
6827,41895
6828,66990
6829,54460
6830,80395
6831,61775
6832,44205
6833,99995
6834,71050
6835,82040
6836,79170
6837,65275
6838,78435
6839,48300
6840,62965
6841,65940
6842,85540
6843,82215
6844,81165
6845,87430
6846,77035
6847,67060
6848,88025
6849,41195
6850,69615
6851,43715
6852,32830
6853,71260
6854,58625
6855,95270
6856,28805
6857,54075
6858,50015
6859,57610
6860,67725
6861,85120
6862,71540
6863,81130
6864,66500
6865,73220
6866,81200
6867,71890
6868,73710
6869,65415
6870,80780
6871,72065
6872,84000
6873,51275
6874,64645
6875,74130
6876,80850
6877,66990
6878,65520
6879,35735
6880,60270
6881,48265
6882,98245
6883,74550
6884,54635
6885,66570
6886,41510
6887,68425
6888,52465
6889,52220
6890,62125
6891,43680
6892,52675
6893,60025
6894,77140
6895,49945
6896,65835
6897,65240
6898,61145
6899,61215
6900,45570
6901,75915
6902,49525
6903,57330
6904,52675
6905,67935
6906,80745
6907,74550
6908,27825
6909,38710
6910,35665
6911,35490
6912,50540
6913,92470
6914,25200
6915,72975
6916,52255
6917,91525
6918,72520
6919,53480
6920,39655
6921,45465
6922,37485
6923,62895
6924,49070
6925,55125
6926,36890
6927,70665
6928,78085
6929,94675
6930,61075
6931,71995
6932,81690
6933,72695
6934,27860
6935,75915
6936,83020
6937,91700
6938,94850
6939,75425
6940,87045
6941,84140
6942,26390
6943,67550
6944,89950
6945,68670
6946,67865
6947,91630
6948,76930
6949,88130
6950,74795
6951,107765
6952,37765
6953,33670
6954,64610
6955,84700
6956,75215
6957,66185
6958,52255
6959,75985
6960,61040
6961,91630
6962,57470
6963,69195
6964,52920
6965,56525
6966,65100
6967,49070
6968,25235
6969,71155
6970,37835
6971,61530
6972,29435
6973,75565
6974,39340
6975,79135
6976,52500
6977,71575
6978,58520
6979,37940
6980,53725
6981,95025
6982,66465
6983,69930
6984,57820
6985,73395
6986,76860
6987,85155
6988,61075
6989,99715
6990,64155
6991,70875
6992,85540
6993,76090
6994,57120
6995,63945
6996,92960
6997,52290
6998,72765
6999,93100
7000,51240
7001,63280
7002,38955
7003,51975
7004,92015
7005,73745
7006,88060
7007,62125
7008,101780
7009,69860
7010,107765
7011,67795
7012,47145
7013,84945
7014,83545
7015,55370
7016,64925
7017,60935
7018,66605
7019,85855
7020,47145
7021,83335
7022,58415
7023,61390
7024,51135
7025,73500
7026,79310
7027,85715
7028,54915
7029,57890
7030,89180
7031,54250
7032,75005
7033,89250
7034,93975
7035,89075
7036,85260
7037,83720
7038,41265
7039,-12110
7040,59430
7041,46305
7042,105735
7043,66465
7044,48825
7045,38815
7046,66885
7047,28140
7048,76790
7049,42560
7050,76685
7051,48405
7052,67935
7053,50750
7054,63490
7055,35490
7056,67305
7057,22330
7058,60865
7059,55370
7060,63875
7061,99435
7062,72975
7063,79485
7064,75460
7065,83335
7066,69790
7067,84490
7068,53690
7069,44765
7070,17500
7071,84700
7072,86905
7073,76685
7074,49910
7075,73605
7076,12565
7077,31710
7078,76405
7079,100520
7080,66115
7081,61705
7082,44450
7083,21980
7084,54950
7085,56595
7086,9520
7087,83055
7088,49805
7089,81830
7090,70490
7091,92015
7092,73640
7093,43645
7094,70490
7095,88550
7096,69125
7097,92925
7098,15820
7099,53165
7100,79765
7101,70070
7102,78120
7103,58975
7104,71645
7105,71085
7106,84035
7107,87780
7108,69335
7109,49770
7110,70105
7111,83125
7112,56210
7113,74760
7114,55230
7115,52605
7116,53655
7117,31115
7118,57715
7119,85435
7120,62475
7121,75005
7122,50925
7123,42980
7124,56385
7125,23065
7126,70350
7127,32900
7128,45780
7129,72380
7130,71260
7131,75285
7132,61845
7133,60760
7134,59290
7135,58310
7136,91385
7137,46060
7138,65695
7139,47110
7140,54005
7141,81270
7142,54950
7143,79485
7144,86520
7145,93345
7146,30625
7147,76300
7148,68985
7149,58905
7150,58835
7151,50890
7152,88375
7153,62825
7154,68390
7155,81375
7156,77910
7157,49385
7158,72415
7159,42630
7160,69335
7161,49560
7162,73780
7163,44695
7164,43540
7165,71890
7166,79975
7167,81655
7168,81725
7169,87290
7170,64890
7171,86940
7172,75985
7173,63630
7174,36365
7175,81480
7176,61915
7177,75285
7178,74550
7179,26845
7180,87605
7181,83790
7182,55020
7183,57960
7184,81165
7185,62440
7186,52325
7187,78575
7188,42350
7189,109795
7190,40285
7191,90335
7192,59815
7193,74375
7194,94780
7195,75985
7196,56315
7197,65800
7198,86345
7199,75215
7200,83230
7201,61705
7202,53550
7203,60760
7204,63455
7205,53130
7206,87640
7207,41650
7208,70805
7209,64190
7210,71575
7211,62265
7212,71225
7213,77665
7214,56490
7215,71890
7216,33005
7217,73605
7218,94990
7219,45535
7220,110600
7221,54180
7222,48265
7223,60725
7224,31920
7225,99575
7226,80115
7227,75075
7228,28840
7229,74655
7230,109480
7231,66955
7232,81585
7233,37975
7234,70770
7235,90685
7236,48160
7237,65940
7238,65485
7239,24990
7240,67690
7241,56630
7242,48300
7243,98350
7244,85540
7245,94500
7246,66640
7247,85120
7248,48930
7249,53270
7250,45500
7251,34370
7252,105735
7253,49140
7254,54635
7255,63735
7256,62090
7257,77000
7258,92435
7259,46025
7260,87955
7261,63910
7262,47250
7263,83790
7264,72800
7265,79625
7266,68880
7267,54320
7268,70455
7269,57190
7270,75180
7271,71155
7272,82355
7273,44275
7274,56840
7275,82390
7276,67550
7277,75040
7278,45430
7279,49630
7280,85225
7281,90300
7282,110460
7283,81480
7284,60165
7285,86870
7286,88235
7287,79135
7288,28140
7289,60935
7290,78820
7291,64295
7292,70525
7293,60200
7294,81585
7295,75530
7296,46025
7297,75530
7298,88760
7299,51520
7300,74445
7301,66360
7302,98490
7303,43610
7304,71155
7305,82180
7306,68950
7307,60865
7308,40005
7309,74445
7310,67375
7311,95480
7312,66920
7313,57190
7314,96880
7315,51030
7316,67655
7317,76580
7318,42245
7319,100380
7320,54775
7321,52990
7322,77245
7323,86380
7324,94675
7325,60795
7326,78330
7327,24710
7328,73115
7329,80500
7330,47705
7331,49945
7332,53235
7333,53270
7334,99225
7335,76125
7336,66500
7337,58625
7338,29680
7339,55720
7340,39270
7341,54355
7342,23870
7343,61495
7344,48580
7345,62790
7346,55125
7347,37765
7348,67165
7349,70525
7350,60130
7351,65100
7352,57820
7353,82145
7354,99645
7355,85085
7356,75565
7357,39865
7358,49455
7359,58835
7360,60095
7361,94990
7362,98770
7363,67900
7364,63280
7365,86485
7366,94430
7367,53025
7368,70245
7369,50540
7370,66255
7371,79065
7372,56245
7373,62580
7374,68425
7375,50470
7376,61005
7377,46270
7378,51310
7379,77770
7380,54950
7381,90230
7382,82705
7383,25725
7384,62475
7385,55545
7386,49525
7387,65450
7388,68600
7389,92365
7390,78330
7391,43295
7392,36785
7393,100800
7394,60830
7395,52780
7396,86310
7397,63455
7398,72030
7399,105490
7400,57260
7401,67585
7402,40740
7403,92365
7404,93065
7405,73675
7406,65590
7407,55160
7408,61845
7409,97580
7410,85050
7411,56315
7412,65555
7413,70875
7414,87920
7415,53865
7416,47635
7417,77525
7418,67340
7419,73570
7420,80325
7421,76825
7422,12530
7423,92260
7424,57995
7425,98700
7426,65065
7427,74410
7428,47040
7429,48090
7430,61635
7431,55720
7432,53340
7433,86765
7434,62755
7435,26005
7436,74655
7437,57680
7438,92155
7439,46655
7440,32375
7441,73395
7442,76685
7443,70035
7444,67655
7445,51450
7446,92645
7447,76580
7448,46200
7449,86485
7450,82565
7451,76335
7452,43120
7453,87745
7454,56035
7455,41510
7456,73185
7457,58240
7458,55685
7459,1960
7460,34300
7461,78575
7462,61425
7463,74200
7464,59990
7465,80745
7466,62790
7467,33320
7468,82740
7469,79275
7470,68810
7471,89810
7472,90685
7473,57960
7474,71995
7475,91560
7476,81795
7477,33005
7478,78995
7479,63910
7480,87780
7481,65695
7482,54635
7483,100450
7484,49875
7485,68565
7486,61740
7487,66395
7488,86100
7489,42140
7490,78575
7491,62195
7492,48125
7493,55160
7494,92610
7495,63700
7496,76300
7497,99645
7498,52605
7499,78120
7500,86800
7501,54600
7502,71785
7503,62475
7504,76300
7505,80605
7506,81235
7507,68810
7508,74410
7509,53865
7510,64435
7511,65065
7512,47915
7513,27930
7514,46760
7515,75040
7516,86415
7517,61075
7518,41720
7519,69930
7520,64400
7521,59640
7522,75425
7523,61565
7524,90930
7525,56770
7526,79415
7527,80675
7528,54005
7529,77175
7530,88095
7531,46445
7532,62965
7533,69370
7534,68565
7535,74550
7536,57575
7537,51205
7538,84735
7539,80220
7540,74760
7541,53445
7542,80640
7543,55300
7544,80920
7545,71680
7546,41580
7547,98735
7548,68180
7549,104790
7550,87255
7551,74620
7552,52115
7553,71750
7554,65485
7555,59920
7556,80885
7557,71330
7558,51415
7559,46585
7560,52675
7561,47705
7562,74340
7563,53900
7564,68915
7565,79345
7566,81620
7567,82880
7568,43820
7569,49245
7570,73815
7571,49490
7572,76510
7573,78750
7574,51800
7575,70210
7576,35630
7577,82775
7578,69860
7579,66955
7580,36120
7581,50120
7582,78855
7583,71855
7584,62790
7585,57015
7586,70770
7587,52920
7588,88270
7589,57680
7590,74375
7591,77070
7592,64715
7593,67200
7594,78435
7595,38220
7596,81445
7597,79275
7598,89635
7599,75425
7600,76335
7601,42525
7602,71995
7603,77245
7604,94955
7605,81165
7606,71855
7607,68005
7608,75110
7609,50190
7610,60795
7611,92750
7612,67865
7613,112175
7614,46760
7615,69825
7616,93625
7617,59465
7618,67620
7619,44450
7620,74270
7621,74410
7622,81095
7623,60690
7624,12705
7625,35840
7626,88235
7627,78225
7628,84840
7629,96425
7630,71295
7631,67865
7632,93205
7633,57610
7634,92015
7635,64470
7636,65765
7637,58345
7638,16730
7639,80395
7640,55020
7641,60655
7642,54320
7643,61180
7644,61355
7645,62090
7646,86030
7647,74060
7648,59640
7649,20720
7650,84805
7651,69685
7652,65030
7653,26845
7654,40670
7655,80850
7656,61950
7657,95305
7658,46130
7659,93310
7660,78015
7661,67025
7662,92435
7663,76230
7664,48195
7665,84770
7666,80535
7667,59395
7668,78785
7669,95760
7670,87150
7671,45570
7672,50190
7673,69020
7674,102795
7675,45010
7676,79380
7677,90020
7678,39935
7679,69650
7680,60585
7681,84910
7682,75600
7683,43890
7684,34930
7685,36365
7686,48160
7687,51590
7688,91280
7689,50190
7690,76405
7691,75075
7692,60970
7693,81305
7694,81270
7695,93030
7696,80745
7697,66535
7698,58345
7699,58275
7700,97790
7701,81935
7702,57890
7703,62300
7704,61950
7705,70805
7706,37975
7707,56840
7708,71925
7709,44345
7710,53690
7711,102130
7712,10290
7713,56420
7714,49420
7715,69265
7716,60655
7717,64785
7718,53270
7719,48090
7720,55405
7721,50785
7722,61005
7723,65030
7724,11935
7725,64400
7726,69440
7727,76195
7728,84665
7729,20090
7730,69125
7731,99750
7732,69335
7733,79520
7734,61110
7735,85260
7736,88725
7737,84385
7738,83160
7739,57050
7740,49315
7741,108465
7742,61495
7743,74410
7744,74900
7745,46130
7746,57575
7747,68180
7748,75915
7749,65660
7750,70735
7751,54355
7752,62475
7753,86940
7754,92785
7755,71960
7756,53970
7757,94220
7758,108920
7759,67935
7760,67760
7761,87780
7762,57015
7763,77070
7764,73115
7765,45605
7766,46445
7767,95025
7768,62195
7769,45465
7770,56140
7771,84385
7772,68845
7773,27335
7774,85050
7775,80885
7776,75775
7777,59045
7778,91980
7779,89600
7780,66710
7781,51240
7782,91630
7783,76160
7784,67585
7785,63805
7786,78610
7787,51625
7788,72590
7789,65310
7790,53130
7791,77560
7792,86800
7793,62475
7794,64610
7795,99715
7796,47250
7797,96215
7798,107380
7799,83580
7800,58310
7801,66535
7802,61215
7803,15295
7804,55930
7805,53445
7806,48440
7807,74095
7808,67935
7809,51835
7810,59920
7811,61495
7812,46165
7813,45990
7814,86660
7815,73605
7816,63910
7817,40950
7818,78715
7819,48930
7820,35000
7821,31045
7822,94500
7823,62685
7824,85435
7825,65835
7826,58345
7827,56770
7828,96425
7829,77420
7830,63245
7831,112455
7832,44100
7833,32970
7834,80290
7835,63560
7836,60305
7837,54495
7838,44625
7839,71960
7840,57645
7841,79310
7842,60060
7843,34895
7844,80500
7845,75215
7846,72940
7847,76230
7848,79625
7849,72345
7850,87010
7851,81130
7852,101080
7853,56245
7854,70595
7855,57785
7856,57750
7857,70385
7858,68390
7859,83335
7860,87080
7861,51310
7862,68145
7863,47670
7864,86170
7865,68915
7866,77805
7867,47775
7868,69230
7869,97300
7870,71715
7871,69755
7872,73535
7873,69440
7874,87955
7875,68600
7876,78890
7877,63560
7878,83335
7879,56245
7880,45885
7881,89565
7882,86240
7883,70350
7884,47390
7885,68775
7886,87675
7887,82145
7888,45640
7889,77910
7890,96705
7891,60480
7892,77700
7893,79520
7894,71820
7895,67970
7896,64890
7897,82390
7898,76580
7899,95515
7900,83580
7901,61880
7902,69335
7903,84175
7904,85470
7905,78820
7906,77770
7907,60935
7908,51100
7909,38080
7910,85575
7911,62475
7912,51625
7913,22470
7914,91000
7915,95515
7916,70980
7917,86345
7918,80360
7919,79030
7920,50015
7921,52850
7922,101255
7923,26775
7924,63350
7925,79625
7926,56140
7927,112665
7928,91945
7929,78260
7930,57995
7931,69475
7932,53830
7933,68705
7934,50540
7935,56070
7936,81375
7937,73430
7938,68390
7939,58905
7940,63665
7941,84245
7942,51975
7943,48405
7944,83685
7945,52395
7946,45010
7947,52185
7948,66395
7949,83055
7950,68075
7951,85120
7952,69895
7953,63000
7954,73535
7955,67480
7956,82845
7957,94675
7958,76860
7959,79310
7960,42070
7961,48615
7962,82880
7963,85540
7964,43610
7965,58555
7966,74095
7967,63805
7968,72800
7969,87465
7970,49700
7971,52815
7972,81725
7973,57330
7974,70210
7975,86205
7976,64365
7977,82390
7978,90580
7979,97510
7980,63315
7981,77280
7982,30205
7983,74305
7984,40390
7985,41300
7986,89215
7987,65625
7988,33495
7989,63665
7990,42350
7991,43225
7992,59850
7993,71190
7994,53795
7995,67165
7996,86135
7997,66045
7998,48825
7999,101360
8000,77665
8001,102515
8002,81270
8003,55370
8004,55650
8005,78120
8006,100380
8007,58415
8008,81795
8009,69510
8010,66465
8011,59185
8012,100730
8013,65100
8014,58590
8015,44030
8016,66255
8017,55685
8018,55615
8019,86275
8020,72800
8021,96915
8022,87465
8023,51275
8024,12320
8025,64505
8026,89950
8027,60585
8028,74200
8029,62650
8030,64820
8031,36925
8032,56420
8033,84945
8034,83580
8035,77560
8036,63560
8037,61600
8038,67865
8039,85995
8040,35175
8041,67760
8042,74655
8043,26635
8044,68600
8045,87290
8046,47495
8047,85890
8048,66850
8049,78610
8050,54180
8051,66220
8052,46760
8053,81550
8054,75460
8055,98315
8056,68915
8057,30170
8058,40845
8059,46375
8060,78050
8061,55160
8062,66290
8063,47530
8064,74620
8065,84420
8066,55720
8067,59290
8068,65205
8069,39270
8070,93275
8071,69615
8072,68180
8073,83405
8074,46130
8075,60130
8076,63000
8077,101500
8078,64820
8079,53725
8080,84385
8081,33950
8082,74480
8083,76580
8084,79275
8085,86765
8086,38185
8087,43505
8088,56140
8089,48615
8090,56490
8091,78540
8092,116795
8093,71260
8094,90790
8095,71645
8096,57995
8097,69405
8098,82600
8099,48405
8100,57995
8101,90405
8102,90405
8103,91700
8104,92295
8105,90440
8106,49770
8107,79730
8108,77035
8109,69860
8110,46970
8111,80080
8112,83895
8113,66605
8114,48475
8115,30310
8116,81585
8117,74410
8118,100205
8119,60200
8120,10255
8121,20020
8122,54635
8123,77245
8124,53095
8125,100730
8126,85050
8127,83510
8128,69930
8129,55790
8130,68565
8131,43610
8132,83265
8133,85260
8134,73850
8135,94955
8136,82005
8137,49175
8138,96985
8139,39900
8140,62230
8141,114765
8142,73150
8143,74060
8144,67060
8145,63490
8146,57890
8147,64925
8148,31745
8149,84665
8150,68005
8151,67620
8152,61565
8153,57680
8154,81970
8155,53935
8156,63665
8157,64295
8158,100625
8159,52115
8160,56665
8161,61740
8162,43120
8163,66535
8164,78225
8165,74900
8166,96705
8167,95305
8168,49980
8169,64050
8170,25585
8171,102830
8172,68285
8173,57925
8174,102025
8175,59010
8176,58625
8177,77980
8178,66745
8179,72905
8180,66640
8181,57155
8182,60725
8183,82705
8184,83055
8185,68880
8186,45360
8187,57400
8188,71925
8189,27545
8190,73150
8191,53620
8192,72275
8193,25235
8194,94010
8195,67060
8196,76160
8197,47250
8198,67760
8199,41125
8200,82775
8201,76300
8202,86485
8203,27685
8204,88830
8205,69615
8206,94430
8207,71855
8208,100065
8209,44135
8210,94990
8211,69790
8212,31150
8213,87185
8214,44660
8215,81445
8216,68985
8217,87080
8218,62475
8219,67830
8220,54775
8221,53620
8222,74410
8223,70140
8224,58065
8225,90020
8226,47425
8227,46480
8228,78925
8229,89705
8230,47145
8231,55020
8232,51345
8233,39655
8234,60550
8235,55615
8236,75250
8237,23065
8238,61180
8239,79555
8240,72030
8241,53585
8242,63525
8243,62370
8244,55510
8245,67970
8246,78820
8247,42000
8248,67655
8249,68880
8250,66605
8251,80150
8252,43225
8253,105875
8254,75460
8255,37275
8256,81340
8257,95270
8258,65730
8259,70140
8260,50785
8261,31360
8262,76090
8263,53410
8264,42805
8265,73710
8266,75495
8267,54250
8268,85820
8269,81305
8270,88165
8271,46410
8272,33215
8273,54005
8274,64680
8275,55055
8276,45150
8277,77875
8278,20860
8279,76720
8280,56735
8281,90650
8282,76650
8283,98420
8284,47810
8285,49350
8286,61880
8287,69580
8288,71470
8289,24535
8290,35070
8291,46025
8292,99330
8293,33775
8294,62440
8295,32690
8296,37170
8297,67690
8298,77980
8299,83720
8300,103565
8301,34265
8302,65345
8303,80745
8304,98735
8305,44730
8306,36715
8307,80430
8308,47880
8309,78050
8310,80395
8311,34230
8312,67095
8313,79520
8314,98315
8315,77000
8316,47320
8317,67095
8318,43505
8319,78015
8320,76475
8321,62720
8322,65800
8323,58485
8324,60025
8325,68810
8326,63070
8327,56105
8328,88725
8329,60690
8330,69090
8331,54985
8332,101815
8333,56525
8334,48055
8335,81480
8336,74900
8337,45815
8338,75950
8339,43890
8340,83790
8341,84350
8342,40355
8343,59640
8344,55195
8345,90860
8346,82180
8347,40425
8348,64645
8349,53375
8350,91735
8351,78225
8352,95025
8353,60585
8354,71715
8355,69930
8356,73360
8357,85120
8358,101605
8359,61040
8360,61460
8361,84385
8362,60690
8363,60690
8364,52850
8365,36470
8366,71295
8367,45535
8368,72030
8369,44485
8370,64260
8371,106365
8372,71890
8373,87640
8374,47250
8375,28700
8376,64820
8377,86695
8378,68110
8379,60585
8380,83685
8381,51555
8382,79275
8383,83335
8384,41825
8385,80710
8386,26810
8387,86975
8388,75600
8389,78400
8390,23590
8391,67900
8392,57295
8393,62755
8394,46200
8395,113925
8396,57925
8397,54635
8398,67410
8399,48720
8400,48650
8401,72520
8402,46165
8403,52570
8404,72275
8405,58835
8406,67655
8407,48510
8408,75425
8409,88200
8410,72695
8411,72590
8412,35420
8413,51205
8414,93660
8415,88095
8416,70945
8417,116760
8418,112490
8419,50890
8420,69545
8421,78295
8422,89600
8423,98350
8424,93905
8425,74305
8426,84070
8427,67305
8428,107240
8429,75635
8430,34300
8431,83160
8432,50155
8433,70805
8434,99855
8435,48545
8436,79485
8437,63245
8438,54775
8439,79240
8440,57435
8441,87255
8442,46130
8443,69755
8444,83755
8445,75880
8446,60270
8447,68145
8448,101990
8449,54880
8450,71260
8451,79275
8452,66010
8453,43855
8454,49525
8455,75215
8456,45150
8457,67585
8458,68565
8459,72415
8460,76720
8461,68075
8462,94850
8463,114940
8464,63140
8465,77770
8466,86940
8467,68145
8468,53480
8469,77560
8470,82740
8471,91840
8472,70210
8473,51765
8474,104125
8475,82845
8476,108360
8477,71120
8478,66325
8479,83265
8480,50050
8481,55265
8482,42700
8483,54635
8484,98385
8485,106960
8486,34965
8487,76720
8488,58240
8489,69930
8490,76020
8491,64715
8492,85155
8493,53830
8494,73745
8495,89985
8496,90720
8497,76895
8498,89145
8499,59745
8500,89355
8501,54985
8502,88970
8503,25515
8504,61810
8505,53760
8506,49245
8507,91945
8508,50155
8509,79765
8510,60060
8511,54180
8512,35175
8513,50645
8514,82565
8515,77210
8516,56280
8517,47495
8518,54950
8519,95130
8520,75320
8521,92330
8522,73395
8523,99260
8524,60515
8525,68740
8526,79695
8527,68740
8528,82775
8529,53235
8530,65345
8531,72240
8532,72975
8533,65415
8534,71715
8535,66745
8536,69720
8537,65485
8538,71715
8539,99260
8540,78890
8541,95095
8542,74515
8543,86555
8544,37135
8545,52010
8546,53935
8547,100520
8548,63910
8549,53970
8550,74095
8551,81935
8552,51065
8553,63945
8554,86870
8555,76265
8556,85995
8557,73955
8558,71960
8559,70945
8560,53655
8561,75880
8562,51450
8563,39445
8564,74620
8565,19355
8566,39795
8567,79240
8568,38640
8569,95200
8570,97475
8571,95060
8572,88130
8573,89390
8574,64680
8575,85260
8576,63385
8577,50050
8578,64190
8579,76160
8580,70000
8581,73955
8582,84350
8583,65555
8584,60025
8585,90335
8586,39935
8587,77525
8588,63385
8589,81445
8590,46130
8591,78645
8592,97300
8593,71540
8594,53550
8595,68075
8596,61215
8597,41230
8598,41230
8599,60095
8600,82600
8601,44975
8602,76755
8603,101605
8604,38885
8605,59535
8606,72170
8607,19180
8608,93870
8609,48160
8610,89075
8611,56455
8612,92575
8613,63000
8614,87535
8615,70980
8616,81410
8617,68600
8618,81620
8619,79485
8620,54635
8621,36890
8622,64225
8623,97580
8624,85435
8625,78155
8626,100695
8627,60340
8628,74480
8629,86380
8630,70525
8631,25165
8632,60200
8633,80605
8634,70560
8635,71155
8636,74725
8637,59570
8638,52220
8639,46025
8640,91595
8641,90160
8642,74515
8643,81725
8644,99015
8645,103320
8646,66115
8647,65135
8648,80920
8649,46480
8650,90335
8651,46830
8652,49280
8653,68460
8654,29085
8655,60025
8656,97335
8657,92890
8658,60690
8659,64785
8660,61740
8661,71995
8662,93520
8663,95585
8664,71330
8665,85610
8666,67340
8667,86625
8668,81235
8669,89880
8670,56350
8671,65240
8672,71645
8673,75390
8674,76510
8675,71855
8676,70210
8677,77315
8678,57505
8679,94570
8680,80500
8681,75180
8682,26985
8683,66570
8684,16625
8685,80780
8686,73255
8687,82250
8688,64890
8689,70210
8690,101255
8691,81025
8692,60690
8693,44695
8694,30415
8695,84035
8696,67655
8697,78855
8698,85050
8699,24850
8700,96285
8701,85890
8702,56000
8703,33075
8704,96215
8705,62685
8706,63000
8707,111230
8708,69685
8709,112840
8710,72590
8711,66500
8712,77105
8713,42770
8714,73990
8715,87360
8716,46375
8717,67480
8718,52920
8719,89565
8720,53900
8721,86345
8722,78925
8723,60935
8724,77980
8725,72695
8726,49490
8727,70945
8728,71295
8729,82915
8730,81410
8731,93345
8732,43960
8733,52255
8734,69965
8735,84735
8736,88340
8737,95270
8738,81095
8739,74830
8740,56560
8741,51205
8742,84595
8743,77175
8744,51205
8745,62160
8746,52850
8747,68355
8748,83440
8749,60200
8750,94815
8751,66990
8752,74550
8753,77315
8754,58905
8755,83580
8756,76895
8757,97615
8758,70630
8759,78505
8760,79310
8761,57155
8762,55090
8763,67970
8764,53935
8765,73115
8766,66430
8767,42945
8768,94885
8769,81830
8770,62475
8771,33145
8772,42840
8773,86800
8774,49805
8775,61460
8776,80850
8777,75775
8778,54915
8779,64050
8780,46935
8781,69930
8782,90475
8783,61915
8784,71295
8785,81130
8786,87500
8787,70420
8788,54250
8789,25620
8790,45080
8791,51065
8792,66570
8793,49210
8794,71260
8795,75670
8796,81445
8797,71645
8798,65555
8799,76720
8800,88130
8801,67620
8802,78960
8803,51975
8804,62895
8805,47180
8806,45360
8807,58940
8808,59360
8809,95725
8810,87920
8811,90195
8812,90685
8813,73815
8814,81375
8815,81550
8816,51135
8817,83195
8818,61530
8819,92085
8820,84805
8821,59990
8822,49875
8823,58835
8824,76615
8825,97510
8826,59395
8827,69020
8828,34370
8829,15960
8830,59955
8831,54075
8832,84105
8833,51380
8834,75110
8835,67270
8836,65590
8837,46865
8838,89180
8839,61705
8840,39340
8841,77000
8842,87395
8843,88165
8844,73535
8845,85155
8846,97055
8847,80395
8848,87115
8849,71470
8850,107730
8851,48020
8852,48895
8853,82075
8854,37555
8855,77840
8856,76790
8857,60410
8858,59220
8859,83195
8860,78260
8861,100660
8862,48440
8863,83615
8864,81200
8865,61670
8866,101465
8867,96390
8868,69895
8869,87255
8870,48475
8871,67690
8872,73920
8873,60480
8874,59605
8875,48965
8876,71050
8877,71435
8878,68600
8879,70735
8880,71925
8881,64750
8882,76895
8883,80220
8884,82635
8885,73850
8886,70140
8887,63560
8888,76790
8889,72240
8890,57155
8891,54600
8892,46270
8893,77980
8894,68110
8895,82145
8896,86555
8897,54950
8898,61775
8899,94640
8900,39305
8901,87325
8902,38010
8903,50295
8904,60830
8905,97580
8906,70035
8907,73745
8908,29995
8909,65940
8910,57820
8911,72940
8912,90055
8913,70350
8914,46760
8915,68425
8916,64750
8917,66185
8918,39900
8919,72730
8920,65730
8921,50365
8922,90825
8923,48405
8924,71225
8925,83230
8926,18725
8927,76720
8928,41615
8929,89285
8930,50155
8931,20930
8932,69580
8933,70980
8934,87115
8935,59115
8936,43015
8937,45675
8938,72590
8939,89320
8940,70875
8941,48685
8942,79800
8943,79345
8944,60165
8945,19845
8946,87220
8947,50190
8948,22435
8949,105595
8950,74795
8951,34160
8952,70245
8953,77140
8954,74375
8955,45010
8956,45395
8957,40460
8958,60900
8959,93170
8960,64155
8961,111790
8962,62580
8963,60830
8964,40110
8965,67165
8966,56245
8967,96530
8968,61670
8969,76440
8970,89985
8971,90755
8972,41055
8973,41230
8974,84315
8975,63840
8976,91560
8977,54495
8978,68250
8979,52080
8980,84245
8981,39865
8982,46165
8983,76195
8984,74795
8985,56420
8986,70700
8987,56700
8988,75390
8989,42735
8990,58030
8991,49420
8992,59010
8993,69545
8994,75985
8995,47495
8996,53235
8997,73990
8998,55405
8999,48440
9000,104440
9001,77490
9002,68075
9003,66185
9004,56595
9005,59325
9006,63805
9007,82600
9008,62895
9009,71645
9010,67340
9011,50820
9012,69930
9013,89565
9014,93730
9015,81515
9016,69545
9017,74130
9018,76755
9019,111720
9020,63490
9021,87080
9022,89985
9023,56630
9024,84420
9025,91840
9026,77805
9027,60795
9028,47215
9029,55125
9030,70770
9031,70910
9032,66885
9033,85050
9034,41125
9035,72905
9036,33145
9037,15120
9038,57190
9039,66080
9040,60270
9041,97160
9042,32620
9043,32060
9044,75600
9045,76580
9046,64470
9047,66535
9048,87640
9049,33635
9050,55090
9051,93625
9052,77875
9053,85680
9054,82215
9055,76335
9056,81620
9057,39095
9058,103005
9059,44625
9060,67445
9061,69930
9062,62895
9063,50190
9064,53235
9065,99015
9066,34580
9067,44905
9068,61075
9069,54705
9070,78155
9071,87290
9072,69370
9073,33530
9074,40215
9075,73395
9076,57295
9077,54075
9078,45885
9079,68950
9080,72765
9081,92435
9082,79765
9083,30520
9084,80045
9085,36995
9086,72625
9087,62790
9088,72870
9089,73885
9090,69860
9091,56350
9092,43855
9093,34265
9094,56910
9095,106470
9096,55125
9097,62720
9098,58415
9099,87360
9100,84035
9101,54250
9102,51625
9103,75390
9104,53550
9105,96285
9106,86520
9107,70665
9108,73500
9109,67690
9110,29470
9111,84770
9112,77665
9113,29015
9114,65555
9115,61145
9116,105980
9117,76755
9118,101535
9119,73325
9120,39760
9121,96670
9122,77595
9123,63770
9124,84070
9125,34300
9126,56490
9127,74550
9128,61110
9129,56210
9130,92155
9131,51030
9132,41895
9133,79100
9134,54355
9135,86240
9136,29750
9137,42280
9138,64050
9139,81865
9140,66535
9141,61670
9142,58135
9143,29785
9144,64050
9145,63735
9146,50435
9147,95130
9148,53865
9149,55265
9150,61635
9151,62160
9152,66570
9153,68740
9154,71400
9155,50295
9156,58205
9157,91805
9158,49560
9159,80815
9160,44450
9161,42875
9162,87570
9163,50925
9164,50120
9165,64365
9166,60795
9167,74235
9168,44030
9169,76055
9170,92715
9171,60865
9172,63105
9173,81025
9174,52255
9175,89600
9176,70210
9177,77350
9178,99260
9179,53200
9180,69160
9181,45710
9182,66675
9183,109550
9184,62090
9185,69510
9186,69020
9187,35280
9188,51555
9189,74655
9190,68425
9191,70630
9192,30100
9193,44310
9194,73115
9195,85610
9196,70770
9197,76475
9198,66465
9199,89530
9200,63105
9201,54005
9202,51660
9203,49035
9204,76930
9205,85330
9206,37730
9207,88725
9208,34965
9209,50610
9210,65520
9211,75740
9212,73955
9213,76965
9214,69160
9215,71505
9216,57400
9217,96600
9218,81270
9219,63315
9220,92960
9221,81060
9222,100485
9223,65905
9224,77000
9225,93555
9226,86940
9227,49105
9228,68180
9229,85155
9230,61915
9231,70000
9232,83685
9233,59080
9234,27370
9235,62825
9236,71890
9237,76790
9238,87325
9239,79905
9240,94745
9241,59535
9242,49875
9243,53375
9244,62510
9245,77770
9246,81480
9247,61565
9248,67480
9249,73045
9250,81865
9251,40075
9252,62545
9253,52080
9254,41755
9255,64120
9256,74865
9257,56035
9258,109060
9259,61390
9260,82425
9261,60620
9262,41265
9263,67550
9264,90895
9265,56280
9266,77735
9267,58975
9268,71715
9269,75075
9270,43715
9271,41300
9272,63560
9273,27440
9274,42210
9275,66920
9276,57470
9277,78960
9278,67550
9279,59465
9280,84070
9281,71820
9282,39445
9283,47845
9284,53445
9285,46585
9286,38605
9287,53305
9288,43085
9289,63385
9290,78680
9291,43540
9292,94115
9293,46620
9294,38675
9295,98665
9296,88760
9297,82355
9298,50435
9299,104580
9300,74515
9301,76265
9302,74725
9303,94570
9304,67515
9305,43015
9306,28315
9307,60305
9308,39900
9309,77420
9310,71260
9311,95795
9312,68285
9313,64995
9314,74235
9315,70455
9316,108430
9317,84455
9318,74200
9319,67270
9320,87990
9321,74025
9322,76195
9323,99225
9324,60095
9325,68285
9326,68670
9327,38675
9328,84525
9329,16555
9330,72905
9331,67270
9332,96145
9333,55650
9334,25235
9335,52325
9336,63070
9337,55720
9338,40670
9339,79275
9340,55580
9341,68915
9342,92015
9343,36750
9344,67375
9345,94325
9346,80010
9347,73710
9348,71225
9349,83720
9350,55965
9351,66605
9352,68075
9353,74305
9354,88760
9355,78505
9356,50680
9357,70665
9358,60130
9359,26180
9360,18760
9361,89005
9362,85960
9363,61600
9364,61635
9365,81830
9366,89950
9367,65975
9368,52430
9369,69300
9370,72730
9371,45780
9372,53655
9373,23835
9374,76370
9375,79485
9376,52290
9377,82845
9378,94360
9379,74725
9380,26215
9381,84175
9382,107695
9383,60690
9384,61775
9385,60445
9386,52185
9387,25795
9388,94570
9389,61005
9390,51835
9391,79765
9392,68950
9393,59675
9394,48755
9395,90195
9396,78505
9397,81795
9398,55755
9399,73115
9400,88760
9401,92085
9402,71680
9403,53445
9404,58275
9405,65450
9406,82845
9407,73920
9408,72625
9409,91035
9410,65380
9411,47390
9412,87325
9413,57260
9414,71400
9415,46025
9416,65905
9417,82040
9418,75915
9419,83405
9420,79205
9421,61005
9422,63735
9423,65380
9424,75040
9425,28455
9426,86660
9427,74165
9428,81130
9429,49280
9430,56210
9431,80325
9432,65415
9433,34720
9434,47215
9435,99855
9436,88585
9437,75635
9438,45780
9439,49315
9440,86485
9441,61880
9442,72520
9443,51415
9444,69510
9445,54320
9446,64960
9447,65065
9448,71260
9449,46305
9450,74550
9451,85435
9452,76580
9453,61285
9454,58975
9455,100345
9456,69195
9457,55020
9458,52290
9459,77070
9460,72310
9461,55265
9462,68075
9463,100765
9464,93590
9465,74900
9466,90440
9467,42490
9468,78715
9469,39025
9470,61845
9471,79695
9472,44835
9473,92540
9474,65135
9475,98420
9476,18690
9477,71050
9478,83055
9479,72660
9480,62265
9481,44485
9482,72205
9483,87045
9484,81725
9485,82810
9486,44940
9487,74200
9488,107870
9489,62580
9490,93695
9491,69370
9492,97335
9493,83335
9494,83160
9495,63210
9496,60270
9497,64680
9498,68005
9499,84035
9500,50330
9501,46830
9502,65380
9503,73465
9504,65975
9505,74375
9506,85855
9507,36785
9508,73605
9509,89705
9510,77070
9511,78365
9512,66850
9513,40075
9514,62090
9515,81270
9516,62825
9517,94150
9518,32375
9519,89215
9520,6860
9521,63140
9522,98665
9523,68740
9524,76860
9525,84525
9526,68495
9527,79695
9528,60305
9529,31990
9530,81410
9531,57540
9532,98945
9533,86240
9534,77735
9535,63385
9536,52045
9537,72765
9538,79065
9539,58765
9540,16310
9541,75040
9542,69230
9543,71120
9544,61985
9545,47880
9546,53760
9547,80500
9548,69230
9549,75460
9550,66045
9551,75180
9552,70840
9553,72345
9554,58730
9555,72625
9556,74970
9557,37905
9558,60095
9559,88165
9560,51660
9561,71050
9562,74690
9563,73780
9564,50435
9565,70315
9566,34790
9567,72205
9568,91770
9569,51835
9570,40740
9571,57540
9572,74585
9573,45185
9574,48090
9575,76755
9576,39655
9577,89040
9578,74130
9579,21070
9580,62160
9581,82845
9582,39270
9583,39445
9584,85715
9585,73395
9586,68810
9587,73360
9588,68880
9589,39445
9590,52850
9591,83895
9592,44380
9593,45885
9594,51485
9595,54530
9596,92505
9597,69265
9598,39585
9599,48825
9600,57400
9601,87150
9602,63420
9603,69230
9604,94605
9605,102970
9606,65835
9607,53410
9608,75740
9609,107415
9610,55405
9611,68845
9612,51415
9613,57225
9614,90965
9615,66990
9616,84665
9617,46165
9618,58310
9619,86135
9620,84980
9621,69825
9622,100485
9623,76545
9624,85295
9625,88445
9626,80395
9627,62615
9628,62265
9629,119000
9630,27615
9631,61600
9632,73920
9633,84735
9634,42560
9635,81970
9636,69930
9637,94465
9638,91840
9639,71295
9640,26880
9641,83580
9642,78610
9643,48580
9644,69545
9645,78995
9646,78610
9647,72065
9648,75390
9649,78225
9650,74585
9651,72380
9652,40285
9653,66570
9654,66955
9655,4095
9656,59115
9657,84455
9658,83335
9659,65695
9660,57645
9661,35245
9662,76020
9663,86590
9664,50365
9665,66990
9666,80360
9667,50330
9668,78680
9669,34230
9670,39340
9671,62510
9672,52430
9673,48615
9674,76720
9675,56700
9676,98245
9677,81690
9678,93835
9679,39060
9680,81830
9681,38570
9682,61425
9683,75775
9684,87360
9685,93450
9686,41300
9687,62510
9688,74515
9689,79415
9690,74690
9691,80045
9692,71015
9693,64925
9694,69020
9695,3500
9696,80080
9697,70805
9698,92750
9699,43470
9700,70245
9701,41685
9702,68985
9703,69720
9704,69755
9705,24045
9706,99750
9707,93520
9708,58975
9709,73395
9710,75915
9711,95655
9712,79835
9713,81690
9714,57470
9715,47285
9716,70245
9717,68810
9718,39340
9719,75460
9720,92890
9721,39620
9722,62580
9723,60795
9724,71995
9725,8400
9726,56175
9727,49455
9728,80465
9729,63735
9730,60270
9731,66185
9732,82845
9733,106960
9734,79695
9735,83790
9736,82740
9737,87780
9738,52115
9739,77000
9740,51485
9741,59605
9742,63210
9743,44905
9744,57330
9745,60970
9746,61005
9747,73745
9748,66535
9749,78225
9750,77665
9751,48895
9752,69545
9753,98630
9754,69650
9755,23800
9756,71785
9757,53760
9758,58240
9759,43680
9760,49630
9761,98385
9762,62020
9763,46935
9764,47215
9765,50680
9766,68775
9767,79275
9768,81585
9769,3815
9770,106400
9771,69195
9772,23660
9773,115325
9774,46445
9775,45500
9776,81375
9777,25935
9778,68075
9779,82145
9780,63315
9781,75075
9782,59920
9783,79170
9784,48475
9785,67970
9786,89250
9787,77350
9788,38780
9789,36295
9790,90650
9791,70455
9792,60550
9793,67235
9794,98245
9795,86625
9796,73465
9797,58415
9798,35945
9799,98210
9800,65450
9801,90440
9802,52185
9803,45465
9804,60375
9805,56875
9806,66535
9807,100520
9808,95095
9809,57855
9810,53655
9811,86870
9812,56420
9813,83230
9814,89600
9815,88690
9816,52850
9817,58695
9818,70805
9819,71435
9820,96145
9821,91035
9822,41230
9823,79310
9824,79835
9825,81655
9826,71120
9827,89075
9828,72065
9829,78190
9830,39165
9831,67095
9832,72625
9833,70875
9834,68810
9835,89950
9836,94500
9837,57540
9838,43995
9839,66850
9840,78120
9841,61670
9842,55755
9843,91595
9844,38185
9845,82845
9846,80395
9847,63070
9848,79415
9849,53795
9850,37205
9851,106855
9852,72450
9853,76440
9854,42070
9855,74620
9856,104615
9857,86555
9858,100310
9859,76440
9860,42560
9861,104545
9862,54460
9863,58940
9864,58170
9865,46830
9866,36015
9867,58695
9868,59675
9869,77070
9870,69160
9871,69825
9872,77770
9873,79065
9874,71645
9875,68355
9876,73150
9877,21070
9878,83370
9879,63735
9880,87220
9881,79730
9882,79345
9883,26670
9884,102445
9885,65835
9886,87885
9887,67410
9888,98735
9889,65520
9890,66780
9891,62020
9892,94115
9893,96915
9894,81690
9895,60410
9896,65345
9897,69685
9898,70560
9899,70805
9900,72240
9901,52815
9902,66570
9903,71890
9904,63875
9905,40600
9906,58275
9907,94815
9908,60585
9909,109865
9910,82530
9911,104405
9912,87115
9913,100660
9914,63280
9915,34440
9916,81410
9917,89705
9918,71995
9919,27265
9920,64120
9921,57050
9922,77560
9923,49385
9924,54950
9925,87010
9926,51590
9927,83230
9928,25445
9929,81480
9930,68425
9931,100870
9932,96495
9933,39970
9934,85855
9935,96075
9936,84560
9937,50925
9938,54285
9939,88165
9940,66885
9941,9275
9942,72450
9943,57295
9944,63140
9945,52255
9946,45430
9947,55160
9948,78295
9949,64155
9950,66325
9951,56350
9952,60305
9953,86205
9954,73850
9955,73045
9956,96495
9957,84700
9958,57260
9959,43505
9960,42385
9961,43540
9962,47530
9963,74655
9964,62335
9965,51870
9966,57050
9967,86310
9968,94780
9969,64400
9970,90125
9971,58835
9972,51170
9973,50575
9974,66675
9975,72415
9976,61740
9977,42875
9978,81270
9979,-70
9980,73955
9981,64820
9982,60865
9983,78750
9984,69195
9985,87255
9986,50330
9987,57050
9988,66745
9989,69020
9990,89565
9991,51625
9992,78540
9993,57015
9994,44380
9995,52640
9996,91280
9997,65765
9998,65835
9999,58590
10000,45010
10001,56350
10002,42630
10003,107590
10004,75250
10005,68880
10006,59920
10007,43505
10008,57330
10009,71435
10010,59290
10011,103355
10012,64085
10013,68250
10014,93310
10015,77595
10016,96460
10017,53270
10018,66220
10019,74760
10020,44905
10021,66220
10022,75320
10023,41510
10024,81095
10025,50645
10026,76930
10027,77490
10028,90475
10029,93100
10030,55405
10031,55790
10032,36785
10033,22855
10034,89810
10035,77070
10036,73605
10037,79205
10038,68145
10039,70770
10040,39515
10041,79275
10042,83580
10043,45290
10044,56210
10045,84665
10046,88690
10047,76125
10048,102550
10049,72660
10050,49770
10051,42525
10052,57960
10053,60655
10054,44065
10055,80115
10056,59675
10057,63385
10058,87605
10059,74095
10060,92015
10061,77070
10062,81130
10063,47985
10064,70140
10065,80430
10066,68425
10067,57890
10068,44940
10069,57960
10070,103075
10071,62090
10072,70875
10073,82460
10074,81095
10075,76265
10076,70595
10077,84280
10078,95515
10079,49945
10080,46970
10081,47810
10082,46970
10083,71820
10084,55965
10085,86555
10086,105280
10087,76475
10088,63840
10089,53795
10090,33565
10091,44310
10092,11690
10093,48475
10094,83160
10095,68600
10096,62055
10097,68600
10098,81725
10099,54460
10100,95480
10101,50400
10102,54740
10103,90615
10104,86100
10105,89005
10106,68600
10107,51625
10108,55580
10109,63070
10110,75215
10111,59605
10112,77945
10113,66395
10114,90475
10115,92260
10116,83650
10117,73815
10118,82425
10119,55055
10120,46095
10121,77805
10122,82495
10123,58240
10124,84315
10125,60690
10126,66290
10127,83055
10128,99785
10129,63175
10130,61145
10131,62440
10132,56175
10133,115395
10134,73220
10135,40810
10136,82985
10137,22645
10138,13195
10139,55895
10140,95690
10141,70840
10142,65065
10143,79205
10144,82705
10145,66010
10146,29680
10147,66255
10148,69965
10149,61600
10150,76930
10151,52465
10152,29050
10153,73255
10154,84840
10155,62440
10156,76895
10157,42910
10158,51065
10159,50190
10160,73920
10161,60830
10162,72310
10163,69895
10164,53410
10165,55090
10166,81795
10167,76300
10168,68320
10169,48335
10170,75425
10171,92330
10172,71365
10173,61390
10174,67795
10175,77980
10176,85400
10177,45570
10178,95130
10179,97545
10180,33740
10181,105105
10182,61740
10183,61915
10184,70000
10185,92575
10186,79065
10187,47670
10188,26775
10189,59325
10190,64260
10191,65870
10192,79345
10193,76265
10194,107800
10195,49175
10196,78225
10197,55860
10198,57610
10199,84455
10200,56945
10201,56735
10202,42700
10203,49595
10204,54390
10205,73815
10206,67375
10207,35035
10208,39970
10209,27125
10210,67060
10211,84350
10212,60130
10213,49420
10214,71750
10215,82460
10216,76335
10217,63875
10218,79555
10219,101920
10220,80290
10221,53725
10222,67585
10223,82740
10224,44695
10225,55335
10226,93695
10227,56910
10228,71435
10229,68985
10230,79870
10231,66885
10232,75495
10233,46095
10234,47285
10235,84910
10236,69755
10237,78855
10238,63105
10239,73640
10240,81095
10241,48195
10242,70630
10243,102375
10244,82810
10245,71400
10246,58240
10247,26460
10248,54075
10249,53690
10250,99225
10251,101570
10252,86275
10253,43015
10254,81445
10255,43085
10256,82950
10257,90790
10258,77280
10259,70455
10260,11025
10261,91315
10262,32515
10263,44380
10264,99715
10265,94325
10266,54110
10267,71085
10268,83755
10269,60445
10270,65310
10271,77595
10272,67480
10273,80360
10274,71575
10275,73465
10276,58730
10277,50435
10278,50295
10279,70665
10280,68005
10281,57995
10282,90615
10283,59570
10284,51100
10285,40355
10286,67375
10287,68530
10288,90125
10289,83475
10290,44695
10291,57050
10292,23415
10293,72905
10294,75390
10295,77420
10296,92645
10297,70175
10298,70315
10299,47495
10300,67410
10301,40075
10302,79800
10303,82880
10304,59605
10305,61600
10306,62860
10307,79730
10308,56630
10309,52990
10310,37450
10311,56735
10312,13720
10313,46900
10314,65765
10315,40775
10316,62370
10317,104405
10318,48895
10319,67515
10320,24745
10321,42910
10322,66290
10323,73325
10324,47075
10325,82845
10326,17010
10327,67970
10328,43190
10329,86625
10330,82565
10331,87325
10332,87325
10333,84175
10334,78260
10335,53550
10336,81970
10337,102375
10338,43120
10339,51380
10340,91280
10341,89005
10342,19460
10343,105070
10344,96040
10345,96775
10346,66465
10347,48230
10348,70735
10349,50190
10350,71120
10351,68985
10352,46305
10353,30800
10354,37205
10355,87010
10356,69230
10357,95830
10358,81620
10359,78995
10360,75145
10361,51205
10362,67760
10363,66395
10364,60270
10365,45570
10366,65625
10367,55720
10368,62895
10369,76265
10370,81865
10371,77700
10372,54390
10373,51345
10374,82390
10375,50400
10376,67060
10377,54740
10378,79450
10379,66080
10380,60655
10381,86555
10382,59325
10383,37170
10384,90965
10385,86170
10386,62720
10387,41160
10388,36575
10389,21105
10390,47950
10391,81445
10392,101430
10393,75530
10394,84035
10395,72030
10396,64925
10397,58485
10398,73535
10399,30695
10400,63105
10401,93520
10402,81165
10403,74795
10404,54600
10405,86065
10406,89460
10407,79170
10408,36540
10409,6720
10410,80360
10411,74655
10412,73745
10413,75740
10414,99190
10415,61740
10416,67480
10417,83965
10418,94920
10419,71715
10420,52290
10421,85470
10422,64085
10423,68670
10424,45080
10425,36155
10426,72310
10427,56910
10428,71015
10429,83125
10430,55335
10431,57400
10432,93590
10433,52535
10434,15785
10435,67200
10436,47950
10437,61530
10438,89530
10439,110110
10440,77140
10441,73115
10442,75565
10443,63805
10444,74935
10445,75985
10446,55825
10447,65065
10448,79275
10449,75530
10450,50050
10451,64015
10452,52255
10453,60305
10454,80220
10455,93065
10456,64470
10457,44975
10458,30870
10459,52675
10460,70595
10461,30835
10462,50855
10463,79695
10464,60690
10465,84805
10466,79275
10467,39935
10468,89775
10469,88690
10470,94570
10471,80605
10472,61775
10473,60760
10474,82460
10475,91105
10476,55125
10477,52290
10478,60760
10479,51940
10480,86030
10481,88270
10482,88200
10483,57085
10484,44870
10485,50015
10486,64715
10487,68985
10488,52885
10489,69405
10490,73220
10491,75180
10492,61635
10493,88130
10494,66710
10495,79520
10496,81760
10497,34300
10498,66920
10499,69405
10500,83090
10501,5320
10502,34860
10503,34545
10504,64085
10505,61110
10506,97895
10507,81445
10508,52920
10509,63805
10510,29330
10511,73220
10512,79730
10513,85120
10514,49385
10515,76860
10516,64435
10517,69125
10518,46060
10519,88445
10520,96425
10521,105630
10522,75215
10523,81305
10524,61845
10525,78400
10526,72520
10527,39025
10528,19985
10529,63175
10530,96215
10531,33565
10532,63245
10533,44415
10534,56315
10535,11060
10536,88900
10537,91805
10538,76160
10539,63315
10540,58240
10541,52990
10542,85890
10543,66780
10544,74025
10545,63210
10546,98560
10547,77910
10548,84560
10549,79765
10550,99015
10551,20335
10552,84700
10553,43120
10554,51695
10555,60830
10556,104930
10557,69755
10558,76825
10559,90895
10560,56105
10561,68950
10562,57050
10563,76440
10564,70420
10565,53795
10566,83090
10567,93205
10568,70140
10569,98875
10570,77735
10571,52045
10572,68180
10573,64575
10574,54215
10575,38885
10576,69195
10577,58835
10578,73815
10579,66150
10580,60795
10581,49385
10582,41755
10583,60830
10584,65380
10585,82250
10586,97790
10587,71925
10588,89810
10589,85820
10590,72975
10591,59290
10592,49035
10593,50400
10594,68145
10595,65940
10596,49805
10597,51835
10598,80815
10599,48825
10600,86870
10601,65555
10602,75740
10603,89180
10604,71715
10605,98665
10606,88095
10607,70945
10608,72730
10609,63420
10610,67165
10611,64155
10612,73535
10613,37625
10614,40320
10615,75985
10616,51100
10617,73535
10618,59955
10619,72730
10620,47985
10621,43260
10622,49560
10623,91980
10624,66710
10625,58415
10626,75740
10627,87150
10628,80780
10629,21945
10630,59710
10631,87640
10632,52045
10633,72520
10634,80675
10635,37135
10636,75495
10637,62335
10638,52290
10639,94150
10640,71925
10641,81480
10642,47775
10643,83475
10644,73500
10645,44065
10646,54740
10647,97685
10648,66850
10649,44100
10650,86625
10651,65380
10652,90685
10653,72660
10654,71015
10655,18550
10656,28210
10657,71960
10658,64960
10659,60620
10660,68950
10661,93450
10662,76230
10663,78015
10664,62755
10665,86520
10666,68075
10667,65380
10668,58975
10669,50575
10670,84140
10671,37835
10672,64995
10673,18900
10674,101640
10675,59465
10676,57190
10677,57050
10678,74375
10679,81865
10680,40565
10681,82075
10682,75950
10683,85050
10684,74375
10685,60060
10686,53235
10687,61180
10688,43890
10689,79765
10690,53480
10691,37135
10692,52325
10693,47775
10694,81410
10695,76755
10696,64610
10697,67515
10698,62895
10699,41405
10700,67970
10701,50855
10702,88690
10703,48055
10704,58625
10705,32830
10706,44695
10707,70700
10708,59780
10709,67900
10710,104615
10711,66010
10712,40495
10713,76475
10714,81165
10715,70700
10716,62195
10717,51380
10718,74865
10719,66080
10720,91105
10721,79870
10722,76475
10723,39095
10724,34650
10725,50925
10726,72240
10727,59570
10728,48300
10729,73535
10730,75110
10731,81060
10732,55125
10733,68250
10734,81830
10735,36820
10736,83335
10737,59570
10738,44205
10739,77210
10740,42735
10741,87220
10742,72135
10743,80255
10744,77945
10745,83650
10746,60410
10747,26600
10748,100695
10749,63140
10750,76370
10751,48475
10752,72870
10753,37695
10754,39830
10755,84595
10756,26495
10757,50995
10758,51380
10759,57435
10760,67200
10761,100975
10762,68880
10763,64260
10764,40180
10765,74235
10766,87220
10767,25515
10768,55195
10769,81270
10770,60410
10771,89425
10772,70735
10773,40565
10774,76860
10775,72415
10776,72310
10777,78575
10778,72345
10779,69860
10780,69335
10781,33390
10782,62195
10783,70945
10784,98070
10785,88725
10786,70455
10787,67340
10788,79170
10789,51905
10790,71960
10791,52885
10792,49630
10793,55300
10794,102165
10795,56035
10796,54775
10797,63140
10798,93450
10799,50015
10800,59920
10801,65905
10802,113575
10803,71015
10804,90160
10805,70770
10806,85470
10807,57085
10808,72975
10809,79240
10810,49525
10811,65030
10812,83790
10813,81620
10814,23485
10815,90930
10816,74025
10817,86555
10818,46025
10819,77630
10820,82530
10821,96145
10822,49070
10823,106995
10824,53235
10825,74970
10826,74970
10827,76755
10828,81130
10829,63070
10830,64365
10831,106750
10832,57260
10833,111685
10834,43085
10835,65730
10836,68460
10837,65520
10838,92750
10839,60550
10840,73255
10841,78855
10842,72485
10843,46340
10844,78505
10845,72205
10846,89145
10847,47740
10848,35735
10849,38885
10850,54215
10851,82040
10852,75845
10853,110810
10854,63035
10855,49840
10856,22085
10857,74165
10858,65730
10859,76090
10860,51450
10861,79695
10862,88130
10863,82985
10864,95515
10865,72485
10866,55405
10867,80850
10868,77770
10869,47845
10870,45955
10871,25375
10872,72170
10873,83335
10874,66395
10875,42070
10876,101115
10877,51520
10878,75950
10879,82460
10880,71995
10881,74795
10882,89985
10883,33145
10884,71435
10885,71225
10886,82565
10887,89250
10888,113750
10889,66675
10890,99330
10891,100765
10892,66220
10893,76300
10894,77525
10895,37310
10896,61040
10897,63070
10898,97335
10899,76125
10900,85645
10901,70000
10902,28910
10903,62825
10904,89705
10905,56770
10906,79030
10907,23835
10908,64505
10909,48895
10910,74375
10911,63735
10912,56980
10913,73885
10914,104230
10915,77035
10916,63385
10917,96495
10918,83090
10919,69475
10920,100030
10921,62720
10922,28840
10923,77980
10924,66500
10925,70140
10926,60830
10927,49455
10928,69090
10929,68705
10930,56385
10931,52745
10932,60200
10933,65905
10934,59325
10935,38745
10936,67585
10937,68145
10938,38080
10939,88445
10940,97510
10941,42875
10942,69685
10943,99995
10944,72940
10945,81480
10946,45220
10947,78365
10948,88795
10949,77700
10950,87815
10951,81690
10952,42455
10953,79555
10954,51975
10955,64925
10956,67550
10957,91000
10958,40390
10959,71715
10960,73220
10961,44135
10962,57015
10963,79835
10964,74270
10965,41790
10966,65485
10967,80045
10968,94430
10969,65660
10970,84805
10971,42805
10972,54740
10973,81620
10974,74515
10975,70595
10976,57295
10977,57960
10978,65170
10979,78050
10980,59990
10981,78925
10982,29855
10983,93345
10984,63910
10985,71295
10986,89005
10987,90475
10988,38080
10989,74340
10990,42385
10991,77105
10992,57680
10993,93345
10994,69370
10995,88375
10996,64085
10997,79275
10998,96040
10999,67130
11000,62930
11001,78470
11002,98735
11003,76335
11004,55860
11005,80115
11006,75110
11007,46900
11008,63315
11009,74515
11010,52185
11011,31780
11012,55020
11013,50785
11014,67585
11015,64715
11016,78960
11017,82180
11018,56490
11019,56245
11020,78120
11021,85470
11022,79800
11023,50680
11024,80955
11025,62825
11026,83440
11027,45745
11028,75985
11029,36750
11030,51135
11031,80640
11032,53830
11033,67830
11034,61950
11035,90825
11036,80360
11037,66255
11038,89530
11039,62475
11040,94360
11041,50575
11042,21455
11043,27160
11044,57785
11045,90685
11046,82250
11047,86450
11048,70385
11049,92400
11050,50540
11051,75040
11052,45640
11053,54880
11054,73185
11055,46865
11056,74375
11057,54250
11058,91875
11059,88165
11060,57575
11061,65590
11062,59780
11063,31360
11064,51625
11065,39970
11066,46690
11067,72485
11068,99750
11069,56280
11070,100870
11071,94675
11072,74130
11073,11095
11074,66710
11075,63455
11076,20790
11077,73255
11078,57995
11079,61320
11080,75110
11081,85190
11082,60305
11083,95130
11084,70420
11085,65065
11086,62965
11087,64610
11088,72345
11089,48475
11090,62545
11091,57680
11092,69475
11093,47110
11094,58275
11095,116340
11096,64505
11097,72590
11098,64750
11099,77595
11100,74200
11101,47950
11102,47495
11103,66850
11104,92330
11105,64435
11106,60830
11107,72100
11108,40565
11109,58660
11110,32935
11111,64820
11112,89005
11113,55860
11114,78925
11115,88935
11116,79730
11117,40880
11118,80080
11119,79625
11120,60480
11121,89880
11122,84455
11123,74445
11124,87535
11125,25725
11126,75775
11127,62300
11128,79660
11129,74970
11130,98735
11131,92890
11132,88165
11133,42840
11134,45885
11135,85785
11136,80255
11137,64610
11138,60445
11139,88865
11140,59430
11141,84000
11142,80885
11143,50575
11144,77840
11145,98665
11146,67900
11147,64715
11148,73605
11149,44625
11150,84070
11151,80815
11152,76545
11153,49910
11154,87255
11155,84350
11156,64855
11157,66745
11158,104160
11159,86625
11160,73710
11161,55790
11162,67410
11163,67655
11164,76615
11165,36225
11166,54250
11167,60900
11168,70315
11169,71155
11170,56175
11171,89985
11172,89740
11173,57505
11174,36680
11175,55860
11176,36995
11177,85925
11178,95375
11179,64155
11180,82110
11181,57505
11182,55930
11183,74760
11184,33180
11185,81970
11186,75145
11187,32270
11188,57750
11189,103985
11190,42875
11191,56700
11192,76790
11193,54880
11194,52920
11195,57645
11196,74620
11197,44100
11198,60340
11199,76370
11200,77910
11201,57540
11202,88725
11203,78855
11204,116340
11205,60865
11206,71995
11207,103915
11208,94710
11209,93660
11210,37590
11211,63140
11212,56770
11213,48230
11214,59045
11215,61075
11216,61425
11217,65835
11218,83090
11219,36575
11220,80745
11221,88235
11222,70210
11223,85785
11224,50470
11225,55895
11226,69160
11227,62860
11228,73465
11229,59395
11230,77525
11231,87780
11232,74340
11233,74585
11234,88025
11235,73640
11236,114415
11237,62965
11238,76615
11239,37730
11240,65730
11241,69475
11242,90195
11243,92750
11244,52500
11245,95725
11246,19740
11247,67585
11248,84840
11249,59570
11250,67235
11251,67550
11252,19845
11253,72660
11254,46375
11255,73710
11256,69790
11257,77805
11258,79590
11259,70595
11260,38640
11261,85015
11262,56385
11263,53445
11264,89110
11265,87640
11266,79905
11267,50750
11268,92155
11269,74130
11270,85995
11271,73080
11272,71715
11273,60935
11274,66010
11275,72415
11276,67305
11277,116935
11278,66990
11279,55160
11280,64890
11281,29365
11282,85995
11283,58555
11284,63245
11285,60200
11286,28315
11287,73570
11288,34930
11289,32165
11290,21980
11291,69370
11292,66535
11293,73675
11294,49980
11295,60375
11296,83440
11297,66185
11298,68985
11299,88760
11300,51030
11301,88410
11302,77280
11303,67410
11304,78365
11305,47635
11306,84945
11307,84140
11308,60410
11309,76160
11310,65240
11311,64295
11312,89705
11313,84385
11314,79170
11315,49665
11316,77700
11317,85785
11318,39970
11319,69125
11320,79485
11321,23765
11322,99995
11323,71890
11324,100625
11325,57330
11326,74550
11327,89460
11328,29645
11329,93065
11330,74305
11331,58765
11332,75285
11333,91665
11334,62440
11335,89285
11336,103040
11337,64295
11338,37625
11339,75390
11340,104965
11341,99750
11342,76895
11343,63000
11344,79380
11345,68425
11346,80255
11347,48615
11348,63280
11349,91035
11350,73570
11351,82670
11352,76020
11353,82670
11354,65975
11355,59150
11356,21805
11357,64960
11358,64330
11359,57400
11360,61985
11361,31255
11362,57680
11363,66920
11364,22155
11365,82740
11366,58590
11367,58205
11368,40845
11369,102305
11370,57470
11371,68775
11372,57295
11373,79590
11374,90230
11375,80780
11376,71050
11377,63980
11378,72695
11379,65975
11380,68495
11381,68985
11382,112735
11383,98490
11384,25095
11385,93065
11386,84140
11387,93800
11388,51870
11389,74060
11390,74760
11391,73185
11392,72590
11393,85960
11394,63665
11395,72450
11396,78785
11397,67200
11398,71085
11399,49385
11400,66640
11401,66010
11402,60655
11403,59745
11404,72800
11405,71750
11406,39865
11407,69195
11408,56945
11409,51625
11410,93450
11411,67655
11412,45710
11413,86590
11414,66570
11415,84700
11416,64505
11417,101780
11418,50995
11419,61670
11420,69265
11421,83965
11422,65765
11423,97405
11424,63455
11425,46480
11426,105945
11427,93625
11428,35735
11429,39235
11430,59710
11431,95235
11432,92715
11433,95515
11434,41650
11435,67060
11436,45780
11437,46165
11438,81270
11439,56875
11440,53550
11441,57260
11442,65170
11443,29540
11444,55300
11445,93625
11446,71715
11447,50890
11448,28595
11449,29680
11450,71400
11451,55545
11452,76020
11453,60200
11454,62125
11455,69370
11456,63630
11457,92085
11458,37380
11459,87605
11460,52080
11461,55020
11462,81655
11463,103705
11464,83440
11465,76020
11466,41230
11467,85960
11468,99890
11469,65625
11470,75600
11471,90195
11472,35000
11473,68110
11474,42665
11475,63735
11476,77770
11477,55055
11478,63280
11479,72975
11480,72905
11481,86730
11482,64960
11483,49840
11484,59990
11485,60515
11486,78715
11487,48055
11488,77140
11489,54985
11490,89005
11491,70700
11492,80045
11493,82250
11494,103530
11495,70840
11496,59500
11497,69160
11498,106190
11499,78120
11500,49875
11501,44590
11502,62965
11503,66500
11504,36015
11505,54530
11506,45115
11507,65240
11508,52990
11509,53270
11510,64015
11511,73080
11512,72625
11513,51065
11514,36050
11515,45185
11516,56140
11517,66255
11518,70140
11519,61670
11520,55370
11521,66010
11522,43015
11523,62405
11524,57645
11525,106085
11526,96950
11527,70140
11528,66535
11529,73570
11530,80360
11531,71050
11532,57505
11533,80255
11534,61110
11535,34650
11536,72345
11537,32585
11538,25200
11539,43925
11540,62020
11541,46970
11542,97825
11543,62720
11544,28175
11545,54810
11546,39655
11547,45325
11548,62650
11549,66395
11550,54215
11551,98420
11552,51730
11553,56840
11554,78890
11555,44870
11556,79765
11557,60235
11558,85365
11559,89460
11560,39935
11561,53830
11562,70665
11563,81025
11564,50925
11565,64575
11566,63700
11567,70805
11568,64610
11569,94640
11570,50015
11571,62545
11572,86975
11573,77420
11574,85085
11575,68005
11576,58660
11577,70770
11578,83965
11579,75425
11580,85400
11581,74550
11582,83230
11583,72380
11584,49875
11585,99015
11586,36085
11587,42875
11588,62965
11589,81025
11590,67445
11591,52115
11592,82355
11593,44765
11594,70280
11595,58940
11596,104440
11597,73045
11598,99855
11599,79065
11600,80885
11601,79555
11602,63560
11603,58100
11604,77980
11605,46585
11606,110985
11607,74655
11608,55020
11609,85785
11610,73500
11611,46340
11612,62055
11613,79730
11614,64260
11615,70840
11616,56455
11617,74060
11618,22610
11619,-10745
11620,58415
11621,92820
11622,82880
11623,87010
11624,74025
11625,69650
11626,96075
11627,85680
11628,79170
11629,78785
11630,31080
11631,69510
11632,76160
11633,51065
11634,76300
11635,88900
11636,55440
11637,63735
11638,22435
11639,78330
11640,48615
11641,78505
11642,51135
11643,74305
11644,97930
11645,61600
11646,72940
11647,61740
11648,79030
11649,51940
11650,86065
11651,22575
11652,60725
11653,69755
11654,79940
11655,63630
11656,93975
11657,66080
11658,82215
11659,51940
11660,83055
11661,51415
11662,76160
11663,54740
11664,50435
11665,56560
11666,80255
11667,95865
11668,81585
11669,80535
11670,62685
11671,89705
11672,72520
11673,33145
11674,49980
11675,75705
11676,48790
11677,67200
11678,42105
11679,52570
11680,78295
11681,52710
11682,83650
11683,46375
11684,50960
11685,64680
11686,92015
11687,52850
11688,63840
11689,60165
11690,42210
11691,79765
11692,38465
11693,71295
11694,76930
11695,71925
11696,52220
11697,48160
11698,59780
11699,35875
11700,75985
11701,67760
11702,99785
11703,51240
11704,36120
11705,73605
11706,39410
11707,80500
11708,24640
11709,50820
11710,41790
11711,41615
11712,38745
11713,82845
11714,47530
11715,63175
11716,46165
11717,100695
11718,66710
11719,60935
11720,87325
11721,81130
11722,99855
11723,73675
11724,84315
11725,53060
11726,47285
11727,32550
11728,52885
11729,63280
11730,72205
11731,52045
11732,70910
11733,75110
11734,93905
11735,86765
11736,52955
11737,85995
11738,55405
11739,32095
11740,40390
11741,88760
11742,41650
11743,82075
11744,44730
11745,65030
11746,59675
11747,95235
11748,44275
11749,61985
11750,54355
11751,75705
11752,44380
11753,44380
11754,89355
11755,25130
11756,59325
11757,47880
11758,42630
11759,69405
11760,81655
11761,80675
11762,73395
11763,73850
11764,74270
11765,69895
11766,93695
11767,71750
11768,63350
11769,63315
11770,80325
11771,77035
11772,91595
11773,54845
11774,88515
11775,96110
11776,69125
11777,88585
11778,63175
11779,55720
11780,91210
11781,52955
11782,80815
11783,73850
11784,71960
11785,75355
11786,91980
11787,71960
11788,54565
11789,48965
11790,55685
11791,75005
11792,68810
11793,61285
11794,70210
11795,49210
11796,42770
11797,72310
11798,82985
11799,63910
11800,48195
11801,69020
11802,86205
11803,62615
11804,59500
11805,63700
11806,85260
11807,33215
11808,75495
11809,79765
11810,32200
11811,48825
11812,22540
11813,91595
11814,114975
11815,86345
11816,84910
11817,57470
11818,86905
11819,65310
11820,75880
11821,80010
11822,10955
11823,50155
11824,82705
11825,57015
11826,74725
11827,69090
11828,106645
11829,75075
11830,90265
11831,59535
11832,54810
11833,48160
11834,50610
11835,64435
11836,75390
11837,70595
11838,98035
11839,77490
11840,61775
11841,48160
11842,110250
11843,76195
11844,17045
11845,85610
11846,21910
11847,88130
11848,81585
11849,52710
11850,61565
11851,56245
11852,75775
11853,50190
11854,75285
11855,81130
11856,91875
11857,80045
11858,71225
11859,53620
11860,68565
11861,102725
11862,75600
11863,77175
11864,46445
11865,108990
11866,95410
11867,74235
11868,91245
11869,79485
11870,75215
11871,27335
11872,91385
11873,78400
11874,74760
11875,85085
11876,55370
11877,21770
11878,54005
11879,90510
11880,69230
11881,79100
11882,74340
11883,87115
11884,58555
11885,34650
11886,56525
11887,78925
11888,74025
11889,78610
11890,72975
11891,35945
11892,72800
11893,70630
11894,82320
11895,90020
11896,60620
11897,74130
11898,64400
11899,57400
11900,98700
11901,74130
11902,61250
11903,101255
11904,97370
11905,44450
11906,77945
11907,87045
11908,77700
11909,91210
11910,59955
11911,72135
11912,79205
11913,96145
11914,79625
11915,82565
11916,68600
11917,61005
11918,49175
11919,71330
11920,48230
11921,53060
11922,75775
11923,69405
11924,46130
11925,108885
11926,58450
11927,59255
11928,64365
11929,68355
11930,76265
11931,70070
11932,81795
11933,80430
11934,74305
11935,88655
11936,78470
11937,93030
11938,47915
11939,53620
11940,89075
11941,53025
11942,58695
11943,78085
11944,95690
11945,59325
11946,60340
11947,83230
11948,87850
11949,61425
11950,48230
11951,50820
11952,53865
11953,71715
11954,76825
11955,64610
11956,51835
11957,79730
11958,45850
11959,97335
11960,86520
11961,82740
11962,39515
11963,80640
11964,70875
11965,84350
11966,55965
11967,57785
11968,32305
11969,81865
11970,75215
11971,59465
11972,60060
11973,67305
11974,41195
11975,70035
11976,27650
11977,66710
11978,72380
11979,62755
11980,99750
11981,71400
11982,70385
11983,89775
11984,65590
11985,66815
11986,59990
11987,73325
11988,101605
11989,50190
11990,78400
11991,74795
11992,66220
11993,77490
11994,76860
11995,64295
11996,59465
11997,68915
11998,79625
11999,57225
12000,30380
12001,54915
12002,74725
12003,51975
12004,71435
12005,81725
12006,50190
12007,76475
12008,66010
12009,78015
12010,56595
12011,72800
12012,66780
12013,60480
12014,72835
12015,65310
12016,53690
12017,74515
12018,26635
12019,71435
12020,88900
12021,94115
12022,71085
12023,61215
12024,45115
12025,70595
12026,82600
12027,62545
12028,78750
12029,108605
12030,70385
12031,98315
12032,35385
12033,78330
12034,73990
12035,66605
12036,49805
12037,97965
12038,53235
12039,52360
12040,74025
12041,36855
12042,99120
12043,89670
12044,61495
12045,44625
12046,84560
12047,93800
12048,42700
12049,35840
12050,46795
12051,32655
12052,46270
12053,57575
12054,40110
12055,49945
12056,62370
12057,70525
12058,87500
12059,16485
12060,67550
12061,70350
12062,86450
12063,79345
12064,47075
12065,69020
12066,63525
12067,81410
12068,29855
12069,66850
12070,52290
12071,71190
12072,93135
12073,62335
12074,62335
12075,55195
12076,22225
12077,72765
12078,89355
12079,90405
12080,70210
12081,16800
12082,54040
12083,73745
12084,53480
12085,43015
12086,56315
12087,28140
12088,60795
12089,54320
12090,77350
12091,57435
12092,64645
12093,78785
12094,78050
12095,84210
12096,75075
12097,68670
12098,47180
12099,26985
12100,63175
12101,59185
12102,75110
12103,57645
12104,75355
12105,73150
12106,79870
12107,34685
12108,55650
12109,63945
12110,78890
12111,55195
12112,53725
12113,55930
12114,64015
12115,8295
12116,68320
12117,103005
12118,71470
12119,50365
12120,94780
12121,78015
12122,43330
12123,60795
12124,75775
12125,93555
12126,67025
12127,41510
12128,71715
12129,50225
12130,87710
12131,94570
12132,60235
12133,60200
12134,54110
12135,64715
12136,69545
12137,59710
12138,78645
12139,46760
12140,74760
12141,70665
12142,70385
12143,67340
12144,79590
12145,65975
12146,70105
12147,78295
12148,63700
12149,109900
12150,87500
12151,73045
12152,73710
12153,90755
12154,66255
12155,47180
12156,59990
12157,51905
12158,73255
12159,2660
12160,20860
12161,42665
12162,89600
12163,51835
12164,66325
12165,97825
12166,42105
12167,96950
12168,97790
12169,62580
12170,88340
12171,39200
12172,79520
12173,75110
12174,39865
12175,81445
12176,102725
12177,91945
12178,80570
12179,62545
12180,72065
12181,69370
12182,34475
12183,78680
12184,50225
12185,68670
12186,64365
12187,50610
12188,53865
12189,62685
12190,66500
12191,70560
12192,91175
12193,50750
12194,71610
12195,61985
12196,62370
12197,44415
12198,38500
12199,51520
12200,60375
12201,70070
12202,64225
12203,67550
12204,58800
12205,59605
12206,65520
12207,89075
12208,59710
12209,67375
12210,66465
12211,11900
12212,68810
12213,82320
12214,80710
12215,80640
12216,58590
12217,81095
12218,40250
12219,82285
12220,100730
12221,91210
12222,85680
12223,51310
12224,100415
12225,54845
12226,70455
12227,66185
12228,60095
12229,83370
12230,75530
12231,95550
12232,40950
12233,58380
12234,85995
12235,71820
12236,37100
12237,46410
12238,59640
12239,66430
12240,48615
12241,68075
12242,82775
12243,62860
12244,93240
12245,71400
12246,67130
12247,72555
12248,75670
12249,59535
12250,45885
12251,76825
12252,58520
12253,45640
12254,69790
12255,62020
12256,34545
12257,64855
12258,85435
12259,69090
12260,71680
12261,56035
12262,78960
12263,71575
12264,86415
12265,77805
12266,83720
12267,64785
12268,64645
12269,38745
12270,70035
12271,54390
12272,55125
12273,77455
12274,80220
12275,39515
12276,69965
12277,66990
12278,82985
12279,62755
12280,62020
12281,88445
12282,48265
12283,80115
12284,80990
12285,50050
12286,67200
12287,59290
12288,81795
12289,42280
12290,39515
12291,65380
12292,44240
12293,59220
12294,68180
12295,56070
12296,57680
12297,84840
12298,85015
12299,85085
12300,94640
12301,82460
12302,86520
12303,66885
12304,75565
12305,63910
12306,29260
12307,57435
12308,71820
12309,36995
12310,67340
12311,78365
12312,54950
12313,49140
12314,88760
12315,25970
12316,52570
12317,46935
12318,51940
12319,34510
12320,65520
12321,87850
12322,89495
12323,50260
12324,16205
12325,69475
12326,44415
12327,57015
12328,89040
12329,83265
12330,88830
12331,46375
12332,66115
12333,63805
12334,103635
12335,97825
12336,52500
12337,28525
12338,42105
12339,43785
12340,57015
12341,48020
12342,84245
12343,75810
12344,75915
12345,73815
12346,94745
12347,20825
12348,70490
12349,71470
12350,91210
12351,56630
12352,66150
12353,52465
12354,50995
12355,73815
12356,50820
12357,47390
12358,97860
12359,68390
12360,78085
12361,63175
12362,88760
12363,61040
12364,80255
12365,81655
12366,68040
12367,57085
12368,79135
12369,31185
12370,32305
12371,49035
12372,74025
12373,36820
12374,53690
12375,64715
12376,68495
12377,68425
12378,46235
12379,67025
12380,35420
12381,84210
12382,77805
12383,75740
12384,69440
12385,62265
12386,89040
12387,57260
12388,60095
12389,53970
12390,89565
12391,88270
12392,57260
12393,84910
12394,80815
12395,79940
12396,106960
12397,69615
12398,39515
12399,54950
12400,59360
12401,41335
12402,61390
12403,50155
12404,68880
12405,98280
12406,109830
12407,54845
12408,93170
12409,90615
12410,38255
12411,59080
12412,84455
12413,30205
12414,73255
12415,79030
12416,56770
12417,75705
12418,62195
12419,72415
12420,70980
12421,69965
12422,50575
12423,72100
12424,77980
12425,40600
12426,58625
12427,66045
12428,79730
12429,72205
12430,29155
12431,79625
12432,69650
12433,52885
12434,54740
12435,54460
12436,82775
12437,43260
12438,48755
12439,45465
12440,60130
12441,65240
12442,63875
12443,60585
12444,62965
12445,40460
12446,75670
12447,90160
12448,71540
12449,64715
12450,94290
12451,66850
12452,29155
12453,54880
12454,57505
12455,71365
12456,56490
12457,35525
12458,79520
12459,79345
12460,96215
12461,25375
12462,84980
12463,74690
12464,45360
12465,60235
12466,58415
12467,57995
12468,94150
12469,46410
12470,50470
12471,56980
12472,105385
12473,54495
12474,75110
12475,74305
12476,79415
12477,41265
12478,68110
12479,79240
12480,91280
12481,69055
12482,28070
12483,66815
12484,58205
12485,99645
12486,38640
12487,85120
12488,93800
12489,67515
12490,74200
12491,58590
12492,50435
12493,102830
12494,80115
12495,64680
12496,70035
12497,92435
12498,70035
12499,69825
12500,64505
12501,58205
12502,77980
12503,72660
12504,56770
12505,50750
12506,84805
12507,41790
12508,78015
12509,73395
12510,57645
12511,64925
12512,38675
12513,93030
12514,89880
12515,84735
12516,90685
12517,62510
12518,73325
12519,88200
12520,78575
12521,69405
12522,73815
12523,62685
12524,68425
12525,47705
12526,36155
12527,47215
12528,72940
12529,49000
12530,69440
12531,30030
12532,45570
12533,71750
12534,62335
12535,66990
12536,59185
12537,71330
12538,53025
12539,39795
12540,38815
12541,72485
12542,73325
12543,61145
12544,106855
12545,99960
12546,51275
12547,64330
12548,55335
12549,88200
12550,92155
12551,104230
12552,27300
12553,74060
12554,75740
12555,65800
12556,65520
12557,99260
12558,68670
12559,70420
12560,86660
12561,88865
12562,62790
12563,23310
12564,71260
12565,65590
12566,86030
12567,57680
12568,58275
12569,29680
12570,76370
12571,94535
12572,50225
12573,91945
12574,71925
12575,52780
12576,44415
12577,77105
12578,81445
12579,16975
12580,65205
12581,67200
12582,53970
12583,71680
12584,46830
12585,103285
12586,44100
12587,51590
12588,69615
12589,70140
12590,85960
12591,84700
12592,77735
12593,13405
12594,75320
12595,68705
12596,70840
12597,78750
12598,93730
12599,58170
12600,63490
12601,71295
12602,87780
12603,54355
12604,72205
12605,38675
12606,48405
12607,59920
12608,70035
12609,93380
12610,52430
12611,77035
12612,50050
12613,60830
12614,76370
12615,69895
12616,60690
12617,57575
12618,77385
12619,82355
12620,49770
12621,84245
12622,36050
12623,63245
12624,65555
12625,47810
12626,43505
12627,56455
12628,81690
12629,74480
12630,45150
12631,64925
12632,79380
12633,80815
12634,83510
12635,61950
12636,39445
12637,74830
12638,77140
12639,22785
12640,70945
12641,98315
12642,51450
12643,68880
12644,78645
12645,103880
12646,84945
12647,41965
12648,36400
12649,43155
12650,71540
12651,33705
12652,38185
12653,9765
12654,46375
12655,70525
12656,87465
12657,54565
12658,22015
12659,53200
12660,77805
12661,58205
12662,90755
12663,85820
12664,95515
12665,41335
12666,79835
12667,56805
12668,71645
12669,77525
12670,71610
12671,110110
12672,68635
12673,54950
12674,103285
12675,94885
12676,72555
12677,27055
12678,62650
12679,70630
12680,47670
12681,75600
12682,23695
12683,56385
12684,21385
12685,88130
12686,56280
12687,48895
12688,13195
12689,61460
12690,43750
12691,60270
12692,80535
12693,87080
12694,62615
12695,64820
12696,36295
12697,88340
12698,79415
12699,62650
12700,73150
12701,66185
12702,64505
12703,101710
12704,47880
12705,39585
12706,54810
12707,17500
12708,98000
12709,61740
12710,70700
12711,68320
12712,55125
12713,71330
12714,70140
12715,96355
12716,87990
12717,100940
12718,74375
12719,97265
12720,46760
12721,70280
12722,79345
12723,69580
12724,41930
12725,62895
12726,69510
12727,91595
12728,81760
12729,44345
12730,66885
12731,87500
12732,82880
12733,67270
12734,65800
12735,64330
12736,88340
12737,66185
12738,64155
12739,52150
12740,46200
12741,71540
12742,67690
12743,85575
12744,73010
12745,53375
12746,70350
12747,91175
12748,45150
12749,100660
12750,99820
12751,54775
12752,87465
12753,86485
12754,60690
12755,71295
12756,83720
12757,96705
12758,73150
12759,77070
12760,67655
12761,98070
12762,89145
12763,53620
12764,54285
12765,107800
12766,68355
12767,58660
12768,93100
12769,39375
12770,71960
12771,75425
12772,85470
12773,64680
12774,66815
12775,53690
12776,54565
12777,52395
12778,36295
12779,68075
12780,109725
12781,52920
12782,56525
12783,84280
12784,78120
12785,56210
12786,28070
12787,82565
12788,64400
12789,95655
12790,109480
12791,77385
12792,55335
12793,91070
12794,65345
12795,45815
12796,59360
12797,32480
12798,58450
12799,86520
12800,68670
12801,67445
12802,104965
12803,51940
12804,71505
12805,90020
12806,46060
12807,87150
12808,66465
12809,75635
12810,35770
12811,77735
12812,64260
12813,65415
12814,67235
12815,111090
12816,64435
12817,62090
12818,72030
12819,69405
12820,35000
12821,46620
12822,95340
12823,86135
12824,35070
12825,71785
12826,73150
12827,45780
12828,71680
12829,74830
12830,63210
12831,53585
12832,73885
12833,48965
12834,89775
12835,65520
12836,81865
12837,55965
12838,65240
12839,73885
12840,44135
12841,73605
12842,47075
12843,69370
12844,62020
12845,50400
12846,81550
12847,86800
12848,59605
12849,47390
12850,85575
12851,84595
12852,69720
12853,54670
12854,30170
12855,81480
12856,65940
12857,102550
12858,82635
12859,102900
12860,71120
12861,71540
12862,66220
12863,92505
12864,61495
12865,57295
12866,87885
12867,58555
12868,89915
12869,58380
12870,87150
12871,20685
12872,78295
12873,68845
12874,72170
12875,58870
12876,64225
12877,82880
12878,62580
12879,31920
12880,77595
12881,71365
12882,68215
12883,107590
12884,79555
12885,10780
12886,73395
12887,54600
12888,59640
12889,97055
12890,77280
12891,83510
12892,14770
12893,62160
12894,55825
12895,66535
12896,23835
12897,76965
12898,42805
12899,73290
12900,34195
12901,73010
12902,85645
12903,91315
12904,99085
12905,94430
12906,71715
12907,88585
12908,78715
12909,87535
12910,58520
12911,72555
12912,84280
12913,74410
12914,51625
12915,69615
12916,61985
12917,6545
12918,74725
12919,90475
12920,90440
12921,77210
12922,38500
12923,91140
12924,90300
12925,69755
12926,81200
12927,64610
12928,77035
12929,56840
12930,65100
12931,59885
12932,78225
12933,57960
12934,56490
12935,102200
12936,51345
12937,63070
12938,58170
12939,63035
12940,68250
12941,61810
12942,67270
12943,38710
12944,71365
12945,13930
12946,71995
12947,104930
12948,72730
12949,84035
12950,78995
12951,54600
12952,71715
12953,65940
12954,108815
12955,32935
12956,78365
12957,38465
12958,50225
12959,79485
12960,44345
12961,89355
12962,91105
12963,74795
12964,44345
12965,71715
12966,36925
12967,57575
12968,33110
12969,87150
12970,73500
12971,55265
12972,29995
12973,81375
12974,91840
12975,75530
12976,66430
12977,77875
12978,67970
12979,48790
12980,60305
12981,80290
12982,45290
12983,48230
12984,88025
12985,74060
12986,76265
12987,46970
12988,60515
12989,57610
12990,79275
12991,62020
12992,79310
12993,52605
12994,70070
12995,59430
12996,74725
12997,7385
12998,82250
12999,85330
13000,70525
13001,78225
13002,76335
13003,44625
13004,56350
13005,88830
13006,80745
13007,51205
13008,52500
13009,78645
13010,76510
13011,90755
13012,73465
13013,45990
13014,45780
13015,50505
13016,71680
13017,63315
13018,44205
13019,69300
13020,80045
13021,73640
13022,91315
13023,68215
13024,51660
13025,89565
13026,76195
13027,112840
13028,55230
13029,75565
13030,63385
13031,67480
13032,49665
13033,64330
13034,96740
13035,67585
13036,53025
13037,110530
13038,41685
13039,74130
13040,46305
13041,47005
13042,80360
13043,25830
13044,89285
13045,71120
13046,38955
13047,89285
13048,78260
13049,68215
13050,68005
13051,49980
13052,66115
13053,44275
13054,72905
13055,20615
13056,62090
13057,24430
13058,55930
13059,57960
13060,59780
13061,50435
13062,117565
13063,72100
13064,83930
13065,50715
13066,85470
13067,83195
13068,87465
13069,63980
13070,77840
13071,76055
13072,78295
13073,68320
13074,56805
13075,50715
13076,43015
13077,63630
13078,76790
13079,80290
13080,103040
13081,27755
13082,42875
13083,66185
13084,44485
13085,66395
13086,90545
13087,96740
13088,60375
13089,80990
13090,99855
13091,32375
13092,82810
13093,69650
13094,63630
13095,52325
13096,13265
13097,37065
13098,41370
13099,50855
13100,78645
13101,72065
13102,45570
13103,64365
13104,87080
13105,55160
13106,53410
13107,53235
13108,54810
13109,47495
13110,76650
13111,52920
13112,70560
13113,98455
13114,42210
13115,38955
13116,74480
13117,54635
13118,56665
13119,88375
13120,79275
13121,70910
13122,77735
13123,65905
13124,40600
13125,62720
13126,42105
13127,70560
13128,58625
13129,26460
13130,87710
13131,97370
13132,72415
13133,73745
13134,59220
13135,82320
13136,56980
13137,94220
13138,73010
13139,55825
13140,65765
13141,63735
13142,18200
13143,91665
13144,64120
13145,69650
13146,109445
13147,86870
13148,1190
13149,34930
13150,93450
13151,64015
13152,48475
13153,49525
13154,91560
13155,55405
13156,53935
13157,61040
13158,65100
13159,44380
13160,67830
13161,114275
13162,62020
13163,78050
13164,81445
13165,62125
13166,29785
13167,54705
13168,99260
13169,61775
13170,42350
13171,61180
13172,77490
13173,61390
13174,57260
13175,51450
13176,63140
13177,48930
13178,59570
13179,108290
13180,77210
13181,92330
13182,80290
13183,101815
13184,69650
13185,79450
13186,71435
13187,47320
13188,88655
13189,46060
13190,86135
13191,73955
13192,71750
13193,65870
13194,61460
13195,86835
13196,115710
13197,59885
13198,80570
13199,38045
13200,58870
13201,77770
13202,63945
13203,55615
13204,57715
13205,16590
13206,51625
13207,89740
13208,79730
13209,79100
13210,75040
13211,87290
13212,60235
13213,109970
13214,59255
13215,73010
13216,35385
13217,82320
13218,101675
13219,82390
13220,75320
13221,95760
13222,52815
13223,67200
13224,86240
13225,82355
13226,92750
13227,12565
13228,38955
13229,69370
13230,82915
13231,87255
13232,69405
13233,50995
13234,74900
13235,58555
13236,71190
13237,76125
13238,72485
13239,99995
13240,84490
13241,46025
13242,83615
13243,43715
13244,45500
13245,73115
13246,64540
13247,48720
13248,43680
13249,68075
13250,55195
13251,89215
13252,75005
13253,70630
13254,102445
13255,58765
13256,67445
13257,69825
13258,55755
13259,83370
13260,48195
13261,12635
13262,62090
13263,39515
13264,52115
13265,78085
13266,62580
13267,55020
13268,45080
13269,81095
13270,48265
13271,30730
13272,53480
13273,67305
13274,94430
13275,84210
13276,49770
13277,73745
13278,61740
13279,59640
13280,71120
13281,71400
13282,60550
13283,67270
13284,60620
13285,78050
13286,67340
13287,59500
13288,50820
13289,48405
13290,47285
13291,87430
13292,69510
13293,71645
13294,44345
13295,26180
13296,72730
13297,76720
13298,55860
13299,55195
13300,38605
13301,47530
13302,55125
13303,57925
13304,83650
13305,71295
13306,95130
13307,96810
13308,82635
13309,80990
13310,79975
13311,62895
13312,58730
13313,66290
13314,109165
13315,53375
13316,82005
13317,79905
13318,65170
13319,73430
13320,58240
13321,33005
13322,58170
13323,83755
13324,66185
13325,57400
13326,54915
13327,42980
13328,58940
13329,60095
13330,31675
13331,63490
13332,52360
13333,100695
13334,60305
13335,37905
13336,56910
13337,70000
13338,38430
13339,19880
13340,74445
13341,89950
13342,95095
13343,73220
13344,47635
13345,80360
13346,97300
13347,85610
13348,77665
13349,64785
13350,43715
13351,86905
13352,66815
13353,72135
13354,54390
13355,66115
13356,111020
13357,55020
13358,75285
13359,77140
13360,53270
13361,31150
13362,46690
13363,68985
13364,83895
13365,72030
13366,81900
13367,61845
13368,40670
13369,59535
13370,108220
13371,41125
13372,101360
13373,80325
13374,63735
13375,46830
13376,29470
13377,48440
13378,65625
13379,52745
13380,40250
13381,83405
13382,55335
13383,54145
13384,73500
13385,84455
13386,57120
13387,69370
13388,73955
13389,63945
13390,90510
13391,52500
13392,4970
13393,69545
13394,50225
13395,24850
13396,59640
13397,59675
13398,86345
13399,78505
13400,69755
13401,40285
13402,66325
13403,81060
13404,83965
13405,68915
13406,97685
13407,33635
13408,71680
13409,81410
13410,64120
13411,71785
13412,69475
13413,38010
13414,73920
13415,85715
13416,57785
13417,58625
13418,54950
13419,74935
13420,74970
13421,20230
13422,72065
13423,92855
13424,64120
13425,84455
13426,83930
13427,69265
13428,91595
13429,43855
13430,82810
13431,88025
13432,70490
13433,78820
13434,36365
13435,56770
13436,56035
13437,33775
13438,57960
13439,83965
13440,78750
13441,72590
13442,100345
13443,54460
13444,68145
13445,97720
13446,76580
13447,95620
13448,67620
13449,69475
13450,83510
13451,66920
13452,75950
13453,49280
13454,61600
13455,107030
13456,62650
13457,81550
13458,55545
13459,36680
13460,71995
13461,84630
13462,77070
13463,77035
13464,74935
13465,85190
13466,70945
13467,28805
13468,108500
13469,83405
13470,85190
13471,100450
13472,30660
13473,15750
13474,70245
13475,72905
13476,74900
13477,46935
13478,57470
13479,74655
13480,78610
13481,62475
13482,83475
13483,71750
13484,71190
13485,70385
13486,42910
13487,49350
13488,81970
13489,62965
13490,72590
13491,56210
13492,63735
13493,85575
13494,62440
13495,51555
13496,72240
13497,27300
13498,66780
13499,91140
13500,52850
13501,81480
13502,65345
13503,8400
13504,96110
13505,71120
13506,56560
13507,69650
13508,69195
13509,75670
13510,50855
13511,104510
13512,53235
13513,76370
13514,77770
13515,80780
13516,56910
13517,113925
13518,53410
13519,69510
13520,94255
13521,65485
13522,38675
13523,71400
13524,66745
13525,80430
13526,71085
13527,64260
13528,79065
13529,70035
13530,72345
13531,37415
13532,76790
13533,89740
13534,63140
13535,106680
13536,55405
13537,38185
13538,41825
13539,25515
13540,49210
13541,83125
13542,73010
13543,57365
13544,68530
13545,56035
13546,50435
13547,82250
13548,68460
13549,66255
13550,79310
13551,95830
13552,68040
13553,63595
13554,53060
13555,64435
13556,40880
13557,54950
13558,83335
13559,57575
13560,50295
13561,56875
13562,80675
13563,63595
13564,84490
13565,58135
13566,59290
13567,23555
13568,54565
13569,60725
13570,95235
13571,100450
13572,30660
13573,57190
13574,78960
13575,76055
13576,11445
13577,58170
13578,77070
13579,42350
13580,57365
13581,57260
13582,74690
13583,70490
13584,30485
13585,67655
13586,101465
13587,53725
13588,72450
13589,74410
13590,69230
13591,62440
13592,63875
13593,32865
13594,27615
13595,61075
13596,30870
13597,55160
13598,76090
13599,46970
13600,80640
13601,55300
13602,70210
13603,420
13604,75985
13605,53130
13606,77910
13607,41895
13608,88655
13609,52920
13610,57435
13611,83265
13612,73220
13613,69335
13614,90510
13615,79275
13616,79345
13617,51555
13618,79800
13619,92050
13620,70035
13621,70140
13622,54600
13623,62090
13624,74795
13625,79835
13626,89390
13627,77560
13628,88760
13629,43260
13630,71085
13631,78575
13632,59885
13633,53410
13634,59115
13635,79170
13636,93205
13637,81655
13638,32795
13639,75495
13640,64400
13641,60410
13642,72625
13643,81480
13644,30450
13645,77665
13646,79485
13647,73885
13648,41510
13649,69370
13650,65065
13651,60095
13652,48650
13653,76720
13654,69615
13655,93100
13656,57505
13657,68775
13658,81200
13659,76475
13660,35805
13661,61845
13662,62580
13663,52745
13664,35665
13665,60865
13666,57400
13667,60550
13668,80010
13669,49000
13670,12250
13671,82950
13672,67165
13673,58205
13674,85085
13675,65065
13676,89880
13677,77035
13678,64155
13679,56770
13680,74305
13681,52325
13682,53655
13683,71295
13684,68005
13685,71155
13686,98000
13687,61670
13688,57855
13689,56945
13690,122955
13691,64750
13692,74340
13693,68110
13694,80220
13695,42420
13696,61950
13697,93590
13698,73990
13699,89530
13700,73745
13701,92085
13702,48650
13703,44100
13704,76545
13705,78050
13706,36855
13707,20405
13708,43610
13709,66920
13710,71680
13711,40565
13712,64260
13713,59710
13714,58660
13715,75635
13716,76335
13717,86625
13718,89985
13719,83300
13720,65380
13721,81095
13722,59185
13723,59920
13724,74935
13725,75635
13726,40355
13727,78750
13728,98385
13729,73605
13730,53935
13731,49700
13732,96670
13733,46900
13734,67095
13735,64540
13736,60515
13737,68880
13738,72030
13739,96600
13740,36820
13741,61215
13742,91700
13743,87605
13744,88095
13745,57050
13746,65730
13747,73185
13748,75355
13749,84175
13750,54250
13751,85365
13752,53200
13753,76160
13754,77700
13755,102690
13756,91105
13757,73080
13758,58800
13759,69230
13760,67795
13761,70140
13762,86415
13763,80675
13764,64785
13765,90720
13766,59220
13767,65625
13768,65835
13769,59290
13770,51170
13771,75250
13772,80780
13773,91630
13774,30240
13775,56840
13776,83055
13777,88410
13778,37275
13779,66150
13780,56805
13781,72940
13782,8680
13783,74165
13784,84280
13785,79975
13786,41965
13787,53410
13788,32865
13789,71715
13790,55020
13791,70070
13792,79100
13793,81515
13794,70700
13795,48440
13796,101430
13797,68915
13798,92470
13799,59360
13800,56070
13801,43155
13802,100170
13803,64260
13804,58660
13805,81515
13806,106750
13807,58870
13808,84175
13809,64365
13810,54845
13811,70315
13812,54600
13813,97125
13814,59290
13815,68950
13816,79660
13817,53760
13818,89950
13819,64505
13820,81235
13821,69685
13822,72975
13823,62090
13824,60830
13825,37730
13826,67865
13827,71645
13828,29015
13829,76755
13830,65065
13831,65345
13832,92610
13833,55475
13834,68600
13835,79695
13836,84665
13837,91490
13838,70805
13839,68705
13840,93450
13841,62580
13842,60410
13843,50855
13844,82250
13845,45080
13846,49245
13847,76965
13848,14490
13849,98735
13850,41335
13851,66850
13852,40005
13853,70420
13854,27370
13855,43330
13856,41860
13857,68460
13858,22995
13859,66010
13860,68495
13861,68740
13862,16065
13863,54215
13864,109585
13865,60515
13866,77070
13867,53900
13868,60165
13869,69580
13870,82915
13871,49035
13872,59990
13873,51485
13874,72660
13875,61810
13876,66500
13877,76265
13878,68985
13879,60900
13880,85190
13881,64155
13882,93310
13883,71715
13884,94080
13885,63805
13886,82145
13887,101465
13888,83790
13889,83090
13890,88445
13891,52640
13892,49105
13893,53865
13894,51275
13895,42140
13896,48370
13897,57995
13898,73675
13899,93310
13900,45290
13901,58240
13902,56070
13903,52885
13904,96075
13905,96810
13906,106715
13907,36120
13908,56525
13909,99855
13910,36785
13911,66920
13912,59360
13913,62370
13914,89215
13915,43890
13916,74900
13917,65170
13918,60095
13919,94290
13920,78610
13921,85155
13922,77560
13923,98420
13924,92575
13925,73570
13926,85750
13927,125825
13928,56140
13929,51275
13930,31990
13931,45815
13932,66220
13933,41965
13934,83405
13935,86240
13936,63420
13937,56700
13938,50225
13939,50925
13940,26705
13941,70665
13942,100555
13943,96285
13944,49035
13945,82775
13946,26180
13947,57330
13948,58135
13949,61845
13950,66955
13951,75950
13952,52290
13953,77700
13954,65940
13955,63980
13956,16940
13957,49105
13958,82285
13959,73220
13960,84665
13961,32130
13962,68880
13963,79065
13964,83020
13965,95795
13966,43540
13967,73185
13968,46550
13969,59815
13970,68320
13971,64505
13972,94885
13973,81550
13974,25445
13975,75705
13976,85680
13977,52045
13978,55545
13979,64575
13980,73675
13981,75810
13982,43365
13983,65835
13984,62860
13985,24920
13986,90930
13987,65030
13988,83720
13989,103250
13990,51170
13991,44100
13992,54285
13993,86415
13994,60690
13995,67795
13996,59605
13997,77070
13998,64295
13999,97160
14000,75810
14001,82425
14002,65520
14003,75495
14004,97370
14005,78400
14006,46200
14007,72765
14008,76265
14009,69685
14010,88900
14011,60200
14012,73220
14013,83230
14014,76055
14015,53480
14016,55090
14017,44905
14018,41825
14019,79555
14020,78855
14021,75215
14022,90265
14023,87360
14024,49035
14025,98735
14026,31885
14027,56315
14028,30695
14029,30240
14030,47775
14031,53235
14032,53340
14033,96355
14034,79800
14035,63000
14036,74830
14037,88305
14038,77560
14039,79730
14040,90370
14041,76510
14042,50015
14043,80290
14044,28035
14045,54705
14046,89250
14047,52115
14048,48930
14049,87710
14050,90860
14051,57960
14052,57715
14053,73710
14054,50155
14055,67375
14056,81095
14057,88095
14058,41860
14059,55475
14060,55300
14061,58065
14062,66850
14063,31570
14064,52360
14065,84525
14066,85855
14067,89355
14068,76860
14069,54215
14070,85120
14071,37520
14072,41615
14073,50820
14074,90440
14075,41475
14076,68985
14077,44240
14078,70175
14079,66465
14080,62545
14081,68460
14082,76300
14083,86730
14084,96845
14085,75810
14086,85610
14087,43260
14088,80290
14089,63385
14090,73430
14091,102515
14092,90405
14093,87465
14094,59990
14095,95585
14096,63770
14097,45325
14098,60095
14099,67830
14100,48195
14101,68775
14102,51835
14103,37310
14104,61250
14105,65940
14106,51450
14107,93415
14108,54915
14109,41160
14110,69405
14111,66220
14112,89565
14113,59220
14114,12495
14115,45780
14116,55685
14117,76335
14118,83230
14119,82670
14120,29750
14121,54530
14122,62755
14123,61670
14124,84805
14125,98735
14126,40495
14127,88445
14128,91350
14129,81200
14130,88165
14131,81445
14132,96040
14133,61635
14134,89810
14135,77700
14136,76545
14137,82040
14138,60900
14139,71995
14140,71645
14141,61635
14142,86450
14143,78435
14144,65275
14145,110705
14146,62440
14147,95480
14148,77840
14149,92715
14150,30555
14151,91525
14152,65940
14153,78890
14154,73430
14155,81795
14156,86345
14157,78750
14158,63070
14159,92435
14160,51450
14161,80115
14162,90370
14163,56210
14164,72555
14165,77315
14166,11235
14167,79555
14168,78365
14169,63805
14170,73185
14171,76755
14172,73045
14173,44450
14174,61810
14175,69580
14176,44205
14177,103005
14178,66920
14179,86870
14180,76860
14181,8960
14182,90440
14183,34125
14184,55755
14185,74410
14186,70700
14187,61005
14188,26425
14189,77595
14190,31290
14191,57575
14192,31850
14193,69510
14194,74760
14195,89845
14196,77245
14197,78715
14198,59675
14199,70875
14200,67970
14201,75775
14202,79345
14203,69265
14204,110810
14205,84910
14206,63945
14207,70140
14208,91595
14209,74795
14210,47810
14211,59325
14212,64610
14213,71085
14214,73360
14215,16450
14216,48930
14217,118405
14218,61180
14219,73500
14220,81830
14221,51380
14222,82145
14223,82425
14224,92225
14225,88725
14226,54075
14227,74165
14228,65905
14229,65170
14230,75915
14231,47285
14232,84805
14233,60095
14234,45850
14235,51695
14236,44135
14237,82215
14238,72135
14239,64820
14240,45395
14241,96215
14242,85575
14243,68845
14244,45920
14245,94220
14246,72730
14247,74585
14248,87010
14249,56070
14250,57155
14251,80955
14252,75880
14253,104755
14254,89635
14255,30590
14256,98525
14257,67550
14258,27335
14259,45010
14260,69545
14261,47250
14262,97195
14263,65590
14264,75145
14265,108185
14266,57645
14267,87500
14268,60165
14269,35980
14270,44975
14271,52430
14272,75040
14273,66990
14274,51660
14275,71365
14276,51065
14277,95935
14278,62580
14279,67585
14280,69545
14281,68110
14282,48195
14283,43435
14284,70805
14285,51870
14286,55160
14287,83545
14288,63665
14289,68040
14290,77560
14291,73535
14292,87990
14293,61705
14294,55685
14295,86520
14296,50960
14297,52675
14298,63980
14299,66745
14300,53270
14301,55230
14302,24710
14303,53725
14304,93555
14305,61600
14306,33600
14307,27720
14308,62720
14309,81585
14310,75565
14311,46130
14312,85085
14313,85155
14314,84595
14315,77910
14316,52185
14317,56140
14318,65765
14319,35210
14320,75915
14321,82180
14322,74165
14323,45780
14324,45500
14325,14770
14326,55160
14327,84350
14328,77595
14329,89635
14330,55020
14331,66640
14332,107730
14333,58065
14334,69405
14335,52710
14336,69160
14337,62860
14338,80640
14339,39900
14340,62650
14341,49105
14342,57365
14343,33915
14344,47950
14345,63525
14346,86940
14347,79590
14348,101605
14349,34300
14350,75075
14351,84455
14352,83335
14353,64645
14354,68110
14355,60550
14356,30205
14357,75425
14358,72380
14359,50330
14360,72170
14361,49805
14362,100870
14363,65485
14364,90580
14365,67060
14366,61950
14367,58170
14368,75390
14369,86135
14370,64190
14371,74935
14372,74550
14373,87430
14374,71785
14375,74935
14376,65625
14377,86590
14378,43855
14379,58100
14380,110320
14381,62685
14382,69965
14383,70910
14384,81830
14385,57960
14386,50890
14387,82425
14388,51240
14389,69125
14390,30695
14391,65730
14392,97440
14393,75320
14394,34895
14395,64960
14396,37275
14397,103915
14398,63560
14399,52220
14400,87955
14401,65380
14402,95935
14403,52675
14404,70210
14405,76755
14406,96880
14407,56875
14408,77175
14409,70350
14410,57855
14411,45535
14412,36575
14413,69580
14414,80360
14415,67445
14416,58555
14417,22365
14418,54740
14419,68950
14420,46515
14421,50400
14422,63910
14423,87080
14424,48090
14425,92400
14426,22435
14427,90020
14428,83405
14429,67865
14430,54460
14431,78050
14432,58520
14433,64610
14434,43225
14435,35980
14436,41475
14437,24430
14438,93100
14439,92785
14440,66780
14441,71505
14442,71190
14443,49175
14444,67900
14445,59080
14446,93835
14447,76195
14448,80430
14449,104510
14450,85785
14451,57750
14452,75740
14453,59150
14454,39025
14455,73745
14456,106855
14457,65170
14458,70350
14459,62370
14460,42840
14461,103425
14462,67130
14463,75915
14464,66710
14465,57820
14466,67550
14467,36715
14468,55545
14469,60060
14470,91770
14471,9275
14472,49350
14473,96565
14474,48370
14475,42420
14476,75320
14477,35665
14478,37415
14479,70840
14480,70385
14481,103565
14482,89565
14483,71295
14484,39585
14485,45255
14486,84560
14487,69265
14488,70770
14489,65660
14490,63945
14491,33915
14492,15470
14493,59325
14494,66640
14495,59850
14496,83405
14497,86800
14498,65450
14499,104300
14500,67655
14501,52325
14502,105245
14503,86065
14504,72240
14505,72975
14506,53830
14507,73745
14508,95725
14509,44450
14510,84315
14511,53795
14512,45955
14513,49490
14514,86100
14515,36470
14516,62510
14517,61950
14518,81550
14519,57890
14520,59710
14521,83720
14522,61180
14523,33670
14524,90370
14525,81410
14526,82215
14527,61040
14528,70420
14529,78470
14530,67200
14531,59150
14532,96180
14533,77455
14534,76895
14535,88235
14536,39760
14537,79345
14538,61285
14539,77735
14540,43015
14541,63945
14542,98875
14543,47320
14544,65170
14545,80570
14546,35875
14547,37100
14548,60305
14549,54705
14550,67410
14551,68285
14552,59325
14553,71855
14554,81760
14555,29400
14556,87885
14557,61880
14558,87115
14559,52955
14560,53305
14561,71855
14562,50680
14563,71330
14564,85260
14565,76125
14566,89250
14567,46165
14568,69230
14569,71015
14570,83230
14571,53480
14572,82285
14573,50610
14574,80465
14575,84700
14576,54530
14577,90405
14578,78680
14579,52115
14580,92505
14581,69860
14582,58870
14583,82495
14584,76230
14585,13160
14586,53550
14587,81200
14588,64365
14589,92750
14590,78995
14591,45045
14592,64540
14593,63175
14594,66780
14595,81900
14596,65100
14597,93625
14598,92960
14599,61215
14600,84910
14601,50610
14602,73500
14603,58905
14604,71295
14605,44835
14606,68810
14607,70770
14608,63035
14609,85225
14610,78610
14611,90825
14612,76300
14613,79100
14614,69440
14615,73045
14616,58485
14617,59255
14618,74655
14619,66220
14620,70000
14621,88200
14622,30100
14623,97055
14624,77315
14625,66010
14626,84175
14627,87045
14628,82215
14629,92190
14630,37205
14631,92015
14632,28245
14633,20335
14634,14350
14635,54250
14636,51345
14637,91245
14638,70770
14639,58205
14640,66045
14641,59150
14642,56035
14643,67620
14644,100310
14645,64575
14646,76755
14647,57750
14648,61110
14649,78680
14650,86240
14651,76510
14652,85120
14653,87955
14654,85120
14655,82495
14656,75705
14657,75355
14658,36680
14659,36645
14660,59430
14661,58940
14662,90965
14663,72415
14664,56805
14665,63000
14666,38185
14667,89775
14668,91245
14669,55300
14670,76020
14671,36260
14672,56630
14673,69020
14674,22645
14675,70840
14676,66850
14677,47460
14678,73570
14679,83790
14680,84665
14681,90825
14682,64505
14683,30835
14684,83580
14685,91455
14686,62545
14687,77525
14688,66710
14689,48160
14690,49070
14691,65870
14692,59465
14693,64540
14694,51730
14695,96705
14696,38955
14697,93415
14698,88130
14699,39410
14700,64785
14701,53200
14702,36470
14703,54635
14704,51800
14705,36120
14706,58905
14707,93450
14708,62615
14709,54215
14710,43470
14711,69685
14712,50645
14713,-1785
14714,107170
14715,69825
14716,76790
14717,70735
14718,78995
14719,16660
14720,95865
14721,69545
14722,78645
14723,64820
14724,83440
14725,83965
14726,60795
14727,67095
14728,48335
14729,90720
14730,78960
14731,30765
14732,49665
14733,67725
14734,59605
14735,50995
14736,59920
14737,71855
14738,51170
14739,29960
14740,74235
14741,32865
14742,81410
14743,73745
14744,67830
14745,86555
14746,57750
14747,69650
14748,50365
14749,69125
14750,112945
14751,80675
14752,73325
14753,43190
14754,58415
14755,65275
14756,63105
14757,48020
14758,108150
14759,59045
14760,61915
14761,101955
14762,74515
14763,79135
14764,5215
14765,82705
14766,56980
14767,80220
14768,60970
14769,36750
14770,54355
14771,66885
14772,97755
14773,61670
14774,84000
14775,81795
14776,65065
14777,70455
14778,48160
14779,58030
14780,94850
14781,70560
14782,61775
14783,92155
14784,54635
14785,44520
14786,53130
14787,79240
14788,37415
14789,72940
14790,81305
14791,25620
14792,81620
14793,65135
14794,76195
14795,74480
14796,62475
14797,75775
14798,55755
14799,68180
14800,74795
14801,33565
14802,53515
14803,93345
14804,47250
14805,77945
14806,74480
14807,32445
14808,72205
14809,56840
14810,62195
14811,53375
14812,87395
14813,59780
14814,71120
14815,82740
14816,44625
14817,60305
14818,69475
14819,88830
14820,60200
14821,80640
14822,67165
14823,62440
14824,34825
14825,87430
14826,47915
14827,72555
14828,84175
14829,73815
14830,51695
14831,49000
14832,58450
14833,82635
14834,23100
14835,77140
14836,48790
14837,92610
14838,102060
14839,90650
14840,61250
14841,100310
14842,385
14843,73045
14844,55650
14845,49070
14846,26040
14847,51940
14848,70035
14849,71960
14850,67235
14851,55825
14852,76615
14853,67130
14854,119210
14855,65415
14856,54425
14857,50750
14858,48580
14859,90510
14860,52745
14861,77070
14862,75705
14863,79730
14864,97055
14865,89810
14866,73185
14867,89285
14868,62125
14869,59010
14870,68845
14871,109375
14872,75495
14873,108290
14874,83720
14875,62090
14876,32585
14877,62265
14878,93485
14879,78015
14880,49350
14881,52990
14882,71085
14883,87850
14884,55615
14885,83790
14886,59360
14887,63980
14888,51590
14889,70770
14890,86590
14891,46235
14892,78365
14893,68880
14894,43435
14895,57225
14896,52955
14897,61110
14898,82635
14899,48545
14900,73675
14901,47950
14902,69125
14903,33320
14904,77665
14905,94920
14906,74165
14907,67445
14908,30100
14909,79625
14910,43085
14911,66010
14912,67725
14913,57470
14914,62055
14915,78785
14916,44415
14917,61495
14918,80570
14919,60305
14920,65415
14921,58555
14922,33180
14923,41090
14924,73080
14925,43505
14926,58625
14927,78855
14928,43680
14929,93030
14930,60970
14931,52465
14932,99645
14933,61390
14934,79100
14935,79065
14936,81935
14937,54950
14938,72590
14939,29785
14940,19040
14941,94500
14942,71435
14943,100030
14944,66745
14945,73360
14946,67480
14947,66745
14948,56245
14949,61460
14950,85225
14951,58135
14952,67375
14953,73955
14954,95200
14955,91315
14956,106890
14957,92365
14958,84630
14959,103775
14960,85645
14961,71400
14962,58940
14963,84700
14964,47985
14965,73010
14966,43715
14967,95060
14968,57750
14969,60375
14970,43470
14971,40985
14972,58030
14973,45045
14974,106610
14975,83510
14976,60130
14977,57715
14978,46900
14979,81515
14980,52955
14981,49665
14982,58065
14983,34755
14984,78155
14985,83965
14986,77385
14987,92120
14988,60340
14989,36960
14990,83615
14991,73885
14992,67900
14993,78330
14994,45640
14995,96495
14996,93485
14997,74095
14998,54110
14999,62510
15000,85190
15001,83825
15002,82180
15003,55195
15004,86940
15005,102025
15006,88620
15007,74445
15008,54355
15009,71610
15010,73920
15011,96915
15012,63420
15013,79520
15014,48895
15015,40285
15016,42420
15017,58205
15018,67550
15019,58660
15020,80430
15021,73290
15022,58310
15023,84315
15024,70315
15025,87955
15026,75250
15027,69300
15028,64190
15029,94115
15030,51940
15031,69300
15032,41825
15033,76475
15034,68320
15035,82740
15036,83475
15037,14910
15038,57890
15039,62055
15040,65555
15041,103635
15042,88900
15043,64120
15044,88515
15045,69720
15046,79660
15047,25410
15048,49385
15049,58730
15050,45710
15051,56070
15052,73395
15053,89845
15054,89005
15055,34895
15056,83545
15057,82180
15058,47285
15059,85365
15060,56175
15061,85855
15062,63560
15063,84140
15064,73500
15065,71085
15066,68810
15067,99610
15068,66465
15069,80535
15070,47180
15071,51905
15072,83965
15073,55720
15074,64225
15075,77420
15076,81270
15077,86905
15078,89250
15079,68565
15080,80990
15081,66395
15082,64855
15083,70630
15084,53445
15085,51310
15086,73080
15087,78050
15088,75740
15089,100415
15090,67480
15091,66465
15092,47250
15093,93590
15094,68810
15095,57190
15096,87010
15097,53480
15098,85750
15099,88445
15100,43085
15101,58730
15102,82600
15103,77175
15104,64120
15105,74515
15106,74130
15107,75705
15108,97720
15109,75495
15110,96180
15111,95445
15112,77945
15113,70945
15114,73255
15115,84875
15116,54355
15117,77665
15118,89775
15119,49280
15120,43820
15121,91945
15122,108990
15123,65065
15124,81585
15125,59360
15126,39165
15127,73780
15128,83440
15129,81830
15130,49770
15131,75565
15132,76965
15133,70000
15134,20825
15135,71330
15136,76650
15137,94990
15138,77000
15139,74340
15140,68775
15141,48125
15142,34930
15143,48755
15144,61810
15145,94220
15146,95060
15147,91770
15148,24220
15149,59045
15150,89565
15151,51240
15152,81095
15153,73710
15154,83545
15155,52570
15156,65660
15157,90370
15158,90195
15159,100310
15160,41860
15161,58275
15162,47180
15163,103215
15164,77875
15165,38955
15166,68215
15167,71855
15168,65345
15169,66710
15170,76720
15171,84595
15172,63910
15173,69615
15174,73850
15175,30100
15176,56910
15177,60690
15178,72695
15179,81760
15180,70770
15181,80360
15182,28595
15183,88585
15184,49595
15185,27615
15186,59430
15187,84070
15188,96390
15189,43330
15190,51380
15191,46585
15192,52395
15193,55440
15194,45395
15195,82740
15196,64190
15197,94220
15198,39725
15199,42280
15200,59570
15201,65030
15202,51065
15203,70455
15204,72905
15205,61145
15206,43750
15207,78645
15208,56070
15209,67340
15210,73955
15211,78015
15212,77035
15213,55650
15214,59535
15215,77525
15216,68075
15217,98210
15218,32830
15219,82180
15220,46375
15221,88690
15222,43855
15223,99155
15224,71400
15225,83790
15226,61215
15227,51940
15228,68565
15229,73255
15230,95375
15231,61180
15232,83020
15233,52955
15234,28945
15235,54040
15236,93485
15237,58345
15238,83300
15239,78190
15240,92995
15241,86030
15242,54425
15243,36155
15244,74585
15245,66185
15246,65205
15247,70805
15248,57260
15249,89530
15250,26565
15251,44135
15252,52325
15253,59290
15254,69055
15255,81235
15256,35595
15257,51940
15258,47040
15259,75845
15260,58030
15261,86800
15262,60550
15263,63035
15264,83335
15265,22050
15266,97965
15267,45990
15268,66185
15269,87325
15270,83790
15271,67760
15272,60025
15273,54600
15274,69790
15275,84350
15276,68985
15277,53025
15278,76685
15279,80500
15280,63945
15281,68110
15282,58905
15283,79100
15284,58415
15285,29540
15286,46865
15287,47845
15288,60935
15289,81900
15290,75705
15291,55230
15292,77840
15293,59780
15294,53340
15295,69370
15296,53900
15297,59045
15298,20370
15299,88935
15300,99015
15301,73080
15302,31570
15303,55440
15304,98735
15305,78575
15306,59640
15307,64190
15308,94745
15309,76475
15310,69895
15311,52745
15312,43785
15313,50960
15314,68005
15315,73605
15316,38535
15317,54600
15318,38920
15319,53970
15320,47425
15321,48020
15322,69230
15323,97440
15324,67620
15325,55300
15326,30380
15327,91035
15328,69055
15329,92785
15330,36995
15331,49525
15332,60270
15333,87325
15334,56455
15335,35840
15336,54810
15337,84105
15338,75040
15339,84490
15340,72415
15341,35560
15342,110915
15343,81515
15344,56175
15345,54425
15346,53865
15347,81760
15348,73290
15349,32095
15350,40425
15351,96775
15352,75915
15353,95375
15354,74795
15355,53130
15356,80780
15357,94710
15358,78120
15359,59990
15360,37835
15361,81235
15362,71260
15363,57505
15364,76615
15365,46760
15366,52010
15367,70175
15368,54075
15369,64575
15370,53795
15371,40040
15372,84280
15373,40530
15374,48755
15375,26950
15376,41580
15377,48020
15378,56105
15379,58870
15380,53025
15381,44660
15382,78715
15383,42630
15384,51100
15385,89985
15386,73220
15387,90580
15388,72380
15389,62125
15390,54565
15391,70735
15392,76615
15393,62510
15394,89845
15395,24885
15396,75670
15397,56210
15398,27020
15399,64295
15400,57015
15401,36260
15402,65975
15403,92715
15404,85820
15405,69090
15406,37275
15407,56595
15408,66745
15409,49140
15410,90335
15411,85680
15412,88235
15413,56700
15414,73430
15415,68180
15416,68320
15417,51240
15418,83160
15419,72940
15420,90930
15421,45290
15422,69650
15423,71015
15424,76965
15425,78015
15426,89635
15427,71785
15428,87220
15429,58730
15430,61810
15431,24535
15432,72205
15433,90265
15434,96915
15435,63385
15436,72975
15437,67620
15438,89950
15439,65345
15440,69615
15441,63175
15442,59255
15443,31710
15444,86765
15445,49980
15446,58730
15447,47215
15448,49560
15449,90405
15450,59325
15451,74865
15452,43050
15453,79660
15454,59570
15455,40810
15456,44275
15457,68705
15458,77525
15459,74655
15460,43435
15461,46760
15462,61110
15463,87290
15464,69615
15465,59570
15466,58765
15467,59255
15468,34545
15469,58940
15470,84595
15471,28525
15472,59220
15473,56070
15474,86800
15475,78295
15476,50785
15477,48335
15478,42350
15479,89390
15480,66745
15481,55790
15482,76580
15483,88480
15484,63910
15485,6125
15486,44590
15487,32375
15488,91000
15489,66150
15490,57085
15491,58520
15492,38990
15493,100975
15494,63840
15495,80395
15496,55615
15497,59535
15498,54950
15499,69405
15500,93415
15501,97930
15502,62300
15503,60060
15504,48335
15505,70245
15506,80885
15507,84385
15508,63525
15509,79240
15510,54320
15511,72870
15512,55370
15513,45360
15514,78260
15515,36995
15516,51660
15517,103040
15518,32305
15519,99820
15520,74445
15521,68460
15522,54950
15523,44590
15524,64260
15525,93170
15526,75915
15527,52710
15528,24535
15529,80325
15530,74095
15531,51590
15532,58975
15533,42455
15534,68775
15535,74725
15536,84350
15537,43785
15538,90405
15539,51205
15540,81515
15541,89215
15542,86415
15543,97615
15544,36645
15545,87220
15546,55125
15547,35035
15548,56245
15549,56210
15550,45990
15551,63840
15552,53235
15553,63560
15554,89775
15555,79625
15556,62545
15557,20720
15558,42980
15559,44275
15560,65135
15561,97055
15562,41825
15563,90860
15564,76650
15565,29890
15566,63560
15567,64330
15568,61215
15569,56035
15570,35910
15571,65310
15572,54950
15573,83825
15574,58660
15575,62440
15576,83930
15577,90720
15578,64155
15579,63770
15580,90860
15581,38500
15582,59640
15583,72065
15584,58520
15585,68460
15586,77000
15587,53900
15588,90580
15589,58450
15590,83475
15591,84700
15592,103530
15593,34055
15594,87010
15595,45045
15596,95375
15597,67165
15598,66500
15599,59185
15600,62265
15601,58135
15602,79345
15603,50575
15604,73745
15605,84525
15606,32480
15607,38395
15608,98070
15609,68215
15610,89005
15611,50050
15612,74480
15613,64645
15614,74690
15615,43435
15616,64750
15617,91420
15618,55965
15619,88760
15620,90405
15621,38675
15622,82565
15623,67270
15624,74655
15625,60585
15626,80150
15627,64015
15628,80465
15629,49840
15630,48230
15631,81375
15632,33390
15633,71890
15634,84630
15635,74690
15636,70210
15637,82985
15638,79310
15639,51905
15640,88270
15641,61985
15642,96635
15643,84980
15644,75985
15645,88620
15646,62580
15647,84665
15648,58555
15649,80955
15650,63560
15651,23380
15652,93730
15653,59360
15654,60550
15655,67865
15656,92925
15657,78085
15658,92190
15659,56595
15660,85085
15661,64505
15662,68005
15663,62825
15664,74865
15665,70910
15666,81515
15667,45465
15668,78015
15669,59675
15670,81620
15671,92575
15672,72870
15673,93730
15674,67480
15675,75985
15676,63245
15677,72205
15678,46095
15679,84245
15680,84280
15681,80535
15682,49630
15683,40390
15684,49630
15685,72555
15686,88935
15687,83825
15688,46445
15689,60515
15690,77105
15691,42455
15692,93555
15693,74445
15694,55860
15695,93660
15696,72520
15697,64750
15698,68250
15699,77770
15700,81095
15701,58870
15702,88200
15703,96845
15704,37555
15705,60445
15706,57750
15707,72555
15708,54775
15709,48020
15710,54110
15711,23310
15712,71470
15713,68565
15714,79555
15715,53620
15716,67165
15717,70700
15718,105700
15719,84945
15720,55055
15721,103775
15722,29085
15723,61110
15724,52045
15725,48930
15726,72625
15727,67690
15728,55545
15729,62160
15730,98455
15731,63210
15732,90720
15733,62755
15734,21315
15735,97300
15736,83510
15737,42385
15738,77735
15739,66990
15740,96285
15741,42350
15742,87815
15743,83440
15744,40075
15745,68600
15746,83055
15747,69615
15748,86450
15749,44905
15750,90265
15751,69195
15752,78435
15753,70910
15754,74410
15755,81130
15756,82180
15757,69825
15758,40915
15759,89635
15760,77105
15761,87185
15762,72975
15763,74830
15764,50925
15765,97615
15766,72205
15767,86275
15768,37030
15769,72310
15770,61705
15771,51485
15772,54495
15773,86310
15774,69860
15775,96705
15776,68635
15777,74515
15778,56105
15779,21385
15780,53410
15781,46690
15782,51450
15783,34580
15784,52745
15785,80185
15786,74025
15787,86100
15788,72030
15789,57575
15790,100415
15791,65835
15792,88865
15793,81585
15794,89320
15795,81410
15796,81760
15797,32375
15798,74760
15799,70070
15800,29890
15801,57505
15802,68460
15803,62615
15804,114730
15805,82320
15806,87710
15807,45430
15808,66220
15809,70420
15810,77315
15811,55790
15812,48685
15813,89250
15814,19180
15815,53235
15816,16800
15817,52850
15818,90265
15819,50995
15820,69230
15821,89600
15822,64260
15823,33355
15824,75495
15825,71295
15826,87465
15827,25725
15828,52290
15829,40495
15830,77000
15831,58940
15832,58450
15833,34055
15834,61425
15835,101255
15836,62300
15837,77735
15838,112000
15839,49105
15840,20825
15841,52465
15842,37170
15843,60865
15844,58135
15845,48895
15846,93975
15847,73220
15848,82180
15849,54880
15850,71645
15851,64925
15852,88760
15853,50400
15854,104160
15855,65765
15856,97335
15857,82180
15858,57995
15859,75390
15860,69930
15861,63000
15862,97230
15863,74130
15864,53060
15865,89670
15866,62510
15867,67620
15868,58065
15869,55300
15870,53235
15871,50610
15872,90125
15873,112210
15874,86940
15875,72065
15876,65835
15877,62790
15878,82075
15879,65555
15880,64295
15881,60410
15882,64925
15883,63385
15884,30625
15885,52815
15886,64820
15887,41860
15888,79660
15889,39550
15890,69545
15891,87675
15892,83930
15893,61390
15894,72520
15895,41755
15896,61390
15897,47390
15898,68740
15899,83615
15900,50120
15901,71995
15902,82810
15903,67690
15904,76790
15905,72555
15906,42210
15907,38815
15908,63630
15909,68915
15910,53830
15911,43855
15912,83720
15913,68530
15914,49770
15915,65345
15916,64995
15917,67060
15918,95375
15919,50470
15920,61915
15921,72695
15922,70805
15923,67340
15924,57050
15925,69860
15926,77770
15927,38325
15928,62230
15929,66360
15930,21910
15931,83965
15932,69440
15933,18130
15934,55125
15935,63805
15936,74760
15937,12775
15938,57435
15939,81445
15940,43610
15941,51940
15942,45640
15943,66045
15944,66780
15945,93835
15946,41405
15947,67655
15948,66535
15949,61705
15950,57225
15951,57295
15952,65940
15953,31255
15954,76265
15955,92995
15956,88375
15957,71960
15958,60410
15959,102445
15960,84490
15961,77105
15962,46760
15963,70665
15964,48650
15965,102550
15966,85015
15967,76615
15968,80220
15969,96495
15970,46935
15971,75495
15972,55405
15973,78645
15974,64400
15975,46410
15976,90160
15977,79135
15978,50050
15979,70420
15980,95830
15981,82705
15982,92540
15983,17640
15984,73955
15985,50330
15986,71750
15987,43225
15988,60270
15989,86835
15990,70875
15991,99820
15992,70700
15993,51730
15994,72450
15995,56385
15996,81375
15997,49420
15998,81865
15999,64050
16000,56070
16001,43155
16002,84280
16003,65380
16004,48160
16005,74095
16006,54985
16007,84175
16008,82180
16009,36505
16010,64085
16011,67340
16012,68145
16013,75810
16014,74935
16015,89180
16016,71925
16017,88690
16018,86485
16019,51940
16020,69370
16021,75565
16022,84035
16023,64225
16024,99750
16025,56700
16026,49910
16027,76020
16028,89250
16029,77140
16030,73570
16031,58485
16032,101500
16033,50995
16034,77245
16035,63245
16036,79765
16037,75495
16038,73255
16039,83755
16040,54145
16041,91315
16042,56070
16043,54985
16044,80185
16045,49385
16046,35560
16047,53725
16048,57680
16049,67760
16050,92995
16051,77455
16052,66500
16053,52815
16054,15785
16055,61425
16056,70980
16057,39585
16058,50155
16059,55195
16060,82915
16061,45360
16062,71260
16063,83755
16064,56980
16065,87465
16066,65520
16067,52500
16068,72905
16069,70455
16070,81830
16071,43680
16072,48825
16073,77770
16074,102340
16075,34790
16076,79625
16077,39235
16078,59465
16079,39095
16080,83230
16081,56420
16082,77770
16083,41020
16084,58625
16085,94360
16086,54355
16087,69650
16088,70805
16089,60655
16090,42945
16091,93975
16092,80325
16093,79275
16094,41055
16095,74550
16096,31395
16097,74900
16098,82180
16099,67445
16100,61005
16101,72625
16102,51590
16103,63910
16104,70385
16105,74200
16106,89950
16107,82390
16108,69300
16109,44380
16110,87885
16111,79625
16112,77490
16113,85365
16114,14000
16115,80710
16116,79520
16117,64260
16118,65660
16119,62685
16120,72625
16121,65870
16122,56735
16123,89635
16124,67480
16125,63280
16126,84770
16127,95865
16128,88025
16129,90755
16130,44555
16131,56105
16132,74375
16133,76265
16134,46410
16135,88270
16136,59220
16137,67550
16138,60060
16139,77770
16140,48720
16141,38500
16142,71750
16143,86765
16144,92715
16145,83195
16146,79765
16147,83440
16148,57645
16149,19705
16150,67795
16151,58765
16152,64260
16153,64225
16154,63280
16155,77595
16156,87150
16157,35910
16158,100240
16159,63770
16160,77245
16161,83230
16162,54215
16163,70945
16164,63595
16165,57295
16166,54600
16167,59885
16168,84805
16169,98385
16170,64505
16171,36645
16172,62720
16173,41195
16174,76615
16175,73780
16176,25620
16177,54390
16178,57995
16179,90755
16180,91000
16181,53095
16182,102550
16183,44345
16184,69825
16185,86800
16186,79310
16187,14595
16188,85680
16189,64330
16190,73255
16191,65835
16192,74760
16193,78855
16194,57365
16195,63175
16196,85715
16197,75775
16198,58835
16199,99435
16200,66605
16201,96810
16202,66675
16203,67480
16204,64365
16205,21875
16206,52465
16207,90405
16208,75320
16209,54075
16210,77315
16211,84875
16212,62195
16213,65625
16214,64890
16215,75040
16216,55965
16217,78610
16218,72380
16219,84840
16220,83615
16221,101430
16222,90230
16223,86380
16224,44345
16225,69405
16226,54635
16227,71785
16228,32480
16229,52430
16230,77630
16231,98000
16232,56980
16233,60060
16234,72275
16235,53620
16236,67340
16237,55160
16238,65135
16239,83090
16240,81410
16241,49315
16242,77770
16243,51450
16244,82950
16245,53025
16246,26740
16247,69090
16248,85540
16249,51205
16250,56035
16251,46795
16252,68985
16253,62440
16254,75845
16255,65905
16256,83405
16257,42805
16258,45115
16259,91805
16260,36645
16261,41545
16262,72520
16263,82040
16264,94955
16265,79275
16266,94535
16267,82495
16268,80885
16269,93695
16270,89180
16271,79695
16272,39340
16273,61635
16274,96215
16275,93905
16276,99680
16277,65240
16278,67585
16279,62370
16280,55720
16281,51170
16282,49385
16283,61880
16284,78645
16285,52325
16286,82285
16287,69790
16288,42280
16289,59255
16290,83230
16291,46025
16292,55650
16293,111440
16294,45395
16295,90650
16296,66570
16297,96635
16298,45640
16299,59395
16300,89145
16301,73430
16302,73255
16303,59220
16304,63525
16305,74410
16306,58625
16307,61180
16308,70665
16309,80325
16310,52080
16311,69195
16312,54285
16313,78295
16314,34930
16315,64645
16316,80780
16317,51835
16318,82250
16319,90370
16320,57470
16321,7630
16322,62230
16323,64015
16324,65695
16325,36575
16326,57680
16327,50575
16328,63350
16329,79695
16330,63595
16331,85820
16332,59955
16333,56175
16334,42455
16335,56980
16336,79030
16337,79240
16338,90160
16339,80885
16340,43505
16341,84875
16342,44765
16343,90545
16344,49175
16345,34160
16346,44135
16347,51380
16348,101920
16349,39165
16350,65870
16351,55545
16352,78855
16353,78365
16354,60970
16355,42315
16356,54845
16357,22330
16358,69160
16359,54740
16360,93660
16361,92750
16362,41650
16363,93310
16364,90300
16365,81795
16366,81270
16367,88270
16368,79485
16369,83230
16370,88200
16371,67550
16372,45325
16373,50050
16374,43575
16375,64120
16376,40285
16377,21630
16378,106225
16379,75880
16380,77525
16381,75495
16382,84525
16383,75390
16384,77350
16385,41685
16386,68985
16387,66850
16388,78540
16389,52185
16390,68600
16391,62405
16392,43050
16393,88865
16394,87080
16395,56560
16396,76090
16397,60165
16398,62545
16399,85855
16400,56420
16401,62650
16402,72450
16403,97720
16404,59640
16405,82425
16406,55895
16407,65835
16408,66290
16409,40145
16410,71190
16411,72555
16412,81235
16413,74410
16414,58800
16415,79695
16416,58870
16417,26565
16418,87185
16419,40495
16420,73920
16421,30310
16422,42490
16423,54425
16424,32445
16425,18550
16426,53620
16427,84140
16428,57820
16429,57540
16430,88270
16431,60935
16432,98350
16433,73430
16434,72800
16435,68460
16436,57330
16437,35630
16438,64155
16439,20650
16440,51450
16441,79205
16442,75180
16443,70280
16444,84455
16445,75635
16446,47355
16447,75635
16448,72485
16449,110495
16450,75985
16451,76195
16452,64190
16453,92855
16454,74655
16455,92260
16456,67060
16457,34090
16458,66990
16459,75530
16460,47285
16461,77140
16462,35560
16463,82180
16464,74340
16465,53480
16466,39620
16467,54075
16468,77245
16469,72730
16470,56000
16471,82110
16472,91140
16473,68320
16474,59080
16475,88620
16476,28490
16477,66115
16478,51625
16479,42665
16480,41230
16481,79905
16482,77280
16483,61530
16484,31500
16485,73500
16486,84735
16487,69195
16488,79485
16489,60025
16490,43820
16491,44310
16492,51765
16493,91210
16494,75635
16495,49140
16496,79765
16497,71575
16498,76300
16499,55965
16500,51695
16501,65065
16502,24675
16503,68635
16504,59080
16505,36680
16506,58695
16507,63280
16508,75985
16509,79590
16510,65870
16511,80745
16512,114870
16513,65800
16514,59990
16515,39375
16516,36085
16517,66150
16518,59185
16519,94920
16520,81375
16521,66535
16522,80150
16523,82355
16524,77420
16525,58030
16526,68740
16527,100625
16528,55895
16529,48055
16530,74865
16531,66430
16532,83265
16533,48755
16534,79380
16535,51485
16536,68635
16537,82705
16538,10990
16539,95445
16540,55090
16541,63140
16542,71050
16543,84770
16544,50540
16545,59395
16546,66815
16547,88690
16548,36610
16549,73395
16550,73640
16551,85890
16552,72940
16553,56070
16554,69475
16555,81025
16556,55160
16557,39970
16558,45290
16559,32970
16560,54810
16561,36015
16562,44590
16563,51415
16564,69720
16565,67235
16566,29855
16567,62160
16568,85050
16569,106330
16570,71575
16571,94395
16572,62510
16573,83230
16574,58345
16575,65100
16576,54110
16577,91735
16578,95200
16579,69335
16580,71435
16581,54180
16582,89740
16583,83055
16584,98070
16585,58730
16586,35875
16587,84595
16588,27580
16589,74585
16590,97475
16591,96145
16592,63630
16593,19530
16594,68775
16595,64015
16596,71120
16597,62825
16598,60480
16599,72660
16600,65275
16601,77455
16602,77105
16603,70560
16604,49910
16605,72065
16606,89425
16607,66150
16608,68040
16609,52535
16610,31815
16611,81760
16612,87045
16613,28665
16614,31465
16615,76755
16616,96880
16617,83755
16618,82740
16619,58415
16620,56490
16621,47635
16622,41755
16623,48125
16624,77350
16625,47425
16626,68530
16627,52080
16628,50505
16629,98490
16630,41545
16631,71050
16632,89600
16633,88830
16634,13370
16635,38815
16636,71400
16637,45990
16638,31570
16639,70875
16640,66115
16641,40740
16642,71610
16643,66815
16644,54180
16645,60795
16646,40005
16647,33040
16648,81900
16649,68635
16650,23170
16651,76440
16652,9520
16653,101220
16654,77665
16655,54845
16656,59465
16657,74270
16658,77420
16659,85260
16660,74970
16661,87570
16662,54950
16663,88585
16664,35420
16665,96810
16666,51730
16667,71540
16668,28840
16669,79695
16670,55790
16671,85400
16672,25970
16673,74270
16674,75775
16675,64260
16676,44065
16677,66220
16678,71400
16679,71365
16680,44170
16681,68600
16682,50365
16683,81725
16684,59010
16685,82775
16686,47635
16687,58310
16688,52220
16689,52675
16690,80325
16691,79520
16692,38010
16693,70490
16694,62825
16695,56770
16696,74130
16697,110775
16698,57575
16699,69265
16700,66745
16701,52745
16702,83615
16703,83650
16704,56945
16705,71855
16706,62230
16707,56560
16708,44660
16709,51800
16710,32375
16711,57295
16712,85470
16713,69895
16714,66675
16715,89810
16716,42315
16717,51450
16718,35070
16719,75075
16720,80220
16721,88025
16722,26635
16723,63910
16724,87535
16725,84455
16726,37940
16727,102970
16728,63805
16729,70140
16730,13720
16731,99505
16732,66290
16733,47145
16734,77035
16735,81795
16736,106050
16737,77875
16738,62195
16739,77840
16740,94780
16741,92435
16742,84560
16743,78925
16744,85505
16745,88935
16746,55580
16747,80675
16748,75915
16749,65800
16750,41160
16751,72275
16752,75600
16753,60480
16754,76860
16755,56630
16756,48755
16757,59395
16758,95340
16759,62650
16760,65625
16761,97895
16762,78295
16763,81060
16764,69720
16765,51415
16766,79625
16767,86905
16768,79730
16769,73220
16770,95585
16771,93380
16772,81830
16773,44940
16774,75600
16775,41160
16776,79485
16777,98035
16778,62650
16779,79030
16780,73710
16781,46865
16782,62055
16783,49140
16784,52675
16785,42560
16786,75705
16787,62825
16788,115010
16789,96600
16790,87500
16791,50505
16792,56280
16793,53585
16794,55195
16795,35560
16796,64925
16797,100205
16798,91910
16799,56805
16800,83510
16801,92925
16802,74375
16803,69335
16804,58975
16805,30345
16806,92575
16807,57645
16808,102690
16809,51415
16810,70840
16811,73780
16812,85015
16813,81200
16814,70105
16815,78715
16816,67200
16817,72485
16818,68320
16819,75110
16820,53655
16821,32795
16822,76475
16823,73465
16824,93450
16825,62720
16826,76405
16827,53935
16828,59955
16829,73640
16830,85680
16831,68390
16832,42525
16833,55930
16834,77280
16835,63245
16836,75425
16837,56140
16838,57995
16839,82740
16840,65030
16841,73010
16842,67340
16843,76020
16844,70840
16845,65975
16846,37905
16847,80010
16848,63665
16849,84525
16850,18025
16851,84455
16852,96355
16853,67970
16854,63630
16855,74025
16856,72590
16857,102165
16858,76755
16859,24115
16860,59570
16861,80675
16862,76545
16863,49735
16864,68635
16865,85085
16866,90090
16867,71295
16868,61670
16869,51800
16870,55370
16871,51695
16872,54600
16873,66535
16874,47740
16875,51765
16876,67550
16877,74655
16878,78820
16879,96495
16880,56980
16881,35945
16882,45990
16883,71575
16884,62230
16885,66535
16886,50085
16887,75530
16888,91560
16889,74410
16890,700
16891,89670
16892,82110
16893,59920
16894,46690
16895,76755
16896,69405
16897,65590
16898,63735
16899,81655
16900,58660
16901,65905
16902,61670
16903,73570
16904,66220
16905,40740
16906,90685
16907,77490
16908,83930
16909,76090
16910,87220
16911,65380
16912,49035
16913,76685
16914,117950
16915,71015
16916,54950
16917,50785
16918,47600
16919,82740
16920,70840
16921,79870
16922,73675
16923,57050
16924,81445
16925,72310
16926,74620
16927,66780
16928,36785
16929,77210
16930,66990
16931,93345
16932,58590
16933,109305
16934,44835
16935,63910
16936,74550
16937,72100
16938,74130
16939,55440
16940,73465
16941,83055
16942,63525
16943,70700
16944,71925
16945,70245
16946,97510
16947,44450
16948,70700
16949,103040
16950,51380
16951,71750
16952,62475
16953,44275
16954,25970
16955,62790
16956,63525
16957,66465
16958,69265
16959,71890
16960,54950
16961,82530
16962,49455
16963,94850
16964,62265
16965,28490
16966,19880
16967,74200
16968,42105
16969,56700
16970,85610
16971,53060
16972,78365
16973,91595
16974,72660
16975,62125
16976,69930
16977,49140
16978,73080
16979,65065
16980,41930
16981,67095
16982,61565
16983,91385
16984,76825
16985,77070
16986,87395
16987,95550
16988,79135
16989,73990
16990,86450
16991,45500
16992,68985
16993,59080
16994,89040
16995,76370
16996,87745
16997,76545
16998,56490
16999,67060
17000,94255
17001,57015
17002,70805
17003,67480
17004,53690
17005,59500
17006,92085
17007,87430
17008,75040
17009,81445
17010,82600
17011,56280
17012,66920
17013,72240
17014,95200
17015,91700
17016,67900
17017,90265
17018,55615
17019,76720
17020,78225
17021,45045
17022,78435
17023,53130
17024,107870
17025,75390
17026,91420
17027,56595
17028,89600
17029,73955
17030,76020
17031,66220
17032,74445
17033,70210
17034,48685
17035,56945
17036,72100
17037,65065
17038,86275
17039,46725
17040,33670
17041,79030
17042,24710
17043,54635
17044,77140
17045,41930
17046,40390
17047,74200
17048,57750
17049,43260
17050,116060
17051,67480
17052,103180
17053,100590
17054,65870
17055,72135
17056,69965
17057,92015
17058,54215
17059,58870
17060,61915
17061,76930
17062,100835
17063,83860
17064,107065
17065,59605
17066,51275
17067,59990
17068,79695
17069,59675
17070,100100
17071,63490
17072,61320
17073,73150
17074,50715
17075,76860
17076,70805
17077,28665
17078,51415
17079,92575
17080,53130
17081,48055
17082,44135
17083,53585
17084,40985
17085,70875
17086,63770
17087,89075
17088,81060
17089,41475
17090,67200
17091,65555
17092,71645
17093,73710
17094,62055
17095,95515
17096,91630
17097,99435
17098,99120
17099,73570
17100,62055
17101,68705
17102,56665
17103,76650
17104,57435
17105,67865
17106,86030
17107,90265
17108,48440
17109,55720
17110,72065
17111,72135
17112,105700
17113,59395
17114,58275
17115,59185
17116,37170
17117,81375
17118,57750
17119,109830
17120,78890
17121,47915
17122,50610
17123,71890
17124,65975
17125,50505
17126,98770
17127,92995
17128,69895
17129,65520
17130,87360
17131,69055
17132,50540
17133,63455
17134,74830
17135,81270
17136,77805
17137,55195
17138,84735
17139,53935
17140,76825
17141,32620
17142,46515
17143,28525
17144,67935
17145,26005
17146,68985
17147,39725
17148,26705
17149,67130
17150,62545
17151,50995
17152,75180
17153,35805
17154,102585
17155,87885
17156,79135
17157,56490
17158,37205
17159,68075
17160,76300
17161,70560
17162,76825
17163,87150
17164,53970
17165,58415
17166,60165
17167,59815
17168,78680
17169,74200
17170,44485
17171,63980
17172,76160
17173,93135
17174,83125
17175,72485
17176,79450
17177,38150
17178,63945
17179,48895
17180,33985
17181,100555
17182,62195
17183,89460
17184,48370
17185,43820
17186,77385
17187,80185
17188,81445
17189,88585
17190,94010
17191,52710
17192,40285
17193,63980
17194,77210
17195,75250
17196,31465
17197,66115
17198,100415
17199,92925
17200,75250
17201,106750
17202,73885
17203,26880
17204,79940
17205,82565
17206,63455
17207,56875
17208,63420
17209,78575
17210,70385
17211,61425
17212,72625
17213,58170
17214,58205
17215,60410
17216,72660
17217,84875
17218,68810
17219,93555
17220,68250
17221,59150
17222,35105
17223,45325
17224,53165
17225,45675
17226,49315
17227,56105
17228,87570
17229,68915
17230,73325
17231,58065
17232,79345
17233,35175
17234,74095
17235,43890
17236,72205
17237,34615
17238,86660
17239,31185
17240,83790
17241,56595
17242,74340
17243,41965
17244,70105
17245,103250
17246,26530
17247,75565
17248,85890
17249,51590
17250,68705
17251,57365
17252,85750
17253,39725
17254,92925
17255,67690
17256,65695
17257,90160
17258,93660
17259,64190
17260,92295
17261,84770
17262,66500
17263,79695
17264,80745
17265,40565
17266,91175
17267,77875
17268,34685
17269,72940
17270,64015
17271,70805
17272,82285
17273,58940
17274,56525
17275,50855
17276,37835
17277,30275
17278,103565
17279,38010
17280,84770
17281,61845
17282,82460
17283,71470
17284,86170
17285,78400
17286,113855
17287,65940
17288,68285
17289,86590
17290,67270
17291,92750
17292,68705
17293,40005
17294,63385
17295,91875
17296,66395
17297,82250
17298,42385
17299,78435
17300,120190
17301,35315
17302,28035
17303,52080
17304,39060
17305,48930
17306,82635
17307,62125
17308,91000
17309,69545
17310,46585
17311,87220
17312,85120
17313,53515
17314,82075
17315,65380
17316,41020
17317,54425
17318,61845
17319,59045
17320,77595
17321,66430
17322,39410
17323,69195
17324,88550
17325,38325
17326,60865
17327,81690
17328,43645
17329,104300
17330,107240
17331,66955
17332,64400
17333,65380
17334,29715
17335,52990
17336,75705
17337,32025
17338,59780
17339,105595
17340,78400
17341,54775
17342,67795
17343,54390
17344,69790
17345,70280
17346,92750
17347,59150
17348,62510
17349,84910
17350,63875
17351,86590
17352,94885
17353,84945
17354,62685
17355,42595
17356,50855
17357,101990
17358,83230
17359,57330
17360,36015
17361,54285
17362,59605
17363,49000
17364,49420
17365,67305
17366,72065
17367,68670
17368,52780
17369,112280
17370,62930
17371,71855
17372,66500
17373,33810
17374,45115
17375,67375
17376,83650
17377,76580
17378,74445
17379,73150
17380,83510
17381,92890
17382,54425
17383,17045
17384,34510
17385,74865
17386,72170
17387,60725
17388,50575
17389,88620
17390,84840
17391,91105
17392,81410
17393,50680
17394,72135
17395,71680
17396,31815
17397,58205
17398,57190
17399,72870
17400,79030
17401,57680
17402,49525
17403,40810
17404,58415
17405,69475
17406,57470
17407,68775
17408,94220
17409,70490
17410,84175
17411,85680
17412,87185
17413,71365
17414,70140
17415,70595
17416,51800
17417,75460
17418,45080
17419,74270
17420,80920
17421,68425
17422,48825
17423,23485
17424,49455
17425,75845
17426,50400
17427,58310
17428,60900
17429,54950
17430,51415
17431,89775
17432,38885
17433,67480
17434,77910
17435,55055
17436,99260
17437,88130
17438,60025
17439,71995
17440,78820
17441,70105
17442,92645
17443,83685
17444,39375
17445,47530
17446,100835
17447,70700
17448,53375
17449,58380
17450,92015
17451,43960
17452,91070
17453,57540
17454,78960
17455,62755
17456,53935
17457,62895
17458,37415
17459,61740
17460,107065
17461,54845
17462,56140
17463,36610
17464,71715
17465,44450
17466,60620
17467,41930
17468,87990
17469,42490
17470,51170
17471,77595
17472,93835
17473,21805
17474,65555
17475,74025
17476,94395
17477,62720
17478,55020
17479,79065
17480,55440
17481,38395
17482,94290
17483,93205
17484,68600
17485,63665
17486,81200
17487,62055
17488,59850
17489,49840
17490,69020
17491,84595
17492,59990
17493,59780
17494,78225
17495,86730
17496,73080
17497,70770
17498,93590
17499,93905
17500,95130
17501,76160
17502,37100
17503,66815
17504,64960
17505,83545
17506,80885
17507,61180
17508,36330
17509,69160
17510,75915
17511,72205
17512,82950
17513,57960
17514,64190
17515,77105
17516,69965
17517,80990
17518,65415
17519,59150
17520,47425
17521,62965
17522,82635
17523,68460
17524,79380
17525,84945
17526,74550
17527,41090
17528,69090
17529,75320
17530,64820
17531,78155
17532,50050
17533,54285
17534,87780
17535,58065
17536,83335
17537,43155
17538,71855
17539,56665
17540,78540
17541,74935
17542,94080
17543,88165
17544,53620
17545,59150
17546,89740
17547,85715
17548,73570
17549,74760
17550,62475
17551,39025
17552,82495
17553,66045
17554,63945
17555,53200
17556,69930
17557,78855
17558,71260
17559,83685
17560,77385
17561,54670
17562,67305
17563,33985
17564,87675
17565,64575
17566,61215
17567,34055
17568,69475
17569,70035
17570,44380
17571,96285
17572,60935
17573,67235
17574,74445
17575,38780
17576,63735
17577,56805
17578,63140
17579,55755
17580,60025
17581,77420
17582,75775
17583,80360
17584,98700
17585,44975
17586,79975
17587,80885
17588,65030
17589,78260
17590,62825
17591,64365
17592,71890
17593,74935
17594,73220
17595,70420
17596,52710
17597,101990
17598,64470
17599,96460
17600,78890
17601,67340
17602,89320
17603,48755
17604,67200
17605,82145
17606,100380
17607,61040
17608,61985
17609,48475
17610,66360
17611,63140
17612,59920
17613,77910
17614,72240
17615,84700
17616,59115
17617,74060
17618,84000
17619,90265
17620,77105
17621,64505
17622,62790
17623,89705
17624,35210
17625,80500
17626,44240
17627,100695
17628,61740
17629,61810
17630,63595
17631,69615
17632,64925
17633,44695
17634,66850
17635,69965
17636,59605
17637,76615
17638,83685
17639,71925
17640,79450
17641,88550
17642,41475
17643,72275
17644,82705
17645,49630
17646,89810
17647,74480
17648,24150
17649,61775
17650,54950
17651,35210
17652,83230
17653,56245
17654,74375
17655,53060
17656,58555
17657,86940
17658,62895
17659,75880
17660,81935
17661,90335
17662,86170
17663,80185
17664,41965
17665,101990
17666,95795
17667,70770
17668,65100
17669,90370
17670,52745
17671,95655
17672,81095
17673,77980
17674,90265
17675,74725
17676,74900
17677,56770
17678,54845
17679,85575
17680,53550
17681,71470
17682,59885
17683,53865
17684,91595
17685,68040
17686,85750
17687,91525
17688,85435
17689,80150
17690,75670
17691,67865
17692,64785
17693,50400
17694,79765
17695,76195
17696,93240
17697,69825
17698,51170
17699,71295
17700,75005
17701,67900
17702,107800
17703,59570
17704,106330
17705,44310
17706,71330
17707,71680
17708,77770
17709,61215
17710,56560
17711,44660
17712,96075
17713,87710
17714,86905
17715,77035
17716,71855
17717,66430
17718,85120
17719,48825
17720,81515
17721,48685
17722,62580
17723,56945
17724,42910
17725,73745
17726,61915
17727,84280
17728,84140
17729,108465
17730,84945
17731,48335
17732,59640
17733,24395
17734,66955
17735,91070
17736,22120
17737,52395
17738,75495
17739,81165
17740,93590
17741,56140
17742,66850
17743,74550
17744,78750
17745,54390
17746,84070
17747,59605
17748,76230
17749,65695
17750,39515
17751,89495
17752,89495
17753,66885
17754,39620
17755,72345
17756,58660
17757,75040
17758,100660
17759,85190
17760,68285
17761,55090
17762,49840
17763,86520
17764,80325
17765,74655
17766,73920
17767,67445
17768,104125
17769,72100
17770,79695
17771,78365
17772,76475
17773,61635
17774,-14280
17775,46865
17776,92120
17777,74690
17778,63945
17779,63140
17780,44205
17781,62650
17782,87010
17783,56175
17784,59675
17785,24115
17786,55125
17787,45220
17788,69755
17789,60865
17790,105735
17791,52640
17792,63420
17793,42770
17794,56350
17795,54740
17796,59815
17797,77595
17798,48580
17799,29470
17800,43960
17801,64540
17802,56595
17803,54320
17804,53305
17805,89985
17806,60830
17807,66745
17808,80675
17809,54110
17810,53235
17811,99925
17812,69090
17813,92750
17814,96740
17815,64470
17816,53340
17817,49140
17818,51345
17819,50155
17820,73220
17821,56805
17822,87150
17823,33670
17824,42000
17825,78295
17826,36330
17827,60900
17828,84980
17829,46270
17830,49350
17831,77840
17832,74025
17833,71645
17834,85190
17835,65975
17836,37590
17837,56315
17838,80185
17839,79275
17840,83020
17841,70490
17842,90825
17843,54565
17844,77245
17845,60760
17846,75775
17847,75635
17848,88480
17849,53550
17850,52955
17851,80640
17852,76300
17853,87010
17854,80535
17855,62790
17856,52605
17857,50015
17858,63665
17859,69230
17860,43505
17861,81760
17862,61705
17863,44485
17864,30100
17865,50120
17866,75110
17867,75075
17868,62195
17869,79345
17870,96215
17871,88970
17872,29505
17873,81375
17874,49490
17875,90615
17876,102340
17877,83580
17878,89285
17879,64400
17880,57610
17881,62510
17882,70140
17883,26250
17884,59710
17885,59885
17886,30800
17887,53060
17888,59430
17889,62230
17890,3255
17891,83195
17892,81620
17893,97895
17894,82845
17895,114905
17896,81900
17897,76930
17898,49070
17899,71155
17900,40950
17901,96635
17902,54250
17903,82915
17904,89565
17905,40285
17906,60620
17907,63595
17908,65310
17909,59710
17910,49140
17911,32270
17912,54915
17913,71610
17914,52080
17915,88025
17916,58625
17917,52115
17918,100800
17919,61740
17920,43330
17921,89810
17922,43050
17923,63455
17924,70525
17925,30065
17926,61670
17927,67830
17928,52115
17929,36890
17930,67095
17931,40460
17932,70175
17933,81795
17934,74410
17935,61985
17936,69090
17937,85435
17938,64050
17939,69475
17940,51450
17941,72870
17942,79170
17943,70840
17944,86800
17945,54495
17946,78995
17947,41615
17948,76790
17949,61705
17950,77350
17951,75320
17952,93940
17953,70840
17954,32375
17955,73500
17956,70945
17957,86835
17958,67025
17959,106295
17960,102550
17961,78680
17962,51940
17963,49910
17964,6265
17965,55475
17966,66220
17967,35525
17968,36820
17969,81550
17970,68740
17971,78645
17972,89425
17973,85225
17974,56070
17975,72380
17976,100870
17977,85050
17978,44100
17979,66570
17980,83545
17981,55580
17982,79030
17983,75600
17984,38115
17985,100625
17986,74235
17987,78505
17988,93100
17989,72905
17990,60900
17991,58380
17992,61810
17993,50435
17994,40845
17995,76160
17996,96705
17997,92120
17998,70700
17999,71225
18000,90335
18001,43330
18002,82145
18003,55755
18004,68600
18005,83440
18006,80010
18007,47950
18008,68775
18009,54530
18010,52185
18011,69825
18012,51765
18013,68495
18014,49245
18015,73955
18016,68705
18017,34020
18018,58030
18019,75950
18020,58765
18021,76300
18022,88900
18023,70770
18024,46830
18025,70105
18026,62965
18027,58345
18028,44240
18029,59115
18030,68635
18031,54495
18032,71890
18033,92505
18034,66850
18035,32340
18036,46235
18037,53690
18038,102340
18039,42350
18040,80255
18041,43540
18042,68040
18043,35910
18044,88270
18045,49000
18046,89810
18047,101185
18048,51870
18049,90650
18050,54670
18051,66150
18052,72205
18053,77840
18054,58310
18055,105630
18056,56280
18057,51450
18058,89215
18059,91595
18060,40495
18061,101220
18062,86625
18063,66185
18064,68915
18065,86415
18066,33985
18067,66290
18068,80465
18069,85330
18070,58415
18071,48720
18072,77280
18073,89670
18074,48265
18075,80290
18076,69125
18077,58520
18078,82565
18079,40740
18080,104720
18081,40775
18082,37905
18083,57505
18084,74620
18085,32130
18086,31920
18087,46900
18088,35735
18089,69300
18090,106190
18091,70805
18092,67725
18093,94710
18094,66780
18095,79520
18096,65240
18097,63315
18098,25270
18099,63560
18100,34790
18101,82600
18102,81375
18103,48055
18104,85750
18105,93695
18106,68775
18107,35070
18108,93730
18109,47775
18110,85190
18111,99085
18112,62860
18113,95060
18114,76405
18115,71120
18116,46830
18117,60725
18118,46480
18119,65415
18120,80360
18121,77455
18122,32585
18123,75425
18124,48510
18125,98980
18126,51940
18127,95410
18128,47600
18129,74865
18130,114905
18131,76720
18132,90090
18133,71015
18134,46270
18135,37940
18136,85960
18137,55300
18138,96880
18139,52920
18140,43785
18141,67445
18142,75880
18143,95760
18144,27475
18145,93800
18146,45430
18147,66605
18148,93590
18149,33915
18150,62790
18151,73325
18152,92050
18153,40565
18154,47950
18155,63140
18156,4060
18157,75320
18158,58380
18159,85295
18160,76195
18161,71015
18162,56560
18163,72555
18164,67025
18165,85295
18166,83160
18167,95165
18168,60620
18169,87115
18170,65940
18171,57120
18172,63700
18173,74235
18174,42735
18175,67270
18176,71575
18177,66955
18178,58905
18179,54005
18180,57645
18181,58590
18182,71680
18183,55685
18184,85260
18185,94395
18186,57505
18187,55160
18188,79660
18189,27580
18190,49245
18191,95585
18192,61320
18193,41405
18194,49525
18195,64015
18196,67900
18197,76370
18198,60305
18199,47320
18200,87885
18201,87500
18202,45465
18203,55125
18204,68670
18205,80745
18206,57540
18207,54390
18208,51590
18209,81585
18210,57995
18211,61880
18212,72765
18213,63805
18214,51520
18215,84490
18216,94185
18217,70875
18218,44800
18219,76615
18220,57680
18221,84140
18222,100310
18223,70175
18224,70455
18225,76090
18226,56455
18227,51975
18228,90720
18229,65800
18230,47565
18231,35595
18232,60060
18233,43890
18234,52675
18235,80500
18236,96635
18237,32550
18238,107905
18239,51625
18240,92295
18241,87885
18242,84630
18243,68005
18244,97790
18245,43925
18246,83965
18247,62195
18248,91700
18249,66570
18250,56910
18251,70175
18252,54530
18253,86100
18254,33565
18255,73955
18256,77490
18257,85855
18258,55055
18259,46585
18260,82250
18261,104125
18262,98210
18263,65135
18264,73780
18265,28770
18266,24780
18267,81935
18268,75950
18269,52675
18270,25060
18271,70385
18272,76615
18273,50225
18274,71995
18275,42805
18276,54915
18277,59430
18278,85190
18279,66360
18280,32270
18281,86135
18282,73815
18283,66780
18284,36645
18285,71050
18286,50610
18287,66920
18288,80955
18289,81060
18290,37450
18291,67060
18292,97335
18293,90825
18294,74725
18295,52885
18296,78890
18297,82845
18298,62125
18299,57085
18300,75040
18301,79940
18302,62300
18303,77315
18304,49770
18305,81445
18306,48895
18307,54320
18308,69090
18309,87675
18310,77105
18311,67060
18312,57890
18313,63980
18314,81410
18315,74130
18316,102550
18317,49875
18318,54180
18319,76405
18320,84700
18321,86625
18322,75495
18323,86170
18324,60795
18325,73990
18326,62195
18327,90475
18328,88375
18329,35840
18330,80745
18331,60095
18332,70665
18333,89390
18334,62370
18335,73675
18336,53060
18337,39165
18338,53025
18339,79975
18340,88200
18341,64890
18342,61670
18343,77595
18344,37135
18345,54460
18346,43785
18347,48370
18348,78540
18349,51275
18350,82250
18351,55510
18352,26670
18353,64575
18354,53795
18355,41860
18356,48720
18357,79415
18358,74270
18359,78680
18360,81060
18361,92890
18362,95095
18363,64015
18364,78435
18365,65555
18366,54635
18367,84350
18368,40635
18369,59045
18370,101045
18371,56210
18372,106575
18373,48615
18374,29435
18375,76440
18376,46690
18377,47635
18378,100310
18379,77630
18380,76230
18381,92995
18382,84175
18383,66430
18384,120785
18385,49280
18386,76545
18387,75285
18388,60970
18389,80605
18390,50540
18391,82075
18392,79905
18393,67585
18394,61565
18395,57855
18396,88795
18397,82705
18398,88970
18399,32970
18400,53270
18401,45850
18402,95900
18403,78785
18404,78715
18405,37345
18406,63140
18407,77525
18408,82740
18409,87535
18410,54285
18411,27475
18412,106085
18413,79590
18414,96040
18415,75810
18416,65975
18417,56630
18418,84665
18419,68460
18420,28455
18421,59150
18422,84245
18423,66605
18424,75215
18425,94430
18426,44765
18427,78470
18428,84385
18429,66185
18430,87255
18431,94220
18432,93975
18433,58310
18434,95830
18435,25900
18436,103670
18437,68775
18438,69860
18439,57680
18440,71960
18441,74655
18442,97615
18443,90055
18444,90405
18445,76615
18446,77490
18447,78750
18448,39480
18449,77245
18450,59570
18451,74095
18452,65065
18453,79835
18454,105735
18455,71820
18456,61460
18457,47985
18458,69790
18459,89495
18460,93660
18461,58135
18462,74585
18463,69300
18464,43400
18465,52465
18466,98245
18467,42805
18468,75390
18469,75635
18470,60865
18471,52815
18472,69930
18473,67340
18474,70490
18475,77735
18476,54565
18477,61810
18478,73360
18479,72380
18480,75880
18481,61390
18482,95410
18483,61600
18484,83965
18485,67550
18486,79765
18487,67200
18488,64680
18489,70455
18490,68985
18491,78540
18492,51240
18493,78015
18494,64330
18495,82110
18496,68600
18497,46025
18498,64610
18499,64645
18500,40775
18501,89145
18502,45640
18503,81900
18504,65310
18505,82740
18506,89705
18507,69195
18508,85190
18509,25795
18510,52815
18511,85085
18512,98665
18513,64260
18514,38815
18515,76510
18516,67340
18517,46900
18518,60830
18519,69545
18520,76650
18521,98665
18522,84875
18523,55930
18524,74235
18525,69195
18526,54495
18527,23695
18528,50680
18529,73080
18530,73430
18531,56035
18532,91910
18533,56035
18534,77945
18535,61285
18536,82040
18537,4095
18538,34580
18539,91140
18540,69475
18541,25550
18542,59710
18543,98770
18544,51450
18545,32585
18546,36680
18547,63840
18548,50190
18549,58275
18550,48755
18551,40600
18552,60830
18553,87465
18554,59220
18555,98105
18556,27720
18557,60725
18558,67270
18559,118510
18560,46585
18561,68600
18562,22015
18563,34930
18564,46480
18565,45535
18566,81795
18567,66920
18568,62160
18569,72870
18570,19425
18571,36295
18572,79030
18573,35700
18574,81795
18575,90195
18576,65905
18577,72030
18578,50505
18579,72870
18580,66570
18581,75670
18582,38010
18583,75075
18584,42875
18585,47390
18586,55090
18587,40285
18588,59535
18589,66780
18590,43645
18591,98630
18592,75810
18593,89460
18594,45745
18595,81690
18596,58380
18597,41370
18598,68425
18599,82705
18600,41160
18601,67795
18602,44555
18603,86730
18604,68670
18605,33880
18606,90090
18607,69020
18608,45885
18609,36365
18610,22785
18611,99680
18612,70105
18613,111545
18614,49000
18615,80115
18616,70350
18617,54845
18618,115955
18619,83825
18620,85855
18621,86555
18622,44135
18623,36015
18624,43575
18625,65170
18626,29505
18627,98175
18628,41755
18629,51205
18630,54285
18631,53375
18632,55545
18633,80815
18634,68495
18635,88550
18636,63875
18637,62335
18638,74305
18639,65975
18640,75145
18641,87255
18642,109690
18643,78540
18644,96845
18645,36015
18646,81340
18647,74935
18648,70560
18649,73465
18650,71785
18651,100065
18652,55860
18653,68390
18654,49210
18655,91875
18656,78155
18657,65660
18658,58380
18659,31045
18660,72450
18661,40880
18662,96005
18663,43645
18664,55720
18665,77560
18666,99050
18667,104720
18668,80885
18669,73430
18670,68075
18671,35280
18672,41300
18673,48160
18674,38220
18675,59360
18676,60480
18677,62650
18678,71855
18679,67795
18680,88270
18681,50680
18682,13265
18683,79450
18684,40285
18685,72450
18686,104615
18687,54425
18688,60480
18689,82180
18690,64365
18691,71995
18692,48370
18693,64365
18694,77595
18695,79170
18696,84560
18697,73150
18698,63630
18699,86695
18700,44940
18701,52850
18702,52815
18703,110530
18704,64330
18705,41720
18706,68215
18707,46550
18708,65800
18709,91980
18710,86415
18711,89250
18712,38710
18713,71575
18714,60830
18715,77175
18716,85015
18717,15260
18718,48300
18719,85995
18720,86100
18721,64890
18722,63840
18723,93170
18724,47565
18725,72170
18726,87675
18727,36855
18728,42280
18729,83895
18730,95375
18731,65275
18732,36365
18733,57645
18734,78925
18735,68495
18736,42875
18737,69405
18738,47250
18739,78330
18740,16380
18741,63910
18742,1925
18743,53305
18744,91000
18745,107170
18746,65975
18747,53165
18748,88795
18749,41650
18750,11270
18751,61040
18752,73325
18753,74095
18754,68250
18755,48055
18756,45465
18757,56245
18758,45780
18759,93065
18760,73045
18761,61600
18762,63700
18763,63595
18764,90510
18765,71085
18766,70490
18767,54390
18768,57050
18769,53935
18770,87430
18771,73395
18772,57890
18773,82250
18774,71295
18775,42560
18776,62685
18777,94955
18778,60690
18779,99260
18780,62545
18781,95865
18782,72380
18783,66850
18784,64470
18785,60340
18786,49595
18787,69020
18788,13580
18789,77385
18790,73080
18791,33145
18792,64785
18793,66465
18794,87780
18795,75285
18796,61635
18797,69685
18798,98070
18799,62650
18800,96845
18801,26775
18802,28840
18803,73360
18804,80115
18805,59570
18806,54705
18807,46865
18808,41825
18809,55405
18810,53130
18811,56735
18812,65870
18813,70770
18814,75425
18815,69930
18816,81445
18817,68565
18818,71995
18819,93590
18820,82355
18821,64575
18822,40320
18823,73430
18824,64820
18825,59815
18826,97370
18827,87080
18828,69195
18829,54705
18830,51310
18831,10605
18832,52675
18833,40845
18834,71820
18835,111265
18836,31220
18837,81935
18838,21560
18839,92085
18840,79415
18841,78540
18842,79170
18843,1540
18844,98665
18845,93415
18846,40390
18847,32830
18848,60025
18849,69650
18850,74550
18851,59885
18852,80745
18853,82635
18854,67235
18855,77000
18856,64365
18857,44065
18858,48370
18859,78435
18860,93625
18861,82810
18862,55265
18863,76965
18864,68705
18865,57925
18866,46935
18867,78225
18868,73990
18869,76195
18870,103530
18871,32900
18872,77525
18873,97580
18874,59395
18875,74200
18876,69930
18877,54390
18878,63000
18879,69930
18880,63875
18881,70735
18882,42315
18883,50645
18884,53235
18885,29960
18886,92295
18887,74095
18888,60935
18889,78400
18890,52570
18891,79835
18892,71715
18893,81130
18894,73815
18895,78365
18896,82880
18897,74445
18898,108605
18899,74375
18900,69895
18901,43925
18902,62510
18903,75075
18904,55545
18905,79870
18906,75285
18907,85995
18908,83965
18909,94815
18910,95165
18911,90790
18912,63980
18913,17675
18914,81795
18915,88585
18916,85330
18917,62440
18918,75670
18919,99190
18920,76475
18921,81165
18922,63945
18923,54390
18924,46585
18925,63840
18926,46865
18927,54425
18928,81410
18929,66255
18930,71085
18931,67165
18932,66465
18933,43295
18934,75845
18935,85680
18936,61005
18937,58975
18938,73220
18939,33040
18940,81830
18941,93450
18942,74865
18943,13475
18944,64995
18945,77840
18946,70420
18947,70875
18948,46305
18949,76790
18950,65030
18951,79765
18952,58765
18953,48055
18954,78960
18955,50085
18956,93870
18957,90020
18958,43155
18959,37310
18960,72695
18961,56805
18962,94640
18963,62055
18964,55335
18965,77630
18966,61005
18967,73570
18968,38360
18969,47145
18970,110845
18971,39830
18972,48195
18973,73885
18974,50050
18975,63665
18976,67725
18977,68670
18978,74480
18979,79275
18980,93905
18981,57190
18982,80570
18983,66010
18984,32620
18985,54180
18986,99785
18987,53550
18988,54635
18989,75005
18990,85505
18991,28525
18992,77980
18993,44415
18994,19250
18995,72415
18996,21665
18997,42490
18998,46445
18999,52395
19000,71680
19001,64645
19002,79800
19003,96565
19004,91315
19005,85715
19006,64400
19007,71155
19008,60480
19009,62335
19010,47670
19011,78925
19012,63490
19013,38115
19014,33880
19015,8330
19016,91840
19017,37275
19018,56875
19019,90020
19020,51170
19021,71715
19022,58240
19023,85995
19024,72485
19025,66115
19026,50365
19027,43365
19028,43015
19029,71330
19030,77070
19031,75845
19032,78785
19033,81410
19034,74865
19035,87255
19036,43645
19037,70735
19038,50540
19039,62510
19040,73465
19041,33775
19042,61950
19043,80780
19044,72030
19045,85085
19046,79240
19047,51170
19048,97545
19049,83580
19050,67900
19051,56735
19052,80290
19053,66745
19054,72520
19055,85645
19056,51065
19057,63245
19058,60270
19059,69230
19060,46550
19061,61180
19062,75600
19063,88375
19064,88305
19065,80535
19066,85995
19067,53725
19068,66990
19069,44765
19070,75215
19071,56735
19072,94010
19073,86905
19074,40740
19075,62860
19076,54040
19077,41055
19078,92120
19079,67165
19080,74375
19081,86940
19082,77070
19083,26145
19084,38185
19085,46095
19086,76510
19087,34825
19088,70105
19089,91175
19090,65135
19091,102060
19092,86065
19093,97755
19094,81200
19095,46480
19096,57505
19097,39200
19098,85295
19099,87360
19100,90440
19101,37730
19102,75425
19103,67935
19104,55930
19105,85715
19106,87885
19107,70455
19108,85225
19109,77070
19110,94255
19111,80535
19112,60445
19113,50820
19114,104335
19115,50715
19116,57820
19117,84630
19118,66955
19119,43435
19120,67900
19121,75250
19122,50820
19123,77770
19124,39585
19125,44135
19126,53760
19127,87745
19128,84315
19129,80605
19130,58135
19131,57435
19132,47285
19133,53830
19134,64190
19135,77385
19136,69405
19137,74865
19138,47530
19139,50785
19140,59605
19141,51590
19142,75740
19143,76615
19144,54775
19145,65730
19146,74620
19147,61775
19148,76440
19149,78050
19150,29085
19151,67235
19152,59325
19153,76895
19154,76755
19155,107625
19156,89880
19157,49385
19158,91875
19159,61915
19160,59675
19161,45535
19162,64260
19163,50680
19164,54250
19165,46200
19166,71715
19167,66045
19168,67095
19169,83160
19170,79380
19171,52780
19172,89390
19173,73465
19174,96635
19175,48020
19176,67865
19177,60095
19178,31780
19179,64435
19180,83370
19181,87955
19182,42315
19183,82495
19184,70455
19185,85120
19186,44730
19187,59395
19188,73990
19189,72030
19190,53795
19191,46760
19192,76370
19193,78435
19194,70210
19195,35105
19196,90825
19197,70105
19198,83895
19199,41825
19200,77175
19201,80360
19202,40285
19203,38115
19204,88025
19205,75425
19206,47005
19207,84840
19208,85015
19209,54180
19210,99365
19211,70735
19212,80325
19213,48020
19214,98070
19215,77910
19216,29575
19217,94500
19218,92960
19219,59465
19220,65450
19221,34965
19222,48405
19223,29540
19224,62055
19225,72730
19226,48090
19227,80745
19228,63595
19229,98350
19230,34930
19231,85960
19232,84245
19233,58695
19234,71435
19235,79800
19236,66360
19237,67165
19238,70770
19239,55230
19240,37835
19241,65695
19242,61565
19243,90195
19244,55475
19245,91035
19246,71995
19247,85295
19248,97965
19249,52990
19250,80640
19251,65730
19252,30695
19253,57645
19254,89285
19255,60900
19256,38150
19257,47145
19258,58485
19259,63035
19260,107800
19261,86240
19262,67830
19263,76300
19264,72975
19265,79380
19266,53690
19267,72800
19268,24150
19269,87395
19270,36785
19271,59850
19272,62825
19273,79275
19274,59745
19275,73850
19276,49490
19277,67585
19278,79380
19279,51450
19280,47145
19281,44555
19282,83790
19283,52045
19284,91840
19285,73220
19286,60900
19287,60795
19288,85365
19289,67690
19290,69160
19291,69860
19292,66605
19293,60235
19294,53970
19295,92540
19296,79205
19297,85015
19298,71260
19299,87395
19300,63385
19301,90510
19302,47775
19303,107450
19304,24885
19305,77385
19306,94185
19307,51660
19308,83930
19309,76020
19310,92435
19311,62965
19312,83825
19313,82775
19314,79485
19315,67130
19316,91770
19317,60200
19318,80885
19319,97790
19320,72870
19321,74795
19322,54425
19323,54740
19324,52675
19325,74795
19326,73850
19327,42385
19328,85470
19329,113365
19330,74550
19331,57120
19332,62545
19333,83475
19334,76195
19335,26005
19336,70280
19337,31605
19338,82845
19339,32060
19340,75250
19341,59430
19342,73885
19343,49350
19344,63665
19345,66290
19346,71120
19347,33565
19348,65345
19349,44555
19350,107940
19351,87815
19352,66500
19353,87605
19354,47005
19355,56770
19356,64785
19357,70140
19358,103670
19359,75425
19360,48965
19361,38080
19362,89775
19363,64470
19364,45885
19365,40215
19366,83265
19367,74900
19368,77805
19369,74060
19370,86800
19371,41230
19372,42770
19373,72135
19374,93205
19375,50715
19376,44205
19377,84875
19378,63210
19379,27930
19380,64295
19381,69895
19382,60200
19383,89110
19384,65695
19385,72870
19386,56980
19387,79030
19388,83965
19389,34090
19390,85820
19391,53620
19392,66115
19393,50960
19394,68110
19395,74305
19396,67340
19397,24535
19398,103145
19399,71155
19400,100730
19401,66150
19402,79205
19403,73990
19404,56595
19405,51730
19406,96985
19407,94430
19408,46550
19409,63420
19410,50715
19411,101570
19412,64225
19413,73710
19414,24360
19415,86695
19416,81480
19417,73080
19418,82670
19419,49945
19420,87360
19421,87430
19422,53655
19423,64680
19424,103845
19425,89740
19426,91420
19427,61425
19428,65345
19429,45430
19430,80885
19431,64750
19432,83685
19433,82110
19434,86555
19435,76055
19436,103145
19437,66080
19438,90965
19439,45045
19440,61740
19441,93905
19442,45430
19443,80640
19444,78120
19445,63455
19446,24080
19447,27440
19448,66430
19449,12845
19450,73150
19451,72625
19452,60935
19453,29470
19454,52850
19455,76580
19456,45920
19457,58240
19458,57925
19459,69020
19460,51310
19461,78330
19462,47705
19463,30100
19464,67900
19465,82145
19466,76720
19467,90230
19468,77420
19469,55720
19470,48020
19471,69790
19472,41230
19473,62125
19474,69545
19475,59920
19476,34020
19477,72835
19478,74620
19479,71785
19480,71820
19481,65205
19482,53165
19483,98560
19484,56560
19485,64855
19486,40040
19487,66605
19488,85925
19489,58975
19490,81970
19491,50470
19492,42140
19493,45115
19494,80185
19495,81865
19496,53410
19497,53865
19498,46515
19499,71680
19500,37485
19501,61460
19502,78015
19503,82005
19504,46970
19505,23450
19506,50155
19507,89145
19508,47460
19509,48475
19510,83650
19511,35000
19512,60830
19513,66465
19514,70245
19515,58625
19516,80605
19517,47985
19518,76755
19519,96880
19520,69545
19521,41055
19522,50400
19523,47950
19524,78050
19525,67515
19526,67760
19527,49560
19528,66360
19529,91070
19530,83650
19531,83020
19532,88025
19533,71050
19534,58555
19535,33845
19536,27580
19537,69685
19538,67970
19539,80535
19540,95970
19541,103565
19542,65940
19543,44345
19544,73255
19545,70280
19546,90230
19547,55825
19548,59430
19549,65975
19550,87115
19551,67935
19552,86380
19553,43855
19554,62545
19555,72450
19556,55545
19557,64505
19558,64470
19559,34335
19560,55475
19561,65625
19562,46480
19563,79205
19564,42735
19565,51275
19566,41965
19567,71190
19568,85120
19569,56945
19570,48020
19571,94920
19572,32935
19573,67025
19574,90860
19575,49175
19576,71400
19577,83615
19578,44030
19579,71855
19580,24885
19581,78225
19582,92645
19583,65380
19584,70315
19585,88760
19586,62195
19587,63070
19588,52850
19589,42210
19590,89950
19591,82040
19592,62545
19593,71015
19594,73185
19595,65065
19596,49315
19597,75565
19598,75635
19599,47565
19600,51205
19601,60690
19602,73080
19603,79415
19604,50750
19605,67235
19606,47390
19607,83930
19608,61005
19609,63175
19610,50820
19611,57715
19612,125545
19613,57855
19614,61985
19615,103670
19616,50120
19617,30905
19618,36015
19619,61460
19620,86765
19621,71085
19622,67165
19623,74025
19624,38080
19625,74025
19626,64085
19627,-29085
19628,51695
19629,92610
19630,73955
19631,30730
19632,68775
19633,82565
19634,64260
19635,71785
19636,63035
19637,80465
19638,52605
19639,51100
19640,97720
19641,68460
19642,39060
19643,84035
19644,95060
19645,67095
19646,67655
19647,28315
19648,54950
19649,35875
19650,67445
19651,46550
19652,94745
19653,71680
19654,81340
19655,77350
19656,79905
19657,84595
19658,60655
19659,79275
19660,68075
19661,68845
19662,90440
19663,83370
19664,69545
19665,43085
19666,36015
19667,36260
19668,39690
19669,69230
19670,96845
19671,77525
19672,41055
19673,45080
19674,90090
19675,39305
19676,107380
19677,85330
19678,65100
19679,72310
19680,57575
19681,80955
19682,70560
19683,55370
19684,72625
19685,86170
19686,62020
19687,70175
19688,52150
19689,110005
19690,41790
19691,49420
19692,92015
19693,67165
19694,61635
19695,52395
19696,75740
19697,46585
19698,76860
19699,76090
19700,88375
19701,86975
19702,82985
19703,74690
19704,67340
19705,53690
19706,32480
19707,60305
19708,52885
19709,50995
19710,91350
19711,71470
19712,85960
19713,80745
19714,74165
19715,86590
19716,98245
19717,58870
19718,77595
19719,59045
19720,86100
19721,53340
19722,93275
19723,80115
19724,82705
19725,62090
19726,72975
19727,84945
19728,46760
19729,53025
19730,72450
19731,70595
19732,49385
19733,88655
19734,82425
19735,66395
19736,69825
19737,77070
19738,48055
19739,76825
19740,58765
19741,62930
19742,83230
19743,83125
19744,76545
19745,77665
19746,44625
19747,61495
19748,73220
19749,76335
19750,36855
19751,29365
19752,88480
19753,85890
19754,38710
19755,73570
19756,43645
19757,85120
19758,85015
19759,103040
19760,105910
19761,23135
19762,72205
19763,39760
19764,54180
19765,61565
19766,67515
19767,38990
19768,76090
19769,87675
19770,90510
19771,68845
19772,25970
19773,91105
19774,63945
19775,99015
19776,47810
19777,71645
19778,76440
19779,70245
19780,109445
19781,81655
19782,76580
19783,92295
19784,65520
19785,44275
19786,58205
19787,54950
19788,82880
19789,65835
19790,71190
19791,43610
19792,58135
19793,39340
19794,38045
19795,65975
19796,63770
19797,58240
19798,73010
19799,76860
19800,99820
19801,59465
19802,102585
19803,62720
19804,87465
19805,72905
19806,53655
19807,74235
19808,76545
19809,59885
19810,60480
19811,76125
19812,71750
19813,52920
19814,29785
19815,66150
19816,84035
19817,59080
19818,51905
19819,84805
19820,91595
19821,50820
19822,92575
19823,87605
19824,84735
19825,51695
19826,50785
19827,77455
19828,109480
19829,64085
19830,100380
19831,71400
19832,54355
19833,79310
19834,51730
19835,66465
19836,82740
19837,64680
19838,102165
19839,66010
19840,47320
19841,46095
19842,58555
19843,43015
19844,84980
19845,69650
19846,62825
19847,82355
19848,59570
19849,38955
19850,64120
19851,80675
19852,49560
19853,56280
19854,90195
19855,89005
19856,71610
19857,68880
19858,45080
19859,62825
19860,89355
19861,73045
19862,72940
19863,63385
19864,54810
19865,49735
19866,62930
19867,50785
19868,33880
19869,39795
19870,64085
19871,70525
19872,63385
19873,86835
19874,89040
19875,68950
19876,86170
19877,59045
19878,33215
19879,52045
19880,74095
19881,72345
19882,62965
19883,39935
19884,95480
19885,83300
19886,64190
19887,56105
19888,81690
19889,57540
19890,90650
19891,100590
19892,16240
19893,80815
19894,88970
19895,85925
19896,67620
19897,69755
19898,59465
19899,33845
19900,34650
19901,66920
19902,75075
19903,90055
19904,42595
19905,77700
19906,92295
19907,57715
19908,71540
19909,82880
19910,86345
19911,50890
19912,49770
19913,99575
19914,52815
19915,56525
19916,72520
19917,68040
19918,75390
19919,80430
19920,62125
19921,93555
19922,62335
19923,80185
19924,40040
19925,64470
19926,95900
19927,27965
19928,56455
19929,50680
19930,70595
19931,91350
19932,58450
19933,89880
19934,48545
19935,80780
19936,72450
19937,19250
19938,59255
19939,56735
19940,57085
19941,87920
19942,49385
19943,88550
19944,73605
19945,84105
19946,66780
19947,54180
19948,83335
19949,21420
19950,85365
19951,51450
19952,64680
19953,65310
19954,59080
19955,50680
19956,53830
19957,88235
19958,53305
19959,85540
19960,53655
19961,33950
19962,74760
19963,98595
19964,53340
19965,54880
19966,48090
19967,63350
19968,51240
19969,57505
19970,22785
19971,72765
19972,65940
19973,79835
19974,61985
19975,72380
19976,68985
19977,57855
19978,66430
19979,72765
19980,84910
19981,69825
19982,51450
19983,70490
19984,85610
19985,74375
19986,48370
19987,44205
19988,65555
19989,37485
19990,56840
19991,43645
19992,90265
19993,90825
19994,93520
19995,45815
19996,81095
19997,50645
19998,30135
19999,56525
