sample,best_lucro
0,64330
1,87500
2,87500
3,125300
4,125300
5,125300
6,125300
7,125300
8,125300
9,125300
10,125300
11,125300
12,125300
13,125300
14,125300
15,125300
16,125300
17,125300
18,125300
19,125300
20,125300
21,137060
22,137060
23,137060
24,137060
25,137060
26,137060
27,137060
28,137060
29,137060
30,137060
31,137060
32,137060
33,137060
34,137060
35,153510
36,153510
37,153510
38,153510
39,153510
40,153510
41,153510
42,153510
43,153510
44,153510
45,153510
46,153510
47,153510
48,153510
49,153510
50,153510
51,153510
52,153510
53,153510
54,153510
55,153510
56,153510
57,153510
58,153510
59,153510
60,153510
61,153510
62,153510
63,153510
64,153510
65,153510
66,153510
67,153510
68,153510
69,153510
70,153510
71,153510
72,153510
73,153510
74,153510
75,153510
76,153510
77,153510
78,153510
79,163975
80,163975
81,163975
82,163975
83,163975
84,163975
85,163975
86,163975
87,163975
88,163975
89,163975
90,163975
91,163975
92,163975
93,163975
94,163975
95,163975
96,163975
97,163975
98,163975
99,163975
100,163975
101,163975
102,163975
103,163975
104,163975
105,163975
106,163975
107,163975
108,163975
109,163975
110,163975
111,163975
112,163975
113,163975
114,163975
115,163975
116,163975
117,163975
118,163975
119,163975
120,163975
121,163975
122,163975
123,163975
124,163975
125,163975
126,163975
127,163975
128,163975
129,163975
130,163975
131,163975
132,163975
133,163975
134,163975
135,163975
136,163975
137,163975
138,163975
139,163975
140,163975
141,163975
142,163975
143,163975
144,163975
145,163975
146,163975
147,163975
148,163975
149,163975
150,163975
151,163975
152,163975
153,163975
154,163975
155,163975
156,163975
157,163975
158,163975
159,163975
160,163975
161,163975
162,163975
163,163975
164,163975
165,163975
166,163975
167,163975
168,163975
169,163975
170,163975
171,163975
172,163975
173,163975
174,163975
175,163975
176,163975
177,163975
178,163975
179,163975
180,163975
181,163975
182,163975
183,163975
184,163975
185,163975
186,163975
187,163975
188,163975
189,163975
190,163975
191,163975
192,163975
193,163975
194,163975
195,163975
196,163975
197,163975
198,163975
199,163975
200,163975
201,163975
202,163975
203,163975
204,163975
205,163975
206,163975
207,163975
208,163975
209,163975
210,163975
211,163975
212,163975
213,163975
214,163975
215,163975
216,163975
217,163975
218,163975
219,163975
220,163975
221,163975
222,163975
223,163975
224,163975
225,163975
226,163975
227,163975
228,163975
229,163975
230,163975
231,163975
232,163975
233,163975
234,163975
235,163975
236,163975
237,163975
238,163975
239,163975
240,163975
241,163975
242,163975
243,163975
244,163975
245,163975
246,163975
247,163975
248,163975
249,163975
250,163975
251,163975
252,163975
253,163975
254,163975
255,163975
256,163975
257,163975
258,163975
259,163975
260,163975
261,163975
262,163975
263,163975
264,163975
265,163975
266,163975
267,163975
268,163975
269,163975
270,163975
271,163975
272,163975
273,163975
274,163975
275,163975
276,163975
277,163975
278,163975
279,163975
280,163975
281,163975
282,163975
283,163975
284,163975
285,163975
286,163975
287,163975
288,163975
289,163975
290,163975
291,163975
292,163975
293,163975
294,163975
295,163975
296,163975
297,163975
298,163975
299,163975
300,163975
301,163975
302,163975
303,163975
304,163975
305,163975
306,163975
307,163975
308,163975
309,163975
310,163975
311,163975
312,163975
313,163975
314,163975
315,163975
316,163975
317,163975
318,163975
319,163975
320,163975
321,163975
322,163975
323,163975
324,163975
325,163975
326,163975
327,163975
328,163975
329,163975
330,163975
331,163975
332,163975
333,163975
334,163975
335,163975
336,163975
337,163975
338,163975
339,163975
340,163975
341,163975
342,163975
343,163975
344,163975
345,163975
346,163975
347,163975
348,163975
349,163975
350,163975
351,163975
352,163975
353,163975
354,163975
355,163975
356,163975
357,163975
358,163975
359,163975
360,163975
361,163975
362,163975
363,163975
364,163975
365,163975
366,163975
367,163975
368,163975
369,163975
370,163975
371,163975
372,163975
373,163975
374,163975
375,163975
376,163975
377,163975
378,163975
379,163975
380,163975
381,163975
382,163975
383,163975
384,163975
385,163975
386,163975
387,163975
388,163975
389,163975
390,163975
391,163975
392,163975
393,163975
394,163975
395,163975
396,163975
397,163975
398,163975
399,163975
400,163975
401,163975
402,163975
403,163975
404,163975
405,163975
406,163975
407,163975
408,163975
409,163975
410,163975
411,163975
412,163975
413,163975
414,163975
415,163975
416,163975
417,163975
418,163975
419,163975
420,163975
421,163975
422,163975
423,163975
424,163975
425,163975
426,163975
427,163975
428,163975
429,163975
430,163975
431,163975
432,163975
433,163975
434,163975
435,163975
436,163975
437,163975
438,163975
439,163975
440,163975
441,163975
442,163975
443,163975
444,163975
445,163975
446,163975
447,163975
448,163975
449,163975
450,163975
451,163975
452,163975
453,163975
454,163975
455,163975
456,163975
457,163975
458,163975
459,163975
460,163975
461,163975
462,163975
463,163975
464,163975
465,163975
466,163975
467,163975
468,163975
469,163975
470,163975
471,163975
472,163975
473,163975
474,163975
475,163975
476,163975
477,163975
478,163975
479,163975
480,163975
481,163975
482,163975
483,163975
484,163975
485,163975
486,163975
487,163975
488,163975
489,163975
490,163975
491,163975
492,163975
493,163975
494,163975
495,163975
496,163975
497,163975
498,163975
499,163975
500,163975
501,163975
502,163975
503,163975
504,163975
505,163975
506,163975
507,163975
508,163975
509,163975
510,163975
511,163975
512,163975
513,163975
514,163975
515,163975
516,163975
517,163975
518,163975
519,163975
520,163975
521,163975
522,163975
523,163975
524,163975
525,163975
526,163975
527,163975
528,163975
529,163975
530,163975
531,163975
532,163975
533,163975
534,163975
535,163975
536,163975
537,163975
538,163975
539,163975
540,163975
541,163975
542,163975
543,163975
544,163975
545,163975
546,163975
547,163975
548,163975
549,163975
550,163975
551,163975
552,163975
553,163975
554,163975
555,163975
556,163975
557,163975
558,163975
559,163975
560,163975
561,163975
562,163975
563,163975
564,163975
565,163975
566,163975
567,163975
568,163975
569,163975
570,163975
571,163975
572,163975
573,163975
574,163975
575,163975
576,163975
577,163975
578,163975
579,163975
580,163975
581,163975
582,163975
583,163975
584,163975
585,163975
586,163975
587,163975
588,163975
589,163975
590,163975
591,163975
592,163975
593,163975
594,163975
595,163975
596,163975
597,163975
598,163975
599,163975
600,163975
601,163975
602,163975
603,163975
604,163975
605,163975
606,163975
607,163975
608,163975
609,163975
610,163975
611,163975
612,163975
613,163975
614,163975
615,163975
616,163975
617,163975
618,163975
619,163975
620,163975
621,163975
622,163975
623,163975
624,163975
625,163975
626,163975
627,163975
628,163975
629,163975
630,163975
631,163975
632,163975
633,163975
634,163975
635,163975
636,163975
637,163975
638,163975
639,163975
640,163975
641,163975
642,163975
643,163975
644,163975
645,163975
646,163975
647,163975
648,163975
649,163975
650,163975
651,163975
652,163975
653,163975
654,163975
655,163975
656,163975
657,163975
658,163975
659,163975
660,163975
661,163975
662,163975
663,163975
664,163975
665,163975
666,163975
667,163975
668,163975
669,163975
670,163975
671,163975
672,163975
673,163975
674,163975
675,163975
676,163975
677,163975
678,163975
679,163975
680,163975
681,163975
682,163975
683,163975
684,163975
685,163975
686,163975
687,163975
688,163975
689,163975
690,163975
691,163975
692,163975
693,163975
694,163975
695,163975
696,163975
697,163975
698,163975
699,163975
700,163975
701,163975
702,163975
703,163975
704,163975
705,163975
706,163975
707,163975
708,163975
709,163975
710,163975
711,163975
712,163975
713,163975
714,163975
715,163975
716,163975
717,163975
718,163975
719,163975
720,163975
721,163975
722,163975
723,163975
724,163975
725,163975
726,163975
727,163975
728,163975
729,163975
730,163975
731,163975
732,163975
733,163975
734,163975
735,163975
736,163975
737,163975
738,163975
739,163975
740,163975
741,163975
742,163975
743,163975
744,163975
745,163975
746,163975
747,163975
748,163975
749,163975
750,163975
751,163975
752,163975
753,163975
754,163975
755,163975
756,163975
757,163975
758,163975
759,163975
760,163975
761,163975
762,163975
763,163975
764,163975
765,163975
766,163975
767,163975
768,163975
769,163975
770,163975
771,163975
772,163975
773,163975
774,163975
775,163975
776,163975
777,163975
778,163975
779,163975
780,163975
781,163975
782,163975
783,163975
784,163975
785,163975
786,163975
787,163975
788,163975
789,163975
790,163975
791,163975
792,163975
793,163975
794,163975
795,163975
796,163975
797,163975
798,163975
799,163975
800,163975
801,163975
802,163975
803,163975
804,163975
805,163975
806,163975
807,163975
808,163975
809,163975
810,163975
811,163975
812,163975
813,163975
814,163975
815,163975
816,163975
817,163975
818,163975
819,163975
820,163975
821,163975
822,163975
823,163975
824,163975
825,163975
826,163975
827,163975
828,163975
829,163975
830,163975
831,163975
832,163975
833,163975
834,163975
835,163975
836,163975
837,163975
838,163975
839,163975
840,163975
841,163975
842,163975
843,163975
844,163975
845,163975
846,163975
847,163975
848,163975
849,163975
850,163975
851,163975
852,163975
853,163975
854,163975
855,163975
856,163975
857,163975
858,163975
859,163975
860,163975
861,163975
862,163975
863,163975
864,163975
865,163975
866,163975
867,163975
868,163975
869,163975
870,163975
871,163975
872,163975
873,163975
874,163975
875,163975
876,163975
877,163975
878,163975
879,163975
880,163975
881,163975
882,163975
883,163975
884,163975
885,163975
886,163975
887,163975
888,163975
889,163975
890,163975
891,163975
892,163975
893,163975
894,163975
895,163975
896,163975
897,163975
898,163975
899,163975
900,163975
901,163975
902,163975
903,163975
904,163975
905,163975
906,163975
907,163975
908,163975
909,163975
910,163975
911,163975
912,163975
913,163975
914,163975
915,163975
916,163975
917,163975
918,163975
919,163975
920,163975
921,163975
922,163975
923,163975
924,163975
925,163975
926,163975
927,163975
928,163975
929,163975
930,163975
931,163975
932,163975
933,163975
934,163975
935,163975
936,163975
937,163975
938,163975
939,163975
940,163975
941,163975
942,163975
943,163975
944,163975
945,163975
946,163975
947,163975
948,163975
949,163975
950,163975
951,163975
952,163975
953,163975
954,163975
955,163975
956,163975
957,163975
958,163975
959,163975
960,163975
961,163975
962,163975
963,163975
964,163975
965,163975
966,163975
967,163975
968,163975
969,163975
970,163975
971,163975
972,163975
973,163975
974,163975
975,163975
976,163975
977,163975
978,163975
979,163975
980,163975
981,163975
982,163975
983,163975
984,163975
985,163975
986,163975
987,163975
988,163975
989,163975
990,163975
991,163975
992,163975
993,163975
994,163975
995,163975
996,163975
997,163975
998,163975
999,163975
1000,163975
1001,163975
1002,163975
1003,163975
1004,163975
1005,163975
1006,163975
1007,163975
1008,163975
1009,163975
1010,163975
1011,163975
1012,163975
1013,163975
1014,163975
1015,163975
1016,163975
1017,163975
1018,163975
1019,163975
1020,163975
1021,163975
1022,163975
1023,163975
1024,163975
1025,163975
1026,163975
1027,163975
1028,163975
1029,163975
1030,163975
1031,163975
1032,163975
1033,163975
1034,163975
1035,163975
1036,163975
1037,163975
1038,163975
1039,163975
1040,163975
1041,163975
1042,163975
1043,163975
1044,163975
1045,163975
1046,163975
1047,163975
1048,163975
1049,163975
1050,163975
1051,163975
1052,163975
1053,163975
1054,163975
1055,163975
1056,163975
1057,163975
1058,163975
1059,163975
1060,163975
1061,163975
1062,163975
1063,163975
1064,163975
1065,163975
1066,163975
1067,163975
1068,163975
1069,163975
1070,163975
1071,163975
1072,163975
1073,163975
1074,163975
1075,163975
1076,163975
1077,163975
1078,163975
1079,163975
1080,163975
1081,163975
1082,163975
1083,163975
1084,163975
1085,163975
1086,163975
1087,163975
1088,163975
1089,163975
1090,163975
1091,163975
1092,163975
1093,163975
1094,163975
1095,163975
1096,163975
1097,163975
1098,163975
1099,163975
1100,163975
1101,163975
1102,163975
1103,163975
1104,163975
1105,163975
1106,163975
1107,163975
1108,163975
1109,163975
1110,163975
1111,163975
1112,163975
1113,163975
1114,163975
1115,163975
1116,163975
1117,163975
1118,163975
1119,163975
1120,163975
1121,163975
1122,163975
1123,163975
1124,163975
1125,163975
1126,163975
1127,163975
1128,163975
1129,163975
1130,163975
1131,163975
1132,163975
1133,163975
1134,163975
1135,163975
1136,163975
1137,163975
1138,163975
1139,163975
1140,163975
1141,163975
1142,163975
1143,163975
1144,163975
1145,163975
1146,163975
1147,163975
1148,163975
1149,163975
1150,163975
1151,163975
1152,163975
1153,163975
1154,163975
1155,163975
1156,163975
1157,163975
1158,163975
1159,163975
1160,163975
1161,163975
1162,163975
1163,163975
1164,163975
1165,163975
1166,163975
1167,163975
1168,163975
1169,163975
1170,163975
1171,163975
1172,163975
1173,163975
1174,163975
1175,163975
1176,163975
1177,163975
1178,163975
1179,163975
1180,163975
1181,163975
1182,163975
1183,163975
1184,163975
1185,163975
1186,163975
1187,163975
1188,163975
1189,163975
1190,163975
1191,163975
1192,163975
1193,163975
1194,163975
1195,163975
1196,163975
1197,163975
1198,163975
1199,163975
1200,163975
1201,163975
1202,163975
1203,163975
1204,163975
1205,163975
1206,163975
1207,163975
1208,163975
1209,163975
1210,163975
1211,163975
1212,163975
1213,163975
1214,163975
1215,163975
1216,163975
1217,163975
1218,163975
1219,163975
1220,163975
1221,163975
1222,163975
1223,163975
1224,163975
1225,163975
1226,163975
1227,163975
1228,163975
1229,163975
1230,163975
1231,163975
1232,163975
1233,163975
1234,163975
1235,163975
1236,163975
1237,163975
1238,163975
1239,163975
1240,163975
1241,163975
1242,163975
1243,163975
1244,163975
1245,163975
1246,163975
1247,163975
1248,163975
1249,163975
1250,163975
1251,163975
1252,163975
1253,163975
1254,163975
1255,163975
1256,163975
1257,163975
1258,163975
1259,163975
1260,163975
1261,163975
1262,163975
1263,163975
1264,163975
1265,163975
1266,163975
1267,163975
1268,163975
1269,163975
1270,163975
1271,163975
1272,163975
1273,163975
1274,163975
1275,163975
1276,163975
1277,163975
1278,163975
1279,163975
1280,163975
1281,163975
1282,163975
1283,163975
1284,163975
1285,163975
1286,163975
1287,163975
1288,163975
1289,163975
1290,163975
1291,163975
1292,163975
1293,163975
1294,163975
1295,163975
1296,163975
1297,163975
1298,163975
1299,163975
1300,163975
1301,163975
1302,163975
1303,163975
1304,163975
1305,163975
1306,163975
1307,163975
1308,163975
1309,163975
1310,163975
1311,163975
1312,163975
1313,163975
1314,163975
1315,163975
1316,163975
1317,163975
1318,163975
1319,163975
1320,163975
1321,163975
1322,163975
1323,163975
1324,163975
1325,163975
1326,163975
1327,163975
1328,163975
1329,163975
1330,163975
1331,163975
1332,163975
1333,163975
1334,163975
1335,163975
1336,163975
1337,163975
1338,163975
1339,163975
1340,163975
1341,163975
1342,163975
1343,163975
1344,163975
1345,163975
1346,163975
1347,163975
1348,163975
1349,163975
1350,163975
1351,163975
1352,163975
1353,163975
1354,163975
1355,163975
1356,163975
1357,163975
1358,163975
1359,163975
1360,163975
1361,163975
1362,163975
1363,163975
1364,163975
1365,163975
1366,163975
1367,163975
1368,163975
1369,163975
1370,163975
1371,163975
1372,163975
1373,163975
1374,163975
1375,163975
1376,163975
1377,163975
1378,163975
1379,163975
1380,163975
1381,163975
1382,163975
1383,163975
1384,163975
1385,163975
1386,163975
1387,163975
1388,163975
1389,163975
1390,163975
1391,163975
1392,163975
1393,163975
1394,163975
1395,163975
1396,163975
1397,163975
1398,163975
1399,163975
1400,163975
1401,163975
1402,163975
1403,163975
1404,163975
1405,163975
1406,163975
1407,163975
1408,163975
1409,163975
1410,163975
1411,163975
1412,163975
1413,163975
1414,163975
1415,163975
1416,163975
1417,163975
1418,163975
1419,163975
1420,163975
1421,163975
1422,163975
1423,163975
1424,163975
1425,163975
1426,163975
1427,163975
1428,163975
1429,163975
1430,163975
1431,163975
1432,163975
1433,163975
1434,163975
1435,163975
1436,163975
1437,163975
1438,163975
1439,163975
1440,163975
1441,163975
1442,163975
1443,163975
1444,163975
1445,163975
1446,163975
1447,163975
1448,163975
1449,163975
1450,163975
1451,163975
1452,163975
1453,163975
1454,163975
1455,163975
1456,163975
1457,163975
1458,163975
1459,163975
1460,163975
1461,163975
1462,163975
1463,163975
1464,163975
1465,163975
1466,163975
1467,163975
1468,163975
1469,163975
1470,163975
1471,163975
1472,163975
1473,163975
1474,163975
1475,163975
1476,163975
1477,163975
1478,163975
1479,163975
1480,163975
1481,163975
1482,163975
1483,163975
1484,163975
1485,163975
1486,163975
1487,163975
1488,163975
1489,163975
1490,163975
1491,163975
1492,163975
1493,163975
1494,163975
1495,163975
1496,163975
1497,163975
1498,163975
1499,163975
1500,163975
1501,163975
1502,163975
1503,163975
1504,163975
1505,163975
1506,163975
1507,163975
1508,163975
1509,163975
1510,163975
1511,163975
1512,163975
1513,163975
1514,163975
1515,163975
1516,163975
1517,163975
1518,163975
1519,163975
1520,163975
1521,163975
1522,163975
1523,163975
1524,163975
1525,163975
1526,163975
1527,163975
1528,163975
1529,163975
1530,163975
1531,163975
1532,163975
1533,163975
1534,163975
1535,163975
1536,163975
1537,163975
1538,163975
1539,163975
1540,163975
1541,163975
1542,163975
1543,163975
1544,163975
1545,163975
1546,163975
1547,163975
1548,163975
1549,163975
1550,163975
1551,163975
1552,163975
1553,163975
1554,163975
1555,163975
1556,163975
1557,163975
1558,163975
1559,163975
1560,163975
1561,163975
1562,163975
1563,163975
1564,163975
1565,163975
1566,163975
1567,163975
1568,163975
1569,163975
1570,163975
1571,163975
1572,163975
1573,163975
1574,163975
1575,163975
1576,163975
1577,163975
1578,163975
1579,163975
1580,163975
1581,163975
1582,163975
1583,163975
1584,163975
1585,163975
1586,163975
1587,163975
1588,163975
1589,163975
1590,163975
1591,163975
1592,163975
1593,163975
1594,163975
1595,163975
1596,163975
1597,163975
1598,163975
1599,163975
1600,163975
1601,163975
1602,163975
1603,163975
1604,163975
1605,163975
1606,163975
1607,163975
1608,163975
1609,163975
1610,163975
1611,163975
1612,163975
1613,163975
1614,163975
1615,163975
1616,163975
1617,163975
1618,163975
1619,163975
1620,163975
1621,163975
1622,163975
1623,163975
1624,163975
1625,163975
1626,163975
1627,163975
1628,163975
1629,163975
1630,163975
1631,163975
1632,163975
1633,163975
1634,163975
1635,163975
1636,163975
1637,163975
1638,163975
1639,166530
1640,166530
1641,166530
1642,166530
1643,166530
1644,166530
1645,166530
1646,166530
1647,166530
1648,166530
1649,166530
1650,166530
1651,166530
1652,166530
1653,166530
1654,166530
1655,166530
1656,166530
1657,166530
1658,166530
1659,166530
1660,166530
1661,166530
1662,166530
1663,166530
1664,166530
1665,166530
1666,166530
1667,166530
1668,166530
1669,166530
1670,166530
1671,166530
1672,166530
1673,166530
1674,166530
1675,166530
1676,166530
1677,166530
1678,166530
1679,166530
1680,166530
1681,166530
1682,166530
1683,166530
1684,166530
1685,166530
1686,166530
1687,166530
1688,166530
1689,166530
1690,166530
1691,166530
1692,166530
1693,166530
1694,166530
1695,166530
1696,166530
1697,166530
1698,166530
1699,166530
1700,166530
1701,166530
1702,166530
1703,166530
1704,166530
1705,166530
1706,166530
1707,166530
1708,166530
1709,166530
1710,166530
1711,166530
1712,166530
1713,166530
1714,166530
1715,166530
1716,166530
1717,166530
1718,166530
1719,166530
1720,166530
1721,166530
1722,166530
1723,166530
1724,166530
1725,166530
1726,166530
1727,166530
1728,166530
1729,166530
1730,166530
1731,166530
1732,166530
1733,166530
1734,166530
1735,166530
1736,166530
1737,166530
1738,166530
1739,166530
1740,166530
1741,166530
1742,166530
1743,166530
1744,166530
1745,166530
1746,166530
1747,166530
1748,166530
1749,166530
1750,166530
1751,166530
1752,166530
1753,166530
1754,166530
1755,166530
1756,166530
1757,166530
1758,166530
1759,166530
1760,166530
1761,166530
1762,166530
1763,166530
1764,166530
1765,166530
1766,166530
1767,166530
1768,166530
1769,166530
1770,166530
1771,166530
1772,166530
1773,166530
1774,166530
1775,166530
1776,166530
1777,166530
1778,166530
1779,166530
1780,166530
1781,166530
1782,166530
1783,166530
1784,166530
1785,166530
1786,166530
1787,166530
1788,166530
1789,166530
1790,166530
1791,166530
1792,166530
1793,166530
1794,166530
1795,166530
1796,166530
1797,166530
1798,166530
1799,166530
1800,166530
1801,166530
1802,166530
1803,166530
1804,166530
1805,166530
1806,166530
1807,166530
1808,166530
1809,166530
1810,166530
1811,166530
1812,166530
1813,166530
1814,166530
1815,166530
1816,166530
1817,166530
1818,166530
1819,166530
1820,166530
1821,166530
1822,166530
1823,166530
1824,166530
1825,166530
1826,166530
1827,166530
1828,166530
1829,166530
1830,166530
1831,166530
1832,166530
1833,166530
1834,166530
1835,166530
1836,166530
1837,166530
1838,166530
1839,166530
1840,166530
1841,166530
1842,166530
1843,166530
1844,166530
1845,166530
1846,166530
1847,166530
1848,166530
1849,166530
1850,166530
1851,166530
1852,166530
1853,166530
1854,166530
1855,166530
1856,166530
1857,166530
1858,166530
1859,166530
1860,166530
1861,166530
1862,166530
1863,166530
1864,166530
1865,166530
1866,166530
1867,166530
1868,166530
1869,166530
1870,166530
1871,166530
1872,166530
1873,166530
1874,166530
1875,166530
1876,166530
1877,166530
1878,166530
1879,166530
1880,166530
1881,166530
1882,166530
1883,166530
1884,166530
1885,166530
1886,166530
1887,166530
1888,166530
1889,166530
1890,166530
1891,166530
1892,166530
1893,166530
1894,166530
1895,166530
1896,166530
1897,166530
1898,166530
1899,166530
1900,166530
1901,166530
1902,166530
1903,166530
1904,166530
1905,166530
1906,166530
1907,166530
1908,166530
1909,166530
1910,166530
1911,166530
1912,166530
1913,166530
1914,166530
1915,166530
1916,166530
1917,166530
1918,166530
1919,166530
1920,166530
1921,166530
1922,166530
1923,166530
1924,166530
1925,166530
1926,166530
1927,166530
1928,166530
1929,166530
1930,166530
1931,166530
1932,166530
1933,166530
1934,166530
1935,166530
1936,166530
1937,166530
1938,166530
1939,166530
1940,166530
1941,166530
1942,166530
1943,166530
1944,166530
1945,166530
1946,166530
1947,166530
1948,166530
1949,166530
1950,166530
1951,166530
1952,166530
1953,166530
1954,166530
1955,166530
1956,166530
1957,166530
1958,166530
1959,166530
1960,166530
1961,166530
1962,166530
1963,166530
1964,166530
1965,166530
1966,166530
1967,166530
1968,166530
1969,166530
1970,166530
1971,166530
1972,166530
1973,166530
1974,166530
1975,166530
1976,166530
1977,166530
1978,166530
1979,166530
1980,166530
1981,166530
1982,166530
1983,166530
1984,166530
1985,166530
1986,166530
1987,166530
1988,166530
1989,166530
1990,166530
1991,166530
1992,166530
1993,166530
1994,166530
1995,166530
1996,166530
1997,166530
1998,166530
1999,166530
2000,166530
2001,166530
2002,166530
2003,166530
2004,166530
2005,166530
2006,166530
2007,166530
2008,166530
2009,166530
2010,166530
2011,166530
2012,166530
2013,166530
2014,166530
2015,166530
2016,166530
2017,166530
2018,166530
2019,166530
2020,166530
2021,166530
2022,166530
2023,166530
2024,166530
2025,166530
2026,166530
2027,166530
2028,166530
2029,166530
2030,166530
2031,166530
2032,166530
2033,166530
2034,166530
2035,166530
2036,166530
2037,166530
2038,166530
2039,166530
2040,166530
2041,166530
2042,166530
2043,166530
2044,166530
2045,166530
2046,166530
2047,166530
2048,166530
2049,166530
2050,166530
2051,166530
2052,166530
2053,166530
2054,166530
2055,166530
2056,166530
2057,166530
2058,166530
2059,166530
2060,166530
2061,166530
2062,166530
2063,166530
2064,166530
2065,166530
2066,166530
2067,166530
2068,166530
2069,166530
2070,166530
2071,166530
2072,166530
2073,166530
2074,166530
2075,166530
2076,166530
2077,166530
2078,166530
2079,166530
2080,166530
2081,166530
2082,166530
2083,166530
2084,166530
2085,166530
2086,166530
2087,166530
2088,166530
2089,166530
2090,166530
2091,166530
2092,166530
2093,166530
2094,166530
2095,166530
2096,166530
2097,166530
2098,166530
2099,166530
2100,166530
2101,166530
2102,166530
2103,166530
2104,166530
2105,166530
2106,166530
2107,166530
2108,166530
2109,166530
2110,166530
2111,166530
2112,166530
2113,166530
2114,166530
2115,166530
2116,166530
2117,166530
2118,166530
2119,166530
2120,166530
2121,166530
2122,166530
2123,166530
2124,166530
2125,166530
2126,166530
2127,166530
2128,166530
2129,166530
2130,166530
2131,166530
2132,166530
2133,166530
2134,166530
2135,166530
2136,166530
2137,166530
2138,166530
2139,166530
2140,166530
2141,166530
2142,166530
2143,166530
2144,166530
2145,166530
2146,166530
2147,166530
2148,166530
2149,166530
2150,166530
2151,166530
2152,166530
2153,166530
2154,166530
2155,166530
2156,166530
2157,166530
2158,166530
2159,166530
2160,166530
2161,166530
2162,166530
2163,166530
2164,166530
2165,166530
2166,166530
2167,166530
2168,166530
2169,166530
2170,166530
2171,166530
2172,166530
2173,166530
2174,166530
2175,166530
2176,166530
2177,166530
2178,166530
2179,166530
2180,166530
2181,166530
2182,166530
2183,166530
2184,166530
2185,166530
2186,166530
2187,166530
2188,166530
2189,166530
2190,166530
2191,166530
2192,166530
2193,166530
2194,166530
2195,166530
2196,166530
2197,166530
2198,166530
2199,166530
2200,166530
2201,166530
2202,166530
2203,166530
2204,166530
2205,166530
2206,166530
2207,166530
2208,166530
2209,166530
2210,166530
2211,166530
2212,166530
2213,166530
2214,166530
2215,166530
2216,166530
2217,166530
2218,166530
2219,166530
2220,166530
2221,166530
2222,166530
2223,166530
2224,166530
2225,166530
2226,166530
2227,166530
2228,166530
2229,166530
2230,166530
2231,166530
2232,166530
2233,166530
2234,166530
2235,166530
2236,166530
2237,166530
2238,166530
2239,166530
2240,166530
2241,166530
2242,166530
2243,166530
2244,166530
2245,166530
2246,166530
2247,166530
2248,166530
2249,166530
2250,166530
2251,166530
2252,166530
2253,166530
2254,166530
2255,166530
2256,166530
2257,166530
2258,166530
2259,166530
2260,166530
2261,166530
2262,166530
2263,166530
2264,166530
2265,166530
2266,166530
2267,166530
2268,166530
2269,166530
2270,166530
2271,166530
2272,166530
2273,166530
2274,166530
2275,166530
2276,166530
2277,166530
2278,166530
2279,166530
2280,166530
2281,166530
2282,166530
2283,166530
2284,166530
2285,166530
2286,166530
2287,166530
2288,166530
2289,166530
2290,166530
2291,166530
2292,166530
2293,166530
2294,166530
2295,166530
2296,166530
2297,166530
2298,166530
2299,166530
2300,166530
2301,166530
2302,166530
2303,166530
2304,166530
2305,166530
2306,166530
2307,166530
2308,166530
2309,166530
2310,166530
2311,166530
2312,166530
2313,166530
2314,166530
2315,166530
2316,166530
2317,166530
2318,166530
2319,166530
2320,166530
2321,166530
2322,166530
2323,166530
2324,166530
2325,166530
2326,166530
2327,166530
2328,166530
2329,166530
2330,166530
2331,166530
2332,166530
2333,166530
2334,166530
2335,166530
2336,166530
2337,166530
2338,166530
2339,166530
2340,166530
2341,166530
2342,166530
2343,166530
2344,166530
2345,166530
2346,166530
2347,166530
2348,166530
2349,166530
2350,166530
2351,166530
2352,166530
2353,166530
2354,166530
2355,166530
2356,166530
2357,166530
2358,166530
2359,166530
2360,166530
2361,166530
2362,166530
2363,166530
2364,166530
2365,166530
2366,166530
2367,166530
2368,166530
2369,166530
2370,166530
2371,166530
2372,166530
2373,166530
2374,166530
2375,166530
2376,166530
2377,166530
2378,166530
2379,166530
2380,166530
2381,166530
2382,166530
2383,166530
2384,166530
2385,166530
2386,166530
2387,166530
2388,166530
2389,166530
2390,166530
2391,166530
2392,166530
2393,166530
2394,166530
2395,166530
2396,166530
2397,166530
2398,166530
2399,166530
2400,166530
2401,166530
2402,166530
2403,166530
2404,166530
2405,166530
2406,166530
2407,166530
2408,166530
2409,166530
2410,166530
2411,166530
2412,166530
2413,166530
2414,166530
2415,166530
2416,166530
2417,166530
2418,166530
2419,166530
2420,166530
2421,166530
2422,166530
2423,166530
2424,166530
2425,166530
2426,166530
2427,166530
2428,166530
2429,166530
2430,166530
2431,166530
2432,166530
2433,166530
2434,166530
2435,166530
2436,166530
2437,166530
2438,166530
2439,166530
2440,166530
2441,166530
2442,166530
2443,166530
2444,166530
2445,166530
2446,166530
2447,166530
2448,166530
2449,166530
2450,166530
2451,166530
2452,166530
2453,166530
2454,166530
2455,166530
2456,166530
2457,166530
2458,166530
2459,166530
2460,166530
2461,166530
2462,166530
2463,166530
2464,166530
2465,166530
2466,166530
2467,166530
2468,166530
2469,166530
2470,166530
2471,166530
2472,166530
2473,166530
2474,166530
2475,166530
2476,166530
2477,166530
2478,166530
2479,166530
2480,166530
2481,166530
2482,166530
2483,166530
2484,166530
2485,166530
2486,166530
2487,166530
2488,166530
2489,166530
2490,166530
2491,166530
2492,166530
2493,166530
2494,166530
2495,166530
2496,166530
2497,166530
2498,166530
2499,166530
2500,166530
2501,166530
2502,166530
2503,166530
2504,166530
2505,166530
2506,166530
2507,166530
2508,166530
2509,166530
2510,166530
2511,166530
2512,166530
2513,166530
2514,166530
2515,166530
2516,166530
2517,166530
2518,166530
2519,166530
2520,166530
2521,166530
2522,166530
2523,166530
2524,166530
2525,166530
2526,166530
2527,166530
2528,166530
2529,166530
2530,166530
2531,166530
2532,166530
2533,166530
2534,166530
2535,166530
2536,166530
2537,166530
2538,166530
2539,166530
2540,166530
2541,166530
2542,166530
2543,166530
2544,166530
2545,166530
2546,166530
2547,166530
2548,166530
2549,166530
2550,166530
2551,166530
2552,166530
2553,166530
2554,166530
2555,166530
2556,166530
2557,166530
2558,166530
2559,166530
2560,166530
2561,166530
2562,166530
2563,166530
2564,166530
2565,166530
2566,166530
2567,166530
2568,166530
2569,166530
2570,166530
2571,166530
2572,166530
2573,166530
2574,166530
2575,166530
2576,166530
2577,166530
2578,166530
2579,166530
2580,166530
2581,166530
2582,166530
2583,166530
2584,166530
2585,166530
2586,166530
2587,166530
2588,166530
2589,166530
2590,166530
2591,166530
2592,166530
2593,166530
2594,166530
2595,166530
2596,166530
2597,166530
2598,166530
2599,166530
2600,166530
2601,166530
2602,166530
2603,166530
2604,166530
2605,166530
2606,166530
2607,166530
2608,166530
2609,166530
2610,166530
2611,166530
2612,166530
2613,166530
2614,166530
2615,166530
2616,166530
2617,166530
2618,166530
2619,166530
2620,166530
2621,166530
2622,166530
2623,166530
2624,166530
2625,166530
2626,166530
2627,166530
2628,166530
2629,166530
2630,166530
2631,166530
2632,166530
2633,166530
2634,166530
2635,166530
2636,166530
2637,166530
2638,166530
2639,166530
2640,166530
2641,166530
2642,166530
2643,166530
2644,166530
2645,166530
2646,166530
2647,166530
2648,166530
2649,166530
2650,166530
2651,166530
2652,166530
2653,166530
2654,166530
2655,166530
2656,166530
2657,166530
2658,166530
2659,166530
2660,166530
2661,166530
2662,166530
2663,166530
2664,166530
2665,166530
2666,166530
2667,166530
2668,166530
2669,166530
2670,166530
2671,166530
2672,166530
2673,166530
2674,166530
2675,166530
2676,166530
2677,166530
2678,166530
2679,166530
2680,166530
2681,166530
2682,166530
2683,166530
2684,166530
2685,166530
2686,166530
2687,166530
2688,166530
2689,166530
2690,166530
2691,166530
2692,166530
2693,166530
2694,166530
2695,166530
2696,166530
2697,166530
2698,166530
2699,166530
2700,166530
2701,166530
2702,166530
2703,166530
2704,166530
2705,166530
2706,166530
2707,166530
2708,166530
2709,166530
2710,166530
2711,166530
2712,166530
2713,166530
2714,166530
2715,166530
2716,166530
2717,166530
2718,166530
2719,166530
2720,166530
2721,166530
2722,166530
2723,166530
2724,166530
2725,166530
2726,166530
2727,166530
2728,166530
2729,166530
2730,166530
2731,166530
2732,166530
2733,166530
2734,166530
2735,166530
2736,166530
2737,166530
2738,166530
2739,166530
2740,166530
2741,166530
2742,166530
2743,166530
2744,166530
2745,166530
2746,166530
2747,166530
2748,166530
2749,166530
2750,166530
2751,166530
2752,166530
2753,166530
2754,166530
2755,166530
2756,166530
2757,166530
2758,166530
2759,166530
2760,166530
2761,166530
2762,166530
2763,166530
2764,166530
2765,166530
2766,166530
2767,166530
2768,166530
2769,166530
2770,166530
2771,166530
2772,166530
2773,166530
2774,166530
2775,166530
2776,166530
2777,166530
2778,166530
2779,166530
2780,166530
2781,166530
2782,166530
2783,166530
2784,166530
2785,166530
2786,166530
2787,166530
2788,166530
2789,166530
2790,166530
2791,166530
2792,166530
2793,166530
2794,166530
2795,166530
2796,166530
2797,166530
2798,166530
2799,166530
2800,166530
2801,166530
2802,166530
2803,166530
2804,166530
2805,166530
2806,166530
2807,166530
2808,166530
2809,166530
2810,166530
2811,166530
2812,166530
2813,166530
2814,166530
2815,166530
2816,166530
2817,166530
2818,166530
2819,166530
2820,166530
2821,166530
2822,166530
2823,166530
2824,166530
2825,166530
2826,166530
2827,166530
2828,166530
2829,166530
2830,166530
2831,166530
2832,166530
2833,166530
2834,166530
2835,166530
2836,166530
2837,166530
2838,166530
2839,166530
2840,166530
2841,166530
2842,166530
2843,166530
2844,166530
2845,166530
2846,166530
2847,166530
2848,166530
2849,166530
2850,166530
2851,166530
2852,166530
2853,166530
2854,166530
2855,166530
2856,166530
2857,166530
2858,166530
2859,166530
2860,166530
2861,166530
2862,166530
2863,166530
2864,166530
2865,166530
2866,166530
2867,166530
2868,166530
2869,166530
2870,166530
2871,166530
2872,166530
2873,166530
2874,166530
2875,166530
2876,166530
2877,166530
2878,166530
2879,166530
2880,166530
2881,166530
2882,166530
2883,166530
2884,166530
2885,166530
2886,166530
2887,166530
2888,166530
2889,166530
2890,166530
2891,166530
2892,166530
2893,166530
2894,166530
2895,166530
2896,166530
2897,166530
2898,166530
2899,166530
2900,166530
2901,166530
2902,166530
2903,166530
2904,166530
2905,166530
2906,166530
2907,166530
2908,166530
2909,166530
2910,166530
2911,166530
2912,166530
2913,166530
2914,166530
2915,166530
2916,166530
2917,166530
2918,166530
2919,166530
2920,166530
2921,166530
2922,166530
2923,166530
2924,166530
2925,166530
2926,166530
2927,166530
2928,166530
2929,166530
2930,166530
2931,166530
2932,166530
2933,166530
2934,166530
2935,166530
2936,166530
2937,166530
2938,166530
2939,166530
2940,166530
2941,166530
2942,166530
2943,166530
2944,166530
2945,166530
2946,166530
2947,166530
2948,166530
2949,166530
2950,166530
2951,166530
2952,166530
2953,166530
2954,166530
2955,166530
2956,166530
2957,166530
2958,166530
2959,166530
2960,166530
2961,166530
2962,166530
2963,166530
2964,166530
2965,166530
2966,166530
2967,166530
2968,166530
2969,166530
2970,166530
2971,166530
2972,166530
2973,166530
2974,166530
2975,166530
2976,166530
2977,166530
2978,166530
2979,166530
2980,166530
2981,166530
2982,166530
2983,166530
2984,166530
2985,166530
2986,166530
2987,166530
2988,166530
2989,166530
2990,166530
2991,166530
2992,166530
2993,166530
2994,166530
2995,166530
2996,166530
2997,166530
2998,166530
2999,166530
3000,166530
3001,166530
3002,166530
3003,166530
3004,166530
3005,166530
3006,166530
3007,166530
3008,166530
3009,166530
3010,166530
3011,166530
3012,166530
3013,166530
3014,166530
3015,166530
3016,166530
3017,166530
3018,166530
3019,166530
3020,166530
3021,166530
3022,166530
3023,166530
3024,166530
3025,166530
3026,166530
3027,166530
3028,166530
3029,166530
3030,166530
3031,166530
3032,166530
3033,166530
3034,166530
3035,166530
3036,166530
3037,166530
3038,166530
3039,166530
3040,166530
3041,166530
3042,166530
3043,166530
3044,166530
3045,166530
3046,166530
3047,166530
3048,166530
3049,166530
3050,166530
3051,166530
3052,166530
3053,166530
3054,166530
3055,166530
3056,166530
3057,166530
3058,166530
3059,166530
3060,166530
3061,166530
3062,166530
3063,166530
3064,166530
3065,166530
3066,166530
3067,166530
3068,166530
3069,166530
3070,166530
3071,166530
3072,166530
3073,166530
3074,166530
3075,166530
3076,166530
3077,166530
3078,166530
3079,166530
3080,166530
3081,166530
3082,166530
3083,166530
3084,166530
3085,166530
3086,166530
3087,166530
3088,166530
3089,166530
3090,166530
3091,166530
3092,166530
3093,166530
3094,166530
3095,166530
3096,166530
3097,166530
3098,166530
3099,166530
3100,166530
3101,166530
3102,166530
3103,166530
3104,166530
3105,166530
3106,166530
3107,166530
3108,166530
3109,166530
3110,166530
3111,166530
3112,166530
3113,166530
3114,166530
3115,166530
3116,166530
3117,166530
3118,166530
3119,166530
3120,166530
3121,166530
3122,166530
3123,166530
3124,166530
3125,166530
3126,166530
3127,166530
3128,166530
3129,166530
3130,166530
3131,166530
3132,166530
3133,166530
3134,166530
3135,166530
3136,166530
3137,166530
3138,166530
3139,166530
3140,166530
3141,166530
3142,166530
3143,166530
3144,166530
3145,166530
3146,166530
3147,166530
3148,166530
3149,166530
3150,166530
3151,166530
3152,166530
3153,166530
3154,166530
3155,166530
3156,166530
3157,166530
3158,166530
3159,166530
3160,166530
3161,166530
3162,166530
3163,166530
3164,166530
3165,166530
3166,166530
3167,166530
3168,166530
3169,166530
3170,166530
3171,166530
3172,166530
3173,166530
3174,166530
3175,166530
3176,166530
3177,166530
3178,166530
3179,166530
3180,166530
3181,166530
3182,166530
3183,166530
3184,166530
3185,166530
3186,166530
3187,166530
3188,166530
3189,166530
3190,166530
3191,166530
3192,166530
3193,166530
3194,166530
3195,166530
3196,166530
3197,166530
3198,166530
3199,166530
3200,166530
3201,166530
3202,166530
3203,166530
3204,166530
3205,166530
3206,166530
3207,166530
3208,166530
3209,166530
3210,166530
3211,166530
3212,166530
3213,166530
3214,166530
3215,166530
3216,166530
3217,166530
3218,166530
3219,166530
3220,166530
3221,166530
3222,166530
3223,166530
3224,166530
3225,166530
3226,166530
3227,166530
3228,166530
3229,166530
3230,166530
3231,166530
3232,166530
3233,166530
3234,166530
3235,166530
3236,166530
3237,166530
3238,166530
3239,166530
3240,166530
3241,166530
3242,166530
3243,166530
3244,166530
3245,166530
3246,166530
3247,166530
3248,166530
3249,166530
3250,166530
3251,166530
3252,166530
3253,166530
3254,166530
3255,166530
3256,166530
3257,166530
3258,166530
3259,166530
3260,166530
3261,166530
3262,166530
3263,166530
3264,166530
3265,166530
3266,166530
3267,166530
3268,166530
3269,166530
3270,166530
3271,166530
3272,166530
3273,166530
3274,166530
3275,166530
3276,166530
3277,166530
3278,166530
3279,166530
3280,166530
3281,166530
3282,166530
3283,166530
3284,166530
3285,166530
3286,166530
3287,166530
3288,166530
3289,166530
3290,166530
3291,166530
3292,166530
3293,166530
3294,166530
3295,166530
3296,166530
3297,166530
3298,166530
3299,166530
3300,166530
3301,166530
3302,166530
3303,166530
3304,166530
3305,166530
3306,166530
3307,166530
3308,166530
3309,166530
3310,166530
3311,166530
3312,166530
3313,166530
3314,166530
3315,166530
3316,166530
3317,166530
3318,166530
3319,166530
3320,166530
3321,166530
3322,166530
3323,166530
3324,166530
3325,166530
3326,166530
3327,166530
3328,166530
3329,166530
3330,166530
3331,166530
3332,166530
3333,166530
3334,166530
3335,166530
3336,166530
3337,166530
3338,166530
3339,166530
3340,166530
3341,166530
3342,166530
3343,166530
3344,166530
3345,166530
3346,166530
3347,166530
3348,166530
3349,166530
3350,166530
3351,166530
3352,166530
3353,166530
3354,166530
3355,166530
3356,166530
3357,166530
3358,166530
3359,166530
3360,166530
3361,166530
3362,166530
3363,166530
3364,166530
3365,166530
3366,166530
3367,166530
3368,166530
3369,166530
3370,166530
3371,166530
3372,166530
3373,166530
3374,166530
3375,166530
3376,166530
3377,166530
3378,166530
3379,166530
3380,166530
3381,166530
3382,166530
3383,166530
3384,166530
3385,166530
3386,166530
3387,166530
3388,166530
3389,166530
3390,166530
3391,166530
3392,166530
3393,166530
3394,166530
3395,166530
3396,166530
3397,166530
3398,166530
3399,166530
3400,166530
3401,166530
3402,166530
3403,166530
3404,166530
3405,166530
3406,166530
3407,166530
3408,166530
3409,166530
3410,166530
3411,166530
3412,166530
3413,166530
3414,166530
3415,166530
3416,166530
3417,166530
3418,166530
3419,166530
3420,166530
3421,166530
3422,166530
3423,166530
3424,166530
3425,166530
3426,166530
3427,166530
3428,166530
3429,166530
3430,166530
3431,166530
3432,166530
3433,166530
3434,166530
3435,166530
3436,166530
3437,166530
3438,166530
3439,166530
3440,166530
3441,166530
3442,166530
3443,166530
3444,166530
3445,166530
3446,166530
3447,166530
3448,166530
3449,166530
3450,166530
3451,166530
3452,166530
3453,166530
3454,166530
3455,166530
3456,166530
3457,166530
3458,166530
3459,166530
3460,166530
3461,166530
3462,166530
3463,166530
3464,166530
3465,166530
3466,166530
3467,166530
3468,166530
3469,166530
3470,166530
3471,166530
3472,166530
3473,166530
3474,166530
3475,166530
3476,166530
3477,166530
3478,166530
3479,166530
3480,166530
3481,166530
3482,166530
3483,166530
3484,166530
3485,166530
3486,166530
3487,166530
3488,166530
3489,166530
3490,166530
3491,166530
3492,166530
3493,166530
3494,166530
3495,166530
3496,166530
3497,166530
3498,166530
3499,166530
3500,166530
3501,166530
3502,166530
3503,166530
3504,166530
3505,166530
3506,166530
3507,166530
3508,166530
3509,166530
3510,166530
3511,166530
3512,166530
3513,166530
3514,166530
3515,166530
3516,166530
3517,166530
3518,166530
3519,166530
3520,166530
3521,166530
3522,166530
3523,166530
3524,166530
3525,166530
3526,166530
3527,166530
3528,166530
3529,166530
3530,166530
3531,166530
3532,166530
3533,166530
3534,166530
3535,166530
3536,166530
3537,166530
3538,166530
3539,166530
3540,166530
3541,166530
3542,166530
3543,166530
3544,166530
3545,166530
3546,166530
3547,166530
3548,166530
3549,166530
3550,166530
3551,166530
3552,166530
3553,166530
3554,166530
3555,166530
3556,166530
3557,166530
3558,166530
3559,166530
3560,166530
3561,166530
3562,166530
3563,166530
3564,166530
3565,166530
3566,166530
3567,166530
3568,166530
3569,166530
3570,166530
3571,166530
3572,166530
3573,166530
3574,166530
3575,166530
3576,166530
3577,166530
3578,166530
3579,166530
3580,166530
3581,166530
3582,166530
3583,166530
3584,166530
3585,166530
3586,166530
3587,166530
3588,166530
3589,166530
3590,166530
3591,166530
3592,166530
3593,166530
3594,166530
3595,166530
3596,166530
3597,166530
3598,166530
3599,166530
3600,166530
3601,166530
3602,166530
3603,166530
3604,166530
3605,166530
3606,166530
3607,166530
3608,166530
3609,166530
3610,166530
3611,166530
3612,166530
3613,166530
3614,166530
3615,166530
3616,166530
3617,166530
3618,166530
3619,166530
3620,166530
3621,166530
3622,166530
3623,166530
3624,166530
3625,166530
3626,166530
3627,166530
3628,166530
3629,166530
3630,166530
3631,166530
3632,166530
3633,166530
3634,166530
3635,166530
3636,166530
3637,166530
3638,166530
3639,166530
3640,166530
3641,166530
3642,166530
3643,166530
3644,166530
3645,166530
3646,166530
3647,166530
3648,166530
3649,166530
3650,166530
3651,166530
3652,166530
3653,166530
3654,166530
3655,166530
3656,166530
3657,166530
3658,166530
3659,166530
3660,166530
3661,169855
3662,169855
3663,169855
3664,169855
3665,169855
3666,169855
3667,169855
3668,169855
3669,169855
3670,169855
3671,169855
3672,169855
3673,169855
3674,169855
3675,169855
3676,169855
3677,169855
3678,169855
3679,169855
3680,169855
3681,169855
3682,169855
3683,169855
3684,169855
3685,169855
3686,169855
3687,169855
3688,169855
3689,169855
3690,169855
3691,169855
3692,169855
3693,169855
3694,169855
3695,169855
3696,169855
3697,169855
3698,169855
3699,169855
3700,169855
3701,169855
3702,169855
3703,169855
3704,169855
3705,169855
3706,169855
3707,169855
3708,169855
3709,169855
3710,169855
3711,169855
3712,169855
3713,169855
3714,169855
3715,169855
3716,169855
3717,169855
3718,169855
3719,169855
3720,169855
3721,169855
3722,169855
3723,169855
3724,169855
3725,169855
3726,169855
3727,169855
3728,169855
3729,169855
3730,169855
3731,169855
3732,169855
3733,169855
3734,169855
3735,169855
3736,169855
3737,169855
3738,169855
3739,169855
3740,169855
3741,169855
3742,169855
3743,169855
3744,169855
3745,169855
3746,169855
3747,169855
3748,169855
3749,169855
3750,169855
3751,169855
3752,169855
3753,169855
3754,169855
3755,169855
3756,169855
3757,169855
3758,169855
3759,169855
3760,169855
3761,169855
3762,169855
3763,169855
3764,169855
3765,169855
3766,169855
3767,169855
3768,169855
3769,169855
3770,169855
3771,169855
3772,169855
3773,169855
3774,169855
3775,169855
3776,169855
3777,169855
3778,169855
3779,169855
3780,169855
3781,169855
3782,169855
3783,169855
3784,169855
3785,169855
3786,169855
3787,169855
3788,169855
3789,169855
3790,169855
3791,169855
3792,169855
3793,169855
3794,169855
3795,169855
3796,169855
3797,169855
3798,169855
3799,169855
3800,169855
3801,169855
3802,169855
3803,169855
3804,169855
3805,169855
3806,169855
3807,169855
3808,169855
3809,169855
3810,169855
3811,169855
3812,169855
3813,169855
3814,169855
3815,169855
3816,169855
3817,169855
3818,169855
3819,169855
3820,169855
3821,169855
3822,169855
3823,169855
3824,169855
3825,169855
3826,169855
3827,169855
3828,169855
3829,169855
3830,169855
3831,169855
3832,169855
3833,169855
3834,169855
3835,169855
3836,169855
3837,169855
3838,169855
3839,169855
3840,169855
3841,169855
3842,169855
3843,169855
3844,169855
3845,169855
3846,169855
3847,169855
3848,169855
3849,169855
3850,169855
3851,169855
3852,169855
3853,169855
3854,169855
3855,169855
3856,169855
3857,169855
3858,169855
3859,169855
3860,169855
3861,169855
3862,169855
3863,169855
3864,169855
3865,169855
3866,169855
3867,169855
3868,169855
3869,169855
3870,169855
3871,169855
3872,169855
3873,169855
3874,169855
3875,169855
3876,169855
3877,169855
3878,169855
3879,169855
3880,169855
3881,169855
3882,169855
3883,169855
3884,169855
3885,169855
3886,169855
3887,169855
3888,169855
3889,169855
3890,169855
3891,169855
3892,169855
3893,169855
3894,169855
3895,169855
3896,169855
3897,169855
3898,169855
3899,169855
3900,169855
3901,169855
3902,169855
3903,169855
3904,169855
3905,169855
3906,169855
3907,169855
3908,169855
3909,169855
3910,169855
3911,169855
3912,169855
3913,169855
3914,169855
3915,169855
3916,169855
3917,169855
3918,169855
3919,169855
3920,169855
3921,169855
3922,169855
3923,169855
3924,169855
3925,169855
3926,169855
3927,169855
3928,169855
3929,169855
3930,169855
3931,169855
3932,169855
3933,169855
3934,169855
3935,169855
3936,169855
3937,169855
3938,169855
3939,169855
3940,169855
3941,169855
3942,169855
3943,169855
3944,169855
3945,169855
3946,169855
3947,169855
3948,169855
3949,169855
3950,169855
3951,169855
3952,169855
3953,169855
3954,169855
3955,169855
3956,169855
3957,169855
3958,169855
3959,169855
3960,169855
3961,169855
3962,169855
3963,169855
3964,169855
3965,169855
3966,169855
3967,169855
3968,169855
3969,169855
3970,169855
3971,169855
3972,169855
3973,169855
3974,169855
3975,169855
3976,169855
3977,169855
3978,169855
3979,169855
3980,169855
3981,169855
3982,169855
3983,169855
3984,169855
3985,169855
3986,169855
3987,169855
3988,169855
3989,169855
3990,169855
3991,169855
3992,169855
3993,169855
3994,169855
3995,169855
3996,169855
3997,169855
3998,169855
3999,169855
4000,169855
4001,169855
4002,169855
4003,169855
4004,169855
4005,169855
4006,169855
4007,169855
4008,169855
4009,169855
4010,169855
4011,169855
4012,169855
4013,169855
4014,169855
4015,169855
4016,169855
4017,169855
4018,169855
4019,169855
4020,169855
4021,169855
4022,169855
4023,169855
4024,169855
4025,169855
4026,169855
4027,169855
4028,169855
4029,169855
4030,169855
4031,169855
4032,169855
4033,169855
4034,169855
4035,169855
4036,169855
4037,169855
4038,169855
4039,169855
4040,169855
4041,169855
4042,169855
4043,169855
4044,169855
4045,169855
4046,169855
4047,169855
4048,169855
4049,169855
4050,169855
4051,169855
4052,169855
4053,169855
4054,169855
4055,169855
4056,169855
4057,169855
4058,169855
4059,169855
4060,169855
4061,169855
4062,169855
4063,169855
4064,169855
4065,169855
4066,169855
4067,169855
4068,169855
4069,169855
4070,169855
4071,169855
4072,169855
4073,169855
4074,169855
4075,169855
4076,169855
4077,169855
4078,169855
4079,169855
4080,169855
4081,169855
4082,169855
4083,169855
4084,169855
4085,169855
4086,169855
4087,169855
4088,169855
4089,169855
4090,169855
4091,169855
4092,169855
4093,169855
4094,169855
4095,169855
4096,169855
4097,169855
4098,169855
4099,169855
4100,169855
4101,169855
4102,169855
4103,169855
4104,169855
4105,169855
4106,169855
4107,169855
4108,169855
4109,169855
4110,169855
4111,169855
4112,169855
4113,169855
4114,169855
4115,169855
4116,169855
4117,169855
4118,169855
4119,169855
4120,169855
4121,169855
4122,169855
4123,169855
4124,169855
4125,169855
4126,169855
4127,169855
4128,169855
4129,169855
4130,169855
4131,169855
4132,169855
4133,169855
4134,169855
4135,169855
4136,169855
4137,169855
4138,169855
4139,169855
4140,169855
4141,169855
4142,169855
4143,169855
4144,169855
4145,169855
4146,169855
4147,169855
4148,169855
4149,169855
4150,169855
4151,169855
4152,169855
4153,169855
4154,169855
4155,169855
4156,169855
4157,169855
4158,169855
4159,169855
4160,169855
4161,169855
4162,169855
4163,169855
4164,169855
4165,169855
4166,169855
4167,169855
4168,169855
4169,169855
4170,169855
4171,169855
4172,169855
4173,169855
4174,169855
4175,169855
4176,169855
4177,169855
4178,169855
4179,169855
4180,169855
4181,169855
4182,169855
4183,169855
4184,169855
4185,169855
4186,169855
4187,169855
4188,169855
4189,169855
4190,169855
4191,169855
4192,169855
4193,169855
4194,169855
4195,169855
4196,169855
4197,169855
4198,169855
4199,169855
4200,169855
4201,169855
4202,169855
4203,169855
4204,169855
4205,169855
4206,169855
4207,169855
4208,169855
4209,169855
4210,169855
4211,169855
4212,169855
4213,169855
4214,169855
4215,169855
4216,169855
4217,169855
4218,169855
4219,169855
4220,169855
4221,169855
4222,169855
4223,169855
4224,169855
4225,169855
4226,169855
4227,169855
4228,169855
4229,169855
4230,169855
4231,169855
4232,169855
4233,169855
4234,169855
4235,169855
4236,169855
4237,169855
4238,169855
4239,169855
4240,169855
4241,169855
4242,169855
4243,169855
4244,169855
4245,169855
4246,169855
4247,169855
4248,169855
4249,169855
4250,169855
4251,169855
4252,169855
4253,169855
4254,169855
4255,169855
4256,169855
4257,169855
4258,169855
4259,169855
4260,169855
4261,169855
4262,169855
4263,169855
4264,169855
4265,169855
4266,169855
4267,169855
4268,169855
4269,169855
4270,169855
4271,169855
4272,169855
4273,169855
4274,169855
4275,169855
4276,169855
4277,169855
4278,169855
4279,169855
4280,169855
4281,169855
4282,169855
4283,169855
4284,169855
4285,169855
4286,169855
4287,169855
4288,169855
4289,169855
4290,169855
4291,169855
4292,169855
4293,169855
4294,169855
4295,169855
4296,169855
4297,169855
4298,169855
4299,169855
4300,169855
4301,169855
4302,169855
4303,169855
4304,169855
4305,169855
4306,169855
4307,169855
4308,169855
4309,169855
4310,169855
4311,169855
4312,169855
4313,169855
4314,169855
4315,169855
4316,169855
4317,169855
4318,169855
4319,169855
4320,169855
4321,169855
4322,169855
4323,169855
4324,169855
4325,169855
4326,169855
4327,169855
4328,169855
4329,169855
4330,169855
4331,169855
4332,169855
4333,169855
4334,169855
4335,169855
4336,169855
4337,169855
4338,169855
4339,169855
4340,169855
4341,169855
4342,169855
4343,169855
4344,169855
4345,169855
4346,169855
4347,169855
4348,169855
4349,169855
4350,169855
4351,169855
4352,169855
4353,169855
4354,169855
4355,169855
4356,169855
4357,169855
4358,169855
4359,169855
4360,169855
4361,169855
4362,169855
4363,169855
4364,169855
4365,169855
4366,169855
4367,169855
4368,169855
4369,169855
4370,169855
4371,169855
4372,169855
4373,169855
4374,169855
4375,169855
4376,169855
4377,169855
4378,169855
4379,169855
4380,169855
4381,169855
4382,169855
4383,169855
4384,169855
4385,169855
4386,169855
4387,169855
4388,169855
4389,169855
4390,169855
4391,169855
4392,169855
4393,169855
4394,169855
4395,169855
4396,169855
4397,169855
4398,169855
4399,169855
4400,169855
4401,169855
4402,169855
4403,169855
4404,169855
4405,169855
4406,169855
4407,169855
4408,169855
4409,169855
4410,169855
4411,169855
4412,169855
4413,169855
4414,169855
4415,169855
4416,169855
4417,169855
4418,169855
4419,169855
4420,169855
4421,169855
4422,169855
4423,169855
4424,169855
4425,169855
4426,169855
4427,169855
4428,169855
4429,169855
4430,169855
4431,169855
4432,169855
4433,169855
4434,169855
4435,169855
4436,169855
4437,169855
4438,169855
4439,169855
4440,169855
4441,169855
4442,169855
4443,169855
4444,169855
4445,169855
4446,169855
4447,169855
4448,169855
4449,169855
4450,169855
4451,169855
4452,169855
4453,169855
4454,169855
4455,169855
4456,169855
4457,169855
4458,169855
4459,169855
4460,169855
4461,169855
4462,169855
4463,169855
4464,169855
4465,169855
4466,169855
4467,169855
4468,169855
4469,169855
4470,169855
4471,169855
4472,169855
4473,169855
4474,169855
4475,169855
4476,169855
4477,169855
4478,169855
4479,169855
4480,169855
4481,169855
4482,169855
4483,169855
4484,169855
4485,169855
4486,169855
4487,169855
4488,169855
4489,169855
4490,169855
4491,169855
4492,169855
4493,169855
4494,169855
4495,169855
4496,169855
4497,169855
4498,169855
4499,169855
4500,169855
4501,169855
4502,169855
4503,169855
4504,169855
4505,169855
4506,169855
4507,169855
4508,169855
4509,169855
4510,169855
4511,169855
4512,169855
4513,169855
4514,169855
4515,169855
4516,169855
4517,169855
4518,169855
4519,169855
4520,169855
4521,169855
4522,169855
4523,169855
4524,169855
4525,169855
4526,169855
4527,169855
4528,169855
4529,169855
4530,169855
4531,169855
4532,169855
4533,169855
4534,169855
4535,169855
4536,169855
4537,169855
4538,169855
4539,169855
4540,169855
4541,169855
4542,169855
4543,169855
4544,169855
4545,169855
4546,169855
4547,169855
4548,169855
4549,169855
4550,169855
4551,169855
4552,169855
4553,169855
4554,169855
4555,169855
4556,169855
4557,169855
4558,169855
4559,169855
4560,169855
4561,169855
4562,169855
4563,169855
4564,169855
4565,169855
4566,169855
4567,169855
4568,169855
4569,169855
4570,169855
4571,169855
4572,169855
4573,169855
4574,169855
4575,169855
4576,169855
4577,169855
4578,169855
4579,169855
4580,169855
4581,169855
4582,169855
4583,169855
4584,169855
4585,169855
4586,169855
4587,169855
4588,169855
4589,169855
4590,169855
4591,169855
4592,169855
4593,169855
4594,169855
4595,169855
4596,169855
4597,169855
4598,169855
4599,169855
4600,169855
4601,169855
4602,169855
4603,169855
4604,169855
4605,169855
4606,169855
4607,169855
4608,169855
4609,169855
4610,169855
4611,169855
4612,169855
4613,169855
4614,169855
4615,169855
4616,169855
4617,169855
4618,169855
4619,169855
4620,169855
4621,169855
4622,169855
4623,169855
4624,169855
4625,169855
4626,169855
4627,169855
4628,169855
4629,169855
4630,169855
4631,169855
4632,169855
4633,169855
4634,169855
4635,169855
4636,169855
4637,169855
4638,169855
4639,169855
4640,169855
4641,169855
4642,169855
4643,169855
4644,169855
4645,169855
4646,169855
4647,169855
4648,169855
4649,169855
4650,169855
4651,169855
4652,169855
4653,169855
4654,169855
4655,169855
4656,169855
4657,169855
4658,169855
4659,169855
4660,169855
4661,169855
4662,169855
4663,169855
4664,169855
4665,169855
4666,169855
4667,169855
4668,169855
4669,169855
4670,169855
4671,169855
4672,169855
4673,169855
4674,169855
4675,169855
4676,169855
4677,169855
4678,169855
4679,169855
4680,169855
4681,169855
4682,169855
4683,169855
4684,169855
4685,169855
4686,169855
4687,169855
4688,169855
4689,169855
4690,169855
4691,169855
4692,169855
4693,169855
4694,169855
4695,169855
4696,169855
4697,169855
4698,169855
4699,169855
4700,169855
4701,169855
4702,169855
4703,169855
4704,169855
4705,169855
4706,169855
4707,169855
4708,169855
4709,169855
4710,169855
4711,169855
4712,169855
4713,169855
4714,169855
4715,169855
4716,169855
4717,169855
4718,169855
4719,169855
4720,169855
4721,169855
4722,169855
4723,169855
4724,169855
4725,169855
4726,169855
4727,169855
4728,169855
4729,169855
4730,169855
4731,169855
4732,169855
4733,169855
4734,169855
4735,169855
4736,169855
4737,169855
4738,169855
4739,169855
4740,169855
4741,169855
4742,169855
4743,169855
4744,169855
4745,169855
4746,169855
4747,169855
4748,169855
4749,169855
4750,169855
4751,169855
4752,169855
4753,169855
4754,169855
4755,169855
4756,169855
4757,169855
4758,169855
4759,169855
4760,169855
4761,169855
4762,169855
4763,169855
4764,169855
4765,169855
4766,169855
4767,169855
4768,169855
4769,169855
4770,169855
4771,169855
4772,169855
4773,169855
4774,169855
4775,169855
4776,169855
4777,169855
4778,169855
4779,169855
4780,169855
4781,169855
4782,169855
4783,169855
4784,169855
4785,169855
4786,169855
4787,169855
4788,169855
4789,169855
4790,169855
4791,169855
4792,169855
4793,169855
4794,169855
4795,169855
4796,169855
4797,169855
4798,169855
4799,169855
4800,169855
4801,169855
4802,169855
4803,169855
4804,169855
4805,169855
4806,169855
4807,169855
4808,169855
4809,169855
4810,169855
4811,169855
4812,169855
4813,169855
4814,169855
4815,169855
4816,169855
4817,169855
4818,169855
4819,169855
4820,169855
4821,169855
4822,169855
4823,169855
4824,169855
4825,169855
4826,169855
4827,169855
4828,169855
4829,169855
4830,169855
4831,169855
4832,169855
4833,169855
4834,169855
4835,169855
4836,169855
4837,169855
4838,169855
4839,169855
4840,169855
4841,169855
4842,169855
4843,169855
4844,169855
4845,169855
4846,169855
4847,169855
4848,169855
4849,169855
4850,169855
4851,169855
4852,169855
4853,169855
4854,169855
4855,169855
4856,169855
4857,169855
4858,169855
4859,169855
4860,169855
4861,169855
4862,169855
4863,169855
4864,169855
4865,169855
4866,169855
4867,169855
4868,169855
4869,169855
4870,169855
4871,169855
4872,169855
4873,169855
4874,169855
4875,169855
4876,169855
4877,169855
4878,169855
4879,169855
4880,169855
4881,169855
4882,169855
4883,169855
4884,169855
4885,169855
4886,169855
4887,169855
4888,169855
4889,169855
4890,169855
4891,169855
4892,169855
4893,169855
4894,169855
4895,169855
4896,169855
4897,169855
4898,169855
4899,169855
4900,169855
4901,169855
4902,169855
4903,169855
4904,169855
4905,169855
4906,169855
4907,169855
4908,169855
4909,169855
4910,169855
4911,169855
4912,169855
4913,169855
4914,169855
4915,169855
4916,169855
4917,169855
4918,169855
4919,169855
4920,169855
4921,169855
4922,169855
4923,169855
4924,169855
4925,169855
4926,169855
4927,169855
4928,169855
4929,169855
4930,169855
4931,169855
4932,169855
4933,169855
4934,169855
4935,169855
4936,169855
4937,169855
4938,169855
4939,169855
4940,169855
4941,169855
4942,169855
4943,169855
4944,169855
4945,169855
4946,169855
4947,169855
4948,169855
4949,169855
4950,169855
4951,169855
4952,169855
4953,169855
4954,169855
4955,169855
4956,169855
4957,169855
4958,169855
4959,169855
4960,169855
4961,169855
4962,169855
4963,169855
4964,169855
4965,169855
4966,169855
4967,169855
4968,169855
4969,169855
4970,169855
4971,169855
4972,169855
4973,169855
4974,169855
4975,169855
4976,169855
4977,169855
4978,169855
4979,169855
4980,169855
4981,169855
4982,169855
4983,169855
4984,169855
4985,169855
4986,169855
4987,169855
4988,169855
4989,169855
4990,169855
4991,169855
4992,169855
4993,169855
4994,169855
4995,169855
4996,169855
4997,169855
4998,169855
4999,169855
5000,169855
5001,169855
5002,169855
5003,169855
5004,169855
5005,169855
5006,169855
5007,169855
5008,169855
5009,169855
5010,169855
5011,169855
5012,169855
5013,169855
5014,169855
5015,169855
5016,169855
5017,169855
5018,169855
5019,169855
5020,169855
5021,169855
5022,169855
5023,169855
5024,169855
5025,169855
5026,169855
5027,169855
5028,169855
5029,169855
5030,169855
5031,169855
5032,169855
5033,169855
5034,169855
5035,169855
5036,169855
5037,169855
5038,169855
5039,169855
5040,169855
5041,169855
5042,169855
5043,169855
5044,169855
5045,169855
5046,169855
5047,169855
5048,169855
5049,169855
5050,169855
5051,169855
5052,169855
5053,169855
5054,169855
5055,169855
5056,169855
5057,169855
5058,169855
5059,169855
5060,169855
5061,169855
5062,169855
5063,169855
5064,169855
5065,169855
5066,169855
5067,169855
5068,169855
5069,169855
5070,169855
5071,169855
5072,169855
5073,169855
5074,169855
5075,169855
5076,169855
5077,169855
5078,169855
5079,169855
5080,169855
5081,169855
5082,169855
5083,169855
5084,169855
5085,169855
5086,169855
5087,169855
5088,169855
5089,169855
5090,169855
5091,169855
5092,169855
5093,169855
5094,169855
5095,169855
5096,169855
5097,169855
5098,169855
5099,169855
5100,169855
5101,169855
5102,169855
5103,169855
5104,169855
5105,169855
5106,169855
5107,169855
5108,169855
5109,169855
5110,169855
5111,169855
5112,169855
5113,169855
5114,169855
5115,169855
5116,169855
5117,169855
5118,169855
5119,169855
5120,169855
5121,169855
5122,169855
5123,169855
5124,169855
5125,169855
5126,169855
5127,169855
5128,169855
5129,169855
5130,169855
5131,169855
5132,169855
5133,169855
5134,169855
5135,169855
5136,169855
5137,169855
5138,169855
5139,169855
5140,169855
5141,169855
5142,169855
5143,169855
5144,169855
5145,169855
5146,169855
5147,169855
5148,169855
5149,169855
5150,169855
5151,169855
5152,169855
5153,169855
5154,169855
5155,169855
5156,169855
5157,169855
5158,169855
5159,169855
5160,169855
5161,169855
5162,169855
5163,169855
5164,169855
5165,169855
5166,169855
5167,169855
5168,169855
5169,169855
5170,169855
5171,169855
5172,169855
5173,169855
5174,169855
5175,169855
5176,169855
5177,169855
5178,169855
5179,169855
5180,169855
5181,169855
5182,169855
5183,169855
5184,169855
5185,169855
5186,169855
5187,169855
5188,169855
5189,169855
5190,169855
5191,169855
5192,169855
5193,169855
5194,169855
5195,169855
5196,169855
5197,169855
5198,169855
5199,169855
5200,169855
5201,169855
5202,169855
5203,169855
5204,169855
5205,169855
5206,169855
5207,169855
5208,169855
5209,169855
5210,169855
5211,169855
5212,169855
5213,169855
5214,169855
5215,169855
5216,169855
5217,169855
5218,169855
5219,169855
5220,169855
5221,169855
5222,169855
5223,169855
5224,169855
5225,169855
5226,169855
5227,169855
5228,169855
5229,169855
5230,169855
5231,169855
5232,169855
5233,169855
5234,169855
5235,169855
5236,169855
5237,169855
5238,169855
5239,169855
5240,169855
5241,169855
5242,169855
5243,169855
5244,169855
5245,169855
5246,169855
5247,169855
5248,169855
5249,169855
5250,169855
5251,169855
5252,169855
5253,169855
5254,169855
5255,169855
5256,169855
5257,169855
5258,169855
5259,169855
5260,169855
5261,169855
5262,169855
5263,169855
5264,169855
5265,169855
5266,169855
5267,169855
5268,169855
5269,169855
5270,169855
5271,169855
5272,169855
5273,169855
5274,169855
5275,169855
5276,169855
5277,169855
5278,169855
5279,169855
5280,169855
5281,169855
5282,169855
5283,169855
5284,169855
5285,169855
5286,169855
5287,169855
5288,169855
5289,169855
5290,169855
5291,169855
5292,169855
5293,169855
5294,169855
5295,169855
5296,169855
5297,169855
5298,169855
5299,169855
5300,169855
5301,169855
5302,169855
5303,169855
5304,169855
5305,169855
5306,169855
5307,169855
5308,169855
5309,169855
5310,169855
5311,169855
5312,169855
5313,169855
5314,169855
5315,169855
5316,169855
5317,169855
5318,169855
5319,169855
5320,169855
5321,169855
5322,169855
5323,169855
5324,169855
5325,169855
5326,169855
5327,169855
5328,169855
5329,169855
5330,169855
5331,169855
5332,169855
5333,169855
5334,169855
5335,169855
5336,169855
5337,169855
5338,169855
5339,169855
5340,169855
5341,169855
5342,169855
5343,169855
5344,169855
5345,169855
5346,169855
5347,169855
5348,169855
5349,169855
5350,169855
5351,169855
5352,169855
5353,169855
5354,169855
5355,169855
5356,169855
5357,169855
5358,169855
5359,169855
5360,169855
5361,169855
5362,169855
5363,169855
5364,169855
5365,169855
5366,169855
5367,169855
5368,169855
5369,169855
5370,169855
5371,169855
5372,169855
5373,169855
5374,169855
5375,169855
5376,169855
5377,169855
5378,169855
5379,169855
5380,169855
5381,169855
5382,169855
5383,169855
5384,169855
5385,169855
5386,169855
5387,169855
5388,169855
5389,169855
5390,169855
5391,169855
5392,169855
5393,169855
5394,169855
5395,169855
5396,169855
5397,169855
5398,169855
5399,169855
5400,169855
5401,169855
5402,169855
5403,169855
5404,169855
5405,169855
5406,169855
5407,169855
5408,169855
5409,169855
5410,169855
5411,169855
5412,169855
5413,169855
5414,169855
5415,169855
5416,169855
5417,169855
5418,169855
5419,169855
5420,169855
5421,169855
5422,169855
5423,169855
5424,169855
5425,169855
5426,169855
5427,169855
5428,169855
5429,169855
5430,169855
5431,169855
5432,169855
5433,169855
5434,169855
5435,169855
5436,169855
5437,169855
5438,169855
5439,169855
5440,169855
5441,169855
5442,169855
5443,169855
5444,169855
5445,169855
5446,169855
5447,169855
5448,169855
5449,169855
5450,169855
5451,169855
5452,169855
5453,169855
5454,169855
5455,169855
5456,169855
5457,169855
5458,169855
5459,169855
5460,169855
5461,169855
5462,169855
5463,169855
5464,169855
5465,169855
5466,169855
5467,169855
5468,169855
5469,169855
5470,169855
5471,169855
5472,169855
5473,169855
5474,169855
5475,169855
5476,169855
5477,169855
5478,169855
5479,169855
5480,169855
5481,169855
5482,169855
5483,169855
5484,169855
5485,169855
5486,169855
5487,169855
5488,169855
5489,169855
5490,169855
5491,169855
5492,169855
5493,169855
5494,169855
5495,169855
5496,169855
5497,169855
5498,169855
5499,169855
5500,169855
5501,169855
5502,169855
5503,169855
5504,169855
5505,169855
5506,169855
5507,169855
5508,169855
5509,169855
5510,169855
5511,169855
5512,169855
5513,169855
5514,169855
5515,169855
5516,169855
5517,169855
5518,169855
5519,169855
5520,169855
5521,169855
5522,169855
5523,169855
5524,169855
5525,169855
5526,169855
5527,169855
5528,169855
5529,169855
5530,169855
5531,169855
5532,169855
5533,169855
5534,169855
5535,169855
5536,169855
5537,169855
5538,169855
5539,169855
5540,169855
5541,169855
5542,169855
5543,169855
5544,169855
5545,169855
5546,169855
5547,169855
5548,169855
5549,169855
5550,169855
5551,169855
5552,169855
5553,169855
5554,169855
5555,169855
5556,169855
5557,169855
5558,169855
5559,169855
5560,169855
5561,169855
5562,169855
5563,169855
5564,169855
5565,169855
5566,169855
5567,169855
5568,169855
5569,169855
5570,169855
5571,169855
5572,169855
5573,169855
5574,169855
5575,169855
5576,169855
5577,169855
5578,169855
5579,169855
5580,169855
5581,169855
5582,169855
5583,169855
5584,169855
5585,169855
5586,169855
5587,169855
5588,169855
5589,169855
5590,169855
5591,169855
5592,169855
5593,169855
5594,169855
5595,169855
5596,169855
5597,169855
5598,169855
5599,169855
5600,169855
5601,169855
5602,169855
5603,169855
5604,169855
5605,169855
5606,169855
5607,169855
5608,169855
5609,169855
5610,169855
5611,169855
5612,169855
5613,169855
5614,169855
5615,169855
5616,169855
5617,169855
5618,169855
5619,169855
5620,169855
5621,169855
5622,169855
5623,169855
5624,169855
5625,169855
5626,169855
5627,169855
5628,169855
5629,169855
5630,169855
5631,169855
5632,169855
5633,169855
5634,169855
5635,169855
5636,169855
5637,169855
5638,169855
5639,169855
5640,169855
5641,169855
5642,169855
5643,169855
5644,169855
5645,169855
5646,169855
5647,169855
5648,169855
5649,169855
5650,169855
5651,169855
5652,169855
5653,169855
5654,169855
5655,169855
5656,169855
5657,169855
5658,169855
5659,169855
5660,169855
5661,169855
5662,169855
5663,169855
5664,169855
5665,169855
5666,169855
5667,169855
5668,169855
5669,169855
5670,169855
5671,169855
5672,169855
5673,169855
5674,169855
5675,169855
5676,169855
5677,169855
5678,169855
5679,169855
5680,169855
5681,169855
5682,169855
5683,169855
5684,169855
5685,169855
5686,169855
5687,169855
5688,169855
5689,169855
5690,169855
5691,169855
5692,169855
5693,169855
5694,169855
5695,169855
5696,169855
5697,169855
5698,169855
5699,169855
5700,169855
5701,169855
5702,169855
5703,169855
5704,169855
5705,169855
5706,169855
5707,169855
5708,169855
5709,169855
5710,169855
5711,169855
5712,169855
5713,169855
5714,169855
5715,169855
5716,169855
5717,169855
5718,169855
5719,169855
5720,169855
5721,169855
5722,169855
5723,169855
5724,169855
5725,169855
5726,169855
5727,169855
5728,169855
5729,169855
5730,169855
5731,169855
5732,169855
5733,169855
5734,169855
5735,169855
5736,169855
5737,169855
5738,169855
5739,169855
5740,169855
5741,169855
5742,169855
5743,169855
5744,169855
5745,169855
5746,169855
5747,169855
5748,169855
5749,169855
5750,169855
5751,169855
5752,169855
5753,169855
5754,169855
5755,169855
5756,169855
5757,169855
5758,169855
5759,169855
5760,169855
5761,169855
5762,169855
5763,169855
5764,169855
5765,169855
5766,169855
5767,169855
5768,169855
5769,169855
5770,169855
5771,169855
5772,169855
5773,169855
5774,169855
5775,169855
5776,169855
5777,169855
5778,169855
5779,169855
5780,169855
5781,169855
5782,169855
5783,169855
5784,169855
5785,169855
5786,169855
5787,169855
5788,169855
5789,169855
5790,169855
5791,169855
5792,169855
5793,169855
5794,169855
5795,169855
5796,169855
5797,169855
5798,169855
5799,169855
5800,169855
5801,169855
5802,169855
5803,169855
5804,169855
5805,169855
5806,169855
5807,169855
5808,169855
5809,169855
5810,169855
5811,169855
5812,169855
5813,169855
5814,169855
5815,169855
5816,169855
5817,169855
5818,169855
5819,169855
5820,169855
5821,169855
5822,169855
5823,169855
5824,169855
5825,169855
5826,169855
5827,169855
5828,169855
5829,169855
5830,169855
5831,169855
5832,169855
5833,169855
5834,169855
5835,169855
5836,169855
5837,169855
5838,169855
5839,169855
5840,169855
5841,169855
5842,169855
5843,169855
5844,169855
5845,169855
5846,169855
5847,169855
5848,169855
5849,169855
5850,169855
5851,169855
5852,169855
5853,169855
5854,169855
5855,169855
5856,169855
5857,169855
5858,169855
5859,169855
5860,169855
5861,169855
5862,169855
5863,169855
5864,169855
5865,169855
5866,169855
5867,170940
5868,170940
5869,170940
5870,170940
5871,170940
5872,170940
5873,170940
5874,170940
5875,170940
5876,170940
5877,170940
5878,170940
5879,170940
5880,170940
5881,170940
5882,170940
5883,170940
5884,170940
5885,170940
5886,170940
5887,170940
5888,170940
5889,170940
5890,170940
5891,170940
5892,170940
5893,170940
5894,170940
5895,170940
5896,170940
5897,170940
5898,170940
5899,170940
5900,170940
5901,170940
5902,170940
5903,170940
5904,170940
5905,170940
5906,170940
5907,170940
5908,170940
5909,170940
5910,170940
5911,170940
5912,170940
5913,170940
5914,170940
5915,170940
5916,170940
5917,170940
5918,170940
5919,170940
5920,170940
5921,170940
5922,170940
5923,170940
5924,170940
5925,170940
5926,170940
5927,170940
5928,170940
5929,170940
5930,170940
5931,170940
5932,170940
5933,170940
5934,170940
5935,170940
5936,170940
5937,170940
5938,170940
5939,170940
5940,170940
5941,170940
5942,170940
5943,170940
5944,170940
5945,170940
5946,170940
5947,170940
5948,170940
5949,170940
5950,170940
5951,170940
5952,170940
5953,170940
5954,170940
5955,170940
5956,170940
5957,170940
5958,170940
5959,170940
5960,170940
5961,170940
5962,170940
5963,170940
5964,170940
5965,170940
5966,170940
5967,170940
5968,170940
5969,170940
5970,170940
5971,170940
5972,170940
5973,170940
5974,170940
5975,170940
5976,170940
5977,170940
5978,170940
5979,170940
5980,170940
5981,170940
5982,170940
5983,170940
5984,170940
5985,170940
5986,170940
5987,170940
5988,170940
5989,170940
5990,170940
5991,170940
5992,170940
5993,170940
5994,170940
5995,170940
5996,170940
5997,170940
5998,170940
5999,170940
6000,170940
6001,170940
6002,170940
6003,170940
6004,170940
6005,170940
6006,170940
6007,170940
6008,170940
6009,170940
6010,170940
6011,170940
6012,170940
6013,170940
6014,170940
6015,170940
6016,170940
6017,170940
6018,170940
6019,170940
6020,170940
6021,170940
6022,170940
6023,170940
6024,170940
6025,170940
6026,170940
6027,170940
6028,170940
6029,170940
6030,170940
6031,170940
6032,170940
6033,170940
6034,170940
6035,170940
6036,170940
6037,170940
6038,170940
6039,170940
6040,170940
6041,170940
6042,170940
6043,170940
6044,170940
6045,170940
6046,170940
6047,170940
6048,170940
6049,170940
6050,170940
6051,170940
6052,170940
6053,170940
6054,170940
6055,170940
6056,170940
6057,170940
6058,170940
6059,170940
6060,170940
6061,170940
6062,170940
6063,170940
6064,170940
6065,170940
6066,170940
6067,170940
6068,170940
6069,170940
6070,170940
6071,170940
6072,170940
6073,170940
6074,170940
6075,170940
6076,170940
6077,170940
6078,170940
6079,170940
6080,170940
6081,170940
6082,170940
6083,170940
6084,170940
6085,170940
6086,170940
6087,170940
6088,170940
6089,170940
6090,170940
6091,170940
6092,170940
6093,170940
6094,170940
6095,170940
6096,170940
6097,170940
6098,170940
6099,170940
6100,170940
6101,170940
6102,170940
6103,170940
6104,170940
6105,170940
6106,170940
6107,170940
6108,170940
6109,170940
6110,170940
6111,170940
6112,170940
6113,170940
6114,170940
6115,170940
6116,170940
6117,170940
6118,170940
6119,170940
6120,170940
6121,170940
6122,170940
6123,170940
6124,170940
6125,170940
6126,170940
6127,170940
6128,170940
6129,170940
6130,170940
6131,170940
6132,170940
6133,170940
6134,170940
6135,170940
6136,170940
6137,170940
6138,170940
6139,170940
6140,170940
6141,170940
6142,170940
6143,170940
6144,170940
6145,170940
6146,170940
6147,170940
6148,170940
6149,170940
6150,170940
6151,170940
6152,170940
6153,170940
6154,170940
6155,170940
6156,170940
6157,170940
6158,170940
6159,170940
6160,170940
6161,170940
6162,170940
6163,170940
6164,170940
6165,170940
6166,170940
6167,170940
6168,170940
6169,170940
6170,170940
6171,170940
6172,170940
6173,170940
6174,170940
6175,170940
6176,170940
6177,170940
6178,170940
6179,170940
6180,170940
6181,170940
6182,170940
6183,170940
6184,170940
6185,170940
6186,170940
6187,170940
6188,170940
6189,170940
6190,170940
6191,170940
6192,170940
6193,170940
6194,170940
6195,170940
6196,170940
6197,170940
6198,170940
6199,170940
6200,170940
6201,170940
6202,170940
6203,170940
6204,170940
6205,170940
6206,170940
6207,170940
6208,170940
6209,170940
6210,170940
6211,170940
6212,170940
6213,170940
6214,170940
6215,170940
6216,170940
6217,170940
6218,170940
6219,170940
6220,170940
6221,170940
6222,170940
6223,170940
6224,170940
6225,170940
6226,170940
6227,170940
6228,170940
6229,170940
6230,170940
6231,170940
6232,170940
6233,170940
6234,170940
6235,170940
6236,170940
6237,170940
6238,170940
6239,170940
6240,170940
6241,170940
6242,170940
6243,170940
6244,170940
6245,170940
6246,170940
6247,170940
6248,170940
6249,170940
6250,170940
6251,170940
6252,170940
6253,170940
6254,170940
6255,170940
6256,170940
6257,170940
6258,170940
6259,170940
6260,170940
6261,170940
6262,170940
6263,170940
6264,170940
6265,170940
6266,170940
6267,170940
6268,170940
6269,170940
6270,170940
6271,170940
6272,170940
6273,170940
6274,170940
6275,170940
6276,170940
6277,170940
6278,170940
6279,170940
6280,170940
6281,170940
6282,170940
6283,170940
6284,170940
6285,170940
6286,170940
6287,170940
6288,170940
6289,170940
6290,170940
6291,170940
6292,170940
6293,170940
6294,170940
6295,170940
6296,170940
6297,170940
6298,170940
6299,170940
6300,170940
6301,170940
6302,170940
6303,170940
6304,170940
6305,170940
6306,170940
6307,170940
6308,170940
6309,170940
6310,170940
6311,170940
6312,170940
6313,170940
6314,170940
6315,170940
6316,170940
6317,170940
6318,170940
6319,170940
6320,170940
6321,170940
6322,170940
6323,170940
6324,170940
6325,170940
6326,170940
6327,170940
6328,170940
6329,170940
6330,170940
6331,170940
6332,170940
6333,170940
6334,170940
6335,170940
6336,170940
6337,170940
6338,170940
6339,170940
6340,170940
6341,170940
6342,170940
6343,170940
6344,170940
6345,170940
6346,170940
6347,170940
6348,170940
6349,170940
6350,170940
6351,170940
6352,170940
6353,170940
6354,170940
6355,170940
6356,170940
6357,170940
6358,170940
6359,170940
6360,170940
6361,170940
6362,170940
6363,170940
6364,170940
6365,170940
6366,170940
6367,170940
6368,170940
6369,170940
6370,170940
6371,170940
6372,170940
6373,170940
6374,170940
6375,170940
6376,170940
6377,170940
6378,170940
6379,170940
6380,170940
6381,170940
6382,170940
6383,170940
6384,170940
6385,170940
6386,170940
6387,170940
6388,170940
6389,170940
6390,170940
6391,170940
6392,170940
6393,170940
6394,170940
6395,170940
6396,170940
6397,170940
6398,170940
6399,170940
6400,170940
6401,170940
6402,170940
6403,170940
6404,170940
6405,170940
6406,170940
6407,170940
6408,170940
6409,170940
6410,170940
6411,170940
6412,170940
6413,170940
6414,170940
6415,170940
6416,170940
6417,170940
6418,170940
6419,170940
6420,170940
6421,170940
6422,170940
6423,170940
6424,170940
6425,170940
6426,170940
6427,170940
6428,170940
6429,170940
6430,170940
6431,170940
6432,170940
6433,170940
6434,170940
6435,170940
6436,170940
6437,170940
6438,170940
6439,170940
6440,170940
6441,170940
6442,170940
6443,170940
6444,170940
6445,170940
6446,170940
6447,170940
6448,170940
6449,170940
6450,170940
6451,170940
6452,170940
6453,170940
6454,170940
6455,170940
6456,170940
6457,170940
6458,170940
6459,170940
6460,170940
6461,170940
6462,170940
6463,170940
6464,170940
6465,170940
6466,170940
6467,170940
6468,170940
6469,170940
6470,170940
6471,170940
6472,170940
6473,170940
6474,170940
6475,170940
6476,170940
6477,170940
6478,170940
6479,170940
6480,170940
6481,170940
6482,170940
6483,170940
6484,170940
6485,170940
6486,170940
6487,170940
6488,170940
6489,170940
6490,170940
6491,170940
6492,170940
6493,170940
6494,170940
6495,170940
6496,170940
6497,170940
6498,170940
6499,170940
6500,170940
6501,170940
6502,170940
6503,170940
6504,170940
6505,170940
6506,170940
6507,170940
6508,170940
6509,170940
6510,170940
6511,170940
6512,170940
6513,170940
6514,170940
6515,170940
6516,170940
6517,170940
6518,170940
6519,170940
6520,170940
6521,170940
6522,170940
6523,170940
6524,170940
6525,170940
6526,170940
6527,170940
6528,170940
6529,170940
6530,170940
6531,170940
6532,170940
6533,170940
6534,170940
6535,170940
6536,170940
6537,170940
6538,170940
6539,170940
6540,170940
6541,170940
6542,170940
6543,170940
6544,170940
6545,170940
6546,170940
6547,170940
6548,170940
6549,170940
6550,170940
6551,170940
6552,170940
6553,170940
6554,170940
6555,170940
6556,170940
6557,170940
6558,170940
6559,170940
6560,170940
6561,170940
6562,170940
6563,170940
6564,170940
6565,170940
6566,170940
6567,170940
6568,170940
6569,170940
6570,170940
6571,170940
6572,170940
6573,170940
6574,170940
6575,170940
6576,170940
6577,170940
6578,170940
6579,170940
6580,170940
6581,170940
6582,170940
6583,170940
6584,170940
6585,170940
6586,170940
6587,170940
6588,170940
6589,170940
6590,170940
6591,170940
6592,170940
6593,170940
6594,170940
6595,170940
6596,170940
6597,170940
6598,170940
6599,170940
6600,170940
6601,170940
6602,170940
6603,170940
6604,170940
6605,170940
6606,170940
6607,170940
6608,170940
6609,170940
6610,170940
6611,170940
6612,170940
6613,170940
6614,170940
6615,170940
6616,170940
6617,170940
6618,170940
6619,170940
6620,170940
6621,170940
6622,170940
6623,170940
6624,170940
6625,170940
6626,170940
6627,170940
6628,170940
6629,170940
6630,170940
6631,170940
6632,170940
6633,170940
6634,170940
6635,170940
6636,170940
6637,170940
6638,170940
6639,170940
6640,170940
6641,170940
6642,170940
6643,170940
6644,170940
6645,170940
6646,170940
6647,170940
6648,170940
6649,170940
6650,170940
6651,170940
6652,170940
6653,170940
6654,170940
6655,170940
6656,170940
6657,170940
6658,170940
6659,170940
6660,170940
6661,170940
6662,170940
6663,170940
6664,170940
6665,170940
6666,170940
6667,170940
6668,170940
6669,170940
6670,170940
6671,170940
6672,170940
6673,170940
6674,170940
6675,170940
6676,170940
6677,170940
6678,170940
6679,170940
6680,170940
6681,170940
6682,170940
6683,170940
6684,170940
6685,170940
6686,170940
6687,170940
6688,170940
6689,170940
6690,170940
6691,170940
6692,170940
6693,170940
6694,170940
6695,170940
6696,170940
6697,170940
6698,170940
6699,170940
6700,170940
6701,170940
6702,170940
6703,170940
6704,170940
6705,170940
6706,170940
6707,170940
6708,170940
6709,170940
6710,170940
6711,170940
6712,170940
6713,170940
6714,170940
6715,170940
6716,170940
6717,170940
6718,170940
6719,170940
6720,170940
6721,170940
6722,170940
6723,170940
6724,170940
6725,170940
6726,170940
6727,170940
6728,170940
6729,170940
6730,170940
6731,170940
6732,170940
6733,170940
6734,170940
6735,170940
6736,170940
6737,170940
6738,170940
6739,170940
6740,170940
6741,170940
6742,170940
6743,170940
6744,170940
6745,170940
6746,170940
6747,170940
6748,170940
6749,170940
6750,170940
6751,170940
6752,170940
6753,170940
6754,170940
6755,170940
6756,170940
6757,170940
6758,170940
6759,170940
6760,170940
6761,170940
6762,170940
6763,170940
6764,170940
6765,170940
6766,170940
6767,170940
6768,170940
6769,170940
6770,170940
6771,170940
6772,170940
6773,170940
6774,170940
6775,170940
6776,170940
6777,170940
6778,170940
6779,170940
6780,170940
6781,170940
6782,170940
6783,170940
6784,170940
6785,170940
6786,170940
6787,170940
6788,170940
6789,170940
6790,170940
6791,170940
6792,170940
6793,170940
6794,170940
6795,170940
6796,170940
6797,170940
6798,170940
6799,170940
6800,170940
6801,170940
6802,170940
6803,170940
6804,170940
6805,170940
6806,170940
6807,170940
6808,170940
6809,170940
6810,170940
6811,170940
6812,170940
6813,170940
6814,170940
6815,170940
6816,170940
6817,170940
6818,170940
6819,170940
6820,170940
6821,170940
6822,170940
6823,170940
6824,170940
6825,170940
6826,170940
6827,170940
6828,170940
6829,170940
6830,170940
6831,170940
6832,170940
6833,170940
6834,170940
6835,170940
6836,170940
6837,170940
6838,170940
6839,170940
6840,170940
6841,170940
6842,170940
6843,170940
6844,170940
6845,170940
6846,170940
6847,170940
6848,170940
6849,170940
6850,170940
6851,170940
6852,170940
6853,170940
6854,170940
6855,170940
6856,170940
6857,170940
6858,170940
6859,170940
6860,170940
6861,170940
6862,170940
6863,170940
6864,170940
6865,170940
6866,170940
6867,170940
6868,170940
6869,170940
6870,170940
6871,170940
6872,170940
6873,170940
6874,170940
6875,170940
6876,170940
6877,170940
6878,170940
6879,170940
6880,170940
6881,170940
6882,170940
6883,170940
6884,170940
6885,170940
6886,170940
6887,170940
6888,170940
6889,170940
6890,170940
6891,170940
6892,170940
6893,170940
6894,170940
6895,170940
6896,170940
6897,170940
6898,170940
6899,170940
6900,170940
6901,170940
6902,170940
6903,170940
6904,170940
6905,170940
6906,170940
6907,170940
6908,170940
6909,170940
6910,170940
6911,170940
6912,170940
6913,170940
6914,170940
6915,170940
6916,170940
6917,170940
6918,170940
6919,170940
6920,170940
6921,170940
6922,170940
6923,170940
6924,170940
6925,170940
6926,170940
6927,170940
6928,170940
6929,170940
6930,170940
6931,170940
6932,170940
6933,170940
6934,170940
6935,170940
6936,170940
6937,170940
6938,170940
6939,170940
6940,170940
6941,170940
6942,170940
6943,170940
6944,170940
6945,170940
6946,170940
6947,170940
6948,170940
6949,170940
6950,170940
6951,170940
6952,170940
6953,170940
6954,170940
6955,170940
6956,170940
6957,170940
6958,170940
6959,170940
6960,170940
6961,170940
6962,170940
6963,170940
6964,170940
6965,170940
6966,170940
6967,170940
6968,170940
6969,170940
6970,170940
6971,170940
6972,170940
6973,170940
6974,170940
6975,170940
6976,170940
6977,170940
6978,170940
6979,170940
6980,170940
6981,170940
6982,170940
6983,170940
6984,170940
6985,170940
6986,170940
6987,170940
6988,170940
6989,170940
6990,170940
6991,170940
6992,170940
6993,170940
6994,170940
6995,170940
6996,170940
6997,170940
6998,170940
6999,170940
7000,170940
7001,170940
7002,170940
7003,170940
7004,170940
7005,170940
7006,170940
7007,170940
7008,170940
7009,170940
7010,170940
7011,170940
7012,170940
7013,170940
7014,170940
7015,170940
7016,170940
7017,170940
7018,170940
7019,170940
7020,170940
7021,170940
7022,170940
7023,170940
7024,170940
7025,170940
7026,170940
7027,170940
7028,170940
7029,170940
7030,170940
7031,170940
7032,170940
7033,170940
7034,170940
7035,170940
7036,170940
7037,170940
7038,170940
7039,170940
7040,170940
7041,170940
7042,170940
7043,170940
7044,170940
7045,170940
7046,170940
7047,170940
7048,170940
7049,170940
7050,170940
7051,170940
7052,170940
7053,170940
7054,170940
7055,170940
7056,170940
7057,170940
7058,170940
7059,170940
7060,170940
7061,170940
7062,170940
7063,170940
7064,170940
7065,170940
7066,170940
7067,170940
7068,170940
7069,170940
7070,170940
7071,170940
7072,170940
7073,170940
7074,170940
7075,170940
7076,170940
7077,170940
7078,170940
7079,170940
7080,170940
7081,170940
7082,170940
7083,170940
7084,170940
7085,170940
7086,170940
7087,170940
7088,170940
7089,170940
7090,170940
7091,170940
7092,170940
7093,170940
7094,170940
7095,170940
7096,170940
7097,170940
7098,170940
7099,170940
7100,170940
7101,170940
7102,170940
7103,170940
7104,170940
7105,170940
7106,170940
7107,170940
7108,170940
7109,170940
7110,170940
7111,170940
7112,170940
7113,170940
7114,170940
7115,170940
7116,170940
7117,170940
7118,170940
7119,170940
7120,170940
7121,170940
7122,170940
7123,170940
7124,170940
7125,170940
7126,170940
7127,170940
7128,170940
7129,170940
7130,170940
7131,170940
7132,170940
7133,170940
7134,170940
7135,170940
7136,170940
7137,170940
7138,170940
7139,170940
7140,170940
7141,170940
7142,170940
7143,170940
7144,170940
7145,170940
7146,170940
7147,170940
7148,170940
7149,170940
7150,170940
7151,170940
7152,170940
7153,170940
7154,170940
7155,170940
7156,170940
7157,170940
7158,170940
7159,170940
7160,170940
7161,170940
7162,170940
7163,170940
7164,170940
7165,170940
7166,170940
7167,170940
7168,170940
7169,170940
7170,170940
7171,170940
7172,170940
7173,170940
7174,170940
7175,170940
7176,170940
7177,170940
7178,170940
7179,170940
7180,170940
7181,170940
7182,170940
7183,170940
7184,170940
7185,170940
7186,170940
7187,170940
7188,170940
7189,170940
7190,170940
7191,170940
7192,170940
7193,170940
7194,170940
7195,170940
7196,170940
7197,170940
7198,170940
7199,170940
7200,170940
7201,170940
7202,170940
7203,170940
7204,170940
7205,170940
7206,170940
7207,170940
7208,170940
7209,170940
7210,170940
7211,170940
7212,170940
7213,170940
7214,170940
7215,170940
7216,170940
7217,170940
7218,170940
7219,170940
7220,170940
7221,170940
7222,170940
7223,170940
7224,170940
7225,170940
7226,170940
7227,170940
7228,170940
7229,170940
7230,170940
7231,170940
7232,170940
7233,170940
7234,170940
7235,170940
7236,170940
7237,170940
7238,170940
7239,170940
7240,170940
7241,170940
7242,170940
7243,170940
7244,170940
7245,170940
7246,170940
7247,170940
7248,170940
7249,170940
7250,170940
7251,170940
7252,170940
7253,170940
7254,170940
7255,170940
7256,170940
7257,170940
7258,170940
7259,170940
7260,170940
7261,170940
7262,170940
7263,170940
7264,170940
7265,170940
7266,170940
7267,170940
7268,170940
7269,170940
7270,170940
7271,170940
7272,170940
7273,170940
7274,170940
7275,170940
7276,170940
7277,170940
7278,170940
7279,170940
7280,170940
7281,170940
7282,170940
7283,170940
7284,170940
7285,170940
7286,170940
7287,170940
7288,170940
7289,170940
7290,170940
7291,170940
7292,170940
7293,170940
7294,170940
7295,170940
7296,170940
7297,170940
7298,170940
7299,170940
7300,170940
7301,170940
7302,170940
7303,170940
7304,170940
7305,170940
7306,170940
7307,170940
7308,170940
7309,170940
7310,170940
7311,170940
7312,170940
7313,170940
7314,170940
7315,170940
7316,170940
7317,170940
7318,170940
7319,170940
7320,170940
7321,170940
7322,170940
7323,170940
7324,170940
7325,170940
7326,170940
7327,170940
7328,170940
7329,170940
7330,170940
7331,170940
7332,170940
7333,170940
7334,170940
7335,170940
7336,170940
7337,170940
7338,170940
7339,170940
7340,170940
7341,170940
7342,170940
7343,170940
7344,170940
7345,170940
7346,170940
7347,170940
7348,170940
7349,170940
7350,170940
7351,170940
7352,170940
7353,170940
7354,170940
7355,170940
7356,170940
7357,170940
7358,170940
7359,170940
7360,170940
7361,170940
7362,170940
7363,170940
7364,170940
7365,170940
7366,170940
7367,170940
7368,170940
7369,170940
7370,170940
7371,170940
7372,170940
7373,170940
7374,170940
7375,170940
7376,170940
7377,170940
7378,170940
7379,170940
7380,170940
7381,170940
7382,170940
7383,170940
7384,170940
7385,170940
7386,170940
7387,170940
7388,170940
7389,170940
7390,170940
7391,170940
7392,170940
7393,170940
7394,170940
7395,170940
7396,170940
7397,170940
7398,170940
7399,170940
7400,170940
7401,170940
7402,170940
7403,170940
7404,170940
7405,170940
7406,170940
7407,170940
7408,170940
7409,170940
7410,170940
7411,170940
7412,170940
7413,170940
7414,170940
7415,170940
7416,170940
7417,170940
7418,170940
7419,170940
7420,170940
7421,170940
7422,170940
7423,170940
7424,170940
7425,170940
7426,170940
7427,170940
7428,170940
7429,170940
7430,170940
7431,170940
7432,170940
7433,170940
7434,170940
7435,170940
7436,170940
7437,170940
7438,170940
7439,170940
7440,170940
7441,170940
7442,170940
7443,170940
7444,170940
7445,170940
7446,170940
7447,170940
7448,170940
7449,170940
7450,170940
7451,170940
7452,170940
7453,170940
7454,170940
7455,170940
7456,170940
7457,170940
7458,170940
7459,170940
7460,170940
7461,170940
7462,170940
7463,170940
7464,170940
7465,170940
7466,170940
7467,170940
7468,170940
7469,170940
7470,170940
7471,170940
7472,170940
7473,170940
7474,170940
7475,170940
7476,170940
7477,170940
7478,170940
7479,170940
7480,170940
7481,170940
7482,170940
7483,170940
7484,170940
7485,170940
7486,170940
7487,170940
7488,170940
7489,170940
7490,170940
7491,170940
7492,170940
7493,170940
7494,170940
7495,170940
7496,170940
7497,170940
7498,170940
7499,170940
7500,170940
7501,170940
7502,170940
7503,170940
7504,170940
7505,170940
7506,170940
7507,170940
7508,170940
7509,170940
7510,170940
7511,170940
7512,170940
7513,170940
7514,170940
7515,170940
7516,170940
7517,170940
7518,170940
7519,170940
7520,170940
7521,170940
7522,170940
7523,170940
7524,170940
7525,170940
7526,170940
7527,170940
7528,170940
7529,170940
7530,170940
7531,170940
7532,170940
7533,170940
7534,170940
7535,170940
7536,170940
7537,170940
7538,170940
7539,170940
7540,170940
7541,170940
7542,170940
7543,170940
7544,170940
7545,170940
7546,170940
7547,170940
7548,170940
7549,170940
7550,170940
7551,170940
7552,170940
7553,170940
7554,170940
7555,170940
7556,170940
7557,170940
7558,170940
7559,170940
7560,170940
7561,170940
7562,170940
7563,170940
7564,170940
7565,170940
7566,170940
7567,170940
7568,170940
7569,170940
7570,170940
7571,170940
7572,170940
7573,170940
7574,170940
7575,170940
7576,170940
7577,170940
7578,170940
7579,170940
7580,170940
7581,170940
7582,170940
7583,170940
7584,170940
7585,170940
7586,170940
7587,170940
7588,170940
7589,170940
7590,170940
7591,170940
7592,170940
7593,170940
7594,170940
7595,170940
7596,170940
7597,170940
7598,170940
7599,170940
7600,170940
7601,170940
7602,170940
7603,170940
7604,170940
7605,170940
7606,170940
7607,170940
7608,170940
7609,170940
7610,170940
7611,170940
7612,170940
7613,170940
7614,170940
7615,170940
7616,170940
7617,170940
7618,170940
7619,170940
7620,170940
7621,170940
7622,170940
7623,170940
7624,170940
7625,170940
7626,170940
7627,170940
7628,170940
7629,170940
7630,170940
7631,170940
7632,170940
7633,170940
7634,170940
7635,170940
7636,170940
7637,170940
7638,170940
7639,170940
7640,170940
7641,170940
7642,170940
7643,170940
7644,170940
7645,170940
7646,170940
7647,170940
7648,170940
7649,170940
7650,170940
7651,170940
7652,170940
7653,170940
7654,170940
7655,170940
7656,170940
7657,170940
7658,170940
7659,170940
7660,170940
7661,170940
7662,170940
7663,170940
7664,170940
7665,170940
7666,170940
7667,170940
7668,170940
7669,170940
7670,170940
7671,170940
7672,170940
7673,170940
7674,170940
7675,170940
7676,170940
7677,170940
7678,170940
7679,170940
7680,170940
7681,170940
7682,170940
7683,170940
7684,170940
7685,170940
7686,170940
7687,170940
7688,170940
7689,170940
7690,170940
7691,170940
7692,170940
7693,170940
7694,170940
7695,170940
7696,170940
7697,170940
7698,170940
7699,170940
7700,170940
7701,170940
7702,170940
7703,170940
7704,170940
7705,170940
7706,170940
7707,170940
7708,170940
7709,170940
7710,170940
7711,170940
7712,170940
7713,170940
7714,170940
7715,170940
7716,170940
7717,170940
7718,170940
7719,170940
7720,170940
7721,170940
7722,170940
7723,170940
7724,170940
7725,170940
7726,170940
7727,170940
7728,170940
7729,170940
7730,170940
7731,170940
7732,170940
7733,170940
7734,170940
7735,170940
7736,170940
7737,170940
7738,170940
7739,170940
7740,170940
7741,170940
7742,170940
7743,170940
7744,170940
7745,170940
7746,170940
7747,170940
7748,170940
7749,170940
7750,170940
7751,170940
7752,170940
7753,170940
7754,170940
7755,170940
7756,170940
7757,170940
7758,170940
7759,170940
7760,170940
7761,170940
7762,170940
7763,170940
7764,170940
7765,170940
7766,170940
7767,170940
7768,170940
7769,170940
7770,170940
7771,170940
7772,170940
7773,170940
7774,170940
7775,170940
7776,170940
7777,170940
7778,170940
7779,170940
7780,170940
7781,170940
7782,170940
7783,170940
7784,170940
7785,170940
7786,170940
7787,170940
7788,170940
7789,170940
7790,170940
7791,170940
7792,170940
7793,170940
7794,170940
7795,170940
7796,170940
7797,170940
7798,170940
7799,170940
7800,170940
7801,170940
7802,170940
7803,170940
7804,170940
7805,170940
7806,170940
7807,170940
7808,170940
7809,170940
7810,170940
7811,170940
7812,170940
7813,170940
7814,170940
7815,170940
7816,170940
7817,170940
7818,170940
7819,170940
7820,170940
7821,170940
7822,170940
7823,170940
7824,170940
7825,170940
7826,170940
7827,170940
7828,170940
7829,170940
7830,170940
7831,170940
7832,170940
7833,170940
7834,170940
7835,170940
7836,170940
7837,170940
7838,170940
7839,170940
7840,170940
7841,170940
7842,170940
7843,170940
7844,170940
7845,170940
7846,170940
7847,170940
7848,170940
7849,170940
7850,170940
7851,170940
7852,170940
7853,170940
7854,170940
7855,170940
7856,170940
7857,170940
7858,170940
7859,170940
7860,170940
7861,170940
7862,170940
7863,170940
7864,170940
7865,170940
7866,170940
7867,170940
7868,170940
7869,170940
7870,170940
7871,170940
7872,170940
7873,170940
7874,170940
7875,170940
7876,170940
7877,170940
7878,170940
7879,170940
7880,170940
7881,170940
7882,170940
7883,170940
7884,170940
7885,170940
7886,170940
7887,170940
7888,170940
7889,170940
7890,170940
7891,170940
7892,170940
7893,170940
7894,170940
7895,170940
7896,170940
7897,170940
7898,170940
7899,170940
7900,170940
7901,170940
7902,170940
7903,170940
7904,170940
7905,170940
7906,170940
7907,170940
7908,170940
7909,170940
7910,170940
7911,170940
7912,170940
7913,170940
7914,170940
7915,170940
7916,170940
7917,170940
7918,170940
7919,170940
7920,170940
7921,170940
7922,170940
7923,170940
7924,170940
7925,170940
7926,170940
7927,170940
7928,170940
7929,170940
7930,170940
7931,170940
7932,170940
7933,170940
7934,170940
7935,170940
7936,170940
7937,170940
7938,170940
7939,170940
7940,170940
7941,170940
7942,170940
7943,170940
7944,170940
7945,170940
7946,170940
7947,170940
7948,170940
7949,170940
7950,170940
7951,170940
7952,170940
7953,170940
7954,170940
7955,170940
7956,170940
7957,170940
7958,170940
7959,170940
7960,170940
7961,170940
7962,170940
7963,170940
7964,170940
7965,170940
7966,170940
7967,170940
7968,170940
7969,170940
7970,170940
7971,170940
7972,170940
7973,170940
7974,170940
7975,170940
7976,170940
7977,170940
7978,170940
7979,170940
7980,170940
7981,170940
7982,170940
7983,170940
7984,170940
7985,170940
7986,170940
7987,170940
7988,170940
7989,170940
7990,170940
7991,170940
7992,170940
7993,170940
7994,170940
7995,170940
7996,170940
7997,170940
7998,170940
7999,170940
8000,170940
8001,170940
8002,170940
8003,170940
8004,170940
8005,170940
8006,170940
8007,170940
8008,170940
8009,170940
8010,170940
8011,170940
8012,170940
8013,170940
8014,170940
8015,170940
8016,170940
8017,170940
8018,170940
8019,170940
8020,170940
8021,170940
8022,170940
8023,170940
8024,170940
8025,170940
8026,170940
8027,170940
8028,170940
8029,170940
8030,170940
8031,170940
8032,170940
8033,170940
8034,170940
8035,170940
8036,170940
8037,170940
8038,170940
8039,170940
8040,170940
8041,170940
8042,170940
8043,170940
8044,170940
8045,170940
8046,170940
8047,170940
8048,170940
8049,170940
8050,170940
8051,170940
8052,170940
8053,170940
8054,170940
8055,170940
8056,170940
8057,170940
8058,170940
8059,170940
8060,170940
8061,170940
8062,170940
8063,170940
8064,170940
8065,170940
8066,170940
8067,170940
8068,170940
8069,170940
8070,170940
8071,170940
8072,170940
8073,170940
8074,170940
8075,170940
8076,170940
8077,170940
8078,170940
8079,170940
8080,170940
8081,170940
8082,170940
8083,170940
8084,170940
8085,170940
8086,170940
8087,170940
8088,170940
8089,170940
8090,170940
8091,170940
8092,170940
8093,170940
8094,170940
8095,170940
8096,170940
8097,170940
8098,170940
8099,170940
8100,170940
8101,170940
8102,170940
8103,170940
8104,170940
8105,170940
8106,170940
8107,170940
8108,170940
8109,170940
8110,170940
8111,170940
8112,170940
8113,170940
8114,170940
8115,170940
8116,170940
8117,170940
8118,170940
8119,170940
8120,170940
8121,170940
8122,170940
8123,170940
8124,170940
8125,170940
8126,170940
8127,170940
8128,170940
8129,170940
8130,170940
8131,170940
8132,170940
8133,170940
8134,170940
8135,170940
8136,170940
8137,170940
8138,170940
8139,170940
8140,170940
8141,170940
8142,170940
8143,170940
8144,170940
8145,170940
8146,170940
8147,170940
8148,170940
8149,170940
8150,170940
8151,170940
8152,170940
8153,170940
8154,170940
8155,170940
8156,170940
8157,170940
8158,170940
8159,170940
8160,170940
8161,170940
8162,170940
8163,170940
8164,170940
8165,170940
8166,170940
8167,170940
8168,170940
8169,170940
8170,170940
8171,170940
8172,170940
8173,170940
8174,170940
8175,170940
8176,170940
8177,170940
8178,170940
8179,170940
8180,170940
8181,170940
8182,170940
8183,170940
8184,170940
8185,170940
8186,170940
8187,170940
8188,170940
8189,170940
8190,170940
8191,170940
8192,170940
8193,170940
8194,170940
8195,170940
8196,170940
8197,170940
8198,170940
8199,170940
8200,170940
8201,170940
8202,170940
8203,170940
8204,170940
8205,170940
8206,170940
8207,170940
8208,170940
8209,170940
8210,170940
8211,170940
8212,170940
8213,170940
8214,170940
8215,170940
8216,170940
8217,170940
8218,170940
8219,170940
8220,170940
8221,170940
8222,170940
8223,170940
8224,170940
8225,170940
8226,170940
8227,170940
8228,170940
8229,170940
8230,170940
8231,170940
8232,170940
8233,170940
8234,170940
8235,170940
8236,170940
8237,170940
8238,170940
8239,170940
8240,170940
8241,170940
8242,170940
8243,170940
8244,170940
8245,170940
8246,170940
8247,170940
8248,170940
8249,170940
8250,170940
8251,170940
8252,170940
8253,170940
8254,170940
8255,170940
8256,170940
8257,170940
8258,170940
8259,170940
8260,170940
8261,170940
8262,170940
8263,170940
8264,170940
8265,170940
8266,170940
8267,170940
8268,170940
8269,170940
8270,170940
8271,170940
8272,170940
8273,170940
8274,170940
8275,170940
8276,170940
8277,170940
8278,170940
8279,170940
8280,170940
8281,170940
8282,170940
8283,170940
8284,170940
8285,170940
8286,170940
8287,170940
8288,170940
8289,170940
8290,170940
8291,170940
8292,170940
8293,170940
8294,170940
8295,170940
8296,170940
8297,170940
8298,170940
8299,170940
8300,170940
8301,170940
8302,170940
8303,170940
8304,170940
8305,170940
8306,170940
8307,170940
8308,170940
8309,170940
8310,170940
8311,170940
8312,170940
8313,170940
8314,170940
8315,170940
8316,170940
8317,170940
8318,170940
8319,170940
8320,170940
8321,170940
8322,170940
8323,170940
8324,170940
8325,170940
8326,170940
8327,170940
8328,170940
8329,170940
8330,170940
8331,170940
8332,170940
8333,170940
8334,170940
8335,170940
8336,170940
8337,170940
8338,170940
8339,170940
8340,170940
8341,170940
8342,170940
8343,170940
8344,170940
8345,170940
8346,170940
8347,170940
8348,170940
8349,170940
8350,170940
8351,170940
8352,170940
8353,170940
8354,170940
8355,170940
8356,170940
8357,170940
8358,170940
8359,170940
8360,170940
8361,170940
8362,170940
8363,170940
8364,170940
8365,170940
8366,170940
8367,170940
8368,170940
8369,170940
8370,170940
8371,170940
8372,170940
8373,170940
8374,170940
8375,170940
8376,170940
8377,170940
8378,170940
8379,170940
8380,170940
8381,170940
8382,170940
8383,170940
8384,170940
8385,170940
8386,170940
8387,170940
8388,170940
8389,170940
8390,170940
8391,170940
8392,170940
8393,170940
8394,170940
8395,170940
8396,170940
8397,170940
8398,170940
8399,170940
8400,170940
8401,170940
8402,170940
8403,170940
8404,170940
8405,170940
8406,170940
8407,170940
8408,170940
8409,170940
8410,170940
8411,170940
8412,170940
8413,170940
8414,170940
8415,170940
8416,170940
8417,170940
8418,170940
8419,170940
8420,170940
8421,170940
8422,170940
8423,170940
8424,170940
8425,170940
8426,170940
8427,170940
8428,170940
8429,170940
8430,170940
8431,170940
8432,170940
8433,170940
8434,170940
8435,170940
8436,170940
8437,170940
8438,170940
8439,170940
8440,170940
8441,170940
8442,170940
8443,170940
8444,170940
8445,170940
8446,170940
8447,170940
8448,170940
8449,170940
8450,170940
8451,170940
8452,170940
8453,170940
8454,170940
8455,170940
8456,170940
8457,170940
8458,170940
8459,170940
8460,170940
8461,170940
8462,170940
8463,170940
8464,170940
8465,170940
8466,170940
8467,170940
8468,170940
8469,170940
8470,170940
8471,170940
8472,170940
8473,170940
8474,170940
8475,170940
8476,170940
8477,170940
8478,170940
8479,170940
8480,170940
8481,170940
8482,170940
8483,170940
8484,170940
8485,170940
8486,170940
8487,170940
8488,170940
8489,170940
8490,170940
8491,170940
8492,170940
8493,170940
8494,170940
8495,170940
8496,170940
8497,170940
8498,170940
8499,170940
8500,170940
8501,170940
8502,170940
8503,170940
8504,170940
8505,170940
8506,170940
8507,170940
8508,170940
8509,170940
8510,170940
8511,170940
8512,170940
8513,170940
8514,170940
8515,170940
8516,170940
8517,170940
8518,170940
8519,170940
8520,170940
8521,170940
8522,170940
8523,170940
8524,170940
8525,170940
8526,170940
8527,170940
8528,170940
8529,170940
8530,170940
8531,170940
8532,170940
8533,170940
8534,170940
8535,170940
8536,170940
8537,170940
8538,170940
8539,170940
8540,170940
8541,170940
8542,170940
8543,170940
8544,170940
8545,170940
8546,170940
8547,170940
8548,170940
8549,170940
8550,170940
8551,170940
8552,170940
8553,170940
8554,170940
8555,170940
8556,170940
8557,170940
8558,170940
8559,170940
8560,170940
8561,170940
8562,170940
8563,170940
8564,170940
8565,170940
8566,170940
8567,170940
8568,170940
8569,170940
8570,170940
8571,170940
8572,170940
8573,170940
8574,170940
8575,170940
8576,170940
8577,170940
8578,170940
8579,170940
8580,170940
8581,170940
8582,170940
8583,170940
8584,170940
8585,170940
8586,170940
8587,170940
8588,170940
8589,170940
8590,170940
8591,170940
8592,170940
8593,170940
8594,170940
8595,170940
8596,170940
8597,170940
8598,170940
8599,170940
8600,170940
8601,170940
8602,170940
8603,170940
8604,170940
8605,170940
8606,170940
8607,170940
8608,170940
8609,170940
8610,170940
8611,170940
8612,170940
8613,170940
8614,170940
8615,170940
8616,170940
8617,170940
8618,170940
8619,170940
8620,170940
8621,170940
8622,170940
8623,170940
8624,170940
8625,170940
8626,170940
8627,170940
8628,170940
8629,170940
8630,170940
8631,170940
8632,170940
8633,170940
8634,170940
8635,170940
8636,170940
8637,170940
8638,170940
8639,170940
8640,170940
8641,170940
8642,170940
8643,170940
8644,170940
8645,170940
8646,170940
8647,170940
8648,170940
8649,170940
8650,170940
8651,170940
8652,170940
8653,170940
8654,170940
8655,170940
8656,170940
8657,170940
8658,170940
8659,170940
8660,170940
8661,170940
8662,170940
8663,170940
8664,170940
8665,170940
8666,170940
8667,170940
8668,170940
8669,170940
8670,170940
8671,170940
8672,170940
8673,170940
8674,170940
8675,170940
8676,170940
8677,170940
8678,170940
8679,170940
8680,170940
8681,170940
8682,170940
8683,170940
8684,170940
8685,170940
8686,170940
8687,170940
8688,170940
8689,170940
8690,170940
8691,170940
8692,170940
8693,170940
8694,170940
8695,170940
8696,170940
8697,170940
8698,170940
8699,170940
8700,170940
8701,170940
8702,170940
8703,170940
8704,170940
8705,170940
8706,170940
8707,170940
8708,170940
8709,170940
8710,170940
8711,170940
8712,170940
8713,170940
8714,170940
8715,170940
8716,170940
8717,170940
8718,170940
8719,170940
8720,170940
8721,170940
8722,170940
8723,170940
8724,170940
8725,170940
8726,170940
8727,170940
8728,170940
8729,170940
8730,170940
8731,170940
8732,170940
8733,170940
8734,170940
8735,170940
8736,170940
8737,170940
8738,170940
8739,170940
8740,170940
8741,170940
8742,170940
8743,170940
8744,170940
8745,170940
8746,170940
8747,170940
8748,170940
8749,170940
8750,170940
8751,170940
8752,170940
8753,170940
8754,170940
8755,170940
8756,170940
8757,170940
8758,170940
8759,170940
8760,170940
8761,170940
8762,170940
8763,170940
8764,170940
8765,170940
8766,170940
8767,170940
8768,170940
8769,170940
8770,170940
8771,170940
8772,170940
8773,170940
8774,170940
8775,170940
8776,170940
8777,170940
8778,170940
8779,170940
8780,170940
8781,170940
8782,170940
8783,170940
8784,170940
8785,170940
8786,170940
8787,170940
8788,170940
8789,170940
8790,170940
8791,170940
8792,170940
8793,170940
8794,170940
8795,170940
8796,170940
8797,170940
8798,170940
8799,170940
8800,170940
8801,170940
8802,170940
8803,170940
8804,170940
8805,170940
8806,170940
8807,170940
8808,170940
8809,170940
8810,170940
8811,170940
8812,170940
8813,170940
8814,170940
8815,170940
8816,170940
8817,170940
8818,170940
8819,170940
8820,170940
8821,170940
8822,170940
8823,170940
8824,170940
8825,170940
8826,170940
8827,170940
8828,170940
8829,170940
8830,170940
8831,170940
8832,170940
8833,170940
8834,170940
8835,170940
8836,170940
8837,170940
8838,170940
8839,170940
8840,170940
8841,170940
8842,170940
8843,170940
8844,170940
8845,170940
8846,170940
8847,170940
8848,170940
8849,170940
8850,170940
8851,170940
8852,170940
8853,170940
8854,170940
8855,170940
8856,170940
8857,170940
8858,170940
8859,170940
8860,170940
8861,170940
8862,170940
8863,170940
8864,170940
8865,170940
8866,170940
8867,170940
8868,170940
8869,170940
8870,170940
8871,170940
8872,170940
8873,170940
8874,170940
8875,170940
8876,170940
8877,170940
8878,170940
8879,170940
8880,170940
8881,170940
8882,170940
8883,170940
8884,170940
8885,170940
8886,170940
8887,170940
8888,170940
8889,170940
8890,170940
8891,170940
8892,170940
8893,170940
8894,170940
8895,170940
8896,170940
8897,170940
8898,170940
8899,170940
8900,170940
8901,170940
8902,170940
8903,170940
8904,170940
8905,170940
8906,170940
8907,170940
8908,170940
8909,170940
8910,170940
8911,170940
8912,170940
8913,170940
8914,170940
8915,170940
8916,170940
8917,170940
8918,170940
8919,170940
8920,170940
8921,170940
8922,170940
8923,170940
8924,170940
8925,170940
8926,170940
8927,170940
8928,170940
8929,170940
8930,170940
8931,170940
8932,170940
8933,170940
8934,170940
8935,170940
8936,170940
8937,170940
8938,170940
8939,170940
8940,170940
8941,170940
8942,170940
8943,170940
8944,170940
8945,170940
8946,170940
8947,170940
8948,170940
8949,170940
8950,170940
8951,170940
8952,170940
8953,170940
8954,170940
8955,170940
8956,170940
8957,170940
8958,170940
8959,170940
8960,170940
8961,170940
8962,170940
8963,170940
8964,170940
8965,170940
8966,170940
8967,170940
8968,170940
8969,170940
8970,170940
8971,170940
8972,170940
8973,170940
8974,170940
8975,170940
8976,170940
8977,170940
8978,170940
8979,170940
8980,170940
8981,170940
8982,170940
8983,170940
8984,170940
8985,170940
8986,170940
8987,170940
8988,170940
8989,170940
8990,170940
8991,170940
8992,170940
8993,170940
8994,170940
8995,170940
8996,170940
8997,170940
8998,170940
8999,170940
9000,170940
9001,170940
9002,170940
9003,170940
9004,170940
9005,170940
9006,170940
9007,170940
9008,170940
9009,170940
9010,170940
9011,170940
9012,170940
9013,170940
9014,170940
9015,170940
9016,170940
9017,170940
9018,170940
9019,170940
9020,170940
9021,170940
9022,170940
9023,170940
9024,170940
9025,170940
9026,170940
9027,170940
9028,170940
9029,170940
9030,170940
9031,170940
9032,170940
9033,170940
9034,170940
9035,170940
9036,170940
9037,170940
9038,170940
9039,170940
9040,170940
9041,170940
9042,170940
9043,170940
9044,170940
9045,170940
9046,170940
9047,170940
9048,170940
9049,170940
9050,170940
9051,170940
9052,170940
9053,170940
9054,170940
9055,170940
9056,170940
9057,170940
9058,170940
9059,170940
9060,170940
9061,170940
9062,170940
9063,170940
9064,170940
9065,170940
9066,170940
9067,170940
9068,170940
9069,170940
9070,170940
9071,170940
9072,170940
9073,170940
9074,170940
9075,170940
9076,170940
9077,170940
9078,170940
9079,170940
9080,170940
9081,170940
9082,170940
9083,170940
9084,170940
9085,170940
9086,170940
9087,170940
9088,170940
9089,170940
9090,170940
9091,170940
9092,170940
9093,170940
9094,170940
9095,170940
9096,170940
9097,170940
9098,170940
9099,170940
9100,170940
9101,170940
9102,170940
9103,170940
9104,170940
9105,170940
9106,170940
9107,170940
9108,170940
9109,170940
9110,170940
9111,170940
9112,170940
9113,170940
9114,170940
9115,170940
9116,170940
9117,170940
9118,170940
9119,170940
9120,170940
9121,170940
9122,170940
9123,170940
9124,170940
9125,170940
9126,170940
9127,170940
9128,170940
9129,170940
9130,170940
9131,170940
9132,170940
9133,170940
9134,170940
9135,170940
9136,170940
9137,170940
9138,170940
9139,170940
9140,170940
9141,170940
9142,170940
9143,170940
9144,170940
9145,170940
9146,170940
9147,170940
9148,170940
9149,170940
9150,170940
9151,170940
9152,170940
9153,170940
9154,170940
9155,170940
9156,170940
9157,170940
9158,170940
9159,170940
9160,170940
9161,170940
9162,170940
9163,170940
9164,170940
9165,170940
9166,170940
9167,170940
9168,170940
9169,170940
9170,170940
9171,170940
9172,170940
9173,170940
9174,170940
9175,170940
9176,170940
9177,170940
9178,170940
9179,170940
9180,170940
9181,170940
9182,170940
9183,170940
9184,170940
9185,170940
9186,170940
9187,170940
9188,170940
9189,170940
9190,170940
9191,170940
9192,170940
9193,170940
9194,170940
9195,170940
9196,170940
9197,170940
9198,170940
9199,170940
9200,170940
9201,170940
9202,170940
9203,170940
9204,170940
9205,170940
9206,170940
9207,170940
9208,170940
9209,170940
9210,170940
9211,170940
9212,170940
9213,170940
9214,170940
9215,170940
9216,170940
9217,170940
9218,170940
9219,170940
9220,170940
9221,170940
9222,170940
9223,170940
9224,170940
9225,170940
9226,170940
9227,170940
9228,170940
9229,170940
9230,170940
9231,170940
9232,170940
9233,170940
9234,170940
9235,170940
9236,170940
9237,170940
9238,170940
9239,170940
9240,170940
9241,170940
9242,170940
9243,170940
9244,170940
9245,170940
9246,170940
9247,170940
9248,170940
9249,170940
9250,170940
9251,170940
9252,170940
9253,170940
9254,170940
9255,170940
9256,170940
9257,170940
9258,170940
9259,170940
9260,170940
9261,170940
9262,170940
9263,170940
9264,170940
9265,170940
9266,170940
9267,170940
9268,170940
9269,170940
9270,170940
9271,170940
9272,170940
9273,170940
9274,170940
9275,170940
9276,170940
9277,170940
9278,170940
9279,170940
9280,170940
9281,170940
9282,170940
9283,170940
9284,170940
9285,170940
9286,170940
9287,170940
9288,170940
9289,170940
9290,170940
9291,170940
9292,170940
9293,170940
9294,170940
9295,170940
9296,170940
9297,170940
9298,170940
9299,170940
9300,170940
9301,170940
9302,170940
9303,170940
9304,170940
9305,170940
9306,170940
9307,170940
9308,170940
9309,170940
9310,170940
9311,170940
9312,170940
9313,170940
9314,170940
9315,170940
9316,170940
9317,170940
9318,170940
9319,170940
9320,170940
9321,170940
9322,170940
9323,170940
9324,170940
9325,170940
9326,170940
9327,170940
9328,170940
9329,170940
9330,170940
9331,170940
9332,170940
9333,170940
9334,170940
9335,170940
9336,170940
9337,170940
9338,170940
9339,170940
9340,170940
9341,170940
9342,170940
9343,170940
9344,170940
9345,170940
9346,170940
9347,170940
9348,170940
9349,170940
9350,170940
9351,170940
9352,170940
9353,170940
9354,170940
9355,170940
9356,170940
9357,170940
9358,170940
9359,170940
9360,170940
9361,170940
9362,170940
9363,170940
9364,170940
9365,170940
9366,170940
9367,170940
9368,170940
9369,170940
9370,170940
9371,170940
9372,170940
9373,170940
9374,170940
9375,170940
9376,170940
9377,170940
9378,170940
9379,170940
9380,170940
9381,170940
9382,170940
9383,170940
9384,170940
9385,170940
9386,170940
9387,170940
9388,170940
9389,170940
9390,170940
9391,170940
9392,170940
9393,170940
9394,170940
9395,170940
9396,170940
9397,170940
9398,170940
9399,170940
9400,170940
9401,170940
9402,170940
9403,170940
9404,170940
9405,170940
9406,170940
9407,170940
9408,170940
9409,170940
9410,170940
9411,170940
9412,170940
9413,170940
9414,170940
9415,170940
9416,170940
9417,170940
9418,170940
9419,170940
9420,170940
9421,170940
9422,170940
9423,170940
9424,170940
9425,170940
9426,170940
9427,170940
9428,170940
9429,170940
9430,170940
9431,170940
9432,170940
9433,170940
9434,170940
9435,170940
9436,170940
9437,170940
9438,170940
9439,170940
9440,170940
9441,170940
9442,170940
9443,170940
9444,170940
9445,170940
9446,170940
9447,170940
9448,170940
9449,170940
9450,170940
9451,170940
9452,170940
9453,170940
9454,170940
9455,170940
9456,170940
9457,170940
9458,170940
9459,170940
9460,170940
9461,170940
9462,170940
9463,170940
9464,170940
9465,170940
9466,170940
9467,170940
9468,170940
9469,170940
9470,170940
9471,170940
9472,170940
9473,170940
9474,170940
9475,170940
9476,170940
9477,170940
9478,170940
9479,170940
9480,170940
9481,170940
9482,170940
9483,170940
9484,170940
9485,170940
9486,170940
9487,170940
9488,170940
9489,170940
9490,170940
9491,170940
9492,170940
9493,170940
9494,170940
9495,170940
9496,170940
9497,170940
9498,170940
9499,170940
9500,170940
9501,170940
9502,170940
9503,170940
9504,170940
9505,170940
9506,170940
9507,170940
9508,170940
9509,170940
9510,170940
9511,170940
9512,170940
9513,170940
9514,170940
9515,170940
9516,170940
9517,170940
9518,170940
9519,170940
9520,170940
9521,170940
9522,170940
9523,170940
9524,170940
9525,170940
9526,170940
9527,170940
9528,170940
9529,170940
9530,170940
9531,170940
9532,170940
9533,170940
9534,170940
9535,170940
9536,170940
9537,170940
9538,170940
9539,170940
9540,170940
9541,170940
9542,170940
9543,170940
9544,170940
9545,170940
9546,170940
9547,170940
9548,170940
9549,170940
9550,170940
9551,170940
9552,170940
9553,170940
9554,170940
9555,170940
9556,170940
9557,170940
9558,170940
9559,170940
9560,170940
9561,170940
9562,170940
9563,170940
9564,170940
9565,170940
9566,170940
9567,170940
9568,170940
9569,170940
9570,170940
9571,170940
9572,170940
9573,170940
9574,170940
9575,170940
9576,170940
9577,170940
9578,170940
9579,170940
9580,170940
9581,170940
9582,170940
9583,170940
9584,170940
9585,170940
9586,170940
9587,170940
9588,170940
9589,170940
9590,170940
9591,170940
9592,170940
9593,170940
9594,170940
9595,170940
9596,170940
9597,170940
9598,170940
9599,170940
9600,170940
9601,170940
9602,170940
9603,170940
9604,170940
9605,170940
9606,170940
9607,170940
9608,170940
9609,170940
9610,170940
9611,170940
9612,170940
9613,170940
9614,170940
9615,170940
9616,170940
9617,170940
9618,170940
9619,170940
9620,170940
9621,170940
9622,170940
9623,170940
9624,170940
9625,170940
9626,170940
9627,170940
9628,170940
9629,170940
9630,170940
9631,170940
9632,170940
9633,170940
9634,170940
9635,170940
9636,170940
9637,170940
9638,170940
9639,170940
9640,170940
9641,170940
9642,170940
9643,170940
9644,170940
9645,170940
9646,170940
9647,170940
9648,170940
9649,170940
9650,170940
9651,170940
9652,170940
9653,170940
9654,170940
9655,170940
9656,170940
9657,170940
9658,170940
9659,170940
9660,170940
9661,170940
9662,170940
9663,170940
9664,170940
9665,170940
9666,170940
9667,170940
9668,170940
9669,170940
9670,170940
9671,170940
9672,170940
9673,170940
9674,170940
9675,170940
9676,170940
9677,170940
9678,170940
9679,170940
9680,170940
9681,170940
9682,170940
9683,170940
9684,170940
9685,170940
9686,170940
9687,170940
9688,170940
9689,170940
9690,170940
9691,170940
9692,170940
9693,170940
9694,170940
9695,170940
9696,170940
9697,170940
9698,170940
9699,170940
9700,170940
9701,170940
9702,170940
9703,170940
9704,170940
9705,170940
9706,170940
9707,170940
9708,170940
9709,170940
9710,170940
9711,170940
9712,170940
9713,170940
9714,170940
9715,170940
9716,170940
9717,170940
9718,170940
9719,170940
9720,170940
9721,170940
9722,170940
9723,170940
9724,170940
9725,170940
9726,170940
9727,170940
9728,170940
9729,170940
9730,170940
9731,170940
9732,170940
9733,170940
9734,170940
9735,170940
9736,170940
9737,170940
9738,170940
9739,170940
9740,170940
9741,170940
9742,170940
9743,170940
9744,170940
9745,170940
9746,170940
9747,170940
9748,170940
9749,170940
9750,170940
9751,170940
9752,170940
9753,170940
9754,170940
9755,170940
9756,170940
9757,170940
9758,170940
9759,170940
9760,170940
9761,170940
9762,170940
9763,170940
9764,170940
9765,170940
9766,170940
9767,170940
9768,170940
9769,170940
9770,170940
9771,170940
9772,170940
9773,170940
9774,170940
9775,170940
9776,170940
9777,170940
9778,170940
9779,170940
9780,170940
9781,170940
9782,170940
9783,170940
9784,170940
9785,170940
9786,170940
9787,170940
9788,170940
9789,170940
9790,170940
9791,170940
9792,170940
9793,170940
9794,170940
9795,170940
9796,170940
9797,170940
9798,170940
9799,170940
9800,170940
9801,170940
9802,170940
9803,170940
9804,170940
9805,170940
9806,170940
9807,170940
9808,170940
9809,170940
9810,170940
9811,170940
9812,170940
9813,170940
9814,170940
9815,170940
9816,170940
9817,170940
9818,170940
9819,170940
9820,170940
9821,170940
9822,170940
9823,170940
9824,170940
9825,170940
9826,170940
9827,170940
9828,170940
9829,170940
9830,170940
9831,170940
9832,170940
9833,170940
9834,170940
9835,170940
9836,170940
9837,170940
9838,170940
9839,170940
9840,170940
9841,170940
9842,170940
9843,170940
9844,170940
9845,170940
9846,170940
9847,170940
9848,170940
9849,170940
9850,170940
9851,170940
9852,170940
9853,170940
9854,170940
9855,170940
9856,170940
9857,170940
9858,170940
9859,170940
9860,170940
9861,170940
9862,170940
9863,170940
9864,170940
9865,170940
9866,170940
9867,170940
9868,170940
9869,170940
9870,170940
9871,170940
9872,170940
9873,170940
9874,170940
9875,170940
9876,170940
9877,170940
9878,170940
9879,170940
9880,170940
9881,170940
9882,170940
9883,170940
9884,170940
9885,170940
9886,170940
9887,170940
9888,170940
9889,170940
9890,170940
9891,170940
9892,170940
9893,170940
9894,170940
9895,170940
9896,170940
9897,170940
9898,170940
9899,170940
9900,170940
9901,170940
9902,170940
9903,170940
9904,170940
9905,170940
9906,170940
9907,170940
9908,170940
9909,170940
9910,170940
9911,170940
9912,170940
9913,170940
9914,170940
9915,170940
9916,170940
9917,170940
9918,170940
9919,170940
9920,170940
9921,170940
9922,170940
9923,170940
9924,170940
9925,170940
9926,170940
9927,170940
9928,170940
9929,170940
9930,170940
9931,170940
9932,170940
9933,170940
9934,170940
9935,170940
9936,170940
9937,170940
9938,170940
9939,170940
9940,170940
9941,170940
9942,170940
9943,170940
9944,170940
9945,170940
9946,170940
9947,170940
9948,170940
9949,170940
9950,170940
9951,170940
9952,170940
9953,170940
9954,170940
9955,170940
9956,170940
9957,170940
9958,170940
9959,170940
9960,170940
9961,170940
9962,170940
9963,170940
9964,170940
9965,170940
9966,170940
9967,170940
9968,170940
9969,170940
9970,170940
9971,170940
9972,170940
9973,170940
9974,170940
9975,170940
9976,170940
9977,170940
9978,170940
9979,170940
9980,170940
9981,170940
9982,170940
9983,170940
9984,170940
9985,170940
9986,170940
9987,170940
9988,170940
9989,170940
9990,170940
9991,170940
9992,170940
9993,170940
9994,170940
9995,170940
9996,170940
9997,170940
9998,170940
9999,170940
10000,170940
10001,170940
10002,170940
10003,170940
10004,170940
10005,170940
10006,170940
10007,170940
10008,170940
10009,170940
10010,170940
10011,170940
10012,170940
10013,170940
10014,170940
10015,170940
10016,170940
10017,170940
10018,170940
10019,170940
10020,170940
10021,170940
10022,170940
10023,170940
10024,170940
10025,170940
10026,170940
10027,170940
10028,170940
10029,170940
10030,170940
10031,170940
10032,170940
10033,170940
10034,170940
10035,170940
10036,170940
10037,170940
10038,170940
10039,170940
10040,170940
10041,170940
10042,170940
10043,170940
10044,170940
10045,170940
10046,170940
10047,170940
10048,170940
10049,170940
10050,170940
10051,170940
10052,170940
10053,170940
10054,170940
10055,170940
10056,170940
10057,170940
10058,170940
10059,170940
10060,170940
10061,170940
10062,170940
10063,170940
10064,170940
10065,170940
10066,170940
10067,170940
10068,170940
10069,170940
10070,170940
10071,170940
10072,170940
10073,170940
10074,170940
10075,170940
10076,170940
10077,170940
10078,170940
10079,170940
10080,170940
10081,170940
10082,170940
10083,170940
10084,170940
10085,170940
10086,170940
10087,170940
10088,170940
10089,170940
10090,170940
10091,170940
10092,170940
10093,170940
10094,170940
10095,170940
10096,170940
10097,170940
10098,170940
10099,170940
10100,170940
10101,170940
10102,170940
10103,170940
10104,170940
10105,170940
10106,170940
10107,170940
10108,170940
10109,170940
10110,170940
10111,170940
10112,170940
10113,170940
10114,170940
10115,170940
10116,170940
10117,170940
10118,170940
10119,170940
10120,170940
10121,170940
10122,170940
10123,170940
10124,170940
10125,170940
10126,170940
10127,170940
10128,170940
10129,170940
10130,170940
10131,170940
10132,170940
10133,170940
10134,170940
10135,170940
10136,170940
10137,170940
10138,170940
10139,170940
10140,170940
10141,170940
10142,170940
10143,170940
10144,170940
10145,170940
10146,170940
10147,170940
10148,170940
10149,170940
10150,170940
10151,170940
10152,170940
10153,170940
10154,170940
10155,170940
10156,170940
10157,170940
10158,170940
10159,170940
10160,170940
10161,170940
10162,170940
10163,170940
10164,170940
10165,170940
10166,170940
10167,170940
10168,170940
10169,170940
10170,170940
10171,170940
10172,170940
10173,170940
10174,170940
10175,170940
10176,170940
10177,170940
10178,170940
10179,170940
10180,170940
10181,170940
10182,170940
10183,170940
10184,170940
10185,170940
10186,170940
10187,170940
10188,170940
10189,170940
10190,170940
10191,170940
10192,170940
10193,170940
10194,170940
10195,170940
10196,170940
10197,170940
10198,170940
10199,170940
10200,170940
10201,170940
10202,170940
10203,170940
10204,170940
10205,170940
10206,170940
10207,170940
10208,170940
10209,170940
10210,170940
10211,170940
10212,170940
10213,170940
10214,170940
10215,170940
10216,170940
10217,170940
10218,170940
10219,170940
10220,170940
10221,170940
10222,170940
10223,170940
10224,170940
10225,170940
10226,170940
10227,170940
10228,170940
10229,170940
10230,170940
10231,170940
10232,170940
10233,170940
10234,170940
10235,170940
10236,170940
10237,170940
10238,170940
10239,170940
10240,170940
10241,170940
10242,170940
10243,170940
10244,170940
10245,170940
10246,170940
10247,170940
10248,170940
10249,170940
10250,170940
10251,170940
10252,170940
10253,170940
10254,170940
10255,170940
10256,170940
10257,170940
10258,170940
10259,170940
10260,170940
10261,170940
10262,170940
10263,170940
10264,170940
10265,170940
10266,170940
10267,170940
10268,170940
10269,170940
10270,170940
10271,170940
10272,170940
10273,170940
10274,170940
10275,170940
10276,170940
10277,170940
10278,170940
10279,170940
10280,170940
10281,170940
10282,170940
10283,170940
10284,170940
10285,170940
10286,170940
10287,170940
10288,170940
10289,170940
10290,170940
10291,170940
10292,170940
10293,170940
10294,170940
10295,170940
10296,170940
10297,170940
10298,170940
10299,170940
10300,170940
10301,170940
10302,170940
10303,170940
10304,170940
10305,170940
10306,170940
10307,170940
10308,170940
10309,170940
10310,170940
10311,170940
10312,170940
10313,170940
10314,170940
10315,170940
10316,170940
10317,170940
10318,170940
10319,170940
10320,170940
10321,170940
10322,170940
10323,170940
10324,170940
10325,170940
10326,170940
10327,170940
10328,170940
10329,170940
10330,170940
10331,170940
10332,170940
10333,170940
10334,170940
10335,170940
10336,170940
10337,170940
10338,170940
10339,170940
10340,170940
10341,170940
10342,170940
10343,170940
10344,170940
10345,170940
10346,170940
10347,170940
10348,170940
10349,170940
10350,170940
10351,170940
10352,170940
10353,170940
10354,170940
10355,170940
10356,170940
10357,170940
10358,170940
10359,170940
10360,170940
10361,170940
10362,170940
10363,170940
10364,170940
10365,170940
10366,170940
10367,170940
10368,170940
10369,170940
10370,170940
10371,170940
10372,170940
10373,170940
10374,170940
10375,170940
10376,170940
10377,170940
10378,170940
10379,170940
10380,170940
10381,170940
10382,170940
10383,170940
10384,170940
10385,170940
10386,170940
10387,170940
10388,170940
10389,170940
10390,170940
10391,170940
10392,170940
10393,170940
10394,170940
10395,170940
10396,170940
10397,170940
10398,170940
10399,170940
10400,170940
10401,170940
10402,170940
10403,170940
10404,170940
10405,170940
10406,170940
10407,170940
10408,170940
10409,170940
10410,170940
10411,170940
10412,170940
10413,170940
10414,170940
10415,170940
10416,170940
10417,170940
10418,170940
10419,170940
10420,170940
10421,170940
10422,170940
10423,170940
10424,170940
10425,170940
10426,170940
10427,170940
10428,170940
10429,170940
10430,170940
10431,170940
10432,170940
10433,170940
10434,170940
10435,170940
10436,170940
10437,170940
10438,170940
10439,170940
10440,170940
10441,170940
10442,170940
10443,170940
10444,170940
10445,170940
10446,170940
10447,170940
10448,170940
10449,170940
10450,170940
10451,170940
10452,170940
10453,170940
10454,170940
10455,170940
10456,170940
10457,170940
10458,170940
10459,170940
10460,170940
10461,170940
10462,170940
10463,170940
10464,170940
10465,170940
10466,170940
10467,170940
10468,170940
10469,170940
10470,170940
10471,170940
10472,170940
10473,170940
10474,170940
10475,170940
10476,170940
10477,170940
10478,170940
10479,170940
10480,170940
10481,170940
10482,170940
10483,170940
10484,170940
10485,170940
10486,170940
10487,170940
10488,170940
10489,170940
10490,170940
10491,170940
10492,170940
10493,170940
10494,170940
10495,170940
10496,170940
10497,170940
10498,170940
10499,170940
10500,170940
10501,170940
10502,170940
10503,170940
10504,170940
10505,170940
10506,170940
10507,170940
10508,170940
10509,170940
10510,170940
10511,170940
10512,170940
10513,170940
10514,170940
10515,170940
10516,170940
10517,170940
10518,170940
10519,170940
10520,170940
10521,170940
10522,170940
10523,170940
10524,170940
10525,170940
10526,170940
10527,170940
10528,170940
10529,170940
10530,170940
10531,170940
10532,170940
10533,170940
10534,170940
10535,170940
10536,170940
10537,170940
10538,170940
10539,170940
10540,170940
10541,170940
10542,170940
10543,170940
10544,170940
10545,170940
10546,170940
10547,170940
10548,170940
10549,170940
10550,170940
10551,170940
10552,170940
10553,170940
10554,170940
10555,170940
10556,170940
10557,170940
10558,170940
10559,170940
10560,170940
10561,170940
10562,170940
10563,170940
10564,170940
10565,170940
10566,170940
10567,170940
10568,170940
10569,170940
10570,170940
10571,170940
10572,170940
10573,170940
10574,170940
10575,170940
10576,170940
10577,170940
10578,170940
10579,170940
10580,170940
10581,170940
10582,170940
10583,170940
10584,170940
10585,170940
10586,170940
10587,170940
10588,170940
10589,170940
10590,170940
10591,170940
10592,170940
10593,170940
10594,170940
10595,170940
10596,170940
10597,170940
10598,170940
10599,170940
10600,170940
10601,170940
10602,170940
10603,170940
10604,170940
10605,170940
10606,170940
10607,170940
10608,170940
10609,170940
10610,170940
10611,170940
10612,170940
10613,170940
10614,170940
10615,170940
10616,170940
10617,170940
10618,170940
10619,170940
10620,170940
10621,170940
10622,170940
10623,170940
10624,170940
10625,170940
10626,170940
10627,170940
10628,170940
10629,170940
10630,170940
10631,170940
10632,170940
10633,170940
10634,170940
10635,170940
10636,170940
10637,170940
10638,170940
10639,170940
10640,170940
10641,170940
10642,176785
10643,176785
10644,176785
10645,176785
10646,176785
10647,176785
10648,176785
10649,176785
10650,176785
10651,176785
10652,176785
10653,176785
10654,176785
10655,176785
10656,176785
10657,176785
10658,176785
10659,176785
10660,176785
10661,176785
10662,176785
10663,176785
10664,176785
10665,176785
10666,176785
10667,176785
10668,176785
10669,176785
10670,176785
10671,176785
10672,176785
10673,176785
10674,176785
10675,176785
10676,176785
10677,176785
10678,176785
10679,176785
10680,176785
10681,176785
10682,176785
10683,176785
10684,176785
10685,176785
10686,176785
10687,176785
10688,176785
10689,176785
10690,176785
10691,176785
10692,176785
10693,176785
10694,176785
10695,176785
10696,176785
10697,176785
10698,176785
10699,176785
10700,176785
10701,176785
10702,176785
10703,176785
10704,176785
10705,176785
10706,176785
10707,176785
10708,176785
10709,176785
10710,176785
10711,176785
10712,176785
10713,176785
10714,176785
10715,176785
10716,176785
10717,176785
10718,176785
10719,176785
10720,176785
10721,176785
10722,176785
10723,176785
10724,176785
10725,176785
10726,176785
10727,176785
10728,176785
10729,176785
10730,176785
10731,176785
10732,176785
10733,176785
10734,176785
10735,176785
10736,176785
10737,176785
10738,176785
10739,176785
10740,176785
10741,176785
10742,176785
10743,176785
10744,176785
10745,176785
10746,176785
10747,176785
10748,176785
10749,176785
10750,176785
10751,176785
10752,176785
10753,176785
10754,176785
10755,176785
10756,176785
10757,176785
10758,176785
10759,176785
10760,176785
10761,176785
10762,176785
10763,176785
10764,176785
10765,176785
10766,176785
10767,176785
10768,176785
10769,176785
10770,176785
10771,176785
10772,176785
10773,176785
10774,176785
10775,176785
10776,176785
10777,176785
10778,176785
10779,176785
10780,176785
10781,176785
10782,176785
10783,176785
10784,176785
10785,176785
10786,176785
10787,176785
10788,176785
10789,176785
10790,176785
10791,176785
10792,176785
10793,176785
10794,176785
10795,176785
10796,176785
10797,176785
10798,176785
10799,176785
10800,176785
10801,176785
10802,176785
10803,176785
10804,176785
10805,176785
10806,176785
10807,176785
10808,176785
10809,176785
10810,176785
10811,176785
10812,176785
10813,176785
10814,176785
10815,176785
10816,176785
10817,176785
10818,176785
10819,176785
10820,176785
10821,176785
10822,176785
10823,176785
10824,176785
10825,176785
10826,176785
10827,176785
10828,176785
10829,176785
10830,176785
10831,176785
10832,176785
10833,176785
10834,176785
10835,176785
10836,176785
10837,176785
10838,176785
10839,176785
10840,176785
10841,176785
10842,176785
10843,176785
10844,176785
10845,176785
10846,176785
10847,176785
10848,176785
10849,176785
10850,176785
10851,176785
10852,176785
10853,176785
10854,176785
10855,176785
10856,176785
10857,176785
10858,176785
10859,176785
10860,176785
10861,176785
10862,176785
10863,176785
10864,176785
10865,176785
10866,176785
10867,176785
10868,176785
10869,176785
10870,176785
10871,176785
10872,176785
10873,176785
10874,176785
10875,176785
10876,176785
10877,176785
10878,176785
10879,176785
10880,176785
10881,176785
10882,176785
10883,176785
10884,176785
10885,176785
10886,176785
10887,176785
10888,176785
10889,176785
10890,176785
10891,176785
10892,176785
10893,176785
10894,176785
10895,176785
10896,176785
10897,176785
10898,176785
10899,176785
10900,176785
10901,176785
10902,176785
10903,176785
10904,176785
10905,176785
10906,176785
10907,176785
10908,176785
10909,176785
10910,176785
10911,176785
10912,176785
10913,176785
10914,176785
10915,176785
10916,176785
10917,176785
10918,176785
10919,176785
10920,176785
10921,176785
10922,176785
10923,176785
10924,176785
10925,176785
10926,176785
10927,176785
10928,176785
10929,176785
10930,176785
10931,176785
10932,176785
10933,176785
10934,176785
10935,176785
10936,176785
10937,176785
10938,176785
10939,176785
10940,176785
10941,176785
10942,176785
10943,176785
10944,176785
10945,176785
10946,176785
10947,176785
10948,176785
10949,176785
10950,176785
10951,176785
10952,176785
10953,176785
10954,176785
10955,176785
10956,176785
10957,176785
10958,176785
10959,176785
10960,176785
10961,176785
10962,176785
10963,176785
10964,176785
10965,176785
10966,176785
10967,176785
10968,176785
10969,176785
10970,176785
10971,176785
10972,176785
10973,176785
10974,176785
10975,176785
10976,176785
10977,176785
10978,176785
10979,176785
10980,176785
10981,176785
10982,176785
10983,176785
10984,176785
10985,176785
10986,176785
10987,176785
10988,176785
10989,176785
10990,176785
10991,176785
10992,176785
10993,176785
10994,176785
10995,176785
10996,176785
10997,176785
10998,176785
10999,176785
11000,176785
11001,176785
11002,176785
11003,176785
11004,176785
11005,176785
11006,176785
11007,176785
11008,176785
11009,176785
11010,176785
11011,176785
11012,176785
11013,176785
11014,176785
11015,176785
11016,176785
11017,176785
11018,176785
11019,176785
11020,176785
11021,176785
11022,176785
11023,176785
11024,176785
11025,176785
11026,176785
11027,176785
11028,176785
11029,176785
11030,176785
11031,176785
11032,176785
11033,176785
11034,176785
11035,176785
11036,176785
11037,176785
11038,176785
11039,176785
11040,176785
11041,176785
11042,176785
11043,176785
11044,176785
11045,176785
11046,176785
11047,176785
11048,176785
11049,176785
11050,176785
11051,176785
11052,176785
11053,176785
11054,176785
11055,176785
11056,176785
11057,176785
11058,176785
11059,176785
11060,176785
11061,176785
11062,176785
11063,176785
11064,176785
11065,176785
11066,176785
11067,176785
11068,176785
11069,176785
11070,176785
11071,176785
11072,176785
11073,176785
11074,176785
11075,176785
11076,176785
11077,176785
11078,176785
11079,176785
11080,176785
11081,176785
11082,176785
11083,176785
11084,176785
11085,176785
11086,176785
11087,176785
11088,176785
11089,176785
11090,176785
11091,176785
11092,176785
11093,176785
11094,176785
11095,176785
11096,176785
11097,176785
11098,176785
11099,176785
11100,176785
11101,176785
11102,176785
11103,176785
11104,176785
11105,176785
11106,176785
11107,176785
11108,176785
11109,176785
11110,176785
11111,176785
11112,176785
11113,176785
11114,176785
11115,176785
11116,176785
11117,176785
11118,176785
11119,176785
11120,176785
11121,176785
11122,176785
11123,176785
11124,176785
11125,176785
11126,176785
11127,176785
11128,176785
11129,176785
11130,176785
11131,176785
11132,176785
11133,176785
11134,176785
11135,176785
11136,176785
11137,176785
11138,176785
11139,176785
11140,176785
11141,176785
11142,176785
11143,176785
11144,176785
11145,176785
11146,176785
11147,176785
11148,176785
11149,176785
11150,176785
11151,176785
11152,176785
11153,176785
11154,176785
11155,176785
11156,176785
11157,176785
11158,176785
11159,176785
11160,176785
11161,176785
11162,176785
11163,176785
11164,176785
11165,176785
11166,176785
11167,176785
11168,176785
11169,176785
11170,176785
11171,176785
11172,176785
11173,176785
11174,176785
11175,176785
11176,176785
11177,176785
11178,176785
11179,176785
11180,176785
11181,176785
11182,176785
11183,176785
11184,176785
11185,176785
11186,176785
11187,176785
11188,176785
11189,176785
11190,176785
11191,176785
11192,176785
11193,176785
11194,176785
11195,176785
11196,176785
11197,176785
11198,176785
11199,176785
11200,176785
11201,176785
11202,176785
11203,176785
11204,176785
11205,176785
11206,176785
11207,176785
11208,176785
11209,176785
11210,176785
11211,176785
11212,176785
11213,176785
11214,176785
11215,176785
11216,176785
11217,176785
11218,176785
11219,176785
11220,176785
11221,176785
11222,176785
11223,176785
11224,176785
11225,176785
11226,176785
11227,176785
11228,176785
11229,176785
11230,176785
11231,176785
11232,176785
11233,176785
11234,176785
11235,176785
11236,176785
11237,176785
11238,176785
11239,176785
11240,176785
11241,176785
11242,176785
11243,176785
11244,176785
11245,176785
11246,176785
11247,176785
11248,176785
11249,176785
11250,176785
11251,176785
11252,176785
11253,176785
11254,176785
11255,176785
11256,176785
11257,176785
11258,176785
11259,176785
11260,176785
11261,176785
11262,176785
11263,176785
11264,176785
11265,176785
11266,176785
11267,176785
11268,176785
11269,176785
11270,176785
11271,176785
11272,176785
11273,176785
11274,176785
11275,176785
11276,176785
11277,176785
11278,176785
11279,176785
11280,176785
11281,176785
11282,176785
11283,176785
11284,176785
11285,176785
11286,176785
11287,176785
11288,176785
11289,176785
11290,176785
11291,176785
11292,176785
11293,176785
11294,176785
11295,176785
11296,176785
11297,176785
11298,176785
11299,176785
11300,176785
11301,176785
11302,176785
11303,176785
11304,176785
11305,176785
11306,176785
11307,176785
11308,176785
11309,176785
11310,176785
11311,176785
11312,176785
11313,176785
11314,176785
11315,176785
11316,176785
11317,176785
11318,176785
11319,176785
11320,176785
11321,176785
11322,176785
11323,176785
11324,176785
11325,176785
11326,176785
11327,176785
11328,176785
11329,176785
11330,176785
11331,176785
11332,176785
11333,176785
11334,176785
11335,176785
11336,176785
11337,176785
11338,176785
11339,176785
11340,176785
11341,176785
11342,176785
11343,176785
11344,176785
11345,176785
11346,176785
11347,176785
11348,176785
11349,176785
11350,176785
11351,176785
11352,176785
11353,176785
11354,176785
11355,176785
11356,176785
11357,176785
11358,176785
11359,176785
11360,176785
11361,176785
11362,176785
11363,176785
11364,176785
11365,176785
11366,176785
11367,176785
11368,176785
11369,176785
11370,176785
11371,176785
11372,176785
11373,176785
11374,176785
11375,176785
11376,176785
11377,176785
11378,176785
11379,176785
11380,176785
11381,176785
11382,176785
11383,176785
11384,176785
11385,176785
11386,176785
11387,176785
11388,176785
11389,176785
11390,176785
11391,176785
11392,176785
11393,176785
11394,176785
11395,176785
11396,176785
11397,176785
11398,176785
11399,176785
11400,176785
11401,176785
11402,176785
11403,176785
11404,176785
11405,176785
11406,176785
11407,176785
11408,176785
11409,176785
11410,176785
11411,176785
11412,176785
11413,176785
11414,176785
11415,176785
11416,176785
11417,176785
11418,176785
11419,176785
11420,176785
11421,176785
11422,176785
11423,176785
11424,176785
11425,176785
11426,176785
11427,176785
11428,176785
11429,176785
11430,176785
11431,176785
11432,176785
11433,176785
11434,176785
11435,176785
11436,176785
11437,176785
11438,176785
11439,176785
11440,176785
11441,176785
11442,176785
11443,176785
11444,176785
11445,176785
11446,176785
11447,176785
11448,176785
11449,176785
11450,176785
11451,176785
11452,176785
11453,176785
11454,176785
11455,176785
11456,176785
11457,176785
11458,176785
11459,176785
11460,176785
11461,176785
11462,176785
11463,176785
11464,176785
11465,176785
11466,176785
11467,176785
11468,176785
11469,176785
11470,176785
11471,176785
11472,176785
11473,176785
11474,176785
11475,176785
11476,176785
11477,176785
11478,176785
11479,176785
11480,176785
11481,176785
11482,176785
11483,176785
11484,176785
11485,176785
11486,176785
11487,176785
11488,176785
11489,176785
11490,176785
11491,176785
11492,176785
11493,176785
11494,176785
11495,176785
11496,176785
11497,176785
11498,176785
11499,176785
11500,176785
11501,176785
11502,176785
11503,176785
11504,176785
11505,176785
11506,176785
11507,176785
11508,176785
11509,176785
11510,176785
11511,176785
11512,176785
11513,176785
11514,176785
11515,176785
11516,176785
11517,176785
11518,176785
11519,176785
11520,176785
11521,176785
11522,176785
11523,176785
11524,176785
11525,176785
11526,176785
11527,176785
11528,176785
11529,176785
11530,176785
11531,176785
11532,176785
11533,176785
11534,176785
11535,176785
11536,176785
11537,176785
11538,176785
11539,176785
11540,176785
11541,176785
11542,176785
11543,176785
11544,176785
11545,176785
11546,176785
11547,176785
11548,176785
11549,176785
11550,176785
11551,176785
11552,176785
11553,176785
11554,176785
11555,176785
11556,176785
11557,176785
11558,176785
11559,176785
11560,176785
11561,176785
11562,176785
11563,176785
11564,176785
11565,176785
11566,176785
11567,176785
11568,176785
11569,176785
11570,176785
11571,176785
11572,176785
11573,176785
11574,176785
11575,176785
11576,176785
11577,176785
11578,176785
11579,176785
11580,176785
11581,176785
11582,176785
11583,176785
11584,176785
11585,176785
11586,176785
11587,176785
11588,176785
11589,176785
11590,176785
11591,176785
11592,176785
11593,176785
11594,176785
11595,176785
11596,176785
11597,176785
11598,176785
11599,176785
11600,176785
11601,176785
11602,176785
11603,176785
11604,176785
11605,176785
11606,176785
11607,176785
11608,176785
11609,176785
11610,176785
11611,176785
11612,176785
11613,176785
11614,176785
11615,176785
11616,176785
11617,176785
11618,176785
11619,176785
11620,176785
11621,176785
11622,176785
11623,176785
11624,176785
11625,176785
11626,176785
11627,176785
11628,176785
11629,176785
11630,176785
11631,176785
11632,176785
11633,176785
11634,176785
11635,176785
11636,176785
11637,176785
11638,176785
11639,176785
11640,176785
11641,176785
11642,176785
11643,176785
11644,176785
11645,176785
11646,176785
11647,176785
11648,176785
11649,176785
11650,176785
11651,176785
11652,176785
11653,176785
11654,176785
11655,176785
11656,176785
11657,176785
11658,176785
11659,176785
11660,176785
11661,176785
11662,176785
11663,176785
11664,176785
11665,176785
11666,176785
11667,176785
11668,176785
11669,176785
11670,176785
11671,176785
11672,176785
11673,176785
11674,176785
11675,176785
11676,176785
11677,176785
11678,176785
11679,176785
11680,176785
11681,176785
11682,176785
11683,176785
11684,176785
11685,176785
11686,176785
11687,176785
11688,176785
11689,176785
11690,176785
11691,176785
11692,176785
11693,176785
11694,176785
11695,176785
11696,176785
11697,176785
11698,176785
11699,176785
11700,176785
11701,176785
11702,176785
11703,176785
11704,176785
11705,176785
11706,176785
11707,176785
11708,176785
11709,176785
11710,176785
11711,176785
11712,176785
11713,176785
11714,176785
11715,176785
11716,176785
11717,176785
11718,176785
11719,176785
11720,176785
11721,176785
11722,176785
11723,176785
11724,176785
11725,176785
11726,176785
11727,176785
11728,176785
11729,176785
11730,176785
11731,176785
11732,176785
11733,176785
11734,176785
11735,176785
11736,176785
11737,176785
11738,176785
11739,176785
11740,176785
11741,176785
11742,176785
11743,176785
11744,176785
11745,176785
11746,176785
11747,176785
11748,176785
11749,176785
11750,176785
11751,176785
11752,176785
11753,176785
11754,176785
11755,176785
11756,176785
11757,176785
11758,176785
11759,176785
11760,176785
11761,176785
11762,176785
11763,176785
11764,176785
11765,176785
11766,176785
11767,176785
11768,176785
11769,176785
11770,176785
11771,176785
11772,176785
11773,176785
11774,176785
11775,176785
11776,176785
11777,176785
11778,176785
11779,176785
11780,176785
11781,176785
11782,176785
11783,176785
11784,176785
11785,176785
11786,176785
11787,176785
11788,176785
11789,176785
11790,176785
11791,176785
11792,176785
11793,176785
11794,176785
11795,176785
11796,176785
11797,176785
11798,176785
11799,176785
11800,176785
11801,176785
11802,176785
11803,176785
11804,176785
11805,176785
11806,176785
11807,176785
11808,176785
11809,176785
11810,176785
11811,176785
11812,176785
11813,176785
11814,176785
11815,176785
11816,176785
11817,176785
11818,176785
11819,176785
11820,176785
11821,176785
11822,176785
11823,176785
11824,176785
11825,176785
11826,176785
11827,176785
11828,176785
11829,176785
11830,176785
11831,176785
11832,176785
11833,176785
11834,176785
11835,176785
11836,176785
11837,176785
11838,176785
11839,176785
11840,176785
11841,176785
11842,176785
11843,176785
11844,176785
11845,176785
11846,176785
11847,176785
11848,176785
11849,176785
11850,176785
11851,176785
11852,176785
11853,176785
11854,176785
11855,176785
11856,176785
11857,176785
11858,176785
11859,176785
11860,176785
11861,176785
11862,176785
11863,176785
11864,176785
11865,176785
11866,176785
11867,176785
11868,176785
11869,176785
11870,176785
11871,176785
11872,176785
11873,176785
11874,176785
11875,176785
11876,176785
11877,176785
11878,176785
11879,176785
11880,176785
11881,176785
11882,176785
11883,176785
11884,176785
11885,176785
11886,176785
11887,176785
11888,176785
11889,176785
11890,176785
11891,176785
11892,176785
11893,176785
11894,176785
11895,176785
11896,176785
11897,176785
11898,176785
11899,176785
11900,176785
11901,176785
11902,176785
11903,176785
11904,176785
11905,176785
11906,176785
11907,176785
11908,176785
11909,176785
11910,176785
11911,176785
11912,176785
11913,176785
11914,176785
11915,176785
11916,176785
11917,176785
11918,176785
11919,176785
11920,176785
11921,176785
11922,176785
11923,176785
11924,176785
11925,176785
11926,176785
11927,176785
11928,176785
11929,176785
11930,176785
11931,176785
11932,176785
11933,176785
11934,176785
11935,176785
11936,176785
11937,176785
11938,176785
11939,176785
11940,176785
11941,176785
11942,176785
11943,176785
11944,176785
11945,176785
11946,176785
11947,176785
11948,176785
11949,176785
11950,176785
11951,176785
11952,176785
11953,176785
11954,176785
11955,176785
11956,176785
11957,176785
11958,176785
11959,176785
11960,176785
11961,176785
11962,176785
11963,176785
11964,176785
11965,176785
11966,176785
11967,176785
11968,176785
11969,176785
11970,176785
11971,176785
11972,176785
11973,176785
11974,176785
11975,176785
11976,176785
11977,176785
11978,176785
11979,176785
11980,176785
11981,176785
11982,176785
11983,176785
11984,176785
11985,176785
11986,176785
11987,176785
11988,176785
11989,176785
11990,176785
11991,176785
11992,176785
11993,176785
11994,176785
11995,176785
11996,176785
11997,176785
11998,176785
11999,176785
12000,176785
12001,176785
12002,176785
12003,176785
12004,176785
12005,176785
12006,176785
12007,176785
12008,176785
12009,176785
12010,176785
12011,176785
12012,176785
12013,176785
12014,176785
12015,176785
12016,176785
12017,176785
12018,176785
12019,176785
12020,176785
12021,176785
12022,176785
12023,176785
12024,176785
12025,176785
12026,176785
12027,176785
12028,176785
12029,176785
12030,176785
12031,176785
12032,176785
12033,176785
12034,176785
12035,176785
12036,176785
12037,176785
12038,176785
12039,176785
12040,176785
12041,176785
12042,176785
12043,176785
12044,176785
12045,176785
12046,176785
12047,176785
12048,176785
12049,176785
12050,176785
12051,176785
12052,176785
12053,176785
12054,176785
12055,176785
12056,176785
12057,176785
12058,176785
12059,176785
12060,176785
12061,176785
12062,176785
12063,176785
12064,176785
12065,176785
12066,176785
12067,176785
12068,176785
12069,176785
12070,176785
12071,176785
12072,176785
12073,176785
12074,176785
12075,176785
12076,176785
12077,176785
12078,176785
12079,176785
12080,176785
12081,180145
12082,180145
12083,180145
12084,180145
12085,180145
12086,180145
12087,180145
12088,180145
12089,180145
12090,180145
12091,180145
12092,180145
12093,180145
12094,180145
12095,180145
12096,180145
12097,180145
12098,180145
12099,180145
12100,180145
12101,180145
12102,180145
12103,180145
12104,180145
12105,180145
12106,180145
12107,180145
12108,180145
12109,180145
12110,180145
12111,180145
12112,180145
12113,180145
12114,180145
12115,180145
12116,180145
12117,180145
12118,180145
12119,180145
12120,180145
12121,180145
12122,180145
12123,180145
12124,180145
12125,180145
12126,180145
12127,180145
12128,180145
12129,180145
12130,180145
12131,180145
12132,180145
12133,180145
12134,180145
12135,180145
12136,180145
12137,180145
12138,180145
12139,180145
12140,180145
12141,180145
12142,180145
12143,180145
12144,180145
12145,180145
12146,180145
12147,180145
12148,180145
12149,180145
12150,180145
12151,180145
12152,180145
12153,180145
12154,180145
12155,180145
12156,180145
12157,180145
12158,180145
12159,180145
12160,180145
12161,180145
12162,180145
12163,180145
12164,180145
12165,180145
12166,180145
12167,180145
12168,180145
12169,180145
12170,180145
12171,180145
12172,180145
12173,180145
12174,180145
12175,180145
12176,180145
12177,180145
12178,180145
12179,180145
12180,180145
12181,180145
12182,180145
12183,180145
12184,180145
12185,180145
12186,180145
12187,180145
12188,180145
12189,180145
12190,180145
12191,180145
12192,180145
12193,180145
12194,180145
12195,180145
12196,180145
12197,180145
12198,180145
12199,180145
12200,180145
12201,180145
12202,180145
12203,180145
12204,180145
12205,180145
12206,180145
12207,180145
12208,180145
12209,180145
12210,180145
12211,180145
12212,180145
12213,180145
12214,180145
12215,180145
12216,180145
12217,180145
12218,180145
12219,180145
12220,180145
12221,180145
12222,180145
12223,180145
12224,180145
12225,180145
12226,180145
12227,180145
12228,180145
12229,180145
12230,180145
12231,180145
12232,180145
12233,180145
12234,180145
12235,180145
12236,180145
12237,180145
12238,180145
12239,180145
12240,180145
12241,180145
12242,180145
12243,180145
12244,180145
12245,180145
12246,180145
12247,180145
12248,180145
12249,180145
12250,180145
12251,180145
12252,180145
12253,180145
12254,180145
12255,180145
12256,180145
12257,180145
12258,180145
12259,180145
12260,180145
12261,180145
12262,180145
12263,180145
12264,180145
12265,180145
12266,180145
12267,180145
12268,180145
12269,180145
12270,180145
12271,180145
12272,180145
12273,180145
12274,180145
12275,180145
12276,180145
12277,180145
12278,180145
12279,180145
12280,180145
12281,180145
12282,180145
12283,180145
12284,180145
12285,180145
12286,180145
12287,180145
12288,180145
12289,180145
12290,180145
12291,180145
12292,180145
12293,180145
12294,180145
12295,180145
12296,180145
12297,180145
12298,180145
12299,180145
12300,180145
12301,180145
12302,180145
12303,180145
12304,180145
12305,180145
12306,180145
12307,180145
12308,180145
12309,180145
12310,180145
12311,180145
12312,180145
12313,180145
12314,180145
12315,180145
12316,180145
12317,180145
12318,180145
12319,180145
12320,180145
12321,180145
12322,180145
12323,180145
12324,180145
12325,180145
12326,180145
12327,180145
12328,180145
12329,180145
12330,180145
12331,180145
12332,180145
12333,180145
12334,180145
12335,180145
12336,180145
12337,180145
12338,180145
12339,180145
12340,180145
12341,180145
12342,180145
12343,180145
12344,180145
12345,180145
12346,180145
12347,180145
12348,180145
12349,180145
12350,180145
12351,180145
12352,180145
12353,180145
12354,180145
12355,180145
12356,180145
12357,180145
12358,180145
12359,180145
12360,180145
12361,180145
12362,180145
12363,180145
12364,180145
12365,180145
12366,180145
12367,180145
12368,180145
12369,180145
12370,180145
12371,180145
12372,180145
12373,180145
12374,180145
12375,180145
12376,180145
12377,180145
12378,180145
12379,180145
12380,180145
12381,180145
12382,180145
12383,180145
12384,180145
12385,180145
12386,180145
12387,180145
12388,180145
12389,180145
12390,180145
12391,180145
12392,180145
12393,180145
12394,180145
12395,180145
12396,180145
12397,180145
12398,180145
12399,180145
12400,180145
12401,180145
12402,180145
12403,180145
12404,180145
12405,180145
12406,180145
12407,180145
12408,180145
12409,180145
12410,180145
12411,180145
12412,180145
12413,180145
12414,180145
12415,180145
12416,180145
12417,180145
12418,180145
12419,180145
12420,180145
12421,180145
12422,180145
12423,180145
12424,180145
12425,180145
12426,180145
12427,180145
12428,180145
12429,180145
12430,180145
12431,180145
12432,180145
12433,180145
12434,180145
12435,180145
12436,180145
12437,180145
12438,180145
12439,180145
12440,180145
12441,180145
12442,180145
12443,180145
12444,180145
12445,180145
12446,180145
12447,180145
12448,180145
12449,180145
12450,180145
12451,180145
12452,180145
12453,180145
12454,180145
12455,180145
12456,180145
12457,180145
12458,180145
12459,180145
12460,180145
12461,180145
12462,180145
12463,180145
12464,180145
12465,180145
12466,180145
12467,180145
12468,180145
12469,180145
12470,180145
12471,180145
12472,180145
12473,180145
12474,180145
12475,180145
12476,180145
12477,180145
12478,180145
12479,180145
12480,180145
12481,180145
12482,180145
12483,180145
12484,180145
12485,180145
12486,180145
12487,180145
12488,180145
12489,180145
12490,180145
12491,180145
12492,180145
12493,180145
12494,180145
12495,180145
12496,180145
12497,180145
12498,180145
12499,180145
12500,180145
12501,180145
12502,180145
12503,180145
12504,180145
12505,180145
12506,180145
12507,180145
12508,180145
12509,180145
12510,180145
12511,180145
12512,180145
12513,180145
12514,180145
12515,180145
12516,180145
12517,180145
12518,180145
12519,180145
12520,180145
12521,180145
12522,180145
12523,180145
12524,180145
12525,180145
12526,180145
12527,180145
12528,180145
12529,180145
12530,180145
12531,180145
12532,180145
12533,180145
12534,180145
12535,180145
12536,180145
12537,180145
12538,180145
12539,180145
12540,180145
12541,180145
12542,180145
12543,180145
12544,180145
12545,180145
12546,180145
12547,180145
12548,180145
12549,180145
12550,180145
12551,180145
12552,180145
12553,180145
12554,180145
12555,180145
12556,180145
12557,180145
12558,180145
12559,180145
12560,180145
12561,180145
12562,180145
12563,180145
12564,180145
12565,180145
12566,180145
12567,180145
12568,180145
12569,180145
12570,180145
12571,180145
12572,180145
12573,180145
12574,180145
12575,180145
12576,180145
12577,180145
12578,180145
12579,180145
12580,180145
12581,180145
12582,180145
12583,180145
12584,180145
12585,180145
12586,180145
12587,180145
12588,180145
12589,180145
12590,180145
12591,180145
12592,180145
12593,180145
12594,180145
12595,180145
12596,180145
12597,180145
12598,180145
12599,180145
12600,180145
12601,180145
12602,180145
12603,180145
12604,180145
12605,180145
12606,180145
12607,180145
12608,180145
12609,180145
12610,180145
12611,180145
12612,180145
12613,180145
12614,180145
12615,180145
12616,180145
12617,180145
12618,180145
12619,180145
12620,180145
12621,180145
12622,180145
12623,180145
12624,180145
12625,180145
12626,180145
12627,180145
12628,180145
12629,180145
12630,180145
12631,180145
12632,180145
12633,180145
12634,180145
12635,180145
12636,180145
12637,180145
12638,180145
12639,180145
12640,180145
12641,180145
12642,180145
12643,180145
12644,180145
12645,180145
12646,180145
12647,180145
12648,180145
12649,180145
12650,180145
12651,180145
12652,180145
12653,180145
12654,180145
12655,180145
12656,180145
12657,180145
12658,180145
12659,180145
12660,180145
12661,180145
12662,180145
12663,180145
12664,180145
12665,180145
12666,180145
12667,180145
12668,180145
12669,180145
12670,180145
12671,180145
12672,180145
12673,180145
12674,180145
12675,180145
12676,180145
12677,180145
12678,180145
12679,180145
12680,180145
12681,180145
12682,180145
12683,180145
12684,180145
12685,180145
12686,180145
12687,180145
12688,180145
12689,180145
12690,180145
12691,180145
12692,180145
12693,180145
12694,180145
12695,180145
12696,180145
12697,180145
12698,180145
12699,180145
12700,180145
12701,180145
12702,180145
12703,180145
12704,180145
12705,180145
12706,180145
12707,180145
12708,180145
12709,180145
12710,180145
12711,180145
12712,180145
12713,180145
12714,180145
12715,180145
12716,180145
12717,180145
12718,180145
12719,180145
12720,180145
12721,180145
12722,180145
12723,180145
12724,180145
12725,180145
12726,180145
12727,180145
12728,180145
12729,180145
12730,180145
12731,180145
12732,180145
12733,180145
12734,180145
12735,180145
12736,180145
12737,180145
12738,180145
12739,180145
12740,180145
12741,180145
12742,180145
12743,180145
12744,180145
12745,180145
12746,180145
12747,180145
12748,180145
12749,180145
12750,180145
12751,180145
12752,180145
12753,180145
12754,180145
12755,180145
12756,180145
12757,180145
12758,180145
12759,180145
12760,180145
12761,180145
12762,180145
12763,180145
12764,180145
12765,180145
12766,180145
12767,180145
12768,180145
12769,180145
12770,180145
12771,180145
12772,180145
12773,180145
12774,180145
12775,180145
12776,180145
12777,180145
12778,180145
12779,180145
12780,180145
12781,180145
12782,180145
12783,180145
12784,180145
12785,180145
12786,180145
12787,180145
12788,180145
12789,180145
12790,180145
12791,180145
12792,180145
12793,180145
12794,180145
12795,180145
12796,180145
12797,180145
12798,180145
12799,180145
12800,180145
12801,180145
12802,180145
12803,180145
12804,180145
12805,180145
12806,180145
12807,180145
12808,180145
12809,180145
12810,180145
12811,180145
12812,180145
12813,180145
12814,180145
12815,180145
12816,180145
12817,180145
12818,180145
12819,180145
12820,180145
12821,180145
12822,180145
12823,180145
12824,180145
12825,180145
12826,180145
12827,180145
12828,180145
12829,180145
12830,180145
12831,180145
12832,180145
12833,180145
12834,180145
12835,180145
12836,180145
12837,180145
12838,180145
12839,180145
12840,180145
12841,180145
12842,180145
12843,180145
12844,180145
12845,180145
12846,180145
12847,180145
12848,180145
12849,180145
12850,180145
12851,180145
12852,180145
12853,180145
12854,180145
12855,180145
12856,180145
12857,180145
12858,180145
12859,180145
12860,180145
12861,180145
12862,180145
12863,180145
12864,180145
12865,180145
12866,180145
12867,180145
12868,180145
12869,180145
12870,180145
12871,180145
12872,180145
12873,180145
12874,180145
12875,180145
12876,180145
12877,180145
12878,180145
12879,180145
12880,180145
12881,180145
12882,180145
12883,180145
12884,180145
12885,180145
12886,180145
12887,180145
12888,180145
12889,180145
12890,180145
12891,180145
12892,180145
12893,180145
12894,180145
12895,180145
12896,180145
12897,180145
12898,180145
12899,180145
12900,180145
12901,180145
12902,180145
12903,180145
12904,180145
12905,180145
12906,180145
12907,180145
12908,180145
12909,180145
12910,180145
12911,180145
12912,180145
12913,180145
12914,180145
12915,180145
12916,180145
12917,180145
12918,180145
12919,180145
12920,180145
12921,180145
12922,180145
12923,180145
12924,180145
12925,180145
12926,180145
12927,180145
12928,180145
12929,180145
12930,180145
12931,180145
12932,180145
12933,180145
12934,180145
12935,180145
12936,180145
12937,180145
12938,180145
12939,180145
12940,180145
12941,180145
12942,180145
12943,180145
12944,180145
12945,180145
12946,180145
12947,180145
12948,180145
12949,180145
12950,180145
12951,180145
12952,180145
12953,180145
12954,180145
12955,180145
12956,180145
12957,180145
12958,180145
12959,180145
12960,180145
12961,180145
12962,180145
12963,180145
12964,180145
12965,180145
12966,180145
12967,180145
12968,180145
12969,180145
12970,180145
12971,180145
12972,180145
12973,180145
12974,180145
12975,180145
12976,180145
12977,180145
12978,180145
12979,180145
12980,180145
12981,180145
12982,180145
12983,180145
12984,180145
12985,180145
12986,180145
12987,180145
12988,180145
12989,180145
12990,180145
12991,180145
12992,180145
12993,180145
12994,180145
12995,180145
12996,180145
12997,180145
12998,180145
12999,180145
13000,180145
13001,180145
13002,180145
13003,180145
13004,180145
13005,180145
13006,180145
13007,180145
13008,180145
13009,180145
13010,180145
13011,180145
13012,180145
13013,180145
13014,180145
13015,180145
13016,180145
13017,180145
13018,180145
13019,180145
13020,180145
13021,180145
13022,180145
13023,180145
13024,180145
13025,180145
13026,180145
13027,180145
13028,180145
13029,180145
13030,180145
13031,180145
13032,180145
13033,180145
13034,180145
13035,180145
13036,180145
13037,180145
13038,180145
13039,180145
13040,180145
13041,180145
13042,180145
13043,180145
13044,180145
13045,180145
13046,180145
13047,180145
13048,180145
13049,180145
13050,180145
13051,180145
13052,180145
13053,180145
13054,180145
13055,180145
13056,180145
13057,180145
13058,180145
13059,180145
13060,180145
13061,180145
13062,180145
13063,180145
13064,180145
13065,180145
13066,180145
13067,180145
13068,180145
13069,180145
13070,180145
13071,180145
13072,180145
13073,180145
13074,180145
13075,180145
13076,180145
13077,180145
13078,180145
13079,180145
13080,180145
13081,180145
13082,180145
13083,180145
13084,180145
13085,180145
13086,180145
13087,180145
13088,180145
13089,180145
13090,180145
13091,180145
13092,180145
13093,180145
13094,180145
13095,180145
13096,180145
13097,180145
13098,180145
13099,180145
13100,180145
13101,180145
13102,180145
13103,180145
13104,180145
13105,180145
13106,180145
13107,180145
13108,180145
13109,180145
13110,180145
13111,180145
13112,180145
13113,180145
13114,180145
13115,180145
13116,180145
13117,180145
13118,180145
13119,180145
13120,180145
13121,180145
13122,180145
13123,180145
13124,180145
13125,180145
13126,180145
13127,180145
13128,180145
13129,180145
13130,180145
13131,180145
13132,180145
13133,180145
13134,180145
13135,180145
13136,180145
13137,180145
13138,180145
13139,180145
13140,180145
13141,180145
13142,180145
13143,180145
13144,180145
13145,180145
13146,180145
13147,180145
13148,180145
13149,180145
13150,180145
13151,180145
13152,180145
13153,180145
13154,180145
13155,180145
13156,180145
13157,180145
13158,180145
13159,180145
13160,180145
13161,180145
13162,180145
13163,180145
13164,180145
13165,180145
13166,180145
13167,180145
13168,180145
13169,180145
13170,180145
13171,180145
13172,180145
13173,180145
13174,180145
13175,180145
13176,180145
13177,180145
13178,180145
13179,180145
13180,180145
13181,180145
13182,180145
13183,180145
13184,180145
13185,180145
13186,180145
13187,180145
13188,180145
13189,180145
13190,180145
13191,180145
13192,180145
13193,180145
13194,180145
13195,180145
13196,180145
13197,180145
13198,180145
13199,180145
13200,180145
13201,180145
13202,180145
13203,180145
13204,180145
13205,180145
13206,180145
13207,180145
13208,180145
13209,180145
13210,180145
13211,180145
13212,180145
13213,180145
13214,180145
13215,180145
13216,180145
13217,180145
13218,180145
13219,180145
13220,180145
13221,180145
13222,180145
13223,180145
13224,180145
13225,180145
13226,180145
13227,180145
13228,180145
13229,180145
13230,180145
13231,180145
13232,180145
13233,180145
13234,180145
13235,180145
13236,180145
13237,180145
13238,180145
13239,180145
13240,180145
13241,180145
13242,180145
13243,180145
13244,180145
13245,180145
13246,180145
13247,180145
13248,180145
13249,180145
13250,180145
13251,180145
13252,180145
13253,180145
13254,180145
13255,180145
13256,180145
13257,180145
13258,180145
13259,180145
13260,180145
13261,180145
13262,180145
13263,180145
13264,180145
13265,180145
13266,180145
13267,180145
13268,180145
13269,180145
13270,180145
13271,180145
13272,180145
13273,180145
13274,180145
13275,180145
13276,180145
13277,180145
13278,180145
13279,180145
13280,180145
13281,180145
13282,180145
13283,180145
13284,180145
13285,180145
13286,180145
13287,180145
13288,180145
13289,180145
13290,180145
13291,180145
13292,180145
13293,180145
13294,180145
13295,180145
13296,180145
13297,180145
13298,180145
13299,180145
13300,180145
13301,180145
13302,180145
13303,180145
13304,180145
13305,180145
13306,180145
13307,180145
13308,180145
13309,180145
13310,180145
13311,180145
13312,180145
13313,180145
13314,180145
13315,180145
13316,180145
13317,180145
13318,180145
13319,180145
13320,180145
13321,180145
13322,180145
13323,180145
13324,180145
13325,180145
13326,180145
13327,180145
13328,180145
13329,180145
13330,180145
13331,180145
13332,180145
13333,180145
13334,180145
13335,180145
13336,180145
13337,180145
13338,180145
13339,180145
13340,180145
13341,180145
13342,180145
13343,180145
13344,180145
13345,180145
13346,180145
13347,180145
13348,180145
13349,180145
13350,180145
13351,180145
13352,180145
13353,180145
13354,180145
13355,180145
13356,180145
13357,180145
13358,180145
13359,180145
13360,180145
13361,180145
13362,180145
13363,180145
13364,180145
13365,180145
13366,180145
13367,180145
13368,180145
13369,180145
13370,180145
13371,180145
13372,180145
13373,180145
13374,180145
13375,180145
13376,180145
13377,180145
13378,180145
13379,180145
13380,180145
13381,180145
13382,180145
13383,180145
13384,180145
13385,180145
13386,180145
13387,180145
13388,180145
13389,180145
13390,180145
13391,180145
13392,180145
13393,180145
13394,180145
13395,180145
13396,180145
13397,180145
13398,180145
13399,180145
13400,180145
13401,180145
13402,180145
13403,180145
13404,180145
13405,180145
13406,180145
13407,180145
13408,180145
13409,180145
13410,180145
13411,180145
13412,180145
13413,180145
13414,180145
13415,180145
13416,180145
13417,180145
13418,180145
13419,180145
13420,180145
13421,180145
13422,180145
13423,180145
13424,180145
13425,180145
13426,180145
13427,180145
13428,180145
13429,180145
13430,180145
13431,180145
13432,180145
13433,180145
13434,180145
13435,180145
13436,180145
13437,180145
13438,180145
13439,180145
13440,180145
13441,180145
13442,180145
13443,180145
13444,180145
13445,180145
13446,180145
13447,180145
13448,180145
13449,180145
13450,180145
13451,180145
13452,180145
13453,180145
13454,180145
13455,180145
13456,180145
13457,180145
13458,180145
13459,180145
13460,180145
13461,180145
13462,180145
13463,180145
13464,180145
13465,180145
13466,180145
13467,180145
13468,180145
13469,180145
13470,180145
13471,180145
13472,180145
13473,180145
13474,180145
13475,180145
13476,180145
13477,180145
13478,180145
13479,180145
13480,180145
13481,180145
13482,180145
13483,180145
13484,180145
13485,180145
13486,180145
13487,180145
13488,180145
13489,180145
13490,180145
13491,180145
13492,180145
13493,180145
13494,180145
13495,180145
13496,180145
13497,180145
13498,180145
13499,180145
13500,180145
13501,180145
13502,180145
13503,180145
13504,180145
13505,180145
13506,180145
13507,180145
13508,180145
13509,180145
13510,180145
13511,180145
13512,180145
13513,180145
13514,180145
13515,180145
13516,180145
13517,180145
13518,180145
13519,180145
13520,180145
13521,180145
13522,180145
13523,180145
13524,180145
13525,180145
13526,180145
13527,180145
13528,180145
13529,180145
13530,180145
13531,180145
13532,180145
13533,180145
13534,180145
13535,180145
13536,180145
13537,180145
13538,180145
13539,180145
13540,180145
13541,180145
13542,180145
13543,180145
13544,180145
13545,180145
13546,180145
13547,180145
13548,180145
13549,180145
13550,180145
13551,180145
13552,180145
13553,180145
13554,180145
13555,180145
13556,180145
13557,180145
13558,180145
13559,180145
13560,180145
13561,180145
13562,180145
13563,180145
13564,180145
13565,180145
13566,180145
13567,180145
13568,180145
13569,180145
13570,180145
13571,180145
13572,180145
13573,180145
13574,180145
13575,180145
13576,180145
13577,180145
13578,180145
13579,180145
13580,180145
13581,180145
13582,180145
13583,180145
13584,180145
13585,180145
13586,180145
13587,180145
13588,180145
13589,180145
13590,180145
13591,180145
13592,180145
13593,180145
13594,180145
13595,180145
13596,180145
13597,180145
13598,180145
13599,180145
13600,180145
13601,180145
13602,180145
13603,180145
13604,180145
13605,180145
13606,180145
13607,180145
13608,180145
13609,180145
13610,180145
13611,180145
13612,180145
13613,180145
13614,180145
13615,180145
13616,180145
13617,180145
13618,180145
13619,180145
13620,180145
13621,180145
13622,180145
13623,180145
13624,180145
13625,180145
13626,180145
13627,180145
13628,180145
13629,180145
13630,180145
13631,180145
13632,180145
13633,180145
13634,180145
13635,180145
13636,180145
13637,180145
13638,180145
13639,180145
13640,180145
13641,180145
13642,180145
13643,180145
13644,180145
13645,180145
13646,180145
13647,180145
13648,180145
13649,180145
13650,180145
13651,180145
13652,180145
13653,180145
13654,180145
13655,180145
13656,180145
13657,180145
13658,180145
13659,180145
13660,180145
13661,180145
13662,180145
13663,180145
13664,180145
13665,180145
13666,180145
13667,180145
13668,180145
13669,180145
13670,180145
13671,180145
13672,180145
13673,180145
13674,180145
13675,180145
13676,180145
13677,180145
13678,180145
13679,180145
13680,180145
13681,180145
13682,180145
13683,180145
13684,180145
13685,180145
13686,180145
13687,180145
13688,180145
13689,180145
13690,180145
13691,180145
13692,180145
13693,180145
13694,180145
13695,180145
13696,180145
13697,180145
13698,180145
13699,180145
13700,180145
13701,180145
13702,180145
13703,180145
13704,180145
13705,180145
13706,180145
13707,180145
13708,180145
13709,180145
13710,180145
13711,180145
13712,180145
13713,180145
13714,180145
13715,180145
13716,180145
13717,180145
13718,180145
13719,180145
13720,180145
13721,180145
13722,180145
13723,180145
13724,180145
13725,180145
13726,180145
13727,180145
13728,180145
13729,180145
13730,180145
13731,180145
13732,180145
13733,180145
13734,180145
13735,180145
13736,180145
13737,180145
13738,180145
13739,180145
13740,180145
13741,180145
13742,180145
13743,180145
13744,180145
13745,180145
13746,180145
13747,180145
13748,180145
13749,180145
13750,180145
13751,180145
13752,180145
13753,180145
13754,180145
13755,180145
13756,180145
13757,180145
13758,180145
13759,180145
13760,180145
13761,180145
13762,180145
13763,180145
13764,180145
13765,180145
13766,180145
13767,180145
13768,180145
13769,180145
13770,180145
13771,180145
13772,180145
13773,180145
13774,180145
13775,180145
13776,180145
13777,180145
13778,180145
13779,180145
13780,180145
13781,180145
13782,180145
13783,180145
13784,180145
13785,180145
13786,180145
13787,180145
13788,180145
13789,180145
13790,180145
13791,180145
13792,180145
13793,180145
13794,180145
13795,180145
13796,180145
13797,180145
13798,180145
13799,180145
13800,180145
13801,180145
13802,180145
13803,180145
13804,180145
13805,180145
13806,180145
13807,180145
13808,180145
13809,180145
13810,180145
13811,180145
13812,180145
13813,180145
13814,180145
13815,180145
13816,180145
13817,180145
13818,180145
13819,180145
13820,180145
13821,180145
13822,180145
13823,180145
13824,180145
13825,180145
13826,180145
13827,180145
13828,180145
13829,180145
13830,180145
13831,180145
13832,180145
13833,180145
13834,180145
13835,180145
13836,180145
13837,180145
13838,180145
13839,180145
13840,180145
13841,180145
13842,180145
13843,180145
13844,180145
13845,180145
13846,180145
13847,180145
13848,180145
13849,180145
13850,180145
13851,180145
13852,180145
13853,180145
13854,180145
13855,180145
13856,180145
13857,180145
13858,180145
13859,180145
13860,180145
13861,180145
13862,180145
13863,180145
13864,180145
13865,180145
13866,180145
13867,180145
13868,180145
13869,180145
13870,180145
13871,180145
13872,180145
13873,180145
13874,180145
13875,180145
13876,180145
13877,180145
13878,180145
13879,180145
13880,180145
13881,180145
13882,180145
13883,180145
13884,180145
13885,180145
13886,180145
13887,180145
13888,180145
13889,180145
13890,180145
13891,180145
13892,180145
13893,180145
13894,180145
13895,180145
13896,180145
13897,180145
13898,180145
13899,180145
13900,180145
13901,180145
13902,180145
13903,180145
13904,180145
13905,180145
13906,180145
13907,180145
13908,180145
13909,180145
13910,180145
13911,180145
13912,180145
13913,180145
13914,180145
13915,180145
13916,180145
13917,180145
13918,180145
13919,180145
13920,180145
13921,180145
13922,180145
13923,180145
13924,180145
13925,180145
13926,180145
13927,180145
13928,180145
13929,180145
13930,180145
13931,180145
13932,180145
13933,180145
13934,180145
13935,180145
13936,180145
13937,180145
13938,180145
13939,180145
13940,180145
13941,180145
13942,180145
13943,180145
13944,180145
13945,180145
13946,180145
13947,180145
13948,180145
13949,180145
13950,180145
13951,180145
13952,180145
13953,180145
13954,180145
13955,180145
13956,180145
13957,180145
13958,180145
13959,180145
13960,180145
13961,180145
13962,180145
13963,180145
13964,180145
13965,180145
13966,180145
13967,180145
13968,180145
13969,180145
13970,180145
13971,180145
13972,180145
13973,180145
13974,180145
13975,180145
13976,180145
13977,180145
13978,180145
13979,180145
13980,180145
13981,180145
13982,180145
13983,180145
13984,180145
13985,180145
13986,180145
13987,180145
13988,180145
13989,180145
13990,180145
13991,180145
13992,180145
13993,180145
13994,180145
13995,180145
13996,180145
13997,180145
13998,180145
13999,180145
14000,180145
14001,180145
14002,180145
14003,180145
14004,180145
14005,180145
14006,180145
14007,180145
14008,180145
14009,180145
14010,180145
14011,180145
14012,180145
14013,180145
14014,180145
14015,180145
14016,180145
14017,180145
14018,180145
14019,180145
14020,180145
14021,180145
14022,180145
14023,180145
14024,180145
14025,180145
14026,180145
14027,180145
14028,180145
14029,180145
14030,180145
14031,180145
14032,180145
14033,180145
14034,180145
14035,180145
14036,180145
14037,180145
14038,180145
14039,180145
14040,180145
14041,180145
14042,180145
14043,180145
14044,180145
14045,180145
14046,180145
14047,180145
14048,180145
14049,180145
14050,180145
14051,180145
14052,180145
14053,180145
14054,180145
14055,180145
14056,180145
14057,180145
14058,180145
14059,180145
14060,180145
14061,180145
14062,180145
14063,180145
14064,180145
14065,180145
14066,180145
14067,180145
14068,180145
14069,180145
14070,180145
14071,180145
14072,180145
14073,180145
14074,180145
14075,180145
14076,180145
14077,180145
14078,180145
14079,180145
14080,180145
14081,180145
14082,180145
14083,180145
14084,180145
14085,180145
14086,180145
14087,180145
14088,180145
14089,180145
14090,180145
14091,180145
14092,180145
14093,180145
14094,180145
14095,180145
14096,180145
14097,180145
14098,180145
14099,180145
14100,180145
14101,180145
14102,180145
14103,180145
14104,180145
14105,180145
14106,180145
14107,180145
14108,180145
14109,180145
14110,180145
14111,180145
14112,180145
14113,180145
14114,180145
14115,180145
14116,180145
14117,180145
14118,180145
14119,180145
14120,180145
14121,180145
14122,180145
14123,180145
14124,180145
14125,180145
14126,180145
14127,180145
14128,180145
14129,180145
14130,180145
14131,180145
14132,180145
14133,180145
14134,180145
14135,180145
14136,180145
14137,180145
14138,180145
14139,180145
14140,180145
14141,180145
14142,180145
14143,180145
14144,180145
14145,180145
14146,180145
14147,180145
14148,180145
14149,180145
14150,180145
14151,180145
14152,180145
14153,180145
14154,180145
14155,180145
14156,180145
14157,180145
14158,180145
14159,180145
14160,180145
14161,180145
14162,180145
14163,180145
14164,180145
14165,180145
14166,180145
14167,180145
14168,180145
14169,180145
14170,180145
14171,180145
14172,180145
14173,180145
14174,180145
14175,180145
14176,180145
14177,180145
14178,180145
14179,180145
14180,180145
14181,180145
14182,180145
14183,180145
14184,180145
14185,180145
14186,180145
14187,180145
14188,180145
14189,180145
14190,180145
14191,180145
14192,180145
14193,180145
14194,180145
14195,180145
14196,180145
14197,180145
14198,180145
14199,180145
14200,180145
14201,180145
14202,180145
14203,180145
14204,180145
14205,180145
14206,180145
14207,180145
14208,180145
14209,180145
14210,180145
14211,180145
14212,180145
14213,180145
14214,180145
14215,180145
14216,180145
14217,180145
14218,180145
14219,180145
14220,180145
14221,180145
14222,180145
14223,180145
14224,180145
14225,180145
14226,180145
14227,180145
14228,180145
14229,180145
14230,180145
14231,180145
14232,180145
14233,180145
14234,180145
14235,180145
14236,180145
14237,180145
14238,180145
14239,180145
14240,180145
14241,180145
14242,180145
14243,180145
14244,180145
14245,180145
14246,180145
14247,180145
14248,180145
14249,180145
14250,180145
14251,180145
14252,180145
14253,180145
14254,180145
14255,180145
14256,180145
14257,180145
14258,180145
14259,180145
14260,180145
14261,180145
14262,180145
14263,180145
14264,180145
14265,180145
14266,180145
14267,180145
14268,180145
14269,180145
14270,180145
14271,180145
14272,180145
14273,180145
14274,180145
14275,180145
14276,180145
14277,180145
14278,180145
14279,180145
14280,180145
14281,180145
14282,180145
14283,180145
14284,180145
14285,180145
14286,180145
14287,180145
14288,180145
14289,180145
14290,180145
14291,180145
14292,180145
14293,180145
14294,180145
14295,180145
14296,180145
14297,180145
14298,180145
14299,180145
14300,180145
14301,180145
14302,180145
14303,180145
14304,180145
14305,180145
14306,180145
14307,180145
14308,180145
14309,180145
14310,180145
14311,180145
14312,180145
14313,180145
14314,180145
14315,180145
14316,180145
14317,180145
14318,180145
14319,180145
14320,180145
14321,180145
14322,180145
14323,180145
14324,180145
14325,180145
14326,180145
14327,180145
14328,180145
14329,180145
14330,180145
14331,180145
14332,180145
14333,180145
14334,180145
14335,180145
14336,180145
14337,180145
14338,180145
14339,180145
14340,180145
14341,180145
14342,180145
14343,180145
14344,180145
14345,180145
14346,180145
14347,180145
14348,180145
14349,180145
14350,180145
14351,180145
14352,180145
14353,180145
14354,180145
14355,180145
14356,180145
14357,180145
14358,180145
14359,180145
14360,180145
14361,180145
14362,180145
14363,180145
14364,180145
14365,180145
14366,180145
14367,180145
14368,180145
14369,180145
14370,180145
14371,180145
14372,180145
14373,180145
14374,180145
14375,180145
14376,180145
14377,180145
14378,180145
14379,180145
14380,180145
14381,180145
14382,180145
14383,180145
14384,180145
14385,180145
14386,180145
14387,180145
14388,180145
14389,180145
14390,180145
14391,180145
14392,180145
14393,180145
14394,180145
14395,180145
14396,180145
14397,180145
14398,180145
14399,180145
14400,180145
14401,180145
14402,180145
14403,180145
14404,180145
14405,180145
14406,180145
14407,180145
14408,180145
14409,180145
14410,180145
14411,180145
14412,180145
14413,180145
14414,180145
14415,180145
14416,180145
14417,180145
14418,180145
14419,180145
14420,180145
14421,180145
14422,180145
14423,180145
14424,180145
14425,180145
14426,180145
14427,180145
14428,180145
14429,180145
14430,180145
14431,180145
14432,180145
14433,180145
14434,180145
14435,180145
14436,180145
14437,180145
14438,180145
14439,180145
14440,180145
14441,180145
14442,180145
14443,180145
14444,180145
14445,180145
14446,180145
14447,180145
14448,180145
14449,180145
14450,180145
14451,180145
14452,180145
14453,180145
14454,180145
14455,180145
14456,180145
14457,180145
14458,180145
14459,180145
14460,180145
14461,180145
14462,180145
14463,180145
14464,180145
14465,180145
14466,180145
14467,180145
14468,180145
14469,180145
14470,180145
14471,180145
14472,180145
14473,180145
14474,180145
14475,180145
14476,180145
14477,180145
14478,180145
14479,180145
14480,180145
14481,180145
14482,180145
14483,180145
14484,180145
14485,180145
14486,180145
14487,180145
14488,180145
14489,180145
14490,180145
14491,180145
14492,180145
14493,180145
14494,180145
14495,180145
14496,180145
14497,180145
14498,180145
14499,180145
14500,180145
14501,180145
14502,180145
14503,180145
14504,180145
14505,180145
14506,180145
14507,180145
14508,180145
14509,180145
14510,180145
14511,180145
14512,180145
14513,180145
14514,180145
14515,180145
14516,180145
14517,180145
14518,180145
14519,180145
14520,180145
14521,180145
14522,180145
14523,180145
14524,180145
14525,180145
14526,180145
14527,180145
14528,180145
14529,180145
14530,180145
14531,180145
14532,180145
14533,180145
14534,180145
14535,180145
14536,180145
14537,180145
14538,180145
14539,180145
14540,180145
14541,180145
14542,180145
14543,180145
14544,180145
14545,180145
14546,180145
14547,180145
14548,180145
14549,180145
14550,180145
14551,180145
14552,180145
14553,180145
14554,180145
14555,180145
14556,180145
14557,180145
14558,180145
14559,180145
14560,180145
14561,180145
14562,180145
14563,180145
14564,180145
14565,180145
14566,180145
14567,180145
14568,180145
14569,180145
14570,180145
14571,180145
14572,180145
14573,180145
14574,180145
14575,180145
14576,180145
14577,180145
14578,180145
14579,180145
14580,180145
14581,180145
14582,180145
14583,180145
14584,180145
14585,180145
14586,180145
14587,180145
14588,180145
14589,180145
14590,180145
14591,180145
14592,180145
14593,180145
14594,180145
14595,180145
14596,180145
14597,180145
14598,180145
14599,180145
14600,180145
14601,180145
14602,180145
14603,180145
14604,180145
14605,180145
14606,180145
14607,180145
14608,180145
14609,180145
14610,180145
14611,180145
14612,180145
14613,180145
14614,180145
14615,180145
14616,180145
14617,180145
14618,180145
14619,180145
14620,180145
14621,180145
14622,180145
14623,180145
14624,180145
14625,180145
14626,180145
14627,180145
14628,180145
14629,180145
14630,180145
14631,180145
14632,180145
14633,180145
14634,180145
14635,180145
14636,180145
14637,180145
14638,180145
14639,180145
14640,180145
14641,180145
14642,180145
14643,180145
14644,180145
14645,180145
14646,180145
14647,180145
14648,180145
14649,180145
14650,180145
14651,180145
14652,180145
14653,180145
14654,180145
14655,180145
14656,180145
14657,180145
14658,180145
14659,180145
14660,180145
14661,180145
14662,180145
14663,180145
14664,180145
14665,180145
14666,180145
14667,180145
14668,180145
14669,180145
14670,180145
14671,180145
14672,180145
14673,180145
14674,180145
14675,180145
14676,180145
14677,180145
14678,180145
14679,180145
14680,180145
14681,180145
14682,180145
14683,180145
14684,180145
14685,180145
14686,180145
14687,180145
14688,180145
14689,180145
14690,180145
14691,180145
14692,180145
14693,180145
14694,180145
14695,180145
14696,180145
14697,180145
14698,180145
14699,180145
14700,180145
14701,180145
14702,180145
14703,180145
14704,180145
14705,180145
14706,180145
14707,180145
14708,180145
14709,180145
14710,180145
14711,180145
14712,180145
14713,180145
14714,180145
14715,180145
14716,180145
14717,180145
14718,180145
14719,180145
14720,180145
14721,180145
14722,180145
14723,180145
14724,180145
14725,180145
14726,180145
14727,180145
14728,180145
14729,180145
14730,180145
14731,180145
14732,180145
14733,180145
14734,180145
14735,180145
14736,180145
14737,180145
14738,180145
14739,180145
14740,180145
14741,180145
14742,180145
14743,180145
14744,180145
14745,180145
14746,180145
14747,180145
14748,180145
14749,180145
14750,180145
14751,180145
14752,180145
14753,180145
14754,180145
14755,180145
14756,180145
14757,180145
14758,180145
14759,180145
14760,180145
14761,180145
14762,180145
14763,180145
14764,180145
14765,180145
14766,180145
14767,180145
14768,180145
14769,180145
14770,180145
14771,180145
14772,180145
14773,180145
14774,180145
14775,180145
14776,180145
14777,180145
14778,180145
14779,180145
14780,180145
14781,180145
14782,180145
14783,180145
14784,180145
14785,180145
14786,180145
14787,180145
14788,180145
14789,180145
14790,180145
14791,180145
14792,180145
14793,180145
14794,180145
14795,180145
14796,180145
14797,180145
14798,180145
14799,180145
14800,180145
14801,180145
14802,180145
14803,180145
14804,180145
14805,180145
14806,180145
14807,180145
14808,180145
14809,180145
14810,180145
14811,180145
14812,180145
14813,180145
14814,180145
14815,180145
14816,180145
14817,180145
14818,180145
14819,180145
14820,180145
14821,180145
14822,180145
14823,180145
14824,180145
14825,180145
14826,180145
14827,180145
14828,180145
14829,180145
14830,180145
14831,180145
14832,180145
14833,180145
14834,180145
14835,180145
14836,180145
14837,180145
14838,180145
14839,180145
14840,180145
14841,180145
14842,180145
14843,180145
14844,180145
14845,180145
14846,180145
14847,180145
14848,180145
14849,180145
14850,180145
14851,180145
14852,180145
14853,180145
14854,180145
14855,180145
14856,180145
14857,180145
14858,180145
14859,180145
14860,180145
14861,180145
14862,180145
14863,180145
14864,180145
14865,180145
14866,180145
14867,180145
14868,180145
14869,180145
14870,180145
14871,180145
14872,180145
14873,180145
14874,180145
14875,180145
14876,180145
14877,180145
14878,180145
14879,180145
14880,180145
14881,180145
14882,180145
14883,180145
14884,180145
14885,180145
14886,180145
14887,180145
14888,180145
14889,180145
14890,180145
14891,180145
14892,180145
14893,180145
14894,180145
14895,180145
14896,180145
14897,180145
14898,180145
14899,180145
14900,180145
14901,180145
14902,180145
14903,180145
14904,180145
14905,180145
14906,180145
14907,180145
14908,180145
14909,180145
14910,180145
14911,180145
14912,180145
14913,180145
14914,180145
14915,180145
14916,180145
14917,180145
14918,180145
14919,180145
14920,180145
14921,180145
14922,180145
14923,180145
14924,180145
14925,180145
14926,180145
14927,180145
14928,180145
14929,180145
14930,180145
14931,180145
14932,180145
14933,180145
14934,180145
14935,180145
14936,180145
14937,180145
14938,180145
14939,180145
14940,180145
14941,180145
14942,180145
14943,180145
14944,180145
14945,180145
14946,180145
14947,180145
14948,180145
14949,180145
14950,180145
14951,180145
14952,180145
14953,180145
14954,180145
14955,180145
14956,180145
14957,180145
14958,180145
14959,180145
14960,180145
14961,180145
14962,180145
14963,180145
14964,180145
14965,180145
14966,180145
14967,180145
14968,180145
14969,180145
14970,180145
14971,180145
14972,180145
14973,180145
14974,180145
14975,180145
14976,180145
14977,180145
14978,180145
14979,180145
14980,180145
14981,180145
14982,180145
14983,180145
14984,180145
14985,180145
14986,180145
14987,180145
14988,180145
14989,180145
14990,180145
14991,180145
14992,180145
14993,180145
14994,180145
14995,180145
14996,180145
14997,180145
14998,180145
14999,180145
15000,180145
15001,180145
15002,180145
15003,180145
15004,180145
15005,180145
15006,180145
15007,180145
15008,180145
15009,180145
15010,180145
15011,180145
15012,180145
15013,180145
15014,180145
15015,180145
15016,180145
15017,180145
15018,180145
15019,180145
15020,180145
15021,180145
15022,180145
15023,180145
15024,180145
15025,180145
15026,180145
15027,180145
15028,180145
15029,180145
15030,180145
15031,180145
15032,180145
15033,180145
15034,180145
15035,180145
15036,180145
15037,180145
15038,180145
15039,180145
15040,180145
15041,180145
15042,180145
15043,180145
15044,180145
15045,180145
15046,180145
15047,180145
15048,180145
15049,180145
15050,180145
15051,180145
15052,180145
15053,180145
15054,180145
15055,180145
15056,180145
15057,180145
15058,180145
15059,180145
15060,180145
15061,180145
15062,180145
15063,180145
15064,180145
15065,180145
15066,180145
15067,180145
15068,180145
15069,180145
15070,180145
15071,180145
15072,180145
15073,180145
15074,180145
15075,180145
15076,180145
15077,180145
15078,180145
15079,180145
15080,180145
15081,180145
15082,180145
15083,180145
15084,180145
15085,180145
15086,180145
15087,180145
15088,180145
15089,180145
15090,180145
15091,180145
15092,180145
15093,180145
15094,180145
15095,180145
15096,180145
15097,180145
15098,180145
15099,180145
15100,180145
15101,180145
15102,180145
15103,180145
15104,180145
15105,180145
15106,180145
15107,180145
15108,180145
15109,180145
15110,180145
15111,180145
15112,180145
15113,180145
15114,180145
15115,180145
15116,180145
15117,180145
15118,180145
15119,180145
15120,180145
15121,180145
15122,180145
15123,180145
15124,180145
15125,180145
15126,180145
15127,180145
15128,180145
15129,180145
15130,180145
15131,180145
15132,180145
15133,180145
15134,180145
15135,180145
15136,180145
15137,180145
15138,180145
15139,180145
15140,180145
15141,180145
15142,180145
15143,180145
15144,180145
15145,180145
15146,180145
15147,180145
15148,180145
15149,180145
15150,180145
15151,180145
15152,180145
15153,180145
15154,180145
15155,180145
15156,180145
15157,180145
15158,180145
15159,180145
15160,180145
15161,180145
15162,180145
15163,180145
15164,180145
15165,180145
15166,180145
15167,180145
15168,180145
15169,180145
15170,180145
15171,180145
15172,180145
15173,180145
15174,180145
15175,180145
15176,180145
15177,180145
15178,180145
15179,180145
15180,180145
15181,180145
15182,180145
15183,180145
15184,180145
15185,180145
15186,180145
15187,180145
15188,180145
15189,180145
15190,180145
15191,180145
15192,180145
15193,180145
15194,180145
15195,180145
15196,180145
15197,180145
15198,180145
15199,180145
15200,180145
15201,180145
15202,180145
15203,180145
15204,180145
15205,180145
15206,180145
15207,180145
15208,180145
15209,180145
15210,180145
15211,180145
15212,180145
15213,180145
15214,180145
15215,180145
15216,180145
15217,180145
15218,180145
15219,180145
15220,180145
15221,180145
15222,180145
15223,180145
15224,180145
15225,180145
15226,180145
15227,180145
15228,180145
15229,180145
15230,180145
15231,180145
15232,180145
15233,180145
15234,180145
15235,180145
15236,180145
15237,180145
15238,180145
15239,180145
15240,180145
15241,180145
15242,180145
15243,180145
15244,180145
15245,180145
15246,180145
15247,180145
15248,180145
15249,180145
15250,180145
15251,180145
15252,180145
15253,180145
15254,180145
15255,180145
15256,180145
15257,180145
15258,180145
15259,180145
15260,180145
15261,180145
15262,180145
15263,180145
15264,180145
15265,180145
15266,180145
15267,180145
15268,180145
15269,180145
15270,180145
15271,180145
15272,180145
15273,180145
15274,180145
15275,180145
15276,180145
15277,180145
15278,180145
15279,180145
15280,180145
15281,180145
15282,180145
15283,180145
15284,180145
15285,180145
15286,180145
15287,180145
15288,180145
15289,180145
15290,180145
15291,180145
15292,180145
15293,180145
15294,180145
15295,180145
15296,180145
15297,180145
15298,180145
15299,180145
15300,180145
15301,180145
15302,180145
15303,180145
15304,180145
15305,180145
15306,180145
15307,180145
15308,180145
15309,180145
15310,180145
15311,180145
15312,180145
15313,180145
15314,180145
15315,180145
15316,180145
15317,180145
15318,180145
15319,180145
15320,180145
15321,180145
15322,180145
15323,180145
15324,180145
15325,180145
15326,180145
15327,180145
15328,180145
15329,180145
15330,180145
15331,180145
15332,180145
15333,180145
15334,180145
15335,180145
15336,180145
15337,180145
15338,180145
15339,180145
15340,180145
15341,180145
15342,180145
15343,180145
15344,180145
15345,180145
15346,180145
15347,180145
15348,180145
15349,180145
15350,180145
15351,180145
15352,180145
15353,180145
15354,180145
15355,180145
15356,180145
15357,180145
15358,180145
15359,180145
15360,180145
15361,180145
15362,180145
15363,180145
15364,180145
15365,180145
15366,180145
15367,180145
15368,180145
15369,180145
15370,180145
15371,180145
15372,180145
15373,180145
15374,180145
15375,180145
15376,180145
15377,180145
15378,180145
15379,180145
15380,180145
15381,180145
15382,180145
15383,180145
15384,180145
15385,180145
15386,180145
15387,180145
15388,180145
15389,180145
15390,180145
15391,180145
15392,180145
15393,180145
15394,180145
15395,180145
15396,180145
15397,180145
15398,180145
15399,180145
15400,180145
15401,180145
15402,180145
15403,180145
15404,180145
15405,180145
15406,180145
15407,180145
15408,180145
15409,180145
15410,180145
15411,180145
15412,180145
15413,180145
15414,180145
15415,180145
15416,180145
15417,180145
15418,180145
15419,180145
15420,180145
15421,180145
15422,180145
15423,180145
15424,180145
15425,180145
15426,180145
15427,180145
15428,180145
15429,180145
15430,180145
15431,180145
15432,180145
15433,180145
15434,180145
15435,180145
15436,180145
15437,180145
15438,180145
15439,180145
15440,180145
15441,180145
15442,180145
15443,180145
15444,180145
15445,180145
15446,180145
15447,180145
15448,180145
15449,180145
15450,180145
15451,180145
15452,180145
15453,180145
15454,180145
15455,180145
15456,180145
15457,180145
15458,180145
15459,180145
15460,180145
15461,180145
15462,180145
15463,180145
15464,180145
15465,180145
15466,180145
15467,180145
15468,180145
15469,180145
15470,180145
15471,180145
15472,180145
15473,180145
15474,180145
15475,180145
15476,180145
15477,180145
15478,180145
15479,180145
15480,180145
15481,180145
15482,180145
15483,180145
15484,180145
15485,180145
15486,180145
15487,180145
15488,180145
15489,180145
15490,180145
15491,180145
15492,180145
15493,180145
15494,180145
15495,180145
15496,180145
15497,180145
15498,180145
15499,180145
15500,180145
15501,180145
15502,180145
15503,180145
15504,180145
15505,180145
15506,180145
15507,180145
15508,180145
15509,180145
15510,180145
15511,180145
15512,180145
15513,180145
15514,180145
15515,180145
15516,180145
15517,180145
15518,180145
15519,180145
15520,180145
15521,180145
15522,180145
15523,180145
15524,180145
15525,180145
15526,180145
15527,180145
15528,180145
15529,180145
15530,180145
15531,180145
15532,180145
15533,180145
15534,180145
15535,180145
15536,180145
15537,180145
15538,180145
15539,180145
15540,180145
15541,180145
15542,180145
15543,180145
15544,180145
15545,180145
15546,180145
15547,180145
15548,180145
15549,180145
15550,180145
15551,180145
15552,180145
15553,180145
15554,180145
15555,180145
15556,180145
15557,180145
15558,180145
15559,180145
15560,180145
15561,180145
15562,180145
15563,180145
15564,180145
15565,180145
15566,180145
15567,180145
15568,180145
15569,180145
15570,180145
15571,180145
15572,180145
15573,180145
15574,180145
15575,180145
15576,180145
15577,180145
15578,180145
15579,180145
15580,180145
15581,180145
15582,180145
15583,180145
15584,180145
15585,180145
15586,180145
15587,180145
15588,180145
15589,180145
15590,180145
15591,180145
15592,180145
15593,180145
15594,180145
15595,180145
15596,180145
15597,180145
15598,180145
15599,180145
15600,180145
15601,180145
15602,180145
15603,180145
15604,180145
15605,180145
15606,180145
15607,180145
15608,180145
15609,180145
15610,180145
15611,180145
15612,180145
15613,180145
15614,180145
15615,180145
15616,180145
15617,180145
15618,180145
15619,180145
15620,180145
15621,180145
15622,180145
15623,180145
15624,180145
15625,180145
15626,180145
15627,180145
15628,180145
15629,180145
15630,180145
15631,180145
15632,180145
15633,180145
15634,180145
15635,180145
15636,180145
15637,180145
15638,180145
15639,180145
15640,180145
15641,180145
15642,180145
15643,180145
15644,180145
15645,180145
15646,180145
15647,180145
15648,180145
15649,180145
15650,180145
15651,180145
15652,180145
15653,180145
15654,180145
15655,180145
15656,180145
15657,180145
15658,180145
15659,180145
15660,180145
15661,180145
15662,180145
15663,180145
15664,180145
15665,180145
15666,180145
15667,180145
15668,180145
15669,180145
15670,180145
15671,180145
15672,180145
15673,180145
15674,180145
15675,180145
15676,180145
15677,180145
15678,180145
15679,180145
15680,180145
15681,180145
15682,180145
15683,180145
15684,180145
15685,180145
15686,180145
15687,180145
15688,180145
15689,180145
15690,180145
15691,180145
15692,180145
15693,180145
15694,180145
15695,180145
15696,180145
15697,180145
15698,180145
15699,180145
15700,180145
15701,180145
15702,180145
15703,180145
15704,180145
15705,180145
15706,180145
15707,180145
15708,180145
15709,180145
15710,180145
15711,180145
15712,180145
15713,180145
15714,180145
15715,180145
15716,180145
15717,180145
15718,180145
15719,180145
15720,180145
15721,180145
15722,180145
15723,180145
15724,180145
15725,180145
15726,180145
15727,180145
15728,180145
15729,180145
15730,180145
15731,180145
15732,180145
15733,180145
15734,180145
15735,180145
15736,180145
15737,180145
15738,180145
15739,180145
15740,180145
15741,180145
15742,180145
15743,180145
15744,180145
15745,180145
15746,180145
15747,180145
15748,180145
15749,180145
15750,180145
15751,180145
15752,180145
15753,180145
15754,180145
15755,180145
15756,180145
15757,180145
15758,180145
15759,180145
15760,180145
15761,180145
15762,180145
15763,180145
15764,180145
15765,180145
15766,180145
15767,180145
15768,180145
15769,180145
15770,180145
15771,180145
15772,180145
15773,180145
15774,180145
15775,180145
15776,180145
15777,180145
15778,180145
15779,180145
15780,180145
15781,180145
15782,180145
15783,180145
15784,180145
15785,180145
15786,180145
15787,180145
15788,180145
15789,180145
15790,180145
15791,180145
15792,180145
15793,180145
15794,180145
15795,180145
15796,180145
15797,180145
15798,180145
15799,180145
15800,180145
15801,180145
15802,180145
15803,180145
15804,180145
15805,180145
15806,180145
15807,180145
15808,180145
15809,180145
15810,180145
15811,180145
15812,180145
15813,180145
15814,180145
15815,180145
15816,180145
15817,180145
15818,180145
15819,180145
15820,180145
15821,180145
15822,180145
15823,180145
15824,180145
15825,180145
15826,180145
15827,180145
15828,180145
15829,180145
15830,180145
15831,180145
15832,180145
15833,180145
15834,180145
15835,180145
15836,180145
15837,180145
15838,180145
15839,180145
15840,180145
15841,180145
15842,180145
15843,180145
15844,180145
15845,180145
15846,180145
15847,180145
15848,180145
15849,180145
15850,180145
15851,180145
15852,180145
15853,180145
15854,180145
15855,180145
15856,180145
15857,180145
15858,180145
15859,180145
15860,180145
15861,180145
15862,180145
15863,180145
15864,180145
15865,180145
15866,180145
15867,180145
15868,180145
15869,180145
15870,180145
15871,180145
15872,180145
15873,180145
15874,180145
15875,180145
15876,180145
15877,180145
15878,180145
15879,180145
15880,180145
15881,180145
15882,180145
15883,180145
15884,180145
15885,180145
15886,180145
15887,180145
15888,180145
15889,180145
15890,180145
15891,180145
15892,180145
15893,180145
15894,180145
15895,180145
15896,180145
15897,180145
15898,180145
15899,180145
15900,180145
15901,180145
15902,180145
15903,180145
15904,180145
15905,180145
15906,180145
15907,180145
15908,180145
15909,180145
15910,180145
15911,180145
15912,180145
15913,180145
15914,180145
15915,180145
15916,180145
15917,180145
15918,180145
15919,180145
15920,180145
15921,180145
15922,180145
15923,180145
15924,180145
15925,180145
15926,180145
15927,180145
15928,180145
15929,180145
15930,180145
15931,180145
15932,180145
15933,180145
15934,180145
15935,180145
15936,180145
15937,180145
15938,180145
15939,180145
15940,180145
15941,180145
15942,180145
15943,180145
15944,180145
15945,180145
15946,180145
15947,180145
15948,180145
15949,180145
15950,180145
15951,180145
15952,180145
15953,180145
15954,180145
15955,180145
15956,180145
15957,180145
15958,180145
15959,180145
15960,180145
15961,180145
15962,180145
15963,180145
15964,180145
15965,180145
15966,180145
15967,180145
15968,180145
15969,180145
15970,180145
15971,180145
15972,180145
15973,180145
15974,180145
15975,180145
15976,180145
15977,180145
15978,180145
15979,180145
15980,180145
15981,180145
15982,180145
15983,180145
15984,180145
15985,180145
15986,180145
15987,180145
15988,180145
15989,180145
15990,180145
15991,180145
15992,180145
15993,180145
15994,180145
15995,180145
15996,180145
15997,180145
15998,180145
15999,180145
16000,180145
16001,180145
16002,180145
16003,180145
16004,180145
16005,180145
16006,180145
16007,180145
16008,180145
16009,180145
16010,180145
16011,180145
16012,180145
16013,180145
16014,180145
16015,180145
16016,180145
16017,180145
16018,180145
16019,180145
16020,180145
16021,180145
16022,180145
16023,180145
16024,180145
16025,180145
16026,180145
16027,180145
16028,180145
16029,180145
16030,180145
16031,180145
16032,180145
16033,180145
16034,180145
16035,180145
16036,180145
16037,180145
16038,180145
16039,180145
16040,180145
16041,180145
16042,180145
16043,180145
16044,180145
16045,180145
16046,180145
16047,180145
16048,180145
16049,180145
16050,180145
16051,180145
16052,180145
16053,180145
16054,180145
16055,180145
16056,180145
16057,180145
16058,180145
16059,180145
16060,180145
16061,180145
16062,180145
16063,180145
16064,180145
16065,180145
16066,180145
16067,180145
16068,180145
16069,180145
16070,180145
16071,180145
16072,180145
16073,180145
16074,180145
16075,180145
16076,180145
16077,180145
16078,180145
16079,180145
16080,180145
16081,180145
16082,180145
16083,180145
16084,180145
16085,180145
16086,180145
16087,180145
16088,180145
16089,180145
16090,180145
16091,180145
16092,180145
16093,180145
16094,180145
16095,180145
16096,180145
16097,180145
16098,180145
16099,180145
16100,180145
16101,180145
16102,180145
16103,180145
16104,180145
16105,180145
16106,180145
16107,180145
16108,180145
16109,180145
16110,180145
16111,180145
16112,180145
16113,180145
16114,180145
16115,180145
16116,180145
16117,180145
16118,180145
16119,180145
16120,180145
16121,180145
16122,180145
16123,180145
16124,180145
16125,180145
16126,180145
16127,180145
16128,180145
16129,180145
16130,180145
16131,180145
16132,180145
16133,180145
16134,180145
16135,180145
16136,180145
16137,180145
16138,180145
16139,180145
16140,180145
16141,180145
16142,180145
16143,180145
16144,180145
16145,180145
16146,180145
16147,180145
16148,180145
16149,180145
16150,180145
16151,180145
16152,180145
16153,180145
16154,180145
16155,180145
16156,180145
16157,180145
16158,180145
16159,180145
16160,180145
16161,180145
16162,180145
16163,180145
16164,180145
16165,180145
16166,180145
16167,180145
16168,180145
16169,180145
16170,180145
16171,180145
16172,180145
16173,180145
16174,180145
16175,180145
16176,180145
16177,180145
16178,180145
16179,180145
16180,180145
16181,180145
16182,180145
16183,180145
16184,180145
16185,180145
16186,180145
16187,180145
16188,180145
16189,180145
16190,180145
16191,180145
16192,180145
16193,180145
16194,180145
16195,180145
16196,180145
16197,180145
16198,180145
16199,180145
16200,180145
16201,180145
16202,180145
16203,180145
16204,180145
16205,180145
16206,180145
16207,180145
16208,180145
16209,180145
16210,180145
16211,180145
16212,180145
16213,180145
16214,180145
16215,180145
16216,180145
16217,180145
16218,180145
16219,180145
16220,180145
16221,180145
16222,180145
16223,180145
16224,180145
16225,180145
16226,180145
16227,180145
16228,180145
16229,180145
16230,180145
16231,180145
16232,180145
16233,180145
16234,180145
16235,180145
16236,180145
16237,180145
16238,180145
16239,180145
16240,180145
16241,180145
16242,180145
16243,180145
16244,180145
16245,180145
16246,180145
16247,180145
16248,180145
16249,180145
16250,180145
16251,180145
16252,180145
16253,180145
16254,180145
16255,180145
16256,180145
16257,180145
16258,180145
16259,180145
16260,180145
16261,180145
16262,180145
16263,180145
16264,180145
16265,180145
16266,180145
16267,180145
16268,180145
16269,180145
16270,180145
16271,180145
16272,180145
16273,180145
16274,180145
16275,180145
16276,180145
16277,180145
16278,180145
16279,180145
16280,180145
16281,180145
16282,180145
16283,180145
16284,180145
16285,180145
16286,180145
16287,180145
16288,180145
16289,180145
16290,180145
16291,180145
16292,180145
16293,180145
16294,180145
16295,180145
16296,180145
16297,180145
16298,180145
16299,180145
16300,180145
16301,180145
16302,180145
16303,180145
16304,180145
16305,180145
16306,180145
16307,180145
16308,180145
16309,180145
16310,180145
16311,180145
16312,180145
16313,180145
16314,180145
16315,180145
16316,180145
16317,180145
16318,180145
16319,180145
16320,180145
16321,180145
16322,180145
16323,180145
16324,180145
16325,180145
16326,180145
16327,180145
16328,180145
16329,180145
16330,180145
16331,180145
16332,180145
16333,180145
16334,180145
16335,180145
16336,180145
16337,180145
16338,180145
16339,180145
16340,180145
16341,180145
16342,180145
16343,180145
16344,180145
16345,180145
16346,180145
16347,180145
16348,180145
16349,180145
16350,180145
16351,180145
16352,180145
16353,180145
16354,180145
16355,180145
16356,180145
16357,180145
16358,180145
16359,180145
16360,180145
16361,180145
16362,180145
16363,180145
16364,180145
16365,180145
16366,180145
16367,180145
16368,180145
16369,180145
16370,180145
16371,180145
16372,180145
16373,180145
16374,180145
16375,180145
16376,180145
16377,180145
16378,180145
16379,180145
16380,180145
16381,180145
16382,180145
16383,180145
16384,180145
16385,180145
16386,180145
16387,180145
16388,180145
16389,180145
16390,180145
16391,180145
16392,180145
16393,180145
16394,180145
16395,180145
16396,180145
16397,180145
16398,180145
16399,180145
16400,180145
16401,180145
16402,180145
16403,180145
16404,180145
16405,180145
16406,180145
16407,180145
16408,180145
16409,180145
16410,180145
16411,180145
16412,180145
16413,180145
16414,180145
16415,180145
16416,180145
16417,180145
16418,180145
16419,180145
16420,180145
16421,180145
16422,180145
16423,180145
16424,180145
16425,180145
16426,180145
16427,180145
16428,180145
16429,180145
16430,180145
16431,180145
16432,180145
16433,180145
16434,180145
16435,180145
16436,180145
16437,180145
16438,180145
16439,180145
16440,180145
16441,180145
16442,180145
16443,180145
16444,180145
16445,180145
16446,180145
16447,180145
16448,180145
16449,180145
16450,180145
16451,180145
16452,180145
16453,180145
16454,180145
16455,180145
16456,180145
16457,180145
16458,180145
16459,180145
16460,180145
16461,180145
16462,180145
16463,180145
16464,180145
16465,180145
16466,180145
16467,180145
16468,180145
16469,180145
16470,180145
16471,180145
16472,180145
16473,180145
16474,180145
16475,180145
16476,180145
16477,180145
16478,180145
16479,180145
16480,180145
16481,180145
16482,180145
16483,180145
16484,180145
16485,180145
16486,180145
16487,180145
16488,180145
16489,180145
16490,180145
16491,180145
16492,180145
16493,180145
16494,180145
16495,180145
16496,180145
16497,180145
16498,180145
16499,180145
16500,180145
16501,180145
16502,180145
16503,180145
16504,180145
16505,180145
16506,180145
16507,180145
16508,180145
16509,180145
16510,180145
16511,180145
16512,180145
16513,180145
16514,180145
16515,180145
16516,180145
16517,180145
16518,180145
16519,180145
16520,180145
16521,180145
16522,180145
16523,180145
16524,180145
16525,180145
16526,180145
16527,180145
16528,180145
16529,180145
16530,180145
16531,180145
16532,180145
16533,180145
16534,180145
16535,180145
16536,180145
16537,180145
16538,180145
16539,180145
16540,180145
16541,180145
16542,180145
16543,180145
16544,180145
16545,180145
16546,180145
16547,180145
16548,180145
16549,180145
16550,180145
16551,180145
16552,180145
16553,180145
16554,180145
16555,180145
16556,180145
16557,180145
16558,180145
16559,180145
16560,180145
16561,180145
16562,180145
16563,180145
16564,180145
16565,180145
16566,180145
16567,180145
16568,180145
16569,180145
16570,180145
16571,180145
16572,180145
16573,180145
16574,180145
16575,180145
16576,180145
16577,180145
16578,180145
16579,180145
16580,180145
16581,180145
16582,180145
16583,180145
16584,180145
16585,180145
16586,180145
16587,180145
16588,180145
16589,180145
16590,180145
16591,180145
16592,180145
16593,180145
16594,180145
16595,180145
16596,180145
16597,180145
16598,180145
16599,180145
16600,180145
16601,180145
16602,180145
16603,180145
16604,180145
16605,180145
16606,180145
16607,180145
16608,180145
16609,180145
16610,180145
16611,180145
16612,180145
16613,180145
16614,180145
16615,180145
16616,180145
16617,180145
16618,180145
16619,180145
16620,180145
16621,180145
16622,180145
16623,180145
16624,180145
16625,180145
16626,180145
16627,180145
16628,180145
16629,180145
16630,180145
16631,180145
16632,180145
16633,180145
16634,180145
16635,180145
16636,180145
16637,180145
16638,180145
16639,180145
16640,180145
16641,180145
16642,180145
16643,180145
16644,180145
16645,180145
16646,180145
16647,180145
16648,180145
16649,180145
16650,180145
16651,180145
16652,180145
16653,180145
16654,180145
16655,180145
16656,180145
16657,180145
16658,180145
16659,180145
16660,180145
16661,180145
16662,180145
16663,180145
16664,180145
16665,180145
16666,180145
16667,180145
16668,180145
16669,180145
16670,180145
16671,180145
16672,180145
16673,180145
16674,180145
16675,180145
16676,180145
16677,180145
16678,180145
16679,180145
16680,180145
16681,180145
16682,180145
16683,180145
16684,180145
16685,180145
16686,180145
16687,180145
16688,180145
16689,180145
16690,180145
16691,180145
16692,180145
16693,180145
16694,180145
16695,180145
16696,180145
16697,180145
16698,180145
16699,180145
16700,180145
16701,180145
16702,180145
16703,180145
16704,180145
16705,180145
16706,180145
16707,180145
16708,180145
16709,180145
16710,180145
16711,180145
16712,180145
16713,180145
16714,180145
16715,180145
16716,180145
16717,180145
16718,180145
16719,180145
16720,180145
16721,180145
16722,180145
16723,180145
16724,180145
16725,180145
16726,180145
16727,180145
16728,180145
16729,180145
16730,180145
16731,180145
16732,180145
16733,180145
16734,180145
16735,180145
16736,180145
16737,180145
16738,180145
16739,180145
16740,180145
16741,180145
16742,180145
16743,180145
16744,180145
16745,180145
16746,180145
16747,180145
16748,180145
16749,180145
16750,180145
16751,180145
16752,180145
16753,180145
16754,180145
16755,180145
16756,180145
16757,180145
16758,180145
16759,180145
16760,180145
16761,180145
16762,180145
16763,180145
16764,180145
16765,180145
16766,180145
16767,180145
16768,180145
16769,180145
16770,180145
16771,180145
16772,180145
16773,180145
16774,180145
16775,180145
16776,180145
16777,180145
16778,180145
16779,180145
16780,180145
16781,180145
16782,180145
16783,180145
16784,180145
16785,180145
16786,180145
16787,180145
16788,180145
16789,180145
16790,180145
16791,180145
16792,180145
16793,180145
16794,180145
16795,180145
16796,180145
16797,180145
16798,180145
16799,180145
16800,180145
16801,180145
16802,180145
16803,180145
16804,180145
16805,180145
16806,180145
16807,180145
16808,180145
16809,180145
16810,180145
16811,180145
16812,180145
16813,180145
16814,180145
16815,180145
16816,180145
16817,180145
16818,180145
16819,180145
16820,180145
16821,180145
16822,180145
16823,180145
16824,180145
16825,180145
16826,180145
16827,180145
16828,180145
16829,180145
16830,180145
16831,180145
16832,180145
16833,180145
16834,180145
16835,180145
16836,180145
16837,180145
16838,180145
16839,180145
16840,180145
16841,180145
16842,180145
16843,180145
16844,180145
16845,180145
16846,180145
16847,180145
16848,180145
16849,180145
16850,180145
16851,180145
16852,180145
16853,180145
16854,180145
16855,180145
16856,180145
16857,180145
16858,180145
16859,180145
16860,180145
16861,180145
16862,180145
16863,180145
16864,180145
16865,180145
16866,180145
16867,180145
16868,180145
16869,180145
16870,180145
16871,180145
16872,180145
16873,180145
16874,180145
16875,180145
16876,180145
16877,180145
16878,180145
16879,180145
16880,180145
16881,180145
16882,180145
16883,180145
16884,180145
16885,180145
16886,180145
16887,180145
16888,180145
16889,180145
16890,180145
16891,180145
16892,180145
16893,180145
16894,180145
16895,180145
16896,180145
16897,180145
16898,180145
16899,180145
16900,180145
16901,180145
16902,180145
16903,180145
16904,180145
16905,180145
16906,180145
16907,180145
16908,180145
16909,180145
16910,180145
16911,180145
16912,180145
16913,180145
16914,180145
16915,180145
16916,180145
16917,180145
16918,180145
16919,180145
16920,180145
16921,180145
16922,180145
16923,180145
16924,180145
16925,180145
16926,180145
16927,180145
16928,180145
16929,180145
16930,180145
16931,180145
16932,180145
16933,180145
16934,180145
16935,180145
16936,180145
16937,180145
16938,180145
16939,180145
16940,180145
16941,180145
16942,180145
16943,180145
16944,180145
16945,180145
16946,180145
16947,180145
16948,180145
16949,180145
16950,180145
16951,180145
16952,180145
16953,180145
16954,180145
16955,180145
16956,180145
16957,180145
16958,180145
16959,180145
16960,180145
16961,180145
16962,180145
16963,180145
16964,180145
16965,180145
16966,180145
16967,180145
16968,180145
16969,180145
16970,180145
16971,180145
16972,180145
16973,180145
16974,180145
16975,180145
16976,180145
16977,180145
16978,180145
16979,180145
16980,180145
16981,180145
16982,180145
16983,180145
16984,180145
16985,180145
16986,180145
16987,180145
16988,180145
16989,180145
16990,180145
16991,180145
16992,180145
16993,180145
16994,180145
16995,180145
16996,180145
16997,180145
16998,180145
16999,180145
17000,180145
17001,180145
17002,180145
17003,180145
17004,180145
17005,180145
17006,180145
17007,180145
17008,180145
17009,180145
17010,180145
17011,180145
17012,180145
17013,180145
17014,180145
17015,180145
17016,180145
17017,180145
17018,180145
17019,180145
17020,180145
17021,180145
17022,180145
17023,180145
17024,180145
17025,180145
17026,180145
17027,180145
17028,180145
17029,180145
17030,180145
17031,180145
17032,180145
17033,180145
17034,180145
17035,180145
17036,180145
17037,180145
17038,180145
17039,180145
17040,180145
17041,180145
17042,180145
17043,180145
17044,180145
17045,180145
17046,180145
17047,180145
17048,180145
17049,180145
17050,180145
17051,180145
17052,180145
17053,180145
17054,180145
17055,180145
17056,180145
17057,180145
17058,180145
17059,180145
17060,180145
17061,180145
17062,180145
17063,180145
17064,180145
17065,180145
17066,180145
17067,180145
17068,180145
17069,180145
17070,180145
17071,180145
17072,180145
17073,180145
17074,180145
17075,180145
17076,180145
17077,180145
17078,180145
17079,180145
17080,180145
17081,180145
17082,180145
17083,180145
17084,180145
17085,180145
17086,180145
17087,180145
17088,180145
17089,180145
17090,180145
17091,180145
17092,180145
17093,180145
17094,180145
17095,180145
17096,180145
17097,180145
17098,180145
17099,180145
17100,180145
17101,180145
17102,180145
17103,180145
17104,180145
17105,180145
17106,180145
17107,180145
17108,180145
17109,180145
17110,180145
17111,180145
17112,180145
17113,180145
17114,180145
17115,180145
17116,184450
17117,184450
17118,184450
17119,184450
17120,184450
17121,184450
17122,184450
17123,184450
17124,184450
17125,184450
17126,184450
17127,184450
17128,184450
17129,184450
17130,184450
17131,184450
17132,184450
17133,184450
17134,184450
17135,184450
17136,184450
17137,184450
17138,184450
17139,184450
17140,184450
17141,184450
17142,184450
17143,184450
17144,184450
17145,184450
17146,184450
17147,184450
17148,184450
17149,184450
17150,184450
17151,184450
17152,184450
17153,184450
17154,184450
17155,184450
17156,184450
17157,184450
17158,184450
17159,184450
17160,184450
17161,184450
17162,184450
17163,184450
17164,184450
17165,184450
17166,184450
17167,184450
17168,184450
17169,184450
17170,184450
17171,184450
17172,184450
17173,184450
17174,184450
17175,184450
17176,184450
17177,184450
17178,184450
17179,184450
17180,184450
17181,184450
17182,184450
17183,184450
17184,184450
17185,184450
17186,184450
17187,184450
17188,184450
17189,184450
17190,184450
17191,184450
17192,184450
17193,184450
17194,184450
17195,184450
17196,184450
17197,184450
17198,184450
17199,184450
17200,184450
17201,184450
17202,184450
17203,184450
17204,184450
17205,184450
17206,184450
17207,184450
17208,184450
17209,184450
17210,184450
17211,184450
17212,184450
17213,184450
17214,184450
17215,184450
17216,184450
17217,184450
17218,184450
17219,184450
17220,184450
17221,184450
17222,184450
17223,184450
17224,184450
17225,184450
17226,184450
17227,184450
17228,184450
17229,184450
17230,184450
17231,184450
17232,184450
17233,184450
17234,184450
17235,184450
17236,184450
17237,184450
17238,184450
17239,184450
17240,184450
17241,184450
17242,184450
17243,184450
17244,184450
17245,184450
17246,184450
17247,184450
17248,184450
17249,184450
17250,184450
17251,184450
17252,184450
17253,184450
17254,184450
17255,184450
17256,184450
17257,184450
17258,184450
17259,184450
17260,184450
17261,184450
17262,184450
17263,184450
17264,184450
17265,184450
17266,184450
17267,184450
17268,184450
17269,184450
17270,184450
17271,184450
17272,184450
17273,184450
17274,184450
17275,184450
17276,184450
17277,184450
17278,184450
17279,184450
17280,184450
17281,184450
17282,184450
17283,184450
17284,184450
17285,184450
17286,184450
17287,184450
17288,184450
17289,184450
17290,184450
17291,184450
17292,184450
17293,184450
17294,184450
17295,184450
17296,184450
17297,184450
17298,184450
17299,184450
17300,184450
17301,184450
17302,184450
17303,184450
17304,184450
17305,184450
17306,184450
17307,184450
17308,184450
17309,184450
17310,184450
17311,184450
17312,184450
17313,184450
17314,184450
17315,184450
17316,184450
17317,184450
17318,184450
17319,184450
17320,184450
17321,184450
17322,184450
17323,184450
17324,184450
17325,184450
17326,184450
17327,184450
17328,184450
17329,184450
17330,184450
17331,184450
17332,184450
17333,184450
17334,184450
17335,184450
17336,184450
17337,184450
17338,184450
17339,184450
17340,184450
17341,184450
17342,184450
17343,184450
17344,184450
17345,184450
17346,184450
17347,184450
17348,184450
17349,184450
17350,184450
17351,184450
17352,184450
17353,184450
17354,184450
17355,184450
17356,184450
17357,184450
17358,184450
17359,184450
17360,184450
17361,184450
17362,184450
17363,184450
17364,184450
17365,184450
17366,184450
17367,184450
17368,184450
17369,184450
17370,184450
17371,184450
17372,184450
17373,184450
17374,184450
17375,184450
17376,184450
17377,184450
17378,184450
17379,184450
17380,184450
17381,184450
17382,184450
17383,184450
17384,184450
17385,184450
17386,184450
17387,184450
17388,184450
17389,184450
17390,184450
17391,184450
17392,184450
17393,184450
17394,184450
17395,184450
17396,184450
17397,184450
17398,184450
17399,184450
17400,184450
17401,184450
17402,184450
17403,184450
17404,184450
17405,184450
17406,184450
17407,184450
17408,184450
17409,184450
17410,184450
17411,184450
17412,184450
17413,184450
17414,184450
17415,184450
17416,184450
17417,184450
17418,184450
17419,184450
17420,184450
17421,184450
17422,184450
17423,184450
17424,184450
17425,184450
17426,184450
17427,184450
17428,184450
17429,184450
17430,184450
17431,184450
17432,184450
17433,184450
17434,184450
17435,184450
17436,184450
17437,184450
17438,184450
17439,184450
17440,184450
17441,184450
17442,184450
17443,184450
17444,184450
17445,184450
17446,184450
17447,184450
17448,184450
17449,184450
17450,184450
17451,184450
17452,184450
17453,184450
17454,184450
17455,184450
17456,184450
17457,184450
17458,184450
17459,184450
17460,184450
17461,184450
17462,184450
17463,184450
17464,184450
17465,184450
17466,184450
17467,184450
17468,184450
17469,184450
17470,184450
17471,184450
17472,184450
17473,184450
17474,184450
17475,184450
17476,184450
17477,184450
17478,184450
17479,184450
17480,184450
17481,184450
17482,184450
17483,184450
17484,184450
17485,184450
17486,184450
17487,184450
17488,184450
17489,184450
17490,184450
17491,184450
17492,184450
17493,184450
17494,184450
17495,184450
17496,184450
17497,184450
17498,184450
17499,184450
17500,184450
17501,184450
17502,184450
17503,184450
17504,184450
17505,184450
17506,184450
17507,184450
17508,184450
17509,184450
17510,184450
17511,184450
17512,184450
17513,184450
17514,184450
17515,184450
17516,184450
17517,184450
17518,184450
17519,184450
17520,184450
17521,184450
17522,184450
17523,184450
17524,184450
17525,184450
17526,184450
17527,184450
17528,184450
17529,184450
17530,184450
17531,184450
17532,184450
17533,184450
17534,184450
17535,184450
17536,184450
17537,184450
17538,184450
17539,184450
17540,184450
17541,184450
17542,184450
17543,184450
17544,184450
17545,184450
17546,184450
17547,184450
17548,184450
17549,184450
17550,184450
17551,184450
17552,184450
17553,184450
17554,184450
17555,184450
17556,184450
17557,184450
17558,184450
17559,184450
17560,184450
17561,184450
17562,184450
17563,184450
17564,184450
17565,184450
17566,184450
17567,184450
17568,184450
17569,184450
17570,184450
17571,184450
17572,184450
17573,184450
17574,184450
17575,184450
17576,184450
17577,184450
17578,184450
17579,184450
17580,184450
17581,184450
17582,184450
17583,184450
17584,184450
17585,184450
17586,184450
17587,184450
17588,184450
17589,184450
17590,184450
17591,184450
17592,184450
17593,184450
17594,184450
17595,184450
17596,184450
17597,184450
17598,184450
17599,184450
17600,184450
17601,184450
17602,184450
17603,184450
17604,184450
17605,184450
17606,184450
17607,184450
17608,184450
17609,184450
17610,184450
17611,184450
17612,184450
17613,184450
17614,184450
17615,184450
17616,184450
17617,184450
17618,184450
17619,184450
17620,184450
17621,184450
17622,184450
17623,184450
17624,184450
17625,184450
17626,184450
17627,184450
17628,184450
17629,184450
17630,184450
17631,184450
17632,184450
17633,184450
17634,184450
17635,184450
17636,184450
17637,184450
17638,184450
17639,184450
17640,184450
17641,184450
17642,184450
17643,184450
17644,184450
17645,184450
17646,184450
17647,184450
17648,184450
17649,184450
17650,184450
17651,184450
17652,184450
17653,184450
17654,184450
17655,184450
17656,184450
17657,184450
17658,184450
17659,184450
17660,184450
17661,184450
17662,184450
17663,184450
17664,184450
17665,184450
17666,184450
17667,184450
17668,184450
17669,184450
17670,184450
17671,184450
17672,184450
17673,184450
17674,184450
17675,184450
17676,184450
17677,184450
17678,184450
17679,184450
17680,184450
17681,184450
17682,184450
17683,184450
17684,184450
17685,184450
17686,184450
17687,184450
17688,184450
17689,184450
17690,184450
17691,184450
17692,184450
17693,184450
17694,184450
17695,184450
17696,184450
17697,184450
17698,184450
17699,184450
17700,184450
17701,184450
17702,184450
17703,184450
17704,184450
17705,184450
17706,184450
17707,184450
17708,184450
17709,184450
17710,184450
17711,184450
17712,184450
17713,184450
17714,184450
17715,184450
17716,184450
17717,184450
17718,184450
17719,184450
17720,184450
17721,184450
17722,184450
17723,184450
17724,184450
17725,184450
17726,184450
17727,184450
17728,184450
17729,184450
17730,184450
17731,184450
17732,184450
17733,184450
17734,184450
17735,184450
17736,184450
17737,184450
17738,184450
17739,184450
17740,184450
17741,184450
17742,184450
17743,184450
17744,184450
17745,184450
17746,184450
17747,184450
17748,184450
17749,184450
17750,184450
17751,184450
17752,184450
17753,184450
17754,184450
17755,184450
17756,184450
17757,184450
17758,184450
17759,184450
17760,184450
17761,184450
17762,184450
17763,184450
17764,184450
17765,184450
17766,184450
17767,184450
17768,184450
17769,184450
17770,184450
17771,184450
17772,184450
17773,184450
17774,184450
17775,184450
17776,184450
17777,184450
17778,184450
17779,184450
17780,184450
17781,184450
17782,184450
17783,184450
17784,184450
17785,184450
17786,184450
17787,184450
17788,184450
17789,184450
17790,184450
17791,184450
17792,184450
17793,184450
17794,184450
17795,184450
17796,184450
17797,184450
17798,184450
17799,184450
17800,184450
17801,184450
17802,184450
17803,184450
17804,184450
17805,184450
17806,184450
17807,184450
17808,184450
17809,184450
17810,184450
17811,184450
17812,184450
17813,184450
17814,184450
17815,184450
17816,184450
17817,184450
17818,184450
17819,184450
17820,184450
17821,184450
17822,184450
17823,184450
17824,184450
17825,184450
17826,184450
17827,184450
17828,184450
17829,184450
17830,184450
17831,184450
17832,184450
17833,184450
17834,184450
17835,184450
17836,184450
17837,184450
17838,184450
17839,184450
17840,184450
17841,184450
17842,184450
17843,184450
17844,184450
17845,184450
17846,184450
17847,184450
17848,184450
17849,184450
17850,184450
17851,184450
17852,184450
17853,184450
17854,184450
17855,184450
17856,184450
17857,184450
17858,184450
17859,184450
17860,184450
17861,184450
17862,184450
17863,184450
17864,184450
17865,184450
17866,184450
17867,184450
17868,184450
17869,184450
17870,184450
17871,184450
17872,184450
17873,184450
17874,184450
17875,184450
17876,184450
17877,184450
17878,184450
17879,184450
17880,184450
17881,184450
17882,184450
17883,184450
17884,184450
17885,184450
17886,184450
17887,184450
17888,184450
17889,184450
17890,184450
17891,184450
17892,184450
17893,184450
17894,184450
17895,184450
17896,184450
17897,184450
17898,184450
17899,184450
17900,184450
17901,184450
17902,184450
17903,184450
17904,184450
17905,184450
17906,184450
17907,184450
17908,184450
17909,184450
17910,184450
17911,184450
17912,184450
17913,184450
17914,184450
17915,184450
17916,184450
17917,184450
17918,184450
17919,184450
17920,184450
17921,184450
17922,184450
17923,184450
17924,184450
17925,184450
17926,184450
17927,184450
17928,184450
17929,184450
17930,184450
17931,184450
17932,184450
17933,184450
17934,184450
17935,184450
17936,184450
17937,184450
17938,184450
17939,184450
17940,184450
17941,184450
17942,184450
17943,184450
17944,184450
17945,184450
17946,184450
17947,184450
17948,184450
17949,184450
17950,184450
17951,184450
17952,184450
17953,184450
17954,184450
17955,184450
17956,184450
17957,184450
17958,184450
17959,184450
17960,184450
17961,184450
17962,184450
17963,184450
17964,184450
17965,184450
17966,184450
17967,184450
17968,184450
17969,184450
17970,184450
17971,184450
17972,184450
17973,184450
17974,184450
17975,184450
17976,184450
17977,184450
17978,184450
17979,184450
17980,184450
17981,184450
17982,184450
17983,184450
17984,184450
17985,184450
17986,184450
17987,184450
17988,184450
17989,184450
17990,184450
17991,184450
17992,184450
17993,184450
17994,184450
17995,184450
17996,184450
17997,184450
17998,184450
17999,184450
18000,184450
18001,184450
18002,184450
18003,184450
18004,184450
18005,184450
18006,184450
18007,184450
18008,184450
18009,184450
18010,184450
18011,184450
18012,184450
18013,184450
18014,184450
18015,184450
18016,184450
18017,184450
18018,184450
18019,184450
18020,184450
18021,184450
18022,184450
18023,184450
18024,184450
18025,184450
18026,184450
18027,184450
18028,184450
18029,184450
18030,184450
18031,184450
18032,184450
18033,184450
18034,184450
18035,184450
18036,184450
18037,184450
18038,184450
18039,184450
18040,184450
18041,184450
18042,184450
18043,184450
18044,184450
18045,184450
18046,184450
18047,184450
18048,184450
18049,184450
18050,184450
18051,184450
18052,184450
18053,184450
18054,184450
18055,184450
18056,184450
18057,184450
18058,184450
18059,184450
18060,184450
18061,184450
18062,184450
18063,184450
18064,184450
18065,184450
18066,184450
18067,184450
18068,184450
18069,184450
18070,184450
18071,184450
18072,184450
18073,184450
18074,184450
18075,184450
18076,184450
18077,184450
18078,184450
18079,184450
18080,184450
18081,184450
18082,184450
18083,184450
18084,184450
18085,184450
18086,184450
18087,184450
18088,184450
18089,184450
18090,184450
18091,184450
18092,184450
18093,184450
18094,184450
18095,184450
18096,184450
18097,184450
18098,184450
18099,184450
18100,184450
18101,184450
18102,184450
18103,184450
18104,184450
18105,184450
18106,184450
18107,184450
18108,184450
18109,184450
18110,184450
18111,184450
18112,184450
18113,184450
18114,184450
18115,184450
18116,184450
18117,184450
18118,184450
18119,184450
18120,184450
18121,184450
18122,184450
18123,184450
18124,184450
18125,184450
18126,184450
18127,184450
18128,184450
18129,184450
18130,184450
18131,184450
18132,184450
18133,184450
18134,184450
18135,184450
18136,184450
18137,184450
18138,184450
18139,184450
18140,184450
18141,184450
18142,184450
18143,184450
18144,184450
18145,184450
18146,184450
18147,184450
18148,184450
18149,184450
18150,184450
18151,184450
18152,184450
18153,184450
18154,184450
18155,184450
18156,184450
18157,184450
18158,184450
18159,184450
18160,184450
18161,184450
18162,184450
18163,184450
18164,184450
18165,184450
18166,184450
18167,184450
18168,184450
18169,184450
18170,184450
18171,184450
18172,184450
18173,184450
18174,184450
18175,184450
18176,184450
18177,184450
18178,184450
18179,184450
18180,184450
18181,184450
18182,184450
18183,184450
18184,184450
18185,184450
18186,184450
18187,184450
18188,184450
18189,184450
18190,184450
18191,184450
18192,184450
18193,184450
18194,184450
18195,184450
18196,184450
18197,184450
18198,184450
18199,184450
18200,184450
18201,184450
18202,184450
18203,184450
18204,184450
18205,184450
18206,184450
18207,184450
18208,184450
18209,184450
18210,184450
18211,184450
18212,184450
18213,184450
18214,184450
18215,184450
18216,184450
18217,184450
18218,184450
18219,184450
18220,184450
18221,184450
18222,184450
18223,184450
18224,184450
18225,184450
18226,184450
18227,184450
18228,184450
18229,184450
18230,184450
18231,184450
18232,184450
18233,184450
18234,184450
18235,184450
18236,184450
18237,184450
18238,184450
18239,184450
18240,184450
18241,184450
18242,184450
18243,184450
18244,184450
18245,184450
18246,184450
18247,184450
18248,184450
18249,184450
18250,184450
18251,184450
18252,184450
18253,184450
18254,184450
18255,184450
18256,184450
18257,184450
18258,184450
18259,184450
18260,184450
18261,184450
18262,184450
18263,184450
18264,184450
18265,184450
18266,184450
18267,184450
18268,184450
18269,184450
18270,184450
18271,184450
18272,184450
18273,184450
18274,184450
18275,184450
18276,184450
18277,184450
18278,184450
18279,184450
18280,184450
18281,184450
18282,184450
18283,184450
18284,184450
18285,184450
18286,184450
18287,184450
18288,184450
18289,184450
18290,184450
18291,184450
18292,184450
18293,184450
18294,184450
18295,184450
18296,184450
18297,184450
18298,184450
18299,184450
18300,184450
18301,184450
18302,184450
18303,184450
18304,184450
18305,184450
18306,184450
18307,184450
18308,184450
18309,184450
18310,184450
18311,184450
18312,184450
18313,184450
18314,184450
18315,184450
18316,184450
18317,184450
18318,184450
18319,184450
18320,184450
18321,184450
18322,184450
18323,184450
18324,184450
18325,184450
18326,184450
18327,184450
18328,184450
18329,184450
18330,184450
18331,184450
18332,184450
18333,184450
18334,184450
18335,184450
18336,184450
18337,184450
18338,184450
18339,184450
18340,184450
18341,184450
18342,184450
18343,184450
18344,184450
18345,184450
18346,184450
18347,184450
18348,184450
18349,184450
18350,184450
18351,184450
18352,184450
18353,184450
18354,184450
18355,184450
18356,184450
18357,184450
18358,184450
18359,184450
18360,184450
18361,184450
18362,184450
18363,184450
18364,184450
18365,184450
18366,184450
18367,184450
18368,184450
18369,184450
18370,184450
18371,184450
18372,184450
18373,184450
18374,184450
18375,184450
18376,184450
18377,184450
18378,184450
18379,184450
18380,184450
18381,184450
18382,184450
18383,184450
18384,184450
18385,184450
18386,184450
18387,184450
18388,184450
18389,184450
18390,184450
18391,184450
18392,184450
18393,184450
18394,184450
18395,184450
18396,184450
18397,184450
18398,184450
18399,184450
18400,184450
18401,184450
18402,184450
18403,184450
18404,184450
18405,184450
18406,184450
18407,184450
18408,184450
18409,184450
18410,184450
18411,184450
18412,184450
18413,184450
18414,184450
18415,184450
18416,184450
18417,184450
18418,184450
18419,184450
18420,184450
18421,184450
18422,184450
18423,184450
18424,184450
18425,184450
18426,184450
18427,184450
18428,184450
18429,184450
18430,184450
18431,184450
18432,184450
18433,184450
18434,184450
18435,184450
18436,184450
18437,184450
18438,184450
18439,184450
18440,184450
18441,184450
18442,184450
18443,184450
18444,184450
18445,184450
18446,184450
18447,184450
18448,184450
18449,184450
18450,184450
18451,184450
18452,184450
18453,184450
18454,184450
18455,184450
18456,184450
18457,184450
18458,184450
18459,184450
18460,184450
18461,184450
18462,184450
18463,184450
18464,184450
18465,184450
18466,184450
18467,184450
18468,184450
18469,184450
18470,184450
18471,184450
18472,184450
18473,184450
18474,184450
18475,184450
18476,184450
18477,184450
18478,184450
18479,184450
18480,184450
18481,184450
18482,184450
18483,184450
18484,184450
18485,184450
18486,184450
18487,184450
18488,184450
18489,184450
18490,184450
18491,184450
18492,184450
18493,184450
18494,184450
18495,184450
18496,184450
18497,184450
18498,184450
18499,184450
18500,184450
18501,184450
18502,184450
18503,184450
18504,184450
18505,184450
18506,184450
18507,184450
18508,184450
18509,184450
18510,184450
18511,184450
18512,184450
18513,184450
18514,184450
18515,184450
18516,184450
18517,184450
18518,184450
18519,184450
18520,184450
18521,184450
18522,184450
18523,184450
18524,184450
18525,184450
18526,184450
18527,184450
18528,184450
18529,184450
18530,184450
18531,184450
18532,184450
18533,184450
18534,184450
18535,184450
18536,184450
18537,184450
18538,184450
18539,184450
18540,184450
18541,184450
18542,184450
18543,184450
18544,184450
18545,184450
18546,184450
18547,184450
18548,184450
18549,184450
18550,184450
18551,184450
18552,184450
18553,184450
18554,184450
18555,184450
18556,184450
18557,184450
18558,184450
18559,184450
18560,184450
18561,184450
18562,184450
18563,184450
18564,184450
18565,184450
18566,184450
18567,184450
18568,184450
18569,184450
18570,184450
18571,184450
18572,184450
18573,184450
18574,184450
18575,184450
18576,184450
18577,184450
18578,184450
18579,184450
18580,184450
18581,184450
18582,184450
18583,184450
18584,184450
18585,184450
18586,184450
18587,184450
18588,184450
18589,184450
18590,184450
18591,184450
18592,184450
18593,184450
18594,184450
18595,184450
18596,184450
18597,184450
18598,184450
18599,184450
18600,184450
18601,184450
18602,184450
18603,184450
18604,184450
18605,184450
18606,184450
18607,184450
18608,184450
18609,184450
18610,184450
18611,184450
18612,184450
18613,184450
18614,184450
18615,184450
18616,184450
18617,184450
18618,184450
18619,184450
18620,184450
18621,184450
18622,184450
18623,184450
18624,184450
18625,184450
18626,184450
18627,184450
18628,184450
18629,184450
18630,184450
18631,184450
18632,184450
18633,184450
18634,184450
18635,184450
18636,184450
18637,184450
18638,184450
18639,184450
18640,184450
18641,184450
18642,184450
18643,184450
18644,184450
18645,184450
18646,184450
18647,184450
18648,184450
18649,184450
18650,184450
18651,184450
18652,184450
18653,184450
18654,184450
18655,184450
18656,184450
18657,184450
18658,184450
18659,184450
18660,184450
18661,184450
18662,184450
18663,184450
18664,184450
18665,184450
18666,184450
18667,184450
18668,184450
18669,184450
18670,184450
18671,184450
18672,184450
18673,184450
18674,184450
18675,184450
18676,184450
18677,184450
18678,184450
18679,184450
18680,184450
18681,184450
18682,184450
18683,184450
18684,184450
18685,184450
18686,184450
18687,184450
18688,184450
18689,184450
18690,184450
18691,184450
18692,184450
18693,184450
18694,184450
18695,184450
18696,184450
18697,184450
18698,184450
18699,184450
18700,184450
18701,184450
18702,184450
18703,184450
18704,184450
18705,184450
18706,184450
18707,184450
18708,184450
18709,184450
18710,184450
18711,184450
18712,184450
18713,184450
18714,184450
18715,184450
18716,184450
18717,184450
18718,184450
18719,184450
18720,184450
18721,184450
18722,184450
18723,184450
18724,184450
18725,184450
18726,184450
18727,184450
18728,184450
18729,184450
18730,184450
18731,184450
18732,184450
18733,184450
18734,184450
18735,184450
18736,184450
18737,184450
18738,184450
18739,184450
18740,184450
18741,184450
18742,184450
18743,184450
18744,184450
18745,184450
18746,184450
18747,184450
18748,184450
18749,184450
18750,184450
18751,184450
18752,184450
18753,184450
18754,184450
18755,184450
18756,184450
18757,184450
18758,184450
18759,184450
18760,184450
18761,184450
18762,184450
18763,184450
18764,184450
18765,184450
18766,184450
18767,184450
18768,184450
18769,184450
18770,184450
18771,184450
18772,184450
18773,184450
18774,184450
18775,184450
18776,184450
18777,184450
18778,184450
18779,184450
18780,184450
18781,184450
18782,184450
18783,184450
18784,184450
18785,184450
18786,184450
18787,184450
18788,184450
18789,184450
18790,184450
18791,184450
18792,184450
18793,184450
18794,184450
18795,184450
18796,184450
18797,184450
18798,184450
18799,184450
18800,184450
18801,184450
18802,184450
18803,184450
18804,184450
18805,184450
18806,184450
18807,184450
18808,184450
18809,184450
18810,184450
18811,184450
18812,184450
18813,184450
18814,184450
18815,184450
18816,184450
18817,184450
18818,184450
18819,184450
18820,184450
18821,184450
18822,184450
18823,184450
18824,184450
18825,184450
18826,184450
18827,184450
18828,184450
18829,184450
18830,184450
18831,184450
18832,184450
18833,184450
18834,184450
18835,184450
18836,184450
18837,184450
18838,184450
18839,184450
18840,184450
18841,184450
18842,184450
18843,184450
18844,184450
18845,184450
18846,184450
18847,184450
18848,184450
18849,184450
18850,184450
18851,184450
18852,184450
18853,184450
18854,184450
18855,184450
18856,184450
18857,184450
18858,184450
18859,184450
18860,184450
18861,184450
18862,184450
18863,184450
18864,184450
18865,184450
18866,184450
18867,184450
18868,184450
18869,184450
18870,184450
18871,184450
18872,184450
18873,184450
18874,184450
18875,184450
18876,184450
18877,184450
18878,184450
18879,184450
18880,184450
18881,184450
18882,184450
18883,184450
18884,184450
18885,184450
18886,184450
18887,184450
18888,184450
18889,184450
18890,184450
18891,184450
18892,184450
18893,184450
18894,184450
18895,184450
18896,184450
18897,184450
18898,184450
18899,184450
18900,184450
18901,184450
18902,184450
18903,184450
18904,184450
18905,184450
18906,184450
18907,184450
18908,184450
18909,184450
18910,184450
18911,184450
18912,184450
18913,184450
18914,184450
18915,184450
18916,184450
18917,184450
18918,184450
18919,184450
18920,184450
18921,184450
18922,184450
18923,184450
18924,184450
18925,184450
18926,184450
18927,184450
18928,184450
18929,184450
18930,184450
18931,184450
18932,184450
18933,184450
18934,184450
18935,184450
18936,184450
18937,184450
18938,184450
18939,184450
18940,184450
18941,184450
18942,184450
18943,184450
18944,184450
18945,184450
18946,184450
18947,184450
18948,184450
18949,184450
18950,184450
18951,184450
18952,184450
18953,184450
18954,184450
18955,184450
18956,184450
18957,184450
18958,184450
18959,184450
18960,184450
18961,184450
18962,184450
18963,184450
18964,184450
18965,184450
18966,184450
18967,184450
18968,184450
18969,184450
18970,184450
18971,184450
18972,184450
18973,184450
18974,184450
18975,184450
18976,184450
18977,184450
18978,184450
18979,184450
18980,184450
18981,184450
18982,184450
18983,184450
18984,184450
18985,184450
18986,184450
18987,184450
18988,184450
18989,184450
18990,184450
18991,184450
18992,184450
18993,184450
18994,184450
18995,184450
18996,184450
18997,184450
18998,184450
18999,184450
19000,184450
19001,184450
19002,184450
19003,184450
19004,184450
19005,184450
19006,184450
19007,184450
19008,184450
19009,184450
19010,184450
19011,184450
19012,184450
19013,184450
19014,184450
19015,184450
19016,184450
19017,184450
19018,184450
19019,184450
19020,184450
19021,184450
19022,184450
19023,184450
19024,184450
19025,184450
19026,184450
19027,184450
19028,184450
19029,184450
19030,184450
19031,184450
19032,184450
19033,184450
19034,184450
19035,184450
19036,184450
19037,184450
19038,184450
19039,184450
19040,184450
19041,184450
19042,184450
19043,184450
19044,184450
19045,184450
19046,184450
19047,184450
19048,184450
19049,184450
19050,184450
19051,184450
19052,184450
19053,184450
19054,184450
19055,184450
19056,184450
19057,184450
19058,184450
19059,184450
19060,184450
19061,184450
19062,184450
19063,184450
19064,184450
19065,184450
19066,184450
19067,184450
19068,184450
19069,184450
19070,184450
19071,184450
19072,184450
19073,184450
19074,184450
19075,184450
19076,184450
19077,184450
19078,184450
19079,184450
19080,184450
19081,184450
19082,184450
19083,184450
19084,184450
19085,184450
19086,184450
19087,184450
19088,184450
19089,184450
19090,184450
19091,184450
19092,184450
19093,184450
19094,184450
19095,184450
19096,184450
19097,184450
19098,184450
19099,184450
19100,184450
19101,184450
19102,184450
19103,184450
19104,184450
19105,184450
19106,184450
19107,184450
19108,184450
19109,184450
19110,184450
19111,184450
19112,184450
19113,184450
19114,184450
19115,184450
19116,184450
19117,184450
19118,184450
19119,184450
19120,184450
19121,184450
19122,184450
19123,184450
19124,184450
19125,184450
19126,184450
19127,184450
19128,184450
19129,184450
19130,184450
19131,184450
19132,184450
19133,184450
19134,184450
19135,184450
19136,184450
19137,184450
19138,184450
19139,184450
19140,184450
19141,184450
19142,184450
19143,184450
19144,184450
19145,184450
19146,184450
19147,184450
19148,184450
19149,184450
19150,184450
19151,184450
19152,184450
19153,184450
19154,184450
19155,184450
19156,184450
19157,184450
19158,184450
19159,184450
19160,184450
19161,184450
19162,184450
19163,184450
19164,184450
19165,184450
19166,184450
19167,184450
19168,184450
19169,184450
19170,184450
19171,184450
19172,184450
19173,184450
19174,184450
19175,184450
19176,184450
19177,184450
19178,184450
19179,184450
19180,184450
19181,184450
19182,184450
19183,184450
19184,184450
19185,184450
19186,184450
19187,184450
19188,184450
19189,184450
19190,184450
19191,184450
19192,184450
19193,184450
19194,184450
19195,184450
19196,184450
19197,184450
19198,184450
19199,184450
19200,184450
19201,184450
19202,184450
19203,184450
19204,184450
19205,184450
19206,184450
19207,184450
19208,184450
19209,184450
19210,184450
19211,184450
19212,184450
19213,184450
19214,184450
19215,184450
19216,184450
19217,184450
19218,184450
19219,184450
19220,184450
19221,184450
19222,184450
19223,184450
19224,184450
19225,184450
19226,184450
19227,184450
19228,184450
19229,184450
19230,184450
19231,184450
19232,184450
19233,184450
19234,184450
19235,184450
19236,184450
19237,184450
19238,184450
19239,184450
19240,184450
19241,184450
19242,184450
19243,184450
19244,184450
19245,184450
19246,184450
19247,184450
19248,184450
19249,184450
19250,184450
19251,184450
19252,184450
19253,184450
19254,184450
19255,184450
19256,184450
19257,184450
19258,184450
19259,184450
19260,184450
19261,184450
19262,184450
19263,184450
19264,184450
19265,184450
19266,184450
19267,184450
19268,184450
19269,184450
19270,184450
19271,184450
19272,184450
19273,184450
19274,184450
19275,184450
19276,184450
19277,184450
19278,184450
19279,184450
19280,184450
19281,184450
19282,184450
19283,184450
19284,184450
19285,184450
19286,184450
19287,184450
19288,184450
19289,184450
19290,184450
19291,184450
19292,184450
19293,184450
19294,184450
19295,184450
19296,184450
19297,184450
19298,184450
19299,184450
19300,184450
19301,184450
19302,184450
19303,184450
19304,184450
19305,184450
19306,184450
19307,184450
19308,184450
19309,184450
19310,184450
19311,184450
19312,184450
19313,184450
19314,184450
19315,184450
19316,184450
19317,184450
19318,184450
19319,184450
19320,184450
19321,184450
19322,184450
19323,184450
19324,184450
19325,184450
19326,184450
19327,184450
19328,184450
19329,184450
19330,184450
19331,184450
19332,184450
19333,184450
19334,184450
19335,184450
19336,184450
19337,184450
19338,184450
19339,184450
19340,184450
19341,184450
19342,184450
19343,184450
19344,184450
19345,184450
19346,184450
19347,184450
19348,184450
19349,184450
19350,184450
19351,184450
19352,184450
19353,184450
19354,184450
19355,184450
19356,184450
19357,184450
19358,184450
19359,184450
19360,184450
19361,184450
19362,184450
19363,184450
19364,184450
19365,184450
19366,184450
19367,184450
19368,184450
19369,184450
19370,184450
19371,184450
19372,184450
19373,184450
19374,184450
19375,184450
19376,184450
19377,184450
19378,184450
19379,184450
19380,184450
19381,184450
19382,184450
19383,184450
19384,184450
19385,184450
19386,184450
19387,184450
19388,184450
19389,184450
19390,184450
19391,184450
19392,184450
19393,184450
19394,184450
19395,184450
19396,184450
19397,184450
19398,184450
19399,184450
19400,184450
19401,184450
19402,184450
19403,184450
19404,184450
19405,184450
19406,184450
19407,184450
19408,184450
19409,184450
19410,184450
19411,184450
19412,184450
19413,184450
19414,184450
19415,184450
19416,184450
19417,184450
19418,184450
19419,184450
19420,184450
19421,184450
19422,184450
19423,184450
19424,184450
19425,184450
19426,184450
19427,184450
19428,184450
19429,184450
19430,184450
19431,184450
19432,184450
19433,184450
19434,184450
19435,184450
19436,184450
19437,184450
19438,184450
19439,184450
19440,184450
19441,184450
19442,184450
19443,184450
19444,184450
19445,184450
19446,184450
19447,184450
19448,184450
19449,184450
19450,184450
19451,184450
19452,184450
19453,184450
19454,184450
19455,184450
19456,184450
19457,184450
19458,184450
19459,184450
19460,184450
19461,184450
19462,184450
19463,184450
19464,184450
19465,184450
19466,184450
19467,184450
19468,184450
19469,184450
19470,184450
19471,184450
19472,184450
19473,184450
19474,184450
19475,184450
19476,184450
19477,184450
19478,184450
19479,184450
19480,184450
19481,184450
19482,184450
19483,184450
19484,184450
19485,184450
19486,184450
19487,184450
19488,184450
19489,184450
19490,184450
19491,184450
19492,184450
19493,184450
19494,184450
19495,184450
19496,184450
19497,184450
19498,184450
19499,184450
19500,184450
19501,184450
19502,184450
19503,184450
19504,184450
19505,184450
19506,184450
19507,184450
19508,184450
19509,184450
19510,184450
19511,184450
19512,184450
19513,184450
19514,184450
19515,184450
19516,184450
19517,184450
19518,184450
19519,184450
19520,184450
19521,184450
19522,184450
19523,184450
19524,184450
19525,184450
19526,184450
19527,184450
19528,184450
19529,184450
19530,184450
19531,184450
19532,184450
19533,184450
19534,184450
19535,184450
19536,184450
19537,184450
19538,184450
19539,184450
19540,184450
19541,184450
19542,184450
19543,184450
19544,184450
19545,184450
19546,184450
19547,184450
19548,184450
19549,184450
19550,184450
19551,184450
19552,184450
19553,184450
19554,184450
19555,184450
19556,184450
19557,184450
19558,184450
19559,184450
19560,184450
19561,184450
19562,184450
19563,184450
19564,184450
19565,184450
19566,184450
19567,184450
19568,184450
19569,184450
19570,184450
19571,184450
19572,184450
19573,184450
19574,184450
19575,184450
19576,184450
19577,184450
19578,184450
19579,184450
19580,184450
19581,184450
19582,184450
19583,184450
19584,184450
19585,184450
19586,184450
19587,184450
19588,184450
19589,184450
19590,184450
19591,184450
19592,184450
19593,184450
19594,184450
19595,184450
19596,184450
19597,184450
19598,184450
19599,184450
19600,184450
19601,184450
19602,184450
19603,184450
19604,184450
19605,184450
19606,184450
19607,184450
19608,184450
19609,184450
19610,184450
19611,184450
19612,184450
19613,184450
19614,184450
19615,184450
19616,184450
19617,184450
19618,184450
19619,184450
19620,184450
19621,184450
19622,184450
19623,184450
19624,184450
19625,184450
19626,184450
19627,184450
19628,184450
19629,184450
19630,184450
19631,184450
19632,184450
19633,184450
19634,184450
19635,184450
19636,184450
19637,184450
19638,184450
19639,184450
19640,184450
19641,184450
19642,184450
19643,184450
19644,184450
19645,184450
19646,184450
19647,184450
19648,184450
19649,184450
19650,184450
19651,184450
19652,184450
19653,184450
19654,184450
19655,184450
19656,184450
19657,184450
19658,184450
19659,184450
19660,184450
19661,184450
19662,184450
19663,184450
19664,184450
19665,184450
19666,184450
19667,184450
19668,184450
19669,184450
19670,184450
19671,184450
19672,184450
19673,184450
19674,184450
19675,184450
19676,184450
19677,184450
19678,184450
19679,184450
19680,184450
19681,184450
19682,184450
19683,184450
19684,184450
19685,184450
19686,184450
19687,184450
19688,184450
19689,184450
19690,184450
19691,184450
19692,184450
19693,184450
19694,184450
19695,184450
19696,184450
19697,184450
19698,184450
19699,184450
19700,184450
19701,184450
19702,184450
19703,184450
19704,184450
19705,184450
19706,184450
19707,184450
19708,184450
19709,184450
19710,184450
19711,184450
19712,184450
19713,184450
19714,184450
19715,184450
19716,184450
19717,184450
19718,184450
19719,184450
19720,184450
19721,184450
19722,184450
19723,184450
19724,184450
19725,184450
19726,184450
19727,184450
19728,184450
19729,184450
19730,184450
19731,184450
19732,184450
19733,184450
19734,184450
19735,184450
19736,184450
19737,184450
19738,184450
19739,184450
19740,184450
19741,184450
19742,184450
19743,184450
19744,184450
19745,184450
19746,184450
19747,184450
19748,184450
19749,184450
19750,184450
19751,184450
19752,184450
19753,184450
19754,184450
19755,184450
19756,184450
19757,184450
19758,184450
19759,184450
19760,184450
19761,184450
19762,184450
19763,184450
19764,184450
19765,184450
19766,184450
19767,184450
19768,184450
19769,184450
19770,184450
19771,184450
19772,184450
19773,184450
19774,184450
19775,184450
19776,184450
19777,184450
19778,184450
19779,184450
19780,184450
19781,184450
19782,184450
19783,184450
19784,184450
19785,184450
19786,184450
19787,184450
19788,184450
19789,184450
19790,184450
19791,184450
19792,184450
19793,184450
19794,184450
19795,184450
19796,184450
19797,184450
19798,184450
19799,184450
19800,184450
19801,184450
19802,184450
19803,184450
19804,184450
19805,184450
19806,184450
19807,184450
19808,184450
19809,184450
19810,184450
19811,184450
19812,184450
19813,184450
19814,184450
19815,184450
19816,184450
19817,184450
19818,184450
19819,184450
19820,184450
19821,184450
19822,184450
19823,184450
19824,184450
19825,184450
19826,184450
19827,184450
19828,184450
19829,184450
19830,184450
19831,184450
19832,184450
19833,184450
19834,184450
19835,184450
19836,184450
19837,184450
19838,184450
19839,184450
19840,184450
19841,184450
19842,184450
19843,184450
19844,184450
19845,184450
19846,184450
19847,184450
19848,184450
19849,184450
19850,184450
19851,184450
19852,184450
19853,184450
19854,184450
19855,184450
19856,184450
19857,184450
19858,184450
19859,184450
19860,184450
19861,184450
19862,184450
19863,184450
19864,184450
19865,184450
19866,184450
19867,184450
19868,184450
19869,184450
19870,184450
19871,184450
19872,184450
19873,184450
19874,184450
19875,184450
19876,184450
19877,184450
19878,184450
19879,184450
19880,184450
19881,184450
19882,184450
19883,184450
19884,184450
19885,184450
19886,184450
19887,184450
19888,184450
19889,184450
19890,184450
19891,184450
19892,184450
19893,184450
19894,184450
19895,184450
19896,184450
19897,184450
19898,184450
19899,184450
19900,184450
19901,184450
19902,184450
19903,184450
19904,184450
19905,184450
19906,184450
19907,184450
19908,184450
19909,184450
19910,184450
19911,184450
19912,184450
19913,184450
19914,184450
19915,184450
19916,184450
19917,184450
19918,184450
19919,184450
19920,184450
19921,184450
19922,184450
19923,184450
19924,184450
19925,184450
19926,184450
19927,184450
19928,184450
19929,184450
19930,184450
19931,184450
19932,184450
19933,184450
19934,184450
19935,184450
19936,184450
19937,184450
19938,184450
19939,184450
19940,184450
19941,184450
19942,184450
19943,184450
19944,184450
19945,184450
19946,184450
19947,184450
19948,184450
19949,184450
19950,184450
19951,184450
19952,184450
19953,184450
19954,184450
19955,184450
19956,184450
19957,184450
19958,184450
19959,184450
19960,184450
19961,184450
19962,184450
19963,184450
19964,184450
19965,184450
19966,184450
19967,184450
19968,184450
19969,184450
19970,184450
19971,184450
19972,184450
19973,184450
19974,184450
19975,184450
19976,184450
19977,184450
19978,184450
19979,184450
19980,184450
19981,184450
19982,184450
19983,184450
19984,184450
19985,184450
19986,184450
19987,184450
19988,184450
19989,184450
19990,184450
19991,184450
19992,184450
19993,184450
19994,184450
19995,184450
19996,184450
19997,184450
19998,184450
19999,184450
