sample,lucro
0,64330
1,87500
2,72205
3,125300
4,109550
5,80745
6,97965
7,98770
8,104965
9,74410
10,102585
11,97160
12,56175
13,78120
14,84770
15,115430
16,110110
17,123865
18,118510
19,101220
20,85610
21,137060
22,125125
23,96705
24,119490
25,68950
26,67585
27,131845
28,134190
29,128730
30,91805
31,110005
32,98315
33,88865
34,103880
35,153510
36,125475
37,115080
38,137830
39,112630
40,111265
41,103180
42,108115
43,112525
44,97370
45,108675
46,82145
47,118055
48,59850
49,62405
50,113435
51,123935
52,84805
53,89600
54,73570
55,106575
56,115045
57,101815
58,90615
59,87675
60,86695
61,111125
62,91770
63,84525
64,119175
65,111860
66,95340
67,105280
68,94920
69,97125
70,131110
71,126875
72,94605
73,110145
74,118615
75,76930
76,51520
77,122430
78,98385
79,163975
80,101990
81,105105
82,77875
83,143745
84,135100
85,119000
86,95795
87,125055
88,89530
89,90790
90,95760
91,121625
92,116165
93,108080
94,75040
95,103740
96,127050
97,96810
98,150885
99,110670
100,99470
101,111475
102,90825
103,71540
104,125265
105,107065
106,129220
107,135695
108,122325
109,115465
110,118335
111,125230
112,116935
113,111125
114,122570
115,112455
116,101570
117,93660
118,101290
119,123130
120,85015
121,97615
122,64890
123,86030
124,74830
125,85540
126,83720
127,67515
128,105245
129,135205
130,81165
131,84805
132,96845
133,80500
134,83895
135,137305
136,123235
137,96565
138,66395
139,111545
140,68075
141,110250
142,84735
143,107345
144,111265
145,98070
146,67795
147,114135
148,124040
149,106960
150,97055
151,78085
152,135450
153,102025
154,117285
155,108535
156,84840
157,133245
158,105175
159,74935
160,92400
161,99225
162,93870
163,128695
164,92470
165,90895
166,99785
167,105595
168,116235
169,106190
170,106645
171,64330
172,103425
173,74690
174,80920
175,115535
176,64575
177,94990
178,92470
179,90020
180,103635
181,110355
182,73185
183,125440
184,115745
185,110145
186,77210
187,101220
188,112700
189,104160
190,120960
191,92015
192,88025
193,79345
194,119210
195,106365
196,95060
197,122990
198,111580
199,121030
200,115290
201,126770
202,104510
203,102130
204,132440
205,127190
206,120540
207,88655
208,83580
209,72065
210,91560
211,132895
212,118650
213,55405
214,78820
215,106750
216,132125
217,76860
218,96705
219,97755
220,109235
221,118790
222,62055
223,65695
224,91245
225,105595
226,102690
227,71645
228,132475
229,127435
230,103530
231,116830
232,78960
233,101920
234,88235
235,93660
236,114940
237,96635
238,103985
239,115115
240,68180
241,55230
242,93100
243,85645
244,118545
245,101535
246,121380
247,119000
248,83230
249,108080
250,116410
251,113470
252,87885
253,110950
254,134330
255,106015
256,45815
257,100555
258,112665
259,101080
260,103040
261,136290
262,93940
263,75565
264,82180
265,110320
266,108745
267,87640
268,99505
269,96530
270,105105
271,71645
272,92750
273,94360
274,113505
275,58695
276,124845
277,72310
278,93310
279,105420
280,113610
281,136815
282,108955
283,93800
284,80290
285,96530
286,72660
287,68915
288,82915
289,118685
290,127645
291,132440
292,63945
293,114835
294,125790
295,111055
296,115430
297,93380
298,118230
299,127470
300,89460
301,83090
302,85435
303,108115
304,106225
305,85575
306,129430
307,91035
308,94255
309,104090
310,95865
311,125300
312,137970
313,93555
314,104440
315,101115
316,134750
317,104230
318,117215
319,87745
320,53655
321,124530
322,119840
323,122745
324,85750
325,69650
326,98175
327,134295
328,82075
329,89215
330,97370
331,88480
332,140910
333,78190
334,113190
335,140280
336,44450
337,100030
338,99295
339,98700
340,128940
341,117285
342,73640
343,121800
344,78400
345,114765
346,90265
347,70700
348,105385
349,109480
350,101535
351,92050
352,78680
353,99015
354,119140
355,154280
356,126350
357,65030
358,138355
359,121625
360,117005
361,95550
362,107100
363,143710
364,92120
365,115605
366,88830
367,63070
368,82250
369,101850
370,113400
371,99960
372,78015
373,108780
374,123900
375,141155
376,122640
377,74410
378,96425
379,106610
380,68810
381,113400
382,129780
383,88375
384,65065
385,84070
386,104650
387,82600
388,116130
389,86520
390,119035
391,93520
392,68250
393,105805
394,92960
395,108290
396,105770
397,89320
398,134190
399,92715
400,101465
401,100275
402,112000
403,89845
404,97580
405,89320
406,99995
407,105945
408,69300
409,98770
410,99680
411,94640
412,94045
413,115430
414,88235
415,42980
416,87710
417,87430
418,90125
419,159425
420,129325
421,61705
422,98175
423,91210
424,100975
425,82670
426,78750
427,100240
428,126945
429,104545
430,116515
431,94815
432,116410
433,103110
434,96565
435,108850
436,94815
437,106225
438,131810
439,92750
440,88515
441,73220
442,86345
443,46795
444,126700
445,130620
446,67235
447,135625
448,95690
449,149765
450,63595
451,141295
452,96390
453,71085
454,132055
455,97160
456,92295
457,104580
458,116690
459,72695
460,116655
461,73535
462,104195
463,149345
464,90475
465,78225
466,76685
467,95410
468,121975
469,125755
470,115675
471,106645
472,109060
473,100240
474,97440
475,73745
476,93100
477,56385
478,120505
479,107415
480,102865
481,105035
482,85155
483,131705
484,77875
485,100450
486,121590
487,78260
488,114800
489,109165
490,80255
491,121555
492,119910
493,71015
494,120785
495,98840
496,98210
497,140385
498,140840
499,62405
500,77035
501,52360
502,104370
503,127295
504,109340
505,81375
506,126280
507,85225
508,116060
509,89880
510,119700
511,149170
512,52675
513,63315
514,78820
515,93275
516,96530
517,140700
518,89635
519,118720
520,86310
521,90965
522,113050
523,104300
524,120925
525,132965
526,130235
527,85925
528,105140
529,94045
530,115010
531,103215
532,81480
533,137620
534,115010
535,85995
536,91385
537,87115
538,121520
539,79030
540,129360
541,70455
542,96775
543,84525
544,138180
545,102830
546,110670
547,113120
548,121135
549,114380
550,115115
551,105315
552,85540
553,118755
554,74900
555,116480
556,122395
557,69650
558,93940
559,87010
560,98875
561,87535
562,103005
563,133000
564,81830
565,103040
566,78855
567,69510
568,99190
569,132475
570,114450
571,87360
572,114205
573,135905
574,107275
575,96810
576,128485
577,126070
578,96600
579,70140
580,120155
581,36750
582,104510
583,91980
584,116795
585,88130
586,40950
587,125965
588,96075
589,105490
590,87990
591,90790
592,63035
593,134855
594,142065
595,134925
596,98105
597,71120
598,100520
599,102095
600,86555
601,104160
602,90370
603,72975
604,54460
605,97125
606,107695
607,84875
608,148295
609,128310
610,116865
611,106365
612,132685
613,104265
614,113960
615,106260
616,88305
617,135205
618,77980
619,101255
620,128135
621,112595
622,60865
623,82880
624,98560
625,113470
626,145810
627,82390
628,124845
629,87360
630,109795
631,99085
632,109165
633,84070
634,91980
635,94360
636,93275
637,87745
638,107310
639,151865
640,127435
641,149345
642,155260
643,70665
644,92540
645,127435
646,142380
647,104300
648,131250
649,74795
650,78470
651,70945
652,120050
653,101080
654,116165
655,102410
656,117320
657,98980
658,129045
659,99820
660,99960
661,115395
662,63735
663,76300
664,105805
665,85400
666,117320
667,116585
668,127505
669,117250
670,106155
671,88760
672,62930
673,87255
674,144515
675,68705
676,80220
677,93485
678,81830
679,86310
680,119140
681,42210
682,88270
683,89110
684,125335
685,76510
686,100520
687,78540
688,98420
689,86555
690,84210
691,89495
692,97265
693,64925
694,74130
695,92575
696,77035
697,87640
698,78085
699,99995
700,96145
701,81935
702,86555
703,94605
704,93695
705,103810
706,105805
707,85505
708,60130
709,101220
710,102235
711,96250
712,98105
713,99750
714,91735
715,105595
716,92260
717,75530
718,125790
719,78260
720,77910
721,117775
722,75390
723,114625
724,112175
725,92645
726,60375
727,106015
728,143535
729,95445
730,103005
731,106155
732,124285
733,70000
734,115255
735,92365
736,148295
737,94780
738,90300
739,113925
740,49875
741,118335
742,89845
743,78610
744,125440
745,115605
746,111930
747,65170
748,74900
749,75705
750,98105
751,67095
752,118230
753,99260
754,70350
755,98560
756,79520
757,102655
758,118790
759,117950
760,61145
761,107835
762,130550
763,56035
764,86555
765,94640
766,117600
767,97580
768,90265
769,86345
770,66815
771,82320
772,101850
773,126525
774,92190
775,74200
776,144655
777,113680
778,103705
779,80570
780,116935
781,123935
782,90580
783,89075
784,87850
785,103810
786,110530
787,84980
788,46130
789,92085
790,109445
791,103250
792,122255
793,108150
794,107100
795,112420
796,68775
797,127645
798,79100
799,78120
800,120855
801,59605
802,113435
803,118860
804,92610
805,71960
806,104930
807,99260
808,51030
809,91945
810,118405
811,101325
812,51695
813,108465
814,66745
815,52850
816,108605
817,90930
818,71925
819,50575
820,84560
821,67025
822,124180
823,123585
824,95550
825,95025
826,133910
827,127015
828,86240
829,94045
830,82635
831,114240
832,93905
833,72450
834,88095
835,135625
836,96390
837,120295
838,88655
839,106120
840,116270
841,89950
842,57610
843,133490
844,102200
845,136500
846,102270
847,95830
848,136220
849,97300
850,93415
851,83195
852,117180
853,94360
854,102655
855,76300
856,64365
857,93625
858,74550
859,137900
860,94990
861,71540
862,115290
863,98980
864,126980
865,119140
866,124145
867,60375
868,102235
869,80710
870,81375
871,77595
872,87570
873,104895
874,95060
875,101710
876,110670
877,116935
878,111895
879,140980
880,62580
881,84245
882,121135
883,74165
884,106505
885,106050
886,124705
887,92190
888,112280
889,93275
890,117600
891,135870
892,131425
893,96950
894,140910
895,93345
896,79555
897,123200
898,68915
899,95235
900,97825
901,87080
902,108220
903,80395
904,82005
905,94675
906,112490
907,69370
908,80780
909,126945
910,104055
911,82635
912,86695
913,115780
914,52710
915,101185
916,82180
917,105175
918,68145
919,96110
920,76055
921,104195
922,78050
923,92960
924,77140
925,86625
926,81795
927,105175
928,110215
929,111615
930,107940
931,103180
932,83405
933,107170
934,97895
935,70735
936,110180
937,112245
938,76860
939,91840
940,96600
941,72135
942,117565
943,89915
944,122465
945,140140
946,92470
947,143010
948,111615
949,91945
950,118650
951,77315
952,73990
953,86800
954,105385
955,109795
956,114275
957,65555
958,72450
959,74970
960,91245
961,109060
962,104790
963,78505
964,96950
965,115115
966,100555
967,94255
968,89880
969,100450
970,93450
971,108570
972,120820
973,114520
974,101990
975,107240
976,84595
977,115955
978,96355
979,110040
980,125790
981,94640
982,91665
983,100205
984,135310
985,78470
986,61810
987,104580
988,98805
989,70070
990,98490
991,114590
992,106190
993,142905
994,115465
995,60130
996,129395
997,86380
998,110530
999,95270
1000,94115
1001,71855
1002,90720
1003,67515
1004,76265
1005,101745
1006,64050
1007,106435
1008,88445
1009,143115
1010,82180
1011,95515
1012,93065
1013,125335
1014,98245
1015,100310
1016,137025
1017,122185
1018,91175
1019,108850
1020,66605
1021,95550
1022,114940
1023,81235
1024,97370
1025,133000
1026,102025
1027,103250
1028,104195
1029,92890
1030,143150
1031,138425
1032,101850
1033,100275
1034,96320
1035,84595
1036,124985
1037,107380
1038,115850
1039,67445
1040,119175
1041,104125
1042,70980
1043,105000
1044,117110
1045,113995
1046,91035
1047,128800
1048,101850
1049,87920
1050,128730
1051,82425
1052,87850
1053,80605
1054,82040
1055,102305
1056,110390
1057,104195
1058,108885
1059,110320
1060,98910
1061,56735
1062,63315
1063,57085
1064,97300
1065,114730
1066,119875
1067,134365
1068,117460
1069,134960
1070,92050
1071,104335
1072,82565
1073,76160
1074,100275
1075,58275
1076,75565
1077,83125
1078,81795
1079,135555
1080,78750
1081,100240
1082,117985
1083,97580
1084,67375
1085,80500
1086,75810
1087,79485
1088,96985
1089,103775
1090,109830
1091,72415
1092,82810
1093,139580
1094,81515
1095,94150
1096,67795
1097,84140
1098,91595
1099,120505
1100,85295
1101,118545
1102,79660
1103,87850
1104,131145
1105,131075
1106,116235
1107,98665
1108,62510
1109,96740
1110,92470
1111,59640
1112,95865
1113,88655
1114,106645
1115,119280
1116,122255
1117,123900
1118,92785
1119,85855
1120,126070
1121,100100
1122,111300
1123,66360
1124,128730
1125,109655
1126,92190
1127,67865
1128,59955
1129,118965
1130,107590
1131,107520
1132,98630
1133,134960
1134,98140
1135,86065
1136,65240
1137,127015
1138,149310
1139,154490
1140,125825
1141,74270
1142,56770
1143,81865
1144,142450
1145,96565
1146,85400
1147,128555
1148,63805
1149,104335
1150,85645
1151,77350
1152,130305
1153,61810
1154,110600
1155,82530
1156,93555
1157,79940
1158,121590
1159,133910
1160,117915
1161,94045
1162,131145
1163,72065
1164,109970
1165,95760
1166,94010
1167,90475
1168,97895
1169,70665
1170,115185
1171,116690
1172,101570
1173,70350
1174,92225
1175,85155
1176,94850
1177,77840
1178,129395
1179,123655
1180,134610
1181,102095
1182,104650
1183,110180
1184,111160
1185,74200
1186,123480
1187,122045
1188,144655
1189,104895
1190,107170
1191,102200
1192,82145
1193,106050
1194,100590
1195,94080
1196,100520
1197,101360
1198,116025
1199,65800
1200,79415
1201,81970
1202,123060
1203,75810
1204,102025
1205,95515
1206,63910
1207,135310
1208,81270
1209,76440
1210,119280
1211,91665
1212,154140
1213,119700
1214,125580
1215,69475
1216,50890
1217,131635
1218,76335
1219,123760
1220,86905
1221,132825
1222,98595
1223,116900
1224,154420
1225,102725
1226,143325
1227,91280
1228,108255
1229,140770
1230,110845
1231,73605
1232,82250
1233,116340
1234,85575
1235,96180
1236,132895
1237,74410
1238,110915
1239,90405
1240,78295
1241,86730
1242,92400
1243,103705
1244,144970
1245,122815
1246,114485
1247,132125
1248,143780
1249,116410
1250,76405
1251,79870
1252,114415
1253,100380
1254,104370
1255,50750
1256,103460
1257,119245
1258,81270
1259,82530
1260,105140
1261,133735
1262,147000
1263,69405
1264,56805
1265,95725
1266,98595
1267,100100
1268,108605
1269,111090
1270,134470
1271,108185
1272,76930
1273,103145
1274,72625
1275,106015
1276,109550
1277,94710
1278,106575
1279,115710
1280,96775
1281,82145
1282,105350
1283,93520
1284,126805
1285,89390
1286,101185
1287,94010
1288,85330
1289,73570
1290,106925
1291,134715
1292,111860
1293,106155
1294,119875
1295,69160
1296,109830
1297,117565
1298,97160
1299,104020
1300,104965
1301,81585
1302,83790
1303,110600
1304,106855
1305,86590
1306,111335
1307,95655
1308,89145
1309,112315
1310,92435
1311,103530
1312,95375
1313,74025
1314,56560
1315,109165
1316,91315
1317,83825
1318,98385
1319,121170
1320,96810
1321,142135
1322,80115
1323,91490
1324,106505
1325,129640
1326,126350
1327,98735
1328,111300
1329,91805
1330,99820
1331,108465
1332,112980
1333,118755
1334,99575
1335,85575
1336,75040
1337,122535
1338,93100
1339,127120
1340,107205
1341,118685
1342,66710
1343,141925
1344,43820
1345,118650
1346,109375
1347,105735
1348,119420
1349,75495
1350,98245
1351,103040
1352,136185
1353,87780
1354,108920
1355,94570
1356,104405
1357,110460
1358,92995
1359,123795
1360,121590
1361,96215
1362,119490
1363,121170
1364,119770
1365,92120
1366,74480
1367,143605
1368,99260
1369,109795
1370,85995
1371,77735
1372,123830
1373,38115
1374,85085
1375,65100
1376,150115
1377,96880
1378,76090
1379,105945
1380,93765
1381,115850
1382,102200
1383,99540
1384,101220
1385,83895
1386,85995
1387,120645
1388,119420
1389,103110
1390,88795
1391,136885
1392,63035
1393,104020
1394,113015
1395,105035
1396,114975
1397,146825
1398,80815
1399,99575
1400,123165
1401,130865
1402,66045
1403,133070
1404,119280
1405,93485
1406,121975
1407,128835
1408,90300
1409,108920
1410,89705
1411,110110
1412,94500
1413,117425
1414,114590
1415,121905
1416,98140
1417,69055
1418,64925
1419,82110
1420,100520
1421,98035
1422,98350
1423,41090
1424,78855
1425,100170
1426,128695
1427,144515
1428,109830
1429,105840
1430,78120
1431,60270
1432,94745
1433,137410
1434,93555
1435,123760
1436,91630
1437,100695
1438,103285
1439,97930
1440,95900
1441,83440
1442,113610
1443,99190
1444,93205
1445,137165
1446,95200
1447,79205
1448,116445
1449,113365
1450,116095
1451,151585
1452,149625
1453,99925
1454,94850
1455,75110
1456,133490
1457,103005
1458,135940
1459,112070
1460,99715
1461,111300
1462,104510
1463,106120
1464,68810
1465,68985
1466,110250
1467,96180
1468,126315
1469,97475
1470,107905
1471,114800
1472,99645
1473,121030
1474,101780
1475,93240
1476,83615
1477,105560
1478,117180
1479,125895
1480,116830
1481,87850
1482,138460
1483,108850
1484,123970
1485,90265
1486,83580
1487,96880
1488,95760
1489,131810
1490,110425
1491,105000
1492,86345
1493,102620
1494,54600
1495,121275
1496,80150
1497,130130
1498,90405
1499,83405
1500,132510
1501,159390
1502,136185
1503,85260
1504,124915
1505,100275
1506,110950
1507,119910
1508,95200
1509,84350
1510,88690
1511,83055
1512,84315
1513,99750
1514,80500
1515,65345
1516,69860
1517,100380
1518,78225
1519,139790
1520,93975
1521,107345
1522,95830
1523,111300
1524,110390
1525,95200
1526,96845
1527,87920
1528,104300
1529,57330
1530,93520
1531,116515
1532,70280
1533,151480
1534,88935
1535,100345
1536,130200
1537,122255
1538,86030
1539,124110
1540,102270
1541,81550
1542,95480
1543,123515
1544,74095
1545,106575
1546,104545
1547,74235
1548,155190
1549,102480
1550,89775
1551,99575
1552,139160
1553,74130
1554,105175
1555,78785
1556,103075
1557,114520
1558,70420
1559,90650
1560,119735
1561,62755
1562,127645
1563,100065
1564,126350
1565,118475
1566,103040
1567,105735
1568,98105
1569,118160
1570,115675
1571,139965
1572,69650
1573,114205
1574,146020
1575,99435
1576,111265
1577,63840
1578,135800
1579,133455
1580,115850
1581,62195
1582,99995
1583,88725
1584,87325
1585,116830
1586,115920
1587,68845
1588,95270
1589,81235
1590,110075
1591,104615
1592,137025
1593,142240
1594,89495
1595,104125
1596,97195
1597,99295
1598,113365
1599,118545
1600,121485
1601,90825
1602,67865
1603,65940
1604,99820
1605,89845
1606,73010
1607,56770
1608,73745
1609,78680
1610,99120
1611,97160
1612,81340
1613,94815
1614,92890
1615,92505
1616,107695
1617,104265
1618,101990
1619,121450
1620,58695
1621,109165
1622,100485
1623,121625
1624,71995
1625,86100
1626,96110
1627,90020
1628,111230
1629,151515
1630,78050
1631,140245
1632,95025
1633,132755
1634,94675
1635,104720
1636,116690
1637,92575
1638,90930
1639,166530
1640,76615
1641,118265
1642,143920
1643,95025
1644,88970
1645,122290
1646,82285
1647,101570
1648,105910
1649,105910
1650,139230
1651,72940
1652,111685
1653,98000
1654,80010
1655,83790
1656,97335
1657,89600
1658,95270
1659,95165
1660,110320
1661,72030
1662,82320
1663,101675
1664,112875
1665,99540
1666,62440
1667,68215
1668,115955
1669,99890
1670,70455
1671,86835
1672,136080
1673,116480
1674,135520
1675,87535
1676,114450
1677,107240
1678,79030
1679,87885
1680,131495
1681,107450
1682,115010
1683,84070
1684,84245
1685,64715
1686,84665
1687,74760
1688,75075
1689,103425
1690,111825
1691,97650
1692,83195
1693,115185
1694,97475
1695,136640
1696,97475
1697,121555
1698,93695
1699,80570
1700,123270
1701,77560
1702,119280
1703,82145
1704,106260
1705,126595
1706,87675
1707,123060
1708,128555
1709,104370
1710,102200
1711,103670
1712,98560
1713,114030
1714,99190
1715,121485
1716,87500
1717,68215
1718,56735
1719,100135
1720,64295
1721,132265
1722,95165
1723,94920
1724,120505
1725,119945
1726,81760
1727,88795
1728,130725
1729,102165
1730,109130
1731,126175
1732,102690
1733,118300
1734,110355
1735,113400
1736,125160
1737,107975
1738,139440
1739,111790
1740,93695
1741,120540
1742,92190
1743,111650
1744,98735
1745,121205
1746,123235
1747,134645
1748,98735
1749,118510
1750,134680
1751,87570
1752,137095
1753,115500
1754,84210
1755,122885
1756,102515
1757,164045
1758,84455
1759,151235
1760,99225
1761,112350
1762,90335
1763,132090
1764,85295
1765,78820
1766,84210
1767,97440
1768,96250
1769,107380
1770,110705
1771,99050
1772,125335
1773,109550
1774,124985
1775,95410
1776,111650
1777,89845
1778,134785
1779,114800
1780,60830
1781,69755
1782,81515
1783,94850
1784,122430
1785,86660
1786,108185
1787,97230
1788,120260
1789,67480
1790,90825
1791,91210
1792,115465
1793,120120
1794,94570
1795,104650
1796,80920
1797,106330
1798,84175
1799,105490
1800,124775
1801,96250
1802,99120
1803,146755
1804,81375
1805,98700
1806,63980
1807,131635
1808,98105
1809,139440
1810,68110
1811,74550
1812,82250
1813,114520
1814,79135
1815,107380
1816,109865
1817,111930
1818,113680
1819,124670
1820,94185
1821,81095
1822,58030
1823,97195
1824,57890
1825,110950
1826,87010
1827,82110
1828,106575
1829,138110
1830,80465
1831,133175
1832,86205
1833,127855
1834,145915
1835,146265
1836,116935
1837,84630
1838,70875
1839,101885
1840,108990
1841,101850
1842,123760
1843,79205
1844,89425
1845,101115
1846,65765
1847,114520
1848,51835
1849,129570
1850,114205
1851,125475
1852,88900
1853,98595
1854,131005
1855,105455
1856,101290
1857,71995
1858,79345
1859,93415
1860,101150
1861,92260
1862,63035
1863,85470
1864,96740
1865,91945
1866,105280
1867,74060
1868,125615
1869,94465
1870,72380
1871,129745
1872,99715
1873,118825
1874,87465
1875,111650
1876,123095
1877,115535
1878,113190
1879,128765
1880,100940
1881,113505
1882,91700
1883,128100
1884,112875
1885,105875
1886,162085
1887,71890
1888,138005
1889,99645
1890,91000
1891,104195
1892,92435
1893,83055
1894,120050
1895,115395
1896,100380
1897,111580
1898,105665
1899,136850
1900,99750
1901,91245
1902,116025
1903,118510
1904,104230
1905,97615
1906,84770
1907,119280
1908,127400
1909,112245
1910,100345
1911,72135
1912,64400
1913,123795
1914,98875
1915,103390
1916,124880
1917,105700
1918,123760
1919,107065
1920,146090
1921,106785
1922,93730
1923,127330
1924,105595
1925,123550
1926,75285
1927,116725
1928,103145
1929,96460
1930,79380
1931,74865
1932,119945
1933,124320
1934,105980
1935,100380
1936,89845
1937,65625
1938,119210
1939,123970
1940,101290
1941,66605
1942,89670
1943,86835
1944,129360
1945,68460
1946,74620
1947,109270
1948,126315
1949,127925
1950,115745
1951,101395
1952,85855
1953,109095
1954,83265
1955,111580
1956,86590
1957,83020
1958,126595
1959,84805
1960,93695
1961,62825
1962,138215
1963,145285
1964,135310
1965,101955
1966,79520
1967,71505
1968,90580
1969,96040
1970,115185
1971,88165
1972,96670
1973,93800
1974,128450
1975,116445
1976,144410
1977,97510
1978,113050
1979,78120
1980,159705
1981,118580
1982,76580
1983,92295
1984,99680
1985,126210
1986,107100
1987,78680
1988,84210
1989,123305
1990,77735
1991,99855
1992,122325
1993,115955
1994,110530
1995,99225
1996,70245
1997,110845
1998,108955
1999,104475
2000,66955
2001,121240
2002,57505
2003,133910
2004,65415
2005,85890
2006,127785
2007,136010
2008,67585
2009,105700
2010,95060
2011,134120
2012,75635
2013,119945
2014,108150
2015,102725
2016,88865
2017,80115
2018,72030
2019,104090
2020,47145
2021,82775
2022,87045
2023,117425
2024,100870
2025,104160
2026,84315
2027,87325
2028,109515
2029,70175
2030,94430
2031,144445
2032,106610
2033,119525
2034,112735
2035,103005
2036,97440
2037,109130
2038,94850
2039,95795
2040,71050
2041,131425
2042,101535
2043,90405
2044,118650
2045,103845
2046,107135
2047,79275
2048,74795
2049,95655
2050,114205
2051,138670
2052,99890
2053,61705
2054,107765
2055,94850
2056,105245
2057,86100
2058,97160
2059,94570
2060,83300
2061,98770
2062,66850
2063,118090
2064,118685
2065,108815
2066,140175
2067,83755
2068,78715
2069,120925
2070,91770
2071,98770
2072,103810
2073,82950
2074,93730
2075,65940
2076,103075
2077,98035
2078,73640
2079,81865
2080,106400
2081,114555
2082,113575
2083,89670
2084,115815
2085,85820
2086,96530
2087,95025
2088,101325
2089,127540
2090,100870
2091,79555
2092,120330
2093,112840
2094,133735
2095,118650
2096,113890
2097,109585
2098,104090
2099,153965
2100,49560
2101,97580
2102,80885
2103,97965
2104,118685
2105,71400
2106,88200
2107,63105
2108,80325
2109,82495
2110,74795
2111,76055
2112,95830
2113,98630
2114,94535
2115,76090
2116,94675
2117,88830
2118,78260
2119,116095
2120,62685
2121,111020
2122,74900
2123,95375
2124,94010
2125,125720
2126,144060
2127,83965
2128,108920
2129,96390
2130,140875
2131,120645
2132,126245
2133,111230
2134,69895
2135,131040
2136,87325
2137,94990
2138,86730
2139,129500
2140,87045
2141,87710
2142,101395
2143,112385
2144,90230
2145,99820
2146,105280
2147,128520
2148,110880
2149,58170
2150,100415
2151,101640
2152,76825
2153,79590
2154,106820
2155,71785
2156,121730
2157,100310
2158,76055
2159,94920
2160,91105
2161,97195
2162,103740
2163,110670
2164,105770
2165,106330
2166,137445
2167,107765
2168,125895
2169,112420
2170,85190
2171,111755
2172,85400
2173,73220
2174,109200
2175,96635
2176,94500
2177,75670
2178,83405
2179,98210
2180,121905
2181,89110
2182,105805
2183,86170
2184,105000
2185,115430
2186,130130
2187,102725
2188,116095
2189,77805
2190,115185
2191,101430
2192,82040
2193,111545
2194,105700
2195,122220
2196,57890
2197,108150
2198,88025
2199,104755
2200,102235
2201,84630
2202,125895
2203,80185
2204,117600
2205,121380
2206,99400
2207,98245
2208,79835
2209,100170
2210,90895
2211,80430
2212,123305
2213,112140
2214,70525
2215,114520
2216,104965
2217,70875
2218,108500
2219,144935
2220,120540
2221,118615
2222,110530
2223,143395
2224,114835
2225,113330
2226,91595
2227,73150
2228,117285
2229,66850
2230,28490
2231,82425
2232,121590
2233,85435
2234,95970
2235,129920
2236,110950
2237,111370
2238,83055
2239,90475
2240,80885
2241,88480
2242,93205
2243,105070
2244,95690
2245,104825
2246,91385
2247,118265
2248,110565
2249,96635
2250,83965
2251,124670
2252,130060
2253,87220
2254,106610
2255,119665
2256,151725
2257,126945
2258,85365
2259,81690
2260,98665
2261,130305
2262,86100
2263,135695
2264,124705
2265,99155
2266,119455
2267,63875
2268,117565
2269,112595
2270,107380
2271,113365
2272,133875
2273,65835
2274,102130
2275,110530
2276,93205
2277,153475
2278,114240
2279,113610
2280,153020
2281,88340
2282,78365
2283,130760
2284,130165
2285,119455
2286,128940
2287,120540
2288,111195
2289,93170
2290,130550
2291,113785
2292,69615
2293,106400
2294,92505
2295,76160
2296,46585
2297,105630
2298,84630
2299,123655
2300,73500
2301,99155
2302,74970
2303,84385
2304,101290
2305,131285
2306,102095
2307,58870
2308,125475
2309,127435
2310,101570
2311,94955
2312,126560
2313,147035
2314,82110
2315,68985
2316,124670
2317,88270
2318,88445
2319,82635
2320,126910
2321,107030
2322,127470
2323,105490
2324,88795
2325,79695
2326,128240
2327,128240
2328,86625
2329,83720
2330,114170
2331,114450
2332,86135
2333,70140
2334,93310
2335,98140
2336,103250
2337,101185
2338,124425
2339,80325
2340,108325
2341,103460
2342,135765
2343,105630
2344,134330
2345,99995
2346,124390
2347,97930
2348,63770
2349,64680
2350,146370
2351,76545
2352,56315
2353,110845
2354,98070
2355,108220
2356,59325
2357,70070
2358,130900
2359,61075
2360,90545
2361,102515
2362,99715
2363,106645
2364,79835
2365,130060
2366,75775
2367,77595
2368,76020
2369,94570
2370,100975
2371,121065
2372,98840
2373,60935
2374,101640
2375,106050
2376,98455
2377,119315
2378,88935
2379,124670
2380,142835
2381,133560
2382,117845
2383,140840
2384,101115
2385,122850
2386,59955
2387,98490
2388,118615
2389,91525
2390,44730
2391,89425
2392,118510
2393,133070
2394,106470
2395,135555
2396,109935
2397,107975
2398,106960
2399,57330
2400,77560
2401,125720
2402,120750
2403,95760
2404,102060
2405,91385
2406,108710
2407,92890
2408,139160
2409,103355
2410,83755
2411,108220
2412,93555
2413,106050
2414,100275
2415,22435
2416,118580
2417,90125
2418,142240
2419,107625
2420,120470
2421,110600
2422,77595
2423,115640
2424,95900
2425,69020
2426,99960
2427,128765
2428,125895
2429,90440
2430,62720
2431,86485
2432,98770
2433,93310
2434,96880
2435,83335
2436,89845
2437,67690
2438,124285
2439,131005
2440,67795
2441,69930
2442,79275
2443,77315
2444,99890
2445,126070
2446,81690
2447,95830
2448,110565
2449,75705
2450,107730
2451,72975
2452,53025
2453,125965
2454,93695
2455,90405
2456,113680
2457,73710
2458,100345
2459,112735
2460,124215
2461,60235
2462,120330
2463,88445
2464,77455
2465,137935
2466,78680
2467,86240
2468,73815
2469,94815
2470,121100
2471,96495
2472,85715
2473,105735
2474,105805
2475,110880
2476,123690
2477,88760
2478,50575
2479,113820
2480,106295
2481,108570
2482,113470
2483,102270
2484,96635
2485,110775
2486,79870
2487,126175
2488,112280
2489,87220
2490,63770
2491,84420
2492,134645
2493,110705
2494,63665
2495,117250
2496,86310
2497,75740
2498,87045
2499,107975
2500,129885
2501,133560
2502,89145
2503,101675
2504,131110
2505,86730
2506,101255
2507,88655
2508,72555
2509,131810
2510,102165
2511,103950
2512,127295
2513,67585
2514,75880
2515,139475
2516,110810
2517,60340
2518,68530
2519,104475
2520,102060
2521,111580
2522,107380
2523,117810
2524,93800
2525,89145
2526,85225
2527,83790
2528,114975
2529,123445
2530,112000
2531,101255
2532,100205
2533,75355
2534,113925
2535,107765
2536,105455
2537,128135
2538,96320
2539,101395
2540,72835
2541,127015
2542,96180
2543,127750
2544,100590
2545,64890
2546,77350
2547,125265
2548,89460
2549,102865
2550,121345
2551,120225
2552,114485
2553,80885
2554,101465
2555,87570
2556,81445
2557,105840
2558,94255
2559,80115
2560,111125
2561,88515
2562,123725
2563,128100
2564,73920
2565,124180
2566,136045
2567,94045
2568,116410
2569,90580
2570,139790
2571,113680
2572,102655
2573,75600
2574,108465
2575,75355
2576,89950
2577,97335
2578,105875
2579,117740
2580,87395
2581,123480
2582,98420
2583,105910
2584,78190
2585,76335
2586,111160
2587,52990
2588,110355
2589,109900
2590,85540
2591,135380
2592,67725
2593,95865
2594,104195
2595,84840
2596,101115
2597,76510
2598,85575
2599,98175
2600,74795
2601,130060
2602,63595
2603,98035
2604,105700
2605,107520
2606,60410
2607,107660
2608,126875
2609,98805
2610,75600
2611,94710
2612,103985
2613,108010
2614,105175
2615,109655
2616,132930
2617,75425
2618,133840
2619,110950
2620,118195
2621,91175
2622,117635
2623,83685
2624,70630
2625,115220
2626,97720
2627,113330
2628,79205
2629,69405
2630,118860
2631,105980
2632,97405
2633,106820
2634,70525
2635,86765
2636,92050
2637,118965
2638,52465
2639,112700
2640,114170
2641,99540
2642,94395
2643,105980
2644,71645
2645,105980
2646,82040
2647,105735
2648,80185
2649,109375
2650,76195
2651,104545
2652,92400
2653,130270
2654,105560
2655,78855
2656,150150
2657,89530
2658,111545
2659,93555
2660,109725
2661,90650
2662,95725
2663,99050
2664,107135
2665,124635
2666,124705
2667,130900
2668,128590
2669,137305
2670,138110
2671,100870
2672,108325
2673,96740
2674,99820
2675,77840
2676,110425
2677,61075
2678,87325
2679,111370
2680,97930
2681,64085
2682,96285
2683,93975
2684,107310
2685,90440
2686,97370
2687,100380
2688,61180
2689,101080
2690,121065
2691,97370
2692,121275
2693,125965
2694,84035
2695,110635
2696,104370
2697,138250
2698,121310
2699,106995
2700,104650
2701,98875
2702,58800
2703,104580
2704,110180
2705,70840
2706,138845
2707,122220
2708,114870
2709,98945
2710,65520
2711,122395
2712,110565
2713,105525
2714,114380
2715,70700
2716,115360
2717,129185
2718,76335
2719,77805
2720,125755
2721,84420
2722,107415
2723,95375
2724,79835
2725,93590
2726,87115
2727,83720
2728,136115
2729,71750
2730,95270
2731,116305
2732,133700
2733,106295
2734,78645
2735,106820
2736,96005
2737,119140
2738,103460
2739,81690
2740,96075
2741,111370
2742,97860
2743,103985
2744,79100
2745,90090
2746,109550
2747,96845
2748,66955
2749,67060
2750,86450
2751,87745
2752,90055
2753,107240
2754,127085
2755,106610
2756,52920
2757,72800
2758,101500
2759,117110
2760,74305
2761,103915
2762,109620
2763,67340
2764,114135
2765,133315
2766,104265
2767,96915
2768,127190
2769,85190
2770,120960
2771,113890
2772,76055
2773,101990
2774,69300
2775,122150
2776,105245
2777,109900
2778,144480
2779,89075
2780,120925
2781,82180
2782,102165
2783,95130
2784,75880
2785,96635
2786,77980
2787,134855
2788,85960
2789,46235
2790,104230
2791,93625
2792,112210
2793,92260
2794,106225
2795,149100
2796,104370
2797,78190
2798,124320
2799,98105
2800,69790
2801,145565
2802,128450
2803,117740
2804,97930
2805,87885
2806,105665
2807,89250
2808,134785
2809,84315
2810,109725
2811,51135
2812,74725
2813,116410
2814,95620
2815,95830
2816,88480
2817,121135
2818,103600
2819,120295
2820,116130
2821,99925
2822,102025
2823,78960
2824,112770
2825,121800
2826,107100
2827,97195
2828,121905
2829,56000
2830,122115
2831,91035
2832,124320
2833,52150
2834,83965
2835,126455
2836,62930
2837,69860
2838,78680
2839,62685
2840,65975
2841,107415
2842,85295
2843,78085
2844,89985
2845,81060
2846,103040
2847,81585
2848,118545
2849,100030
2850,112140
2851,122990
2852,121275
2853,123655
2854,108430
2855,142555
2856,104615
2857,162505
2858,77700
2859,107100
2860,98210
2861,91245
2862,98875
2863,96180
2864,129955
2865,89810
2866,100555
2867,117145
2868,94360
2869,68985
2870,79380
2871,125580
2872,133350
2873,85715
2874,112245
2875,88340
2876,87500
2877,91455
2878,131460
2879,91700
2880,109900
2881,92155
2882,116795
2883,102235
2884,132895
2885,74760
2886,104475
2887,96215
2888,102550
2889,113960
2890,112595
2891,108325
2892,109375
2893,49140
2894,89075
2895,114730
2896,130795
2897,125930
2898,116165
2899,93695
2900,100485
2901,127260
2902,79415
2903,110215
2904,120330
2905,81865
2906,93590
2907,87115
2908,61320
2909,77525
2910,66325
2911,117845
2912,111790
2913,115255
2914,134610
2915,98735
2916,133245
2917,96880
2918,101535
2919,88900
2920,74200
2921,67480
2922,97510
2923,69825
2924,99015
2925,111090
2926,103250
2927,122325
2928,95865
2929,105140
2930,116235
2931,117215
2932,124705
2933,99960
2934,73850
2935,109305
2936,114695
2937,72765
2938,110355
2939,108710
2940,115850
2941,100660
2942,73640
2943,97615
2944,122535
2945,94010
2946,103880
2947,120750
2948,141505
2949,70560
2950,70385
2951,116445
2952,99295
2953,75355
2954,87395
2955,80325
2956,65870
2957,108045
2958,103040
2959,96145
2960,116165
2961,99505
2962,95340
2963,100345
2964,137900
2965,125825
2966,93730
2967,107345
2968,57155
2969,99225
2970,128275
2971,90090
2972,146475
2973,86730
2974,78015
2975,53515
2976,103810
2977,72520
2978,100275
2979,121345
2980,82390
2981,66010
2982,90720
2983,86520
2984,81375
2985,118160
2986,84980
2987,92820
2988,100415
2989,112210
2990,124670
2991,99260
2992,51030
2993,126735
2994,115080
2995,96880
2996,132965
2997,73465
2998,71820
2999,129675
3000,116480
3001,132965
3002,66395
3003,95095
3004,93905
3005,118580
3006,113575
3007,114485
3008,124670
3009,87710
3010,117425
3011,100380
3012,99540
3013,85050
3014,134750
3015,83440
3016,124250
3017,98105
3018,108045
3019,107100
3020,107205
3021,89530
3022,59885
3023,101745
3024,93765
3025,107170
3026,89670
3027,73500
3028,132090
3029,77035
3030,127365
3031,97335
3032,119140
3033,87640
3034,107030
3035,85365
3036,112770
3037,110880
3038,103880
3039,98595
3040,62335
3041,90965
3042,125790
3043,112735
3044,70420
3045,86310
3046,92085
3047,106085
3048,104755
3049,65380
3050,129745
3051,103040
3052,110950
3053,106400
3054,108500
3055,105770
3056,71890
3057,113750
3058,100100
3059,113470
3060,65940
3061,133035
3062,92260
3063,105490
3064,80640
3065,92540
3066,111860
3067,111370
3068,66710
3069,114800
3070,106855
3071,96145
3072,113890
3073,112735
3074,101605
3075,92225
3076,122465
3077,108500
3078,111160
3079,90300
3080,73325
3081,105070
3082,86765
3083,104370
3084,75670
3085,91665
3086,84490
3087,87395
3088,94920
3089,95060
3090,98665
3091,124145
3092,72800
3093,79380
3094,88095
3095,126420
3096,118125
3097,83370
3098,88235
3099,115395
3100,126315
3101,70350
3102,106295
3103,135275
3104,68845
3105,64225
3106,95795
3107,126525
3108,107275
3109,98350
3110,112595
3111,117740
3112,140490
3113,150570
3114,89075
3115,105105
3116,78015
3117,124705
3118,127820
3119,127225
3120,109515
3121,85260
3122,89040
3123,97790
3124,118020
3125,134295
3126,58625
3127,101500
3128,111930
3129,104475
3130,124285
3131,92365
3132,121800
3133,75600
3134,91630
3135,61145
3136,145145
3137,77175
3138,45640
3139,110740
3140,135170
3141,121520
3142,51380
3143,124215
3144,142660
3145,86135
3146,93380
3147,80360
3148,114730
3149,111475
3150,124845
3151,136850
3152,106680
3153,118790
3154,87710
3155,81270
3156,131250
3157,124775
3158,134085
3159,118545
3160,106295
3161,101395
3162,101500
3163,87920
3164,82215
3165,78925
3166,100835
3167,100135
3168,132405
3169,99470
3170,98420
3171,115255
3172,120470
3173,114310
3174,89110
3175,114345
3176,88200
3177,106190
3178,106610
3179,96810
3180,124635
3181,79555
3182,110005
3183,104615
3184,81620
3185,78330
3186,70000
3187,107380
3188,118720
3189,76475
3190,124810
3191,91315
3192,103390
3193,66430
3194,60445
3195,127400
3196,102900
3197,85575
3198,78645
3199,98140
3200,85085
3201,113470
3202,131670
3203,95200
3204,90125
3205,69720
3206,150325
3207,108080
3208,112455
3209,78470
3210,65275
3211,99820
3212,87920
3213,104860
3214,120995
3215,104930
3216,86065
3217,104930
3218,112210
3219,112525
3220,102725
3221,66360
3222,93380
3223,138110
3224,103110
3225,46375
3226,112175
3227,108675
3228,91105
3229,90580
3230,95200
3231,118825
3232,130235
3233,71470
3234,89740
3235,118930
3236,79485
3237,87850
3238,108185
3239,91805
3240,96670
3241,89985
3242,113470
3243,87535
3244,121380
3245,103600
3246,74165
3247,110600
3248,66710
3249,84525
3250,73920
3251,130655
3252,99575
3253,54845
3254,145040
3255,71785
3256,84840
3257,93135
3258,84595
3259,104195
3260,142940
3261,70560
3262,67515
3263,116375
3264,158165
3265,107415
3266,109900
3267,93625
3268,84980
3269,95760
3270,88165
3271,157780
3272,88410
3273,78855
3274,96285
3275,101710
3276,80780
3277,125020
3278,138390
3279,122255
3280,114205
3281,84630
3282,127015
3283,57260
3284,134960
3285,69755
3286,71925
3287,114240
3288,112140
3289,103075
3290,68460
3291,58870
3292,71540
3293,97930
3294,93555
3295,124460
3296,76790
3297,84210
3298,98875
3299,68005
3300,146615
3301,109515
3302,102830
3303,97335
3304,79625
3305,127610
3306,93520
3307,77770
3308,91105
3309,128590
3310,109900
3311,106575
3312,76720
3313,80465
3314,122045
3315,93380
3316,106225
3317,107240
3318,139370
3319,94850
3320,95585
3321,90650
3322,71715
3323,111825
3324,101360
3325,114590
3326,90930
3327,53725
3328,105245
3329,140735
3330,136045
3331,125685
3332,115290
3333,113400
3334,144410
3335,143710
3336,116550
3337,117425
3338,61355
3339,116865
3340,82670
3341,94290
3342,159740
3343,131075
3344,49280
3345,93555
3346,109690
3347,67305
3348,89810
3349,134330
3350,104580
3351,79345
3352,74935
3353,95620
3354,118965
3355,77420
3356,78470
3357,79625
3358,105175
3359,82600
3360,109585
3361,84910
3362,110215
3363,68600
3364,107275
3365,62965
3366,82635
3367,70420
3368,113225
3369,135485
3370,95620
3371,78190
3372,78295
3373,97930
3374,97335
3375,101605
3376,141260
3377,137095
3378,108325
3379,144865
3380,103775
3381,137970
3382,82810
3383,113890
3384,62755
3385,90265
3386,97755
3387,151725
3388,76090
3389,63560
3390,102165
3391,98420
3392,113295
3393,92225
3394,90755
3395,115990
3396,77175
3397,110040
3398,106400
3399,84455
3400,94780
3401,104300
3402,77805
3403,115815
3404,66430
3405,137900
3406,91910
3407,115010
3408,101850
3409,113820
3410,99540
3411,117005
3412,85365
3413,119000
3414,85085
3415,148225
3416,131425
3417,78610
3418,119805
3419,89530
3420,95235
3421,97860
3422,134855
3423,58450
3424,64925
3425,130130
3426,79695
3427,78330
3428,83650
3429,88655
3430,138915
3431,94185
3432,111300
3433,115745
3434,125720
3435,130935
3436,66045
3437,64085
3438,71680
3439,68670
3440,127085
3441,99645
3442,103670
3443,93275
3444,119105
3445,49525
3446,72975
3447,82180
3448,136395
3449,51450
3450,101220
3451,126700
3452,103915
3453,96285
3454,110285
3455,89250
3456,139370
3457,67830
3458,56595
3459,107310
3460,90685
3461,71050
3462,109235
3463,66605
3464,72975
3465,104195
3466,119910
3467,92225
3468,93310
3469,106330
3470,85960
3471,94780
3472,86170
3473,111615
3474,77770
3475,89005
3476,79380
3477,135730
3478,82775
3479,103705
3480,84455
3481,111440
3482,88970
3483,84245
3484,122640
3485,121695
3486,106575
3487,95375
3488,96565
3489,96285
3490,59185
3491,74340
3492,125545
3493,100800
3494,102130
3495,97195
3496,122080
3497,63805
3498,96425
3499,84315
3500,83930
3501,87920
3502,94360
3503,123235
3504,87990
3505,117495
3506,68495
3507,105595
3508,90335
3509,77945
3510,102585
3511,52045
3512,73780
3513,89740
3514,96530
3515,136780
3516,84665
3517,95305
3518,99400
3519,67620
3520,113435
3521,138320
3522,79170
3523,98140
3524,80640
3525,101640
3526,94185
3527,102060
3528,69965
3529,94395
3530,123305
3531,134505
3532,64015
3533,81585
3534,109270
3535,94990
3536,74375
3537,157255
3538,93275
3539,95480
3540,63525
3541,121940
3542,117880
3543,104055
3544,98350
3545,124880
3546,100310
3547,82075
3548,118160
3549,85540
3550,119420
3551,52290
3552,111370
3553,53760
3554,102760
3555,86135
3556,102550
3557,111545
3558,119805
3559,105035
3560,72135
3561,89565
3562,73430
3563,84070
3564,70770
3565,93940
3566,97335
3567,101080
3568,97930
3569,101325
3570,82460
3571,91035
3572,82740
3573,61460
3574,96985
3575,113925
3576,106120
3577,69615
3578,75775
3579,101045
3580,89985
3581,150605
3582,116865
3583,132440
3584,94815
3585,119035
3586,94640
3587,117005
3588,90370
3589,91490
3590,53165
3591,87745
3592,154245
3593,99960
3594,91105
3595,100835
3596,111510
3597,102375
3598,94745
3599,94325
3600,118965
3601,85820
3602,126735
3603,88375
3604,77000
3605,113155
3606,73220
3607,84350
3608,104300
3609,76615
3610,81375
3611,101920
3612,131320
3613,75215
3614,97125
3615,144900
3616,124215
3617,104685
3618,131600
3619,98630
3620,146020
3621,92960
3622,77175
3623,84560
3624,118125
3625,86870
3626,126945
3627,75425
3628,101710
3629,93135
3630,135170
3631,73255
3632,98035
3633,102305
3634,103425
3635,82985
3636,82355
3637,163030
3638,111755
3639,108815
3640,67025
3641,83300
3642,65100
3643,84070
3644,89285
3645,91455
3646,82670
3647,104930
3648,88235
3649,112350
3650,131495
3651,145530
3652,106225
3653,75040
3654,90895
3655,66885
3656,93380
3657,129465
3658,91840
3659,122290
3660,121415
3661,169855
3662,110075
3663,104475
3664,127890
3665,94150
3666,96250
3667,78365
3668,75880
3669,86485
3670,85785
3671,93765
3672,106785
3673,103635
3674,105665
3675,115955
3676,109830
3677,93800
3678,89565
3679,79135
3680,75985
3681,116340
3682,98840
3683,101780
3684,121030
3685,86625
3686,114450
3687,152180
3688,79240
3689,73780
3690,127820
3691,111020
3692,129045
3693,85155
3694,110740
3695,119315
3696,104510
3697,85855
3698,74375
3699,100765
3700,121695
3701,60865
3702,110775
3703,124705
3704,147105
3705,104650
3706,162225
3707,109445
3708,133630
3709,90545
3710,86135
3711,104895
3712,98140
3713,62195
3714,109830
3715,139895
3716,117005
3717,94150
3718,86905
3719,97160
3720,136955
3721,111965
3722,137725
3723,91140
3724,124425
3725,119455
3726,104615
3727,104685
3728,95935
3729,157955
3730,51835
3731,62300
3732,116095
3733,104580
3734,103075
3735,103040
3736,59920
3737,83720
3738,99155
3739,65870
3740,71225
3741,135730
3742,159075
3743,115290
3744,79485
3745,112665
3746,119490
3747,71610
3748,76790
3749,140980
3750,110600
3751,135695
3752,120645
3753,124355
3754,119350
3755,103180
3756,107730
3757,85925
3758,77595
3759,135835
3760,111265
3761,123550
3762,91280
3763,88900
3764,77070
3765,116865
3766,65170
3767,107555
3768,98910
3769,118020
3770,97510
3771,125370
3772,103565
3773,99540
3774,105595
3775,60690
3776,100870
3777,82355
3778,111895
3779,100555
3780,99155
3781,125650
3782,91560
3783,83300
3784,83335
3785,124985
3786,104195
3787,115710
3788,77350
3789,129710
3790,57575
3791,125125
3792,94850
3793,94010
3794,111125
3795,134610
3796,107170
3797,95515
3798,93030
3799,77980
3800,136255
3801,141190
3802,117390
3803,77070
3804,151270
3805,55755
3806,112000
3807,121555
3808,101815
3809,112280
3810,84420
3811,96285
3812,85925
3813,132825
3814,116585
3815,83160
3816,151340
3817,51870
3818,68075
3819,81585
3820,120995
3821,106785
3822,116585
3823,129185
3824,81585
3825,105000
3826,65170
3827,65170
3828,161700
3829,151865
3830,91840
3831,99680
3832,116585
3833,112350
3834,123445
3835,104195
3836,110985
3837,66255
3838,104650
3839,88025
3840,93310
3841,90265
3842,64890
3843,105035
3844,99785
3845,115115
3846,120225
3847,114345
3848,106260
3849,114800
3850,111160
3851,131740
3852,116725
3853,86205
3854,84105
3855,84000
3856,121730
3857,70070
3858,141435
3859,144235
3860,90370
3861,91245
3862,116270
3863,70035
3864,121940
3865,146895
3866,121660
3867,89425
3868,76230
3869,131530
3870,91490
3871,120225
3872,88025
3873,127085
3874,108045
3875,121975
3876,98140
3877,99120
3878,101640
3879,114170
3880,59430
3881,119875
3882,99715
3883,105770
3884,99120
3885,121170
3886,82705
3887,96390
3888,114065
3889,90440
3890,128940
3891,111580
3892,86870
3893,102375
3894,105875
3895,90265
3896,119070
3897,106715
3898,100555
3899,111825
3900,88025
3901,124845
3902,93485
3903,97475
3904,64225
3905,104720
3906,87640
3907,73465
3908,91665
3909,120750
3910,142940
3911,77035
3912,71050
3913,46690
3914,75810
3915,85295
3916,100415
3917,124950
3918,80885
3919,121100
3920,127295
3921,96425
3922,118685
3923,133595
3924,123830
3925,93205
3926,81655
3927,108360
3928,90055
3929,122360
3930,143745
3931,99400
3932,105875
3933,108780
3934,91070
3935,118440
3936,78295
3937,131565
3938,96390
3939,116270
3940,100030
3941,113680
3942,100100
3943,100030
3944,62930
3945,67900
3946,94920
3947,150045
3948,144060
3949,94290
3950,80640
3951,126455
3952,124600
3953,114065
3954,106470
3955,104685
3956,151340
3957,108360
3958,120680
3959,100905
3960,133665
3961,84280
3962,103880
3963,98175
3964,94920
3965,99575
3966,149205
3967,122990
3968,124005
3969,98420
3970,108465
3971,67515
3972,64120
3973,129710
3974,122185
3975,47110
3976,105840
3977,75005
3978,82950
3979,82215
3980,99715
3981,101850
3982,99365
3983,106680
3984,114450
3985,91455
3986,76265
3987,100625
3988,93415
3989,58905
3990,122710
3991,108010
3992,107170
3993,68250
3994,97090
3995,91350
3996,132755
3997,73290
3998,69895
3999,109690
4000,80115
4001,97510
4002,102200
4003,120715
4004,101115
4005,102830
4006,89565
4007,96705
4008,90895
4009,66325
4010,70350
4011,76055
4012,127435
4013,125720
4014,115395
4015,100135
4016,107520
4017,95095
4018,76930
4019,66710
4020,135660
4021,91070
4022,95130
4023,104860
4024,112875
4025,92470
4026,79555
4027,60970
4028,69230
4029,84700
4030,105560
4031,82670
4032,99295
4033,94290
4034,62195
4035,86240
4036,48300
4037,89110
4038,94500
4039,118020
4040,91630
4041,130305
4042,100065
4043,75215
4044,99260
4045,77245
4046,151480
4047,129990
4048,87045
4049,66745
4050,112945
4051,138285
4052,100765
4053,140910
4054,130830
4055,61215
4056,119140
4057,98315
4058,105945
4059,96670
4060,112630
4061,132685
4062,107695
4063,110110
4064,116655
4065,94255
4066,126385
4067,91175
4068,107765
4069,90860
4070,90615
4071,74200
4072,121380
4073,75180
4074,109935
4075,54075
4076,88830
4077,127155
4078,106330
4079,76125
4080,121205
4081,109515
4082,130620
4083,91490
4084,105665
4085,107485
4086,107660
4087,105945
4088,101430
4089,110950
4090,97860
4091,71855
4092,72870
4093,90020
4094,110390
4095,76475
4096,88970
4097,110460
4098,103565
4099,99855
4100,106365
4101,147665
4102,98490
4103,59500
4104,89145
4105,122605
4106,104440
4107,100695
4108,92225
4109,80290
4110,63945
4111,82180
4112,115850
4113,103985
4114,70770
4115,91665
4116,99190
4117,101395
4118,126000
4119,109025
4120,106015
4121,83930
4122,76160
4123,88165
4124,142135
4125,93485
4126,108640
4127,67690
4128,86520
4129,98035
4130,88445
4131,81655
4132,132790
4133,89425
4134,150290
4135,107730
4136,107065
4137,147175
4138,93205
4139,93240
4140,91875
4141,102970
4142,135275
4143,100485
4144,112490
4145,67655
4146,65975
4147,95340
4148,83930
4149,106295
4150,100275
4151,101325
4152,105350
4153,116025
4154,105070
4155,64680
4156,115885
4157,123305
4158,126210
4159,99015
4160,131145
4161,85015
4162,117705
4163,97825
4164,121345
4165,85015
4166,116515
4167,140280
4168,83335
4169,112735
4170,93905
4171,106960
4172,121415
4173,127785
4174,143185
4175,76510
4176,77035
4177,100625
4178,91350
4179,114660
4180,134260
4181,99470
4182,131495
4183,99715
4184,108990
4185,75530
4186,81340
4187,148470
4188,95270
4189,75285
4190,92295
4191,93030
4192,88620
4193,141750
4194,123690
4195,97825
4196,127155
4197,90475
4198,121555
4199,89880
4200,105525
4201,111930
4202,94500
4203,106680
4204,110110
4205,96215
4206,107450
4207,94990
4208,113890
4209,103775
4210,95060
4211,80150
4212,117530
4213,132860
4214,117285
4215,89670
4216,84805
4217,126595
4218,119665
4219,118090
4220,72975
4221,80395
4222,134505
4223,104475
4224,115080
4225,104125
4226,82495
4227,91420
4228,117950
4229,83020
4230,101955
4231,80955
4232,83475
4233,83930
4234,123270
4235,93695
4236,86730
4237,87850
4238,121485
4239,78470
4240,82250
4241,110810
4242,85470
4243,112455
4244,101500
4245,91245
4246,65240
4247,117565
4248,100765
4249,44660
4250,130305
4251,88060
4252,81620
4253,107240
4254,87885
4255,96075
4256,107870
4257,96460
4258,125020
4259,75110
4260,79170
4261,67515
4262,124495
4263,111090
4264,104265
4265,104160
4266,127330
4267,92785
4268,93135
4269,100590
4270,82075
4271,148785
4272,130795
4273,93485
4274,109935
4275,120435
4276,63665
4277,115535
4278,89425
4279,125895
4280,131950
4281,101955
4282,95445
4283,105210
4284,139160
4285,124005
4286,147875
4287,80535
4288,127400
4289,124110
4290,77350
4291,72975
4292,57960
4293,53130
4294,109445
4295,83860
4296,95690
4297,104370
4298,91315
4299,105805
4300,121835
4301,102235
4302,118265
4303,89390
4304,117145
4305,114940
4306,106715
4307,85085
4308,117425
4309,112805
4310,112175
4311,104615
4312,108920
4313,139755
4314,85400
4315,123865
4316,104195
4317,89320
4318,70350
4319,90685
4320,135975
4321,105525
4322,90090
4323,114940
4324,96145
4325,78925
4326,120610
4327,84945
4328,76440
4329,109690
4330,101885
4331,121905
4332,82635
4333,93240
4334,115395
4335,77140
4336,122640
4337,119420
4338,79660
4339,100170
4340,118825
4341,81025
4342,116725
4343,85855
4344,104300
4345,107555
4346,121415
4347,68565
4348,104160
4349,119595
4350,117810
4351,85575
4352,88585
4353,113365
4354,78365
4355,114625
4356,79625
4357,106085
4358,86940
4359,106260
4360,109900
4361,127505
4362,101080
4363,82705
4364,105000
4365,82110
4366,113680
4367,95060
4368,112770
4369,118685
4370,93835
4371,116865
4372,116550
4373,83860
4374,79800
4375,81375
4376,86310
4377,93765
4378,73360
4379,82705
4380,123060
4381,105105
4382,104580
4383,127470
4384,121030
4385,110040
4386,80080
4387,72380
4388,100170
4389,51730
4390,79450
4391,114415
4392,105630
4393,69720
4394,97055
4395,119000
4396,66815
4397,86450
4398,94325
4399,104790
4400,107065
4401,119805
4402,102690
4403,108850
4404,95200
4405,80640
4406,117740
4407,94150
4408,82110
4409,111510
4410,100765
4411,117180
4412,114590
4413,104895
4414,110180
4415,145495
4416,109410
4417,127225
4418,62195
4419,67865
4420,104405
4421,108500
4422,95445
4423,102760
4424,105000
4425,114380
4426,128765
4427,89355
4428,102795
4429,117775
4430,98315
4431,94255
4432,110285
4433,124915
4434,100415
4435,109165
4436,72100
4437,109305
4438,108745
4439,90160
4440,98385
4441,88060
4442,105105
4443,93625
4444,94815
4445,66815
4446,89670
4447,99470
4448,52465
4449,72205
4450,85890
4451,92330
4452,151130
4453,105420
4454,64785
4455,91525
4456,109515
4457,90440
4458,74480
4459,111580
4460,72485
4461,91385
4462,168490
4463,89285
4464,128625
4465,106190
4466,65905
4467,75810
4468,62615
4469,81375
4470,101220
4471,111860
4472,133385
4473,75530
4474,98630
4475,92365
4476,82355
4477,86240
4478,78260
4479,93380
4480,116935
4481,102795
4482,111300
4483,111755
4484,127575
4485,130620
4486,132895
4487,126840
4488,96810
4489,74585
4490,121415
4491,57995
4492,78085
4493,107310
4494,77280
4495,150150
4496,91700
4497,77490
4498,99505
4499,105455
4500,89040
4501,63420
4502,70035
4503,132615
4504,136990
4505,74445
4506,114555
4507,108885
4508,95620
4509,89915
4510,109305
4511,82005
4512,37660
4513,81375
4514,73115
4515,122150
4516,91280
4517,94640
4518,102095
4519,83440
4520,105525
4521,115745
4522,99925
4523,106855
4524,95235
4525,120295
4526,38570
4527,61740
4528,93660
4529,140175
4530,115745
4531,107205
4532,114415
4533,109690
4534,92365
4535,133560
4536,81655
4537,84350
4538,78645
4539,93695
4540,87325
4541,79380
4542,115570
4543,53830
4544,146755
4545,72975
4546,109025
4547,135765
4548,102935
4549,95585
4550,107485
4551,127890
4552,104510
4553,120575
4554,105420
4555,101640
4556,91980
4557,113365
4558,73745
4559,103670
4560,110390
4561,108885
4562,99015
4563,88655
4564,97160
4565,82635
4566,133700
4567,110670
4568,83860
4569,55860
4570,65695
4571,97440
4572,120995
4573,63770
4574,126980
4575,111160
4576,110775
4577,94290
4578,120575
4579,90720
4580,87990
4581,125300
4582,88550
4583,117390
4584,80010
4585,79765
4586,101395
4587,74550
4588,85645
4589,117495
4590,91840
4591,103600
4592,115465
4593,70980
4594,68355
4595,110775
4596,93800
4597,100660
4598,84875
4599,107870
4600,109270
4601,106715
4602,95445
4603,127925
4604,112560
4605,107800
4606,100310
4607,72030
4608,97580
4609,91280
4610,72450
4611,123025
4612,70875
4613,87605
4614,107765
4615,113995
4616,58345
4617,119980
4618,82565
4619,128065
4620,124145
4621,103110
4622,105455
4623,78330
4624,100765
4625,73220
4626,113785
4627,101920
4628,133840
4629,90335
4630,109585
4631,82425
4632,111090
4633,100905
4634,90930
4635,88445
4636,128835
4637,106505
4638,85085
4639,119770
4640,103810
4641,126070
4642,82705
4643,80605
4644,88235
4645,116445
4646,67865
4647,100870
4648,117460
4649,90230
4650,122570
4651,93730
4652,92435
4653,145810
4654,81165
4655,139370
4656,115045
4657,106050
4658,113295
4659,110075
4660,75285
4661,125825
4662,117950
4663,96985
4664,103810
4665,125895
4666,76580
4667,132895
4668,116515
4669,97370
4670,91315
4671,109760
4672,106820
4673,118685
4674,117390
4675,127015
4676,78400
4677,96775
4678,134750
4679,138985
4680,102515
4681,110915
4682,77665
4683,118720
4684,109410
4685,81935
4686,146755
4687,111440
4688,106785
4689,131425
4690,105840
4691,108885
4692,123235
4693,110460
4694,112455
4695,85330
4696,105875
4697,108500
4698,129990
4699,115395
4700,80605
4701,81760
4702,97090
4703,116095
4704,91315
4705,58135
4706,71365
4707,115010
4708,93205
4709,122255
4710,62895
4711,82215
4712,96075
4713,98805
4714,152285
4715,110355
4716,88725
4717,87360
4718,87990
4719,125685
4720,114590
4721,91245
4722,101675
4723,82250
4724,79380
4725,98805
4726,105350
4727,104475
4728,97020
4729,69825
4730,116865
4731,119035
4732,107905
4733,82705
4734,73045
4735,76160
4736,135135
4737,93275
4738,127190
4739,72590
4740,116305
4741,109690
4742,88935
4743,120785
4744,124390
4745,90055
4746,132895
4747,105840
4748,113540
4749,116235
4750,106015
4751,81165
4752,82215
4753,70140
4754,69160
4755,126910
4756,77455
4757,106925
4758,120960
4759,108990
4760,96740
4761,77840
4762,55720
4763,156240
4764,128275
4765,85190
4766,74655
4767,123410
4768,120995
4769,94395
4770,125790
4771,76930
4772,103495
4773,96005
4774,70840
4775,105665
4776,112525
4777,91245
4778,101325
4779,102200
4780,109690
4781,93415
4782,89460
4783,128205
4784,92365
4785,106295
4786,142590
4787,104020
4788,76405
4789,79730
4790,81865
4791,122955
4792,89600
4793,98420
4794,103810
4795,77910
4796,94045
4797,104510
4798,81935
4799,101675
4800,78400
4801,136605
4802,76755
4803,92365
4804,81130
4805,84665
4806,124215
4807,58450
4808,117810
4809,68810
4810,99820
4811,68320
4812,101570
4813,102375
4814,118755
4815,101255
4816,85575
4817,100065
4818,113155
4819,59115
4820,111090
4821,116830
4822,55615
4823,85925
4824,77560
4825,109130
4826,71540
4827,87255
4828,120505
4829,114275
4830,143850
4831,99855
4832,134680
4833,117180
4834,109620
4835,112070
4836,98140
4837,134995
4838,73885
4839,88410
4840,103145
4841,105280
4842,57960
4843,60095
4844,109410
4845,133735
4846,101605
4847,101570
4848,48685
4849,145145
4850,105525
4851,97405
4852,102550
4853,62615
4854,57715
4855,110740
4856,120400
4857,121065
4858,98070
4859,76790
4860,70140
4861,128380
4862,100205
4863,102060
4864,141155
4865,78015
4866,74375
4867,97895
4868,125020
4869,91910
4870,113645
4871,105805
4872,159845
4873,91735
4874,116830
4875,98035
4876,142590
4877,77490
4878,101325
4879,107625
4880,150815
4881,99295
4882,84910
4883,104930
4884,99820
4885,118160
4886,84770
4887,88305
4888,82880
4889,74550
4890,116375
4891,86730
4892,89390
4893,87780
4894,93730
4895,145810
4896,85260
4897,109305
4898,77770
4899,95795
4900,89915
4901,99750
4902,96985
4903,115115
4904,93975
4905,101465
4906,133770
4907,109165
4908,124740
4909,91070
4910,140875
4911,95830
4912,76650
4913,73885
4914,132055
4915,106960
4916,91070
4917,120120
4918,108990
4919,125685
4920,127225
4921,79800
4922,93170
4923,119070
4924,110180
4925,94780
4926,105665
4927,98770
4928,101570
4929,110845
4930,89250
4931,95480
4932,85715
4933,84735
4934,47355
4935,98280
4936,106995
4937,97720
4938,122115
4939,99925
4940,137095
4941,64470
4942,78575
4943,107695
4944,91175
4945,84525
4946,79870
4947,147105
4948,132195
4949,99890
4950,68180
4951,105315
4952,104825
4953,84350
4954,124880
4955,90545
4956,126105
4957,78925
4958,100275
4959,87745
4960,70735
4961,67620
4962,48230
4963,88585
4964,95165
4965,67690
4966,121590
4967,89355
4968,104020
4969,83300
4970,78855
4971,96075
4972,106995
4973,127400
4974,105945
4975,92785
4976,69510
4977,101430
4978,134260
4979,74270
4980,81900
4981,64820
4982,81725
4983,84140
4984,63875
4985,102025
4986,95585
4987,98350
4988,80990
4989,106470
4990,97545
4991,93590
4992,132895
4993,124075
4994,94780
4995,123655
4996,123165
4997,100835
4998,64890
4999,84735
5000,95830
5001,78400
5002,122920
5003,106015
5004,84980
5005,98245
5006,69650
5007,105875
5008,132860
5009,68705
5010,89075
5011,104300
5012,132895
5013,88900
5014,91175
5015,107345
5016,120575
5017,96110
5018,92295
5019,61005
5020,90125
5021,104755
5022,102970
5023,95130
5024,106890
5025,121590
5026,142940
5027,93800
5028,108570
5029,104300
5030,74410
5031,79940
5032,92015
5033,116655
5034,126245
5035,97195
5036,113050
5037,61915
5038,130585
5039,82810
5040,76195
5041,69720
5042,125650
5043,98210
5044,49280
5045,84770
5046,121030
5047,89845
5048,135835
5049,101395
5050,96670
5051,128975
5052,105560
5053,105805
5054,105175
5055,95270
5056,107310
5057,122045
5058,127330
5059,91385
5060,110600
5061,108220
5062,103880
5063,88795
5064,106645
5065,113400
5066,116865
5067,93345
5068,92330
5069,95235
5070,114905
5071,80815
5072,76160
5073,115815
5074,64260
5075,121695
5076,44415
5077,82040
5078,87710
5079,99680
5080,113750
5081,119805
5082,75705
5083,87290
5084,119595
5085,125580
5086,86590
5087,97195
5088,113330
5089,98910
5090,121030
5091,94745
5092,78050
5093,110600
5094,97965
5095,101710
5096,93450
5097,102620
5098,129115
5099,84735
5100,82215
5101,105945
5102,117915
5103,97335
5104,89775
5105,81795
5106,91770
5107,85645
5108,95025
5109,87220
5110,124915
5111,99085
5112,92120
5113,138285
5114,96600
5115,77245
5116,124075
5117,112000
5118,109690
5119,96250
5120,115990
5121,63630
5122,134505
5123,75600
5124,117705
5125,86590
5126,133595
5127,115710
5128,123620
5129,57715
5130,109480
5131,121240
5132,101325
5133,107135
5134,91910
5135,58660
5136,112490
5137,84875
5138,132720
5139,116130
5140,73710
5141,91000
5142,79345
5143,132825
5144,108185
5145,73360
5146,120610
5147,109655
5148,102900
5149,134365
5150,144270
5151,139230
5152,131390
5153,82810
5154,46130
5155,124460
5156,81340
5157,105280
5158,105420
5159,69370
5160,138040
5161,108780
5162,133840
5163,133840
5164,97545
5165,111090
5166,78995
5167,121030
5168,110495
5169,132020
5170,81830
5171,87220
5172,80395
5173,137515
5174,113645
5175,113995
5176,95760
5177,96705
5178,124565
5179,123480
5180,102410
5181,83860
5182,88165
5183,85295
5184,106960
5185,81865
5186,129850
5187,82705
5188,89845
5189,92960
5190,91385
5191,121415
5192,126770
5193,109270
5194,93345
5195,119770
5196,98140
5197,124390
5198,107310
5199,100975
5200,109480
5201,94710
5202,84455
5203,48580
5204,96845
5205,82880
5206,117145
5207,72555
5208,96705
5209,94570
5210,89740
5211,67550
5212,128870
5213,91385
5214,118125
5215,131145
5216,63420
5217,87395
5218,107870
5219,98315
5220,107660
5221,108500
5222,110110
5223,93590
5224,103250
5225,89600
5226,73640
5227,108220
5228,69720
5229,99680
5230,78925
5231,101465
5232,129185
5233,106155
5234,103285
5235,109130
5236,109375
5237,72030
5238,127085
5239,112735
5240,146615
5241,139825
5242,86240
5243,94535
5244,90055
5245,78715
5246,133385
5247,93660
5248,114345
5249,81235
5250,71190
5251,106050
5252,107590
5253,76020
5254,80535
5255,105420
5256,105980
5257,105735
5258,91315
5259,121590
5260,117740
5261,85890
5262,107030
5263,113540
5264,86205
5265,116165
5266,93065
5267,97580
5268,139615
5269,99295
5270,100905
5271,111965
5272,99785
5273,98035
5274,111930
5275,84735
5276,138810
5277,122220
5278,124600
5279,80395
5280,77595
5281,139545
5282,129675
5283,90790
5284,95375
5285,89635
5286,82180
5287,147315
5288,86835
5289,101290
5290,113400
5291,97545
5292,125930
5293,88095
5294,131215
5295,100625
5296,140980
5297,81830
5298,124110
5299,74235
5300,68880
5301,101045
5302,100415
5303,98070
5304,113120
5305,112245
5306,137550
5307,115010
5308,107625
5309,100800
5310,147070
5311,115220
5312,100415
5313,63420
5314,96005
5315,85400
5316,95865
5317,109445
5318,118405
5319,86170
5320,106120
5321,93310
5322,137410
5323,128030
5324,128065
5325,78890
5326,110425
5327,77175
5328,85435
5329,95795
5330,63840
5331,142590
5332,114275
5333,120435
5334,127120
5335,140420
5336,108395
5337,85470
5338,116480
5339,87360
5340,128520
5341,105770
5342,80465
5343,98700
5344,69160
5345,114345
5346,136675
5347,119280
5348,107345
5349,87885
5350,127575
5351,114135
5352,82600
5353,94990
5354,80990
5355,126315
5356,107975
5357,128835
5358,100345
5359,99855
5360,110180
5361,106120
5362,110950
5363,117075
5364,109340
5365,101780
5366,77420
5367,94535
5368,94360
5369,90265
5370,110215
5371,123270
5372,51275
5373,69720
5374,118090
5375,112770
5376,103740
5377,94710
5378,99925
5379,92120
5380,73045
5381,98770
5382,95060
5383,103495
5384,64085
5385,70245
5386,81480
5387,113015
5388,138390
5389,104020
5390,110635
5391,74165
5392,99050
5393,102095
5394,81375
5395,138110
5396,80745
5397,110600
5398,87360
5399,99505
5400,72730
5401,72940
5402,130620
5403,118720
5404,55545
5405,78295
5406,72310
5407,73290
5408,99225
5409,125580
5410,111825
5411,62195
5412,124495
5413,92260
5414,87535
5415,145845
5416,101535
5417,70245
5418,127015
5419,92540
5420,105700
5421,79030
5422,65240
5423,83160
5424,94640
5425,119280
5426,114730
5427,90755
5428,63735
5429,73780
5430,117635
5431,96040
5432,77525
5433,93170
5434,77525
5435,113295
5436,76370
5437,102410
5438,77175
5439,88375
5440,104335
5441,91560
5442,128345
5443,91735
5444,137830
5445,88620
5446,102900
5447,112280
5448,125160
5449,102445
5450,94640
5451,99855
5452,122115
5453,91595
5454,96425
5455,103635
5456,42560
5457,116620
5458,101710
5459,86905
5460,113750
5461,118895
5462,79275
5463,90895
5464,80080
5465,118510
5466,112070
5467,141505
5468,106750
5469,127890
5470,87465
5471,82180
5472,98595
5473,96495
5474,103460
5475,97545
5476,86380
5477,101010
5478,78680
5479,73710
5480,58310
5481,116830
5482,109340
5483,103880
5484,61215
5485,117040
5486,128905
5487,94605
5488,115570
5489,142345
5490,101010
5491,125615
5492,112175
5493,123830
5494,106785
5495,122675
5496,103355
5497,88655
5498,100170
5499,110460
5500,75810
5501,65170
5502,97405
5503,71610
5504,85085
5505,110915
5506,90055
5507,76895
5508,136675
5509,132300
5510,109375
5511,79135
5512,104055
5513,85505
5514,89005
5515,101675
5516,77175
5517,57295
5518,80360
5519,101850
5520,124005
5521,96075
5522,96040
5523,150360
5524,110145
5525,86730
5526,57225
5527,67235
5528,86415
5529,119245
5530,126455
5531,113015
5532,113645
5533,78470
5534,79415
5535,140980
5536,98175
5537,99435
5538,109480
5539,87185
5540,106050
5541,99540
5542,82285
5543,104335
5544,94325
5545,105245
5546,138495
5547,74025
5548,128345
5549,117495
5550,127995
5551,124985
5552,137235
5553,106505
5554,138880
5555,73220
5556,121800
5557,120120
5558,78050
5559,81865
5560,111790
5561,120645
5562,76405
5563,115990
5564,106015
5565,110880
5566,130305
5567,97265
5568,47810
5569,83965
5570,59535
5571,76510
5572,116725
5573,86240
5574,75845
5575,107975
5576,95655
5577,79485
5578,107765
5579,80290
5580,88620
5581,78295
5582,66080
5583,122920
5584,102760
5585,84245
5586,98840
5587,91770
5588,132370
5589,58730
5590,89250
5591,91280
5592,127610
5593,88620
5594,55755
5595,56805
5596,80710
5597,99645
5598,71260
5599,104125
5600,94780
5601,74830
5602,118930
5603,100590
5604,91665
5605,104195
5606,98245
5607,138145
5608,112280
5609,66780
5610,112070
5611,89355
5612,115430
5613,101430
5614,117495
5615,101185
5616,87185
5617,120645
5618,126595
5619,116060
5620,77175
5621,115395
5622,76405
5623,90860
5624,58065
5625,108990
5626,68985
5627,99225
5628,106155
5629,105350
5630,72975
5631,65380
5632,131460
5633,85820
5634,155470
5635,67445
5636,122465
5637,111615
5638,84665
5639,81375
5640,132580
5641,129360
5642,78435
5643,96880
5644,103110
5645,127435
5646,107030
5647,67865
5648,99960
5649,129010
5650,49700
5651,114555
5652,128030
5653,85120
5654,82810
5655,93485
5656,118895
5657,130655
5658,92820
5659,98525
5660,98420
5661,64505
5662,100415
5663,105175
5664,45290
5665,56140
5666,102515
5667,81060
5668,120715
5669,135905
5670,62475
5671,117740
5672,143675
5673,83055
5674,94185
5675,127330
5676,68600
5677,102550
5678,74305
5679,80045
5680,100205
5681,75600
5682,78820
5683,126980
5684,111545
5685,87185
5686,118440
5687,75950
5688,114415
5689,72030
5690,90825
5691,87010
5692,90405
5693,103600
5694,83090
5695,120785
5696,85610
5697,81830
5698,89145
5699,93100
5700,98070
5701,90265
5702,110845
5703,84700
5704,98910
5705,117775
5706,114310
5707,77805
5708,118755
5709,89215
5710,98770
5711,142205
5712,97965
5713,91840
5714,112525
5715,129640
5716,82320
5717,102865
5718,157115
5719,135765
5720,83930
5721,112350
5722,132755
5723,94990
5724,65730
5725,87605
5726,93310
5727,110530
5728,64295
5729,97370
5730,117075
5731,80395
5732,68075
5733,94745
5734,121450
5735,91665
5736,91105
5737,102795
5738,120155
5739,120540
5740,113750
5741,105910
5742,107975
5743,126035
5744,71820
5745,129430
5746,93030
5747,111615
5748,110075
5749,122885
5750,104790
5751,90895
5752,100310
5753,132930
5754,126070
5755,101920
5756,130480
5757,125265
5758,99330
5759,72870
5760,142205
5761,88655
5762,114275
5763,110390
5764,94220
5765,70735
5766,137165
5767,89110
5768,96565
5769,65030
5770,99890
5771,91035
5772,112280
5773,79835
5774,105245
5775,121940
5776,122675
5777,82740
5778,101500
5779,94990
5780,82670
5781,110180
5782,108360
5783,93030
5784,86625
5785,90265
5786,123620
5787,96110
5788,94290
5789,74445
5790,113120
5791,134120
5792,93135
5793,85330
5794,117285
5795,92435
5796,107520
5797,64680
5798,117040
5799,111545
5800,68075
5801,101395
5802,93065
5803,84105
5804,89810
5805,114905
5806,129605
5807,125370
5808,79520
5809,105175
5810,89355
5811,60235
5812,122570
5813,98700
5814,137515
5815,120750
5816,116725
5817,111615
5818,85050
5819,67655
5820,95095
5821,85050
5822,125300
5823,96810
5824,78015
5825,97790
5826,150010
5827,120575
5828,108535
5829,119385
5830,118580
5831,84070
5832,87535
5833,132720
5834,101010
5835,87150
5836,129815
5837,83895
5838,82250
5839,102235
5840,144480
5841,105560
5842,112245
5843,104790
5844,90790
5845,152320
5846,100485
5847,110600
5848,135625
5849,121660
5850,90020
5851,112840
5852,137760
5853,86555
5854,84070
5855,44695
5856,119385
5857,95655
5858,98875
5859,99645
5860,66045
5861,112665
5862,61075
5863,106295
5864,142275
5865,115150
5866,114555
5867,170940
5868,93030
5869,144935
5870,122710
5871,107555
5872,143955
5873,101745
5874,92750
5875,100065
5876,92820
5877,123900
5878,112385
5879,107800
5880,77700
5881,116480
5882,108500
5883,109480
5884,105035
5885,114695
5886,60935
5887,117425
5888,96075
5889,120260
5890,70595
5891,98735
5892,99330
5893,104930
5894,104020
5895,112350
5896,95725
5897,105595
5898,56070
5899,137690
5900,105385
5901,70315
5902,81130
5903,114905
5904,87010
5905,129010
5906,107975
5907,73850
5908,94045
5909,87045
5910,99750
5911,73780
5912,99925
5913,111720
5914,102620
5915,112280
5916,120610
5917,71820
5918,72905
5919,110040
5920,94745
5921,93100
5922,100310
5923,138285
5924,139720
5925,117075
5926,99470
5927,110775
5928,94955
5929,130550
5930,120085
5931,61810
5932,60725
5933,94430
5934,72590
5935,95935
5936,117390
5937,97615
5938,110880
5939,124810
5940,112735
5941,102165
5942,50890
5943,84175
5944,88480
5945,89355
5946,90615
5947,92505
5948,86205
5949,93135
5950,159635
5951,100695
5952,79520
5953,88340
5954,93590
5955,105945
5956,132055
5957,59115
5958,106855
5959,85820
5960,90020
5961,108045
5962,109445
5963,50225
5964,81095
5965,135240
5966,90930
5967,84945
5968,83230
5969,67340
5970,41020
5971,137340
5972,102235
5973,105595
5974,121030
5975,102130
5976,115045
5977,64680
5978,107940
5979,116375
5980,116480
5981,44835
5982,84175
5983,134190
5984,107695
5985,117880
5986,103075
5987,92645
5988,116585
5989,74060
5990,109970
5991,107345
5992,77315
5993,105175
5994,99400
5995,135030
5996,135625
5997,99050
5998,95865
5999,97265
6000,120120
6001,112735
6002,103425
6003,122010
6004,76195
6005,103285
6006,123060
6007,133840
6008,96040
6009,119315
6010,89985
6011,107555
6012,71400
6013,99715
6014,134365
6015,132930
6016,102340
6017,88970
6018,110075
6019,103915
6020,119315
6021,110495
6022,97055
6023,131285
6024,123725
6025,151550
6026,108045
6027,71925
6028,75880
6029,119770
6030,112070
6031,56070
6032,95200
6033,99890
6034,123655
6035,136920
6036,84245
6037,81795
6038,66780
6039,87360
6040,69300
6041,123025
6042,64750
6043,100275
6044,105735
6045,118545
6046,78750
6047,105350
6048,122710
6049,96145
6050,153615
6051,78995
6052,72450
6053,108780
6054,106785
6055,101815
6056,121310
6057,103285
6058,83685
6059,92085
6060,98980
6061,110460
6062,84700
6063,63945
6064,87535
6065,133665
6066,95200
6067,110775
6068,132580
6069,85610
6070,118580
6071,135730
6072,105385
6073,117810
6074,116760
6075,125370
6076,91245
6077,78295
6078,92995
6079,105630
6080,75320
6081,94010
6082,84560
6083,93625
6084,110985
6085,95550
6086,91910
6087,61705
6088,108640
6089,90475
6090,84420
6091,80780
6092,122605
6093,93415
6094,115850
6095,93835
6096,144060
6097,122780
6098,106400
6099,112840
6100,97475
6101,100030
6102,82390
6103,91175
6104,99015
6105,96880
6106,98840
6107,97860
6108,115325
6109,104650
6110,117495
6111,61985
6112,126210
6113,105945
6114,91070
6115,100030
6116,101570
6117,107555
6118,97440
6119,47810
6120,83265
6121,96565
6122,102480
6123,112315
6124,126910
6125,113925
6126,77840
6127,73325
6128,109620
6129,126490
6130,73640
6131,109655
6132,134120
6133,89355
6134,74095
6135,57505
6136,125405
6137,78680
6138,96705
6139,118510
6140,82495
6141,113610
6142,118020
6143,97300
6144,124565
6145,131705
6146,97300
6147,76055
6148,105280
6149,119945
6150,148155
6151,149485
6152,121030
6153,114660
6154,83195
6155,94850
6156,128800
6157,101885
6158,69055
6159,106365
6160,86485
6161,82915
6162,87430
6163,134785
6164,84420
6165,108885
6166,91560
6167,135170
6168,98980
6169,89390
6170,98945
6171,139510
6172,87850
6173,89110
6174,90615
6175,75075
6176,70595
6177,69895
6178,96005
6179,107975
6180,92715
6181,98630
6182,56000
6183,56700
6184,91420
6185,115045
6186,92330
6187,107590
6188,97125
6189,122675
6190,105245
6191,87815
6192,106750
6193,94185
6194,105070
6195,96845
6196,86065
6197,103390
6198,134960
6199,86100
6200,87675
6201,110915
6202,70140
6203,77490
6204,84805
6205,73080
6206,86345
6207,93800
6208,47985
6209,131075
6210,102130
6211,99925
6212,131880
6213,85505
6214,101955
6215,87045
6216,83720
6217,97720
6218,130305
6219,122955
6220,95935
6221,119455
6222,83755
6223,100520
6224,67480
6225,86380
6226,94220
6227,80885
6228,99085
6229,83545
6230,122850
6231,88445
6232,137270
6233,95620
6234,71330
6235,48930
6236,96250
6237,90335
6238,116130
6239,110740
6240,62195
6241,127960
6242,55405
6243,115535
6244,107660
6245,106015
6246,105595
6247,107765
6248,150115
6249,85295
6250,122815
6251,108605
6252,77140
6253,73570
6254,93205
6255,135835
6256,116865
6257,78890
6258,118055
6259,110180
6260,87990
6261,80640
6262,125720
6263,102970
6264,107835
6265,90370
6266,88795
6267,121240
6268,146020
6269,91175
6270,119735
6271,111090
6272,101535
6273,79485
6274,117530
6275,131845
6276,121835
6277,88445
6278,114660
6279,100205
6280,95445
6281,97230
6282,89355
6283,148575
6284,82880
6285,119490
6286,87465
6287,104335
6288,78785
6289,36155
6290,107415
6291,120575
6292,87465
6293,142170
6294,78750
6295,119490
6296,88865
6297,132265
6298,91245
6299,121555
6300,110005
6301,65310
6302,122815
6303,72170
6304,145705
6305,77070
6306,138180
6307,79380
6308,77280
6309,85260
6310,71645
6311,144410
6312,107065
6313,75075
6314,118090
6315,106540
6316,71365
6317,114100
6318,123830
6319,92995
6320,91420
6321,88305
6322,101465
6323,94850
6324,87710
6325,146300
6326,144375
6327,84595
6328,96145
6329,104720
6330,120820
6331,90545
6332,86135
6333,91560
6334,123865
6335,100800
6336,105945
6337,141785
6338,81165
6339,101220
6340,139965
6341,89250
6342,127435
6343,89355
6344,127260
6345,105245
6346,92645
6347,97895
6348,118650
6349,127400
6350,149520
6351,95480
6352,116865
6353,79800
6354,100380
6355,98945
6356,102480
6357,101885
6358,138005
6359,68950
6360,82950
6361,84175
6362,95165
6363,128030
6364,64470
6365,51730
6366,77000
6367,152180
6368,118055
6369,72800
6370,140560
6371,121170
6372,98875
6373,112525
6374,83720
6375,81935
6376,131320
6377,114695
6378,77105
6379,94500
6380,103915
6381,138810
6382,116305
6383,104475
6384,116900
6385,71645
6386,79905
6387,73255
6388,86485
6389,107380
6390,115395
6391,119350
6392,123550
6393,90370
6394,120820
6395,104650
6396,99015
6397,122465
6398,139020
6399,80535
6400,123165
6401,61215
6402,95025
6403,112245
6404,117635
6405,117495
6406,118370
6407,108045
6408,125125
6409,108045
6410,104055
6411,120365
6412,115605
6413,85015
6414,108220
6415,105490
6416,109480
6417,102760
6418,141960
6419,88725
6420,82460
6421,133595
6422,59255
6423,102795
6424,139510
6425,100240
6426,113435
6427,83510
6428,87745
6429,102795
6430,131250
6431,124600
6432,132125
6433,85715
6434,64575
6435,135485
6436,96005
6437,95235
6438,142205
6439,109165
6440,116935
6441,105000
6442,107240
6443,87990
6444,114660
6445,141260
6446,87710
6447,91210
6448,103530
6449,118265
6450,94745
6451,85330
6452,76510
6453,127855
6454,135765
6455,82495
6456,92540
6457,108325
6458,126735
6459,70385
6460,43225
6461,93135
6462,85470
6463,90825
6464,133210
6465,86940
6466,84315
6467,105630
6468,125930
6469,111195
6470,101325
6471,112175
6472,65625
6473,76545
6474,106820
6475,91175
6476,115185
6477,98035
6478,73255
6479,90440
6480,68495
6481,88410
6482,65135
6483,63315
6484,133770
6485,96740
6486,97090
6487,65100
6488,105000
6489,146195
6490,89040
6491,93275
6492,118230
6493,80710
6494,88585
6495,64750
6496,138075
6497,125545
6498,94500
6499,65485
6500,83720
6501,85470
6502,42140
6503,65170
6504,73640
6505,65905
6506,118335
6507,82565
6508,136920
6509,90090
6510,97755
6511,119875
6512,127435
6513,135730
6514,74270
6515,88935
6516,95410
6517,102445
6518,87990
6519,134330
6520,98000
6521,110915
6522,137935
6523,131145
6524,91770
6525,98245
6526,114380
6527,129745
6528,97160
6529,83230
6530,136850
6531,132440
6532,85610
6533,119315
6534,75495
6535,106505
6536,122430
6537,107345
6538,117845
6539,133770
6540,108675
6541,106715
6542,109690
6543,124705
6544,72835
6545,97790
6546,85225
6547,134470
6548,107590
6549,46480
6550,119770
6551,77770
6552,98700
6553,76335
6554,97720
6555,157605
6556,99295
6557,104580
6558,83860
6559,96705
6560,62895
6561,95550
6562,114415
6563,87010
6564,98035
6565,92995
6566,53095
6567,162050
6568,157605
6569,124810
6570,98315
6571,80675
6572,89775
6573,98490
6574,96250
6575,35420
6576,87990
6577,90580
6578,110425
6579,116130
6580,94780
6581,72415
6582,111860
6583,139825
6584,112735
6585,123725
6586,126665
6587,89180
6588,118055
6589,84490
6590,113085
6591,91875
6592,130130
6593,120155
6594,101395
6595,150150
6596,79660
6597,74725
6598,112700
6599,74305
6600,94290
6601,145810
6602,119490
6603,88725
6604,93695
6605,56805
6606,128520
6607,96180
6608,88550
6609,134365
6610,92190
6611,98980
6612,47495
6613,94990
6614,86345
6615,143535
6616,91840
6617,97965
6618,126035
6619,133805
6620,108220
6621,134260
6622,106435
6623,90510
6624,142205
6625,71785
6626,73360
6627,109655
6628,154700
6629,87115
6630,110985
6631,79310
6632,99890
6633,89285
6634,120785
6635,111580
6636,97335
6637,116480
6638,84070
6639,152565
6640,65695
6641,143255
6642,91140
6643,125930
6644,140455
6645,148260
6646,102410
6647,94780
6648,70875
6649,117425
6650,89565
6651,148225
6652,97790
6653,94150
6654,126630
6655,104615
6656,87990
6657,63490
6658,117075
6659,102935
6660,108535
6661,62930
6662,71050
6663,97825
6664,92085
6665,91770
6666,90055
6667,101535
6668,80010
6669,60620
6670,84385
6671,118475
6672,56105
6673,82635
6674,109305
6675,147315
6676,90825
6677,74410
6678,115360
6679,78295
6680,84595
6681,58100
6682,105000
6683,74795
6684,68320
6685,97650
6686,117215
6687,96915
6688,86905
6689,90370
6690,49595
6691,100240
6692,80605
6693,91140
6694,116830
6695,107310
6696,109620
6697,98910
6698,112945
6699,76090
6700,121730
6701,70280
6702,100940
6703,101255
6704,97615
6705,124845
6706,90615
6707,108430
6708,90160
6709,123480
6710,108535
6711,69930
6712,111090
6713,116865
6714,110600
6715,121170
6716,100100
6717,83335
6718,127470
6719,80080
6720,70245
6721,74795
6722,117180
6723,101290
6724,105245
6725,105245
6726,81970
6727,88655
6728,70175
6729,106295
6730,124075
6731,96565
6732,112350
6733,82005
6734,87045
6735,103845
6736,105875
6737,108675
6738,82985
6739,102340
6740,103320
6741,88935
6742,106470
6743,94360
6744,112525
6745,99015
6746,115990
6747,87150
6748,83860
6749,92085
6750,84665
6751,98210
6752,105455
6753,83440
6754,126210
6755,138110
6756,79695
6757,87780
6758,75670
6759,106155
6760,97790
6761,87780
6762,118055
6763,87325
6764,79030
6765,94920
6766,120645
6767,65765
6768,97405
6769,145460
6770,106400
6771,64715
6772,125440
6773,87745
6774,103740
6775,123795
6776,111930
6777,99295
6778,41825
6779,113575
6780,130270
6781,139195
6782,79695
6783,125055
6784,97650
6785,138110
6786,101325
6787,90685
6788,105280
6789,146300
6790,108850
6791,72100
6792,113330
6793,88095
6794,115605
6795,99365
6796,82180
6797,151725
6798,128975
6799,66150
6800,84000
6801,95130
6802,133245
6803,120295
6804,114905
6805,112525
6806,106505
6807,99890
6808,102935
6809,95655
6810,93625
6811,62615
6812,95130
6813,96040
6814,97965
6815,104895
6816,76720
6817,81620
6818,87535
6819,89600
6820,118755
6821,131145
6822,48020
6823,87185
6824,98000
6825,100835
6826,86415
6827,109200
6828,122675
6829,106575
6830,85015
6831,87430
6832,140070
6833,105070
6834,106505
6835,127960
6836,96460
6837,88025
6838,87815
6839,122535
6840,110880
6841,66430
6842,98700
6843,72380
6844,81900
6845,83370
6846,85995
6847,103670
6848,100380
6849,100625
6850,96740
6851,89390
6852,55195
6853,91140
6854,80955
6855,122605
6856,105070
6857,103810
6858,81900
6859,108640
6860,72380
6861,92610
6862,119525
6863,96775
6864,61740
6865,79135
6866,97300
6867,96390
6868,109305
6869,118895
6870,84000
6871,90020
6872,108920
6873,105350
6874,124460
6875,115430
6876,83895
6877,118195
6878,67445
6879,74235
6880,94465
6881,139720
6882,118440
6883,103565
6884,85365
6885,70420
6886,112875
6887,70175
6888,107835
6889,115045
6890,123060
6891,101185
6892,79415
6893,118965
6894,92015
6895,106365
6896,104020
6897,94430
6898,119420
6899,61950
6900,84315
6901,117215
6902,131845
6903,87955
6904,101885
6905,65275
6906,93240
6907,68775
6908,71715
6909,66290
6910,106225
6911,82425
6912,124600
6913,117215
6914,139125
6915,88165
6916,103460
6917,111020
6918,114765
6919,151655
6920,80395
6921,84455
6922,91735
6923,101325
6924,66290
6925,108850
6926,116095
6927,80990
6928,90195
6929,105245
6930,61985
6931,116795
6932,106085
6933,136430
6934,126735
6935,91805
6936,97405
6937,101885
6938,117495
6939,92890
6940,122745
6941,96355
6942,113225
6943,106610
6944,95865
6945,115150
6946,92890
6947,113330
6948,104545
6949,89915
6950,83125
6951,107310
6952,48930
6953,97545
6954,93205
6955,80885
6956,131775
6957,111335
6958,91980
6959,86380
6960,119700
6961,130515
6962,95375
6963,87780
6964,88515
6965,71400
6966,107730
6967,106575
6968,92505
6969,68250
6970,82075
6971,112805
6972,108150
6973,92750
6974,131880
6975,91070
6976,122395
6977,92960
6978,93940
6979,95550
6980,57400
6981,113995
6982,85575
6983,93065
6984,94150
6985,106225
6986,104510
6987,95760
6988,76300
6989,101465
6990,92015
6991,93345
6992,125160
6993,92400
6994,103110
6995,91945
6996,95235
6997,85890
6998,92330
6999,101570
7000,68215
7001,81760
7002,89950
7003,138005
7004,102830
7005,99330
7006,91945
7007,98385
7008,104090
7009,121205
7010,127225
7011,92995
7012,99155
7013,106890
7014,114275
7015,75460
7016,126140
7017,61915
7018,126945
7019,82775
7020,83650
7021,109865
7022,116725
7023,152565
7024,98245
7025,104335
7026,127155
7027,101570
7028,95725
7029,94640
7030,133665
7031,94360
7032,98805
7033,122570
7034,109060
7035,109970
7036,100030
7037,83895
7038,89565
7039,118300
7040,74900
7041,94815
7042,117565
7043,100310
7044,81935
7045,113750
7046,111125
7047,118895
7048,89635
7049,85085
7050,84840
7051,97370
7052,74795
7053,95130
7054,94220
7055,38430
7056,85260
7057,117880
7058,117495
7059,92155
7060,77035
7061,114870
7062,101920
7063,117635
7064,134645
7065,125930
7066,69685
7067,84525
7068,72380
7069,91805
7070,109130
7071,103600
7072,118055
7073,97370
7074,93520
7075,111685
7076,105245
7077,105910
7078,113120
7079,102200
7080,105140
7081,87990
7082,83475
7083,139965
7084,99085
7085,94325
7086,119000
7087,106400
7088,91805
7089,80255
7090,102445
7091,101010
7092,68250
7093,114275
7094,74830
7095,109970
7096,67200
7097,99540
7098,112980
7099,87080
7100,95760
7101,116620
7102,84665
7103,118195
7104,84280
7105,94850
7106,117915
7107,84560
7108,131775
7109,65765
7110,98245
7111,133175
7112,52255
7113,125790
7114,74620
7115,101605
7116,53900
7117,72170
7118,60515
7119,113960
7120,119560
7121,119560
7122,69790
7123,86555
7124,103250
7125,152320
7126,70910
7127,99715
7128,96810
7129,121765
7130,105420
7131,105385
7132,58415
7133,101115
7134,119070
7135,65800
7136,106540
7137,88935
7138,69405
7139,95200
7140,110845
7141,85890
7142,66080
7143,122255
7144,113505
7145,91945
7146,139405
7147,85540
7148,96180
7149,84560
7150,83720
7151,107905
7152,102305
7153,86205
7154,98560
7155,111405
7156,113505
7157,98000
7158,105700
7159,120890
7160,119875
7161,136850
7162,115885
7163,117635
7164,81270
7165,68285
7166,120575
7167,100450
7168,80395
7169,95795
7170,101080
7171,116760
7172,84350
7173,133945
7174,74130
7175,82390
7176,104020
7177,82215
7178,85960
7179,47635
7180,100135
7181,101710
7182,107275
7183,120330
7184,91560
7185,83790
7186,100765
7187,117635
7188,137305
7189,100065
7190,96740
7191,141820
7192,77595
7193,101920
7194,140000
7195,93695
7196,120610
7197,69020
7198,108255
7199,93730
7200,88970
7201,105000
7202,55965
7203,61075
7204,59920
7205,77735
7206,138390
7207,78365
7208,91105
7209,111475
7210,122185
7211,116725
7212,100800
7213,94220
7214,65870
7215,91945
7216,130095
7217,92610
7218,119840
7219,80465
7220,105000
7221,92015
7222,111510
7223,120750
7224,92645
7225,110635
7226,75320
7227,80360
7228,137410
7229,84875
7230,112420
7231,70595
7232,103180
7233,107905
7234,106155
7235,82670
7236,131705
7237,66080
7238,78155
7239,55020
7240,58940
7241,82285
7242,81025
7243,110215
7244,103250
7245,96425
7246,97755
7247,85330
7248,120400
7249,95130
7250,68845
7251,123095
7252,123130
7253,86975
7254,101150
7255,70420
7256,68110
7257,118650
7258,86345
7259,80815
7260,114800
7261,92190
7262,98560
7263,138600
7264,86065
7265,111160
7266,117460
7267,100905
7268,78435
7269,55265
7270,78190
7271,128485
7272,105525
7273,94325
7274,99015
7275,113995
7276,94150
7277,120365
7278,89705
7279,48195
7280,82495
7281,122675
7282,108150
7283,81795
7284,96810
7285,115605
7286,87675
7287,100030
7288,107275
7289,100030
7290,97930
7291,107205
7292,74235
7293,95480
7294,84315
7295,82670
7296,88970
7297,122395
7298,97090
7299,117320
7300,75075
7301,89460
7302,124390
7303,127015
7304,95585
7305,113365
7306,136570
7307,126665
7308,81515
7309,86765
7310,64750
7311,106225
7312,135590
7313,101395
7314,91630
7315,127995
7316,121870
7317,110075
7318,106575
7319,95760
7320,121030
7321,95060
7322,83825
7323,125195
7324,138320
7325,86240
7326,127435
7327,103285
7328,108605
7329,102550
7330,94570
7331,82320
7332,112245
7333,99330
7334,97055
7335,114695
7336,69440
7337,87745
7338,123585
7339,76090
7340,119420
7341,57085
7342,98175
7343,107695
7344,90895
7345,63280
7346,78785
7347,117425
7348,101080
7349,113470
7350,91980
7351,119735
7352,62335
7353,115290
7354,105595
7355,129290
7356,88690
7357,109095
7358,99750
7359,86450
7360,86800
7361,144760
7362,93380
7363,102340
7364,149870
7365,140455
7366,108080
7367,55825
7368,113155
7369,59990
7370,73745
7371,92435
7372,94710
7373,120295
7374,113855
7375,115395
7376,99890
7377,141575
7378,131110
7379,90580
7380,88655
7381,119105
7382,91840
7383,70525
7384,108255
7385,102130
7386,62195
7387,79100
7388,135380
7389,93730
7390,115885
7391,105875
7392,93170
7393,101150
7394,86310
7395,74410
7396,104405
7397,108220
7398,73395
7399,108290
7400,84770
7401,121450
7402,82670
7403,132965
7404,92050
7405,94010
7406,65730
7407,89460
7408,80185
7409,115255
7410,126420
7411,80885
7412,85715
7413,104475
7414,114520
7415,98245
7416,66185
7417,99225
7418,93660
7419,95305
7420,129675
7421,125090
7422,99435
7423,127400
7424,58380
7425,90230
7426,69440
7427,107660
7428,110670
7429,152985
7430,73115
7431,107135
7432,81445
7433,95795
7434,106015
7435,106960
7436,69230
7437,86975
7438,132930
7439,121345
7440,133560
7441,116550
7442,92155
7443,82425
7444,100520
7445,108080
7446,101780
7447,107870
7448,89565
7449,101115
7450,93415
7451,97720
7452,45885
7453,107100
7454,138040
7455,89600
7456,84350
7457,127890
7458,97055
7459,101815
7460,146160
7461,79450
7462,125545
7463,111405
7464,100765
7465,99120
7466,120855
7467,88270
7468,85505
7469,135730
7470,115045
7471,90090
7472,89075
7473,87010
7474,72240
7475,104405
7476,100625
7477,87640
7478,127575
7479,88655
7480,84630
7481,127785
7482,92470
7483,112875
7484,112000
7485,84560
7486,80220
7487,122325
7488,96915
7489,92610
7490,76685
7491,99015
7492,124915
7493,111510
7494,93940
7495,103635
7496,94220
7497,114275
7498,132650
7499,117950
7500,110635
7501,76510
7502,80605
7503,126385
7504,96355
7505,99680
7506,90510
7507,99365
7508,124740
7509,105070
7510,87745
7511,92715
7512,86800
7513,67620
7514,80150
7515,90020
7516,103635
7517,82705
7518,84560
7519,97230
7520,65590
7521,95305
7522,77245
7523,63000
7524,135765
7525,108990
7526,91665
7527,82110
7528,81480
7529,98455
7530,120820
7531,89530
7532,113190
7533,71645
7534,85960
7535,119700
7536,91910
7537,140280
7538,89530
7539,86100
7540,107975
7541,94710
7542,81200
7543,113085
7544,87570
7545,94710
7546,133070
7547,127785
7548,76615
7549,108220
7550,117145
7551,72485
7552,71575
7553,64505
7554,95270
7555,61320
7556,122115
7557,100450
7558,130900
7559,135660
7560,101745
7561,92750
7562,78715
7563,80570
7564,114730
7565,105945
7566,112385
7567,153265
7568,73500
7569,121660
7570,125160
7571,50085
7572,112000
7573,108570
7574,78540
7575,67865
7576,87885
7577,82075
7578,123620
7579,104020
7580,115535
7581,77000
7582,78470
7583,81690
7584,95585
7585,91665
7586,95795
7587,113540
7588,91630
7589,77245
7590,97860
7591,133525
7592,68285
7593,127330
7594,93905
7595,131880
7596,129290
7597,90615
7598,95935
7599,71645
7600,100240
7601,108360
7602,86030
7603,102095
7604,113645
7605,119280
7606,85470
7607,76965
7608,91315
7609,122500
7610,130690
7611,131005
7612,97055
7613,117565
7614,123795
7615,127120
7616,123165
7617,120155
7618,114765
7619,61670
7620,104090
7621,89040
7622,87430
7623,143885
7624,102025
7625,45255
7626,99750
7627,89565
7628,96915
7629,93450
7630,80955
7631,94290
7632,115360
7633,87150
7634,152180
7635,115500
7636,104825
7637,102760
7638,83125
7639,88970
7640,122745
7641,68215
7642,106890
7643,125895
7644,113295
7645,108710
7646,140840
7647,75705
7648,92050
7649,85890
7650,91770
7651,98315
7652,61355
7653,117985
7654,83370
7655,91035
7656,119175
7657,100345
7658,104930
7659,115045
7660,133910
7661,69370
7662,90370
7663,76230
7664,111335
7665,102200
7666,82425
7667,124460
7668,117320
7669,100135
7670,107030
7671,93975
7672,119000
7673,118090
7674,129220
7675,89845
7676,82320
7677,90895
7678,66045
7679,101220
7680,62300
7681,109690
7682,102795
7683,43120
7684,147630
7685,70245
7686,136675
7687,67375
7688,126105
7689,78855
7690,79730
7691,119035
7692,132125
7693,131215
7694,108745
7695,91700
7696,72590
7697,102830
7698,116690
7699,71435
7700,108430
7701,82600
7702,64365
7703,133350
7704,134190
7705,115360
7706,74830
7707,93625
7708,73465
7709,106680
7710,99470
7711,121940
7712,77595
7713,146265
7714,93765
7715,89145
7716,103040
7717,140525
7718,115885
7719,71645
7720,135450
7721,92960
7722,68285
7723,65030
7724,146965
7725,100520
7726,90440
7727,80535
7728,126455
7729,124355
7730,119595
7731,97230
7732,91945
7733,109445
7734,95830
7735,110495
7736,123935
7737,112595
7738,125650
7739,91105
7740,132020
7741,106330
7742,61775
7743,109970
7744,72625
7745,95445
7746,81375
7747,95200
7748,75425
7749,89005
7750,78995
7751,134050
7752,136815
7753,106400
7754,114135
7755,112980
7756,67480
7757,89320
7758,119280
7759,79625
7760,101640
7761,127365
7762,106890
7763,95235
7764,116445
7765,76160
7766,85890
7767,104720
7768,106995
7769,79695
7770,95025
7771,101325
7772,95655
7773,76650
7774,101815
7775,92505
7776,87500
7777,129150
7778,104650
7779,139685
7780,81900
7781,136675
7782,121345
7783,70910
7784,94465
7785,81515
7786,85470
7787,114555
7788,92190
7789,65730
7790,110600
7791,132895
7792,115080
7793,103810
7794,119840
7795,100065
7796,95410
7797,97195
7798,120330
7799,102445
7800,67970
7801,93765
7802,115675
7803,101640
7804,71330
7805,101290
7806,86835
7807,109795
7808,78540
7809,76965
7810,102515
7811,111755
7812,88550
7813,127575
7814,99120
7815,75425
7816,84980
7817,102305
7818,112700
7819,108080
7820,108255
7821,109480
7822,122290
7823,97125
7824,89320
7825,92085
7826,78960
7827,105700
7828,131145
7829,110600
7830,110950
7831,116935
7832,90405
7833,106260
7834,85715
7835,65905
7836,93940
7837,131915
7838,104335
7839,78960
7840,111965
7841,95620
7842,113855
7843,92435
7844,92750
7845,106120
7846,103005
7847,72555
7848,81235
7849,83440
7850,93135
7851,82075
7852,125930
7853,74585
7854,123760
7855,83230
7856,90160
7857,120680
7858,70525
7859,83860
7860,132125
7861,71190
7862,87500
7863,93905
7864,84980
7865,112350
7866,101675
7867,42140
7868,154525
7869,144130
7870,95900
7871,63595
7872,108640
7873,69020
7874,92540
7875,69895
7876,139020
7877,135205
7878,118125
7879,117915
7880,107590
7881,102620
7882,89040
7883,70665
7884,85015
7885,129570
7886,101570
7887,112350
7888,103355
7889,104510
7890,112000
7891,130970
7892,114275
7893,108955
7894,105105
7895,112700
7896,102235
7897,80885
7898,104405
7899,104895
7900,99295
7901,96460
7902,86345
7903,85365
7904,92680
7905,97125
7906,90440
7907,88795
7908,96145
7909,123060
7910,93590
7911,89985
7912,69685
7913,125720
7914,126175
7915,118685
7916,104650
7917,98175
7918,93170
7919,85575
7920,106610
7921,52045
7922,94640
7923,149520
7924,73290
7925,121975
7926,123235
7927,124950
7928,101955
7929,82110
7930,118510
7931,73990
7932,90965
7933,131075
7934,80500
7935,91840
7936,77770
7937,97230
7938,66150
7939,61705
7940,93520
7941,97720
7942,150570
7943,110075
7944,91735
7945,132125
7946,106190
7947,117180
7948,92750
7949,81340
7950,96285
7951,79415
7952,72905
7953,106715
7954,114730
7955,113575
7956,110250
7957,102935
7958,93975
7959,80290
7960,65835
7961,109935
7962,109270
7963,130585
7964,123375
7965,97825
7966,122815
7967,98805
7968,101290
7969,116095
7970,120785
7971,142695
7972,101395
7973,70350
7974,92365
7975,119455
7976,100240
7977,74410
7978,84665
7979,94535
7980,132790
7981,90475
7982,112630
7983,94010
7984,102130
7985,84245
7986,91945
7987,86345
7988,58590
7989,132125
7990,90825
7991,148120
7992,108675
7993,73535
7994,117355
7995,77525
7996,111055
7997,132195
7998,70210
7999,95200
8000,68635
8001,105455
8002,87710
8003,152110
8004,73605
8005,126035
8006,121625
8007,113470
8008,87220
8009,108710
8010,103880
8011,96040
8012,135205
8013,100380
8014,107800
8015,135065
8016,92960
8017,102270
8018,70910
8019,152740
8020,93940
8021,106960
8022,98175
8023,131145
8024,105525
8025,98770
8026,120680
8027,157745
8028,104335
8029,101360
8030,116935
8031,106855
8032,101780
8033,113015
8034,101465
8035,113015
8036,110110
8037,126245
8038,109305
8039,107065
8040,111720
8041,92820
8042,128415
8043,46760
8044,118230
8045,101080
8046,95935
8047,100835
8048,97580
8049,86730
8050,112245
8051,103215
8052,113050
8053,130270
8054,73045
8055,86695
8056,94395
8057,121660
8058,99470
8059,103775
8060,97720
8061,143500
8062,133105
8063,113925
8064,80255
8065,115395
8066,60305
8067,113855
8068,68565
8069,75670
8070,122885
8071,127890
8072,116480
8073,100730
8074,115080
8075,63700
8076,95935
8077,101500
8078,110530
8079,91455
8080,115290
8081,111055
8082,92960
8083,101290
8084,95655
8085,128450
8086,117495
8087,98210
8088,74130
8089,100905
8090,100065
8091,109620
8092,112525
8093,70945
8094,96005
8095,120260
8096,101990
8097,89040
8098,82530
8099,106050
8100,60025
8101,89740
8102,139580
8103,117285
8104,121030
8105,111615
8106,104055
8107,83895
8108,91840
8109,111755
8110,97020
8111,74655
8112,121870
8113,104230
8114,101815
8115,92400
8116,82775
8117,99890
8118,94675
8119,99330
8120,62755
8121,118650
8122,84910
8123,72730
8124,78435
8125,102585
8126,103950
8127,73675
8128,127715
8129,129115
8130,93345
8131,79030
8132,118405
8133,88200
8134,82320
8135,117425
8136,102795
8137,84945
8138,114345
8139,97335
8140,125440
8141,114030
8142,113680
8143,128135
8144,103950
8145,140210
8146,90895
8147,103810
8148,95130
8149,107030
8150,101780
8151,106960
8152,117915
8153,113085
8154,74655
8155,103810
8156,86520
8157,101290
8158,99680
8159,122710
8160,116585
8161,139825
8162,77420
8163,124810
8164,100975
8165,72135
8166,116620
8167,111720
8168,63945
8169,79240
8170,123585
8171,102515
8172,69300
8173,76790
8174,117460
8175,77595
8176,54950
8177,82390
8178,101465
8179,113890
8180,80920
8181,71750
8182,69195
8183,102865
8184,116550
8185,107590
8186,124355
8187,89670
8188,85750
8189,93065
8190,125755
8191,57260
8192,76475
8193,132860
8194,123235
8195,119700
8196,94150
8197,102235
8198,95550
8199,113505
8200,134750
8201,95900
8202,94255
8203,128975
8204,85260
8205,91420
8206,98280
8207,110915
8208,99995
8209,127995
8210,142905
8211,103215
8212,80150
8213,96180
8214,59675
8215,92120
8216,72135
8217,125125
8218,124705
8219,65905
8220,83685
8221,82670
8222,110740
8223,106925
8224,91735
8225,85015
8226,134785
8227,98035
8228,107170
8229,105420
8230,160335
8231,73535
8232,75915
8233,55615
8234,124040
8235,92085
8236,131075
8237,96845
8238,92855
8239,115185
8240,91910
8241,110880
8242,106435
8243,61180
8244,60760
8245,115570
8246,104580
8247,130095
8248,116480
8249,78225
8250,116095
8251,114870
8252,74690
8253,103635
8254,105140
8255,127365
8256,106820
8257,92785
8258,143920
8259,91140
8260,62930
8261,122815
8262,116830
8263,140280
8264,112350
8265,78540
8266,83300
8267,80325
8268,93030
8269,130130
8270,85085
8271,58835
8272,107940
8273,110705
8274,116900
8275,73360
8276,51625
8277,76755
8278,117775
8279,140140
8280,112945
8281,115360
8282,105735
8283,120855
8284,56875
8285,59535
8286,94710
8287,81060
8288,99855
8289,113470
8290,106505
8291,122465
8292,97755
8293,128695
8294,86310
8295,169890
8296,139475
8297,90895
8298,92960
8299,116305
8300,114135
8301,126420
8302,108570
8303,119000
8304,101675
8305,97860
8306,82670
8307,83930
8308,118615
8309,132580
8310,80640
8311,84910
8312,95200
8313,96670
8314,91280
8315,135205
8316,89880
8317,88200
8318,99540
8319,111405
8320,97580
8321,83335
8322,103775
8323,92225
8324,77840
8325,87115
8326,66640
8327,56350
8328,107065
8329,66990
8330,122465
8331,113960
8332,112315
8333,101010
8334,97545
8335,99085
8336,104790
8337,105420
8338,92400
8339,73920
8340,153720
8341,117495
8342,111510
8343,68425
8344,102305
8345,125195
8346,109025
8347,143290
8348,102340
8349,74865
8350,126490
8351,81725
8352,113155
8353,59745
8354,67480
8355,88130
8356,72100
8357,76370
8358,109725
8359,122360
8360,114100
8361,124145
8362,92785
8363,116480
8364,102305
8365,126140
8366,105140
8367,86415
8368,115535
8369,96530
8370,113575
8371,110215
8372,114835
8373,94780
8374,80570
8375,111300
8376,97405
8377,83685
8378,67235
8379,105910
8380,96250
8381,70770
8382,83160
8383,90615
8384,109690
8385,81270
8386,139720
8387,137270
8388,113925
8389,112210
8390,101850
8391,83755
8392,91385
8393,112350
8394,121625
8395,111825
8396,110705
8397,97090
8398,106505
8399,89495
8400,93905
8401,123235
8402,56385
8403,141890
8404,72695
8405,66570
8406,125510
8407,117075
8408,108710
8409,91595
8410,72310
8411,86135
8412,86170
8413,90860
8414,124705
8415,84105
8416,122500
8417,129745
8418,153790
8419,52745
8420,98210
8421,110600
8422,105245
8423,107030
8424,112210
8425,113750
8426,80780
8427,84595
8428,112525
8429,88900
8430,98840
8431,116270
8432,88200
8433,101115
8434,110250
8435,52745
8436,80115
8437,60480
8438,109865
8439,145705
8440,75250
8441,107835
8442,109165
8443,90545
8444,136570
8445,109445
8446,60025
8447,102130
8448,113260
8449,97300
8450,78575
8451,77175
8452,134470
8453,89495
8454,108710
8455,95865
8456,77490
8457,64050
8458,109480
8459,124670
8460,82040
8461,126385
8462,120295
8463,135520
8464,126665
8465,78645
8466,92400
8467,85120
8468,94010
8469,95060
8470,106890
8471,108010
8472,109760
8473,54880
8474,105035
8475,99365
8476,131075
8477,83510
8478,94465
8479,93205
8480,105070
8481,81900
8482,56840
8483,88760
8484,129605
8485,102340
8486,63945
8487,93100
8488,94115
8489,99190
8490,96530
8491,122990
8492,101430
8493,100415
8494,79975
8495,153615
8496,127365
8497,83580
8498,119770
8499,61145
8500,96495
8501,82495
8502,85190
8503,133105
8504,95235
8505,105175
8506,73850
8507,97055
8508,52780
8509,85575
8510,142660
8511,64470
8512,105910
8513,112700
8514,125860
8515,83230
8516,140595
8517,82110
8518,87010
8519,121870
8520,116305
8521,104160
8522,132370
8523,114555
8524,83790
8525,91315
8526,91945
8527,96180
8528,77035
8529,55440
8530,110005
8531,104195
8532,85365
8533,85400
8534,75285
8535,109025
8536,66885
8537,55755
8538,104510
8539,103740
8540,118195
8541,102935
8542,69545
8543,123655
8544,101920
8545,120155
8546,70805
8547,107100
8548,105280
8549,115745
8550,93730
8551,100835
8552,104860
8553,60655
8554,129850
8555,119455
8556,101675
8557,70875
8558,75705
8559,145530
8560,122780
8561,123760
8562,106400
8563,94430
8564,101570
8565,81515
8566,87325
8567,73885
8568,128065
8569,130655
8570,112070
8571,92190
8572,102340
8573,100695
8574,66920
8575,102620
8576,82180
8577,103705
8578,63910
8579,106330
8580,89460
8581,101290
8582,108010
8583,113610
8584,93275
8585,89880
8586,129815
8587,105910
8588,87710
8589,84945
8590,68705
8591,77070
8592,108710
8593,83405
8594,83615
8595,107450
8596,92820
8597,123655
8598,40985
8599,85960
8600,112105
8601,90440
8602,128100
8603,115885
8604,115920
8605,119665
8606,67200
8607,139090
8608,117810
8609,112350
8610,85995
8611,119525
8612,92400
8613,137340
8614,109025
8615,105490
8616,106820
8617,77315
8618,99750
8619,103810
8620,85925
8621,131495
8622,116935
8623,130480
8624,134820
8625,108010
8626,119385
8627,115745
8628,92750
8629,124635
8630,122500
8631,87535
8632,89845
8633,101220
8634,112735
8635,106715
8636,117075
8637,107100
8638,77770
8639,90405
8640,104720
8641,117845
8642,90895
8643,82775
8644,126490
8645,105280
8646,76125
8647,105000
8648,109375
8649,72625
8650,101185
8651,138425
8652,118965
8653,98700
8654,86205
8655,87885
8656,95515
8657,95760
8658,130865
8659,89250
8660,99855
8661,124145
8662,96250
8663,110355
8664,86660
8665,107380
8666,60270
8667,96215
8668,73115
8669,93730
8670,89285
8671,91280
8672,68985
8673,116550
8674,97825
8675,74760
8676,82530
8677,100940
8678,95690
8679,92750
8680,97895
8681,76720
8682,93065
8683,110145
8684,120820
8685,110530
8686,114730
8687,85540
8688,106365
8689,86765
8690,107555
8691,78225
8692,88270
8693,92960
8694,62720
8695,100555
8696,88900
8697,124565
8698,99855
8699,118930
8700,98210
8701,111965
8702,81900
8703,120610
8704,109270
8705,56560
8706,132965
8707,113050
8708,116970
8709,118580
8710,77385
8711,93555
8712,101920
8713,129955
8714,83160
8715,89880
8716,168770
8717,127015
8718,142240
8719,93380
8720,94920
8721,82880
8722,87395
8723,123830
8724,88165
8725,87745
8726,96915
8727,67200
8728,116865
8729,89040
8730,106575
8731,93660
8732,101500
8733,120505
8734,76090
8735,134155
8736,101675
8737,99680
8738,82145
8739,104965
8740,71890
8741,76615
8742,90510
8743,91945
8744,63350
8745,88200
8746,101675
8747,96565
8748,98945
8749,108955
8750,126210
8751,92120
8752,85190
8753,92820
8754,140210
8755,86800
8756,144060
8757,97265
8758,96285
8759,91770
8760,88585
8761,89110
8762,132125
8763,121485
8764,123340
8765,134155
8766,120400
8767,81375
8768,104895
8769,96810
8770,87885
8771,89320
8772,123060
8773,89810
8774,118230
8775,84175
8776,97615
8777,79170
8778,73815
8779,106330
8780,51275
8781,112105
8782,115570
8783,124110
8784,112385
8785,101605
8786,93205
8787,112735
8788,99190
8789,97195
8790,102935
8791,110495
8792,112630
8793,95865
8794,124145
8795,106820
8796,107205
8797,114030
8798,112280
8799,94220
8800,118510
8801,126980
8802,85330
8803,78925
8804,68635
8805,110705
8806,112420
8807,88550
8808,103775
8809,127225
8810,104965
8811,124495
8812,105035
8813,104615
8814,83825
8815,96985
8816,117845
8817,103705
8818,87815
8819,120225
8820,115710
8821,112420
8822,66045
8823,74305
8824,75110
8825,107065
8826,79940
8827,70070
8828,111020
8829,105490
8830,84070
8831,88340
8832,83335
8833,107835
8834,92715
8835,101465
8836,98490
8837,118965
8838,123165
8839,61285
8840,91490
8841,123690
8842,103215
8843,94430
8844,70455
8845,161595
8846,94290
8847,126280
8848,97370
8849,100975
8850,108115
8851,54600
8852,81165
8853,79065
8854,141435
8855,148890
8856,105805
8857,154665
8858,87745
8859,102340
8860,81235
8861,106855
8862,113260
8863,93975
8864,85680
8865,106155
8866,116830
8867,99540
8868,129780
8869,122360
8870,64645
8871,117250
8872,119840
8873,125930
8874,98945
8875,68985
8876,110005
8877,68775
8878,89845
8879,82950
8880,73675
8881,114205
8882,122325
8883,94465
8884,109270
8885,89110
8886,100975
8887,129255
8888,82565
8889,75635
8890,99470
8891,138950
8892,87570
8893,126875
8894,129500
8895,88410
8896,86170
8897,97790
8898,114520
8899,100275
8900,128450
8901,121065
8902,101150
8903,128275
8904,87185
8905,109690
8906,73150
8907,68810
8908,76335
8909,99085
8910,74340
8911,85925
8912,103250
8913,82425
8914,65065
8915,76475
8916,80815
8917,98875
8918,56280
8919,123550
8920,87185
8921,138845
8922,84350
8923,83580
8924,94325
8925,90300
8926,117320
8927,129605
8928,78995
8929,123165
8930,58625
8931,153195
8932,76125
8933,118160
8934,85750
8935,84035
8936,117215
8937,85015
8938,74935
8939,118055
8940,89075
8941,101290
8942,104825
8943,96285
8944,59290
8945,120085
8946,94955
8947,87535
8948,102690
8949,127365
8950,107870
8951,140630
8952,82740
8953,96390
8954,94115
8955,39165
8956,108885
8957,90265
8958,109690
8959,117005
8960,111825
8961,100590
8962,99260
8963,90090
8964,81935
8965,107450
8966,60305
8967,111195
8968,104265
8969,123830
8970,97685
8971,112490
8972,95095
8973,85750
8974,103005
8975,93485
8976,113435
8977,108185
8978,110215
8979,102130
8980,114380
8981,148575
8982,126140
8983,72590
8984,74760
8985,97440
8986,83895
8987,49840
8988,123305
8989,128695
8990,95550
8991,80430
8992,55895
8993,137480
8994,97545
8995,106820
8996,75950
8997,86660
8998,94815
8999,120155
9000,117880
9001,132930
9002,98000
9003,111055
9004,80920
9005,89145
9006,63595
9007,98315
9008,83650
9009,80850
9010,93905
9011,107345
9012,92680
9013,108150
9014,90020
9015,81725
9016,139685
9017,96880
9018,73675
9019,113575
9020,80010
9021,94920
9022,105665
9023,58065
9024,103705
9025,105035
9026,95270
9027,99155
9028,89215
9029,95270
9030,98595
9031,102620
9032,135520
9033,95515
9034,83370
9035,68355
9036,115395
9037,34230
9038,112140
9039,76405
9040,119735
9041,122990
9042,76790
9043,105385
9044,118230
9045,76720
9046,83195
9047,79660
9048,84245
9049,92155
9050,106960
9051,98875
9052,133315
9053,94395
9054,89355
9055,103670
9056,119490
9057,103950
9058,111405
9059,75145
9060,69545
9061,109865
9062,127820
9063,47740
9064,131775
9065,135345
9066,142765
9067,124005
9068,78120
9069,90545
9070,123235
9071,95480
9072,107940
9073,79030
9074,86170
9075,70875
9076,82950
9077,97825
9078,118825
9079,124845
9080,80885
9081,112875
9082,75600
9083,93695
9084,85925
9085,93450
9086,116165
9087,57855
9088,100590
9089,72485
9090,84420
9091,100695
9092,114415
9093,90265
9094,117425
9095,100625
9096,131740
9097,98490
9098,67445
9099,102235
9100,83790
9101,78820
9102,74165
9103,98280
9104,141295
9105,116655
9106,80185
9107,107205
9108,91070
9109,110775
9110,90405
9111,107380
9112,102900
9113,69615
9114,78190
9115,97895
9116,100450
9117,81725
9118,98525
9119,87045
9120,125580
9121,139230
9122,107590
9123,87150
9124,127085
9125,124250
9126,86065
9127,82810
9128,132160
9129,119665
9130,114100
9131,148260
9132,113995
9133,102655
9134,54145
9135,85540
9136,137550
9137,85750
9138,103985
9139,109025
9140,93345
9141,74585
9142,114450
9143,94150
9144,86100
9145,112665
9146,103845
9147,99960
9148,65520
9149,112490
9150,65240
9151,128380
9152,66115
9153,120540
9154,101675
9155,121520
9156,59325
9157,100730
9158,81970
9159,122885
9160,75215
9161,62615
9162,144305
9163,81795
9164,116200
9165,72135
9166,102865
9167,75775
9168,137410
9169,81060
9170,112840
9171,93835
9172,102620
9173,101150
9174,95305
9175,108220
9176,119770
9177,124180
9178,104615
9179,126210
9180,119175
9181,102795
9182,75215
9183,101325
9184,112070
9185,75145
9186,114275
9187,104895
9188,100625
9189,89985
9190,62580
9191,71260
9192,161245
9193,71820
9194,79275
9195,114135
9196,68880
9197,81060
9198,124250
9199,96040
9200,96705
9201,140420
9202,112980
9203,98175
9204,115885
9205,127295
9206,63840
9207,121170
9208,36120
9209,87430
9210,97685
9211,112595
9212,62755
9213,108395
9214,88165
9215,117005
9216,59500
9217,118475
9218,93310
9219,142660
9220,87115
9221,122990
9222,105595
9223,96530
9224,115990
9225,98665
9226,84805
9227,141050
9228,119770
9229,79415
9230,95200
9231,70490
9232,79310
9233,103355
9234,111440
9235,84490
9236,90755
9237,108780
9238,112245
9239,81865
9240,111300
9241,102095
9242,97335
9243,103670
9244,134715
9245,83720
9246,119280
9247,80955
9248,88445
9249,120890
9250,96320
9251,99820
9252,85330
9253,116655
9254,91840
9255,104475
9256,95585
9257,63980
9258,120015
9259,67270
9260,103005
9261,107205
9262,94780
9263,68320
9264,102025
9265,67830
9266,122990
9267,99470
9268,80430
9269,74690
9270,85855
9271,42840
9272,100730
9273,71645
9274,147840
9275,99155
9276,93240
9277,119560
9278,94675
9279,113680
9280,95795
9281,101815
9282,78505
9283,108675
9284,59045
9285,152005
9286,105490
9287,56035
9288,145425
9289,102970
9290,107310
9291,144620
9292,116655
9293,107275
9294,103250
9295,97545
9296,89985
9297,109375
9298,129535
9299,122430
9300,118230
9301,116480
9302,124705
9303,86905
9304,123445
9305,60620
9306,133525
9307,112630
9308,114975
9309,83440
9310,77945
9311,108955
9312,62055
9313,80605
9314,83860
9315,83825
9316,112665
9317,94150
9318,102620
9319,145110
9320,88900
9321,72415
9322,129780
9323,122255
9324,112665
9325,103530
9326,66535
9327,124110
9328,103040
9329,104405
9330,88515
9331,147595
9332,101920
9333,134540
9334,124005
9335,123235
9336,92085
9337,107905
9338,125930
9339,84525
9340,110635
9341,109830
9342,104195
9343,104335
9344,121030
9345,104685
9346,88340
9347,136710
9348,90650
9349,95795
9350,62370
9351,109830
9352,60795
9353,114135
9354,102935
9355,107205
9356,117565
9357,92645
9358,107940
9359,91665
9360,109025
9361,120400
9362,104405
9363,105490
9364,100555
9365,92015
9366,94675
9367,102305
9368,83650
9369,130060
9370,149590
9371,114030
9372,93485
9373,132720
9374,118160
9375,122325
9376,105455
9377,115395
9378,144200
9379,123060
9380,64785
9381,84420
9382,124740
9383,66255
9384,127890
9385,68180
9386,96495
9387,103215
9388,107415
9389,94360
9390,93590
9391,129150
9392,103320
9393,71575
9394,119420
9395,100310
9396,75810
9397,144550
9398,108395
9399,123480
9400,130620
9401,100485
9402,104825
9403,117775
9404,96845
9405,78925
9406,117740
9407,111195
9408,118545
9409,101080
9410,74515
9411,66850
9412,89915
9413,78435
9414,83720
9415,144165
9416,62230
9417,89635
9418,93625
9419,102200
9420,75600
9421,88935
9422,90230
9423,108465
9424,144445
9425,123865
9426,124565
9427,109655
9428,88795
9429,114765
9430,84035
9431,81900
9432,70280
9433,151900
9434,96740
9435,108220
9436,84035
9437,89985
9438,112385
9439,100030
9440,85330
9441,99750
9442,94640
9443,96635
9444,111405
9445,78050
9446,112420
9447,100555
9448,84105
9449,99015
9450,139650
9451,116480
9452,88515
9453,87395
9454,75110
9455,113820
9456,72975
9457,99820
9458,115220
9459,123655
9460,84455
9461,92190
9462,73955
9463,104650
9464,115150
9465,95200
9466,83545
9467,70910
9468,96600
9469,81515
9470,66570
9471,93695
9472,83265
9473,129395
9474,138810
9475,123795
9476,147210
9477,83895
9478,116795
9479,77805
9480,66010
9481,120470
9482,75810
9483,117425
9484,88795
9485,120820
9486,101045
9487,95130
9488,125650
9489,76860
9490,129570
9491,70875
9492,101920
9493,105315
9494,103880
9495,58275
9496,133245
9497,113295
9498,86590
9499,124250
9500,58940
9501,126840
9502,66045
9503,88655
9504,67900
9505,69825
9506,131075
9507,37940
9508,72975
9509,98210
9510,123165
9511,78120
9512,98980
9513,92365
9514,73115
9515,73465
9516,123795
9517,98280
9518,145600
9519,129605
9520,90265
9521,101710
9522,89880
9523,102970
9524,95165
9525,88270
9526,102375
9527,80080
9528,102830
9529,65625
9530,100100
9531,125440
9532,99400
9533,129045
9534,106540
9535,73815
9536,91420
9537,66920
9538,82810
9539,145705
9540,111230
9541,89005
9542,88970
9543,90090
9544,127400
9545,119595
9546,106155
9547,118160
9548,72905
9549,86975
9550,122955
9551,89075
9552,74410
9553,109550
9554,87675
9555,116060
9556,106470
9557,111510
9558,85680
9559,92365
9560,131215
9561,71855
9562,91665
9563,69825
9564,76755
9565,113925
9566,77000
9567,104545
9568,92050
9569,51940
9570,76790
9571,60445
9572,115500
9573,75425
9574,123935
9575,95445
9576,80430
9577,93065
9578,68320
9579,93415
9580,101850
9581,103740
9582,119175
9583,108220
9584,84595
9585,105875
9586,87850
9587,119350
9588,126840
9589,126910
9590,126595
9591,108570
9592,40215
9593,59185
9594,141295
9595,79940
9596,102025
9597,98630
9598,41055
9599,118685
9600,116585
9601,101080
9602,76090
9603,77875
9604,111930
9605,125160
9606,123865
9607,93625
9608,77910
9609,111930
9610,71120
9611,84805
9612,81620
9613,82775
9614,111685
9615,107870
9616,84665
9617,111545
9618,94045
9619,90090
9620,101290
9621,116480
9622,120820
9623,92120
9624,149065
9625,120015
9626,93415
9627,105175
9628,62860
9629,132440
9630,56315
9631,123480
9632,87605
9633,80640
9634,90615
9635,90300
9636,106575
9637,98910
9638,91595
9639,114975
9640,82425
9641,97160
9642,119735
9643,140945
9644,71330
9645,82810
9646,118825
9647,104755
9648,150850
9649,109200
9650,87885
9651,94990
9652,91105
9653,106155
9654,120750
9655,116025
9656,80605
9657,137795
9658,83510
9659,61845
9660,95620
9661,114625
9662,74200
9663,86345
9664,106470
9665,95515
9666,85750
9667,78155
9668,95620
9669,140735
9670,127715
9671,75250
9672,112980
9673,75040
9674,134715
9675,117670
9676,101745
9677,142800
9678,116585
9679,158620
9680,122465
9681,92680
9682,115395
9683,77595
9684,98105
9685,91245
9686,101500
9687,141645
9688,112560
9689,120995
9690,110950
9691,114030
9692,105945
9693,123060
9694,142345
9695,81340
9696,115465
9697,79590
9698,115535
9699,94395
9700,77875
9701,92610
9702,103320
9703,97405
9704,92680
9705,119595
9706,102305
9707,99295
9708,106960
9709,67305
9710,121695
9711,112980
9712,93520
9713,111965
9714,107135
9715,76650
9716,95690
9717,107310
9718,101745
9719,87395
9720,107625
9721,114065
9722,132475
9723,89320
9724,86380
9725,114625
9726,56140
9727,108150
9728,94360
9729,60445
9730,72765
9731,121800
9732,83720
9733,108885
9734,79275
9735,142590
9736,115325
9737,108850
9738,68670
9739,95970
9740,110005
9741,97860
9742,125545
9743,101850
9744,68075
9745,146405
9746,101710
9747,82180
9748,80640
9749,83755
9750,84700
9751,92260
9752,109935
9753,107835
9754,91630
9755,72450
9756,105420
9757,116830
9758,103285
9759,119840
9760,109515
9761,106540
9762,89985
9763,102095
9764,102585
9765,114765
9766,89390
9767,86345
9768,109410
9769,114065
9770,106260
9771,88550
9772,97930
9773,123760
9774,126560
9775,111895
9776,86345
9777,104825
9778,94010
9779,100450
9780,136010
9781,110495
9782,110250
9783,126105
9784,61460
9785,62860
9786,92155
9787,129465
9788,102830
9789,105665
9790,100170
9791,90615
9792,150815
9793,122010
9794,102935
9795,95830
9796,103705
9797,121905
9798,74900
9799,125160
9800,112490
9801,95620
9802,50120
9803,165305
9804,99995
9805,73780
9806,85120
9807,128450
9808,106610
9809,74095
9810,83055
9811,98000
9812,109585
9813,84805
9814,110180
9815,107380
9816,98035
9817,58940
9818,114485
9819,114870
9820,119770
9821,116585
9822,40670
9823,74200
9824,88515
9825,118545
9826,78750
9827,138810
9828,97615
9829,124915
9830,89950
9831,65065
9832,150080
9833,115885
9834,132020
9835,90300
9836,92995
9837,87010
9838,111265
9839,136570
9840,69055
9841,90825
9842,115955
9843,127575
9844,121590
9845,128730
9846,113785
9847,91770
9848,106645
9849,122780
9850,88340
9851,105420
9852,93170
9853,91910
9854,118755
9855,84525
9856,122955
9857,120785
9858,128275
9859,132755
9860,77665
9861,117530
9862,93170
9863,85680
9864,57715
9865,104685
9866,76160
9867,130655
9868,64820
9869,88060
9870,90895
9871,94885
9872,83125
9873,89320
9874,95585
9875,94815
9876,92400
9877,97825
9878,88095
9879,83055
9880,97300
9881,83265
9882,90930
9883,28035
9884,102025
9885,69335
9886,106435
9887,118860
9888,107870
9889,112315
9890,119000
9891,82425
9892,114100
9893,113680
9894,109970
9895,87185
9896,70245
9897,99575
9898,70315
9899,67305
9900,128730
9901,147595
9902,78820
9903,77350
9904,75775
9905,149730
9906,71960
9907,99820
9908,103600
9909,122885
9910,134505
9911,115115
9912,91280
9913,106190
9914,104860
9915,107765
9916,93030
9917,105840
9918,98805
9919,79940
9920,110775
9921,85365
9922,118020
9923,95795
9924,72625
9925,102795
9926,152950
9927,99225
9928,65170
9929,93730
9930,116725
9931,112280
9932,96285
9933,86800
9934,124600
9935,110005
9936,96565
9937,138320
9938,95865
9939,118650
9940,70560
9941,130585
9942,69615
9943,89425
9944,82740
9945,85820
9946,105525
9947,137830
9948,140140
9949,105350
9950,110565
9951,110880
9952,124215
9953,123340
9954,104650
9955,74690
9956,114730
9957,101465
9958,63140
9959,97720
9960,110705
9961,84385
9962,127890
9963,79170
9964,62440
9965,130340
9966,112805
9967,98000
9968,102270
9969,115675
9970,102340
9971,86905
9972,74410
9973,69195
9974,111790
9975,77140
9976,131040
9977,116515
9978,89845
9979,130235
9980,102270
9981,130900
9982,57680
9983,145075
9984,80535
9985,101640
9986,58100
9987,97230
9988,122850
9989,88830
9990,82285
9991,108325
9992,92260
9993,99890
9994,115430
9995,119070
9996,103215
9997,119665
9998,109900
9999,120120
10000,89775
10001,102655
10002,92995
10003,97860
10004,121800
10005,70595
10006,78750
10007,62930
10008,100625
10009,114205
10010,88585
10011,98770
10012,102550
10013,80780
10014,92645
10015,97510
10016,105245
10017,106610
10018,139160
10019,104510
10020,99435
10021,86065
10022,91350
10023,104370
10024,95130
10025,50610
10026,112070
10027,76300
10028,85645
10029,94255
10030,53375
10031,120190
10032,119105
10033,96810
10034,103880
10035,85085
10036,140595
10037,116270
10038,70455
10039,117215
10040,83895
10041,69930
10042,118965
10043,89705
10044,61285
10045,105420
10046,89600
10047,113155
10048,136500
10049,81795
10050,51170
10051,96495
10052,134505
10053,123130
10054,116200
10055,106680
10056,125860
10057,76265
10058,109830
10059,76160
10060,104020
10061,93205
10062,94045
10063,95690
10064,111125
10065,94045
10066,67690
10067,116270
10068,87675
10069,56945
10070,108290
10071,109165
10072,117950
10073,166670
10074,124635
10075,80710
10076,94675
10077,82810
10078,101290
10079,104440
10080,99330
10081,94290
10082,113610
10083,125125
10084,91840
10085,100905
10086,108115
10087,139160
10088,70945
10089,108675
10090,115710
10091,110635
10092,115780
10093,73990
10094,126805
10095,66605
10096,99155
10097,140280
10098,85295
10099,94150
10100,98070
10101,99015
10102,121870
10103,121205
10104,117810
10105,93345
10106,87465
10107,95235
10108,140350
10109,106820
10110,72870
10111,83580
10112,83580
10113,97790
10114,123340
10115,114205
10116,91070
10117,84455
10118,102760
10119,84665
10120,140245
10121,125300
10122,81410
10123,89705
10124,125335
10125,63770
10126,111720
10127,109935
10128,130655
10129,78435
10130,86695
10131,60655
10132,82915
10133,118335
10134,79835
10135,112490
10136,99855
10137,52920
10138,86380
10139,65975
10140,128555
10141,95480
10142,112945
10143,88515
10144,109515
10145,60515
10146,94430
10147,127540
10148,70980
10149,72415
10150,106750
10151,110005
10152,131110
10153,90510
10154,108850
10155,104440
10156,81235
10157,128415
10158,111895
10159,115535
10160,66640
10161,86695
10162,106085
10163,114905
10164,135555
10165,93240
10166,112245
10167,97790
10168,100870
10169,84035
10170,78050
10171,121625
10172,101045
10173,89670
10174,86100
10175,103425
10176,111685
10177,154280
10178,95130
10179,93625
10180,137935
10181,97090
10182,143080
10183,103145
10184,114100
10185,102410
10186,103985
10187,85645
10188,27790
10189,101045
10190,104440
10191,98945
10192,92610
10193,73115
10194,138635
10195,80290
10196,112420
10197,116445
10198,63560
10199,103215
10200,86940
10201,67655
10202,139825
10203,94745
10204,86205
10205,106085
10206,100695
10207,139195
10208,120260
10209,106890
10210,113400
10211,97370
10212,94850
10213,101955
10214,148680
10215,79625
10216,98735
10217,96110
10218,127470
10219,100275
10220,77210
10221,120855
10222,67515
10223,97300
10224,104020
10225,54215
10226,92225
10227,67200
10228,74165
10229,74935
10230,91630
10231,115395
10232,101815
10233,72205
10234,90755
10235,99400
10236,128590
10237,91000
10238,81340
10239,98630
10240,91875
10241,69160
10242,86590
10243,108570
10244,102445
10245,127190
10246,61355
10247,113470
10248,93240
10249,88445
10250,96320
10251,103285
10252,97335
10253,83055
10254,87815
10255,130305
10256,79800
10257,98595
10258,79240
10259,69370
10260,137830
10261,116550
10262,129255
10263,69825
10264,108920
10265,115220
10266,124600
10267,98000
10268,93135
10269,86765
10270,138110
10271,94815
10272,97405
10273,125580
10274,94640
10275,98385
10276,66430
10277,119175
10278,89530
10279,100730
10280,156695
10281,141890
10282,94955
10283,95690
10284,107135
10285,92015
10286,71820
10287,101220
10288,100590
10289,103460
10290,117915
10291,90615
10292,115220
10293,100310
10294,111020
10295,86975
10296,113575
10297,106225
10298,99820
10299,89495
10300,70525
10301,99680
10302,120785
10303,84175
10304,71680
10305,150080
10306,92295
10307,80430
10308,76370
10309,92855
10310,94465
10311,97230
10312,95760
10313,96775
10314,70910
10315,159110
10316,69195
10317,104510
10318,83440
10319,108360
10320,136220
10321,84280
10322,77280
10323,108920
10324,63245
10325,105525
10326,92680
10327,82775
10328,123165
10329,115255
10330,74865
10331,80220
10332,117460
10333,97545
10334,78540
10335,92855
10336,76685
10337,113365
10338,90230
10339,93765
10340,123480
10341,98140
10342,107310
10343,122920
10344,114450
10345,119105
10346,102515
10347,107310
10348,111510
10349,113435
10350,94780
10351,93100
10352,97055
10353,93695
10354,75810
10355,122290
10356,115920
10357,101640
10358,119770
10359,82600
10360,109585
10361,103670
10362,105665
10363,64715
10364,117915
10365,113680
10366,115255
10367,95445
10368,91385
10369,134540
10370,92400
10371,140035
10372,103040
10373,135275
10374,103425
10375,103530
10376,91700
10377,53900
10378,77140
10379,92400
10380,137095
10381,101710
10382,101955
10383,44800
10384,102340
10385,83895
10386,111300
10387,108745
10388,93905
10389,119525
10390,133945
10391,72555
10392,107030
10393,124530
10394,89110
10395,89005
10396,84875
10397,114660
10398,96040
10399,92995
10400,90125
10401,127435
10402,79730
10403,135835
10404,71540
10405,138460
10406,88970
10407,74270
10408,69020
10409,120505
10410,96985
10411,90090
10412,106365
10413,96460
10414,97615
10415,89705
10416,98735
10417,89530
10418,109235
10419,113610
10420,123550
10421,126945
10422,72240
10423,100170
10424,122465
10425,38955
10426,70140
10427,112315
10428,124075
10429,98805
10430,80955
10431,110670
10432,109025
10433,130165
10434,73990
10435,72450
10436,76020
10437,99820
10438,123375
10439,109585
10440,107520
10441,68390
10442,110005
10443,92575
10444,142485
10445,117670
10446,88340
10447,83475
10448,110565
10449,119595
10450,104195
10451,95655
10452,90405
10453,79275
10454,112560
10455,101535
10456,99470
10457,144620
10458,108150
10459,124355
10460,123690
10461,123340
10462,105875
10463,89075
10464,107345
10465,99365
10466,106890
10467,114975
10468,89145
10469,95725
10470,109655
10471,98560
10472,116515
10473,103320
10474,78925
10475,107450
10476,53060
10477,110075
10478,98385
10479,77525
10480,98140
10481,125615
10482,91840
10483,81025
10484,95830
10485,98210
10486,63665
10487,75180
10488,147070
10489,79030
10490,78855
10491,108535
10492,68565
10493,135905
10494,116025
10495,94325
10496,101430
10497,78575
10498,76825
10499,69475
10500,78750
10501,98665
10502,101955
10503,68670
10504,72800
10505,133735
10506,95690
10507,87780
10508,121135
10509,63385
10510,89180
10511,80255
10512,87850
10513,117005
10514,131180
10515,71015
10516,77420
10517,123445
10518,91630
10519,129430
10520,103565
10521,120960
10522,102375
10523,78295
10524,83825
10525,74375
10526,120960
10527,102865
10528,117250
10529,64120
10530,122990
10531,141785
10532,106680
10533,102725
10534,55405
10535,105420
10536,102445
10537,111230
10538,86835
10539,81795
10540,108605
10541,113715
10542,96145
10543,103460
10544,86275
10545,106960
10546,99960
10547,77245
10548,96180
10549,99435
10550,121030
10551,115500
10552,100345
10553,143850
10554,104965
10555,123200
10556,104720
10557,122885
10558,86135
10559,93380
10560,72310
10561,109795
10562,127680
10563,101675
10564,81375
10565,99050
10566,98910
10567,112420
10568,102760
10569,108290
10570,92050
10571,121800
10572,87745
10573,85260
10574,111125
10575,107380
10576,120330
10577,57330
10578,89915
10579,74305
10580,102200
10581,93030
10582,91350
10583,116515
10584,103145
10585,112210
10586,97475
10587,67935
10588,107590
10589,111055
10590,93065
10591,134470
10592,53165
10593,83895
10594,122500
10595,75040
10596,155890
10597,122850
10598,76650
10599,95130
10600,95585
10601,108360
10602,82320
10603,97790
10604,99225
10605,97895
10606,103320
10607,85610
10608,89845
10609,128065
10610,69860
10611,94850
10612,114975
10613,95095
10614,85610
10615,113435
10616,106365
10617,108885
10618,141435
10619,79170
10620,74550
10621,160090
10622,83020
10623,132300
10624,104405
10625,91210
10626,76685
10627,88410
10628,105455
10629,102900
10630,109725
10631,110180
10632,83510
10633,102340
10634,117775
10635,76440
10636,94010
10637,94080
10638,124530
10639,97580
10640,64365
10641,86870
10642,176785
10643,119280
10644,75740
10645,99015
10646,121065
10647,111020
10648,69860
10649,133665
10650,102480
10651,64540
10652,115675
10653,105945
10654,76300
10655,80570
10656,108465
10657,93275
10658,123305
10659,111230
10660,84630
10661,100590
10662,134505
10663,82880
10664,78015
10665,112805
10666,108045
10667,105735
10668,79520
10669,47635
10670,88130
10671,71715
10672,113120
10673,145635
10674,122605
10675,104370
10676,106470
10677,103950
10678,108010
10679,91490
10680,119630
10681,101430
10682,81515
10683,83300
10684,80185
10685,88585
10686,72800
10687,131495
10688,86590
10689,79625
10690,54810
10691,84105
10692,93975
10693,129115
10694,97055
10695,114065
10696,94920
10697,78085
10698,95025
10699,126350
10700,65310
10701,106610
10702,120750
10703,88690
10704,90545
10705,82775
10706,73255
10707,87885
10708,66535
10709,142240
10710,99225
10711,71260
10712,118405
10713,124740
10714,120575
10715,114800
10716,84280
10717,74270
10718,99785
10719,105630
10720,136710
10721,74760
10722,138705
10723,60200
10724,93450
10725,103355
10726,98875
10727,84665
10728,88970
10729,133210
10730,72170
10731,85750
10732,63420
10733,67445
10734,104615
10735,105105
10736,103775
10737,116865
10738,104650
10739,137410
10740,111685
10741,87640
10742,107800
10743,89565
10744,112140
10745,80850
10746,76475
10747,72835
10748,127015
10749,61390
10750,109235
10751,122885
10752,133000
10753,49875
10754,99575
10755,101990
10756,48510
10757,90230
10758,69755
10759,120645
10760,86765
10761,124670
10762,62790
10763,99330
10764,49000
10765,96425
10766,108640
10767,89810
10768,109620
10769,89110
10770,116725
10771,122465
10772,81200
10773,83965
10774,99050
10775,91140
10776,72170
10777,95655
10778,105455
10779,123795
10780,113015
10781,113085
10782,100625
10783,113155
10784,104370
10785,123200
10786,102655
10787,88340
10788,83090
10789,123795
10790,98210
10791,104825
10792,122185
10793,47635
10794,108360
10795,130935
10796,133770
10797,157640
10798,101675
10799,105875
10800,120505
10801,98595
10802,147105
10803,101325
10804,108430
10805,78505
10806,106540
10807,100205
10808,105175
10809,84875
10810,82810
10811,63770
10812,104090
10813,100415
10814,110005
10815,93170
10816,107275
10817,104300
10818,93590
10819,84665
10820,137795
10821,118685
10822,99225
10823,123480
10824,75880
10825,103740
10826,132440
10827,96845
10828,131110
10829,62405
10830,162365
10831,104440
10832,98280
10833,118650
10834,147945
10835,100205
10836,101990
10837,95480
10838,100135
10839,90090
10840,127050
10841,129115
10842,91490
10843,118650
10844,88900
10845,106050
10846,100205
10847,81585
10848,91385
10849,105560
10850,83475
10851,103285
10852,126560
10853,116970
10854,96320
10855,88410
10856,94115
10857,82880
10858,77210
10859,79275
10860,83440
10861,77805
10862,116165
10863,98070
10864,96425
10865,85120
10866,98700
10867,101745
10868,71960
10869,49420
10870,115710
10871,124600
10872,111265
10873,79765
10874,128485
10875,132055
10876,114555
10877,67270
10878,118195
10879,127400
10880,133035
10881,104650
10882,109480
10883,27335
10884,104720
10885,128065
10886,75110
10887,100310
10888,106050
10889,74060
10890,110390
10891,106505
10892,75950
10893,91420
10894,133945
10895,63420
10896,64120
10897,125790
10898,133735
10899,110915
10900,82110
10901,69020
10902,143080
10903,89985
10904,116025
10905,107240
10906,98735
10907,45220
10908,68250
10909,123340
10910,121380
10911,127960
10912,113645
10913,120295
10914,107940
10915,102025
10916,103110
10917,94360
10918,130830
10919,115185
10920,132580
10921,58100
10922,86625
10923,79590
10924,71435
10925,99715
10926,96845
10927,105945
10928,66955
10929,124705
10930,95970
10931,106995
10932,61495
10933,81480
10934,111300
10935,77070
10936,76160
10937,63840
10938,92435
10939,120225
10940,126210
10941,103285
10942,131565
10943,94010
10944,102235
10945,127715
10946,91665
10947,81830
10948,127120
10949,76195
10950,94255
10951,144165
10952,85295
10953,115955
10954,82775
10955,88445
10956,101745
10957,125335
10958,78855
10959,101605
10960,103005
10961,123760
10962,106015
10963,81900
10964,86940
10965,101430
10966,64960
10967,135765
10968,92610
10969,123795
10970,102900
10971,94290
10972,96460
10973,100100
10974,93905
10975,68635
10976,69790
10977,110460
10978,108185
10979,103005
10980,121905
10981,78050
10982,130410
10983,148785
10984,105210
10985,89355
10986,132755
10987,119945
10988,107870
10989,112840
10990,104195
10991,111825
10992,102095
10993,91105
10994,82180
10995,142275
10996,92330
10997,112070
10998,101010
10999,94010
11000,64435
11001,122640
11002,113960
11003,137270
11004,81200
11005,142345
11006,136815
11007,42700
11008,95970
11009,99015
11010,95585
11011,59500
11012,120785
11013,102550
11014,98140
11015,74935
11016,97440
11017,108465
11018,100730
11019,90405
11020,79205
11021,101150
11022,87920
11023,75040
11024,84315
11025,140945
11026,99995
11027,101325
11028,107275
11029,123550
11030,97615
11031,82495
11032,124705
11033,119455
11034,73780
11035,100240
11036,117075
11037,115045
11038,131600
11039,75530
11040,99575
11041,107205
11042,98630
11043,74620
11044,113190
11045,114975
11046,82985
11047,94500
11048,105420
11049,108325
11050,120715
11051,113505
11052,124530
11053,77805
11054,123235
11055,136920
11056,100625
11057,79135
11058,108045
11059,93590
11060,109480
11061,99505
11062,109305
11063,126770
11064,104265
11065,113015
11066,75915
11067,123445
11068,112910
11069,62650
11070,108360
11071,89915
11072,95900
11073,83055
11074,70455
11075,82775
11076,120225
11077,95445
11078,118440
11079,81760
11080,84980
11081,127155
11082,102375
11083,116025
11084,100660
11085,122780
11086,109375
11087,109900
11088,89040
11089,112070
11090,88795
11091,87570
11092,84420
11093,103600
11094,106400
11095,132720
11096,99400
11097,117740
11098,63770
11099,94675
11100,83475
11101,55195
11102,58345
11103,111510
11104,139895
11105,126105
11106,134750
11107,95760
11108,127820
11109,114345
11110,94990
11111,105455
11112,88690
11113,110145
11114,73080
11115,93310
11116,81095
11117,33810
11118,126630
11119,127505
11120,71855
11121,117110
11122,127225
11123,101640
11124,104580
11125,113995
11126,118965
11127,62440
11128,82390
11129,101780
11130,114205
11131,89600
11132,106505
11133,86800
11134,170170
11135,75180
11136,96845
11137,104160
11138,115360
11139,130515
11140,82845
11141,97580
11142,129710
11143,92050
11144,121170
11145,100555
11146,64435
11147,116900
11148,88725
11149,57680
11150,110985
11151,94885
11152,93030
11153,87150
11154,99540
11155,86170
11156,76020
11157,79520
11158,109095
11159,107660
11160,112035
11161,114975
11162,113050
11163,101220
11164,99645
11165,37100
11166,116690
11167,62545
11168,89740
11169,144795
11170,108605
11171,97230
11172,88655
11173,86240
11174,63805
11175,68530
11176,32900
11177,100870
11178,132195
11179,133140
11180,90475
11181,113435
11182,82845
11183,87290
11184,145075
11185,93205
11186,126945
11187,109480
11188,67410
11189,105490
11190,109620
11191,103530
11192,133245
11193,56805
11194,127295
11195,71855
11196,112980
11197,44800
11198,133630
11199,93135
11200,106225
11201,52990
11202,97475
11203,111405
11204,116025
11205,72065
11206,93520
11207,122640
11208,119175
11209,93625
11210,63455
11211,58590
11212,124250
11213,115185
11214,89110
11215,117110
11216,65170
11217,95655
11218,142310
11219,138985
11220,133910
11221,121590
11222,94990
11223,91035
11224,97265
11225,79835
11226,111370
11227,103600
11228,72135
11229,90580
11230,121485
11231,88585
11232,114205
11233,107415
11234,83405
11235,94500
11236,111230
11237,114135
11238,73430
11239,87360
11240,66290
11241,104685
11242,97300
11243,128835
11244,78960
11245,122255
11246,62895
11247,106470
11248,104055
11249,119735
11250,96565
11251,135800
11252,101745
11253,97195
11254,109935
11255,103775
11256,114170
11257,86030
11258,122010
11259,104160
11260,121765
11261,98140
11262,102130
11263,102550
11264,124390
11265,132685
11266,81585
11267,104335
11268,117460
11269,126805
11270,92575
11271,126245
11272,116900
11273,79695
11274,107100
11275,133350
11276,85120
11277,136045
11278,76580
11279,105595
11280,70000
11281,30905
11282,110110
11283,70840
11284,93065
11285,72940
11286,72030
11287,91350
11288,70245
11289,100870
11290,104685
11291,91350
11292,88690
11293,78960
11294,113995
11295,61460
11296,128135
11297,58450
11298,66430
11299,115500
11300,49630
11301,96250
11302,104825
11303,137655
11304,85505
11305,95970
11306,97020
11307,108325
11308,76055
11309,83720
11310,87710
11311,143710
11312,130095
11313,92260
11314,89075
11315,68635
11316,82915
11317,107450
11318,148295
11319,68180
11320,100240
11321,91490
11322,133000
11323,75740
11324,144830
11325,111125
11326,120085
11327,130095
11328,59920
11329,106750
11330,133175
11331,81480
11332,118195
11333,108990
11334,114415
11335,95480
11336,109935
11337,99575
11338,130585
11339,72590
11340,114030
11341,134960
11342,112945
11343,102060
11344,99820
11345,96005
11346,74340
11347,104475
11348,94360
11349,83965
11350,84175
11351,115570
11352,95970
11353,112350
11354,62335
11355,76090
11356,130410
11357,62930
11358,70595
11359,88130
11360,64540
11361,99120
11362,109410
11363,111475
11364,107345
11365,82565
11366,69790
11367,98525
11368,111930
11369,109935
11370,119805
11371,63350
11372,104300
11373,112980
11374,87185
11375,96250
11376,88270
11377,122535
11378,100835
11379,68740
11380,101360
11381,83510
11382,118790
11383,111650
11384,74760
11385,99015
11386,86555
11387,89390
11388,80955
11389,86485
11390,105140
11391,76230
11392,101500
11393,89530
11394,129290
11395,116095
11396,100520
11397,102095
11398,96110
11399,70175
11400,104545
11401,115745
11402,106820
11403,145285
11404,81130
11405,144270
11406,93520
11407,78365
11408,56035
11409,107835
11410,120820
11411,98280
11412,97265
11413,118825
11414,122885
11415,111650
11416,76580
11417,121170
11418,93660
11419,70350
11420,91875
11421,114730
11422,71750
11423,96110
11424,99365
11425,41020
11426,113680
11427,93415
11428,141575
11429,128485
11430,61390
11431,112805
11432,123760
11433,102410
11434,67340
11435,66605
11436,153895
11437,115500
11438,112140
11439,95340
11440,112980
11441,120470
11442,80465
11443,95060
11444,92330
11445,109725
11446,72800
11447,95585
11448,51905
11449,138180
11450,75495
11451,101220
11452,75810
11453,84700
11454,97265
11455,66815
11456,64050
11457,96110
11458,111650
11459,112210
11460,104860
11461,86450
11462,102725
11463,117600
11464,127820
11465,97685
11466,75565
11467,100835
11468,100170
11469,131530
11470,105315
11471,116130
11472,85575
11473,85960
11474,141155
11475,143045
11476,88830
11477,86625
11478,122815
11479,81655
11480,114835
11481,109165
11482,63875
11483,45780
11484,65240
11485,90650
11486,101395
11487,74165
11488,103670
11489,97545
11490,118090
11491,79450
11492,86940
11493,88410
11494,110390
11495,73115
11496,114695
11497,113295
11498,109375
11499,83055
11500,51695
11501,127855
11502,88270
11503,91210
11504,126665
11505,61005
11506,118685
11507,66605
11508,75845
11509,53970
11510,112665
11511,128835
11512,86380
11513,108430
11514,119735
11515,103320
11516,66745
11517,121450
11518,114345
11519,109725
11520,106225
11521,84385
11522,68285
11523,88340
11524,114590
11525,113400
11526,100240
11527,107555
11528,83195
11529,140840
11530,110390
11531,130585
11532,100555
11533,133000
11534,113225
11535,73570
11536,82950
11537,108115
11538,103775
11539,116060
11540,84805
11541,127050
11542,136220
11543,75215
11544,95270
11545,110880
11546,85575
11547,124285
11548,64680
11549,122710
11550,117600
11551,96705
11552,108815
11553,104545
11554,117670
11555,110705
11556,101815
11557,104615
11558,127785
11559,128520
11560,127470
11561,71260
11562,88445
11563,78715
11564,78190
11565,129150
11566,122150
11567,69755
11568,132230
11569,120330
11570,138845
11571,86590
11572,105350
11573,89740
11574,113015
11575,71680
11576,101325
11577,105245
11578,94815
11579,78155
11580,109515
11581,94850
11582,118545
11583,73360
11584,91875
11585,123935
11586,74165
11587,89810
11588,133245
11589,90895
11590,63945
11591,78120
11592,102130
11593,116900
11594,67025
11595,92050
11596,134050
11597,101710
11598,110390
11599,83615
11600,128030
11601,91910
11602,107310
11603,81935
11604,86030
11605,60025
11606,118300
11607,78330
11608,132895
11609,126350
11610,63455
11611,83475
11612,117950
11613,78155
11614,131775
11615,73780
11616,76755
11617,69125
11618,114695
11619,147315
11620,149450
11621,109795
11622,116165
11623,100030
11624,125930
11625,127715
11626,117390
11627,109025
11628,97825
11629,76720
11630,67025
11631,68600
11632,82005
11633,137515
11634,107555
11635,89215
11636,70805
11637,138390
11638,77140
11639,122395
11640,111020
11641,83650
11642,121450
11643,72730
11644,105350
11645,111755
11646,97510
11647,72520
11648,70490
11649,79450
11650,144550
11651,80920
11652,84000
11653,147700
11654,73360
11655,99190
11656,105070
11657,98875
11658,83230
11659,78960
11660,78330
11661,99645
11662,106365
11663,67725
11664,111405
11665,90265
11666,80360
11667,104300
11668,86100
11669,136430
11670,104195
11671,88865
11672,67550
11673,120995
11674,58380
11675,71015
11676,110845
11677,80430
11678,103110
11679,119875
11680,82565
11681,76930
11682,84000
11683,92540
11684,111230
11685,64190
11686,95865
11687,108605
11688,116585
11689,107975
11690,76860
11691,120015
11692,99470
11693,86345
11694,110810
11695,76300
11696,129780
11697,126805
11698,113505
11699,99785
11700,125685
11701,66360
11702,122885
11703,62685
11704,82110
11705,87465
11706,118475
11707,95690
11708,129150
11709,80465
11710,94640
11711,69405
11712,88235
11713,123655
11714,99750
11715,93135
11716,132405
11717,106715
11718,68635
11719,98105
11720,108815
11721,100030
11722,117880
11723,89320
11724,104405
11725,146965
11726,118440
11727,107135
11728,74725
11729,99190
11730,83755
11731,124460
11732,114695
11733,102445
11734,105245
11735,121100
11736,129045
11737,115150
11738,113365
11739,69615
11740,78540
11741,95025
11742,154385
11743,120750
11744,121870
11745,96180
11746,67655
11747,101500
11748,115080
11749,108220
11750,111650
11751,93870
11752,81375
11753,44905
11754,123095
11755,112105
11756,117460
11757,117355
11758,96775
11759,68180
11760,83370
11761,135800
11762,76055
11763,103285
11764,94290
11765,110215
11766,97860
11767,131810
11768,122815
11769,82565
11770,91595
11771,130690
11772,94430
11773,76265
11774,121800
11775,111475
11776,82565
11777,117285
11778,153720
11779,87605
11780,82145
11781,53900
11782,110495
11783,120015
11784,72240
11785,100660
11786,112945
11787,102200
11788,132440
11789,150640
11790,91035
11791,92645
11792,78505
11793,125440
11794,83895
11795,98315
11796,90755
11797,103215
11798,135485
11799,66430
11800,69125
11801,75705
11802,130165
11803,64435
11804,123060
11805,128030
11806,82250
11807,105490
11808,110145
11809,85785
11810,137305
11811,93450
11812,89320
11813,111160
11814,118020
11815,107065
11816,123690
11817,110810
11818,88200
11819,112210
11820,85680
11821,111265
11822,103880
11823,97020
11824,116200
11825,100415
11826,90160
11827,118370
11828,111440
11829,82880
11830,90720
11831,125230
11832,153685
11833,103180
11834,118300
11835,93065
11836,100590
11837,114275
11838,99680
11839,105910
11840,110355
11841,146125
11842,115815
11843,90090
11844,116515
11845,84525
11846,133910
11847,110705
11848,146230
11849,62580
11850,107695
11851,90545
11852,103110
11853,110040
11854,85120
11855,107555
11856,87500
11857,99925
11858,141960
11859,148540
11860,117250
11861,129185
11862,115045
11863,138110
11864,55020
11865,123235
11866,101815
11867,82180
11868,101990
11869,79940
11870,75635
11871,93170
11872,115255
11873,80745
11874,119735
11875,125160
11876,95410
11877,93520
11878,66430
11879,96705
11880,133175
11881,122605
11882,128660
11883,113645
11884,123970
11885,116585
11886,106435
11887,96460
11888,114695
11889,94045
11890,74900
11891,78750
11892,88340
11893,125510
11894,115920
11895,113820
11896,101290
11897,97790
11898,70525
11899,60900
11900,110460
11901,135310
11902,117180
11903,103250
11904,113470
11905,83545
11906,111790
11907,134540
11908,90160
11909,96600
11910,105805
11911,87360
11912,104475
11913,109760
11914,116690
11915,94850
11916,79100
11917,107695
11918,117390
11919,80710
11920,104405
11921,113540
11922,104650
11923,105035
11924,94535
11925,116165
11926,117775
11927,66045
11928,100100
11929,80115
11930,128100
11931,82740
11932,122395
11933,77910
11934,72975
11935,97230
11936,91350
11937,102025
11938,60060
11939,96985
11940,119735
11941,121380
11942,119875
11943,80290
11944,95375
11945,93555
11946,101570
11947,115815
11948,144900
11949,113890
11950,130305
11951,102550
11952,80640
11953,83195
11954,122255
11955,100415
11956,120540
11957,124985
11958,118580
11959,98175
11960,104125
11961,102060
11962,81375
11963,81200
11964,102165
11965,119980
11966,132685
11967,146125
11968,116760
11969,113050
11970,107030
11971,96390
11972,81725
11973,103670
11974,120260
11975,109270
11976,111825
11977,106330
11978,63875
11979,75215
11980,117110
11981,66465
11982,71995
11983,151480
11984,87220
11985,79065
11986,82110
11987,73010
11988,105070
11989,83685
11990,118825
11991,103075
11992,62265
11993,80010
11994,72730
11995,70805
11996,74165
11997,75005
11998,79380
11999,87885
12000,119105
12001,55615
12002,72100
12003,94675
12004,65520
12005,117460
12006,152075
12007,105945
12008,102025
12009,98000
12010,59045
12011,82705
12012,99295
12013,102165
12014,90020
12015,61705
12016,120890
12017,111230
12018,137340
12019,80360
12020,87710
12021,118930
12022,87115
12023,73815
12024,74480
12025,113505
12026,130550
12027,115115
12028,89075
12029,100695
12030,113715
12031,117355
12032,99715
12033,130795
12034,117250
12035,94185
12036,75495
12037,99785
12038,90720
12039,135275
12040,80850
12041,73570
12042,115640
12043,116480
12044,129920
12045,91945
12046,88130
12047,99050
12048,95760
12049,126105
12050,93660
12051,107170
12052,124180
12053,123445
12054,111475
12055,51030
12056,64435
12057,80150
12058,110705
12059,81165
12060,132510
12061,93555
12062,83265
12063,140875
12064,90510
12065,107765
12066,108185
12067,81165
12068,90020
12069,120435
12070,139055
12071,152215
12072,99190
12073,78015
12074,105700
12075,137655
12076,67935
12077,73955
12078,128030
12079,114765
12080,91420
12081,180145
12082,143955
12083,79240
12084,122605
12085,107380
12086,120680
12087,110145
12088,77945
12089,81200
12090,91945
12091,89495
12092,101780
12093,124775
12094,85925
12095,96530
12096,92400
12097,106225
12098,61635
12099,120190
12100,98385
12101,63070
12102,69405
12103,127715
12104,121240
12105,75950
12106,107765
12107,52955
12108,125160
12109,96810
12110,110950
12111,139755
12112,98035
12113,81305
12114,85995
12115,109690
12116,102690
12117,98420
12118,152670
12119,77280
12120,113645
12121,87220
12122,90125
12123,106645
12124,119035
12125,109655
12126,146125
12127,133630
12128,124425
12129,127225
12130,101745
12131,110740
12132,128555
12133,113925
12134,94010
12135,85540
12136,116235
12137,75810
12138,95830
12139,139265
12140,115920
12141,97020
12142,79660
12143,88200
12144,108080
12145,85400
12146,111475
12147,78995
12148,75530
12149,111160
12150,100065
12151,106225
12152,106680
12153,106925
12154,99050
12155,72520
12156,117075
12157,145460
12158,94150
12159,84070
12160,94535
12161,122640
12162,115815
12163,163275
12164,70350
12165,87885
12166,49105
12167,99575
12168,133455
12169,106260
12170,106365
12171,68320
12172,103915
12173,124810
12174,122290
12175,115430
12176,109200
12177,104370
12178,97615
12179,71015
12180,109935
12181,119000
12182,125020
12183,120645
12184,111615
12185,116970
12186,111930
12187,103530
12188,53235
12189,121765
12190,102795
12191,73290
12192,122500
12193,86835
12194,113715
12195,95725
12196,124600
12197,41615
12198,117635
12199,71505
12200,57995
12201,81655
12202,153230
12203,101430
12204,69790
12205,100415
12206,63560
12207,118545
12208,82005
12209,78680
12210,119175
12211,111650
12212,71435
12213,82495
12214,124390
12215,106890
12216,133175
12217,77035
12218,109795
12219,107905
12220,101220
12221,98420
12222,129465
12223,87710
12224,97195
12225,89145
12226,79695
12227,95480
12228,58065
12229,127015
12230,114310
12231,97055
12232,95550
12233,120925
12234,100240
12235,120365
12236,93660
12237,85645
12238,121555
12239,82530
12240,106435
12241,86870
12242,92435
12243,127470
12244,114275
12245,69265
12246,96005
12247,74550
12248,102620
12249,133980
12250,65940
12251,99575
12252,57820
12253,118580
12254,71820
12255,106750
12256,55720
12257,117635
12258,132895
12259,111790
12260,74200
12261,153265
12262,83965
12263,83545
12264,100205
12265,124670
12266,109235
12267,107835
12268,70490
12269,100940
12270,121625
12271,102655
12272,98280
12273,101325
12274,124285
12275,78365
12276,111895
12277,72870
12278,88480
12279,71645
12280,70560
12281,110285
12282,123935
12283,97370
12284,88900
12285,90440
12286,70175
12287,141925
12288,110075
12289,94010
12290,130620
12291,68355
12292,78890
12293,77805
12294,101430
12295,124075
12296,74060
12297,100555
12298,102375
12299,109655
12300,91490
12301,95235
12302,90860
12303,141995
12304,111580
12305,104615
12306,73990
12307,108640
12308,119875
12309,121030
12310,89250
12311,93345
12312,85680
12313,102620
12314,84280
12315,83755
12316,66815
12317,117600
12318,102690
12319,113505
12320,134120
12321,86940
12322,96950
12323,120820
12324,113295
12325,93660
12326,113855
12327,83580
12328,120855
12329,95620
12330,137165
12331,71750
12332,98980
12333,117565
12334,109725
12335,132895
12336,117005
12337,136640
12338,122885
12339,112735
12340,97055
12341,133140
12342,100590
12343,106820
12344,85085
12345,73605
12346,97685
12347,103390
12348,112315
12349,100660
12350,124355
12351,109410
12352,104790
12353,74235
12354,71575
12355,80395
12356,70770
12357,104195
12358,119315
12359,107380
12360,73150
12361,82495
12362,96250
12363,122220
12364,83335
12365,136360
12366,93870
12367,56350
12368,105875
12369,116480
12370,99365
12371,112490
12372,72765
12373,86345
12374,93730
12375,83860
12376,103355
12377,103705
12378,120295
12379,105805
12380,107625
12381,114520
12382,120925
12383,87815
12384,87955
12385,112665
12386,121135
12387,85960
12388,159985
12389,130515
12390,128240
12391,125895
12392,95515
12393,102830
12394,109515
12395,117460
12396,98910
12397,109130
12398,82845
12399,142835
12400,90335
12401,110215
12402,116235
12403,107275
12404,97895
12405,146405
12406,128310
12407,136500
12408,107555
12409,102690
12410,78330
12411,63665
12412,102550
12413,113190
12414,74095
12415,126210
12416,118580
12417,102515
12418,69860
12419,116235
12420,102060
12421,91140
12422,128800
12423,98315
12424,116235
12425,117915
12426,135065
12427,68845
12428,92575
12429,100625
12430,96145
12431,105875
12432,157080
12433,81060
12434,126455
12435,110565
12436,105035
12437,67550
12438,43505
12439,80045
12440,105035
12441,95550
12442,92610
12443,92995
12444,99365
12445,80955
12446,91105
12447,114730
12448,110460
12449,119560
12450,119910
12451,130060
12452,78645
12453,101710
12454,54740
12455,72415
12456,57750
12457,115675
12458,77175
12459,75530
12460,106295
12461,80605
12462,104965
12463,112035
12464,113225
12465,138075
12466,123865
12467,54740
12468,89075
12469,64260
12470,77350
12471,92715
12472,137060
12473,59780
12474,78890
12475,96320
12476,96250
12477,99925
12478,94465
12479,120960
12480,101430
12481,104615
12482,113400
12483,114730
12484,69195
12485,137060
12486,79555
12487,89915
12488,91490
12489,99540
12490,140140
12491,149625
12492,107975
12493,118685
12494,131180
12495,130725
12496,123375
12497,111440
12498,120540
12499,65030
12500,87290
12501,72485
12502,106365
12503,114870
12504,50855
12505,96775
12506,117110
12507,72555
12508,85050
12509,92260
12510,87850
12511,131285
12512,122430
12513,95270
12514,105875
12515,86205
12516,127715
12517,69545
12518,125405
12519,85505
12520,77035
12521,66885
12522,86975
12523,106540
12524,65905
12525,83545
12526,78365
12527,106890
12528,101360
12529,88725
12530,117005
12531,106190
12532,71785
12533,89775
12534,94640
12535,73990
12536,91630
12537,123865
12538,102865
12539,76265
12540,115290
12541,123585
12542,97965
12543,120260
12544,97160
12545,100555
12546,70420
12547,77070
12548,138005
12549,94290
12550,90580
12551,129675
12552,52045
12553,98840
12554,121065
12555,112945
12556,126770
12557,108920
12558,67375
12559,118615
12560,97790
12561,125230
12562,114870
12563,154350
12564,123445
12565,67620
12566,90055
12567,72625
12568,98980
12569,70385
12570,83125
12571,86590
12572,112245
12573,120715
12574,71435
12575,153545
12576,115535
12577,74445
12578,81620
12579,117110
12580,117250
12581,97265
12582,77350
12583,79100
12584,83755
12585,100240
12586,113785
12587,97615
12588,115080
12589,98315
12590,123830
12591,137935
12592,77210
12593,145110
12594,92470
12595,69720
12596,102935
12597,122955
12598,121940
12599,58695
12600,78995
12601,71680
12602,83405
12603,71890
12604,128100
12605,64540
12606,147315
12607,81830
12608,93415
12609,112910
12610,59325
12611,138635
12612,79345
12613,124845
12614,110915
12615,77315
12616,75285
12617,102760
12618,112525
12619,74095
12620,110075
12621,106400
12622,104475
12623,70385
12624,80535
12625,137585
12626,62090
12627,100380
12628,113435
12629,91875
12630,58240
12631,67760
12632,73325
12633,126385
12634,121380
12635,103950
12636,132720
12637,113505
12638,108710
12639,87045
12640,101780
12641,133945
12642,90125
12643,124635
12644,104860
12645,112280
12646,131075
12647,78365
12648,82355
12649,107240
12650,84455
12651,102480
12652,54705
12653,102550
12654,107695
12655,94990
12656,114835
12657,106855
12658,69720
12659,94605
12660,131250
12661,76510
12662,80920
12663,85645
12664,110040
12665,128835
12666,103705
12667,111160
12668,66850
12669,107485
12670,67830
12671,132895
12672,112735
12673,102130
12674,97790
12675,100800
12676,107310
12677,104265
12678,62300
12679,150255
12680,44485
12681,108080
12682,147140
12683,93765
12684,148750
12685,84455
12686,55055
12687,85050
12688,98980
12689,79030
12690,88655
12691,100485
12692,70455
12693,87325
12694,130165
12695,70980
12696,133945
12697,99890
12698,95130
12699,63945
12700,84840
12701,88620
12702,99575
12703,111090
12704,120785
12705,61355
12706,119385
12707,137445
12708,97440
12709,77175
12710,99365
12711,115710
12712,51100
12713,123025
12714,119805
12715,117215
12716,77070
12717,105875
12718,75495
12719,100380
12720,87780
12721,108325
12722,92015
12723,107625
12724,89670
12725,81305
12726,89040
12727,109830
12728,111300
12729,137445
12730,76335
12731,86695
12732,134610
12733,99155
12734,67690
12735,140770
12736,102760
12737,99050
12738,108220
12739,104825
12740,116830
12741,135835
12742,137620
12743,78470
12744,128065
12745,118930
12746,90440
12747,112105
12748,97965
12749,95515
12750,113645
12751,65485
12752,81935
12753,120890
12754,105490
12755,111370
12756,85750
12757,103110
12758,91000
12759,137900
12760,108570
12761,101500
12762,87990
12763,90790
12764,87465
12765,125090
12766,107905
12767,88130
12768,112630
12769,76090
12770,87080
12771,71540
12772,121835
12773,107065
12774,72905
12775,87675
12776,82110
12777,80780
12778,47670
12779,98000
12780,106365
12781,86520
12782,93590
12783,82670
12784,95095
12785,115920
12786,96565
12787,99015
12788,124005
12789,91595
12790,109550
12791,69895
12792,125440
12793,104475
12794,104510
12795,157430
12796,88165
12797,121625
12798,139370
12799,93975
12800,104195
12801,104405
12802,103355
12803,115780
12804,89530
12805,128730
12806,64085
12807,87745
12808,82635
12809,97265
12810,122570
12811,124390
12812,75635
12813,101535
12814,92260
12815,125895
12816,94885
12817,95480
12818,76195
12819,104720
12820,106645
12821,79065
12822,120925
12823,119770
12824,112595
12825,113330
12826,102235
12827,116130
12828,101010
12829,94500
12830,108570
12831,133700
12832,80885
12833,82915
12834,132020
12835,67935
12836,80640
12837,76160
12838,115325
12839,71785
12840,66885
12841,85610
12842,104930
12843,79485
12844,67095
12845,107800
12846,139720
12847,104650
12848,108850
12849,106365
12850,113960
12851,106575
12852,117320
12853,101920
12854,117215
12855,119175
12856,88270
12857,102830
12858,116550
12859,129430
12860,72450
12861,120155
12862,77875
12863,94255
12864,59885
12865,104930
12866,98735
12867,74515
12868,131740
12869,79415
12870,98315
12871,61880
12872,106820
12873,84735
12874,96915
12875,102200
12876,84490
12877,94605
12878,56350
12879,97300
12880,92820
12881,70385
12882,97440
12883,108780
12884,90720
12885,59290
12886,110390
12887,103425
12888,124635
12889,113470
12890,99645
12891,117915
12892,80850
12893,81585
12894,89355
12895,106820
12896,113260
12897,101710
12898,131460
12899,117635
12900,78610
12901,98910
12902,82880
12903,106295
12904,99050
12905,97825
12906,92190
12907,143850
12908,83160
12909,108220
12910,127330
12911,109410
12912,94255
12913,105315
12914,59325
12915,121380
12916,92120
12917,77875
12918,83440
12919,87570
12920,136675
12921,115115
12922,49700
12923,87955
12924,93345
12925,94220
12926,114065
12927,132370
12928,78435
12929,126035
12930,66115
12931,115640
12932,98245
12933,92330
12934,98770
12935,101045
12936,108290
12937,109270
12938,73815
12939,106505
12940,124705
12941,56700
12942,101675
12943,66745
12944,120365
12945,142030
12946,96005
12947,115815
12948,87640
12949,111755
12950,77140
12951,96110
12952,83790
12953,95445
12954,121170
12955,76755
12956,139930
12957,103950
12958,58835
12959,105840
12960,49420
12961,99120
12962,126280
12963,110775
12964,89180
12965,95865
12966,97020
12967,69720
12968,74795
12969,110425
12970,76825
12971,100835
12972,128310
12973,116340
12974,88410
12975,81935
12976,65905
12977,133980
12978,107030
12979,96775
12980,121450
12981,84280
12982,107625
12983,101605
12984,106540
12985,102795
12986,103425
12987,79450
12988,92155
12989,83020
12990,86905
12991,96285
12992,91560
12993,97090
12994,126770
12995,99855
12996,83055
12997,151305
12998,115955
12999,121940
13000,74865
13001,113925
13002,115640
13003,92750
13004,70595
13005,96285
13006,105770
13007,96075
13008,64015
13009,141680
13010,110180
13011,110495
13012,72765
13013,39655
13014,45955
13015,94150
13016,115920
13017,100590
13018,103845
13019,90825
13020,74690
13021,125615
13022,95655
13023,81585
13024,71750
13025,85750
13026,96670
13027,109935
13028,106855
13029,84245
13030,61005
13031,110215
13032,85330
13033,117460
13034,105735
13035,106715
13036,100380
13037,107660
13038,83615
13039,92295
13040,120575
13041,97895
13042,110355
13043,134505
13044,106785
13045,123445
13046,127995
13047,91315
13048,98560
13049,117145
13050,114205
13051,95760
13052,110705
13053,98455
13054,97125
13055,142625
13056,96845
13057,77840
13058,122815
13059,71330
13060,127330
13061,111440
13062,127715
13063,97510
13064,117950
13065,134680
13066,101465
13067,118615
13068,91070
13069,61390
13070,78610
13071,113995
13072,76825
13073,78155
13074,125230
13075,54250
13076,45570
13077,60025
13078,85050
13079,105280
13080,115430
13081,75145
13082,63595
13083,147595
13084,116620
13085,107275
13086,92750
13087,101955
13088,102165
13089,77000
13090,134470
13091,85435
13092,83895
13093,112105
13094,100765
13095,123375
13096,114730
13097,129430
13098,121730
13099,112525
13100,81900
13101,114940
13102,111650
13103,91840
13104,100940
13105,67935
13106,97755
13107,82880
13108,81060
13109,81690
13110,137550
13111,89285
13112,106680
13113,117740
13114,101185
13115,75460
13116,113470
13117,90300
13118,86975
13119,97790
13120,99575
13121,70700
13122,97930
13123,120085
13124,112735
13125,66465
13126,81830
13127,111230
13128,54180
13129,134645
13130,114590
13131,140770
13132,85540
13133,96915
13134,88375
13135,109445
13136,66745
13137,115430
13138,87220
13139,61845
13140,115010
13141,96215
13142,90615
13143,108780
13144,107205
13145,70210
13146,131880
13147,84315
13148,92190
13149,70525
13150,116830
13151,131670
13152,53585
13153,87220
13154,112945
13155,85330
13156,99610
13157,95655
13158,88690
13159,97930
13160,81305
13161,126595
13162,77700
13163,95760
13164,86695
13165,135870
13166,104965
13167,54110
13168,125265
13169,62965
13170,74970
13171,79065
13172,112525
13173,117985
13174,92260
13175,112245
13176,95935
13177,81865
13178,95025
13179,136535
13180,104055
13181,106260
13182,130130
13183,100275
13184,119910
13185,118755
13186,80850
13187,100205
13188,84175
13189,145075
13190,117915
13191,83055
13192,67060
13193,87255
13194,79415
13195,107870
13196,125300
13197,64435
13198,86170
13199,75950
13200,91455
13201,125230
13202,146335
13203,86835
13204,102620
13205,110110
13206,116795
13207,94955
13208,124915
13209,116270
13210,112980
13211,103145
13212,71680
13213,132930
13214,68985
13215,101955
13216,119945
13217,94605
13218,112105
13219,107660
13220,117985
13221,102865
13222,109165
13223,78435
13224,78995
13225,78785
13226,125580
13227,93730
13228,111580
13229,78995
13230,114240
13231,113470
13232,94220
13233,88480
13234,110460
13235,97405
13236,103285
13237,75460
13238,96915
13239,106505
13240,115920
13241,118230
13242,97405
13243,113750
13244,69860
13245,123375
13246,130900
13247,67060
13248,108430
13249,89740
13250,126735
13251,111300
13252,143080
13253,134960
13254,89810
13255,100415
13256,135765
13257,64785
13258,81620
13259,84980
13260,99855
13261,97930
13262,94325
13263,133140
13264,94150
13265,129080
13266,125475
13267,83090
13268,42910
13269,94115
13270,136255
13271,121205
13272,51660
13273,110425
13274,118545
13275,87570
13276,79765
13277,103215
13278,69335
13279,129920
13280,87150
13281,98385
13282,94430
13283,88515
13284,82320
13285,142030
13286,65835
13287,95270
13288,116690
13289,91910
13290,64785
13291,107660
13292,73255
13293,121555
13294,101955
13295,113505
13296,132895
13297,105665
13298,86765
13299,115710
13300,134365
13301,48370
13302,73850
13303,56700
13304,83090
13305,101010
13306,103635
13307,109830
13308,78190
13309,81550
13310,106190
13311,74305
13312,78645
13313,124075
13314,121590
13315,94115
13316,140035
13317,110880
13318,101430
13319,94045
13320,58730
13321,146160
13322,95935
13323,91560
13324,111790
13325,114765
13326,106820
13327,124355
13328,75810
13329,92785
13330,99505
13331,76685
13332,113365
13333,113715
13334,117145
13335,87290
13336,135800
13337,97860
13338,75670
13339,97650
13340,95410
13341,100380
13342,102130
13343,128450
13344,95725
13345,108185
13346,104265
13347,130725
13348,79030
13349,114275
13350,88795
13351,94955
13352,75810
13353,107660
13354,124040
13355,119700
13356,127785
13357,149345
13358,99855
13359,82040
13360,112175
13361,96985
13362,112875
13363,105805
13364,91945
13365,102095
13366,105490
13367,122815
13368,95760
13369,59780
13370,122430
13371,41195
13372,105420
13373,125790
13374,64820
13375,97545
13376,99645
13377,93695
13378,97160
13379,117425
13380,105280
13381,84735
13382,67410
13383,97265
13384,97125
13385,124005
13386,75880
13387,72800
13388,133875
13389,126140
13390,88200
13391,87955
13392,98770
13393,106820
13394,82250
13395,50820
13396,92330
13397,65485
13398,124565
13399,100415
13400,126280
13401,38220
13402,60270
13403,92225
13404,102725
13405,142065
13406,97860
13407,105490
13408,115605
13409,117040
13410,120610
13411,100695
13412,66500
13413,84945
13414,152495
13415,119175
13416,70630
13417,119455
13418,113820
13419,126175
13420,85400
13421,64015
13422,108045
13423,137900
13424,101115
13425,93380
13426,92295
13427,112595
13428,92435
13429,84140
13430,81340
13431,123445
13432,82565
13433,142240
13434,86555
13435,107170
13436,54355
13437,148890
13438,108010
13439,137515
13440,85505
13441,73605
13442,104125
13443,135590
13444,69685
13445,114940
13446,77525
13447,97825
13448,150710
13449,82915
13450,106960
13451,95200
13452,89005
13453,69265
13454,92925
13455,131215
13456,76930
13457,102935
13458,110880
13459,92820
13460,95655
13461,88165
13462,96845
13463,150080
13464,74830
13465,117845
13466,70525
13467,115010
13468,120715
13469,106120
13470,119000
13471,95830
13472,94990
13473,81795
13474,103950
13475,100485
13476,108465
13477,131285
13478,77245
13479,77455
13480,77035
13481,94885
13482,71960
13483,72625
13484,89250
13485,88375
13486,96145
13487,143990
13488,92400
13489,145215
13490,102445
13491,135415
13492,81375
13493,120855
13494,56105
13495,100310
13496,111615
13497,96145
13498,102690
13499,85190
13500,91210
13501,84140
13502,117880
13503,115850
13504,88725
13505,66640
13506,83195
13507,74935
13508,110180
13509,115115
13510,49980
13511,101185
13512,50155
13513,82320
13514,117355
13515,104055
13516,80500
13517,119665
13518,109445
13519,91490
13520,93240
13521,91910
13522,106855
13523,80535
13524,114415
13525,131250
13526,121835
13527,100625
13528,93730
13529,77630
13530,73220
13531,34720
13532,81130
13533,86765
13534,62650
13535,113540
13536,128835
13537,70070
13538,50855
13539,68390
13540,123130
13541,90370
13542,82915
13543,133280
13544,111755
13545,74340
13546,94850
13547,127750
13548,108220
13549,80920
13550,92855
13551,100170
13552,82390
13553,101605
13554,77805
13555,68215
13556,136955
13557,106155
13558,93695
13559,118720
13560,96075
13561,117670
13562,84455
13563,110810
13564,130095
13565,122080
13566,112945
13567,112945
13568,120050
13569,93625
13570,120575
13571,113750
13572,144515
13573,101570
13574,119875
13575,126700
13576,87290
13577,78050
13578,79450
13579,95725
13580,90720
13581,59815
13582,77210
13583,83265
13584,111475
13585,74130
13586,124775
13587,69615
13588,75180
13589,90755
13590,85155
13591,72695
13592,106330
13593,123270
13594,112280
13595,96495
13596,123375
13597,58590
13598,96495
13599,103390
13600,105000
13601,56560
13602,126875
13603,110145
13604,101535
13605,99925
13606,89600
13607,116830
13608,91910
13609,52395
13610,119840
13611,83475
13612,92610
13613,103775
13614,94430
13615,108920
13616,96460
13617,107940
13618,94570
13619,99085
13620,133070
13621,77875
13622,62160
13623,116550
13624,144515
13625,103880
13626,94010
13627,89460
13628,119350
13629,127050
13630,92260
13631,75460
13632,113890
13633,67585
13634,105280
13635,120015
13636,114205
13637,113785
13638,77700
13639,85575
13640,121065
13641,73220
13642,115395
13643,119560
13644,83720
13645,131495
13646,119105
13647,123970
13648,82670
13649,129955
13650,104300
13651,93415
13652,96215
13653,115220
13654,94150
13655,102515
13656,89040
13657,101535
13658,112700
13659,128975
13660,72835
13661,109550
13662,93275
13663,65065
13664,56560
13665,58555
13666,88375
13667,95060
13668,82775
13669,85680
13670,54460
13671,119630
13672,61740
13673,118405
13674,139020
13675,98105
13676,104965
13677,141085
13678,61215
13679,106120
13680,83370
13681,129010
13682,65590
13683,106225
13684,99855
13685,117565
13686,99960
13687,92190
13688,99820
13689,73360
13690,120785
13691,93275
13692,136605
13693,94150
13694,109550
13695,116970
13696,91105
13697,112665
13698,74550
13699,115115
13700,150675
13701,116235
13702,60130
13703,105455
13704,94430
13705,103915
13706,97965
13707,86835
13708,125195
13709,85890
13710,92330
13711,39025
13712,96810
13713,126560
13714,90650
13715,99190
13716,121520
13717,143045
13718,127435
13719,102620
13720,76650
13721,106260
13722,110775
13723,122640
13724,119945
13725,98875
13726,149275
13727,110180
13728,116655
13729,99015
13730,113435
13731,114765
13732,111440
13733,71995
13734,114310
13735,113750
13736,88550
13737,115255
13738,93695
13739,102270
13740,135100
13741,95550
13742,117810
13743,88585
13744,106645
13745,89460
13746,89950
13747,108500
13748,142240
13749,135765
13750,83300
13751,131635
13752,77630
13753,82600
13754,86485
13755,107730
13756,99960
13757,121940
13758,106855
13759,87500
13760,82495
13761,86380
13762,105490
13763,115990
13764,90370
13765,98525
13766,108185
13767,78820
13768,85120
13769,101430
13770,99120
13771,97895
13772,116655
13773,83475
13774,76720
13775,122815
13776,111020
13777,92225
13778,123445
13779,89495
13780,129920
13781,101360
13782,133560
13783,91350
13784,114100
13785,90755
13786,53095
13787,117950
13788,70875
13789,129920
13790,63665
13791,122360
13792,87955
13793,82425
13794,112035
13795,74410
13796,128870
13797,105665
13798,97475
13799,92575
13800,129815
13801,129010
13802,134645
13803,104335
13804,98560
13805,94605
13806,117110
13807,85855
13808,90370
13809,104720
13810,74480
13811,110285
13812,88200
13813,97790
13814,84875
13815,80955
13816,77350
13817,108080
13818,89355
13819,58870
13820,117600
13821,95130
13822,86905
13823,88515
13824,87115
13825,50435
13826,94570
13827,133210
13828,122605
13829,78190
13830,69160
13831,122500
13832,98420
13833,109375
13834,89215
13835,113785
13836,86625
13837,107345
13838,89810
13839,78575
13840,124845
13841,97160
13842,79940
13843,175420
13844,112945
13845,88445
13846,79520
13847,107345
13848,77070
13849,89495
13850,101395
13851,121310
13852,87990
13853,75985
13854,93765
13855,94045
13856,97860
13857,124390
13858,133560
13859,131320
13860,81620
13861,118440
13862,98805
13863,94780
13864,104160
13865,122710
13866,85050
13867,72765
13868,94780
13869,72835
13870,101850
13871,72625
13872,88515
13873,111825
13874,75880
13875,110320
13876,64470
13877,105595
13878,87605
13879,114030
13880,136640
13881,80815
13882,90510
13883,106050
13884,115150
13885,104160
13886,125685
13887,139160
13888,87710
13889,106715
13890,125790
13891,110075
13892,97405
13893,126105
13894,50015
13895,124635
13896,66745
13897,93450
13898,134680
13899,120610
13900,87360
13901,113925
13902,116165
13903,101465
13904,147420
13905,122850
13906,135205
13907,92645
13908,71470
13909,128835
13910,153545
13911,133315
13912,116410
13913,103005
13914,99925
13915,97790
13916,99855
13917,111685
13918,100695
13919,93695
13920,97230
13921,81795
13922,108290
13923,122430
13924,104545
13925,77560
13926,87500
13927,126035
13928,101255
13929,87570
13930,89005
13931,88760
13932,123340
13933,95095
13934,95200
13935,88375
13936,107485
13937,70070
13938,60165
13939,87640
13940,99715
13941,142905
13942,109445
13943,105525
13944,116550
13945,123235
13946,98875
13947,127330
13948,69405
13949,120960
13950,123305
13951,108395
13952,118195
13953,90265
13954,80150
13955,70560
13956,152145
13957,81235
13958,118860
13959,84035
13960,108465
13961,98805
13962,119140
13963,120750
13964,108570
13965,91840
13966,94500
13967,101220
13968,100100
13969,95410
13970,87395
13971,110705
13972,124355
13973,101640
13974,108570
13975,102025
13976,117320
13977,110215
13978,106925
13979,95305
13980,93590
13981,92225
13982,133665
13983,115290
13984,100520
13985,43400
13986,115220
13987,108885
13988,103040
13989,115780
13990,74095
13991,107695
13992,92575
13993,93905
13994,55125
13995,75110
13996,90545
13997,105875
13998,124880
13999,99715
14000,76965
14001,96635
14002,99120
14003,124215
14004,115640
14005,106365
14006,45710
14007,139895
14008,75845
14009,79520
14010,93730
14011,117495
14012,81725
14013,88480
14014,76755
14015,132965
14016,109305
14017,81130
14018,84910
14019,79800
14020,87115
14021,70875
14022,104195
14023,98665
14024,109270
14025,108780
14026,76475
14027,114660
14028,115570
14029,76615
14030,86555
14031,96180
14032,134890
14033,108150
14034,98595
14035,114240
14036,75600
14037,116200
14038,149415
14039,101395
14040,100485
14041,69405
14042,51450
14043,110180
14044,104825
14045,58100
14046,109095
14047,107065
14048,94290
14049,101605
14050,122395
14051,120925
14052,95410
14053,90755
14054,109585
14055,97300
14056,113050
14057,102655
14058,117915
14059,74550
14060,115885
14061,123340
14062,129185
14063,89670
14064,74270
14065,106050
14066,87990
14067,121485
14068,82880
14069,83160
14070,90930
14071,88655
14072,89530
14073,109410
14074,86520
14075,137515
14076,89705
14077,108710
14078,69580
14079,101675
14080,66990
14081,131145
14082,132055
14083,129045
14084,120505
14085,104755
14086,116900
14087,84525
14088,75985
14089,131705
14090,128205
14091,143570
14092,90965
14093,120855
14094,82320
14095,118895
14096,110355
14097,118370
14098,100065
14099,80955
14100,46550
14101,105910
14102,103145
14103,71330
14104,121940
14105,163135
14106,79135
14107,96460
14108,94850
14109,93485
14110,118405
14111,72590
14112,137200
14113,101920
14114,53795
14115,151095
14116,108920
14117,111090
14118,87675
14119,89180
14120,80885
14121,121100
14122,116165
14123,84175
14124,89180
14125,104545
14126,108605
14127,91630
14128,96530
14129,136185
14130,129010
14131,99575
14132,144970
14133,69545
14134,97300
14135,105910
14136,109305
14137,101150
14138,64085
14139,80885
14140,134680
14141,113540
14142,113960
14143,88270
14144,117845
14145,112350
14146,114520
14147,125195
14148,72310
14149,85995
14150,85050
14151,105105
14152,82670
14153,109690
14154,123200
14155,88060
14156,119560
14157,76230
14158,99400
14159,108710
14160,61915
14161,118790
14162,137830
14163,117600
14164,97090
14165,126560
14166,97265
14167,75285
14168,75110
14169,123375
14170,83930
14171,121765
14172,96285
14173,130445
14174,104720
14175,86415
14176,80255
14177,124845
14178,101710
14179,90160
14180,83510
14181,61600
14182,84210
14183,98875
14184,58765
14185,89845
14186,103320
14187,84070
14188,51765
14189,104930
14190,35210
14191,88970
14192,144200
14193,121205
14194,110670
14195,109235
14196,81340
14197,88760
14198,80150
14199,116830
14200,111195
14201,118475
14202,93450
14203,105490
14204,107905
14205,92820
14206,102375
14207,69825
14208,121275
14209,103775
14210,125790
14211,66920
14212,128380
14213,82495
14214,81725
14215,141120
14216,106890
14217,125160
14218,105525
14219,79905
14220,127015
14221,121100
14222,113890
14223,132790
14224,116200
14225,90965
14226,86030
14227,66395
14228,67410
14229,138915
14230,97965
14231,113750
14232,127820
14233,83300
14234,104685
14235,126490
14236,71085
14237,105595
14238,94010
14239,65905
14240,121240
14241,125090
14242,82425
14243,93135
14244,123900
14245,120995
14246,122815
14247,94150
14248,86590
14249,85785
14250,71645
14251,85225
14252,87220
14253,113645
14254,80710
14255,140280
14256,111895
14257,116130
14258,69650
14259,91490
14260,120890
14261,98630
14262,111300
14263,88270
14264,114345
14265,112105
14266,76825
14267,117810
14268,80955
14269,61110
14270,114310
14271,116655
14272,93975
14273,103845
14274,101150
14275,64505
14276,89705
14277,117215
14278,104090
14279,71715
14280,88165
14281,71645
14282,71435
14283,93310
14284,70035
14285,93415
14286,96915
14287,143605
14288,118580
14289,89565
14290,109340
14291,100870
14292,115500
14293,126140
14294,76930
14295,85610
14296,80430
14297,98980
14298,86415
14299,87990
14300,133245
14301,72170
14302,77525
14303,99505
14304,123515
14305,96985
14306,50295
14307,92820
14308,84980
14309,143745
14310,118790
14311,77140
14312,114205
14313,137340
14314,87150
14315,148365
14316,155645
14317,83615
14318,91700
14319,124740
14320,99855
14321,81165
14322,94360
14323,93205
14324,77490
14325,129920
14326,90615
14327,86275
14328,100555
14329,94080
14330,69965
14331,88025
14332,129955
14333,84350
14334,77910
14335,87360
14336,107030
14337,78820
14338,120190
14339,101185
14340,152950
14341,87010
14342,74410
14343,100835
14344,141610
14345,66990
14346,92365
14347,79905
14348,103530
14349,115640
14350,128030
14351,88130
14352,94605
14353,121765
14354,118615
14355,71890
14356,101325
14357,107415
14358,74130
14359,100100
14360,111615
14361,123200
14362,110950
14363,110005
14364,117775
14365,88480
14366,120120
14367,134400
14368,87850
14369,88550
14370,103005
14371,102515
14372,125685
14373,118055
14374,99050
14375,107345
14376,89285
14377,105525
14378,122220
14379,123305
14380,115605
14381,117810
14382,68950
14383,122080
14384,102340
14385,123795
14386,85575
14387,111055
14388,45010
14389,98175
14390,120820
14391,72730
14392,112840
14393,137585
14394,116025
14395,94675
14396,167965
14397,121380
14398,79660
14399,93485
14400,95655
14401,65135
14402,101920
14403,134750
14404,109970
14405,96495
14406,113575
14407,119525
14408,107380
14409,84945
14410,105280
14411,111720
14412,84525
14413,70420
14414,114695
14415,89530
14416,133735
14417,97720
14418,121590
14419,123900
14420,47355
14421,75040
14422,90125
14423,96670
14424,110460
14425,91630
14426,94885
14427,119210
14428,90055
14429,69860
14430,99715
14431,76265
14432,67550
14433,109095
14434,92260
14435,100380
14436,128415
14437,113260
14438,100170
14439,87325
14440,119910
14441,67690
14442,88550
14443,49980
14444,111335
14445,92015
14446,108675
14447,98420
14448,128345
14449,118475
14450,84175
14451,128345
14452,123515
14453,124985
14454,41300
14455,120330
14456,121135
14457,113785
14458,113085
14459,82705
14460,84350
14461,107905
14462,78890
14463,126910
14464,105910
14465,119210
14466,143640
14467,92505
14468,54985
14469,94220
14470,127190
14471,147035
14472,99715
14473,112770
14474,100415
14475,97405
14476,106820
14477,103145
14478,78085
14479,133000
14480,66115
14481,105175
14482,95445
14483,83475
14484,90230
14485,83510
14486,111195
14487,71855
14488,114380
14489,109270
14490,115745
14491,68390
14492,166075
14493,87850
14494,71540
14495,145250
14496,137200
14497,90090
14498,126315
14499,117600
14500,111090
14501,91875
14502,111475
14503,105035
14504,90580
14505,104055
14506,90230
14507,129185
14508,96880
14509,92050
14510,95165
14511,99785
14512,123585
14513,97860
14514,97300
14515,54110
14516,133070
14517,92435
14518,101115
14519,78120
14520,55615
14521,110075
14522,118895
14523,69160
14524,86660
14525,102900
14526,95655
14527,116060
14528,71785
14529,95935
14530,96460
14531,100415
14532,113260
14533,126560
14534,106400
14535,93065
14536,88760
14537,79940
14538,67760
14539,121835
14540,100380
14541,151025
14542,134470
14543,90720
14544,63875
14545,111440
14546,115535
14547,125440
14548,97195
14549,78750
14550,97125
14551,135520
14552,125755
14553,132440
14554,127330
14555,64715
14556,127120
14557,136675
14558,110075
14559,118195
14560,133385
14561,91700
14562,115255
14563,108325
14564,120120
14565,105175
14566,97055
14567,120295
14568,111965
14569,69930
14570,75950
14571,97405
14572,98105
14573,107205
14574,103915
14575,104195
14576,95305
14577,96810
14578,89600
14579,138075
14580,142765
14581,101465
14582,74410
14583,96285
14584,109165
14585,92085
14586,113925
14587,103215
14588,83230
14589,104405
14590,126490
14591,91175
14592,115640
14593,102445
14594,117145
14595,90650
14596,58555
14597,128030
14598,113855
14599,81795
14600,96950
14601,114800
14602,118265
14603,111930
14604,113470
14605,122045
14606,95410
14607,73465
14608,77140
14609,112175
14610,123620
14611,84245
14612,101185
14613,106365
14614,109340
14615,125580
14616,119525
14617,101430
14618,73430
14619,94955
14620,123515
14621,111790
14622,126455
14623,122080
14624,110250
14625,66325
14626,129780
14627,124110
14628,85645
14629,92575
14630,112175
14631,106330
14632,77140
14633,61600
14634,137830
14635,77525
14636,92750
14637,112875
14638,75740
14639,104265
14640,110040
14641,57960
14642,103600
14643,163170
14644,102515
14645,135240
14646,127190
14647,108150
14648,154385
14649,74690
14650,95305
14651,101500
14652,90545
14653,97440
14654,122500
14655,97265
14656,79835
14657,130235
14658,115430
14659,90475
14660,119105
14661,54845
14662,127890
14663,93380
14664,98980
14665,133105
14666,110600
14667,89705
14668,124740
14669,126700
14670,80080
14671,81935
14672,95410
14673,111090
14674,89985
14675,112210
14676,80290
14677,125580
14678,115745
14679,95515
14680,88515
14681,117320
14682,58310
14683,50260
14684,133455
14685,93345
14686,119490
14687,92400
14688,85925
14689,103530
14690,114030
14691,59640
14692,65835
14693,88340
14694,93345
14695,113155
14696,109375
14697,99155
14698,91735
14699,121380
14700,104755
14701,84560
14702,108360
14703,133910
14704,127155
14705,63175
14706,156450
14707,108885
14708,68040
14709,116340
14710,45255
14711,109550
14712,90825
14713,98210
14714,106330
14715,76825
14716,103425
14717,91490
14718,137900
14719,102515
14720,95900
14721,102200
14722,130585
14723,92400
14724,85645
14725,105175
14726,98350
14727,81165
14728,102970
14729,98735
14730,74795
14731,121345
14732,128380
14733,103880
14734,67760
14735,116305
14736,125055
14737,72520
14738,50715
14739,48580
14740,112945
14741,124180
14742,125335
14743,139510
14744,124880
14745,118510
14746,102130
14747,80430
14748,106925
14749,105245
14750,109445
14751,119140
14752,84455
14753,113295
14754,136780
14755,65940
14756,83090
14757,98910
14758,122325
14759,72625
14760,88270
14761,105525
14762,94710
14763,101150
14764,146860
14765,96845
14766,75810
14767,85890
14768,59745
14769,124740
14770,93030
14771,123690
14772,123935
14773,74795
14774,91525
14775,102410
14776,97650
14777,117145
14778,124075
14779,114275
14780,107625
14781,108500
14782,145565
14783,87990
14784,131215
14785,45115
14786,116445
14787,87955
14788,114415
14789,90545
14790,116830
14791,83580
14792,105245
14793,75075
14794,105735
14795,71820
14796,91385
14797,88095
14798,100520
14799,130900
14800,102900
14801,113155
14802,80780
14803,113855
14804,120820
14805,99575
14806,69685
14807,77910
14808,103565
14809,64680
14810,69440
14811,94395
14812,148015
14813,71365
14814,65695
14815,77770
14816,75320
14817,81970
14818,70210
14819,102760
14820,80220
14821,106470
14822,135660
14823,106995
14824,59535
14825,89460
14826,115325
14827,107065
14828,85050
14829,102200
14830,102235
14831,95690
14832,53795
14833,100765
14834,109410
14835,107730
14836,91385
14837,100310
14838,99785
14839,104895
14840,149520
14841,113155
14842,102900
14843,76440
14844,108255
14845,112385
14846,138425
14847,111230
14848,87255
14849,97930
14850,60970
14851,55930
14852,75180
14853,129885
14854,111755
14855,87815
14856,72100
14857,121975
14858,118475
14859,88340
14860,85820
14861,98000
14862,98455
14863,91735
14864,95375
14865,113680
14866,75530
14867,92015
14868,149275
14869,121240
14870,94920
14871,126770
14872,96985
14873,101710
14874,112280
14875,109165
14876,96775
14877,104790
14878,127575
14879,81235
14880,85505
14881,147105
14882,128800
14883,105735
14884,115780
14885,114520
14886,64785
14887,119735
14888,105840
14889,81095
14890,87360
14891,69055
14892,93275
14893,105070
14894,97405
14895,55020
14896,110355
14897,124915
14898,126840
14899,100870
14900,151235
14901,78575
14902,116865
14903,87290
14904,89985
14905,104545
14906,84315
14907,108360
14908,116830
14909,81935
14910,82950
14911,130515
14912,124705
14913,118825
14914,118965
14915,83510
14916,59535
14917,146825
14918,111510
14919,89495
14920,80745
14921,57400
14922,87745
14923,80290
14924,111055
14925,99190
14926,104300
14927,84700
14928,101500
14929,130060
14930,124845
14931,66465
14932,134435
14933,114730
14934,114940
14935,82775
14936,114310
14937,95095
14938,78260
14939,132825
14940,75915
14941,93135
14942,132650
14943,110285
14944,104230
14945,73920
14946,91070
14947,87710
14948,93695
14949,76895
14950,98945
14951,88165
14952,89740
14953,116935
14954,107450
14955,88690
14956,121205
14957,121065
14958,81410
14959,100730
14960,98175
14961,73150
14962,122640
14963,90615
14964,127015
14965,93800
14966,63350
14967,126420
14968,69475
14969,62370
14970,67200
14971,111895
14972,69650
14973,134785
14974,107450
14975,118650
14976,83475
14977,69685
14978,78505
14979,80360
14980,82355
14981,89040
14982,83195
14983,87045
14984,94780
14985,140420
14986,73500
14987,95095
14988,105875
14989,128450
14990,93835
14991,134820
14992,115080
14993,140490
14994,111195
14995,118090
14996,100135
14997,93765
14998,49420
14999,116060
15000,88585
15001,87955
15002,85120
15003,119945
15004,83510
15005,121415
15006,85925
15007,86030
15008,116165
15009,68075
15010,84315
15011,123410
15012,64890
15013,112770
15014,66780
15015,88340
15016,119525
15017,90825
15018,95970
15019,120785
15020,86800
15021,65170
15022,101710
15023,142800
15024,103180
15025,103110
15026,92190
15027,73920
15028,102095
15029,106820
15030,67200
15031,132160
15032,45325
15033,106260
15034,79800
15035,107695
15036,101780
15037,98735
15038,100800
15039,110005
15040,114310
15041,103565
15042,112105
15043,111475
15044,130025
15045,122500
15046,114275
15047,68880
15048,147770
15049,126595
15050,143360
15051,87920
15052,96775
15053,91035
15054,95340
15055,81445
15056,97825
15057,105350
15058,143115
15059,79695
15060,117600
15061,116970
15062,121835
15063,110950
15064,86100
15065,94045
15066,93345
15067,112560
15068,89180
15069,79835
15070,105455
15071,121625
15072,89320
15073,94360
15074,80290
15075,121520
15076,109620
15077,84980
15078,81025
15079,68635
15080,126175
15081,106050
15082,59710
15083,110460
15084,66885
15085,81620
15086,88935
15087,130305
15088,87675
15089,94430
15090,120960
15091,77875
15092,76930
15093,112525
15094,123900
15095,82600
15096,96040
15097,102655
15098,97125
15099,146685
15100,88340
15101,103425
15102,137480
15103,104580
15104,97510
15105,78435
15106,75145
15107,129815
15108,103985
15109,108255
15110,111755
15111,101080
15112,93205
15113,97195
15114,92855
15115,113890
15116,126910
15117,108955
15118,87675
15119,93275
15120,101745
15121,90650
15122,107170
15123,80570
15124,115150
15125,124950
15126,117880
15127,90335
15128,91875
15129,117705
15130,127400
15131,99435
15132,77945
15133,84980
15134,110985
15135,81970
15136,117320
15137,111265
15138,81375
15139,73185
15140,122360
15141,93310
15142,130830
15143,59325
15144,145425
15145,98840
15146,106645
15147,117040
15148,132755
15149,99085
15150,95130
15151,68390
15152,100555
15153,71190
15154,124460
15155,98140
15156,110740
15157,86065
15158,85715
15159,96775
15160,82215
15161,114485
15162,117460
15163,103530
15164,81410
15165,122675
15166,66185
15167,130235
15168,95200
15169,137445
15170,98000
15171,112350
15172,67830
15173,81830
15174,75950
15175,97440
15176,81515
15177,146860
15178,125195
15179,132440
15180,77700
15181,122080
15182,62300
15183,97930
15184,120050
15185,71890
15186,104790
15187,85890
15188,106540
15189,129080
15190,108570
15191,80045
15192,120365
15193,86800
15194,81620
15195,124040
15196,79590
15197,105245
15198,73185
15199,75530
15200,130760
15201,122500
15202,112735
15203,110985
15204,92050
15205,100555
15206,84105
15207,90475
15208,93205
15209,84665
15210,71925
15211,101745
15212,77980
15213,86170
15214,91665
15215,118370
15216,99575
15217,114485
15218,79870
15219,92645
15220,73990
15221,103985
15222,112000
15223,132720
15224,81235
15225,105035
15226,67410
15227,117355
15228,116410
15229,112560
15230,105455
15231,56420
15232,132440
15233,133385
15234,119420
15235,96915
15236,122605
15237,140140
15238,103530
15239,91665
15240,93520
15241,138845
15242,100940
15243,70525
15244,99750
15245,121135
15246,103425
15247,108115
15248,81515
15249,117145
15250,136290
15251,104545
15252,61740
15253,104615
15254,140700
15255,119035
15256,83860
15257,138285
15258,63910
15259,105105
15260,117845
15261,86765
15262,88515
15263,81655
15264,105210
15265,121030
15266,95340
15267,99050
15268,142240
15269,88445
15270,80885
15271,137865
15272,113120
15273,141435
15274,67130
15275,86485
15276,78715
15277,91280
15278,111125
15279,152390
15280,71470
15281,105770
15282,99295
15283,75810
15284,130375
15285,121030
15286,46480
15287,107485
15288,125265
15289,96775
15290,99085
15291,89460
15292,110740
15293,113085
15294,73920
15295,82565
15296,75110
15297,56490
15298,119980
15299,83020
15300,101605
15301,106260
15302,118300
15303,60200
15304,96285
15305,119350
15306,126490
15307,90125
15308,129745
15309,84350
15310,116690
15311,116655
15312,82915
15313,121940
15314,98210
15315,105070
15316,96320
15317,114030
15318,68600
15319,70665
15320,65975
15321,125405
15322,102900
15323,105350
15324,70980
15325,100520
15326,131565
15327,103075
15328,113785
15329,99505
15330,85785
15331,96110
15332,56490
15333,123025
15334,115255
15335,95690
15336,98035
15337,88340
15338,85435
15339,97300
15340,109130
15341,92610
15342,107170
15343,84385
15344,76755
15345,120050
15346,108395
15347,101080
15348,89950
15349,105945
15350,47950
15351,99085
15352,77035
15353,103285
15354,117985
15355,45990
15356,83090
15357,89705
15358,91700
15359,107730
15360,78260
15361,128170
15362,109270
15363,88165
15364,81900
15365,116725
15366,65205
15367,92330
15368,80115
15369,107240
15370,86205
15371,91840
15372,85925
15373,110530
15374,78155
15375,109690
15376,117985
15377,77420
15378,98175
15379,82635
15380,114800
15381,98070
15382,107660
15383,79940
15384,88200
15385,84245
15386,94010
15387,110950
15388,94955
15389,70105
15390,123025
15391,146860
15392,97160
15393,84665
15394,95900
15395,99715
15396,124285
15397,94780
15398,88200
15399,104055
15400,77840
15401,94430
15402,76790
15403,87500
15404,111615
15405,121940
15406,158515
15407,70000
15408,135625
15409,63035
15410,114240
15411,89985
15412,131950
15413,96180
15414,131495
15415,77840
15416,76650
15417,136080
15418,94745
15419,107695
15420,91000
15421,133385
15422,115465
15423,74725
15424,114310
15425,84560
15426,87045
15427,87605
15428,131985
15429,97300
15430,127400
15431,73815
15432,144235
15433,90790
15434,100800
15435,85925
15436,71365
15437,101465
15438,82495
15439,66325
15440,66920
15441,86485
15442,60165
15443,84035
15444,134680
15445,97440
15446,134015
15447,98420
15448,126070
15449,105210
15450,118300
15451,94955
15452,103705
15453,105875
15454,58485
15455,86345
15456,150850
15457,100450
15458,127435
15459,92015
15460,78050
15461,88515
15462,109375
15463,80640
15464,82285
15465,131075
15466,69615
15467,71435
15468,98385
15469,58205
15470,105805
15471,100380
15472,99680
15473,104335
15474,124250
15475,111650
15476,87115
15477,82740
15478,106540
15479,104370
15480,88235
15481,142520
15482,103355
15483,82005
15484,74515
15485,48370
15486,84490
15487,93380
15488,100135
15489,98805
15490,56980
15491,126350
15492,123760
15493,108955
15494,124530
15495,89740
15496,132125
15497,73815
15498,152110
15499,101395
15500,110040
15501,128345
15502,105105
15503,102130
15504,91910
15505,157920
15506,104405
15507,103180
15508,99225
15509,91140
15510,112070
15511,99260
15512,124040
15513,107345
15514,114275
15515,64715
15516,113505
15517,110635
15518,73185
15519,105525
15520,76090
15521,79975
15522,125720
15523,53725
15524,81830
15525,123410
15526,111265
15527,72450
15528,103180
15529,105000
15530,69160
15531,99015
15532,95690
15533,102340
15534,76475
15535,131460
15536,109865
15537,53060
15538,94220
15539,103005
15540,97615
15541,85505
15542,108465
15543,121590
15544,147420
15545,118090
15546,99470
15547,95480
15548,83440
15549,137375
15550,163170
15551,99470
15552,78330
15553,116970
15554,116235
15555,101535
15556,106645
15557,94815
15558,89600
15559,128310
15560,127400
15561,100275
15562,94325
15563,114555
15564,90265
15565,124670
15566,93975
15567,67130
15568,118055
15569,114870
15570,79485
15571,133840
15572,129045
15573,115955
15574,92680
15575,114415
15576,93800
15577,84350
15578,121800
15579,109095
15580,114940
15581,99015
15582,131180
15583,73395
15584,114310
15585,76055
15586,99015
15587,99295
15588,108920
15589,107520
15590,126840
15591,85365
15592,102585
15593,82355
15594,99960
15595,113330
15596,100310
15597,83545
15598,103670
15599,56315
15600,103005
15601,103985
15602,103425
15603,51555
15604,76230
15605,107135
15606,66535
15607,101605
15608,137480
15609,71820
15610,91560
15611,125265
15612,81200
15613,126560
15614,107030
15615,119490
15616,59815
15617,106540
15618,114520
15619,100555
15620,159845
15621,69370
15622,89530
15623,115325
15624,105770
15625,93030
15626,93485
15627,87115
15628,83860
15629,106015
15630,68460
15631,113225
15632,113050
15633,102095
15634,90580
15635,101360
15636,92190
15637,110985
15638,86555
15639,66745
15640,134855
15641,58695
15642,107625
15643,96180
15644,78085
15645,102830
15646,61005
15647,79695
15648,91105
15649,94395
15650,67760
15651,89775
15652,117845
15653,81865
15654,82670
15655,100275
15656,106295
15657,131495
15658,110110
15659,92120
15660,100100
15661,114415
15662,104545
15663,103460
15664,123900
15665,80500
15666,83020
15667,65275
15668,99365
15669,91525
15670,101010
15671,149380
15672,78155
15673,126770
15674,106505
15675,127995
15676,98070
15677,66115
15678,105385
15679,98805
15680,118825
15681,81690
15682,133560
15683,112560
15684,70490
15685,127645
15686,87850
15687,95690
15688,123340
15689,115395
15690,112910
15691,145705
15692,121135
15693,114415
15694,133420
15695,90300
15696,70630
15697,98805
15698,116445
15699,135905
15700,106680
15701,114625
15702,87430
15703,87570
15704,113540
15705,100275
15706,111405
15707,115710
15708,108850
15709,58625
15710,100765
15711,93520
15712,124390
15713,109480
15714,100345
15715,111720
15716,86275
15717,108185
15718,103775
15719,88935
15720,85680
15721,125720
15722,121380
15723,62090
15724,114800
15725,74795
15726,103460
15727,69965
15728,115640
15729,98420
15730,123725
15731,102095
15732,96600
15733,100555
15734,129465
15735,107030
15736,128765
15737,70735
15738,92680
15739,76895
15740,98140
15741,98490
15742,130375
15743,122885
15744,37450
15745,84525
15746,127855
15747,94360
15748,92365
15749,101010
15750,84910
15751,108570
15752,86905
15753,86485
15754,75670
15755,135940
15756,82810
15757,118370
15758,102165
15759,115605
15760,77560
15761,90965
15762,97615
15763,95165
15764,87045
15765,135275
15766,89320
15767,121100
15768,109025
15769,119210
15770,84315
15771,94150
15772,102550
15773,117985
15774,105070
15775,105140
15776,66535
15777,88760
15778,92680
15779,65345
15780,103740
15781,100275
15782,119280
15783,103110
15784,103425
15785,119630
15786,97055
15787,102060
15788,90230
15789,77000
15790,134505
15791,132090
15792,141855
15793,99540
15794,124075
15795,116935
15796,99295
15797,44100
15798,105455
15799,107205
15800,57540
15801,120960
15802,96145
15803,78260
15804,115150
15805,101745
15806,95760
15807,44310
15808,79065
15809,109200
15810,115675
15811,68110
15812,69405
15813,95865
15814,81655
15815,97545
15816,104615
15817,82215
15818,110425
15819,94990
15820,102340
15821,96495
15822,72730
15823,94640
15824,75320
15825,94710
15826,105280
15827,102795
15828,103600
15829,62930
15830,93345
15831,93345
15832,115465
15833,78645
15834,67165
15835,110075
15836,92085
15837,104440
15838,126105
15839,119245
15840,96215
15841,93240
15842,117215
15843,124215
15844,56105
15845,170100
15846,127750
15847,123830
15848,117740
15849,102515
15850,98805
15851,84945
15852,108675
15853,108570
15854,130270
15855,137060
15856,115535
15857,113750
15858,125335
15859,72380
15860,105175
15861,142415
15862,96390
15863,70035
15864,95620
15865,129605
15866,84875
15867,87115
15868,95585
15869,107310
15870,88130
15871,126175
15872,108290
15873,106750
15874,108430
15875,99155
15876,101605
15877,71330
15878,112840
15879,107520
15880,88305
15881,91945
15882,91140
15883,92855
15884,90615
15885,110635
15886,101360
15887,99120
15888,80430
15889,97825
15890,66465
15891,137830
15892,81410
15893,131880
15894,107450
15895,78925
15896,96320
15897,93380
15898,76580
15899,83720
15900,130725
15901,95270
15902,112000
15903,64680
15904,113435
15905,83580
15906,75845
15907,84000
15908,74515
15909,94850
15910,96145
15911,66395
15912,120295
15913,76685
15914,113295
15915,114835
15916,99750
15917,100730
15918,101500
15919,90440
15920,107065
15921,70420
15922,108325
15923,71260
15924,126105
15925,128205
15926,102095
15927,90125
15928,71855
15929,102095
15930,119385
15931,157605
15932,98875
15933,123725
15934,98455
15935,98245
15936,95935
15937,122535
15938,90755
15939,117845
15940,108605
15941,75565
15942,83930
15943,69825
15944,93310
15945,92085
15946,88305
15947,119910
15948,74060
15949,82705
15950,107380
15951,89460
15952,96355
15953,120505
15954,67690
15955,126910
15956,100695
15957,112350
15958,118055
15959,120050
15960,78715
15961,96320
15962,120855
15963,101220
15964,111370
15965,121555
15966,99365
15967,94535
15968,120680
15969,93590
15970,112490
15971,72135
15972,86450
15973,81830
15974,79205
15975,98525
15976,87220
15977,82600
15978,145880
15979,102585
15980,105140
15981,87045
15982,102060
15983,89215
15984,125860
15985,82285
15986,66430
15987,106820
15988,84420
15989,89880
15990,102515
15991,107345
15992,117985
15993,100660
15994,97055
15995,105805
15996,129360
15997,117845
15998,109725
15999,91945
16000,123165
16001,82985
16002,116550
16003,150605
16004,147490
16005,94990
16006,129045
16007,116200
16008,95270
16009,119980
16010,94465
16011,100730
16012,67690
16013,107240
16014,106505
16015,112735
16016,102235
16017,107625
16018,112105
16019,66885
16020,122710
16021,95690
16022,84000
16023,65730
16024,114555
16025,87325
16026,98280
16027,139965
16028,102270
16029,68215
16030,123585
16031,57855
16032,102830
16033,121660
16034,107695
16035,111055
16036,139930
16037,77560
16038,91210
16039,95690
16040,84280
16041,122185
16042,65520
16043,114485
16044,105280
16045,91945
16046,37870
16047,177205
16048,79800
16049,114975
16050,99680
16051,72765
16052,93520
16053,105560
16054,117215
16055,92470
16056,145600
16057,112665
16058,104510
16059,92085
16060,103320
16061,45185
16062,109340
16063,121695
16064,100905
16065,119280
16066,85715
16067,108570
16068,94850
16069,77945
16070,127925
16071,109130
16072,89250
16073,131250
16074,119280
16075,105910
16076,102200
16077,122920
16078,105945
16079,125895
16080,84595
16081,84455
16082,105630
16083,151725
16084,97790
16085,119000
16086,86835
16087,114450
16088,97230
16089,74165
16090,119560
16091,96250
16092,119245
16093,75810
16094,89390
16095,110950
16096,73325
16097,126630
16098,92155
16099,134960
16100,115150
16101,104160
16102,48860
16103,106925
16104,71435
16105,86870
16106,114065
16107,106855
16108,138425
16109,131600
16110,136815
16111,109375
16112,131320
16113,140385
16114,116760
16115,93695
16116,116165
16117,66990
16118,91000
16119,108500
16120,91385
16121,102620
16122,131565
16123,112630
16124,101990
16125,98735
16126,99330
16127,126000
16128,116620
16129,83090
16130,90580
16131,114240
16132,110880
16133,80605
16134,90475
16135,103495
16136,64960
16137,83510
16138,121730
16139,84140
16140,104825
16141,103600
16142,126490
16143,100660
16144,95095
16145,132790
16146,78015
16147,88445
16148,55930
16149,127715
16150,97475
16151,59290
16152,63840
16153,104930
16154,124285
16155,107555
16156,99995
16157,85015
16158,110565
16159,83825
16160,106260
16161,86065
16162,96565
16163,112070
16164,99645
16165,119525
16166,98945
16167,110215
16168,120190
16169,118930
16170,69265
16171,113330
16172,100870
16173,131180
16174,119945
16175,77385
16176,43225
16177,118545
16178,101955
16179,126700
16180,131635
16181,81130
16182,112490
16183,60865
16184,87325
16185,95690
16186,74095
16187,88900
16188,108920
16189,115150
16190,75530
16191,137095
16192,108150
16193,85400
16194,112560
16195,120715
16196,140560
16197,116970
16198,97895
16199,112875
16200,68600
16201,96040
16202,146265
16203,132125
16204,64715
16205,88025
16206,86345
16207,82425
16208,84280
16209,71715
16210,109865
16211,99925
16212,84140
16213,98700
16214,110635
16215,135975
16216,142695
16217,115010
16218,87255
16219,112665
16220,106925
16221,96145
16222,130585
16223,91805
16224,86030
16225,93520
16226,80395
16227,106365
16228,146615
16229,53270
16230,125545
16231,105770
16232,109410
16233,59780
16234,128590
16235,124635
16236,76790
16237,74550
16238,103110
16239,87325
16240,81900
16241,65905
16242,94675
16243,107310
16244,95130
16245,66640
16246,102690
16247,108010
16248,115150
16249,59360
16250,117180
16251,43575
16252,108815
16253,112350
16254,109620
16255,92190
16256,81865
16257,83965
16258,91805
16259,106785
16260,109760
16261,63490
16262,86100
16263,78505
16264,111020
16265,127610
16266,88515
16267,116515
16268,91665
16269,93625
16270,142450
16271,106960
16272,83440
16273,85155
16274,106890
16275,93485
16276,96215
16277,116340
16278,98035
16279,138915
16280,90790
16281,100905
16282,137025
16283,85750
16284,98805
16285,106890
16286,90405
16287,82810
16288,80010
16289,90510
16290,90930
16291,78435
16292,118405
16293,117670
16294,73080
16295,97195
16296,68040
16297,113400
16298,73605
16299,120995
16300,136815
16301,92470
16302,111055
16303,80535
16304,94955
16305,115430
16306,105840
16307,100660
16308,96460
16309,118055
16310,124320
16311,81340
16312,94325
16313,110285
16314,118475
16315,106295
16316,116165
16317,145355
16318,94395
16319,130340
16320,124915
16321,113645
16322,121380
16323,60935
16324,93555
16325,144900
16326,76230
16327,63875
16328,110915
16329,93555
16330,86205
16331,116410
16332,98210
16333,70420
16334,103320
16335,71155
16336,80080
16337,89495
16338,88410
16339,105420
16340,101465
16341,122360
16342,110355
16343,123060
16344,126385
16345,121415
16346,62895
16347,61600
16348,136920
16349,95725
16350,118405
16351,96985
16352,134715
16353,95165
16354,109445
16355,161350
16356,92120
16357,152320
16358,108115
16359,81025
16360,125930
16361,129220
16362,99540
16363,105000
16364,125650
16365,112105
16366,74200
16367,108815
16368,106400
16369,107380
16370,112735
16371,113855
16372,116550
16373,49210
16374,104650
16375,71785
16376,115395
16377,134120
16378,113890
16379,84980
16380,111475
16381,89040
16382,90160
16383,91805
16384,121100
16385,99120
16386,97440
16387,65940
16388,94255
16389,125755
16390,118055
16391,76160
16392,108675
16393,85190
16394,93100
16395,106085
16396,83370
16397,134225
16398,70770
16399,107170
16400,85015
16401,65345
16402,71225
16403,130620
16404,61600
16405,105035
16406,133770
16407,96110
16408,67655
16409,72345
16410,130550
16411,102445
16412,89250
16413,112315
16414,100940
16415,80220
16416,130620
16417,117985
16418,100310
16419,99120
16420,95900
16421,103390
16422,104930
16423,78960
16424,91630
16425,145740
16426,84910
16427,123830
16428,114205
16429,128240
16430,81165
16431,77770
16432,94675
16433,75740
16434,93135
16435,97930
16436,63070
16437,89215
16438,61530
16439,65765
16440,132650
16441,81655
16442,148925
16443,124425
16444,100065
16445,121730
16446,151305
16447,81550
16448,81725
16449,129535
16450,77910
16451,86520
16452,101570
16453,115360
16454,100275
16455,109095
16456,89495
16457,103915
16458,138670
16459,126980
16460,85225
16461,106330
16462,85995
16463,121800
16464,143010
16465,95725
16466,105665
16467,86835
16468,137900
16469,92400
16470,137340
16471,106785
16472,124530
16473,107940
16474,50820
16475,128625
16476,91700
16477,99260
16478,122290
16479,102200
16480,100240
16481,91455
16482,82215
16483,121520
16484,80990
16485,72275
16486,113890
16487,107940
16488,114380
16489,120505
16490,101780
16491,127750
16492,85995
16493,100415
16494,99050
16495,139860
16496,93415
16497,126630
16498,100135
16499,70665
16500,78050
16501,112105
16502,112420
16503,80990
16504,118825
16505,85120
16506,104790
16507,104090
16508,96635
16509,130515
16510,85505
16511,91280
16512,144480
16513,101500
16514,96040
16515,92925
16516,54005
16517,110495
16518,100835
16519,114905
16520,83265
16521,84595
16522,139300
16523,79450
16524,126525
16525,92575
16526,120995
16527,106470
16528,102795
16529,44205
16530,78680
16531,91140
16532,84805
16533,56175
16534,97160
16535,73675
16536,126070
16537,112000
16538,94850
16539,133560
16540,51975
16541,120610
16542,127435
16543,82005
16544,108465
16545,107170
16546,100765
16547,111090
16548,89320
16549,88935
16550,110215
16551,80710
16552,106680
16553,63385
16554,101675
16555,89390
16556,57750
16557,54040
16558,93905
16559,79590
16560,129220
16561,95725
16562,84910
16563,64295
16564,78890
16565,76755
16566,149275
16567,124075
16568,85820
16569,100870
16570,89075
16571,110565
16572,101605
16573,95165
16574,87745
16575,87465
16576,83230
16577,87220
16578,105350
16579,131915
16580,122675
16581,123935
16582,89495
16583,117845
16584,102690
16585,87920
16586,161315
16587,87640
16588,105840
16589,134820
16590,96005
16591,93520
16592,132265
16593,86800
16594,66955
16595,55090
16596,104860
16597,59675
16598,106715
16599,110005
16600,67200
16601,80605
16602,145040
16603,78575
16604,46655
16605,99540
16606,114135
16607,119945
16608,134505
16609,96040
16610,85190
16611,119805
16612,126875
16613,94430
16614,115185
16615,101290
16616,108605
16617,96810
16618,92365
16619,112700
16620,91350
16621,69370
16622,88725
16623,119105
16624,107030
16625,98105
16626,109305
16627,101675
16628,101605
16629,120820
16630,121660
16631,79205
16632,90545
16633,93555
16634,105035
16635,89145
16636,94780
16637,124600
16638,117670
16639,147140
16640,107170
16641,81690
16642,78645
16643,66465
16644,103285
16645,63630
16646,127575
16647,106680
16648,95550
16649,97440
16650,102375
16651,90370
16652,110460
16653,99505
16654,89320
16655,136640
16656,125510
16657,78330
16658,84665
16659,113610
16660,117810
16661,112560
16662,100170
16663,107590
16664,98070
16665,92995
16666,149625
16667,102620
16668,123445
16669,105700
16670,104825
16671,95585
16672,95655
16673,113400
16674,102585
16675,153440
16676,141120
16677,103040
16678,65345
16679,97930
16680,89215
16681,140560
16682,118265
16683,99750
16684,80290
16685,121800
16686,93695
16687,102410
16688,105945
16689,45815
16690,123375
16691,81725
16692,106295
16693,81270
16694,92960
16695,83020
16696,122395
16697,110460
16698,102935
16699,136780
16700,94500
16701,69475
16702,75320
16703,92645
16704,125195
16705,123305
16706,64680
16707,97860
16708,103705
16709,79030
16710,102235
16711,55860
16712,114275
16713,103635
16714,118020
16715,129640
16716,87605
16717,97125
16718,108990
16719,100590
16720,131530
16721,101675
16722,153265
16723,77805
16724,128975
16725,98525
16726,152915
16727,127190
16728,76265
16729,111755
16730,79835
16731,96425
16732,90510
16733,105385
16734,87325
16735,94990
16736,109340
16737,90265
16738,105980
16739,85295
16740,102375
16741,89845
16742,119630
16743,85750
16744,127610
16745,118440
16746,84245
16747,117180
16748,137305
16749,115570
16750,105560
16751,105210
16752,92785
16753,104405
16754,99715
16755,95480
16756,94115
16757,65205
16758,98035
16759,67970
16760,141050
16761,94325
16762,104720
16763,95655
16764,114100
16765,91070
16766,80290
16767,125720
16768,77070
16769,119980
16770,109480
16771,121170
16772,116620
16773,54950
16774,91455
16775,129605
16776,73430
16777,114030
16778,58310
16779,97195
16780,103705
16781,54775
16782,106750
16783,102445
16784,46550
16785,110495
16786,88830
16787,91035
16788,121450
16789,118230
16790,115080
16791,85085
16792,90230
16793,98630
16794,127540
16795,81445
16796,116585
16797,99120
16798,88305
16799,64540
16800,80115
16801,110110
16802,101430
16803,88305
16804,101395
16805,83510
16806,101150
16807,111545
16808,108395
16809,79170
16810,117950
16811,91280
16812,116865
16813,97265
16814,75460
16815,77980
16816,102690
16817,97685
16818,104860
16819,87745
16820,72870
16821,69265
16822,135100
16823,126910
16824,117600
16825,103215
16826,85925
16827,117705
16828,97230
16829,94815
16830,96810
16831,63315
16832,88900
16833,87605
16834,119140
16835,96600
16836,82040
16837,111930
16838,104125
16839,89110
16840,79835
16841,129360
16842,129780
16843,120750
16844,126525
16845,86030
16846,105525
16847,125300
16848,123725
16849,79205
16850,114345
16851,126490
16852,142240
16853,75005
16854,87115
16855,131775
16856,70805
16857,98735
16858,119700
16859,105805
16860,100940
16861,100975
16862,144620
16863,80885
16864,104335
16865,97615
16866,94990
16867,93940
16868,126525
16869,100205
16870,103180
16871,129885
16872,107730
16873,74795
16874,81445
16875,52535
16876,160090
16877,70770
16878,127015
16879,107940
16880,104440
16881,94080
16882,110880
16883,140280
16884,59745
16885,108010
16886,61495
16887,129150
16888,101850
16889,101885
16890,127435
16891,128485
16892,124285
16893,91525
16894,116970
16895,140560
16896,89180
16897,99225
16898,114800
16899,88795
16900,100870
16901,107485
16902,76195
16903,79940
16904,78400
16905,74025
16906,101535
16907,79625
16908,116620
16909,87535
16910,104230
16911,87780
16912,85960
16913,76755
16914,121940
16915,112840
16916,115430
16917,65240
16918,59780
16919,106225
16920,103425
16921,80850
16922,97230
16923,102375
16924,75705
16925,107100
16926,87080
16927,96600
16928,83370
16929,134050
16930,150535
16931,132335
16932,59010
16933,111020
16934,115640
16935,79800
16936,101990
16937,111230
16938,100905
16939,66710
16940,72205
16941,79625
16942,73885
16943,89495
16944,90300
16945,108780
16946,120715
16947,90510
16948,106400
16949,126105
16950,81830
16951,69790
16952,99190
16953,87150
16954,113960
16955,115430
16956,76650
16957,89705
16958,109690
16959,78855
16960,75635
16961,99890
16962,130445
16963,110600
16964,78575
16965,142555
16966,22680
16967,107660
16968,83300
16969,110705
16970,96110
16971,69195
16972,110285
16973,110985
16974,71575
16975,114590
16976,95830
16977,121030
16978,114695
16979,139965
16980,117425
16981,100800
16982,108780
16983,89810
16984,75950
16985,114730
16986,88445
16987,105070
16988,105385
16989,99995
16990,108010
16991,104335
16992,133105
16993,119210
16994,100485
16995,98105
16996,127995
16997,109060
16998,55475
16999,62090
17000,103530
17001,58590
17002,87465
17003,72590
17004,86765
17005,96075
17006,123200
17007,85995
17008,76580
17009,107275
17010,99995
17011,102305
17012,68390
17013,93975
17014,110425
17015,102305
17016,107030
17017,87885
17018,62125
17019,100730
17020,86695
17021,63875
17022,108535
17023,109200
17024,133490
17025,103775
17026,93170
17027,90440
17028,91245
17029,120645
17030,98210
17031,105175
17032,120015
17033,66220
17034,105735
17035,58975
17036,77805
17037,124285
17038,127785
17039,103705
17040,80220
17041,107520
17042,111475
17043,132755
17044,91070
17045,119945
17046,91140
17047,127295
17048,123655
17049,80045
17050,118125
17051,94885
17052,107065
17053,116130
17054,82250
17055,103985
17056,121520
17057,134750
17058,113330
17059,62440
17060,91070
17061,94535
17062,113680
17063,84210
17064,101500
17065,74130
17066,95165
17067,100660
17068,76055
17069,68390
17070,101535
17071,83090
17072,104125
17073,147910
17074,93170
17075,80045
17076,107345
17077,110180
17078,74235
17079,107415
17080,81515
17081,89180
17082,110075
17083,132440
17084,72695
17085,99120
17086,124530
17087,113505
17088,95690
17089,67130
17090,110810
17091,109865
17092,72695
17093,92295
17094,109375
17095,115325
17096,94220
17097,115395
17098,112910
17099,113785
17100,86625
17101,103880
17102,85295
17103,115010
17104,105105
17105,80780
17106,112910
17107,111860
17108,132475
17109,105140
17110,72695
17111,119805
17112,109970
17113,118860
17114,108045
17115,77140
17116,184450
17117,76405
17118,138635
17119,131985
17120,120120
17121,124950
17122,91630
17123,95480
17124,101850
17125,61425
17126,134015
17127,95760
17128,93800
17129,95095
17130,82775
17131,105770
17132,74200
17133,117985
17134,117355
17135,106225
17136,76965
17137,66325
17138,89005
17139,85330
17140,115605
17141,107695
17142,83020
17143,61145
17144,71015
17145,79835
17146,119210
17147,86870
17148,130900
17149,74165
17150,98910
17151,72030
17152,150255
17153,93590
17154,118720
17155,116830
17156,116025
17157,57085
17158,129710
17159,76090
17160,115815
17161,104265
17162,93730
17163,84385
17164,112735
17165,88095
17166,103775
17167,138495
17168,87325
17169,102830
17170,101745
17171,110950
17172,135800
17173,101220
17174,125685
17175,110180
17176,96040
17177,75845
17178,81550
17179,108185
17180,120295
17181,96740
17182,81130
17183,90895
17184,57750
17185,119035
17186,73920
17187,105035
17188,79975
17189,109865
17190,92120
17191,85120
17192,88795
17193,96705
17194,77210
17195,92610
17196,115535
17197,138250
17198,113855
17199,99540
17200,122920
17201,102410
17202,98910
17203,64540
17204,112945
17205,86800
17206,103915
17207,102795
17208,92330
17209,97125
17210,65415
17211,113435
17212,101010
17213,108850
17214,123585
17215,122885
17216,130095
17217,113470
17218,92295
17219,128590
17220,113120
17221,116270
17222,103390
17223,97195
17224,107345
17225,123200
17226,127785
17227,89530
17228,109585
17229,117810
17230,86800
17231,91385
17232,94080
17233,62685
17234,98350
17235,67550
17236,109235
17237,95760
17238,89880
17239,139720
17240,88480
17241,121030
17242,74235
17243,82950
17244,83755
17245,105875
17246,42455
17247,103320
17248,127890
17249,88270
17250,114310
17251,69685
17252,127330
17253,50225
17254,117880
17255,112140
17256,63420
17257,116935
17258,150115
17259,109480
17260,128415
17261,98070
17262,133070
17263,116095
17264,104650
17265,51730
17266,81235
17267,80710
17268,103355
17269,117985
17270,73745
17271,105105
17272,86310
17273,55440
17274,110215
17275,113260
17276,114135
17277,108815
17278,119665
17279,122780
17280,113120
17281,70140
17282,100485
17283,112525
17284,131775
17285,109270
17286,107485
17287,75425
17288,91770
17289,83510
17290,71960
17291,95060
17292,109515
17293,91035
17294,111125
17295,102550
17296,143430
17297,89425
17298,75215
17299,137480
17300,115920
17301,78960
17302,85190
17303,83545
17304,119700
17305,114730
17306,89425
17307,159705
17308,99085
17309,83300
17310,84210
17311,113645
17312,90825
17313,141925
17314,84945
17315,86380
17316,77315
17317,119280
17318,65800
17319,76860
17320,113925
17321,111545
17322,122605
17323,68635
17324,112770
17325,121940
17326,97370
17327,127155
17328,84595
17329,108465
17330,117845
17331,71470
17332,110600
17333,82110
17334,124110
17335,109935
17336,76335
17337,95480
17338,58555
17339,113015
17340,110705
17341,93590
17342,71715
17343,53970
17344,134785
17345,98035
17346,122290
17347,72100
17348,64505
17349,86170
17350,118230
17351,110355
17352,94920
17353,128800
17354,98000
17355,67585
17356,57015
17357,129465
17358,85400
17359,76615
17360,114765
17361,53655
17362,56910
17363,69265
17364,56490
17365,152880
17366,127645
17367,92505
17368,102130
17369,110530
17370,91665
17371,97475
17372,80605
17373,105210
17374,118160
17375,109165
17376,79485
17377,136570
17378,104125
17379,98315
17380,115395
17381,112175
17382,83650
17383,101815
17384,91455
17385,145005
17386,80185
17387,95060
17388,122815
17389,90300
17390,78400
17391,130620
17392,77700
17393,78085
17394,68180
17395,80220
17396,164990
17397,104825
17398,129220
17399,83895
17400,134575
17401,50925
17402,118790
17403,109585
17404,104055
17405,116165
17406,117110
17407,90615
17408,133070
17409,121275
17410,100555
17411,85855
17412,89460
17413,96740
17414,120855
17415,108045
17416,121345
17417,100800
17418,47635
17419,92645
17420,122080
17421,93520
17422,121835
17423,143815
17424,120785
17425,106085
17426,108115
17427,121590
17428,86345
17429,115815
17430,112070
17431,112490
17432,100275
17433,95095
17434,78610
17435,59815
17436,129395
17437,85540
17438,132090
17439,88200
17440,90370
17441,90615
17442,92085
17443,83580
17444,113190
17445,121450
17446,109760
17447,125615
17448,119350
17449,122010
17450,107100
17451,114695
17452,100555
17453,137235
17454,98875
17455,117985
17456,61425
17457,84735
17458,115780
17459,132615
17460,106645
17461,118230
17462,85645
17463,96530
17464,69790
17465,44905
17466,104755
17467,91350
17468,98455
17469,88445
17470,120365
17471,115885
17472,98105
17473,91630
17474,102270
17475,89285
17476,119980
17477,75495
17478,63350
17479,86170
17480,118195
17481,100205
17482,88410
17483,105350
17484,121555
17485,71540
17486,101465
17487,97230
17488,102270
17489,90370
17490,63945
17491,118755
17492,91455
17493,126280
17494,114835
17495,99680
17496,96740
17497,66220
17498,100695
17499,125545
17500,103215
17501,118020
17502,64190
17503,74480
17504,113435
17505,103670
17506,124775
17507,82950
17508,97860
17509,165515
17510,111440
17511,81375
17512,95795
17513,110950
17514,82530
17515,92820
17516,82005
17517,122290
17518,95060
17519,54635
17520,109095
17521,135240
17522,105455
17523,137515
17524,93380
17525,86415
17526,79450
17527,83895
17528,97685
17529,131320
17530,76545
17531,127085
17532,84875
17533,120015
17534,85645
17535,57995
17536,127470
17537,76020
17538,63560
17539,114065
17540,72520
17541,72170
17542,109655
17543,97965
17544,103600
17545,112490
17546,108710
17547,110460
17548,83125
17549,79870
17550,83125
17551,103670
17552,88935
17553,107310
17554,125335
17555,98980
17556,120050
17557,98665
17558,122640
17559,118860
17560,147070
17561,136955
17562,118790
17563,136220
17564,129850
17565,93345
17566,97615
17567,124390
17568,87360
17569,108675
17570,156730
17571,111475
17572,122780
17573,72695
17574,82705
17575,91770
17576,64750
17577,78540
17578,78400
17579,109935
17580,83545
17581,73220
17582,96180
17583,100975
17584,139055
17585,129465
17586,79555
17587,96075
17588,74865
17589,101010
17590,109550
17591,77420
17592,94990
17593,99925
17594,98735
17595,127540
17596,137025
17597,110075
17598,66885
17599,109480
17600,126210
17601,100975
17602,113785
17603,75740
17604,111370
17605,120470
17606,134085
17607,84245
17608,100835
17609,90790
17610,67340
17611,124250
17612,59605
17613,108220
17614,70420
17615,99575
17616,109550
17617,78225
17618,86345
17619,99610
17620,94920
17621,133805
17622,148225
17623,127995
17624,69055
17625,111685
17626,137620
17627,93520
17628,111755
17629,127295
17630,134645
17631,74130
17632,73640
17633,108745
17634,75355
17635,110145
17636,83545
17637,104685
17638,78750
17639,69020
17640,92820
17641,133280
17642,57750
17643,144095
17644,85680
17645,142695
17646,127400
17647,115360
17648,144130
17649,124565
17650,83895
17651,119140
17652,128975
17653,94465
17654,127610
17655,87255
17656,134190
17657,127015
17658,88515
17659,110215
17660,109760
17661,100135
17662,105000
17663,94780
17664,68705
17665,116410
17666,99715
17667,91420
17668,84280
17669,131950
17670,86660
17671,96600
17672,86835
17673,108290
17674,87010
17675,92680
17676,71190
17677,112000
17678,97300
17679,93205
17680,131320
17681,71575
17682,152145
17683,82565
17684,122325
17685,92330
17686,78750
17687,113715
17688,98035
17689,77420
17690,106925
17691,109760
17692,55090
17693,98875
17694,106050
17695,96670
17696,111580
17697,90685
17698,96040
17699,103705
17700,74480
17701,108045
17702,134960
17703,87885
17704,100625
17705,68005
17706,96565
17707,68670
17708,77245
17709,69895
17710,57715
17711,93695
17712,114835
17713,86310
17714,119910
17715,136115
17716,97720
17717,80255
17718,79450
17719,94570
17720,107240
17721,71295
17722,96915
17723,108885
17724,107695
17725,72485
17726,142100
17727,86590
17728,91840
17729,131460
17730,82915
17731,66395
17732,64015
17733,95655
17734,121695
17735,107415
17736,70595
17737,106015
17738,93275
17739,86800
17740,101360
17741,82950
17742,117110
17743,105840
17744,106155
17745,100205
17746,82635
17747,126315
17748,76300
17749,142800
17750,118475
17751,112035
17752,116620
17753,143570
17754,72415
17755,113890
17756,102585
17757,92995
17758,94430
17759,128555
17760,86765
17761,103145
17762,91035
17763,109760
17764,130095
17765,125930
17766,135345
17767,110740
17768,108185
17769,74095
17770,109515
17771,92365
17772,108255
17773,73500
17774,120715
17775,70595
17776,118650
17777,81410
17778,133665
17779,84490
17780,121730
17781,85960
17782,119665
17783,89495
17784,94570
17785,67480
17786,55650
17787,155960
17788,100415
17789,104475
17790,134680
17791,61390
17792,120540
17793,44240
17794,104895
17795,128030
17796,95375
17797,95970
17798,97720
17799,140560
17800,102550
17801,82425
17802,109760
17803,116445
17804,133805
17805,122745
17806,111405
17807,72205
17808,110810
17809,158970
17810,73745
17811,95095
17812,96040
17813,97755
17814,89670
17815,80780
17816,62545
17817,111300
17818,99295
17819,79625
17820,86555
17821,79030
17822,100660
17823,100310
17824,141050
17825,78890
17826,82775
17827,110495
17828,118825
17829,114100
17830,109270
17831,105140
17832,95620
17833,114590
17834,107730
17835,101185
17836,104650
17837,124600
17838,131635
17839,106785
17840,92645
17841,125335
17842,124495
17843,118125
17844,147140
17845,73185
17846,108675
17847,122325
17848,123900
17849,91595
17850,132895
17851,85050
17852,103320
17853,81760
17854,102305
17855,112385
17856,84350
17857,87675
17858,65870
17859,108010
17860,91875
17861,84035
17862,58240
17863,106295
17864,97160
17865,70490
17866,115920
17867,84875
17868,58940
17869,114380
17870,116410
17871,118720
17872,102480
17873,122710
17874,110285
17875,105035
17876,103285
17877,82775
17878,123340
17879,97055
17880,85960
17881,61775
17882,109095
17883,92295
17884,96285
17885,73010
17886,51240
17887,105385
17888,113400
17889,101745
17890,81900
17891,117285
17892,129010
17893,100590
17894,125300
17895,109725
17896,100065
17897,115115
17898,80430
17899,79065
17900,130760
17901,96040
17902,96320
17903,96635
17904,105105
17905,94710
17906,86730
17907,136220
17908,100590
17909,64050
17910,95935
17911,157010
17912,50820
17913,69405
17914,122150
17915,87850
17916,76440
17917,135275
17918,104965
17919,95095
17920,84665
17921,126560
17922,72415
17923,147910
17924,121380
17925,85470
17926,63735
17927,129255
17928,113610
17929,76195
17930,104895
17931,52430
17932,131635
17933,115465
17934,94640
17935,94045
17936,131145
17937,85505
17938,93555
17939,70630
17940,136955
17941,128590
17942,79030
17943,87710
17944,93485
17945,107450
17946,114240
17947,127400
17948,114870
17949,126630
17950,136220
17951,94325
17952,116060
17953,127960
17954,124775
17955,95375
17956,92155
17957,104300
17958,103565
17959,104370
17960,130305
17961,130900
17962,79240
17963,126945
17964,62510
17965,118125
17966,111685
17967,49280
17968,112210
17969,107625
17970,121730
17971,113995
17972,93415
17973,84910
17974,105175
17975,102200
17976,123515
17977,133210
17978,98595
17979,94535
17980,125020
17981,68425
17982,96355
17983,129710
17984,90230
17985,108430
17986,108640
17987,117740
17988,107765
17989,122955
17990,62405
17991,117075
17992,58450
17993,102410
17994,82110
17995,74550
17996,112385
17997,105875
17998,123235
17999,78890
18000,86415
18001,150255
18002,113295
18003,74760
18004,87325
18005,113610
18006,132475
18007,121660
18008,102165
18009,96915
18010,101675
18011,63875
18012,87570
18013,106400
18014,90965
18015,71435
18016,95480
18017,93625
18018,129675
18019,94675
18020,110950
18021,109095
18022,120085
18023,75040
18024,72800
18025,85330
18026,66955
18027,94920
18028,136150
18029,127190
18030,141260
18031,62790
18032,76090
18033,86870
18034,149695
18035,115325
18036,104370
18037,84070
18038,112385
18039,106295
18040,94360
18041,116235
18042,111125
18043,114660
18044,137445
18045,101045
18046,101990
18047,126175
18048,90195
18049,106400
18050,92855
18051,72730
18052,106400
18053,118615
18054,91665
18055,120785
18056,143220
18057,135065
18058,130410
18059,107940
18060,123760
18061,103425
18062,113470
18063,91070
18064,107590
18065,97055
18066,133735
18067,125615
18068,139930
18069,109200
18070,56665
18071,119875
18072,73500
18073,82950
18074,97300
18075,78470
18076,137900
18077,138215
18078,88480
18079,133000
18080,140140
18081,118440
18082,113155
18083,49700
18084,82705
18085,110530
18086,106680
18087,107485
18088,81165
18089,71540
18090,122325
18091,114520
18092,96355
18093,109900
18094,80360
18095,92190
18096,69440
18097,73290
18098,97685
18099,75215
18100,89285
18101,119560
18102,84700
18103,68565
18104,85785
18105,97545
18106,87500
18107,76930
18108,93135
18109,133945
18110,87745
18111,102235
18112,70490
18113,128835
18114,110635
18115,114030
18116,89775
18117,59710
18118,58415
18119,80045
18120,133070
18121,114275
18122,87430
18123,112735
18124,65380
18125,112560
18126,91420
18127,101920
18128,116130
18129,109340
18130,129185
18131,92645
18132,87675
18133,118650
18134,90160
18135,110635
18136,88200
18137,83545
18138,108675
18139,49210
18140,122185
18141,105875
18142,93905
18143,95690
18144,48895
18145,97440
18146,106750
18147,131950
18148,122815
18149,74760
18150,122570
18151,109515
18152,93415
18153,123550
18154,104510
18155,91595
18156,132195
18157,115640
18158,104160
18159,89215
18160,69160
18161,106295
18162,75565
18163,67410
18164,113855
18165,135555
18166,92995
18167,95095
18168,108745
18169,114345
18170,113015
18171,54180
18172,108290
18173,109585
18174,80325
18175,107170
18176,108815
18177,123445
18178,124810
18179,115535
18180,108920
18181,119595
18182,72485
18183,81585
18184,105280
18185,83545
18186,87955
18187,101850
18188,115395
18189,82600
18190,122640
18191,117950
18192,62720
18193,66990
18194,114275
18195,61705
18196,109655
18197,86940
18198,111720
18199,132230
18200,151130
18201,99610
18202,93590
18203,86240
18204,127505
18205,91105
18206,89670
18207,115535
18208,56770
18209,113890
18210,79135
18211,70140
18212,70280
18213,81970
18214,113540
18215,112070
18216,103740
18217,113995
18218,80640
18219,80465
18220,122255
18221,108150
18222,116480
18223,84385
18224,91210
18225,113365
18226,105805
18227,123515
18228,89565
18229,110495
18230,91980
18231,91910
18232,80255
18233,94150
18234,100135
18235,91070
18236,95690
18237,138460
18238,118755
18239,86275
18240,120015
18241,126490
18242,102025
18243,104720
18244,89425
18245,64890
18246,116025
18247,108955
18248,99470
18249,65135
18250,93975
18251,94605
18252,114870
18253,102200
18254,82040
18255,83825
18256,76895
18257,118685
18258,105805
18259,99085
18260,106400
18261,99190
18262,115290
18263,99855
18264,77980
18265,132790
18266,109830
18267,129080
18268,76055
18269,99435
18270,60095
18271,103040
18272,138285
18273,117390
18274,95445
18275,130515
18276,78540
18277,78470
18278,102060
18279,136605
18280,88655
18281,133070
18282,123375
18283,105140
18284,92505
18285,94045
18286,66780
18287,69475
18288,98000
18289,133280
18290,137480
18291,109480
18292,126105
18293,90790
18294,82005
18295,117670
18296,73745
18297,77700
18298,95305
18299,107940
18300,119000
18301,99925
18302,106820
18303,83265
18304,109060
18305,103845
18306,120365
18307,139335
18308,83160
18309,93905
18310,117390
18311,152005
18312,58765
18313,100065
18314,146440
18315,98350
18316,111370
18317,113295
18318,118545
18319,118475
18320,88935
18321,87605
18322,100170
18323,89320
18324,90230
18325,87850
18326,87850
18327,131810
18328,101220
18329,125440
18330,116515
18331,129010
18332,122150
18333,124005
18334,60130
18335,101780
18336,102935
18337,104090
18338,115360
18339,129780
18340,105000
18341,95165
18342,113680
18343,112175
18344,89845
18345,80045
18346,116830
18347,70630
18348,84665
18349,154070
18350,96565
18351,114450
18352,81620
18353,75810
18354,126490
18355,92960
18356,78715
18357,124110
18358,82425
18359,89600
18360,106505
18361,104965
18362,127925
18363,120155
18364,99820
18365,115465
18366,53270
18367,97615
18368,89600
18369,76510
18370,108815
18371,99610
18372,123865
18373,46480
18374,62055
18375,86730
18376,78680
18377,80080
18378,111055
18379,123270
18380,125090
18381,111405
18382,93275
18383,119945
18384,122780
18385,141680
18386,99365
18387,132825
18388,84490
18389,96040
18390,82320
18391,109235
18392,100030
18393,126875
18394,99190
18395,147385
18396,116515
18397,114310
18398,127190
18399,56245
18400,88935
18401,79380
18402,94080
18403,129255
18404,74410
18405,110565
18406,138775
18407,87955
18408,106190
18409,119000
18410,89600
18411,112875
18412,103565
18413,82425
18414,113680
18415,66360
18416,150360
18417,102585
18418,108920
18419,84560
18420,85155
18421,113015
18422,89320
18423,69265
18424,73675
18425,94815
18426,97265
18427,99575
18428,93415
18429,72975
18430,112945
18431,91665
18432,111335
18433,77350
18434,119525
18435,91770
18436,102095
18437,118020
18438,75145
18439,107940
18440,82635
18441,69615
18442,105805
18443,120890
18444,111405
18445,94290
18446,101430
18447,102900
18448,80220
18449,116165
18450,65590
18451,93800
18452,82320
18453,75040
18454,110845
18455,119070
18456,116900
18457,90230
18458,94780
18459,117040
18460,120540
18461,85015
18462,133665
18463,80255
18464,74130
18465,60270
18466,125860
18467,128275
18468,127750
18469,76545
18470,106610
18471,131215
18472,71575
18473,105630
18474,84525
18475,99015
18476,135940
18477,94080
18478,110810
18479,101780
18480,77525
18481,67025
18482,105700
18483,98490
18484,105350
18485,86520
18486,97510
18487,112945
18488,82950
18489,76860
18490,77455
18491,77420
18492,109130
18493,101010
18494,141470
18495,80080
18496,97125
18497,138915
18498,98350
18499,117950
18500,61600
18501,117705
18502,92820
18503,98910
18504,64120
18505,78400
18506,113155
18507,81900
18508,79415
18509,105490
18510,50120
18511,99925
18512,99085
18513,60725
18514,156870
18515,78750
18516,70035
18517,83825
18518,111510
18519,70175
18520,145915
18521,121800
18522,104020
18523,59885
18524,89915
18525,114800
18526,106050
18527,93415
18528,128625
18529,85120
18530,74935
18531,76755
18532,106435
18533,99925
18534,107590
18535,82250
18536,86345
18537,98770
18538,115465
18539,110810
18540,112875
18541,106400
18542,84385
18543,124600
18544,101675
18545,95095
18546,93975
18547,122675
18548,75845
18549,114205
18550,94325
18551,83475
18552,129255
18553,77560
18554,93380
18555,122430
18556,133245
18557,73570
18558,117740
18559,116690
18560,97405
18561,108675
18562,127750
18563,135520
18564,91280
18565,117775
18566,100940
18567,134540
18568,141785
18569,117845
18570,120750
18571,84595
18572,70525
18573,159040
18574,103285
18575,127365
18576,102095
18577,77385
18578,88690
18579,122605
18580,105385
18581,80605
18582,134190
18583,98455
18584,82390
18585,88235
18586,78645
18587,101815
18588,65310
18589,126700
18590,92820
18591,96600
18592,70490
18593,87150
18594,146055
18595,99330
18596,111580
18597,104265
18598,75110
18599,123410
18600,88690
18601,91910
18602,89740
18603,126805
18604,110250
18605,75495
18606,124915
18607,93625
18608,95095
18609,32795
18610,125790
18611,107765
18612,75530
18613,146825
18614,66710
18615,82740
18616,70700
18617,79240
18618,129045
18619,109445
18620,91140
18621,111335
18622,89810
18623,120470
18624,75775
18625,81235
18626,110075
18627,95690
18628,89005
18629,118440
18630,80290
18631,81865
18632,117530
18633,87360
18634,97370
18635,114485
18636,108220
18637,112000
18638,102340
18639,119105
18640,71785
18641,96495
18642,110635
18643,98245
18644,120365
18645,55825
18646,143920
18647,100450
18648,107450
18649,87955
18650,96110
18651,112945
18652,56525
18653,112525
18654,116515
18655,137165
18656,93275
18657,111020
18658,91595
18659,104475
18660,75635
18661,101885
18662,99855
18663,92890
18664,74830
18665,73955
18666,99750
18667,132160
18668,79695
18669,65975
18670,83510
18671,92750
18672,43435
18673,84840
18674,101185
18675,121800
18676,96495
18677,92015
18678,87325
18679,131600
18680,97895
18681,90405
18682,76825
18683,114240
18684,118790
18685,116445
18686,144060
18687,145180
18688,62965
18689,79905
18690,84385
18691,107170
18692,83615
18693,137200
18694,75740
18695,95340
18696,88585
18697,73290
18698,98315
18699,83335
18700,123585
18701,102060
18702,94465
18703,124355
18704,87080
18705,102480
18706,72275
18707,134330
18708,105350
18709,135450
18710,107835
18711,149275
18712,115990
18713,90930
18714,124775
18715,80290
18716,96600
18717,106925
18718,82355
18719,104965
18720,94325
18721,90650
18722,87080
18723,95865
18724,129080
18725,104195
18726,103775
18727,39760
18728,40705
18729,117075
18730,95480
18731,71750
18732,102900
18733,118055
18734,109620
18735,69230
18736,126385
18737,105280
18738,98140
18739,133000
18740,46340
18741,83755
18742,67515
18743,70805
18744,111510
18745,115535
18746,89355
18747,102025
18748,114485
18749,139055
18750,124285
18751,98945
18752,68670
18753,89775
18754,79310
18755,106365
18756,71400
18757,130130
18758,88305
18759,116550
18760,103075
18761,103600
18762,82705
18763,125055
18764,99190
18765,99435
18766,104090
18767,60970
18768,91630
18769,128030
18770,91385
18771,129955
18772,92225
18773,121485
18774,110530
18775,64820
18776,134015
18777,108430
18778,92155
18779,126245
18780,96880
18781,102095
18782,87920
18783,63945
18784,94395
18785,88410
18786,78085
18787,116760
18788,117810
18789,125790
18790,124110
18791,143080
18792,100380
18793,108955
18794,103635
18795,87640
18796,62580
18797,99330
18798,94185
18799,62685
18800,144340
18801,94885
18802,105385
18803,114485
18804,78470
18805,126735
18806,103775
18807,64120
18808,39375
18809,92750
18810,129220
18811,68005
18812,116025
18813,87185
18814,88025
18815,106400
18816,101850
18817,86275
18818,70140
18819,103075
18820,89075
18821,57015
18822,94290
18823,107135
18824,106470
18825,102200
18826,110110
18827,113610
18828,132230
18829,92645
18830,114660
18831,137025
18832,73815
18833,86135
18834,89530
18835,119035
18836,141470
18837,104475
18838,90650
18839,110040
18840,117250
18841,77665
18842,90650
18843,126700
18844,107275
18845,131810
18846,77245
18847,129920
18848,59395
18849,68810
18850,76965
18851,118790
18852,87955
18853,127505
18854,92470
18855,98350
18856,96285
18857,102340
18858,50400
18859,104580
18860,102200
18861,77280
18862,96250
18863,84280
18864,120995
18865,98665
18866,87325
18867,124320
18868,144760
18869,79695
18870,103005
18871,108045
18872,89005
18873,137025
18874,86765
18875,140945
18876,94955
18877,51240
18878,161735
18879,108745
18880,108430
18881,75495
18882,153020
18883,88900
18884,76510
18885,94885
18886,108710
18887,87535
18888,91875
18889,92435
18890,105000
18891,106225
18892,86800
18893,127680
18894,111720
18895,70490
18896,81025
18897,104230
18898,120855
18899,73885
18900,103180
18901,159950
18902,85645
18903,128135
18904,90055
18905,142625
18906,90300
18907,93765
18908,78330
18909,126455
18910,125125
18911,143430
18912,124705
18913,108045
18914,98700
18915,102585
18916,91280
18917,124740
18918,74270
18919,119805
18920,95130
18921,103705
18922,73010
18923,88410
18924,122430
18925,102725
18926,105280
18927,141225
18928,109480
18929,124810
18930,75390
18931,119315
18932,82740
18933,75775
18934,126175
18935,101360
18936,61600
18937,152250
18938,92995
18939,54670
18940,112105
18941,105700
18942,135100
18943,173005
18944,59815
18945,89005
18946,71015
18947,114520
18948,120260
18949,115535
18950,63385
18951,91315
18952,141015
18953,80185
18954,134190
18955,50820
18956,94675
18957,98525
18958,87080
18959,107695
18960,107975
18961,80570
18962,119315
18963,105315
18964,134645
18965,92050
18966,123935
18967,101955
18968,45150
18969,87115
18970,110530
18971,87010
18972,89320
18973,87710
18974,104580
18975,106225
18976,65695
18977,100975
18978,84490
18979,123795
18980,105210
18981,91000
18982,85085
18983,71890
18984,125545
18985,87360
18986,90475
18987,88305
18988,85610
18989,71435
18990,98490
18991,71575
18992,121870
18993,123550
18994,93660
18995,96530
18996,114660
18997,107870
18998,59675
18999,105945
19000,70595
19001,78085
19002,104650
19003,120925
19004,134365
19005,81690
19006,106295
19007,84000
19008,94710
19009,131495
19010,84595
19011,135520
19012,125860
19013,128555
19014,40145
19015,91630
19016,93380
19017,77945
19018,72520
19019,129500
19020,109340
19021,84000
19022,110915
19023,94010
19024,67060
19025,89670
19026,105560
19027,115815
19028,124950
19029,70560
19030,122500
19031,90475
19032,108710
19033,94325
19034,81515
19035,135625
19036,89355
19037,96740
19038,145635
19039,93240
19040,85890
19041,115185
19042,120995
19043,93730
19044,101745
19045,88900
19046,82075
19047,81375
19048,135100
19049,102445
19050,112490
19051,51800
19052,95690
19053,63490
19054,99085
19055,106120
19056,137795
19057,99890
19058,103985
19059,114800
19060,104335
19061,63910
19062,107450
19063,89005
19064,88305
19065,126140
19066,99820
19067,72765
19068,123165
19069,95130
19070,113400
19071,148295
19072,118160
19073,84980
19074,74550
19075,60165
19076,89950
19077,123795
19078,95690
19079,78995
19080,143080
19081,113750
19082,100975
19083,160125
19084,79345
19085,99960
19086,118440
19087,98980
19088,79030
19089,99365
19090,97895
19091,95025
19092,119350
19093,110775
19094,113715
19095,92890
19096,113470
19097,64260
19098,102480
19099,85120
19100,87465
19101,91770
19102,75460
19103,136255
19104,99155
19105,118020
19106,134225
19107,100100
19108,109060
19109,105735
19110,106785
19111,104895
19112,86450
19113,105105
19114,130480
19115,109130
19116,57540
19117,125370
19118,108255
19119,88235
19120,117985
19121,119735
19122,93345
19123,108115
19124,118125
19125,129115
19126,106050
19127,113435
19128,78855
19129,96285
19130,102515
19131,127890
19132,59535
19133,63595
19134,74935
19135,93170
19136,102830
19137,88725
19138,102760
19139,67830
19140,65940
19141,108080
19142,117145
19143,73430
19144,82915
19145,66395
19146,83965
19147,87220
19148,72240
19149,80885
19150,81585
19151,87780
19152,98140
19153,97440
19154,114030
19155,105525
19156,121835
19157,74970
19158,99855
19159,59990
19160,64575
19161,100415
19162,142485
19163,131215
19164,91140
19165,85995
19166,129080
19167,89810
19168,79835
19169,85575
19170,119770
19171,102725
19172,100345
19173,85050
19174,106715
19175,46480
19176,131390
19177,71435
19178,111580
19179,100800
19180,138215
19181,93905
19182,106680
19183,98210
19184,118790
19185,85015
19186,134890
19187,104440
19188,121590
19189,77245
19190,108885
19191,96880
19192,88480
19193,98385
19194,104370
19195,72100
19196,93870
19197,94080
19198,79905
19199,97790
19200,97860
19201,106925
19202,107800
19203,85225
19204,120855
19205,104580
19206,113015
19207,102725
19208,106190
19209,147700
19210,123200
19211,66570
19212,97475
19213,96425
19214,88655
19215,81130
19216,128625
19217,98000
19218,88095
19219,60095
19220,103390
19221,80080
19222,117250
19223,135170
19224,144795
19225,75530
19226,106155
19227,77840
19228,84875
19229,104440
19230,115290
19231,115325
19232,114730
19233,67130
19234,104510
19235,99575
19236,99365
19237,81690
19238,108990
19239,94360
19240,82355
19241,85295
19242,79380
19243,109795
19244,131600
19245,136290
19246,144095
19247,122010
19248,93800
19249,118160
19250,127330
19251,100975
19252,130760
19253,56315
19254,90685
19255,79205
19256,88270
19257,46900
19258,105000
19259,61285
19260,105385
19261,112000
19262,84420
19263,83615
19264,99890
19265,81725
19266,138740
19267,85750
19268,67165
19269,134155
19270,79135
19271,98630
19272,112000
19273,105420
19274,74270
19275,119805
19276,66255
19277,97790
19278,92120
19279,113575
19280,112665
19281,127925
19282,89425
19283,84140
19284,97755
19285,79240
19286,78680
19287,81900
19288,94045
19289,76580
19290,81620
19291,83510
19292,109515
19293,76195
19294,80080
19295,95200
19296,78260
19297,127750
19298,76895
19299,122640
19300,118615
19301,119175
19302,88095
19303,117250
19304,82950
19305,74095
19306,116935
19307,96775
19308,134120
19309,94150
19310,116795
19311,66990
19312,92470
19313,107555
19314,129675
19315,105175
19316,102725
19317,110565
19318,92400
19319,129605
19320,122395
19321,92785
19322,91630
19323,105840
19324,95270
19325,73150
19326,123025
19327,81060
19328,119455
19329,114310
19330,156835
19331,122780
19332,88865
19333,108430
19334,105070
19335,100940
19336,79450
19337,81095
19338,134960
19339,123900
19340,117285
19341,128415
19342,73605
19343,103320
19344,108465
19345,109585
19346,115885
19347,132195
19348,84210
19349,98140
19350,111090
19351,114800
19352,123060
19353,98490
19354,62440
19355,97405
19356,61775
19357,111580
19358,114590
19359,97195
19360,126385
19361,116655
19362,97265
19363,68950
19364,114135
19365,101500
19366,100065
19367,127715
19368,79940
19369,81375
19370,124705
19371,145075
19372,81340
19373,103565
19374,91945
19375,97230
19376,147350
19377,108465
19378,116900
19379,85085
19380,78645
19381,75425
19382,87500
19383,120190
19384,81970
19385,86835
19386,103180
19387,109410
19388,129570
19389,71785
19390,125020
19391,76510
19392,69055
19393,75005
19394,116760
19395,75425
19396,93240
19397,81375
19398,128030
19399,99890
19400,116200
19401,118335
19402,111615
19403,133105
19404,106330
19405,74445
19406,125790
19407,109165
19408,127260
19409,127575
19410,86240
19411,111475
19412,133280
19413,105525
19414,74095
19415,123165
19416,92120
19417,87220
19418,150080
19419,146230
19420,107380
19421,106505
19422,81270
19423,100555
19424,112595
19425,115080
19426,99120
19427,141050
19428,121275
19429,114835
19430,113435
19431,88725
19432,127225
19433,85680
19434,81515
19435,87045
19436,133980
19437,114800
19438,103915
19439,80920
19440,109235
19441,116375
19442,75565
19443,122920
19444,89740
19445,127820
19446,110810
19447,79590
19448,92330
19449,139160
19450,92190
19451,80045
19452,65625
19453,120575
19454,87255
19455,121485
19456,110565
19457,120680
19458,101465
19459,65520
19460,66045
19461,110390
19462,148015
19463,70525
19464,105315
19465,91735
19466,88725
19467,93625
19468,115395
19469,66465
19470,73850
19471,106435
19472,145320
19473,97895
19474,129675
19475,120645
19476,87395
19477,155540
19478,78225
19479,102935
19480,101500
19481,99155
19482,129080
19483,109690
19484,109340
19485,93835
19486,83475
19487,119070
19488,93135
19489,92680
19490,105980
19491,125195
19492,77350
19493,100905
19494,89565
19495,123515
19496,126315
19497,63070
19498,123760
19499,115885
19500,32900
19501,67445
19502,107975
19503,80290
19504,123095
19505,91630
19506,80185
19507,122745
19508,91035
19509,79205
19510,108675
19511,136080
19512,84140
19513,84315
19514,136745
19515,77385
19516,120890
19517,46760
19518,113855
19519,132440
19520,113785
19521,106960
19522,115430
19523,66570
19524,109620
19525,86800
19526,108010
19527,98910
19528,110635
19529,89670
19530,101605
19531,102410
19532,103425
19533,81655
19534,108815
19535,76125
19536,86065
19537,139650
19538,97965
19539,143010
19540,91875
19541,112665
19542,84910
19543,109480
19544,121310
19545,75285
19546,88900
19547,65765
19548,107205
19549,101990
19550,128905
19551,107485
19552,97825
19553,92785
19554,105105
19555,86695
19556,103180
19557,120295
19558,85260
19559,92855
19560,85995
19561,103460
19562,97930
19563,114065
19564,111790
19565,51485
19566,118895
19567,110985
19568,83545
19569,112070
19570,121170
19571,129990
19572,113925
19573,142310
19574,94745
19575,49525
19576,112350
19577,110565
19578,106155
19579,91210
19580,161665
19581,98490
19582,131075
19583,85435
19584,115640
19585,83265
19586,75425
19587,95900
19588,126455
19589,130445
19590,88760
19591,112735
19592,100065
19593,109200
19594,104195
19595,116725
19596,102410
19597,84140
19598,100310
19599,77175
19600,94500
19601,96460
19602,70105
19603,96285
19604,107555
19605,122535
19606,91910
19607,117005
19608,92155
19609,108150
19610,92960
19611,120365
19612,115220
19613,138950
19614,94640
19615,102515
19616,131775
19617,93170
19618,74550
19619,114730
19620,91980
19621,96530
19622,116655
19623,86100
19624,79275
19625,122325
19626,151270
19627,141715
19628,69405
19629,104545
19630,142520
19631,84805
19632,119770
19633,95445
19634,85715
19635,123760
19636,115290
19637,98595
19638,89775
19639,121345
19640,109970
19641,152460
19642,84035
19643,95550
19644,96635
19645,64435
19646,66185
19647,108395
19648,86065
19649,121905
19650,117355
19651,95550
19652,105560
19653,107870
19654,86205
19655,71505
19656,115990
19657,119525
19658,95690
19659,85540
19660,94500
19661,71050
19662,117285
19663,111685
19664,138145
19665,82075
19666,88410
19667,151900
19668,69720
19669,88095
19670,87045
19671,98595
19672,90335
19673,81620
19674,102620
19675,103390
19676,126735
19677,121695
19678,107135
19679,132195
19680,75285
19681,109655
19682,101675
19683,117390
19684,102095
19685,92435
19686,114590
19687,72940
19688,93520
19689,110950
19690,101815
19691,83790
19692,106295
19693,103950
19694,72135
19695,86800
19696,143535
19697,94255
19698,152565
19699,120190
19700,93380
19701,116375
19702,118300
19703,111685
19704,150360
19705,88130
19706,119315
19707,100310
19708,100380
19709,108395
19710,126420
19711,126420
19712,113820
19713,81200
19714,76195
19715,90405
19716,117600
19717,95830
19718,103390
19719,131425
19720,80990
19721,95865
19722,121170
19723,83335
19724,110285
19725,61110
19726,114800
19727,114835
19728,121205
19729,116130
19730,138565
19731,147735
19732,87150
19733,94325
19734,77350
19735,96005
19736,73255
19737,79765
19738,123655
19739,117425
19740,75110
19741,103775
19742,74900
19743,81410
19744,72905
19745,106400
19746,87815
19747,95445
19748,103845
19749,111860
19750,87080
19751,102025
19752,118160
19753,126280
19754,63420
19755,72940
19756,58170
19757,100310
19758,86170
19759,121695
19760,109235
19761,127400
19762,120295
19763,83475
19764,113225
19765,65590
19766,65275
19767,125825
19768,103915
19769,89215
19770,126105
19771,89775
19772,115465
19773,110530
19774,108710
19775,112420
19776,111860
19777,88865
19778,78960
19779,121415
19780,121065
19781,99470
19782,104510
19783,113330
19784,73150
19785,121520
19786,99015
19787,130830
19788,85225
19789,78890
19790,77875
19791,142100
19792,99120
19793,135590
19794,98770
19795,128625
19796,85715
19797,69685
19798,85330
19799,128275
19800,113190
19801,107415
19802,124495
19803,131250
19804,122220
19805,100240
19806,124670
19807,96915
19808,126665
19809,76020
19810,112105
19811,92890
19812,97055
19813,125860
19814,114310
19815,104930
19816,82810
19817,160265
19818,75950
19819,88690
19820,79695
19821,85785
19822,99925
19823,96915
19824,128730
19825,83825
19826,99820
19827,77665
19828,135450
19829,99960
19830,121730
19831,109375
19832,98490
19833,122220
19834,70945
19835,84595
19836,123270
19837,77000
19838,132510
19839,115045
19840,44660
19841,91525
19842,53060
19843,73115
19844,94080
19845,112700
19846,114170
19847,79870
19848,94255
19849,84070
19850,110880
19851,103110
19852,100870
19853,131880
19854,113925
19855,81410
19856,71610
19857,93940
19858,88900
19859,58800
19860,104020
19861,97160
19862,88935
19863,86590
19864,67375
19865,73605
19866,94955
19867,99505
19868,78470
19869,74970
19870,101255
19871,103740
19872,103250
19873,83650
19874,125440
19875,91420
19876,112945
19877,85295
19878,131320
19879,109515
19880,97825
19881,105595
19882,105910
19883,66570
19884,90160
19885,102200
19886,76265
19887,107905
19888,106505
19889,91210
19890,111685
19891,126000
19892,136010
19893,93730
19894,103110
19895,102935
19896,136780
19897,67900
19898,86485
19899,101430
19900,125755
19901,69125
19902,114310
19903,90685
19904,102515
19905,114870
19906,120085
19907,80395
19908,120155
19909,111825
19910,105980
19911,135030
19912,92995
19913,109795
19914,112315
19915,59675
19916,142695
19917,131950
19918,82215
19919,118020
19920,101430
19921,101570
19922,88025
19923,111790
19924,119420
19925,140105
19926,101150
19927,167475
19928,94290
19929,93940
19930,96880
19931,84595
19932,117950
19933,132300
19934,138040
19935,92785
19936,109445
19937,140140
19938,96285
19939,112420
19940,86415
19941,110320
19942,117040
19943,111965
19944,80850
19945,113435
19946,104650
19947,64925
19948,97650
19949,135450
19950,81480
19951,78295
19952,90475
19953,97440
19954,72520
19955,93590
19956,103145
19957,118230
19958,55615
19959,98140
19960,114590
19961,111230
19962,78855
19963,158865
19964,112035
19965,103565
19966,77910
19967,96880
19968,106610
19969,96145
19970,131145
19971,97790
19972,61005
19973,108920
19974,84945
19975,97615
19976,108465
19977,103390
19978,66920
19979,110705
19980,80745
19981,91070
19982,150080
19983,96600
19984,94185
19985,114730
19986,69370
19987,72800
19988,84560
19989,127540
19990,67655
19991,82495
19992,107555
19993,93100
19994,105210
19995,87360
19996,99785
19997,100240
19998,93520
19999,118965
