sample,best_lucro
0,34195
1,34300
2,34300
3,34300
4,34300
5,34300
6,34300
7,34300
8,34300
9,34300
10,34300
11,34300
12,34300
13,34300
14,34300
15,34300
16,34300
17,34300
18,34300
19,34300
20,34300
21,34300
22,34300
23,34300
24,34300
25,34300
26,51695
27,51695
28,51695
29,51695
30,51695
31,51695
32,51695
33,51695
34,51695
35,51695
36,51695
37,51695
38,51695
39,51695
40,51695
41,51695
42,51695
43,51695
44,51695
45,51695
46,51695
47,51695
48,51695
49,51695
50,51695
51,51695
52,51695
53,51695
54,51695
55,51695
56,51695
57,51695
58,51695
59,51695
60,51695
61,51695
62,51695
63,51695
64,51695
65,51695
66,51695
67,51695
68,51695
69,51695
70,51695
71,51695
72,51695
73,51695
74,51695
75,51695
76,51695
77,51695
78,51695
79,51695
80,51695
81,51695
82,51695
83,51695
84,51695
85,51695
86,51695
87,51695
88,51695
89,51695
90,51695
91,51695
92,51695
93,51695
94,51695
95,51695
96,51695
97,51695
98,51695
99,51695
100,51695
101,51695
102,51695
103,51695
104,51695
105,51695
106,51695
107,51695
108,51695
109,51695
110,51695
111,51695
112,51695
113,51695
114,51695
115,51695
116,51695
117,51695
118,51695
119,51695
120,51695
121,51695
122,51695
123,51695
124,51695
125,51695
126,51695
127,51695
128,51695
129,51695
130,51695
131,51695
132,51695
133,51695
134,51695
135,51695
136,51695
137,51695
138,51695
139,51695
140,51695
141,51695
142,51695
143,51695
144,51695
145,51695
146,51695
147,51695
148,51695
149,51695
150,51695
151,51695
152,51695
153,51695
154,51695
155,51695
156,51695
157,51695
158,51695
159,51695
160,51695
161,51695
162,51695
163,51695
164,51695
165,51695
166,51695
167,51695
168,51695
169,51695
170,51695
171,51695
172,51695
173,51695
174,51695
175,51695
176,51695
177,51695
178,51695
179,51695
180,51695
181,51695
182,51695
183,51695
184,51695
185,51695
186,51695
187,51695
188,51695
189,51695
190,51695
191,51695
192,51695
193,51695
194,51695
195,51695
196,51695
197,51695
198,51695
199,51695
200,51695
201,51695
202,51695
203,51695
204,51695
205,51695
206,51695
207,51695
208,51695
209,51695
210,51695
211,51695
212,51695
213,51695
214,51695
215,51695
216,51695
217,51695
218,51695
219,51695
220,51695
221,51695
222,51695
223,51695
224,51695
225,51695
226,51695
227,51695
228,51695
229,51695
230,51695
231,51695
232,51695
233,51695
234,51695
235,51695
236,51695
237,51695
238,51695
239,51695
240,51695
241,51695
242,51695
243,51695
244,51695
245,51695
246,51695
247,51695
248,51695
249,51695
250,51695
251,51695
252,51695
253,51695
254,51695
255,51695
256,51695
257,51695
258,51695
259,51695
260,51695
261,51695
262,51695
263,51695
264,51695
265,51695
266,51695
267,51695
268,51695
269,51695
270,51695
271,51695
272,51695
273,51695
274,51695
275,51695
276,51695
277,51695
278,51695
279,51695
280,51695
281,51695
282,51695
283,51695
284,51695
285,51695
286,51695
287,51695
288,51695
289,51695
290,51695
291,51695
292,51695
293,51695
294,51695
295,51695
296,51695
297,51695
298,51695
299,51695
300,51695
301,51695
302,51695
303,51695
304,51695
305,51695
306,51695
307,51695
308,51695
309,51695
310,51695
311,51695
312,51695
313,51695
314,51695
315,51695
316,51695
317,51695
318,51695
319,51695
320,51695
321,51695
322,51695
323,51695
324,51695
325,51695
326,51695
327,51695
328,51695
329,51695
330,51695
331,51695
332,51695
333,51695
334,51695
335,51695
336,51695
337,51695
338,51695
339,51695
340,51695
341,51695
342,51695
343,51695
344,51695
345,51695
346,51695
347,51695
348,51695
349,51695
350,51695
351,51695
352,51695
353,51695
354,51695
355,51695
356,51695
357,51695
358,51695
359,51695
360,51695
361,51695
362,51695
363,51695
364,51695
365,51695
366,51695
367,51695
368,51695
369,51695
370,51695
371,51695
372,51695
373,51695
374,51695
375,51695
376,51695
377,51695
378,51695
379,51695
380,51695
381,51695
382,51695
383,51695
384,51695
385,51695
386,51695
387,51695
388,51695
389,51695
390,51695
391,51695
392,51695
393,51695
394,51695
395,51695
396,51695
397,51695
398,51695
399,51695
400,51695
401,51695
402,51695
403,51695
404,51695
405,51695
406,51695
407,51695
408,51695
409,51695
410,51695
411,51695
412,51695
413,51695
414,51695
415,51695
416,51695
417,51695
418,51695
419,51695
420,51695
421,51695
422,51695
423,51695
424,51695
425,51695
426,51695
427,51695
428,51695
429,51695
430,51695
431,51695
432,51695
433,51695
434,51695
435,51695
436,51695
437,51695
438,51695
439,51695
440,51695
441,51695
442,51695
443,51695
444,51695
445,51695
446,51695
447,51695
448,51695
449,51695
450,51695
451,51695
452,51695
453,51695
454,51695
455,51695
456,51695
457,51695
458,51695
459,51695
460,51695
461,51695
462,51695
463,51695
464,51695
465,51695
466,51695
467,51695
468,51695
469,51695
470,51695
471,51695
472,51695
473,51695
474,51695
475,51695
476,51695
477,51695
478,51695
479,51695
480,51695
481,51695
482,51695
483,51695
484,51695
485,51695
486,51695
487,51695
488,51695
489,51695
490,51695
491,51695
492,51695
493,51695
494,51695
495,51695
496,51695
497,51695
498,51695
499,51695
500,51695
501,51695
502,51695
503,51695
504,51695
505,51695
506,51695
507,51695
508,51695
509,51695
510,51695
511,51695
512,55020
513,55020
514,55020
515,55020
516,55020
517,55020
518,55020
519,55020
520,55020
521,55020
522,55020
523,55020
524,55020
525,55020
526,55020
527,55020
528,55020
529,55020
530,55020
531,55020
532,55020
533,55020
534,55020
535,55020
536,55020
537,55020
538,55020
539,55020
540,55020
541,55020
542,55020
543,55020
544,55020
545,55020
546,55020
547,55020
548,55020
549,55020
550,55020
551,55020
552,55020
553,55020
554,55020
555,55020
556,55020
557,55020
558,55020
559,55020
560,55020
561,55020
562,55020
563,55020
564,55020
565,55020
566,55020
567,55020
568,55020
569,55020
570,55020
571,55020
572,55020
573,55020
574,55020
575,55020
576,55020
577,55020
578,55020
579,55020
580,55020
581,55020
582,55020
583,55020
584,55020
585,55020
586,55020
587,55020
588,55020
589,55020
590,55020
591,55020
592,55020
593,55020
594,55020
595,55020
596,55020
597,55020
598,55020
599,55020
600,55020
601,55020
602,55020
603,55020
604,55020
605,55020
606,55020
607,55020
608,55020
609,55020
610,55020
611,55020
612,55020
613,55020
614,55020
615,55020
616,55020
617,55020
618,55020
619,55020
620,55020
621,55020
622,55020
623,55020
624,55020
625,55020
626,55020
627,55020
628,55020
629,55020
630,55020
631,55020
632,55020
633,55020
634,55020
635,55020
636,55020
637,55020
638,55020
639,55020
640,55020
641,55020
642,55020
643,55020
644,55020
645,55020
646,55020
647,55020
648,55020
649,55020
650,55020
651,55020
652,55020
653,55020
654,55020
655,55020
656,55020
657,55020
658,55020
659,55020
660,55020
661,55020
662,55020
663,55020
664,55020
665,55020
666,55020
667,55020
668,55020
669,55020
670,55020
671,55020
672,55020
673,55020
674,55020
675,55020
676,55020
677,55020
678,55020
679,55020
680,55020
681,55020
682,55020
683,55020
684,55020
685,55020
686,55020
687,55020
688,55020
689,55020
690,55020
691,55020
692,55020
693,55020
694,55020
695,55020
696,55020
697,55020
698,55020
699,55020
700,55020
701,55020
702,55020
703,55020
704,55020
705,55020
706,55020
707,55020
708,55020
709,55020
710,55020
711,55020
712,55020
713,55020
714,55020
715,55020
716,55020
717,55020
718,55020
719,55020
720,55020
721,55020
722,55020
723,55020
724,55020
725,55020
726,55020
727,55020
728,55020
729,55020
730,55020
731,55020
732,55020
733,55020
734,55020
735,55020
736,55020
737,55020
738,55020
739,55020
740,55020
741,55020
742,55020
743,55020
744,55020
745,55020
746,55020
747,55020
748,55020
749,55020
750,55020
751,55020
752,55020
753,55020
754,55020
755,55020
756,55020
757,55020
758,55020
759,55020
760,55020
761,55020
762,55020
763,55020
764,55020
765,55020
766,55020
767,55020
768,55020
769,55020
770,55020
771,55020
772,55020
773,55020
774,55020
775,55020
776,55020
777,55020
778,55020
779,55020
780,55020
781,55020
782,55020
783,55020
784,55020
785,55020
786,55020
787,55020
788,55020
789,55020
790,55020
791,55020
792,55020
793,55020
794,55020
795,55020
796,55020
797,55020
798,55020
799,55020
800,55020
801,55020
802,55020
803,55020
804,55020
805,55020
806,55020
807,55020
808,55020
809,55020
810,55020
811,55020
812,55020
813,55020
814,55020
815,55020
816,55020
817,55020
818,55020
819,55020
820,55020
821,57470
822,57470
823,57470
824,57470
825,57470
826,57470
827,57470
828,57470
829,57470
830,57470
831,57470
832,57470
833,57470
834,57470
835,57470
836,57470
837,57470
838,57470
839,57470
840,57470
841,57470
842,57470
843,57470
844,57470
845,57470
846,57470
847,57470
848,57470
849,57470
850,57470
851,57470
852,57470
853,57470
854,57470
855,57470
856,57470
857,57470
858,57470
859,57470
860,57470
861,57470
862,57470
863,57470
864,57470
865,57470
866,57470
867,57470
868,57470
869,57470
870,57470
871,57470
872,57470
873,57470
874,57470
875,57470
876,57470
877,57470
878,57470
879,57470
880,57470
881,57470
882,57470
883,57470
884,57470
885,57470
886,57470
887,57470
888,57470
889,57470
890,57470
891,57470
892,57470
893,57470
894,57470
895,57470
896,57470
897,57470
898,57470
899,57470
900,57470
901,57470
902,57470
903,57470
904,57470
905,57470
906,57470
907,57470
908,57470
909,57470
910,57470
911,57470
912,57470
913,57470
914,57470
915,57470
916,57470
917,57470
918,57470
919,57470
920,57470
921,57470
922,57470
923,57470
924,57470
925,57470
926,57470
927,57470
928,57470
929,57470
930,57470
931,57470
932,57470
933,57470
934,57470
935,57470
936,57470
937,57470
938,57470
939,57470
940,57470
941,57470
942,57470
943,57470
944,57470
945,57470
946,57470
947,57470
948,57470
949,57470
950,57470
951,57470
952,57470
953,57470
954,57470
955,57470
956,57470
957,57470
958,57470
959,57470
960,57470
961,57470
962,57470
963,57470
964,57470
965,57470
966,57470
967,57470
968,57470
969,57470
970,57470
971,57470
972,57470
973,57470
974,57470
975,57470
976,57470
977,57470
978,57470
979,57470
980,57470
981,57470
982,57470
983,57470
984,57470
985,57470
986,57470
987,57470
988,57470
989,57470
990,57470
991,57470
992,57470
993,57470
994,57470
995,57470
996,57470
997,57470
998,57470
999,57470
1000,57470
1001,57470
1002,57470
1003,57470
1004,57470
1005,57470
1006,57470
1007,57470
1008,57470
1009,57470
1010,57470
1011,57470
1012,57470
1013,57470
1014,57470
1015,57470
1016,57470
1017,57470
1018,57470
1019,57470
1020,57470
1021,57470
1022,57470
1023,57470
1024,57470
1025,57470
1026,57470
1027,57470
1028,57470
1029,57470
1030,57470
1031,57470
1032,57470
1033,57470
1034,57470
1035,57470
1036,57470
1037,57470
1038,57470
1039,57470
1040,57470
1041,57470
1042,57470
1043,57470
1044,57470
1045,57470
1046,57470
1047,57470
1048,57470
1049,57470
1050,57470
1051,57470
1052,57470
1053,57470
1054,57470
1055,57470
1056,57470
1057,57470
1058,57470
1059,57470
1060,57470
1061,57470
1062,57470
1063,57470
1064,57470
1065,57470
1066,57470
1067,57470
1068,57470
1069,57470
1070,57470
1071,57470
1072,57470
1073,57470
1074,57470
1075,57470
1076,57470
1077,57470
1078,57470
1079,57470
1080,57470
1081,57470
1082,57470
1083,57470
1084,57470
1085,57470
1086,57470
1087,57470
1088,57470
1089,57470
1090,57470
1091,57470
1092,57470
1093,57470
1094,57470
1095,57470
1096,57470
1097,57470
1098,57470
1099,57470
1100,57470
1101,57470
1102,57470
1103,57470
1104,57470
1105,57470
1106,57470
1107,57470
1108,57470
1109,57470
1110,57470
1111,57470
1112,57470
1113,57470
1114,57470
1115,57470
1116,57470
1117,57470
1118,57470
1119,57470
1120,57470
1121,57470
1122,57470
1123,57470
1124,57470
1125,57470
1126,57470
1127,57470
1128,57470
1129,57470
1130,57470
1131,57470
1132,57470
1133,57470
1134,57470
1135,57470
1136,57470
1137,57470
1138,57470
1139,57470
1140,57470
1141,57470
1142,57470
1143,57470
1144,57470
1145,57470
1146,57470
1147,57470
1148,57470
1149,57470
1150,57470
1151,57470
1152,57470
1153,57470
1154,57470
1155,57470
1156,57470
1157,57470
1158,57470
1159,57470
1160,57470
1161,57470
1162,57470
1163,57470
1164,57470
1165,57470
1166,57470
1167,57470
1168,57470
1169,57470
1170,57470
1171,57470
1172,57470
1173,57470
1174,57470
1175,57470
1176,57470
1177,57470
1178,57470
1179,57470
1180,57470
1181,57470
1182,57470
1183,57470
1184,57470
1185,57470
1186,57470
1187,57470
1188,57470
1189,57470
1190,57470
1191,57470
1192,57470
1193,57470
1194,57470
1195,57470
1196,57470
1197,57470
1198,57470
1199,57470
1200,57470
1201,57470
1202,57470
1203,57470
1204,57470
1205,57470
1206,57470
1207,57470
1208,57470
1209,57470
1210,57470
1211,57470
1212,57470
1213,57470
1214,57470
1215,57470
1216,57470
1217,57470
1218,57470
1219,57470
1220,57470
1221,57470
1222,57470
1223,57470
1224,57470
1225,57470
1226,57470
1227,57470
1228,57470
1229,57470
1230,57470
1231,57470
1232,57470
1233,57470
1234,57470
1235,57470
1236,57470
1237,57470
1238,57470
1239,57470
1240,57470
1241,57470
1242,57470
1243,57470
1244,57470
1245,57470
1246,57470
1247,57470
1248,57470
1249,57470
1250,57470
1251,57470
1252,57470
1253,57470
1254,57470
1255,57470
1256,57470
1257,57470
1258,57470
1259,57470
1260,57470
1261,57470
1262,57470
1263,57470
1264,57470
1265,57470
1266,57470
1267,57470
1268,57470
1269,57470
1270,57470
1271,57470
1272,57470
1273,57470
1274,57470
1275,57470
1276,57470
1277,57470
1278,57470
1279,57470
1280,57470
1281,57470
1282,57470
1283,57470
1284,57470
1285,57470
1286,57470
1287,57470
1288,57470
1289,57470
1290,57470
1291,57470
1292,57470
1293,57470
1294,57470
1295,57470
1296,57470
1297,57470
1298,57470
1299,57470
1300,57470
1301,57470
1302,57470
1303,57470
1304,57470
1305,57470
1306,57470
1307,57470
1308,57470
1309,57470
1310,57470
1311,57470
1312,57470
1313,57470
1314,57470
1315,57470
1316,57470
1317,57470
1318,57470
1319,57470
1320,57470
1321,57470
1322,57470
1323,57470
1324,57470
1325,57470
1326,57470
1327,57470
1328,57470
1329,57470
1330,57470
1331,57470
1332,57470
1333,57470
1334,57470
1335,57470
1336,57470
1337,57470
1338,57470
1339,57470
1340,57470
1341,57470
1342,57470
1343,57470
1344,57470
1345,57470
1346,57470
1347,57470
1348,57470
1349,57470
1350,57470
1351,57470
1352,57470
1353,57470
1354,57470
1355,57470
1356,57470
1357,57470
1358,57470
1359,57470
1360,57470
1361,57470
1362,57470
1363,57470
1364,57470
1365,57470
1366,57470
1367,57470
1368,57470
1369,57470
1370,57470
1371,57470
1372,57470
1373,57470
1374,57470
1375,57470
1376,57470
1377,57470
1378,57470
1379,57470
1380,57470
1381,57470
1382,57470
1383,57470
1384,57470
1385,57470
1386,57470
1387,57470
1388,57470
1389,57470
1390,57470
1391,57470
1392,57470
1393,57470
1394,57470
1395,57470
1396,57470
1397,57470
1398,57470
1399,57470
1400,57470
1401,57470
1402,57470
1403,57470
1404,57470
1405,57470
1406,57470
1407,57470
1408,57470
1409,57470
1410,57470
1411,57470
1412,57470
1413,57470
1414,57470
1415,57470
1416,57470
1417,57470
1418,64610
1419,64610
1420,64610
1421,64610
1422,64610
1423,64610
1424,64610
1425,64610
1426,64610
1427,64610
1428,64610
1429,64610
1430,64610
1431,64610
1432,64610
1433,64610
1434,64610
1435,64610
1436,64610
1437,64610
1438,64610
1439,64610
1440,64610
1441,64610
1442,64610
1443,64610
1444,64610
1445,64610
1446,64610
1447,64610
1448,64610
1449,64610
1450,64610
1451,64610
1452,64610
1453,64610
1454,64610
1455,64610
1456,64610
1457,64610
1458,64610
1459,64610
1460,64610
1461,64610
1462,64610
1463,64610
1464,64610
1465,64610
1466,64610
1467,64610
1468,64610
1469,64610
1470,64610
1471,64610
1472,64610
1473,64610
1474,64610
1475,64610
1476,64610
1477,64610
1478,64610
1479,64610
1480,64610
1481,64610
1482,64610
1483,64610
1484,64610
1485,64610
1486,64610
1487,64610
1488,64610
1489,64610
1490,64610
1491,64610
1492,64610
1493,64610
1494,64610
1495,64610
1496,64610
1497,64610
1498,64610
1499,64610
1500,64610
1501,64610
1502,64610
1503,64610
1504,64610
1505,64610
1506,64610
1507,64610
1508,64610
1509,64610
1510,64610
1511,64610
1512,64610
1513,64610
1514,64610
1515,64610
1516,64610
1517,64610
1518,64610
1519,64610
1520,64610
1521,64610
1522,64610
1523,64610
1524,64610
1525,64610
1526,64610
1527,64610
1528,64610
1529,64610
1530,64610
1531,64610
1532,64610
1533,64610
1534,64610
1535,64610
1536,64610
1537,64610
1538,64610
1539,64610
1540,64610
1541,64610
1542,64610
1543,64610
1544,64610
1545,64610
1546,64610
1547,64610
1548,64610
1549,64610
1550,64610
1551,64610
1552,64610
1553,64610
1554,64610
1555,64610
1556,64610
1557,64610
1558,64610
1559,64610
1560,64610
1561,64610
1562,64610
1563,64610
1564,64610
1565,64610
1566,64610
1567,64610
1568,64610
1569,64610
1570,64610
1571,64610
1572,64610
1573,64610
1574,64610
1575,64610
1576,64610
1577,64610
1578,64610
1579,64610
1580,64610
1581,64610
1582,64610
1583,64610
1584,64610
1585,64610
1586,64610
1587,64610
1588,64610
1589,64610
1590,64610
1591,64610
1592,64610
1593,64610
1594,64610
1595,64610
1596,64610
1597,64610
1598,64610
1599,64610
1600,64610
1601,64610
1602,64610
1603,64610
1604,64610
1605,64610
1606,64610
1607,64610
1608,64610
1609,64610
1610,64610
1611,64610
1612,64610
1613,64610
1614,64610
1615,64610
1616,64610
1617,64610
1618,64610
1619,64610
1620,64610
1621,64610
1622,64610
1623,64610
1624,64610
1625,64610
1626,64610
1627,64610
1628,64610
1629,64610
1630,64610
1631,64610
1632,64610
1633,64610
1634,64610
1635,64610
1636,64610
1637,64610
1638,64610
1639,64610
1640,64610
1641,64610
1642,64610
1643,64610
1644,64610
1645,64610
1646,64610
1647,64610
1648,64610
1649,64610
1650,64610
1651,64610
1652,64610
1653,64610
1654,64610
1655,64610
1656,64610
1657,64610
1658,64610
1659,64610
1660,64610
1661,64610
1662,64610
1663,64610
1664,64610
1665,64610
1666,64610
1667,64610
1668,64610
1669,64610
1670,64610
1671,64610
1672,64610
1673,64610
1674,64610
1675,64610
1676,64610
1677,64610
1678,64610
1679,64610
1680,64610
1681,64610
1682,64610
1683,64610
1684,64610
1685,64610
1686,64610
1687,64610
1688,64610
1689,64610
1690,64610
1691,64610
1692,64610
1693,64610
1694,64610
1695,64610
1696,64610
1697,64610
1698,64610
1699,64610
1700,64610
1701,64610
1702,64610
1703,64610
1704,64610
1705,64610
1706,64610
1707,64610
1708,64610
1709,64610
1710,64610
1711,64610
1712,64610
1713,64610
1714,64610
1715,64610
1716,64610
1717,64610
1718,64610
1719,64610
1720,64610
1721,64610
1722,64610
1723,64610
1724,64610
1725,64610
1726,64610
1727,64610
1728,64610
1729,64610
1730,64610
1731,64610
1732,64610
1733,64610
1734,64610
1735,64610
1736,64610
1737,64610
1738,64610
1739,64610
1740,64610
1741,64610
1742,64610
1743,64610
1744,64610
1745,64610
1746,64610
1747,64610
1748,64610
1749,64610
1750,64610
1751,64610
1752,64610
1753,64610
1754,64610
1755,64610
1756,64610
1757,64610
1758,64610
1759,64610
1760,64610
1761,64610
1762,64610
1763,64610
1764,64610
1765,64610
1766,64610
1767,64610
1768,64610
1769,64610
1770,64610
1771,64610
1772,64610
1773,64610
1774,64610
1775,64610
1776,64610
1777,64610
1778,64610
1779,64610
1780,64610
1781,64610
1782,64610
1783,64610
1784,64610
1785,64610
1786,64610
1787,64610
1788,64610
1789,64610
1790,64610
1791,64610
1792,64610
1793,64610
1794,64610
1795,64610
1796,64610
1797,64610
1798,64610
1799,64610
1800,64610
1801,64610
1802,64610
1803,64610
1804,64610
1805,64610
1806,64610
1807,64610
1808,64610
1809,64610
1810,64610
1811,64610
1812,64610
1813,64610
1814,64610
1815,64610
1816,64610
1817,64610
1818,64610
1819,64610
1820,64610
1821,64610
1822,64610
1823,64610
1824,64610
1825,64610
1826,64610
1827,64610
1828,64610
1829,64610
1830,64610
1831,64610
1832,64610
1833,64610
1834,64610
1835,64610
1836,64610
1837,64610
1838,64610
1839,64610
1840,64610
1841,64610
1842,64610
1843,64610
1844,64610
1845,64610
1846,64610
1847,64610
1848,64610
1849,64610
1850,64610
1851,64610
1852,64610
1853,64610
1854,64610
1855,64610
1856,64610
1857,64610
1858,64610
1859,64610
1860,64610
1861,64610
1862,64610
1863,64610
1864,64610
1865,64610
1866,64610
1867,64610
1868,64610
1869,64610
1870,64610
1871,64610
1872,64610
1873,64610
1874,64610
1875,64610
1876,64610
1877,64610
1878,64610
1879,64610
1880,64610
1881,64610
1882,64610
1883,64610
1884,64610
1885,64610
1886,64610
1887,64610
1888,64610
1889,64610
1890,64610
1891,64610
1892,64610
1893,64610
1894,64610
1895,64610
1896,64610
1897,64610
1898,64610
1899,64610
1900,64610
1901,64610
1902,64610
1903,64610
1904,64610
1905,64610
1906,64610
1907,64610
1908,64610
1909,64610
1910,64610
1911,64610
1912,64610
1913,64610
1914,64610
1915,64610
1916,64610
1917,64610
1918,64610
1919,64610
1920,64610
1921,64610
1922,64610
1923,64610
1924,64610
1925,64610
1926,64610
1927,64610
1928,64610
1929,64610
1930,64610
1931,64610
1932,64610
1933,64610
1934,64610
1935,64610
1936,64610
1937,64610
1938,64610
1939,64610
1940,64610
1941,64610
1942,64610
1943,64610
1944,64610
1945,64610
1946,64610
1947,64610
1948,64610
1949,64610
1950,64610
1951,64610
1952,64610
1953,64610
1954,64610
1955,64610
1956,64610
1957,64610
1958,64610
1959,64610
1960,64610
1961,64610
1962,64610
1963,64610
1964,64610
1965,64610
1966,64610
1967,64610
1968,64610
1969,64610
1970,64610
1971,64610
1972,64610
1973,64610
1974,64610
1975,64610
1976,64610
1977,64610
1978,64610
1979,64610
1980,64610
1981,64610
1982,64610
1983,64610
1984,64610
1985,64610
1986,64610
1987,64610
1988,64610
1989,64610
1990,64610
1991,64610
1992,64610
1993,64610
1994,64610
1995,64610
1996,64610
1997,64610
1998,64610
1999,64610
2000,64610
2001,64610
2002,64610
2003,64610
2004,64610
2005,64610
2006,64610
2007,64610
2008,64610
2009,64610
2010,64610
2011,64610
2012,64610
2013,64610
2014,64610
2015,64610
2016,64610
2017,64610
2018,64610
2019,64610
2020,64610
2021,64610
2022,64610
2023,64610
2024,64610
2025,64610
2026,64610
2027,64610
2028,64610
2029,64610
2030,64610
2031,64610
2032,64610
2033,64610
2034,64610
2035,64610
2036,64610
2037,64610
2038,64610
2039,64610
2040,64610
2041,64610
2042,64610
2043,64610
2044,64610
2045,64610
2046,64610
2047,64610
2048,64610
2049,64610
2050,64610
2051,64610
2052,64610
2053,64610
2054,64610
2055,64610
2056,64610
2057,64610
2058,64610
2059,64610
2060,64610
2061,64610
2062,64610
2063,64610
2064,64610
2065,64610
2066,64610
2067,64610
2068,64610
2069,64610
2070,64610
2071,64610
2072,64610
2073,64610
2074,64610
2075,64610
2076,64610
2077,64610
2078,64610
2079,64610
2080,64610
2081,64610
2082,64610
2083,64610
2084,64610
2085,64610
2086,64610
2087,64610
2088,64610
2089,64610
2090,64610
2091,64610
2092,64610
2093,64610
2094,64610
2095,64610
2096,64610
2097,64610
2098,64610
2099,64610
2100,64610
2101,64610
2102,64610
2103,64610
2104,64610
2105,64610
2106,64610
2107,64610
2108,64610
2109,64610
2110,64610
2111,64610
2112,64610
2113,64610
2114,64610
2115,64610
2116,64610
2117,64610
2118,64610
2119,64610
2120,64610
2121,64610
2122,64610
2123,64610
2124,64610
2125,64610
2126,64610
2127,64610
2128,64610
2129,64610
2130,64610
2131,64610
2132,64610
2133,64610
2134,64610
2135,64610
2136,64610
2137,64610
2138,64610
2139,64610
2140,64610
2141,64610
2142,64610
2143,64610
2144,64610
2145,64610
2146,64610
2147,64610
2148,64610
2149,64610
2150,64610
2151,64610
2152,64610
2153,64610
2154,64610
2155,64610
2156,64610
2157,64610
2158,64610
2159,64610
2160,64610
2161,64610
2162,64610
2163,64610
2164,64610
2165,64610
2166,64610
2167,64610
2168,64610
2169,64610
2170,64610
2171,64610
2172,64610
2173,64610
2174,64610
2175,64610
2176,64610
2177,64610
2178,64610
2179,64610
2180,64610
2181,64610
2182,64610
2183,64610
2184,64610
2185,64610
2186,64610
2187,64610
2188,64610
2189,64610
2190,64610
2191,64610
2192,64610
2193,64610
2194,64610
2195,64610
2196,64610
2197,64610
2198,64610
2199,64610
2200,64610
2201,64610
2202,64610
2203,64610
2204,64610
2205,64610
2206,64610
2207,64610
2208,64610
2209,64610
2210,64610
2211,64610
2212,64610
2213,64610
2214,64610
2215,64610
2216,64610
2217,64610
2218,64610
2219,64610
2220,64610
2221,64610
2222,64610
2223,64610
2224,64610
2225,64610
2226,64610
2227,64610
2228,64610
2229,64610
2230,64610
2231,64610
2232,64610
2233,64610
2234,64610
2235,64610
2236,64610
2237,64610
2238,64610
2239,64610
2240,64610
2241,64610
2242,64610
2243,64610
2244,64610
2245,64610
2246,64610
2247,64610
2248,64610
2249,64610
2250,64610
2251,64610
2252,64610
2253,64610
2254,64610
2255,64610
2256,64610
2257,64610
2258,64610
2259,64610
2260,64610
2261,64610
2262,64610
2263,64610
2264,64610
2265,64610
2266,64610
2267,64610
2268,64610
2269,64610
2270,64610
2271,64610
2272,64610
2273,64610
2274,64610
2275,64610
2276,64610
2277,64610
2278,64610
2279,64610
2280,64610
2281,64610
2282,64610
2283,64610
2284,64610
2285,64610
2286,64610
2287,64610
2288,64610
2289,64610
2290,64610
2291,64610
2292,64610
2293,64610
2294,64610
2295,64610
2296,64610
2297,64610
2298,64610
2299,64610
2300,64610
2301,64610
2302,64610
2303,64610
2304,64610
2305,64610
2306,64610
2307,64610
2308,64610
2309,64610
2310,64610
2311,64610
2312,64610
2313,64610
2314,64610
2315,64610
2316,64610
2317,64610
2318,64610
2319,64610
2320,64610
2321,64610
2322,64610
2323,64610
2324,64610
2325,64610
2326,64610
2327,64610
2328,64610
2329,64610
2330,64610
2331,64610
2332,64610
2333,64610
2334,64610
2335,64610
2336,64610
2337,64610
2338,64610
2339,64610
2340,64610
2341,64610
2342,64610
2343,64610
2344,64610
2345,64610
2346,64610
2347,64610
2348,64610
2349,64610
2350,64610
2351,64610
2352,64610
2353,64610
2354,64610
2355,64610
2356,64610
2357,64610
2358,64610
2359,64610
2360,64610
2361,64610
2362,64610
2363,64610
2364,64610
2365,64610
2366,64610
2367,64610
2368,64610
2369,64610
2370,64610
2371,64610
2372,64610
2373,64610
2374,64610
2375,64610
2376,64610
2377,64610
2378,64610
2379,64610
2380,64610
2381,64610
2382,64610
2383,64610
2384,64610
2385,64610
2386,64610
2387,64610
2388,64610
2389,64610
2390,64610
2391,64610
2392,64610
2393,64610
2394,64610
2395,64610
2396,64610
2397,64610
2398,64610
2399,64610
2400,64610
2401,64610
2402,64610
2403,64610
2404,64610
2405,64610
2406,64610
2407,64610
2408,64610
2409,64610
2410,64610
2411,64610
2412,64610
2413,64610
2414,64610
2415,64610
2416,64610
2417,64610
2418,64610
2419,64610
2420,64610
2421,64610
2422,64610
2423,64610
2424,64610
2425,64610
2426,64610
2427,64610
2428,64610
2429,64610
2430,64610
2431,64610
2432,64610
2433,64610
2434,64610
2435,64610
2436,64610
2437,64610
2438,64610
2439,64610
2440,64610
2441,64610
2442,64610
2443,64610
2444,64610
2445,64610
2446,64610
2447,64610
2448,64610
2449,64610
2450,64610
2451,64610
2452,64610
2453,64610
2454,64610
2455,64610
2456,64610
2457,64610
2458,64610
2459,64610
2460,64610
2461,64610
2462,64610
2463,64610
2464,64610
2465,64610
2466,64610
2467,64610
2468,64610
2469,64610
2470,64610
2471,64610
2472,64610
2473,64610
2474,64610
2475,64610
2476,64610
2477,64610
2478,64610
2479,64610
2480,64610
2481,64610
2482,64610
2483,64610
2484,64610
2485,64610
2486,64610
2487,64610
2488,64610
2489,64610
2490,64610
2491,64610
2492,64610
2493,64610
2494,64610
2495,64610
2496,64610
2497,64610
2498,64610
2499,64610
2500,64610
2501,64610
2502,64610
2503,64610
2504,64610
2505,64610
2506,64610
2507,64610
2508,64610
2509,64610
2510,64610
2511,64610
2512,64610
2513,64610
2514,64610
2515,64610
2516,64610
2517,64610
2518,64610
2519,64610
2520,64610
2521,64610
2522,64610
2523,64610
2524,64610
2525,64610
2526,64610
2527,64610
2528,64610
2529,64610
2530,64610
2531,64610
2532,64610
2533,64610
2534,64610
2535,64610
2536,64610
2537,64610
2538,64610
2539,64610
2540,64610
2541,64610
2542,64610
2543,64610
2544,64610
2545,64610
2546,64610
2547,64610
2548,64610
2549,64610
2550,64610
2551,64610
2552,64610
2553,64610
2554,64610
2555,64610
2556,64610
2557,64610
2558,64610
2559,64610
2560,64610
2561,64610
2562,64610
2563,64610
2564,64610
2565,64610
2566,64610
2567,64610
2568,64610
2569,64610
2570,64610
2571,64610
2572,64610
2573,64610
2574,64610
2575,64610
2576,64610
2577,64610
2578,64610
2579,64610
2580,64610
2581,64610
2582,64610
2583,64610
2584,64610
2585,64610
2586,64610
2587,64610
2588,64610
2589,64610
2590,64610
2591,64610
2592,64610
2593,64610
2594,64610
2595,64610
2596,64610
2597,64610
2598,64610
2599,64610
2600,64610
2601,64610
2602,64610
2603,64610
2604,64610
2605,64610
2606,64610
2607,64610
2608,64610
2609,64610
2610,64610
2611,64610
2612,64610
2613,64610
2614,64610
2615,64610
2616,64610
2617,64610
2618,64610
2619,64610
2620,64610
2621,64610
2622,64610
2623,64610
2624,64610
2625,64610
2626,64610
2627,64610
2628,64610
2629,64610
2630,64610
2631,64610
2632,64610
2633,64610
2634,64610
2635,64610
2636,64610
2637,64610
2638,64610
2639,64610
2640,64610
2641,64610
2642,64610
2643,64610
2644,64610
2645,64610
2646,64610
2647,64610
2648,64610
2649,64610
2650,64610
2651,64610
2652,64610
2653,64610
2654,64610
2655,64610
2656,64610
2657,64610
2658,64610
2659,64610
2660,64610
2661,64610
2662,64610
2663,64610
2664,64610
2665,64610
2666,64610
2667,64610
2668,64610
2669,64610
2670,64610
2671,64610
2672,64610
2673,64610
2674,64610
2675,64610
2676,64610
2677,64610
2678,64610
2679,64610
2680,64610
2681,64610
2682,64610
2683,64610
2684,64610
2685,64610
2686,64610
2687,64610
2688,64610
2689,64610
2690,64610
2691,64610
2692,64610
2693,64610
2694,64610
2695,64610
2696,64610
2697,64610
2698,64610
2699,64610
2700,64610
2701,64610
2702,64610
2703,64610
2704,64610
2705,64610
2706,64610
2707,64610
2708,64610
2709,64610
2710,64610
2711,64610
2712,64610
2713,64610
2714,64610
2715,64610
2716,64610
2717,64610
2718,64610
2719,64610
2720,64610
2721,64610
2722,64610
2723,64610
2724,64610
2725,64610
2726,64610
2727,64610
2728,64610
2729,64610
2730,64610
2731,64610
2732,64610
2733,64610
2734,64610
2735,64610
2736,64610
2737,64610
2738,64610
2739,64610
2740,64610
2741,64610
2742,64610
2743,64610
2744,64610
2745,64610
2746,64610
2747,64610
2748,64610
2749,64610
2750,64610
2751,64610
2752,64610
2753,64610
2754,64610
2755,64610
2756,64610
2757,64610
2758,64610
2759,64610
2760,64610
2761,64610
2762,64610
2763,64610
2764,64610
2765,64610
2766,64610
2767,64610
2768,64610
2769,64610
2770,64610
2771,64610
2772,64610
2773,64610
2774,64610
2775,64610
2776,64610
2777,64610
2778,64610
2779,64610
2780,64610
2781,64610
2782,64610
2783,64610
2784,64610
2785,64610
2786,64610
2787,64610
2788,64610
2789,64610
2790,64610
2791,64610
2792,64610
2793,64610
2794,64610
2795,64610
2796,64610
2797,64610
2798,64610
2799,64610
2800,64610
2801,64610
2802,64610
2803,64610
2804,64610
2805,64610
2806,64610
2807,64610
2808,64610
2809,64610
2810,64610
2811,64610
2812,64610
2813,64610
2814,64610
2815,64610
2816,64610
2817,64610
2818,64610
2819,64610
2820,64610
2821,64610
2822,64610
2823,64610
2824,64610
2825,64610
2826,64610
2827,64610
2828,64610
2829,64610
2830,64610
2831,64610
2832,64610
2833,64610
2834,64610
2835,64610
2836,64610
2837,64610
2838,64610
2839,64610
2840,64610
2841,64610
2842,64610
2843,64610
2844,64610
2845,64610
2846,64610
2847,64610
2848,64610
2849,64610
2850,64610
2851,64610
2852,64610
2853,64610
2854,64610
2855,64610
2856,64610
2857,64610
2858,64610
2859,64610
2860,64610
2861,64610
2862,64610
2863,64610
2864,64610
2865,64610
2866,64610
2867,64610
2868,64610
2869,64610
2870,64610
2871,64610
2872,64610
2873,64610
2874,64610
2875,64610
2876,64610
2877,64610
2878,64610
2879,64610
2880,64610
2881,64610
2882,64610
2883,64610
2884,64610
2885,64610
2886,64610
2887,64610
2888,64610
2889,64610
2890,64610
2891,64610
2892,64610
2893,64610
2894,64610
2895,64610
2896,64610
2897,64610
2898,64610
2899,64610
2900,64610
2901,64610
2902,64610
2903,64610
2904,64610
2905,64610
2906,64610
2907,64610
2908,64610
2909,64610
2910,64610
2911,64610
2912,64610
2913,64610
2914,64610
2915,64610
2916,64610
2917,64610
2918,64610
2919,64610
2920,64610
2921,64610
2922,64610
2923,64610
2924,64610
2925,64610
2926,64610
2927,64610
2928,64610
2929,64610
2930,64610
2931,64610
2932,64610
2933,64610
2934,64610
2935,64610
2936,64610
2937,64610
2938,64610
2939,64610
2940,64610
2941,64610
2942,64610
2943,64610
2944,64610
2945,64610
2946,64610
2947,64610
2948,64610
2949,64610
2950,64610
2951,64610
2952,64610
2953,64610
2954,64610
2955,64610
2956,64610
2957,64610
2958,64610
2959,64610
2960,64610
2961,64610
2962,64610
2963,64610
2964,64610
2965,64610
2966,64610
2967,64610
2968,64610
2969,64610
2970,64610
2971,64610
2972,64610
2973,64610
2974,64610
2975,64610
2976,64610
2977,64610
2978,64610
2979,64610
2980,64610
2981,64610
2982,64610
2983,64610
2984,64610
2985,64610
2986,64610
2987,64610
2988,64610
2989,64610
2990,64610
2991,64610
2992,64610
2993,64610
2994,64610
2995,64610
2996,64610
2997,64610
2998,64610
2999,64610
3000,64610
3001,64610
3002,64610
3003,64610
3004,64610
3005,64610
3006,64610
3007,64610
3008,64610
3009,64610
3010,64610
3011,64610
3012,64610
3013,64610
3014,64610
3015,64610
3016,64610
3017,64610
3018,64610
3019,64610
3020,64610
3021,64610
3022,64610
3023,64610
3024,64610
3025,64610
3026,64610
3027,64610
3028,64610
3029,64610
3030,64610
3031,64610
3032,64610
3033,64610
3034,64610
3035,64610
3036,64610
3037,64610
3038,64610
3039,64610
3040,64610
3041,64610
3042,64610
3043,64610
3044,64610
3045,64610
3046,64610
3047,64610
3048,64610
3049,64610
3050,64610
3051,64610
3052,64610
3053,64610
3054,64610
3055,64610
3056,64610
3057,64610
3058,64610
3059,64610
3060,64610
3061,64610
3062,64610
3063,64610
3064,64610
3065,64610
3066,64610
3067,64610
3068,64610
3069,64610
3070,64610
3071,64610
3072,64610
3073,64610
3074,64610
3075,64610
3076,64610
3077,64610
3078,64610
3079,64610
3080,64610
3081,64610
3082,64610
3083,64610
3084,64610
3085,64610
3086,64610
3087,64610
3088,64610
3089,64610
3090,64610
3091,64610
3092,64610
3093,64610
3094,64610
3095,64610
3096,64610
3097,64610
3098,64610
3099,64610
3100,64610
3101,64610
3102,64610
3103,64610
3104,64610
3105,64610
3106,64610
3107,64610
3108,64610
3109,64610
3110,64610
3111,64610
3112,64610
3113,64610
3114,64610
3115,64610
3116,64610
3117,64610
3118,64610
3119,64610
3120,64610
3121,64610
3122,64610
3123,64610
3124,64610
3125,64610
3126,64610
3127,64610
3128,64610
3129,64610
3130,64610
3131,64610
3132,64610
3133,64610
3134,64610
3135,64610
3136,64610
3137,64610
3138,64610
3139,64610
3140,64610
3141,64610
3142,64610
3143,64610
3144,64610
3145,64610
3146,64610
3147,64610
3148,64610
3149,64610
3150,64610
3151,64610
3152,64610
3153,64610
3154,64610
3155,64610
3156,64610
3157,64610
3158,64610
3159,64610
3160,64610
3161,64610
3162,64610
3163,64610
3164,64610
3165,64610
3166,64610
3167,64610
3168,64610
3169,64610
3170,64610
3171,64610
3172,64610
3173,64610
3174,64610
3175,64610
3176,64610
3177,64610
3178,64610
3179,64610
3180,64610
3181,64610
3182,64610
3183,64610
3184,64610
3185,64610
3186,64610
3187,64610
3188,64610
3189,64610
3190,64610
3191,64610
3192,64610
3193,64610
3194,64610
3195,64610
3196,64610
3197,64610
3198,64610
3199,64610
3200,64610
3201,64610
3202,64610
3203,64610
3204,64610
3205,64610
3206,64610
3207,64610
3208,64610
3209,64610
3210,64610
3211,64610
3212,64610
3213,64610
3214,64610
3215,64610
3216,64610
3217,64610
3218,64610
3219,64610
3220,64610
3221,64610
3222,64610
3223,64610
3224,64610
3225,64610
3226,64610
3227,64610
3228,64610
3229,64610
3230,64610
3231,64610
3232,64610
3233,64610
3234,64610
3235,64610
3236,64610
3237,64610
3238,64610
3239,64610
3240,64610
3241,64610
3242,64610
3243,64610
3244,64610
3245,64610
3246,64610
3247,64610
3248,64610
3249,64610
3250,64610
3251,64610
3252,64610
3253,64610
3254,64610
3255,64610
3256,64610
3257,64610
3258,64610
3259,64610
3260,64610
3261,64610
3262,64610
3263,64610
3264,64610
3265,64610
3266,64610
3267,64610
3268,64610
3269,64610
3270,64610
3271,64610
3272,64610
3273,64610
3274,64610
3275,64610
3276,64610
3277,64610
3278,64610
3279,64610
3280,64610
3281,64610
3282,64610
3283,64610
3284,64610
3285,64610
3286,64610
3287,64610
3288,64610
3289,64610
3290,64610
3291,64610
3292,64610
3293,64610
3294,64610
3295,64610
3296,64610
3297,64610
3298,64610
3299,64610
3300,64610
3301,64610
3302,64610
3303,64610
3304,64610
3305,64610
3306,64610
3307,64610
3308,64610
3309,64610
3310,64610
3311,64610
3312,64610
3313,64610
3314,64610
3315,64610
3316,64610
3317,64610
3318,64610
3319,64610
3320,64610
3321,64610
3322,64610
3323,64610
3324,64610
3325,64610
3326,64610
3327,64610
3328,64610
3329,64610
3330,64610
3331,64610
3332,64610
3333,64610
3334,64610
3335,64610
3336,64610
3337,64610
3338,64610
3339,64610
3340,64610
3341,64610
3342,64610
3343,64610
3344,64610
3345,64610
3346,64610
3347,64610
3348,64610
3349,64610
3350,64610
3351,64610
3352,64610
3353,64610
3354,64610
3355,64610
3356,64610
3357,64610
3358,64610
3359,64610
3360,64610
3361,64610
3362,64610
3363,64610
3364,64610
3365,64610
3366,64610
3367,64610
3368,64610
3369,64610
3370,64610
3371,64610
3372,64610
3373,64610
3374,64610
3375,64610
3376,64610
3377,64610
3378,64610
3379,64610
3380,64610
3381,64610
3382,64610
3383,64610
3384,64610
3385,64610
3386,64610
3387,64610
3388,64610
3389,64610
3390,64610
3391,64610
3392,64610
3393,64610
3394,64610
3395,64610
3396,64610
3397,64610
3398,64610
3399,64610
3400,64610
3401,64610
3402,64610
3403,64610
3404,64610
3405,64610
3406,64610
3407,64610
3408,64610
3409,64610
3410,64610
3411,64610
3412,64610
3413,64610
3414,64610
3415,64610
3416,64610
3417,64610
3418,64610
3419,64610
3420,64610
3421,64610
3422,64610
3423,67235
3424,67235
3425,67235
3426,67235
3427,67235
3428,67235
3429,67235
3430,67235
3431,67235
3432,67235
3433,67235
3434,67235
3435,67235
3436,67235
3437,67235
3438,67235
3439,67235
3440,67235
3441,67235
3442,67235
3443,67235
3444,67235
3445,67235
3446,67235
3447,67235
3448,67235
3449,67235
3450,67235
3451,67235
3452,67235
3453,67235
3454,67235
3455,67235
3456,67235
3457,67235
3458,67235
3459,67235
3460,67235
3461,67235
3462,67235
3463,67235
3464,67235
3465,67235
3466,67235
3467,67235
3468,67235
3469,67235
3470,67235
3471,67235
3472,67235
3473,67235
3474,67235
3475,67235
3476,67235
3477,67235
3478,67235
3479,67235
3480,67235
3481,67235
3482,67235
3483,67235
3484,67235
3485,67235
3486,67235
3487,67235
3488,67235
3489,67235
3490,67235
3491,67235
3492,67235
3493,67235
3494,67235
3495,67235
3496,67235
3497,67235
3498,67235
3499,67235
3500,67235
3501,67235
3502,67235
3503,67235
3504,67235
3505,67235
3506,67235
3507,67235
3508,67235
3509,67235
3510,67235
3511,67235
3512,67235
3513,67235
3514,67235
3515,67235
3516,67235
3517,67235
3518,67235
3519,67235
3520,67235
3521,67235
3522,67235
3523,67235
3524,67235
3525,67235
3526,67235
3527,67235
3528,67235
3529,67235
3530,67235
3531,67235
3532,67235
3533,67235
3534,67235
3535,67235
3536,67235
3537,67235
3538,67235
3539,67235
3540,67235
3541,67235
3542,67235
3543,67235
3544,67235
3545,67235
3546,67235
3547,67235
3548,67235
3549,67235
3550,67235
3551,67235
3552,67235
3553,67235
3554,67235
3555,67235
3556,67235
3557,67235
3558,67235
3559,67235
3560,67235
3561,67235
3562,67235
3563,67235
3564,67235
3565,67235
3566,67235
3567,67235
3568,67235
3569,67235
3570,67235
3571,67235
3572,67235
3573,67235
3574,67235
3575,67235
3576,67235
3577,67235
3578,67235
3579,67235
3580,67235
3581,67235
3582,67235
3583,67235
3584,67235
3585,67235
3586,67235
3587,67235
3588,67235
3589,67235
3590,67235
3591,67235
3592,67235
3593,67235
3594,67235
3595,67235
3596,67235
3597,67235
3598,67235
3599,67235
3600,67235
3601,67235
3602,67235
3603,67235
3604,67235
3605,67235
3606,67235
3607,67235
3608,67235
3609,67235
3610,67235
3611,67235
3612,67235
3613,67235
3614,67235
3615,67235
3616,67235
3617,67235
3618,67235
3619,67235
3620,67235
3621,67235
3622,67235
3623,67235
3624,67235
3625,67235
3626,67235
3627,68810
3628,68810
3629,68810
3630,68810
3631,68810
3632,68810
3633,68810
3634,68810
3635,68810
3636,68810
3637,68810
3638,68810
3639,68810
3640,68810
3641,68810
3642,68810
3643,68810
3644,68810
3645,68810
3646,68810
3647,68810
3648,68810
3649,68810
3650,68810
3651,68810
3652,68810
3653,68810
3654,68810
3655,68810
3656,68810
3657,68810
3658,68810
3659,68810
3660,68810
3661,68810
3662,68810
3663,68810
3664,68810
3665,68810
3666,68810
3667,68810
3668,68810
3669,68810
3670,68810
3671,68810
3672,68810
3673,68810
3674,68810
3675,68810
3676,68810
3677,68810
3678,68810
3679,68810
3680,68810
3681,68810
3682,68810
3683,68810
3684,68810
3685,68810
3686,68810
3687,68810
3688,68810
3689,68810
3690,68810
3691,68810
3692,68810
3693,68810
3694,68810
3695,68810
3696,68810
3697,68810
3698,68810
3699,68810
3700,68810
3701,68810
3702,68810
3703,68810
3704,68810
3705,68810
3706,68810
3707,68810
3708,68810
3709,68810
3710,68810
3711,68810
3712,68810
3713,68810
3714,68810
3715,68810
3716,68810
3717,68810
3718,68810
3719,68810
3720,68810
3721,68810
3722,68810
3723,68810
3724,68810
3725,68810
3726,68810
3727,68810
3728,68810
3729,68810
3730,68810
3731,68810
3732,68810
3733,68810
3734,68810
3735,68810
3736,68810
3737,68810
3738,68810
3739,68810
3740,68810
3741,68810
3742,68810
3743,68810
3744,68810
3745,68810
3746,68810
3747,68810
3748,68810
3749,68810
3750,68810
3751,68810
3752,68810
3753,68810
3754,68810
3755,68810
3756,68810
3757,68810
3758,68810
3759,68810
3760,68810
3761,68810
3762,68810
3763,68810
3764,68810
3765,68810
3766,68810
3767,68810
3768,68810
3769,68810
3770,68810
3771,68810
3772,68810
3773,68810
3774,68810
3775,68810
3776,68810
3777,68810
3778,68810
3779,68810
3780,68810
3781,68810
3782,68810
3783,68810
3784,68810
3785,68810
3786,68810
3787,68810
3788,68810
3789,68810
3790,68810
3791,68810
3792,68810
3793,68810
3794,68810
3795,68810
3796,68810
3797,68810
3798,68810
3799,68810
3800,68810
3801,68810
3802,68810
3803,68810
3804,68810
3805,68810
3806,68810
3807,68810
3808,68810
3809,68810
3810,68810
3811,68810
3812,68810
3813,68810
3814,68810
3815,68810
3816,68810
3817,68810
3818,68810
3819,68810
3820,68810
3821,68810
3822,68810
3823,68810
3824,68810
3825,68810
3826,68810
3827,68810
3828,68810
3829,68810
3830,68810
3831,68810
3832,68810
3833,68810
3834,68810
3835,68810
3836,68810
3837,68810
3838,68810
3839,68810
3840,68810
3841,68810
3842,68810
3843,68810
3844,68810
3845,68810
3846,68810
3847,68810
3848,68810
3849,68810
3850,68810
3851,68810
3852,68810
3853,68810
3854,68810
3855,68810
3856,68810
3857,68810
3858,68810
3859,68810
3860,68810
3861,68810
3862,68810
3863,68810
3864,68810
3865,68810
3866,68810
3867,68810
3868,68810
3869,68810
3870,68810
3871,68810
3872,68810
3873,68810
3874,68810
3875,68810
3876,68810
3877,68810
3878,68810
3879,68810
3880,68810
3881,68810
3882,68810
3883,68810
3884,68810
3885,68810
3886,68810
3887,68810
3888,68810
3889,68810
3890,68810
3891,68810
3892,68810
3893,68810
3894,68810
3895,68810
3896,68810
3897,68810
3898,68810
3899,68810
3900,68810
3901,68810
3902,68810
3903,68810
3904,68810
3905,68810
3906,68810
3907,68810
3908,68810
3909,68810
3910,68810
3911,68810
3912,68810
3913,68810
3914,68810
3915,68810
3916,68810
3917,68810
3918,68810
3919,68810
3920,68810
3921,68810
3922,68810
3923,68810
3924,68810
3925,68810
3926,68810
3927,68810
3928,68810
3929,68810
3930,68810
3931,68810
3932,68810
3933,68810
3934,68810
3935,68810
3936,68810
3937,68810
3938,68810
3939,68810
3940,68810
3941,68810
3942,68810
3943,68810
3944,68810
3945,68810
3946,68810
3947,68810
3948,68810
3949,68810
3950,68810
3951,68810
3952,68810
3953,68810
3954,68810
3955,68810
3956,68810
3957,68810
3958,68810
3959,68810
3960,68810
3961,68810
3962,68810
3963,68810
3964,68810
3965,68810
3966,68810
3967,68810
3968,68810
3969,68810
3970,68810
3971,68810
3972,68810
3973,68810
3974,68810
3975,68810
3976,68810
3977,68810
3978,68810
3979,68810
3980,68810
3981,68810
3982,68810
3983,68810
3984,68810
3985,68810
3986,68810
3987,68810
3988,68810
3989,68810
3990,68810
3991,68810
3992,68810
3993,68810
3994,68810
3995,68810
3996,68810
3997,68810
3998,68810
3999,68810
4000,68810
4001,68810
4002,68810
4003,68810
4004,68810
4005,68810
4006,68810
4007,68810
4008,68810
4009,68810
4010,68810
4011,68810
4012,68810
4013,68810
4014,68810
4015,68810
4016,68810
4017,68810
4018,68810
4019,68810
4020,68810
4021,68810
4022,68810
4023,68810
4024,68810
4025,68810
4026,68810
4027,68810
4028,68810
4029,68810
4030,68810
4031,68810
4032,68810
4033,68810
4034,68810
4035,68810
4036,68810
4037,68810
4038,68810
4039,68810
4040,68810
4041,68810
4042,68810
4043,68810
4044,68810
4045,68810
4046,68810
4047,68810
4048,68810
4049,68810
4050,68810
4051,68810
4052,68810
4053,68810
4054,68810
4055,68810
4056,68810
4057,68810
4058,68810
4059,68810
4060,68810
4061,68810
4062,68810
4063,68810
4064,68810
4065,68810
4066,68810
4067,68810
4068,68810
4069,68810
4070,68810
4071,68810
4072,68810
4073,68810
4074,68810
4075,68810
4076,68810
4077,68810
4078,68810
4079,68810
4080,68810
4081,68810
4082,68810
4083,68810
4084,68810
4085,68810
4086,68810
4087,68810
4088,68810
4089,68810
4090,68810
4091,68810
4092,68810
4093,68810
4094,68810
4095,68810
4096,68810
4097,68810
4098,68810
4099,68810
4100,68810
4101,68810
4102,68810
4103,68810
4104,68810
4105,68810
4106,68810
4107,68810
4108,68810
4109,68810
4110,68810
4111,68810
4112,68810
4113,68810
4114,68810
4115,68810
4116,68810
4117,68810
4118,68810
4119,68810
4120,68810
4121,68810
4122,68810
4123,68810
4124,68810
4125,68810
4126,68810
4127,68810
4128,68810
4129,68810
4130,68810
4131,68810
4132,68810
4133,68810
4134,68810
4135,68810
4136,68810
4137,68810
4138,68810
4139,68810
4140,68810
4141,68810
4142,68810
4143,68810
4144,68810
4145,68810
4146,68810
4147,68810
4148,68810
4149,68810
4150,68810
4151,68810
4152,68810
4153,68810
4154,68810
4155,68810
4156,68810
4157,68810
4158,68810
4159,68810
4160,68810
4161,68810
4162,68810
4163,68810
4164,68810
4165,68810
4166,68810
4167,68810
4168,68810
4169,68810
4170,68810
4171,68810
4172,68810
4173,68810
4174,68810
4175,68810
4176,68810
4177,68810
4178,68810
4179,68810
4180,68810
4181,68810
4182,68810
4183,68810
4184,68810
4185,68810
4186,68810
4187,68810
4188,68810
4189,68810
4190,68810
4191,68810
4192,68810
4193,68810
4194,68810
4195,68810
4196,68810
4197,68810
4198,68810
4199,68810
4200,68810
4201,68810
4202,68810
4203,68810
4204,68810
4205,68810
4206,68810
4207,68810
4208,68810
4209,68810
4210,68810
4211,68810
4212,68810
4213,68810
4214,68810
4215,68810
4216,68810
4217,68810
4218,68810
4219,68810
4220,68810
4221,68810
4222,68810
4223,68810
4224,68810
4225,68810
4226,68810
4227,68810
4228,68810
4229,68810
4230,68810
4231,68810
4232,68810
4233,68810
4234,68810
4235,68810
4236,68810
4237,68810
4238,68810
4239,68810
4240,68810
4241,68810
4242,68810
4243,68810
4244,68810
4245,68810
4246,68810
4247,68810
4248,68810
4249,68810
4250,68810
4251,68810
4252,68810
4253,68810
4254,68810
4255,68810
4256,68810
4257,68810
4258,68810
4259,68810
4260,68810
4261,68810
4262,68810
4263,68810
4264,68810
4265,68810
4266,68810
4267,68810
4268,68810
4269,68810
4270,68810
4271,68810
4272,68810
4273,68810
4274,68810
4275,68810
4276,68810
4277,68810
4278,68810
4279,68810
4280,68810
4281,68810
4282,68810
4283,68810
4284,68810
4285,68810
4286,68810
4287,68810
4288,68810
4289,68810
4290,68810
4291,68810
4292,68810
4293,68810
4294,68810
4295,68810
4296,68810
4297,68810
4298,68810
4299,68810
4300,68810
4301,68810
4302,68810
4303,68810
4304,68810
4305,68810
4306,68810
4307,68810
4308,68810
4309,68810
4310,68810
4311,68810
4312,68810
4313,68810
4314,68810
4315,68810
4316,68810
4317,68810
4318,68810
4319,68810
4320,68810
4321,68810
4322,68810
4323,68810
4324,68810
4325,68810
4326,68810
4327,68810
4328,68810
4329,68810
4330,68810
4331,68810
4332,68810
4333,68810
4334,68810
4335,68810
4336,68810
4337,68810
4338,68810
4339,68810
4340,68810
4341,68810
4342,68810
4343,68810
4344,68810
4345,68810
4346,68810
4347,68810
4348,68810
4349,68810
4350,68810
4351,68810
4352,68810
4353,68810
4354,68810
4355,68810
4356,68810
4357,68810
4358,68810
4359,68810
4360,68810
4361,68810
4362,68810
4363,68810
4364,68810
4365,68810
4366,68810
4367,68810
4368,68810
4369,68810
4370,68810
4371,68810
4372,68810
4373,68810
4374,68810
4375,68810
4376,68810
4377,68810
4378,68810
4379,68810
4380,68810
4381,68810
4382,68810
4383,68810
4384,68810
4385,68810
4386,68810
4387,68810
4388,68810
4389,68810
4390,68810
4391,68810
4392,68810
4393,68810
4394,68810
4395,68810
4396,68810
4397,68810
4398,68810
4399,68810
4400,68810
4401,68810
4402,68810
4403,68810
4404,68810
4405,68810
4406,68810
4407,68810
4408,68810
4409,68810
4410,68810
4411,68810
4412,68810
4413,68810
4414,68810
4415,68810
4416,68810
4417,68810
4418,68810
4419,68810
4420,68810
4421,68810
4422,68810
4423,68810
4424,68810
4425,68810
4426,68810
4427,68810
4428,68810
4429,68810
4430,68810
4431,68810
4432,68810
4433,68810
4434,68810
4435,68810
4436,68810
4437,68810
4438,68810
4439,68810
4440,68810
4441,68810
4442,68810
4443,68810
4444,68810
4445,68810
4446,68810
4447,68810
4448,68810
4449,68810
4450,68810
4451,68810
4452,68810
4453,68810
4454,68810
4455,68810
4456,68810
4457,68810
4458,68810
4459,68810
4460,68810
4461,68810
4462,68810
4463,68810
4464,68810
4465,68810
4466,68810
4467,68810
4468,68810
4469,68810
4470,68810
4471,68810
4472,68810
4473,68810
4474,68810
4475,68810
4476,68810
4477,68810
4478,68810
4479,68810
4480,68810
4481,68810
4482,68810
4483,68810
4484,68810
4485,68810
4486,68810
4487,68810
4488,68810
4489,68810
4490,68810
4491,68810
4492,68810
4493,68810
4494,68810
4495,68810
4496,68810
4497,68810
4498,68810
4499,68810
4500,68810
4501,68810
4502,68810
4503,68810
4504,68810
4505,68810
4506,68810
4507,68810
4508,68810
4509,68810
4510,68810
4511,68810
4512,68810
4513,68810
4514,68810
4515,68810
4516,68810
4517,68810
4518,68810
4519,68810
4520,68810
4521,68810
4522,68810
4523,68810
4524,68810
4525,68810
4526,68810
4527,68810
4528,68810
4529,68810
4530,68810
4531,68810
4532,68810
4533,68810
4534,68810
4535,68810
4536,68810
4537,68810
4538,68810
4539,68810
4540,68810
4541,68810
4542,68810
4543,68810
4544,68810
4545,68810
4546,68810
4547,68810
4548,68810
4549,68810
4550,68810
4551,68810
4552,68810
4553,68810
4554,68810
4555,68810
4556,68810
4557,68810
4558,68810
4559,68810
4560,68810
4561,68810
4562,68810
4563,68810
4564,68810
4565,68810
4566,68810
4567,68810
4568,68810
4569,68810
4570,68810
4571,68810
4572,68810
4573,68810
4574,68810
4575,68810
4576,68810
4577,68810
4578,68810
4579,68810
4580,68810
4581,68810
4582,68810
4583,68810
4584,68810
4585,68810
4586,68810
4587,68810
4588,68810
4589,68810
4590,68810
4591,68810
4592,68810
4593,68810
4594,68810
4595,68810
4596,68810
4597,68810
4598,68810
4599,68810
4600,68810
4601,68810
4602,68810
4603,68810
4604,68810
4605,68810
4606,68810
4607,68810
4608,68810
4609,68810
4610,68810
4611,68810
4612,68810
4613,68810
4614,68810
4615,68810
4616,68810
4617,68810
4618,68810
4619,68810
4620,68810
4621,68810
4622,68810
4623,68810
4624,68810
4625,68810
4626,68810
4627,68810
4628,68810
4629,68810
4630,68810
4631,68810
4632,68810
4633,68810
4634,68810
4635,68810
4636,68810
4637,68810
4638,68810
4639,68810
4640,68810
4641,68810
4642,68810
4643,68810
4644,68810
4645,68810
4646,68810
4647,68810
4648,68810
4649,68810
4650,68810
4651,68810
4652,68810
4653,68810
4654,68810
4655,68810
4656,68810
4657,68810
4658,68810
4659,68810
4660,68810
4661,68810
4662,68810
4663,68810
4664,68810
4665,68810
4666,68810
4667,68810
4668,68810
4669,68810
4670,68810
4671,68810
4672,68810
4673,68810
4674,68810
4675,68810
4676,68810
4677,68810
4678,68810
4679,68810
4680,68810
4681,68810
4682,68810
4683,68810
4684,68810
4685,68810
4686,68810
4687,68810
4688,68810
4689,68810
4690,68810
4691,68810
4692,68810
4693,68810
4694,68810
4695,68810
4696,68810
4697,68810
4698,68810
4699,68810
4700,68810
4701,68810
4702,68810
4703,68810
4704,68810
4705,68810
4706,68810
4707,68810
4708,68810
4709,68810
4710,68810
4711,68810
4712,68810
4713,68810
4714,68810
4715,68810
4716,68810
4717,68810
4718,68810
4719,68810
4720,68810
4721,68810
4722,68810
4723,68810
4724,68810
4725,68810
4726,68810
4727,68810
4728,68810
4729,68810
4730,68810
4731,68810
4732,68810
4733,68810
4734,68810
4735,68810
4736,68810
4737,68810
4738,68810
4739,68810
4740,68810
4741,68810
4742,68810
4743,68810
4744,68810
4745,68810
4746,68810
4747,68810
4748,68810
4749,68810
4750,68810
4751,68810
4752,68810
4753,68810
4754,68810
4755,68810
4756,68810
4757,68810
4758,68810
4759,68810
4760,68810
4761,68810
4762,68810
4763,68810
4764,68810
4765,68810
4766,68810
4767,68810
4768,68810
4769,68810
4770,68810
4771,68810
4772,68810
4773,68810
4774,68810
4775,68810
4776,68810
4777,68810
4778,68810
4779,68810
4780,68810
4781,68810
4782,68810
4783,68810
4784,68810
4785,68810
4786,68810
4787,68810
4788,68810
4789,68810
4790,68810
4791,68810
4792,68810
4793,68810
4794,68810
4795,68810
4796,68810
4797,68810
4798,68810
4799,68810
4800,68810
4801,68810
4802,68810
4803,68810
4804,68810
4805,68810
4806,68810
4807,68810
4808,68810
4809,68810
4810,68810
4811,68810
4812,68810
4813,68810
4814,68810
4815,68810
4816,68810
4817,68810
4818,68810
4819,68810
4820,68810
4821,68810
4822,68810
4823,68810
4824,68810
4825,68810
4826,68810
4827,68810
4828,68810
4829,68810
4830,68810
4831,68810
4832,68810
4833,68810
4834,68810
4835,68810
4836,68810
4837,68810
4838,68810
4839,68810
4840,68810
4841,68810
4842,68810
4843,68810
4844,68810
4845,68810
4846,68810
4847,68810
4848,68810
4849,68810
4850,68810
4851,68810
4852,68810
4853,68810
4854,68810
4855,68810
4856,68810
4857,68810
4858,68810
4859,68810
4860,68810
4861,68810
4862,68810
4863,68810
4864,68810
4865,68810
4866,68810
4867,68810
4868,68810
4869,68810
4870,68810
4871,68810
4872,68810
4873,68810
4874,68810
4875,68810
4876,68810
4877,68810
4878,68810
4879,68810
4880,68810
4881,68810
4882,68810
4883,68810
4884,68810
4885,68810
4886,68810
4887,68810
4888,68810
4889,68810
4890,68810
4891,68810
4892,68810
4893,68810
4894,68810
4895,68810
4896,68810
4897,68810
4898,68810
4899,68810
4900,68810
4901,68810
4902,68810
4903,68810
4904,68810
4905,68810
4906,68810
4907,68810
4908,68810
4909,68810
4910,68810
4911,68810
4912,68810
4913,68810
4914,68810
4915,68810
4916,68810
4917,68810
4918,68810
4919,68810
4920,68810
4921,68810
4922,68810
4923,68810
4924,68810
4925,68810
4926,68810
4927,68810
4928,68810
4929,68810
4930,68810
4931,68810
4932,68810
4933,68810
4934,68810
4935,68810
4936,68810
4937,68810
4938,68810
4939,68810
4940,68810
4941,68810
4942,68810
4943,68810
4944,68810
4945,68810
4946,68810
4947,68810
4948,68810
4949,68810
4950,68810
4951,68810
4952,68810
4953,68810
4954,68810
4955,68810
4956,68810
4957,68810
4958,68810
4959,68810
4960,68810
4961,68810
4962,68810
4963,68810
4964,68810
4965,68810
4966,68810
4967,68810
4968,68810
4969,68810
4970,68810
4971,68810
4972,68810
4973,68810
4974,68810
4975,68810
4976,68810
4977,68810
4978,68810
4979,68810
4980,68810
4981,68810
4982,68810
4983,68810
4984,68810
4985,68810
4986,68810
4987,68810
4988,68810
4989,68810
4990,68810
4991,68810
4992,68810
4993,68810
4994,68810
4995,68810
4996,68810
4997,68810
4998,68810
4999,68810
5000,68810
5001,68810
5002,68810
5003,68810
5004,68810
5005,68810
5006,68810
5007,68810
5008,68810
5009,68810
5010,68810
5011,68810
5012,68810
5013,68810
5014,68810
5015,68810
5016,68810
5017,68810
5018,68810
5019,68810
5020,68810
5021,68810
5022,68810
5023,68810
5024,68810
5025,68810
5026,68810
5027,68810
5028,68810
5029,68810
5030,68810
5031,68810
5032,68810
5033,68810
5034,68810
5035,68810
5036,68810
5037,68810
5038,68810
5039,68810
5040,68810
5041,68810
5042,68810
5043,68810
5044,68810
5045,68810
5046,68810
5047,68810
5048,68810
5049,68810
5050,68810
5051,68810
5052,68810
5053,68810
5054,68810
5055,68810
5056,68810
5057,68810
5058,68810
5059,68810
5060,68810
5061,68810
5062,68810
5063,68810
5064,68810
5065,68810
5066,68810
5067,68810
5068,68810
5069,68810
5070,68810
5071,68810
5072,68810
5073,68810
5074,68810
5075,68810
5076,68810
5077,68810
5078,68810
5079,68810
5080,68810
5081,68810
5082,68810
5083,68810
5084,68810
5085,68810
5086,68810
5087,68810
5088,68810
5089,68810
5090,68810
5091,68810
5092,68810
5093,68810
5094,68810
5095,68810
5096,68810
5097,68810
5098,68810
5099,68810
5100,68810
5101,68810
5102,68810
5103,68810
5104,68810
5105,68810
5106,68810
5107,68810
5108,68810
5109,68810
5110,68810
5111,68810
5112,68810
5113,68810
5114,68810
5115,68810
5116,68810
5117,68810
5118,68810
5119,68810
5120,68810
5121,68810
5122,68810
5123,68810
5124,68810
5125,68810
5126,68810
5127,68810
5128,68810
5129,68810
5130,68810
5131,68810
5132,68810
5133,68810
5134,68810
5135,68810
5136,68810
5137,68810
5138,68810
5139,68810
5140,68810
5141,68810
5142,68810
5143,68810
5144,68810
5145,68810
5146,68810
5147,68810
5148,68810
5149,68810
5150,68810
5151,68810
5152,68810
5153,68810
5154,68810
5155,68810
5156,68810
5157,68810
5158,68810
5159,68810
5160,68810
5161,68810
5162,68810
5163,68810
5164,68810
5165,68810
5166,68810
5167,68810
5168,68810
5169,68810
5170,68810
5171,68810
5172,68810
5173,68810
5174,68810
5175,68810
5176,68810
5177,68810
5178,68810
5179,68810
5180,68810
5181,68810
5182,68810
5183,68810
5184,68810
5185,68810
5186,68810
5187,68810
5188,68810
5189,68810
5190,68810
5191,68810
5192,68810
5193,68810
5194,68810
5195,68810
5196,68810
5197,68810
5198,68810
5199,68810
5200,68810
5201,68810
5202,68810
5203,68810
5204,68810
5205,68810
5206,68810
5207,68810
5208,68810
5209,68810
5210,68810
5211,68810
5212,68810
5213,68810
5214,68810
5215,68810
5216,68810
5217,68810
5218,68810
5219,68810
5220,68810
5221,68810
5222,68810
5223,68810
5224,68810
5225,68810
5226,68810
5227,68810
5228,68810
5229,68810
5230,68810
5231,68810
5232,68810
5233,68810
5234,68810
5235,68810
5236,68810
5237,68810
5238,68810
5239,68810
5240,68810
5241,68810
5242,68810
5243,68810
5244,68810
5245,68810
5246,68810
5247,68810
5248,68810
5249,68810
5250,68810
5251,68810
5252,68810
5253,68810
5254,68810
5255,68810
5256,68810
5257,68810
5258,68810
5259,68810
5260,68810
5261,68810
5262,68810
5263,68810
5264,68810
5265,68810
5266,68810
5267,68810
5268,68810
5269,68810
5270,68810
5271,68810
5272,68810
5273,68810
5274,68810
5275,68810
5276,68810
5277,68810
5278,68810
5279,68810
5280,68810
5281,68810
5282,68810
5283,68810
5284,68810
5285,68810
5286,68810
5287,68810
5288,68810
5289,68810
5290,68810
5291,68810
5292,68810
5293,68810
5294,68810
5295,68810
5296,68810
5297,68810
5298,68810
5299,68810
5300,68810
5301,68810
5302,68810
5303,68810
5304,68810
5305,68810
5306,68810
5307,68810
5308,68810
5309,68810
5310,68810
5311,68810
5312,68810
5313,68810
5314,68810
5315,68810
5316,68810
5317,68810
5318,68810
5319,68810
5320,68810
5321,68810
5322,68810
5323,68810
5324,68810
5325,68810
5326,68810
5327,68810
5328,68810
5329,68810
5330,68810
5331,68810
5332,68810
5333,68810
5334,68810
5335,68810
5336,68810
5337,68810
5338,68810
5339,68810
5340,68810
5341,68810
5342,68810
5343,68810
5344,68810
5345,68810
5346,68810
5347,68810
5348,68810
5349,68810
5350,68810
5351,68810
5352,68810
5353,68810
5354,68810
5355,68810
5356,68810
5357,68810
5358,68810
5359,68810
5360,68810
5361,68810
5362,68810
5363,68810
5364,68810
5365,68810
5366,68810
5367,68810
5368,68810
5369,68810
5370,68810
5371,68810
5372,68810
5373,68810
5374,68810
5375,68810
5376,68810
5377,68810
5378,68810
5379,68810
5380,68810
5381,68810
5382,68810
5383,68810
5384,68810
5385,68810
5386,68810
5387,68810
5388,68810
5389,68810
5390,68810
5391,68810
5392,68810
5393,68810
5394,68810
5395,68810
5396,68810
5397,68810
5398,68810
5399,68810
5400,68810
5401,68810
5402,68810
5403,68810
5404,68810
5405,68810
5406,68810
5407,68810
5408,68810
5409,68810
5410,68810
5411,68810
5412,68810
5413,68810
5414,68810
5415,68810
5416,68810
5417,68810
5418,68810
5419,68810
5420,68810
5421,68810
5422,68810
5423,68810
5424,68810
5425,68810
5426,68810
5427,68810
5428,68810
5429,68810
5430,68810
5431,68810
5432,68810
5433,68810
5434,68810
5435,68810
5436,68810
5437,68810
5438,68810
5439,68810
5440,68810
5441,68810
5442,68810
5443,68810
5444,68810
5445,68810
5446,68810
5447,68810
5448,68810
5449,68810
5450,68810
5451,68810
5452,68810
5453,68810
5454,68810
5455,68810
5456,68810
5457,68810
5458,68810
5459,68810
5460,68810
5461,68810
5462,68810
5463,68810
5464,68810
5465,68810
5466,68810
5467,68810
5468,68810
5469,68810
5470,68810
5471,68810
5472,68810
5473,68810
5474,68810
5475,68810
5476,68810
5477,68810
5478,68810
5479,68810
5480,68810
5481,68810
5482,68810
5483,68810
5484,68810
5485,68810
5486,68810
5487,68810
5488,68810
5489,68810
5490,68810
5491,68810
5492,68810
5493,68810
5494,68810
5495,68810
5496,68810
5497,68810
5498,68810
5499,68810
5500,68810
5501,68810
5502,68810
5503,68810
5504,68810
5505,68810
5506,68810
5507,68810
5508,68810
5509,68810
5510,68810
5511,68810
5512,68810
5513,68810
5514,68810
5515,68810
5516,68810
5517,68810
5518,68810
5519,68810
5520,68810
5521,68810
5522,68810
5523,68810
5524,68810
5525,68810
5526,68810
5527,68810
5528,68810
5529,68810
5530,68810
5531,68810
5532,68810
5533,68810
5534,68810
5535,68810
5536,68810
5537,68810
5538,68810
5539,68810
5540,68810
5541,68810
5542,68810
5543,68810
5544,68810
5545,68810
5546,68810
5547,68810
5548,68810
5549,68810
5550,68810
5551,68810
5552,68810
5553,68810
5554,68810
5555,68810
5556,68810
5557,68810
5558,68810
5559,68810
5560,68810
5561,68810
5562,68810
5563,68810
5564,68810
5565,68810
5566,68810
5567,68810
5568,68810
5569,68810
5570,68810
5571,68810
5572,68810
5573,68810
5574,68810
5575,68810
5576,68810
5577,68810
5578,68810
5579,68810
5580,68810
5581,68810
5582,68810
5583,68810
5584,68810
5585,68810
5586,68810
5587,68810
5588,68810
5589,68810
5590,68810
5591,68810
5592,68810
5593,68810
5594,68810
5595,68810
5596,68810
5597,68810
5598,68810
5599,68810
5600,68810
5601,68810
5602,68810
5603,68810
5604,68810
5605,68810
5606,68810
5607,68810
5608,68810
5609,68810
5610,68810
5611,68810
5612,68810
5613,68810
5614,68810
5615,68810
5616,68810
5617,68810
5618,68810
5619,68810
5620,68810
5621,68810
5622,68810
5623,68810
5624,68810
5625,68810
5626,68810
5627,68810
5628,68810
5629,68810
5630,68810
5631,68810
5632,68810
5633,68810
5634,68810
5635,68810
5636,68810
5637,68810
5638,68810
5639,68810
5640,68810
5641,68810
5642,68810
5643,68810
5644,68810
5645,68810
5646,68810
5647,68810
5648,68810
5649,68810
5650,68810
5651,68810
5652,68810
5653,68810
5654,68810
5655,68810
5656,68810
5657,68810
5658,68810
5659,68810
5660,68810
5661,68810
5662,68810
5663,68810
5664,68810
5665,68810
5666,68810
5667,68810
5668,68810
5669,68810
5670,68810
5671,68810
5672,68810
5673,68810
5674,68810
5675,68810
5676,68810
5677,68810
5678,68810
5679,68810
5680,68810
5681,68810
5682,68810
5683,68810
5684,68810
5685,68810
5686,68810
5687,68810
5688,68810
5689,68810
5690,68810
5691,68810
5692,68810
5693,68810
5694,68810
5695,68810
5696,68810
5697,68810
5698,68810
5699,68810
5700,68810
5701,68810
5702,68810
5703,68810
5704,68810
5705,68810
5706,68810
5707,68810
5708,68810
5709,68810
5710,68810
5711,68810
5712,68810
5713,68810
5714,68810
5715,68810
5716,68810
5717,68810
5718,68810
5719,68810
5720,68810
5721,68810
5722,68810
5723,68810
5724,68810
5725,68810
5726,68810
5727,68810
5728,68810
5729,68810
5730,68810
5731,68810
5732,68810
5733,68810
5734,68810
5735,68810
5736,68810
5737,68810
5738,68810
5739,68810
5740,68810
5741,68810
5742,68810
5743,68810
5744,68810
5745,68810
5746,68810
5747,68810
5748,68810
5749,68810
5750,68810
5751,68810
5752,68810
5753,68810
5754,68810
5755,68810
5756,68810
5757,68810
5758,68810
5759,68810
5760,68810
5761,68810
5762,68810
5763,68810
5764,68810
5765,68810
5766,68810
5767,68810
5768,68810
5769,68810
5770,68810
5771,68810
5772,68810
5773,68810
5774,68810
5775,68810
5776,68810
5777,68810
5778,68810
5779,68810
5780,68810
5781,68810
5782,68810
5783,68810
5784,68810
5785,68810
5786,68810
5787,68810
5788,68810
5789,68810
5790,68810
5791,68810
5792,68810
5793,68810
5794,68810
5795,68810
5796,68810
5797,68810
5798,68810
5799,68810
5800,68810
5801,68810
5802,68810
5803,68810
5804,68810
5805,68810
5806,68810
5807,68810
5808,68810
5809,68810
5810,68810
5811,68810
5812,68810
5813,68810
5814,68810
5815,68810
5816,68810
5817,68810
5818,68810
5819,68810
5820,68810
5821,68810
5822,68810
5823,68810
5824,68810
5825,68810
5826,68810
5827,68810
5828,68810
5829,68810
5830,68810
5831,68810
5832,68810
5833,68810
5834,68810
5835,68810
5836,68810
5837,68810
5838,68810
5839,68810
5840,68810
5841,68810
5842,68810
5843,68810
5844,68810
5845,68810
5846,68810
5847,68810
5848,68810
5849,68810
5850,68810
5851,68810
5852,68810
5853,68810
5854,68810
5855,68810
5856,68810
5857,68810
5858,68810
5859,68810
5860,68810
5861,68810
5862,68810
5863,68810
5864,68810
5865,68810
5866,68810
5867,68810
5868,68810
5869,68810
5870,68810
5871,68810
5872,68810
5873,68810
5874,68810
5875,68810
5876,68810
5877,68810
5878,68810
5879,68810
5880,68810
5881,68810
5882,68810
5883,68810
5884,68810
5885,68810
5886,68810
5887,68810
5888,68810
5889,68810
5890,68810
5891,68810
5892,68810
5893,68810
5894,68810
5895,68810
5896,68810
5897,68810
5898,68810
5899,68810
5900,68810
5901,68810
5902,68810
5903,68810
5904,68810
5905,68810
5906,68810
5907,68810
5908,68810
5909,68810
5910,68810
5911,68810
5912,68810
5913,68810
5914,68810
5915,68810
5916,68810
5917,68810
5918,68810
5919,68810
5920,68810
5921,68810
5922,68810
5923,68810
5924,68810
5925,68810
5926,68810
5927,68810
5928,68810
5929,68810
5930,68810
5931,68810
5932,68810
5933,68810
5934,68810
5935,68810
5936,68810
5937,68810
5938,68810
5939,68810
5940,68810
5941,68810
5942,68810
5943,68810
5944,68810
5945,68810
5946,68810
5947,68810
5948,68810
5949,68810
5950,68810
5951,68810
5952,68810
5953,68810
5954,68810
5955,68810
5956,68810
5957,68810
5958,68810
5959,68810
5960,68810
5961,68810
5962,68810
5963,68810
5964,68810
5965,68810
5966,68810
5967,68810
5968,68810
5969,68810
5970,68810
5971,68810
5972,68810
5973,68810
5974,68810
5975,68810
5976,68810
5977,68810
5978,68810
5979,68810
5980,68810
5981,68810
5982,68810
5983,68810
5984,68810
5985,68810
5986,68810
5987,68810
5988,68810
5989,68810
5990,68810
5991,68810
5992,68810
5993,68810
5994,68810
5995,68810
5996,68810
5997,68810
5998,68810
5999,68810
6000,68810
6001,68810
6002,68810
6003,68810
6004,68810
6005,68810
6006,68810
6007,68810
6008,68810
6009,68810
6010,68810
6011,68810
6012,68810
6013,68810
6014,68810
6015,68810
6016,68810
6017,68810
6018,68810
6019,68810
6020,68810
6021,68810
6022,68810
6023,68810
6024,68810
6025,68810
6026,68810
6027,68810
6028,68810
6029,68810
6030,68810
6031,68810
6032,68810
6033,68810
6034,68810
6035,68810
6036,68810
6037,68810
6038,68810
6039,68810
6040,68810
6041,68810
6042,68810
6043,68810
6044,68810
6045,68810
6046,68810
6047,68810
6048,68810
6049,68810
6050,68810
6051,68810
6052,68810
6053,68810
6054,68810
6055,68810
6056,68810
6057,68810
6058,68810
6059,68810
6060,68810
6061,68810
6062,68810
6063,68810
6064,68810
6065,68810
6066,68810
6067,68810
6068,68810
6069,68810
6070,68810
6071,68810
6072,68810
6073,68810
6074,68810
6075,68810
6076,68810
6077,68810
6078,68810
6079,68810
6080,68810
6081,68810
6082,68810
6083,68810
6084,68810
6085,68810
6086,68810
6087,68810
6088,68810
6089,68810
6090,68810
6091,68810
6092,68810
6093,68810
6094,68810
6095,68810
6096,68810
6097,68810
6098,68810
6099,68810
6100,68810
6101,68810
6102,68810
6103,68810
6104,68810
6105,68810
6106,68810
6107,68810
6108,68810
6109,68810
6110,68810
6111,68810
6112,68810
6113,68810
6114,68810
6115,68810
6116,68810
6117,68810
6118,68810
6119,68810
6120,68810
6121,68810
6122,68810
6123,68810
6124,68810
6125,68810
6126,68810
6127,68810
6128,68810
6129,68810
6130,68810
6131,68810
6132,68810
6133,68810
6134,68810
6135,68810
6136,68810
6137,68810
6138,68810
6139,68810
6140,68810
6141,68810
6142,68810
6143,68810
6144,68810
6145,68810
6146,68810
6147,68810
6148,68810
6149,68810
6150,68810
6151,68810
6152,68810
6153,68810
6154,68810
6155,68810
6156,68810
6157,68810
6158,68810
6159,68810
6160,68810
6161,68810
6162,68810
6163,68810
6164,68810
6165,68810
6166,68810
6167,68810
6168,68810
6169,68810
6170,68810
6171,68810
6172,68810
6173,68810
6174,68810
6175,68810
6176,68810
6177,68810
6178,68810
6179,68810
6180,68810
6181,68810
6182,68810
6183,68810
6184,68810
6185,68810
6186,68810
6187,68810
6188,68810
6189,68810
6190,68810
6191,68810
6192,68810
6193,68810
6194,68810
6195,68810
6196,68810
6197,68810
6198,68810
6199,68810
6200,68810
6201,68810
6202,68810
6203,68810
6204,68810
6205,68810
6206,68810
6207,68810
6208,68810
6209,68810
6210,68810
6211,68810
6212,68810
6213,68810
6214,68810
6215,68810
6216,68810
6217,68810
6218,68810
6219,68810
6220,68810
6221,68810
6222,68810
6223,68810
6224,68810
6225,68810
6226,68810
6227,68810
6228,68810
6229,68810
6230,68810
6231,68810
6232,68810
6233,68810
6234,68810
6235,68810
6236,68810
6237,68810
6238,68810
6239,68810
6240,68810
6241,68810
6242,68810
6243,68810
6244,68810
6245,68810
6246,68810
6247,68810
6248,68810
6249,68810
6250,68810
6251,68810
6252,68810
6253,68810
6254,68810
6255,68810
6256,68810
6257,68810
6258,68810
6259,68810
6260,68810
6261,68810
6262,68810
6263,68810
6264,68810
6265,68810
6266,68810
6267,68810
6268,68810
6269,68810
6270,68810
6271,68810
6272,68810
6273,68810
6274,68810
6275,68810
6276,68810
6277,68810
6278,68810
6279,68810
6280,68810
6281,68810
6282,68810
6283,68810
6284,68810
6285,68810
6286,68810
6287,68810
6288,68810
6289,68810
6290,68810
6291,68810
6292,68810
6293,68810
6294,68810
6295,68810
6296,68810
6297,68810
6298,68810
6299,68810
6300,68810
6301,68810
6302,68810
6303,68810
6304,68810
6305,68810
6306,68810
6307,68810
6308,68810
6309,68810
6310,68810
6311,68810
6312,68810
6313,68810
6314,68810
6315,68810
6316,68810
6317,68810
6318,68810
6319,68810
6320,68810
6321,68810
6322,68810
6323,68810
6324,68810
6325,68810
6326,68810
6327,68810
6328,68810
6329,68810
6330,68810
6331,68810
6332,68810
6333,68810
6334,68810
6335,68810
6336,68810
6337,68810
6338,68810
6339,68810
6340,68810
6341,68810
6342,68810
6343,68810
6344,68810
6345,68810
6346,68810
6347,68810
6348,68810
6349,68810
6350,68810
6351,68810
6352,68810
6353,68810
6354,68810
6355,68810
6356,68810
6357,68810
6358,68810
6359,68810
6360,68810
6361,68810
6362,68810
6363,68810
6364,68810
6365,68810
6366,68810
6367,68810
6368,68810
6369,68810
6370,68810
6371,68810
6372,68810
6373,68810
6374,68810
6375,68810
6376,68810
6377,68810
6378,68810
6379,68810
6380,68810
6381,68810
6382,68810
6383,68810
6384,68810
6385,68810
6386,68810
6387,68810
6388,68810
6389,68810
6390,68810
6391,68810
6392,68810
6393,68810
6394,68810
6395,68810
6396,68810
6397,68810
6398,68810
6399,68810
6400,68810
6401,68810
6402,68810
6403,68810
6404,68810
6405,68810
6406,68810
6407,68810
6408,68810
6409,68810
6410,68810
6411,68810
6412,68810
6413,68810
6414,68810
6415,68810
6416,68810
6417,68810
6418,68810
6419,68810
6420,68810
6421,68810
6422,68810
6423,68810
6424,68810
6425,68810
6426,68810
6427,68810
6428,68810
6429,68810
6430,68810
6431,68810
6432,68810
6433,68810
6434,68810
6435,68810
6436,68810
6437,68810
6438,68810
6439,68810
6440,68810
6441,68810
6442,68810
6443,68810
6444,68810
6445,68810
6446,68810
6447,68810
6448,68810
6449,68810
6450,68810
6451,68810
6452,68810
6453,68810
6454,68810
6455,68810
6456,68810
6457,68810
6458,68810
6459,68810
6460,68810
6461,68810
6462,68810
6463,68810
6464,68810
6465,68810
6466,68810
6467,68810
6468,68810
6469,68810
6470,68810
6471,68810
6472,68810
6473,68810
6474,68810
6475,68810
6476,68810
6477,68810
6478,68810
6479,68810
6480,68810
6481,68810
6482,68810
6483,68810
6484,68810
6485,68810
6486,68810
6487,68810
6488,68810
6489,68810
6490,68810
6491,68810
6492,68810
6493,68810
6494,68810
6495,68810
6496,68810
6497,68810
6498,68810
6499,68810
6500,68810
6501,68810
6502,68810
6503,68810
6504,68810
6505,68810
6506,68810
6507,68810
6508,68810
6509,68810
6510,68810
6511,68810
6512,68810
6513,68810
6514,68810
6515,68810
6516,68810
6517,68810
6518,68810
6519,68810
6520,68810
6521,68810
6522,68810
6523,68810
6524,68810
6525,68810
6526,68810
6527,68810
6528,68810
6529,68810
6530,68810
6531,68810
6532,68810
6533,68810
6534,68810
6535,68810
6536,68810
6537,68810
6538,68810
6539,68810
6540,68810
6541,68810
6542,68810
6543,68810
6544,68810
6545,68810
6546,68810
6547,68810
6548,68810
6549,68810
6550,68810
6551,68810
6552,68810
6553,68810
6554,68810
6555,68810
6556,68810
6557,68810
6558,68810
6559,68810
6560,68810
6561,68810
6562,68810
6563,68810
6564,68810
6565,68810
6566,68810
6567,68810
6568,68810
6569,68810
6570,68810
6571,68810
6572,68810
6573,68810
6574,68810
6575,68810
6576,68810
6577,68810
6578,68810
6579,68810
6580,68810
6581,68810
6582,68810
6583,68810
6584,68810
6585,68810
6586,68810
6587,68810
6588,68810
6589,68810
6590,68810
6591,68810
6592,68810
6593,68810
6594,68810
6595,68810
6596,68810
6597,68810
6598,68810
6599,68810
6600,68810
6601,68810
6602,68810
6603,68810
6604,68810
6605,68810
6606,68810
6607,68810
6608,68810
6609,68810
6610,68810
6611,68810
6612,68810
6613,68810
6614,68810
6615,68810
6616,68810
6617,68810
6618,68810
6619,68810
6620,68810
6621,68810
6622,68810
6623,68810
6624,68810
6625,68810
6626,68810
6627,68810
6628,68810
6629,68810
6630,68810
6631,68810
6632,68810
6633,68810
6634,68810
6635,68810
6636,68810
6637,68810
6638,68810
6639,68810
6640,68810
6641,68810
6642,68810
6643,68810
6644,68810
6645,68810
6646,68810
6647,68810
6648,68810
6649,68810
6650,68810
6651,68810
6652,68810
6653,68810
6654,68810
6655,68810
6656,68810
6657,68810
6658,68810
6659,68810
6660,68810
6661,68810
6662,68810
6663,68810
6664,68810
6665,68810
6666,68810
6667,68810
6668,68810
6669,68810
6670,68810
6671,68810
6672,68810
6673,68810
6674,68810
6675,68810
6676,68810
6677,68810
6678,68810
6679,68810
6680,68810
6681,68810
6682,68810
6683,68810
6684,68810
6685,68810
6686,68810
6687,68810
6688,68810
6689,68810
6690,68810
6691,68810
6692,68810
6693,68810
6694,68810
6695,68810
6696,68810
6697,68810
6698,68810
6699,68810
6700,68810
6701,68810
6702,68810
6703,68810
6704,68810
6705,68810
6706,68810
6707,68810
6708,68810
6709,68810
6710,68810
6711,68810
6712,68810
6713,68810
6714,68810
6715,68810
6716,68810
6717,68810
6718,68810
6719,68810
6720,68810
6721,68810
6722,68810
6723,68810
6724,68810
6725,68810
6726,68810
6727,68810
6728,68810
6729,68810
6730,68810
6731,68810
6732,68810
6733,68810
6734,68810
6735,68810
6736,68810
6737,68810
6738,68810
6739,68810
6740,68810
6741,68810
6742,68810
6743,68810
6744,68810
6745,68810
6746,68810
6747,68810
6748,68810
6749,68810
6750,68810
6751,68810
6752,68810
6753,68810
6754,68810
6755,68810
6756,68810
6757,68810
6758,68810
6759,68810
6760,68810
6761,68810
6762,68810
6763,68810
6764,68810
6765,68810
6766,68810
6767,68810
6768,68810
6769,68810
6770,68810
6771,68810
6772,68810
6773,68810
6774,68810
6775,68810
6776,68810
6777,68810
6778,68810
6779,68810
6780,68810
6781,68810
6782,68810
6783,68810
6784,68810
6785,68810
6786,68810
6787,68810
6788,68810
6789,68810
6790,68810
6791,68810
6792,68810
6793,68810
6794,68810
6795,68810
6796,68810
6797,68810
6798,68810
6799,68810
6800,68810
6801,68810
6802,68810
6803,68810
6804,68810
6805,68810
6806,68810
6807,68810
6808,68810
6809,68810
6810,68810
6811,68810
6812,68810
6813,68810
6814,68810
6815,68810
6816,68810
6817,68810
6818,68810
6819,68810
6820,68810
6821,68810
6822,68810
6823,68810
6824,68810
6825,68810
6826,68810
6827,68810
6828,68810
6829,68810
6830,68810
6831,68810
6832,68810
6833,68810
6834,68810
6835,68810
6836,68810
6837,68810
6838,68810
6839,68810
6840,68810
6841,68810
6842,68810
6843,68810
6844,68810
6845,68810
6846,68810
6847,68810
6848,68810
6849,68810
6850,68810
6851,68810
6852,68810
6853,68810
6854,68810
6855,68810
6856,68810
6857,68810
6858,68810
6859,68810
6860,68810
6861,68810
6862,68810
6863,68810
6864,68810
6865,68810
6866,68810
6867,68810
6868,68810
6869,68810
6870,68810
6871,68810
6872,68810
6873,68810
6874,68810
6875,68810
6876,68810
6877,68810
6878,68810
6879,68810
6880,68810
6881,68810
6882,68810
6883,68810
6884,68810
6885,68810
6886,68810
6887,68810
6888,68810
6889,68810
6890,68810
6891,68810
6892,68810
6893,68810
6894,68810
6895,68810
6896,68810
6897,68810
6898,68810
6899,68810
6900,68810
6901,68810
6902,68810
6903,68810
6904,68810
6905,68810
6906,68810
6907,68810
6908,68810
6909,68810
6910,68810
6911,68810
6912,68810
6913,68810
6914,68810
6915,68810
6916,68810
6917,68810
6918,68810
6919,68810
6920,68810
6921,68810
6922,68810
6923,68810
6924,68810
6925,68810
6926,68810
6927,68810
6928,68810
6929,68810
6930,68810
6931,68810
6932,68810
6933,68810
6934,68810
6935,68810
6936,68810
6937,68810
6938,68810
6939,68810
6940,68810
6941,68810
6942,68810
6943,68810
6944,68810
6945,68810
6946,68810
6947,68810
6948,68810
6949,68810
6950,68810
6951,68810
6952,68810
6953,68810
6954,68810
6955,68810
6956,68810
6957,68810
6958,68810
6959,68810
6960,68810
6961,68810
6962,68810
6963,68810
6964,68810
6965,68810
6966,68810
6967,68810
6968,68810
6969,68810
6970,68810
6971,68810
6972,68810
6973,68810
6974,68810
6975,68810
6976,68810
6977,68810
6978,68810
6979,68810
6980,68810
6981,68810
6982,68810
6983,68810
6984,68810
6985,68810
6986,68810
6987,68810
6988,68810
6989,68810
6990,68810
6991,68810
6992,68810
6993,68810
6994,68810
6995,68810
6996,68810
6997,68810
6998,68810
6999,68810
7000,68810
7001,68810
7002,68810
7003,68810
7004,68810
7005,68810
7006,68810
7007,68810
7008,68810
7009,68810
7010,68810
7011,68810
7012,68810
7013,68810
7014,68810
7015,68810
7016,68810
7017,68810
7018,68810
7019,68810
7020,68810
7021,68810
7022,68810
7023,68810
7024,68810
7025,68810
7026,68810
7027,68810
7028,68810
7029,68810
7030,68810
7031,68810
7032,68810
7033,68810
7034,68810
7035,68810
7036,68810
7037,68810
7038,68810
7039,68810
7040,68810
7041,68810
7042,68810
7043,68810
7044,68810
7045,68810
7046,68810
7047,68810
7048,68810
7049,68810
7050,68810
7051,68810
7052,68810
7053,68810
7054,68810
7055,68810
7056,68810
7057,68810
7058,68810
7059,68810
7060,68810
7061,68810
7062,68810
7063,68810
7064,68810
7065,68810
7066,68810
7067,68810
7068,68810
7069,68810
7070,68810
7071,68810
7072,68810
7073,68810
7074,68810
7075,68810
7076,68810
7077,68810
7078,68810
7079,68810
7080,68810
7081,68810
7082,68810
7083,68810
7084,68810
7085,68810
7086,68810
7087,68810
7088,68810
7089,68810
7090,68810
7091,68810
7092,68810
7093,68810
7094,68810
7095,68810
7096,68810
7097,68810
7098,68810
7099,68810
7100,68810
7101,68810
7102,68810
7103,68810
7104,68810
7105,68810
7106,68810
7107,68810
7108,68810
7109,68810
7110,68810
7111,68810
7112,68810
7113,68810
7114,68810
7115,68810
7116,68810
7117,68810
7118,68810
7119,68810
7120,68810
7121,68810
7122,68810
7123,68810
7124,68810
7125,68810
7126,68810
7127,68810
7128,68810
7129,68810
7130,68810
7131,68810
7132,71330
7133,71330
7134,71330
7135,71330
7136,71330
7137,71330
7138,71330
7139,71330
7140,71330
7141,71330
7142,71330
7143,71330
7144,71330
7145,71330
7146,71330
7147,71330
7148,71330
7149,71330
7150,71330
7151,71330
7152,71330
7153,71330
7154,71330
7155,71330
7156,71330
7157,71330
7158,71330
7159,71330
7160,71330
7161,71330
7162,71330
7163,71330
7164,71330
7165,71330
7166,71330
7167,71330
7168,71330
7169,71330
7170,71330
7171,71330
7172,71330
7173,71330
7174,71330
7175,71330
7176,71330
7177,71330
7178,71330
7179,71330
7180,71330
7181,71330
7182,71330
7183,71330
7184,71330
7185,71330
7186,71330
7187,71330
7188,71330
7189,71330
7190,71330
7191,71330
7192,71330
7193,71330
7194,71330
7195,71330
7196,71330
7197,71330
7198,71330
7199,71330
7200,71330
7201,71330
7202,71330
7203,71330
7204,71330
7205,71330
7206,71330
7207,71330
7208,71330
7209,71330
7210,71330
7211,71330
7212,71330
7213,71330
7214,71330
7215,71330
7216,71330
7217,71330
7218,71330
7219,71330
7220,71330
7221,71330
7222,71330
7223,71330
7224,71330
7225,71330
7226,71330
7227,71330
7228,71330
7229,71330
7230,71330
7231,71330
7232,71330
7233,71330
7234,71330
7235,71330
7236,71330
7237,71330
7238,71330
7239,71330
7240,71330
7241,71330
7242,71330
7243,71330
7244,71330
7245,71330
7246,71330
7247,71330
7248,71330
7249,71330
7250,71330
7251,71330
7252,71330
7253,71330
7254,71330
7255,71330
7256,71330
7257,71330
7258,71330
7259,71330
7260,71330
7261,71330
7262,71330
7263,71330
7264,71330
7265,71330
7266,71330
7267,71330
7268,71330
7269,71330
7270,71330
7271,71330
7272,71330
7273,71330
7274,71330
7275,71330
7276,71330
7277,71330
7278,71330
7279,71330
7280,71330
7281,71330
7282,71330
7283,71330
7284,71330
7285,71330
7286,71330
7287,71330
7288,71330
7289,71330
7290,71330
7291,71330
7292,71330
7293,71330
7294,71330
7295,71330
7296,71330
7297,71330
7298,71330
7299,71330
7300,71330
7301,71330
7302,71330
7303,71330
7304,71330
7305,71330
7306,71330
7307,71330
7308,71330
7309,71330
7310,71330
7311,71330
7312,71330
7313,71330
7314,71330
7315,71330
7316,71330
7317,71330
7318,71330
7319,71330
7320,71330
7321,71330
7322,71330
7323,71330
7324,71330
7325,71330
7326,71330
7327,71330
7328,71330
7329,71330
7330,71330
7331,71330
7332,71330
7333,71330
7334,71330
7335,71330
7336,71330
7337,71330
7338,71330
7339,71330
7340,71330
7341,71330
7342,71330
7343,71330
7344,71330
7345,71330
7346,71330
7347,71330
7348,71330
7349,71330
7350,71330
7351,71330
7352,71330
7353,71330
7354,71330
7355,71330
7356,71330
7357,71330
7358,71330
7359,71330
7360,71330
7361,71330
7362,71330
7363,71330
7364,71330
7365,71330
7366,71330
7367,71330
7368,71330
7369,71330
7370,71330
7371,71330
7372,71330
7373,71330
7374,71330
7375,71330
7376,71330
7377,71330
7378,71330
7379,71330
7380,71330
7381,71330
7382,71330
7383,71330
7384,71330
7385,71330
7386,71330
7387,71330
7388,71330
7389,71330
7390,71330
7391,71330
7392,71330
7393,71330
7394,71330
7395,71330
7396,71330
7397,71330
7398,71330
7399,71330
7400,71330
7401,71330
7402,71330
7403,71330
7404,71330
7405,71330
7406,71330
7407,71330
7408,71330
7409,71330
7410,71330
7411,71330
7412,71330
7413,71330
7414,71330
7415,71330
7416,71330
7417,71330
7418,71330
7419,71330
7420,71330
7421,71330
7422,71330
7423,71330
7424,71330
7425,71330
7426,71330
7427,71330
7428,71330
7429,71330
7430,71330
7431,71330
7432,71330
7433,71330
7434,71330
7435,71330
7436,71330
7437,71330
7438,71330
7439,71330
7440,71330
7441,71330
7442,71330
7443,71330
7444,71330
7445,71330
7446,71330
7447,71330
7448,71330
7449,71330
7450,71330
7451,71330
7452,71330
7453,71330
7454,71330
7455,71330
7456,71330
7457,71330
7458,71330
7459,71330
7460,71330
7461,71330
7462,71330
7463,71330
7464,71330
7465,71330
7466,71330
7467,71330
7468,71330
7469,71330
7470,71330
7471,71330
7472,71330
7473,71330
7474,71330
7475,71330
7476,71330
7477,71330
7478,71330
7479,71330
7480,71330
7481,71330
7482,71330
7483,71330
7484,71330
7485,71330
7486,71330
7487,71330
7488,71330
7489,71330
7490,71330
7491,71330
7492,71330
7493,71330
7494,71330
7495,71330
7496,71330
7497,71330
7498,71330
7499,71330
7500,71330
7501,71330
7502,71330
7503,71330
7504,71330
7505,71330
7506,71330
7507,71330
7508,71330
7509,71330
7510,71330
7511,71330
7512,71330
7513,71330
7514,71330
7515,71330
7516,71330
7517,71330
7518,71330
7519,71330
7520,71330
7521,71330
7522,71330
7523,71330
7524,71330
7525,71330
7526,71330
7527,71330
7528,71330
7529,71330
7530,71330
7531,71330
7532,71330
7533,71330
7534,71330
7535,71330
7536,71330
7537,71330
7538,71330
7539,71330
7540,71330
7541,71330
7542,71330
7543,71330
7544,71330
7545,71330
7546,71330
7547,71330
7548,71330
7549,71330
7550,71330
7551,71330
7552,71330
7553,71330
7554,71330
7555,71330
7556,71330
7557,71330
7558,71330
7559,71330
7560,71330
7561,71330
7562,71330
7563,71330
7564,71330
7565,71330
7566,71330
7567,71330
7568,71330
7569,71330
7570,71330
7571,71330
7572,71330
7573,71330
7574,71330
7575,71330
7576,71330
7577,71330
7578,71330
7579,71330
7580,71330
7581,71330
7582,71330
7583,71330
7584,71330
7585,71330
7586,71330
7587,71330
7588,71330
7589,71330
7590,71330
7591,71330
7592,71330
7593,71330
7594,71330
7595,71330
7596,71330
7597,71330
7598,71330
7599,71330
7600,71330
7601,71330
7602,71330
7603,71330
7604,71330
7605,71330
7606,71330
7607,71330
7608,71330
7609,71330
7610,71330
7611,71330
7612,71330
7613,71330
7614,71330
7615,71330
7616,71330
7617,71330
7618,71330
7619,71330
7620,71330
7621,71330
7622,71330
7623,71330
7624,71330
7625,71330
7626,71330
7627,71330
7628,71330
7629,71330
7630,71330
7631,71330
7632,71330
7633,71330
7634,71330
7635,71330
7636,71330
7637,71330
7638,71330
7639,71330
7640,71330
7641,71330
7642,71330
7643,71330
7644,71330
7645,71330
7646,71330
7647,71330
7648,71330
7649,71330
7650,71330
7651,71330
7652,71330
7653,71330
7654,71330
7655,71330
7656,71330
7657,71330
7658,71330
7659,71330
7660,71330
7661,71330
7662,71330
7663,71330
7664,71330
7665,71330
7666,71330
7667,71330
7668,71330
7669,71330
7670,71330
7671,71330
7672,71330
7673,71330
7674,71330
7675,71330
7676,71330
7677,71330
7678,71330
7679,71330
7680,71330
7681,71330
7682,71330
7683,71330
7684,71330
7685,71330
7686,71330
7687,71330
7688,71330
7689,71330
7690,71330
7691,71330
7692,71330
7693,71330
7694,71330
7695,71330
7696,71330
7697,71330
7698,71330
7699,71330
7700,71330
7701,71330
7702,71330
7703,71330
7704,71330
7705,71330
7706,71330
7707,71330
7708,71330
7709,71330
7710,71330
7711,71330
7712,71330
7713,71330
7714,71330
7715,71330
7716,71330
7717,71330
7718,71330
7719,71330
7720,71330
7721,71330
7722,71330
7723,71330
7724,71330
7725,71330
7726,71330
7727,71330
7728,71330
7729,71330
7730,71330
7731,71330
7732,71330
7733,71330
7734,71330
7735,71330
7736,71330
7737,71330
7738,71330
7739,71330
7740,71330
7741,71330
7742,71330
7743,71330
7744,71330
7745,71330
7746,71330
7747,71330
7748,71330
7749,71330
7750,71330
7751,71330
7752,71330
7753,71330
7754,71330
7755,71330
7756,71330
7757,71330
7758,71330
7759,71330
7760,71330
7761,71330
7762,71330
7763,71330
7764,71330
7765,71330
7766,71330
7767,71330
7768,71330
7769,71330
7770,71330
7771,71330
7772,71330
7773,71330
7774,71330
7775,71330
7776,71330
7777,71330
7778,71330
7779,71330
7780,71330
7781,71330
7782,71330
7783,71330
7784,71330
7785,71330
7786,71330
7787,71330
7788,71330
7789,71330
7790,71330
7791,71330
7792,71330
7793,71330
7794,71330
7795,71330
7796,71330
7797,71330
7798,71330
7799,71330
7800,71330
7801,71330
7802,71330
7803,71330
7804,71330
7805,71330
7806,71330
7807,71330
7808,71330
7809,71330
7810,71330
7811,71330
7812,71330
7813,71330
7814,71330
7815,71330
7816,71330
7817,71330
7818,71330
7819,71330
7820,71330
7821,71330
7822,71330
7823,71330
7824,71330
7825,71330
7826,71330
7827,71330
7828,71330
7829,71330
7830,71330
7831,71330
7832,71330
7833,71330
7834,71330
7835,71330
7836,71330
7837,71330
7838,71330
7839,71330
7840,71330
7841,71330
7842,71330
7843,71330
7844,71330
7845,71330
7846,71330
7847,71330
7848,71330
7849,71330
7850,71330
7851,71330
7852,71330
7853,71330
7854,71330
7855,71330
7856,71330
7857,71330
7858,71330
7859,71330
7860,71330
7861,71330
7862,71330
7863,71330
7864,71330
7865,71330
7866,71330
7867,71330
7868,71330
7869,71330
7870,71330
7871,71330
7872,71330
7873,71330
7874,71330
7875,71330
7876,71330
7877,71330
7878,71330
7879,71330
7880,71330
7881,71330
7882,71330
7883,71330
7884,71330
7885,71330
7886,71330
7887,71330
7888,71330
7889,71330
7890,71330
7891,71330
7892,71330
7893,71330
7894,71330
7895,71330
7896,71330
7897,71330
7898,71330
7899,71330
7900,71330
7901,71330
7902,71330
7903,71330
7904,71330
7905,71330
7906,71330
7907,71330
7908,71330
7909,71330
7910,71330
7911,71330
7912,71330
7913,71330
7914,71330
7915,71330
7916,71330
7917,71330
7918,71330
7919,71330
7920,71330
7921,71330
7922,71330
7923,71330
7924,71330
7925,71330
7926,71330
7927,71330
7928,71330
7929,71330
7930,71330
7931,71330
7932,71330
7933,71330
7934,71330
7935,71330
7936,71330
7937,71330
7938,71330
7939,71330
7940,71330
7941,71330
7942,71330
7943,71330
7944,71330
7945,71330
7946,71330
7947,71330
7948,71330
7949,71330
7950,71330
7951,71330
7952,71330
7953,71330
7954,71330
7955,71330
7956,71330
7957,71330
7958,71330
7959,71330
7960,71330
7961,71330
7962,71330
7963,71330
7964,71330
7965,71330
7966,71330
7967,71330
7968,71330
7969,71330
7970,71330
7971,71330
7972,71330
7973,71330
7974,71330
7975,71330
7976,71330
7977,71330
7978,71330
7979,71330
7980,71330
7981,71330
7982,71330
7983,71330
7984,71330
7985,71330
7986,71330
7987,71330
7988,71330
7989,71330
7990,71330
7991,71330
7992,71330
7993,71330
7994,71330
7995,71330
7996,71330
7997,71330
7998,71330
7999,71330
8000,71330
8001,71330
8002,71330
8003,71330
8004,71330
8005,71330
8006,71330
8007,71330
8008,71330
8009,71330
8010,71330
8011,71330
8012,71330
8013,71330
8014,71330
8015,71330
8016,71330
8017,71330
8018,71330
8019,71330
8020,71330
8021,71330
8022,71330
8023,71330
8024,71330
8025,71330
8026,71330
8027,71330
8028,71330
8029,71330
8030,71330
8031,71330
8032,71330
8033,71330
8034,71330
8035,71330
8036,71330
8037,71330
8038,71330
8039,71330
8040,71330
8041,71330
8042,71330
8043,71330
8044,71330
8045,71330
8046,71330
8047,71330
8048,71330
8049,71330
8050,71330
8051,71330
8052,71330
8053,71330
8054,71330
8055,71330
8056,71330
8057,71330
8058,71330
8059,71330
8060,71330
8061,71330
8062,71330
8063,71330
8064,71330
8065,71330
8066,71330
8067,71330
8068,71330
8069,71330
8070,71330
8071,71330
8072,71330
8073,71330
8074,71330
8075,71330
8076,71330
8077,71330
8078,71330
8079,71330
8080,71330
8081,71330
8082,71330
8083,71330
8084,71330
8085,71330
8086,71330
8087,71330
8088,71330
8089,71330
8090,71330
8091,71330
8092,71330
8093,71330
8094,71330
8095,71330
8096,71330
8097,71330
8098,71330
8099,71330
8100,71330
8101,71330
8102,71330
8103,71330
8104,71330
8105,71330
8106,71330
8107,71330
8108,71330
8109,71330
8110,71330
8111,71330
8112,71330
8113,71330
8114,71330
8115,71330
8116,71330
8117,71330
8118,71330
8119,71330
8120,71330
8121,71330
8122,71330
8123,71330
8124,71330
8125,71330
8126,71330
8127,71330
8128,71330
8129,71330
8130,71330
8131,71330
8132,71330
8133,71330
8134,71330
8135,71330
8136,71330
8137,71330
8138,71330
8139,71330
8140,71330
8141,71330
8142,71330
8143,71330
8144,71330
8145,71330
8146,71330
8147,71330
8148,71330
8149,71330
8150,71330
8151,71330
8152,71330
8153,71330
8154,71330
8155,71330
8156,71330
8157,71330
8158,71330
8159,71330
8160,71330
8161,71330
8162,71330
8163,71330
8164,71330
8165,71330
8166,71330
8167,71330
8168,71330
8169,71330
8170,71330
8171,71330
8172,71330
8173,71330
8174,71330
8175,71330
8176,71330
8177,71330
8178,71330
8179,71330
8180,71330
8181,71330
8182,71330
8183,71330
8184,71330
8185,71330
8186,71330
8187,71330
8188,71330
8189,71330
8190,71330
8191,71330
8192,71330
8193,71330
8194,71330
8195,71330
8196,71330
8197,71330
8198,71330
8199,71330
8200,71330
8201,71330
8202,71330
8203,71330
8204,71330
8205,71330
8206,71330
8207,71330
8208,71330
8209,71330
8210,71330
8211,71330
8212,71330
8213,71330
8214,71330
8215,71330
8216,71330
8217,71330
8218,71330
8219,71330
8220,71330
8221,71330
8222,71330
8223,71330
8224,71330
8225,71330
8226,71330
8227,71330
8228,71330
8229,71330
8230,71330
8231,71330
8232,71330
8233,71330
8234,71330
8235,71330
8236,71330
8237,71330
8238,71330
8239,71330
8240,71330
8241,71330
8242,71330
8243,71330
8244,71330
8245,71330
8246,71330
8247,71330
8248,71330
8249,71330
8250,71330
8251,71330
8252,71330
8253,71330
8254,71330
8255,71330
8256,71330
8257,71330
8258,71330
8259,71330
8260,71330
8261,71330
8262,71330
8263,71330
8264,71330
8265,71330
8266,71330
8267,71330
8268,71330
8269,71330
8270,71330
8271,71330
8272,71330
8273,71330
8274,71330
8275,71330
8276,71330
8277,71330
8278,71330
8279,71330
8280,71330
8281,71330
8282,71330
8283,71330
8284,71330
8285,71330
8286,71330
8287,71330
8288,71330
8289,71330
8290,71330
8291,71330
8292,71330
8293,71330
8294,71330
8295,71330
8296,71330
8297,71330
8298,71330
8299,71330
8300,71330
8301,71330
8302,71330
8303,71330
8304,71330
8305,71330
8306,71330
8307,71330
8308,71330
8309,71330
8310,71330
8311,71330
8312,71330
8313,71330
8314,71330
8315,71330
8316,71330
8317,71330
8318,71330
8319,71330
8320,71330
8321,71330
8322,71330
8323,71330
8324,71330
8325,71330
8326,71330
8327,71330
8328,71330
8329,71330
8330,71330
8331,71330
8332,71330
8333,71330
8334,71330
8335,71330
8336,71330
8337,71330
8338,71330
8339,71330
8340,71330
8341,71330
8342,71330
8343,71330
8344,71330
8345,71330
8346,71330
8347,71330
8348,71330
8349,71330
8350,71330
8351,71330
8352,71330
8353,71330
8354,71330
8355,71330
8356,71330
8357,71330
8358,71330
8359,71330
8360,71330
8361,71330
8362,71330
8363,71330
8364,71330
8365,71330
8366,71330
8367,71330
8368,71330
8369,71330
8370,71330
8371,71330
8372,71330
8373,71330
8374,71330
8375,71330
8376,71330
8377,71330
8378,71330
8379,71330
8380,71330
8381,71330
8382,71330
8383,71330
8384,71330
8385,71330
8386,71330
8387,71330
8388,71330
8389,71330
8390,71330
8391,71330
8392,71330
8393,71330
8394,71330
8395,71330
8396,71330
8397,71330
8398,71330
8399,71330
8400,71330
8401,71330
8402,71330
8403,71330
8404,71330
8405,71330
8406,71330
8407,71330
8408,71330
8409,71330
8410,71330
8411,71330
8412,71330
8413,71330
8414,71330
8415,71330
8416,71330
8417,71330
8418,71330
8419,71330
8420,71330
8421,71330
8422,71330
8423,71330
8424,71330
8425,71330
8426,71330
8427,71330
8428,71330
8429,71330
8430,71330
8431,71330
8432,71330
8433,71330
8434,71330
8435,71330
8436,71330
8437,71330
8438,71330
8439,71330
8440,71330
8441,71330
8442,71330
8443,71330
8444,71330
8445,71330
8446,71330
8447,71330
8448,71330
8449,71330
8450,71330
8451,71330
8452,71330
8453,71330
8454,71330
8455,71330
8456,71330
8457,71330
8458,71330
8459,71330
8460,71330
8461,71330
8462,71330
8463,71330
8464,71330
8465,71330
8466,71330
8467,71330
8468,71330
8469,71330
8470,71330
8471,71330
8472,71330
8473,71330
8474,71330
8475,71330
8476,71330
8477,71330
8478,71330
8479,71330
8480,71330
8481,71330
8482,71330
8483,71330
8484,71330
8485,71330
8486,71330
8487,71330
8488,71330
8489,71330
8490,71330
8491,71330
8492,71330
8493,71330
8494,71330
8495,71330
8496,71330
8497,71330
8498,71330
8499,71330
8500,71330
8501,71330
8502,71330
8503,71330
8504,71330
8505,71330
8506,71330
8507,71330
8508,71330
8509,71330
8510,71330
8511,71330
8512,71330
8513,71330
8514,71330
8515,71330
8516,71330
8517,71330
8518,71330
8519,71330
8520,71330
8521,71330
8522,71330
8523,71330
8524,71330
8525,71330
8526,71330
8527,71330
8528,71330
8529,71330
8530,71330
8531,71330
8532,71330
8533,71330
8534,71330
8535,71330
8536,71330
8537,71330
8538,71330
8539,71330
8540,71330
8541,71330
8542,71330
8543,71330
8544,71330
8545,71330
8546,71330
8547,71330
8548,71330
8549,71330
8550,71330
8551,71330
8552,71330
8553,71330
8554,71330
8555,71330
8556,71330
8557,71330
8558,71330
8559,71330
8560,71330
8561,71330
8562,71330
8563,71330
8564,71330
8565,71330
8566,71330
8567,71330
8568,71330
8569,71330
8570,71330
8571,71330
8572,71330
8573,71330
8574,71330
8575,71330
8576,71330
8577,71330
8578,71330
8579,71330
8580,71330
8581,71330
8582,71330
8583,71330
8584,71330
8585,71330
8586,71330
8587,71330
8588,71330
8589,71330
8590,71330
8591,71330
8592,71330
8593,71330
8594,71330
8595,71330
8596,71330
8597,71330
8598,71330
8599,71330
8600,71330
8601,71330
8602,71330
8603,71330
8604,71330
8605,71330
8606,71330
8607,71330
8608,71330
8609,71330
8610,71330
8611,71330
8612,71330
8613,71330
8614,71330
8615,71330
8616,71330
8617,71330
8618,71330
8619,71330
8620,71330
8621,71330
8622,71330
8623,71330
8624,71330
8625,71330
8626,71330
8627,71330
8628,71330
8629,71330
8630,71330
8631,71330
8632,71330
8633,71330
8634,71330
8635,71330
8636,71330
8637,71330
8638,71330
8639,71330
8640,71330
8641,71330
8642,71330
8643,71330
8644,71330
8645,71330
8646,71330
8647,71330
8648,71330
8649,71330
8650,71330
8651,71330
8652,71330
8653,71330
8654,71330
8655,71330
8656,71330
8657,71330
8658,71330
8659,71330
8660,71330
8661,71330
8662,71330
8663,71330
8664,71330
8665,71330
8666,71330
8667,71330
8668,71330
8669,71330
8670,71330
8671,71330
8672,71330
8673,71330
8674,71330
8675,71330
8676,71330
8677,71330
8678,71330
8679,71330
8680,71330
8681,71330
8682,71330
8683,71330
8684,71330
8685,71330
8686,71330
8687,71330
8688,71330
8689,71330
8690,71330
8691,71330
8692,71330
8693,71330
8694,71330
8695,71330
8696,71330
8697,71330
8698,71330
8699,71330
8700,71330
8701,71330
8702,71330
8703,71330
8704,71330
8705,71330
8706,71330
8707,71330
8708,71330
8709,71330
8710,71330
8711,71330
8712,71330
8713,71330
8714,71330
8715,71330
8716,71330
8717,71330
8718,71330
8719,71330
8720,71330
8721,71330
8722,71330
8723,71330
8724,71330
8725,71330
8726,71330
8727,71330
8728,71330
8729,71330
8730,71330
8731,71330
8732,71330
8733,71330
8734,71330
8735,71330
8736,71330
8737,71330
8738,71330
8739,71330
8740,71330
8741,71330
8742,71330
8743,71330
8744,71330
8745,71330
8746,71330
8747,71330
8748,71330
8749,71330
8750,71330
8751,71330
8752,71330
8753,71330
8754,71330
8755,71330
8756,71330
8757,71330
8758,71330
8759,71330
8760,71330
8761,71330
8762,71330
8763,71330
8764,71330
8765,71330
8766,71330
8767,71330
8768,71330
8769,71330
8770,71330
8771,71330
8772,71330
8773,71330
8774,71330
8775,71330
8776,71330
8777,71330
8778,71330
8779,71330
8780,71330
8781,71330
8782,71330
8783,71330
8784,71330
8785,71330
8786,71330
8787,71330
8788,71330
8789,71330
8790,71330
8791,71330
8792,71330
8793,71330
8794,71330
8795,71330
8796,71330
8797,71330
8798,71330
8799,71330
8800,71330
8801,71330
8802,71330
8803,71330
8804,71330
8805,71330
8806,71330
8807,71330
8808,71330
8809,71330
8810,71330
8811,71330
8812,71330
8813,71330
8814,71330
8815,71330
8816,71330
8817,71330
8818,71330
8819,71330
8820,71330
8821,71330
8822,71330
8823,71330
8824,71330
8825,71330
8826,71330
8827,71330
8828,71330
8829,71330
8830,71330
8831,71330
8832,71330
8833,71330
8834,71330
8835,71330
8836,71330
8837,71330
8838,71330
8839,71330
8840,71330
8841,71330
8842,71330
8843,71330
8844,71330
8845,71330
8846,71330
8847,71330
8848,71330
8849,71330
8850,71330
8851,71330
8852,71330
8853,71330
8854,71330
8855,71330
8856,71330
8857,71330
8858,71330
8859,71330
8860,71330
8861,71330
8862,71330
8863,71330
8864,71330
8865,71330
8866,71330
8867,71330
8868,71330
8869,71330
8870,71330
8871,71330
8872,71330
8873,71330
8874,71330
8875,71330
8876,71330
8877,71330
8878,71330
8879,71330
8880,71330
8881,71330
8882,71330
8883,71330
8884,71330
8885,71330
8886,71330
8887,71330
8888,71330
8889,71330
8890,71330
8891,71330
8892,71330
8893,71330
8894,71330
8895,71330
8896,71330
8897,71330
8898,71330
8899,71330
8900,71330
8901,71330
8902,71330
8903,71330
8904,71330
8905,71330
8906,71330
8907,71330
8908,71330
8909,71330
8910,71330
8911,71330
8912,71330
8913,71330
8914,71330
8915,71330
8916,71330
8917,71330
8918,71330
8919,71330
8920,71330
8921,71330
8922,71330
8923,71330
8924,71330
8925,71330
8926,71330
8927,71330
8928,71330
8929,71330
8930,71330
8931,71330
8932,71330
8933,71330
8934,71330
8935,71330
8936,71330
8937,71330
8938,71330
8939,71330
8940,71330
8941,71330
8942,71330
8943,71330
8944,71330
8945,71330
8946,71330
8947,71330
8948,71330
8949,71330
8950,71330
8951,71330
8952,71330
8953,71330
8954,71330
8955,71330
8956,71330
8957,71330
8958,71330
8959,71330
8960,71330
8961,71330
8962,71330
8963,71330
8964,71330
8965,71330
8966,71330
8967,71330
8968,71330
8969,71330
8970,71330
8971,71330
8972,71330
8973,71330
8974,71330
8975,71330
8976,71330
8977,71330
8978,71330
8979,71330
8980,71330
8981,71330
8982,71330
8983,71330
8984,71330
8985,71330
8986,71330
8987,71330
8988,71330
8989,71330
8990,71330
8991,71330
8992,71330
8993,71330
8994,71330
8995,71330
8996,71330
8997,71330
8998,71330
8999,71330
9000,71330
9001,71330
9002,71330
9003,71330
9004,71330
9005,71330
9006,71330
9007,71330
9008,71330
9009,71330
9010,71330
9011,71330
9012,71330
9013,71330
9014,71330
9015,71330
9016,71330
9017,71330
9018,71330
9019,71330
9020,71330
9021,71330
9022,71330
9023,71330
9024,71330
9025,71330
9026,71330
9027,71330
9028,71330
9029,71330
9030,71330
9031,71330
9032,71330
9033,71330
9034,71330
9035,71330
9036,71330
9037,71330
9038,71330
9039,71330
9040,71330
9041,71330
9042,71330
9043,71330
9044,71330
9045,71330
9046,71330
9047,71330
9048,71330
9049,71330
9050,71330
9051,71330
9052,71330
9053,71330
9054,71330
9055,71330
9056,71330
9057,71330
9058,71330
9059,71330
9060,71330
9061,71330
9062,71330
9063,71330
9064,71330
9065,71330
9066,71330
9067,71330
9068,71330
9069,71330
9070,71330
9071,71330
9072,71330
9073,71330
9074,71330
9075,71330
9076,71330
9077,71330
9078,71330
9079,71330
9080,71330
9081,71330
9082,71330
9083,71330
9084,71330
9085,71330
9086,71330
9087,71330
9088,71330
9089,71330
9090,71330
9091,71330
9092,71330
9093,71330
9094,71330
9095,71330
9096,71330
9097,71330
9098,71330
9099,71330
9100,71330
9101,71330
9102,71330
9103,71330
9104,71330
9105,71330
9106,71330
9107,71330
9108,71330
9109,71330
9110,71330
9111,71330
9112,71330
9113,71330
9114,71330
9115,71330
9116,71330
9117,71330
9118,71330
9119,71330
9120,71330
9121,71330
9122,71330
9123,71330
9124,71330
9125,71330
9126,71330
9127,71330
9128,71330
9129,71330
9130,71330
9131,71330
9132,71330
9133,71330
9134,71330
9135,71330
9136,71330
9137,71330
9138,71330
9139,71330
9140,71330
9141,71330
9142,71330
9143,71330
9144,71330
9145,71330
9146,71330
9147,71330
9148,71330
9149,71330
9150,71330
9151,71330
9152,71330
9153,71330
9154,71330
9155,71330
9156,71330
9157,71330
9158,71330
9159,71330
9160,71330
9161,71330
9162,71330
9163,71330
9164,71330
9165,71330
9166,71330
9167,71330
9168,71330
9169,71330
9170,71330
9171,71330
9172,71330
9173,71330
9174,71330
9175,71330
9176,71330
9177,71330
9178,71330
9179,71330
9180,71330
9181,71330
9182,71330
9183,71330
9184,71330
9185,71330
9186,71330
9187,71330
9188,71330
9189,71330
9190,71330
9191,71330
9192,71330
9193,71330
9194,71330
9195,71330
9196,71330
9197,71330
9198,71330
9199,71330
9200,71330
9201,71330
9202,71330
9203,71330
9204,71330
9205,71330
9206,71330
9207,71330
9208,71330
9209,71330
9210,71330
9211,71330
9212,71330
9213,71330
9214,71330
9215,71330
9216,71330
9217,71330
9218,71330
9219,71330
9220,71330
9221,71330
9222,71330
9223,71330
9224,71330
9225,71330
9226,71330
9227,71330
9228,71330
9229,71330
9230,71330
9231,71330
9232,71330
9233,71330
9234,71330
9235,71330
9236,71330
9237,71330
9238,71330
9239,71330
9240,71330
9241,71330
9242,71330
9243,71330
9244,71330
9245,71330
9246,71330
9247,71330
9248,71330
9249,71330
9250,71330
9251,71330
9252,71330
9253,71330
9254,71330
9255,71330
9256,71330
9257,71330
9258,71330
9259,71330
9260,71330
9261,71330
9262,71330
9263,71330
9264,71330
9265,71330
9266,71330
9267,71330
9268,71330
9269,71330
9270,71330
9271,71330
9272,71330
9273,71330
9274,71330
9275,71330
9276,71330
9277,71330
9278,71330
9279,71330
9280,71330
9281,71330
9282,71330
9283,71330
9284,71330
9285,71330
9286,71330
9287,71330
9288,71330
9289,71330
9290,71330
9291,71330
9292,71330
9293,71330
9294,71330
9295,71330
9296,71330
9297,71330
9298,71330
9299,71330
9300,71330
9301,71330
9302,71330
9303,71330
9304,71330
9305,71330
9306,71330
9307,71330
9308,71330
9309,71330
9310,71330
9311,71330
9312,71330
9313,71330
9314,71330
9315,71330
9316,71330
9317,71330
9318,71330
9319,71330
9320,71330
9321,71330
9322,71330
9323,71330
9324,71330
9325,71330
9326,71330
9327,71330
9328,71330
9329,71330
9330,71330
9331,71330
9332,71330
9333,71330
9334,71330
9335,71330
9336,71330
9337,71330
9338,71330
9339,71330
9340,71330
9341,71330
9342,71330
9343,71330
9344,71330
9345,71330
9346,71330
9347,71330
9348,71330
9349,71330
9350,71330
9351,71330
9352,71330
9353,71330
9354,71330
9355,71330
9356,71330
9357,71330
9358,71330
9359,71330
9360,71330
9361,71330
9362,71330
9363,71330
9364,71330
9365,71330
9366,71330
9367,71330
9368,71330
9369,71330
9370,71330
9371,71330
9372,71330
9373,71330
9374,71330
9375,71330
9376,71330
9377,71330
9378,71330
9379,71330
9380,71330
9381,71330
9382,71330
9383,71330
9384,71330
9385,71330
9386,71330
9387,71330
9388,71330
9389,71330
9390,71330
9391,71330
9392,71330
9393,71330
9394,71330
9395,71330
9396,71330
9397,71330
9398,71330
9399,71330
9400,71330
9401,71330
9402,71330
9403,71330
9404,71330
9405,71330
9406,71330
9407,71330
9408,71330
9409,71330
9410,71330
9411,71330
9412,71330
9413,71330
9414,71330
9415,71330
9416,71330
9417,71330
9418,71330
9419,71330
9420,71330
9421,71330
9422,71330
9423,71330
9424,71330
9425,71330
9426,71330
9427,71330
9428,71330
9429,71330
9430,71330
9431,71330
9432,71330
9433,71330
9434,71330
9435,71330
9436,71330
9437,71330
9438,71330
9439,71330
9440,71330
9441,71330
9442,71330
9443,71330
9444,71330
9445,71330
9446,71330
9447,71330
9448,71330
9449,71330
9450,71330
9451,71330
9452,71330
9453,71330
9454,71330
9455,71330
9456,71330
9457,71330
9458,71330
9459,71330
9460,71330
9461,71330
9462,71330
9463,71330
9464,71330
9465,71330
9466,71330
9467,71330
9468,71330
9469,71330
9470,71330
9471,71330
9472,71330
9473,71330
9474,71330
9475,71330
9476,71330
9477,71330
9478,71330
9479,71330
9480,71330
9481,71330
9482,71330
9483,71330
9484,71330
9485,71330
9486,71330
9487,71330
9488,71330
9489,71330
9490,71330
9491,71330
9492,71330
9493,71330
9494,71330
9495,71330
9496,71330
9497,71330
9498,71330
9499,71330
9500,71330
9501,71330
9502,71330
9503,71330
9504,71330
9505,71330
9506,71330
9507,71330
9508,71330
9509,71330
9510,71330
9511,71330
9512,71330
9513,71330
9514,71330
9515,71330
9516,71330
9517,71330
9518,71330
9519,71330
9520,71330
9521,71330
9522,71330
9523,71330
9524,71330
9525,71330
9526,71330
9527,71330
9528,71330
9529,71330
9530,71330
9531,71330
9532,71330
9533,71330
9534,71330
9535,71330
9536,71330
9537,71330
9538,71330
9539,71330
9540,71330
9541,71330
9542,71330
9543,71330
9544,71330
9545,71330
9546,71330
9547,71330
9548,71330
9549,71330
9550,71330
9551,71330
9552,71330
9553,71330
9554,71330
9555,71330
9556,71330
9557,71330
9558,71330
9559,71330
9560,71330
9561,71330
9562,71330
9563,71330
9564,71330
9565,71330
9566,71330
9567,71330
9568,71330
9569,71330
9570,71330
9571,71330
9572,71330
9573,71330
9574,71330
9575,71330
9576,71330
9577,71330
9578,71330
9579,71330
9580,71330
9581,71330
9582,71330
9583,71330
9584,71330
9585,71330
9586,71330
9587,71330
9588,71330
9589,71330
9590,71330
9591,71330
9592,71330
9593,71330
9594,71330
9595,71330
9596,71330
9597,71330
9598,71330
9599,71330
9600,71330
9601,71330
9602,71330
9603,71330
9604,71330
9605,71330
9606,71330
9607,71330
9608,71330
9609,71330
9610,71330
9611,71330
9612,71330
9613,71330
9614,71330
9615,71330
9616,71330
9617,71330
9618,71330
9619,71330
9620,71330
9621,71330
9622,71330
9623,71330
9624,71330
9625,71330
9626,71330
9627,71330
9628,71330
9629,71330
9630,71330
9631,71330
9632,71330
9633,71330
9634,71330
9635,71330
9636,71330
9637,71330
9638,71330
9639,71330
9640,71330
9641,71330
9642,71330
9643,71330
9644,71330
9645,71330
9646,71330
9647,71330
9648,71330
9649,71330
9650,71330
9651,71330
9652,71330
9653,71330
9654,71330
9655,71330
9656,71330
9657,71330
9658,71330
9659,71330
9660,71330
9661,71330
9662,71330
9663,71330
9664,71330
9665,71330
9666,71330
9667,71330
9668,71330
9669,71330
9670,71330
9671,71330
9672,71330
9673,71330
9674,71330
9675,71330
9676,71330
9677,71330
9678,71330
9679,71330
9680,71330
9681,71330
9682,71330
9683,71330
9684,71330
9685,71330
9686,71330
9687,71330
9688,71330
9689,71330
9690,71330
9691,71330
9692,71330
9693,71330
9694,71330
9695,71330
9696,71330
9697,71330
9698,71330
9699,71330
9700,71330
9701,71330
9702,71330
9703,71330
9704,71330
9705,71330
9706,71330
9707,71330
9708,71330
9709,71330
9710,71330
9711,71330
9712,71330
9713,71330
9714,71330
9715,71330
9716,71330
9717,71330
9718,71330
9719,71330
9720,71330
9721,71330
9722,71330
9723,71330
9724,71330
9725,71330
9726,71330
9727,71330
9728,71330
9729,71330
9730,71330
9731,71330
9732,71330
9733,71330
9734,71330
9735,71330
9736,71330
9737,71330
9738,71330
9739,71330
9740,71330
9741,71330
9742,71330
9743,71330
9744,71330
9745,71330
9746,71330
9747,71330
9748,71330
9749,71330
9750,71330
9751,71330
9752,71330
9753,71330
9754,71330
9755,71330
9756,71330
9757,71330
9758,71330
9759,71330
9760,71330
9761,71330
9762,71330
9763,71330
9764,71330
9765,71330
9766,71330
9767,71330
9768,71330
9769,71330
9770,71330
9771,71330
9772,71330
9773,71330
9774,71330
9775,71330
9776,71330
9777,71330
9778,71330
9779,71330
9780,71330
9781,71330
9782,71330
9783,71330
9784,71330
9785,71330
9786,71330
9787,71330
9788,71330
9789,71330
9790,71330
9791,71330
9792,71330
9793,71330
9794,71330
9795,71330
9796,71330
9797,71330
9798,71330
9799,71330
9800,71330
9801,71330
9802,71330
9803,71330
9804,71330
9805,71330
9806,71330
9807,71330
9808,71330
9809,71330
9810,71330
9811,71330
9812,71330
9813,71330
9814,71330
9815,71330
9816,71330
9817,71330
9818,71330
9819,71330
9820,71330
9821,71330
9822,71330
9823,71330
9824,71330
9825,71330
9826,71330
9827,71330
9828,71330
9829,71330
9830,71330
9831,71330
9832,71330
9833,71330
9834,71330
9835,71330
9836,71330
9837,71330
9838,71330
9839,71330
9840,71330
9841,71330
9842,71330
9843,71330
9844,71330
9845,71330
9846,71330
9847,71330
9848,71330
9849,71330
9850,71330
9851,71330
9852,71330
9853,71330
9854,71330
9855,71330
9856,71330
9857,71330
9858,71330
9859,71330
9860,71330
9861,71330
9862,71330
9863,71330
9864,71330
9865,71330
9866,71330
9867,71330
9868,71330
9869,71330
9870,71330
9871,71330
9872,71330
9873,71330
9874,71330
9875,71330
9876,71330
9877,71330
9878,71330
9879,71330
9880,71330
9881,71330
9882,71330
9883,71330
9884,71330
9885,71330
9886,71330
9887,71330
9888,71330
9889,71330
9890,71330
9891,71330
9892,71330
9893,71330
9894,71330
9895,71330
9896,71330
9897,71330
9898,71330
9899,71330
9900,71330
9901,71330
9902,71330
9903,71330
9904,71330
9905,71330
9906,71330
9907,71330
9908,71330
9909,71330
9910,71330
9911,71330
9912,71330
9913,71330
9914,71330
9915,71330
9916,71330
9917,71330
9918,71330
9919,71330
9920,71330
9921,71330
9922,71330
9923,71330
9924,71330
9925,71330
9926,71330
9927,71330
9928,71330
9929,71330
9930,71330
9931,71330
9932,71330
9933,71330
9934,71330
9935,71330
9936,71330
9937,71330
9938,71330
9939,71330
9940,71330
9941,71330
9942,71330
9943,71330
9944,71330
9945,71330
9946,71330
9947,71330
9948,71330
9949,71330
9950,71330
9951,71330
9952,71330
9953,71330
9954,71330
9955,71330
9956,71330
9957,71330
9958,71330
9959,71330
9960,71330
9961,71330
9962,71330
9963,71330
9964,71330
9965,71330
9966,71330
9967,71330
9968,71330
9969,71330
9970,71330
9971,71330
9972,71330
9973,71330
9974,71330
9975,71330
9976,71330
9977,71330
9978,71330
9979,71330
9980,71330
9981,71330
9982,71330
9983,71330
9984,71330
9985,71330
9986,71330
9987,71330
9988,71330
9989,71330
9990,71330
9991,71330
9992,71330
9993,71330
9994,71330
9995,71330
9996,71330
9997,71330
9998,71330
9999,71330
10000,71330
10001,71330
10002,71330
10003,71330
10004,71330
10005,71330
10006,71330
10007,71330
10008,71330
10009,71330
10010,71330
10011,71330
10012,71330
10013,71330
10014,71330
10015,71330
10016,71330
10017,71330
10018,71330
10019,71330
10020,71330
10021,71330
10022,71330
10023,71330
10024,71330
10025,71330
10026,71330
10027,71330
10028,71330
10029,71330
10030,71330
10031,71330
10032,71330
10033,71330
10034,71330
10035,71330
10036,71330
10037,71330
10038,71330
10039,71330
10040,71330
10041,71330
10042,71330
10043,71330
10044,71330
10045,71330
10046,71330
10047,71330
10048,71330
10049,71330
10050,71330
10051,71330
10052,71330
10053,71330
10054,71330
10055,71330
10056,71330
10057,71330
10058,71330
10059,71330
10060,71330
10061,71330
10062,71330
10063,71330
10064,71330
10065,71330
10066,71330
10067,71330
10068,71330
10069,71330
10070,71330
10071,71330
10072,71330
10073,71330
10074,71330
10075,71330
10076,71330
10077,71330
10078,71330
10079,71330
10080,71330
10081,71330
10082,71330
10083,71330
10084,71330
10085,71330
10086,71330
10087,71330
10088,71330
10089,71330
10090,71330
10091,71330
10092,71330
10093,71330
10094,71330
10095,71330
10096,71330
10097,71330
10098,71330
10099,71330
10100,71330
10101,71330
10102,71330
10103,71330
10104,71330
10105,71330
10106,71330
10107,71330
10108,71330
10109,71330
10110,71330
10111,71330
10112,71330
10113,71330
10114,71330
10115,71330
10116,71330
10117,71330
10118,71330
10119,71330
10120,71330
10121,71330
10122,71330
10123,71330
10124,71330
10125,71330
10126,71330
10127,71330
10128,71330
10129,71330
10130,71330
10131,71330
10132,71330
10133,71330
10134,71330
10135,71330
10136,71330
10137,71330
10138,71330
10139,71330
10140,71330
10141,71330
10142,71330
10143,71330
10144,71330
10145,71330
10146,71330
10147,71330
10148,71330
10149,71330
10150,71330
10151,71330
10152,71330
10153,71330
10154,71330
10155,71330
10156,71330
10157,71330
10158,71330
10159,71330
10160,71330
10161,71330
10162,71330
10163,71330
10164,71330
10165,71330
10166,71330
10167,71330
10168,71330
10169,71330
10170,71330
10171,71330
10172,71330
10173,71330
10174,71330
10175,71330
10176,71330
10177,71330
10178,71330
10179,71330
10180,71330
10181,71330
10182,71330
10183,71330
10184,71330
10185,71330
10186,71330
10187,71330
10188,71330
10189,71330
10190,71330
10191,71330
10192,71330
10193,71330
10194,71330
10195,71330
10196,71330
10197,71330
10198,71330
10199,71330
10200,71330
10201,71330
10202,71330
10203,71330
10204,71330
10205,71330
10206,71330
10207,71330
10208,71330
10209,71330
10210,71330
10211,71330
10212,71330
10213,71330
10214,71330
10215,71330
10216,71330
10217,71330
10218,71330
10219,71330
10220,71330
10221,71330
10222,71330
10223,71330
10224,71330
10225,71330
10226,71330
10227,71330
10228,71330
10229,71330
10230,71330
10231,71330
10232,71330
10233,71330
10234,71330
10235,71330
10236,71330
10237,71330
10238,71330
10239,71330
10240,71330
10241,71330
10242,71330
10243,71330
10244,71330
10245,71330
10246,71330
10247,71330
10248,71330
10249,71330
10250,71330
10251,71330
10252,71330
10253,71330
10254,71330
10255,71330
10256,71330
10257,71330
10258,71330
10259,71330
10260,71330
10261,71330
10262,71330
10263,71330
10264,71330
10265,71330
10266,71330
10267,71330
10268,71330
10269,71330
10270,71330
10271,71330
10272,71330
10273,71330
10274,71330
10275,71330
10276,71330
10277,71330
10278,71330
10279,71330
10280,71330
10281,71330
10282,71330
10283,71330
10284,71330
10285,71330
10286,71330
10287,71330
10288,71330
10289,71330
10290,71330
10291,71330
10292,71330
10293,71330
10294,71330
10295,71330
10296,71330
10297,71330
10298,71330
10299,71330
10300,71330
10301,71330
10302,71330
10303,71330
10304,71330
10305,71330
10306,71330
10307,71330
10308,71330
10309,71330
10310,71330
10311,71330
10312,71330
10313,71330
10314,71330
10315,71330
10316,71330
10317,71330
10318,71330
10319,71330
10320,71330
10321,71330
10322,71330
10323,71330
10324,71330
10325,71330
10326,71330
10327,71330
10328,71330
10329,71330
10330,71330
10331,71330
10332,71330
10333,71330
10334,71330
10335,71330
10336,71330
10337,71330
10338,71330
10339,71330
10340,71330
10341,71330
10342,71330
10343,71330
10344,71330
10345,71330
10346,71330
10347,71330
10348,71330
10349,71330
10350,71330
10351,71330
10352,71330
10353,71330
10354,71330
10355,71330
10356,71330
10357,71330
10358,71330
10359,71330
10360,71330
10361,71330
10362,71330
10363,71330
10364,71330
10365,71330
10366,71330
10367,71330
10368,71330
10369,71330
10370,71330
10371,71330
10372,71330
10373,71330
10374,71330
10375,71330
10376,71330
10377,71330
10378,71330
10379,71330
10380,71330
10381,71330
10382,71330
10383,71330
10384,71330
10385,71330
10386,71330
10387,71330
10388,71330
10389,71330
10390,71330
10391,71330
10392,71330
10393,71330
10394,71330
10395,71330
10396,71330
10397,71330
10398,71330
10399,71330
10400,71330
10401,71330
10402,71330
10403,71330
10404,71330
10405,71330
10406,71330
10407,71330
10408,71330
10409,71330
10410,71330
10411,71330
10412,71330
10413,71330
10414,71330
10415,71330
10416,71330
10417,71330
10418,71330
10419,71330
10420,71330
10421,71330
10422,71330
10423,71330
10424,71330
10425,71330
10426,71330
10427,71330
10428,71330
10429,71330
10430,71330
10431,71330
10432,71330
10433,71330
10434,71330
10435,71330
10436,71330
10437,71330
10438,71330
10439,71330
10440,71330
10441,71330
10442,71330
10443,71330
10444,71330
10445,71330
10446,71330
10447,71330
10448,71330
10449,71330
10450,71330
10451,71330
10452,71330
10453,71330
10454,71330
10455,71330
10456,71330
10457,71330
10458,71330
10459,71330
10460,71330
10461,71330
10462,71330
10463,71330
10464,71330
10465,71330
10466,71330
10467,71330
10468,71330
10469,71330
10470,71330
10471,71330
10472,71330
10473,71330
10474,71330
10475,71330
10476,71330
10477,71330
10478,71330
10479,71330
10480,71330
10481,71330
10482,71330
10483,71330
10484,71330
10485,71330
10486,71330
10487,71330
10488,71330
10489,71330
10490,71330
10491,71330
10492,71330
10493,71330
10494,71330
10495,71330
10496,71330
10497,71330
10498,71330
10499,71330
10500,71330
10501,71330
10502,71330
10503,71330
10504,71330
10505,71330
10506,71330
10507,71330
10508,71330
10509,71330
10510,71330
10511,71330
10512,71330
10513,71330
10514,71330
10515,71330
10516,71330
10517,71330
10518,71330
10519,71330
10520,71330
10521,71330
10522,71330
10523,71330
10524,71330
10525,71330
10526,71330
10527,71330
10528,71330
10529,71330
10530,71330
10531,71330
10532,71330
10533,71330
10534,71330
10535,71330
10536,71330
10537,71330
10538,71330
10539,71330
10540,71330
10541,71330
10542,71330
10543,71330
10544,71330
10545,71330
10546,71330
10547,71330
10548,71330
10549,71330
10550,71330
10551,71330
10552,71330
10553,71330
10554,71330
10555,71330
10556,71330
10557,71330
10558,71330
10559,71330
10560,71330
10561,71330
10562,71330
10563,71330
10564,71330
10565,71330
10566,71330
10567,71330
10568,71330
10569,71330
10570,71330
10571,71330
10572,71330
10573,71330
10574,71330
10575,71330
10576,71330
10577,71330
10578,71330
10579,71330
10580,71330
10581,71330
10582,71330
10583,71330
10584,71330
10585,71330
10586,71330
10587,71330
10588,71330
10589,71330
10590,71330
10591,71330
10592,71330
10593,71330
10594,71330
10595,71330
10596,71330
10597,71330
10598,71330
10599,71330
10600,71330
10601,71330
10602,71330
10603,71330
10604,71330
10605,71330
10606,71330
10607,71330
10608,71330
10609,71330
10610,71330
10611,71330
10612,71330
10613,71330
10614,71330
10615,71330
10616,71330
10617,71330
10618,71330
10619,71330
10620,71330
10621,71330
10622,71330
10623,71330
10624,71330
10625,71330
10626,71330
10627,71330
10628,71330
10629,71330
10630,71330
10631,71330
10632,71330
10633,71330
10634,71330
10635,71330
10636,71330
10637,71330
10638,71330
10639,71330
10640,71330
10641,71330
10642,71330
10643,71330
10644,71330
10645,71330
10646,71330
10647,71330
10648,71330
10649,71330
10650,71330
10651,71330
10652,71330
10653,71330
10654,71330
10655,71330
10656,71330
10657,71330
10658,71330
10659,71330
10660,71330
10661,71330
10662,71330
10663,71330
10664,71330
10665,71330
10666,71330
10667,71330
10668,71330
10669,71330
10670,71330
10671,71330
10672,71330
10673,71330
10674,71330
10675,71330
10676,71330
10677,71330
10678,71330
10679,71330
10680,71330
10681,71330
10682,71330
10683,71330
10684,71330
10685,71330
10686,71330
10687,71330
10688,71330
10689,71330
10690,71330
10691,71330
10692,71330
10693,71330
10694,71330
10695,71330
10696,71330
10697,71330
10698,71330
10699,71330
10700,71330
10701,71330
10702,71330
10703,71330
10704,71330
10705,71330
10706,71330
10707,71330
10708,71330
10709,71330
10710,71330
10711,71330
10712,71330
10713,71330
10714,71330
10715,71330
10716,71330
10717,71330
10718,71330
10719,71330
10720,71330
10721,71330
10722,71330
10723,71330
10724,71330
10725,71330
10726,71330
10727,71330
10728,71330
10729,71330
10730,71330
10731,71330
10732,71330
10733,71330
10734,71330
10735,71330
10736,71330
10737,71330
10738,71330
10739,71330
10740,71330
10741,71330
10742,71330
10743,71330
10744,71330
10745,71330
10746,71330
10747,71330
10748,71330
10749,71330
10750,71330
10751,71330
10752,71330
10753,71330
10754,71330
10755,71330
10756,71330
10757,71330
10758,71330
10759,71330
10760,71330
10761,71330
10762,71330
10763,71330
10764,71330
10765,71330
10766,71330
10767,71330
10768,71330
10769,71330
10770,71330
10771,71330
10772,71330
10773,71330
10774,71330
10775,71330
10776,71330
10777,71330
10778,71330
10779,71330
10780,71330
10781,71330
10782,71330
10783,71330
10784,71330
10785,71330
10786,71330
10787,71330
10788,71330
10789,71330
10790,71330
10791,71330
10792,71330
10793,71330
10794,71330
10795,71330
10796,71330
10797,71330
10798,71330
10799,71330
10800,71330
10801,71330
10802,71330
10803,71330
10804,71330
10805,71330
10806,71330
10807,71330
10808,71330
10809,71330
10810,71330
10811,71330
10812,71330
10813,71330
10814,71330
10815,71330
10816,71330
10817,71330
10818,71330
10819,71330
10820,71330
10821,71330
10822,71330
10823,71330
10824,71330
10825,71330
10826,71330
10827,71330
10828,71330
10829,71330
10830,71330
10831,71330
10832,71330
10833,71330
10834,71330
10835,71330
10836,71330
10837,71330
10838,71330
10839,71330
10840,71330
10841,71330
10842,71330
10843,71330
10844,71330
10845,71330
10846,71330
10847,71330
10848,71330
10849,71330
10850,71330
10851,71330
10852,71330
10853,71330
10854,71330
10855,71330
10856,71330
10857,71330
10858,71330
10859,71330
10860,71330
10861,71330
10862,71330
10863,71330
10864,71330
10865,71330
10866,71330
10867,71330
10868,71330
10869,71330
10870,71330
10871,71330
10872,71330
10873,71330
10874,71330
10875,71330
10876,71330
10877,71330
10878,71330
10879,71330
10880,71330
10881,71330
10882,71330
10883,71330
10884,71330
10885,71330
10886,71330
10887,71330
10888,71330
10889,71330
10890,71330
10891,71330
10892,71330
10893,71330
10894,71330
10895,71330
10896,71330
10897,71330
10898,71330
10899,71330
10900,71330
10901,71330
10902,71330
10903,71330
10904,71330
10905,71330
10906,71330
10907,71330
10908,71330
10909,71330
10910,71330
10911,71330
10912,71330
10913,71330
10914,71330
10915,71330
10916,71330
10917,71330
10918,71330
10919,71330
10920,71330
10921,71330
10922,71330
10923,71330
10924,71330
10925,71330
10926,71330
10927,71330
10928,71330
10929,71330
10930,71330
10931,71330
10932,71330
10933,71330
10934,71330
10935,71330
10936,71330
10937,71330
10938,71330
10939,71330
10940,71330
10941,71330
10942,71330
10943,71330
10944,71330
10945,71330
10946,71330
10947,71330
10948,71330
10949,71330
10950,71330
10951,71330
10952,71330
10953,71330
10954,71330
10955,71330
10956,71330
10957,71330
10958,71330
10959,71330
10960,71330
10961,71330
10962,71330
10963,71330
10964,71330
10965,71330
10966,71330
10967,71330
10968,71330
10969,71330
10970,71330
10971,71330
10972,71330
10973,71330
10974,71330
10975,71330
10976,71330
10977,71330
10978,71330
10979,71330
10980,71330
10981,71330
10982,71330
10983,71330
10984,71330
10985,71330
10986,71330
10987,71330
10988,71330
10989,71330
10990,71330
10991,71330
10992,71330
10993,71330
10994,71330
10995,71330
10996,71330
10997,71330
10998,71330
10999,71330
11000,71330
11001,71330
11002,71330
11003,71330
11004,71330
11005,71330
11006,71330
11007,71330
11008,71330
11009,71330
11010,71330
11011,71330
11012,71330
11013,71330
11014,71330
11015,71330
11016,71330
11017,71330
11018,71330
11019,71330
11020,71330
11021,71330
11022,71330
11023,71330
11024,71330
11025,71330
11026,71330
11027,71330
11028,71330
11029,71330
11030,71330
11031,71330
11032,71330
11033,71330
11034,71330
11035,71330
11036,71330
11037,71330
11038,71330
11039,71330
11040,71330
11041,71330
11042,71330
11043,71330
11044,71330
11045,71330
11046,71330
11047,71330
11048,71330
11049,71330
11050,71330
11051,71330
11052,71330
11053,71330
11054,71330
11055,71330
11056,71330
11057,71330
11058,71330
11059,71330
11060,71330
11061,71330
11062,71330
11063,71330
11064,71330
11065,71330
11066,71330
11067,71330
11068,71330
11069,71330
11070,71330
11071,71330
11072,71330
11073,71330
11074,71330
11075,71330
11076,71330
11077,71330
11078,71330
11079,71330
11080,71330
11081,71330
11082,71330
11083,71330
11084,71330
11085,71330
11086,71330
11087,71330
11088,71330
11089,71330
11090,71330
11091,71330
11092,71330
11093,71330
11094,71330
11095,71330
11096,71330
11097,71330
11098,71330
11099,71330
11100,71330
11101,71330
11102,71330
11103,71330
11104,71330
11105,71330
11106,71330
11107,71330
11108,71330
11109,71330
11110,71330
11111,71330
11112,71330
11113,71330
11114,71330
11115,71330
11116,71330
11117,71330
11118,71330
11119,71330
11120,71330
11121,71330
11122,71330
11123,71330
11124,71330
11125,71330
11126,71330
11127,71330
11128,71330
11129,71330
11130,71330
11131,71330
11132,71330
11133,71330
11134,71330
11135,71330
11136,71330
11137,71330
11138,71330
11139,71330
11140,71330
11141,71330
11142,71330
11143,71330
11144,71330
11145,71330
11146,71330
11147,71330
11148,71330
11149,71330
11150,71330
11151,71330
11152,71330
11153,71330
11154,71330
11155,71330
11156,71330
11157,71330
11158,71330
11159,71330
11160,71330
11161,71330
11162,71330
11163,71330
11164,71330
11165,71330
11166,71330
11167,71330
11168,71330
11169,71330
11170,71330
11171,71330
11172,71330
11173,71330
11174,71330
11175,71330
11176,71330
11177,71330
11178,71330
11179,71330
11180,71330
11181,71330
11182,71330
11183,71330
11184,71330
11185,71330
11186,71330
11187,71330
11188,71330
11189,71330
11190,71330
11191,71330
11192,71330
11193,71330
11194,71330
11195,71330
11196,71330
11197,71330
11198,71330
11199,71330
11200,71330
11201,71330
11202,71330
11203,71330
11204,71330
11205,71330
11206,71330
11207,71330
11208,71330
11209,71330
11210,71330
11211,71330
11212,71330
11213,71330
11214,71330
11215,71330
11216,71330
11217,71330
11218,71330
11219,71330
11220,71330
11221,71330
11222,71330
11223,71330
11224,71330
11225,71330
11226,71330
11227,71330
11228,71330
11229,71330
11230,71330
11231,71330
11232,71330
11233,71330
11234,71330
11235,71330
11236,71330
11237,71330
11238,71330
11239,71330
11240,71330
11241,71330
11242,71330
11243,71330
11244,71330
11245,71330
11246,71330
11247,71330
11248,71330
11249,71330
11250,71330
11251,71330
11252,71330
11253,71330
11254,71330
11255,71330
11256,71330
11257,71330
11258,71330
11259,71330
11260,71330
11261,71330
11262,71330
11263,71330
11264,71330
11265,71330
11266,71330
11267,71330
11268,71330
11269,71330
11270,71330
11271,71330
11272,71330
11273,71330
11274,71330
11275,71330
11276,71330
11277,71330
11278,71330
11279,71330
11280,71330
11281,71330
11282,71330
11283,71330
11284,71330
11285,71330
11286,71330
11287,71330
11288,71330
11289,71330
11290,71330
11291,71330
11292,71330
11293,71330
11294,71330
11295,71330
11296,71330
11297,71330
11298,71330
11299,71330
11300,71330
11301,71330
11302,71330
11303,71330
11304,71330
11305,71330
11306,71330
11307,71330
11308,71330
11309,71330
11310,71330
11311,71330
11312,71330
11313,71330
11314,71330
11315,71330
11316,71330
11317,71330
11318,71330
11319,71330
11320,71330
11321,71330
11322,71330
11323,71330
11324,71330
11325,71330
11326,71330
11327,71330
11328,71330
11329,71330
11330,71330
11331,71330
11332,71330
11333,71330
11334,71330
11335,71330
11336,71330
11337,71330
11338,71330
11339,71330
11340,71330
11341,71330
11342,71330
11343,71330
11344,71330
11345,71330
11346,71330
11347,71330
11348,71330
11349,71330
11350,71330
11351,71330
11352,71330
11353,71330
11354,71330
11355,71330
11356,71330
11357,71330
11358,71330
11359,71330
11360,71330
11361,71330
11362,71330
11363,71330
11364,71330
11365,71330
11366,71330
11367,71330
11368,71330
11369,71330
11370,71330
11371,71330
11372,71330
11373,71330
11374,71330
11375,71330
11376,71330
11377,71330
11378,71330
11379,71330
11380,71330
11381,71330
11382,71330
11383,71330
11384,71330
11385,71330
11386,71330
11387,71330
11388,71330
11389,71330
11390,71330
11391,71330
11392,71330
11393,71330
11394,71330
11395,71330
11396,71330
11397,71330
11398,71330
11399,71330
11400,71330
11401,71330
11402,71330
11403,71330
11404,71330
11405,71330
11406,71330
11407,71330
11408,71330
11409,71330
11410,71330
11411,71330
11412,71330
11413,71330
11414,71330
11415,71330
11416,71330
11417,71330
11418,71330
11419,71330
11420,71330
11421,71330
11422,71330
11423,71330
11424,71330
11425,71330
11426,71330
11427,71330
11428,71330
11429,71330
11430,71330
11431,71330
11432,71330
11433,71330
11434,71330
11435,71330
11436,71330
11437,71330
11438,71330
11439,71330
11440,71330
11441,71330
11442,71330
11443,71330
11444,71330
11445,71330
11446,71330
11447,71330
11448,71330
11449,71330
11450,71330
11451,71330
11452,71330
11453,71330
11454,71330
11455,71330
11456,71330
11457,71330
11458,71330
11459,71330
11460,71330
11461,71330
11462,71330
11463,71330
11464,71330
11465,71330
11466,71330
11467,71330
11468,71330
11469,71330
11470,71330
11471,71330
11472,71330
11473,71330
11474,71330
11475,71330
11476,71330
11477,71330
11478,71330
11479,71330
11480,71330
11481,71330
11482,71330
11483,71330
11484,71330
11485,71330
11486,71330
11487,71330
11488,71330
11489,71330
11490,71330
11491,71330
11492,71330
11493,71330
11494,71330
11495,71330
11496,71330
11497,71330
11498,71330
11499,71330
11500,71330
11501,71330
11502,71330
11503,71330
11504,71330
11505,71330
11506,71330
11507,71330
11508,71330
11509,71330
11510,71330
11511,71330
11512,71330
11513,71330
11514,71330
11515,71330
11516,71330
11517,71330
11518,71330
11519,71330
11520,71330
11521,71330
11522,71330
11523,71330
11524,71330
11525,71330
11526,71330
11527,71330
11528,71330
11529,71330
11530,71330
11531,71330
11532,71330
11533,71330
11534,71330
11535,71330
11536,71330
11537,71330
11538,71330
11539,71330
11540,71330
11541,71330
11542,71330
11543,71330
11544,71330
11545,71330
11546,71330
11547,71330
11548,71330
11549,71330
11550,71330
11551,71330
11552,71330
11553,71330
11554,71330
11555,71330
11556,71330
11557,71330
11558,71330
11559,71330
11560,71330
11561,71330
11562,71330
11563,71330
11564,71330
11565,71330
11566,71330
11567,71330
11568,71330
11569,71330
11570,71330
11571,71330
11572,71330
11573,71330
11574,71330
11575,71330
11576,71330
11577,71330
11578,71330
11579,71330
11580,71330
11581,71330
11582,71330
11583,71330
11584,71330
11585,71330
11586,71330
11587,71330
11588,71330
11589,71330
11590,71330
11591,71330
11592,71330
11593,71330
11594,71330
11595,71330
11596,71330
11597,71330
11598,71330
11599,71330
11600,71330
11601,71330
11602,71330
11603,71330
11604,71330
11605,71330
11606,71330
11607,71330
11608,71330
11609,71330
11610,71330
11611,71330
11612,71330
11613,71330
11614,71330
11615,71330
11616,71330
11617,71330
11618,71330
11619,71330
11620,71330
11621,71330
11622,71330
11623,71330
11624,71330
11625,71330
11626,71330
11627,71330
11628,71330
11629,71330
11630,71330
11631,71330
11632,71330
11633,71330
11634,71330
11635,71330
11636,71330
11637,71330
11638,71330
11639,71330
11640,71330
11641,71330
11642,71330
11643,71330
11644,71330
11645,71330
11646,71330
11647,71330
11648,71330
11649,71330
11650,71330
11651,71330
11652,71330
11653,71330
11654,71330
11655,71330
11656,71330
11657,71330
11658,71330
11659,71330
11660,71330
11661,71330
11662,71330
11663,71330
11664,71330
11665,71330
11666,71330
11667,71330
11668,71330
11669,71330
11670,71330
11671,71330
11672,71330
11673,71330
11674,71330
11675,71330
11676,71330
11677,71330
11678,71330
11679,71330
11680,71330
11681,71330
11682,71330
11683,71330
11684,71330
11685,71330
11686,71330
11687,71330
11688,71330
11689,71330
11690,71330
11691,71330
11692,71330
11693,71330
11694,71330
11695,71330
11696,71330
11697,71330
11698,71330
11699,71330
11700,71330
11701,71330
11702,71330
11703,71330
11704,71330
11705,71330
11706,71330
11707,71330
11708,71330
11709,71330
11710,71330
11711,71330
11712,71330
11713,71330
11714,71330
11715,71330
11716,71330
11717,71330
11718,71330
11719,71330
11720,71330
11721,71330
11722,71330
11723,71330
11724,71330
11725,71330
11726,71330
11727,71330
11728,71330
11729,71330
11730,71330
11731,71330
11732,71330
11733,71330
11734,71330
11735,71330
11736,71330
11737,71330
11738,71330
11739,71330
11740,71330
11741,71330
11742,71330
11743,71330
11744,71330
11745,71330
11746,71330
11747,71330
11748,71330
11749,71330
11750,71330
11751,71330
11752,71330
11753,71330
11754,71330
11755,71330
11756,71330
11757,71330
11758,71330
11759,71330
11760,71330
11761,71330
11762,71330
11763,71330
11764,71330
11765,71330
11766,71330
11767,71330
11768,71330
11769,71330
11770,71330
11771,71330
11772,71330
11773,71330
11774,71330
11775,71330
11776,71330
11777,71330
11778,71330
11779,71330
11780,71330
11781,71330
11782,71330
11783,71330
11784,71330
11785,71330
11786,71330
11787,71330
11788,71330
11789,71330
11790,71330
11791,71330
11792,71330
11793,71330
11794,71330
11795,71330
11796,71330
11797,71330
11798,71330
11799,71330
11800,71330
11801,71330
11802,71330
11803,71330
11804,71330
11805,71330
11806,71330
11807,71330
11808,71330
11809,71330
11810,71330
11811,71330
11812,71330
11813,71330
11814,71330
11815,71330
11816,71330
11817,71330
11818,71330
11819,71330
11820,71330
11821,71330
11822,71330
11823,71330
11824,71330
11825,71330
11826,71330
11827,71330
11828,71330
11829,71330
11830,71330
11831,71330
11832,71330
11833,71330
11834,71330
11835,71330
11836,71330
11837,71330
11838,71330
11839,71330
11840,71330
11841,71330
11842,71330
11843,71330
11844,71330
11845,71330
11846,71330
11847,71330
11848,71330
11849,71330
11850,71330
11851,71330
11852,71330
11853,71330
11854,71330
11855,71330
11856,71330
11857,71330
11858,71330
11859,71330
11860,71330
11861,71330
11862,71330
11863,71330
11864,71330
11865,71330
11866,71330
11867,71330
11868,71330
11869,71330
11870,71330
11871,71330
11872,71330
11873,71330
11874,71330
11875,71330
11876,71330
11877,71330
11878,71330
11879,71330
11880,71330
11881,71330
11882,71330
11883,71330
11884,71330
11885,71330
11886,71330
11887,71330
11888,71330
11889,71330
11890,71330
11891,71330
11892,71330
11893,71330
11894,71330
11895,71330
11896,71330
11897,71330
11898,71330
11899,71330
11900,71330
11901,71330
11902,71330
11903,71330
11904,71330
11905,71330
11906,71330
11907,71330
11908,71330
11909,71330
11910,71330
11911,71330
11912,71330
11913,71330
11914,71330
11915,71330
11916,71330
11917,71330
11918,71330
11919,71330
11920,71330
11921,71330
11922,71330
11923,71330
11924,71330
11925,71330
11926,71330
11927,71330
11928,71330
11929,71330
11930,71330
11931,71330
11932,71330
11933,71330
11934,71330
11935,71330
11936,71330
11937,71330
11938,71330
11939,71330
11940,71330
11941,71330
11942,71330
11943,71330
11944,71330
11945,71330
11946,71330
11947,71330
11948,71330
11949,71330
11950,71330
11951,71330
11952,71330
11953,71330
11954,71330
11955,71330
11956,71330
11957,71330
11958,71330
11959,71330
11960,71330
11961,71330
11962,71330
11963,71330
11964,71330
11965,71330
11966,71330
11967,71330
11968,71330
11969,71330
11970,71330
11971,71330
11972,71330
11973,71330
11974,71330
11975,71330
11976,71330
11977,71330
11978,71330
11979,71330
11980,71330
11981,71330
11982,71330
11983,71330
11984,71330
11985,71330
11986,71330
11987,71330
11988,71330
11989,71330
11990,71330
11991,71330
11992,71330
11993,71330
11994,71330
11995,71330
11996,71330
11997,71330
11998,71330
11999,71330
12000,71330
12001,71330
12002,71330
12003,71330
12004,71330
12005,71330
12006,71330
12007,71330
12008,71330
12009,71330
12010,71330
12011,71330
12012,71330
12013,71330
12014,71330
12015,71330
12016,71330
12017,71330
12018,71330
12019,71330
12020,71330
12021,71330
12022,71330
12023,71330
12024,71330
12025,71330
12026,71330
12027,71330
12028,71330
12029,71330
12030,71330
12031,71330
12032,71330
12033,71330
12034,71330
12035,71330
12036,71330
12037,71330
12038,71330
12039,71330
12040,71330
12041,71330
12042,71330
12043,71330
12044,71330
12045,71330
12046,71330
12047,71330
12048,71330
12049,71330
12050,71330
12051,71330
12052,71330
12053,71330
12054,71330
12055,71330
12056,71330
12057,71330
12058,71330
12059,71330
12060,71330
12061,71330
12062,71330
12063,71330
12064,71330
12065,71330
12066,71330
12067,71330
12068,71330
12069,71330
12070,71330
12071,71330
12072,71330
12073,71330
12074,71330
12075,71330
12076,71330
12077,71330
12078,71330
12079,71330
12080,71330
12081,71330
12082,71330
12083,71330
12084,71330
12085,71330
12086,71330
12087,71330
12088,71330
12089,71330
12090,71330
12091,71330
12092,71330
12093,71330
12094,71330
12095,71330
12096,71330
12097,71330
12098,71330
12099,71330
12100,71330
12101,71330
12102,71330
12103,71330
12104,71330
12105,71330
12106,71330
12107,71330
12108,71330
12109,71330
12110,71330
12111,71330
12112,71330
12113,71330
12114,71330
12115,71330
12116,71330
12117,71330
12118,71330
12119,71330
12120,71330
12121,71330
12122,71330
12123,71330
12124,71330
12125,71330
12126,71330
12127,71330
12128,71330
12129,71330
12130,71330
12131,71330
12132,71330
12133,71330
12134,71330
12135,71330
12136,71330
12137,71330
12138,71330
12139,71330
12140,71330
12141,71330
12142,71330
12143,71330
12144,71330
12145,71330
12146,71330
12147,71330
12148,71330
12149,71330
12150,71330
12151,71330
12152,71330
12153,71330
12154,71330
12155,71330
12156,71330
12157,71330
12158,71330
12159,71330
12160,71330
12161,71330
12162,71330
12163,71330
12164,71330
12165,71330
12166,71330
12167,71330
12168,71330
12169,71330
12170,71330
12171,71330
12172,71330
12173,71330
12174,71330
12175,71330
12176,71330
12177,71330
12178,71330
12179,71330
12180,71330
12181,71330
12182,71330
12183,71330
12184,71330
12185,71330
12186,71330
12187,71330
12188,71330
12189,71330
12190,71330
12191,71330
12192,71330
12193,71330
12194,71330
12195,71330
12196,71330
12197,71330
12198,71330
12199,71330
12200,71330
12201,71330
12202,71330
12203,71330
12204,71330
12205,71330
12206,71330
12207,71330
12208,71330
12209,71330
12210,71330
12211,71330
12212,71330
12213,71330
12214,71330
12215,71330
12216,71330
12217,71330
12218,71330
12219,71330
12220,71330
12221,71330
12222,71330
12223,71330
12224,71330
12225,71330
12226,71330
12227,71330
12228,71330
12229,71330
12230,71330
12231,71330
12232,71330
12233,71330
12234,71330
12235,71330
12236,71330
12237,71330
12238,71330
12239,71330
12240,71330
12241,71330
12242,71330
12243,71330
12244,71330
12245,71330
12246,71330
12247,71330
12248,71330
12249,71330
12250,71330
12251,71330
12252,71330
12253,71330
12254,71330
12255,71330
12256,71330
12257,71330
12258,71330
12259,71330
12260,71330
12261,71330
12262,71330
12263,71330
12264,71330
12265,71330
12266,71330
12267,71330
12268,71330
12269,71330
12270,71330
12271,71330
12272,71330
12273,71330
12274,71330
12275,71330
12276,71330
12277,71330
12278,71330
12279,71330
12280,71330
12281,71330
12282,71330
12283,71330
12284,71330
12285,71330
12286,71330
12287,71330
12288,71330
12289,71330
12290,71330
12291,71330
12292,71330
12293,71330
12294,71330
12295,71330
12296,71330
12297,71330
12298,71330
12299,71330
12300,71330
12301,71330
12302,71330
12303,71330
12304,71330
12305,71330
12306,71330
12307,71330
12308,71330
12309,71330
12310,71330
12311,71330
12312,71330
12313,71330
12314,71330
12315,71330
12316,71330
12317,71330
12318,71330
12319,71330
12320,71330
12321,71330
12322,71330
12323,71330
12324,71330
12325,71330
12326,71330
12327,71330
12328,71330
12329,71330
12330,71330
12331,71330
12332,71330
12333,71330
12334,71330
12335,71330
12336,71330
12337,71330
12338,71330
12339,71330
12340,71330
12341,71330
12342,71330
12343,71330
12344,71330
12345,71330
12346,71330
12347,71330
12348,71330
12349,71330
12350,71330
12351,71330
12352,71330
12353,71330
12354,71330
12355,71330
12356,71330
12357,71330
12358,71330
12359,71330
12360,71330
12361,71330
12362,71330
12363,71330
12364,71330
12365,71330
12366,71330
12367,71330
12368,71330
12369,71330
12370,71330
12371,71330
12372,71330
12373,71330
12374,71330
12375,71330
12376,71330
12377,71330
12378,71330
12379,71330
12380,71330
12381,71330
12382,71330
12383,71330
12384,71330
12385,71330
12386,71330
12387,71330
12388,71330
12389,71330
12390,71330
12391,71330
12392,71330
12393,71330
12394,71330
12395,71330
12396,71330
12397,71330
12398,71330
12399,71330
12400,71330
12401,71330
12402,71330
12403,71330
12404,71330
12405,71330
12406,71330
12407,71330
12408,71330
12409,71330
12410,71330
12411,71330
12412,71330
12413,71330
12414,71330
12415,71330
12416,71330
12417,71330
12418,71330
12419,71330
12420,71330
12421,71330
12422,71330
12423,71330
12424,71330
12425,71330
12426,71330
12427,71330
12428,71330
12429,71330
12430,71330
12431,71330
12432,71330
12433,71330
12434,71330
12435,71330
12436,71330
12437,71330
12438,71330
12439,71330
12440,71330
12441,71330
12442,71330
12443,71330
12444,71330
12445,71330
12446,71330
12447,71330
12448,71330
12449,71330
12450,71330
12451,71330
12452,71330
12453,71330
12454,71330
12455,71330
12456,71330
12457,71330
12458,71330
12459,71330
12460,71330
12461,71330
12462,71330
12463,71330
12464,71330
12465,71330
12466,71330
12467,71330
12468,71330
12469,71330
12470,71330
12471,71330
12472,71330
12473,71330
12474,71330
12475,71330
12476,71330
12477,71330
12478,71330
12479,71330
12480,71330
12481,71330
12482,71330
12483,71330
12484,71330
12485,71330
12486,71330
12487,71330
12488,71330
12489,71330
12490,71330
12491,71330
12492,71330
12493,71330
12494,71330
12495,71330
12496,71330
12497,71330
12498,71330
12499,71330
12500,71330
12501,71330
12502,71330
12503,71330
12504,71330
12505,71330
12506,71330
12507,71330
12508,71330
12509,71330
12510,71330
12511,71330
12512,71330
12513,71330
12514,71330
12515,71330
12516,71330
12517,71330
12518,71330
12519,71330
12520,71330
12521,71330
12522,71330
12523,71330
12524,71330
12525,71330
12526,71330
12527,71330
12528,71330
12529,71330
12530,71330
12531,71330
12532,71330
12533,71330
12534,71330
12535,71330
12536,71330
12537,71330
12538,71330
12539,71330
12540,71330
12541,71330
12542,71330
12543,71330
12544,71330
12545,71330
12546,71330
12547,71330
12548,71330
12549,71330
12550,71330
12551,71330
12552,71330
12553,71330
12554,71330
12555,71330
12556,71330
12557,71330
12558,71330
12559,71330
12560,71330
12561,71330
12562,71330
12563,71330
12564,71330
12565,71330
12566,71330
12567,71330
12568,71330
12569,71330
12570,71330
12571,71330
12572,71330
12573,71330
12574,71330
12575,71330
12576,71330
12577,71330
12578,71330
12579,71330
12580,71330
12581,71330
12582,71330
12583,71330
12584,71330
12585,71330
12586,71330
12587,71330
12588,71330
12589,71330
12590,71330
12591,71330
12592,71330
12593,71330
12594,71330
12595,71330
12596,71330
12597,71330
12598,71330
12599,71330
12600,71330
12601,71330
12602,71330
12603,71330
12604,71330
12605,71330
12606,71330
12607,71330
12608,71330
12609,71330
12610,71330
12611,71330
12612,71330
12613,71330
12614,71330
12615,71330
12616,71330
12617,71330
12618,71330
12619,71330
12620,71330
12621,71330
12622,71330
12623,71330
12624,71330
12625,71330
12626,71330
12627,71330
12628,71330
12629,71330
12630,71330
12631,71330
12632,71330
12633,71330
12634,71330
12635,71330
12636,71330
12637,71330
12638,71330
12639,71330
12640,71330
12641,71330
12642,71330
12643,71330
12644,71330
12645,71330
12646,71330
12647,71330
12648,71330
12649,71330
12650,71330
12651,71330
12652,71330
12653,71330
12654,71330
12655,71330
12656,71330
12657,71330
12658,71330
12659,71330
12660,71330
12661,71330
12662,71330
12663,71330
12664,71330
12665,71330
12666,71330
12667,71330
12668,71330
12669,71330
12670,71330
12671,71330
12672,71330
12673,71330
12674,71330
12675,71330
12676,71330
12677,71330
12678,71330
12679,71330
12680,71330
12681,71330
12682,71330
12683,71330
12684,71330
12685,71330
12686,71330
12687,71330
12688,71330
12689,71330
12690,71330
12691,71330
12692,71330
12693,71330
12694,71330
12695,71330
12696,71330
12697,71330
12698,71330
12699,71330
12700,71330
12701,71330
12702,71330
12703,71330
12704,71330
12705,71330
12706,71330
12707,71330
12708,71330
12709,71330
12710,71330
12711,71330
12712,71330
12713,71330
12714,71330
12715,71330
12716,71330
12717,71330
12718,71330
12719,71330
12720,71330
12721,71330
12722,71330
12723,71330
12724,71330
12725,71330
12726,71330
12727,71330
12728,71330
12729,71330
12730,71330
12731,71330
12732,71330
12733,71330
12734,71330
12735,71330
12736,71330
12737,71330
12738,71330
12739,71330
12740,71330
12741,71330
12742,71330
12743,71330
12744,71330
12745,71330
12746,71330
12747,71330
12748,71330
12749,71330
12750,71330
12751,71330
12752,71330
12753,71330
12754,71330
12755,71330
12756,71330
12757,71330
12758,71330
12759,71330
12760,71330
12761,71330
12762,71330
12763,71330
12764,71330
12765,71330
12766,71330
12767,71330
12768,71330
12769,71330
12770,71330
12771,71330
12772,71330
12773,71330
12774,71330
12775,71330
12776,71330
12777,71330
12778,71330
12779,71330
12780,71330
12781,71330
12782,71330
12783,71330
12784,71330
12785,71330
12786,71330
12787,71330
12788,71330
12789,71330
12790,71330
12791,71330
12792,71330
12793,71330
12794,71330
12795,71330
12796,71330
12797,71330
12798,71330
12799,71330
12800,71330
12801,71330
12802,71330
12803,71330
12804,71330
12805,71330
12806,71330
12807,71330
12808,71330
12809,71330
12810,71330
12811,71330
12812,71330
12813,71330
12814,71330
12815,71330
12816,71330
12817,71330
12818,71330
12819,71330
12820,71330
12821,71330
12822,71330
12823,71330
12824,71330
12825,71330
12826,71330
12827,71330
12828,71330
12829,71330
12830,71330
12831,71330
12832,71330
12833,71330
12834,71330
12835,71330
12836,71330
12837,71330
12838,71330
12839,71330
12840,71330
12841,71330
12842,71330
12843,71330
12844,71330
12845,71330
12846,71330
12847,71330
12848,71330
12849,71330
12850,71330
12851,71330
12852,71330
12853,71330
12854,71330
12855,71330
12856,71330
12857,71330
12858,71330
12859,71330
12860,71330
12861,71330
12862,71330
12863,71330
12864,71330
12865,71330
12866,71330
12867,71330
12868,71330
12869,71330
12870,71330
12871,71330
12872,71330
12873,71330
12874,71330
12875,71330
12876,71330
12877,71330
12878,71330
12879,71330
12880,71330
12881,71330
12882,71330
12883,71330
12884,71330
12885,71330
12886,71330
12887,71330
12888,71330
12889,71330
12890,71330
12891,71330
12892,71330
12893,71330
12894,71330
12895,71330
12896,71330
12897,71330
12898,71330
12899,71330
12900,71330
12901,71330
12902,71330
12903,71330
12904,71330
12905,71330
12906,71330
12907,71330
12908,71330
12909,71330
12910,71330
12911,71330
12912,71330
12913,71330
12914,71330
12915,71330
12916,71330
12917,71330
12918,71330
12919,71330
12920,71330
12921,71330
12922,71330
12923,71330
12924,71330
12925,71330
12926,71330
12927,71330
12928,71330
12929,71330
12930,71330
12931,71330
12932,71330
12933,71330
12934,71330
12935,71330
12936,71330
12937,71330
12938,71330
12939,71330
12940,71330
12941,71330
12942,71330
12943,71330
12944,71330
12945,71330
12946,71330
12947,71330
12948,71330
12949,71330
12950,71330
12951,71330
12952,71330
12953,71330
12954,71330
12955,71330
12956,71330
12957,71330
12958,71330
12959,71330
12960,71330
12961,71330
12962,71330
12963,71330
12964,71330
12965,71330
12966,71330
12967,71330
12968,71330
12969,71330
12970,71330
12971,71330
12972,71330
12973,71330
12974,71330
12975,71330
12976,71330
12977,71330
12978,71330
12979,71330
12980,71330
12981,71330
12982,71330
12983,71330
12984,71330
12985,71330
12986,71330
12987,71330
12988,71330
12989,71330
12990,71330
12991,71330
12992,71330
12993,71330
12994,71330
12995,71330
12996,71330
12997,71330
12998,71330
12999,71330
13000,71330
13001,71330
13002,71330
13003,71330
13004,71330
13005,71330
13006,71330
13007,71330
13008,71330
13009,71330
13010,71330
13011,71330
13012,71330
13013,71330
13014,71330
13015,71330
13016,71330
13017,71330
13018,71330
13019,71330
13020,71330
13021,71330
13022,71330
13023,71330
13024,71330
13025,71330
13026,71330
13027,71330
13028,71330
13029,71330
13030,71330
13031,71330
13032,71330
13033,71330
13034,71330
13035,71330
13036,71330
13037,71330
13038,71330
13039,71330
13040,71330
13041,71330
13042,71330
13043,71330
13044,71330
13045,71330
13046,71330
13047,71330
13048,71330
13049,71330
13050,71330
13051,71330
13052,71330
13053,71330
13054,71330
13055,71330
13056,71330
13057,71330
13058,71330
13059,71330
13060,71330
13061,71330
13062,71330
13063,71330
13064,71330
13065,71330
13066,71330
13067,71330
13068,71330
13069,71330
13070,71330
13071,71330
13072,71330
13073,71330
13074,71330
13075,71330
13076,71330
13077,71330
13078,71330
13079,71330
13080,71330
13081,71330
13082,71330
13083,71330
13084,71330
13085,71330
13086,71330
13087,71330
13088,71330
13089,71330
13090,71330
13091,71330
13092,71330
13093,71330
13094,71330
13095,71330
13096,71330
13097,71330
13098,71330
13099,71330
13100,71330
13101,71330
13102,71330
13103,71330
13104,71330
13105,71330
13106,71330
13107,71330
13108,71330
13109,71330
13110,71330
13111,71330
13112,71330
13113,71330
13114,71330
13115,71330
13116,71330
13117,71330
13118,71330
13119,71330
13120,71330
13121,71330
13122,71330
13123,71330
13124,71330
13125,71330
13126,71330
13127,71330
13128,71330
13129,71330
13130,71330
13131,71330
13132,71330
13133,71330
13134,71330
13135,71330
13136,71330
13137,71330
13138,71330
13139,71330
13140,71330
13141,71330
13142,71330
13143,71330
13144,71330
13145,71330
13146,71330
13147,71330
13148,71330
13149,71330
13150,71330
13151,71330
13152,71330
13153,71330
13154,71330
13155,71330
13156,71330
13157,71330
13158,71330
13159,71330
13160,71330
13161,71330
13162,71330
13163,71330
13164,71330
13165,71330
13166,71330
13167,71330
13168,71330
13169,71330
13170,71330
13171,71330
13172,71330
13173,71330
13174,71330
13175,71330
13176,71330
13177,71330
13178,71330
13179,71330
13180,71330
13181,71330
13182,71330
13183,71330
13184,71330
13185,71330
13186,71330
13187,71330
13188,71330
13189,71330
13190,71330
13191,71330
13192,71330
13193,71330
13194,71330
13195,71330
13196,71330
13197,71330
13198,71330
13199,71330
13200,71330
13201,71330
13202,71330
13203,71330
13204,71330
13205,71330
13206,71330
13207,71330
13208,71330
13209,71330
13210,71330
13211,71330
13212,71330
13213,71330
13214,71330
13215,71330
13216,71330
13217,71330
13218,71330
13219,71330
13220,71330
13221,71330
13222,71330
13223,71330
13224,71330
13225,71330
13226,71330
13227,71330
13228,71330
13229,71330
13230,71330
13231,71330
13232,71330
13233,71330
13234,71330
13235,71330
13236,71330
13237,71330
13238,71330
13239,71330
13240,71330
13241,71330
13242,71330
13243,71330
13244,71330
13245,71330
13246,71330
13247,71330
13248,71330
13249,71330
13250,71330
13251,71330
13252,71330
13253,71330
13254,71330
13255,71330
13256,71330
13257,71330
13258,71330
13259,71330
13260,71330
13261,71330
13262,71330
13263,71330
13264,71330
13265,71330
13266,71330
13267,71330
13268,71330
13269,71330
13270,71330
13271,71330
13272,71330
13273,71330
13274,71330
13275,71330
13276,71330
13277,71330
13278,71330
13279,71330
13280,71330
13281,71330
13282,71330
13283,71330
13284,71330
13285,71330
13286,71330
13287,71330
13288,71330
13289,71330
13290,71330
13291,71330
13292,71330
13293,71330
13294,71330
13295,71330
13296,71330
13297,71330
13298,71330
13299,71330
13300,71330
13301,71330
13302,71330
13303,71330
13304,71330
13305,71330
13306,71330
13307,71330
13308,71330
13309,71330
13310,71330
13311,71330
13312,71330
13313,71330
13314,71330
13315,71330
13316,71330
13317,71330
13318,71330
13319,71330
13320,71330
13321,71330
13322,71330
13323,71330
13324,71330
13325,71330
13326,71330
13327,71330
13328,71330
13329,71330
13330,71330
13331,71330
13332,71330
13333,71330
13334,71330
13335,71330
13336,71330
13337,71330
13338,71330
13339,71330
13340,71330
13341,71330
13342,71330
13343,71330
13344,71330
13345,71330
13346,71330
13347,71330
13348,71330
13349,71330
13350,71330
13351,71330
13352,71330
13353,71330
13354,71330
13355,71330
13356,71330
13357,71330
13358,71330
13359,71330
13360,71330
13361,71330
13362,71330
13363,71330
13364,71330
13365,71330
13366,71330
13367,71330
13368,71330
13369,71330
13370,71330
13371,71330
13372,71330
13373,71330
13374,71330
13375,71330
13376,71330
13377,71330
13378,71330
13379,71330
13380,71330
13381,71330
13382,71330
13383,71330
13384,71330
13385,71330
13386,71330
13387,71330
13388,71330
13389,71330
13390,71330
13391,71330
13392,71330
13393,71330
13394,71330
13395,71330
13396,71330
13397,71330
13398,71330
13399,71330
13400,71330
13401,71330
13402,71330
13403,71330
13404,71330
13405,71330
13406,71330
13407,71330
13408,71330
13409,71330
13410,71330
13411,71330
13412,71330
13413,71330
13414,71330
13415,71330
13416,71330
13417,71330
13418,71330
13419,71330
13420,71330
13421,71330
13422,71330
13423,71330
13424,71330
13425,71330
13426,71330
13427,71330
13428,71330
13429,71330
13430,71330
13431,71330
13432,71330
13433,71330
13434,71330
13435,71330
13436,71330
13437,71330
13438,71330
13439,71330
13440,71330
13441,71330
13442,71330
13443,71330
13444,71330
13445,71330
13446,71330
13447,71330
13448,71330
13449,71330
13450,71330
13451,71330
13452,71330
13453,71330
13454,71330
13455,71330
13456,71330
13457,71330
13458,71330
13459,71330
13460,71330
13461,71330
13462,71330
13463,71330
13464,71330
13465,71330
13466,71330
13467,71330
13468,71330
13469,71330
13470,71330
13471,71330
13472,71330
13473,71330
13474,71330
13475,71330
13476,71330
13477,71330
13478,71330
13479,71330
13480,71330
13481,71330
13482,71330
13483,71330
13484,71330
13485,71330
13486,71330
13487,71330
13488,71330
13489,71330
13490,71330
13491,71330
13492,71330
13493,71330
13494,71330
13495,71330
13496,71330
13497,71330
13498,71330
13499,71330
13500,71330
13501,71330
13502,71330
13503,71330
13504,71330
13505,71330
13506,71330
13507,71330
13508,71330
13509,71330
13510,71330
13511,71330
13512,71330
13513,71330
13514,71330
13515,71330
13516,71330
13517,71330
13518,71330
13519,71330
13520,71330
13521,71330
13522,71330
13523,71330
13524,71330
13525,71330
13526,71330
13527,71330
13528,71330
13529,71330
13530,71330
13531,71330
13532,71330
13533,71330
13534,71330
13535,71330
13536,71330
13537,71330
13538,71330
13539,71330
13540,71330
13541,71330
13542,71330
13543,71330
13544,71330
13545,71330
13546,71330
13547,71330
13548,71330
13549,71330
13550,71330
13551,71330
13552,71330
13553,71330
13554,71330
13555,71330
13556,71330
13557,71330
13558,71330
13559,71330
13560,71330
13561,71330
13562,71330
13563,71330
13564,71330
13565,71330
13566,71330
13567,71330
13568,71330
13569,71330
13570,71330
13571,71330
13572,71330
13573,71330
13574,71330
13575,71330
13576,71330
13577,71330
13578,71330
13579,71330
13580,71330
13581,71330
13582,71330
13583,71330
13584,71330
13585,71330
13586,71330
13587,71330
13588,71330
13589,71330
13590,71330
13591,71330
13592,71330
13593,71330
13594,71330
13595,71330
13596,71330
13597,71330
13598,71330
13599,71330
13600,71330
13601,71330
13602,71330
13603,71330
13604,71330
13605,71330
13606,71330
13607,71330
13608,71330
13609,71330
13610,71330
13611,71330
13612,71330
13613,71330
13614,71330
13615,71330
13616,71330
13617,71330
13618,71330
13619,71330
13620,71330
13621,71330
13622,71330
13623,71330
13624,71330
13625,71330
13626,71330
13627,71330
13628,71330
13629,71330
13630,71330
13631,71330
13632,71330
13633,71330
13634,71330
13635,71330
13636,71330
13637,71330
13638,71330
13639,71330
13640,71330
13641,71330
13642,71330
13643,71330
13644,71330
13645,71330
13646,71330
13647,71330
13648,71330
13649,71330
13650,71330
13651,71330
13652,71330
13653,71330
13654,71330
13655,71330
13656,71330
13657,71330
13658,71330
13659,71330
13660,71330
13661,71330
13662,71330
13663,71330
13664,71330
13665,71330
13666,71330
13667,71330
13668,71330
13669,71330
13670,71330
13671,71330
13672,71330
13673,71330
13674,71330
13675,71330
13676,71330
13677,71330
13678,71330
13679,71330
13680,71330
13681,71330
13682,71330
13683,71330
13684,71330
13685,71330
13686,71330
13687,71330
13688,71330
13689,71330
13690,71330
13691,71330
13692,71330
13693,71330
13694,71330
13695,71330
13696,71330
13697,71330
13698,71330
13699,71330
13700,71330
13701,71330
13702,71330
13703,71330
13704,71330
13705,71330
13706,71330
13707,71330
13708,71330
13709,71330
13710,71330
13711,71330
13712,71330
13713,71330
13714,71330
13715,71330
13716,71330
13717,71330
13718,71330
13719,71330
13720,71330
13721,71330
13722,71330
13723,71330
13724,71330
13725,71330
13726,71330
13727,71330
13728,71330
13729,71330
13730,71330
13731,71330
13732,71330
13733,71330
13734,71330
13735,71330
13736,71330
13737,71330
13738,71330
13739,71330
13740,71330
13741,71330
13742,71330
13743,71330
13744,71330
13745,71330
13746,71330
13747,71330
13748,71330
13749,71330
13750,71330
13751,71330
13752,71330
13753,71330
13754,71330
13755,71330
13756,71330
13757,71330
13758,71330
13759,71330
13760,71330
13761,71330
13762,71330
13763,71330
13764,71330
13765,71330
13766,71330
13767,71330
13768,71330
13769,71330
13770,71330
13771,71330
13772,71330
13773,71330
13774,71330
13775,71330
13776,71330
13777,71330
13778,71330
13779,71330
13780,71330
13781,71330
13782,71330
13783,71330
13784,71330
13785,71330
13786,71330
13787,71330
13788,71330
13789,71330
13790,71330
13791,71330
13792,71330
13793,71330
13794,71330
13795,71330
13796,71330
13797,71330
13798,71330
13799,71330
13800,71330
13801,71330
13802,71330
13803,71330
13804,71330
13805,71330
13806,71330
13807,71330
13808,71330
13809,71330
13810,71330
13811,71330
13812,71330
13813,71330
13814,71330
13815,71330
13816,71330
13817,71330
13818,71330
13819,71330
13820,71330
13821,71330
13822,71330
13823,71330
13824,71330
13825,71330
13826,71330
13827,71330
13828,71330
13829,71330
13830,71330
13831,71330
13832,71330
13833,71330
13834,71330
13835,71330
13836,71330
13837,71330
13838,71330
13839,71330
13840,71330
13841,71330
13842,71330
13843,71330
13844,71330
13845,71330
13846,71330
13847,71330
13848,71330
13849,71330
13850,71330
13851,71330
13852,71330
13853,71330
13854,71330
13855,71330
13856,71330
13857,71330
13858,71330
13859,71330
13860,71330
13861,71330
13862,71330
13863,71330
13864,71330
13865,71330
13866,71330
13867,71330
13868,71330
13869,71330
13870,71330
13871,71330
13872,71330
13873,71330
13874,71330
13875,71330
13876,71330
13877,71330
13878,71330
13879,71330
13880,71330
13881,71330
13882,71330
13883,71330
13884,71330
13885,71330
13886,71330
13887,71330
13888,71330
13889,71330
13890,71330
13891,71330
13892,71330
13893,71330
13894,71330
13895,71330
13896,71330
13897,71330
13898,71330
13899,71330
13900,71330
13901,71330
13902,71330
13903,71330
13904,71330
13905,71330
13906,71330
13907,71330
13908,71330
13909,71330
13910,71330
13911,71330
13912,71330
13913,71330
13914,71330
13915,71330
13916,71330
13917,71330
13918,71330
13919,71330
13920,71330
13921,71330
13922,71330
13923,71330
13924,71330
13925,71330
13926,71330
13927,71330
13928,71330
13929,71330
13930,71330
13931,71330
13932,71330
13933,71330
13934,71330
13935,71330
13936,71330
13937,71330
13938,71330
13939,71330
13940,71330
13941,71330
13942,71330
13943,71330
13944,71330
13945,71330
13946,71330
13947,71330
13948,71330
13949,71330
13950,71330
13951,71330
13952,71330
13953,71330
13954,71330
13955,71330
13956,71330
13957,71330
13958,71330
13959,71330
13960,71330
13961,71330
13962,71330
13963,71330
13964,71330
13965,71330
13966,71330
13967,71330
13968,71330
13969,71330
13970,71330
13971,71330
13972,71330
13973,71330
13974,71330
13975,71330
13976,71330
13977,71330
13978,71330
13979,71330
13980,71330
13981,71330
13982,71330
13983,71330
13984,71330
13985,71330
13986,71330
13987,71330
13988,71330
13989,71330
13990,71330
13991,71330
13992,71330
13993,71330
13994,71330
13995,71330
13996,71330
13997,71330
13998,71330
13999,71330
14000,71330
14001,71330
14002,71330
14003,71330
14004,71330
14005,71330
14006,71330
14007,71330
14008,71330
14009,71330
14010,71330
14011,71330
14012,71330
14013,71330
14014,71330
14015,71330
14016,71330
14017,71330
14018,71330
14019,71330
14020,71330
14021,71330
14022,71330
14023,71330
14024,71330
14025,71330
14026,71330
14027,71330
14028,71330
14029,71330
14030,71330
14031,71330
14032,71330
14033,71330
14034,71330
14035,71330
14036,71330
14037,71330
14038,71330
14039,71330
14040,71330
14041,71330
14042,71330
14043,71330
14044,71330
14045,71330
14046,71330
14047,71330
14048,71330
14049,71330
14050,71330
14051,71330
14052,71330
14053,71330
14054,71330
14055,71330
14056,71330
14057,71330
14058,71330
14059,71330
14060,71330
14061,71330
14062,71330
14063,71330
14064,71330
14065,71330
14066,71330
14067,71330
14068,71330
14069,71330
14070,71330
14071,71330
14072,71330
14073,71330
14074,71330
14075,71330
14076,71330
14077,71330
14078,71330
14079,71330
14080,71330
14081,71330
14082,71330
14083,71330
14084,71330
14085,71330
14086,71330
14087,71330
14088,71330
14089,71330
14090,71330
14091,71330
14092,71330
14093,71330
14094,71330
14095,71330
14096,71330
14097,71330
14098,71330
14099,71330
14100,71330
14101,71330
14102,71330
14103,71330
14104,71330
14105,71330
14106,71330
14107,71330
14108,71330
14109,71330
14110,71330
14111,71330
14112,71330
14113,71330
14114,71330
14115,71330
14116,71330
14117,71330
14118,71330
14119,71330
14120,71330
14121,71330
14122,71330
14123,71330
14124,71330
14125,71330
14126,71330
14127,71330
14128,71330
14129,71330
14130,71330
14131,71330
14132,71330
14133,71330
14134,71330
14135,71330
14136,71330
14137,71330
14138,71330
14139,71330
14140,71330
14141,71330
14142,71330
14143,71330
14144,71330
14145,71330
14146,71330
14147,71330
14148,71330
14149,71330
14150,71330
14151,71330
14152,71330
14153,71330
14154,71330
14155,71330
14156,71330
14157,71330
14158,71330
14159,71330
14160,71330
14161,71330
14162,71330
14163,71330
14164,71330
14165,71330
14166,71330
14167,71330
14168,71330
14169,71330
14170,71330
14171,71330
14172,71330
14173,71330
14174,71330
14175,71330
14176,71330
14177,71330
14178,71330
14179,71330
14180,71330
14181,71330
14182,71330
14183,71330
14184,71330
14185,71330
14186,71330
14187,71330
14188,71330
14189,71330
14190,71330
14191,71330
14192,71330
14193,71330
14194,71330
14195,71330
14196,71330
14197,71330
14198,71330
14199,71330
14200,71330
14201,71330
14202,71330
14203,71330
14204,71330
14205,71330
14206,71330
14207,71330
14208,71330
14209,71330
14210,71330
14211,71330
14212,71330
14213,71330
14214,71330
14215,71330
14216,71330
14217,71330
14218,71330
14219,71330
14220,71330
14221,71330
14222,71330
14223,71330
14224,71330
14225,71330
14226,71330
14227,71330
14228,71330
14229,71330
14230,71330
14231,71330
14232,71330
14233,71330
14234,71330
14235,71330
14236,71330
14237,71330
14238,71330
14239,71330
14240,71330
14241,71330
14242,71330
14243,71330
14244,71330
14245,71330
14246,71330
14247,71330
14248,71330
14249,71330
14250,71330
14251,71330
14252,71330
14253,71330
14254,71330
14255,71330
14256,71330
14257,71330
14258,71330
14259,71330
14260,71330
14261,71330
14262,71330
14263,71330
14264,71330
14265,71330
14266,71330
14267,71330
14268,71330
14269,71330
14270,71330
14271,71330
14272,71330
14273,71330
14274,71330
14275,71330
14276,71330
14277,71330
14278,71330
14279,71330
14280,71330
14281,71330
14282,71330
14283,71330
14284,71330
14285,71330
14286,71330
14287,71330
14288,71330
14289,71330
14290,71330
14291,71330
14292,71330
14293,71330
14294,71330
14295,71330
14296,71330
14297,71330
14298,71330
14299,71330
14300,71330
14301,71330
14302,71330
14303,71330
14304,71330
14305,71330
14306,71330
14307,71330
14308,71330
14309,71330
14310,71330
14311,71330
14312,71330
14313,71330
14314,71330
14315,71330
14316,71330
14317,71330
14318,71330
14319,71330
14320,71330
14321,71330
14322,71330
14323,71330
14324,71330
14325,71330
14326,71330
14327,71330
14328,71330
14329,71330
14330,71330
14331,71330
14332,71330
14333,71330
14334,71330
14335,71330
14336,71330
14337,71330
14338,71330
14339,71330
14340,71330
14341,71330
14342,71330
14343,71330
14344,71330
14345,71330
14346,71330
14347,71330
14348,71330
14349,71330
14350,71330
14351,71330
14352,71330
14353,71330
14354,71330
14355,71330
14356,71330
14357,71330
14358,71330
14359,71330
14360,71330
14361,71330
14362,71330
14363,71330
14364,71330
14365,71330
14366,71330
14367,71330
14368,71330
14369,71330
14370,71330
14371,71330
14372,71330
14373,71330
14374,71330
14375,71330
14376,71330
14377,71330
14378,71330
14379,71330
14380,71330
14381,71330
14382,71330
14383,71330
14384,71330
14385,71330
14386,71330
14387,71330
14388,71330
14389,71330
14390,71330
14391,71330
14392,71330
14393,71330
14394,71330
14395,71330
14396,71330
14397,71330
14398,71330
14399,71330
14400,71330
14401,71330
14402,71330
14403,71330
14404,71330
14405,71330
14406,71330
14407,71330
14408,71330
14409,71330
14410,71330
14411,71330
14412,71330
14413,71330
14414,71330
14415,71330
14416,71330
14417,71330
14418,71330
14419,71330
14420,71330
14421,71330
14422,71330
14423,71330
14424,71330
14425,71330
14426,71330
14427,71330
14428,71330
14429,71330
14430,71330
14431,71330
14432,71330
14433,71330
14434,71330
14435,71330
14436,71330
14437,71330
14438,71330
14439,71330
14440,71330
14441,71330
14442,71330
14443,71330
14444,71330
14445,71330
14446,71330
14447,71330
14448,71330
14449,71330
14450,71330
14451,71330
14452,71330
14453,71330
14454,71330
14455,71330
14456,71330
14457,71330
14458,71330
14459,71330
14460,71330
14461,71330
14462,71330
14463,71330
14464,71330
14465,71330
14466,71330
14467,71330
14468,71330
14469,71330
14470,71330
14471,71330
14472,71330
14473,71330
14474,71330
14475,71330
14476,71330
14477,71330
14478,71330
14479,71330
14480,71330
14481,71330
14482,71330
14483,71330
14484,71330
14485,71330
14486,71330
14487,71330
14488,71330
14489,71330
14490,71330
14491,71330
14492,71330
14493,71330
14494,71330
14495,71330
14496,71330
14497,71330
14498,71330
14499,71330
14500,71330
14501,71330
14502,71330
14503,71330
14504,71330
14505,71330
14506,71330
14507,71330
14508,71330
14509,71330
14510,71330
14511,71330
14512,71330
14513,71330
14514,71330
14515,71330
14516,71330
14517,71330
14518,71330
14519,71330
14520,71330
14521,71330
14522,71330
14523,71330
14524,71330
14525,71330
14526,71330
14527,71330
14528,71330
14529,71330
14530,71330
14531,71330
14532,71330
14533,71330
14534,71330
14535,71330
14536,71330
14537,71330
14538,71330
14539,71330
14540,71330
14541,71330
14542,71330
14543,71330
14544,71330
14545,71330
14546,71330
14547,71330
14548,71330
14549,71330
14550,71330
14551,71330
14552,71330
14553,71330
14554,71330
14555,71330
14556,71330
14557,71330
14558,71330
14559,71330
14560,71330
14561,71330
14562,71330
14563,71330
14564,71330
14565,71330
14566,71330
14567,71330
14568,71330
14569,71330
14570,71330
14571,71330
14572,71330
14573,71330
14574,71330
14575,71330
14576,71330
14577,71330
14578,71330
14579,71330
14580,71330
14581,71330
14582,71330
14583,71330
14584,71330
14585,71330
14586,71330
14587,71330
14588,71330
14589,71330
14590,71330
14591,71330
14592,71330
14593,71330
14594,71330
14595,71330
14596,71330
14597,71330
14598,71330
14599,71330
14600,71330
14601,71330
14602,71330
14603,71330
14604,71330
14605,71330
14606,71330
14607,71330
14608,71330
14609,71330
14610,71330
14611,71330
14612,71330
14613,71330
14614,71330
14615,71330
14616,71330
14617,71330
14618,71330
14619,71330
14620,71330
14621,71330
14622,71330
14623,71330
14624,71330
14625,71330
14626,71330
14627,71330
14628,71330
14629,71330
14630,71330
14631,71330
14632,71330
14633,71330
14634,71330
14635,71330
14636,71330
14637,71330
14638,71330
14639,71330
14640,71330
14641,71330
14642,71330
14643,71330
14644,71330
14645,71330
14646,71330
14647,71330
14648,71330
14649,71330
14650,71330
14651,71330
14652,71330
14653,71330
14654,71330
14655,71330
14656,71330
14657,71330
14658,71330
14659,71330
14660,71330
14661,71330
14662,71330
14663,71330
14664,71330
14665,71330
14666,71330
14667,71330
14668,71330
14669,71330
14670,71330
14671,71330
14672,71330
14673,71330
14674,71330
14675,71330
14676,71330
14677,71330
14678,71330
14679,71330
14680,71330
14681,71330
14682,71330
14683,71330
14684,71330
14685,71330
14686,71330
14687,71330
14688,71330
14689,71330
14690,71330
14691,71330
14692,71330
14693,71330
14694,71330
14695,71330
14696,71330
14697,71330
14698,71330
14699,71330
14700,71330
14701,71330
14702,71330
14703,71330
14704,71330
14705,71330
14706,71330
14707,71330
14708,71330
14709,71330
14710,71330
14711,71330
14712,71330
14713,71330
14714,71330
14715,71330
14716,71330
14717,71330
14718,71330
14719,71330
14720,71330
14721,71330
14722,71330
14723,71330
14724,71330
14725,71330
14726,71330
14727,71330
14728,71330
14729,71330
14730,71330
14731,71330
14732,71330
14733,71330
14734,71330
14735,71330
14736,71330
14737,71330
14738,71330
14739,71330
14740,71330
14741,71330
14742,71330
14743,71330
14744,71330
14745,71330
14746,71330
14747,71330
14748,71330
14749,71330
14750,71330
14751,71330
14752,71330
14753,71330
14754,71330
14755,71330
14756,71330
14757,71330
14758,71330
14759,71330
14760,71330
14761,71330
14762,71330
14763,71330
14764,71330
14765,71330
14766,71330
14767,71330
14768,71330
14769,71330
14770,71330
14771,71330
14772,71330
14773,71330
14774,71330
14775,71330
14776,71330
14777,71330
14778,71330
14779,71330
14780,71330
14781,71330
14782,71330
14783,71330
14784,71330
14785,71330
14786,71330
14787,71330
14788,71330
14789,71330
14790,71330
14791,71330
14792,71330
14793,71330
14794,71330
14795,71330
14796,71330
14797,71330
14798,71330
14799,71330
14800,71330
14801,71330
14802,71330
14803,71330
14804,71330
14805,71330
14806,71330
14807,71330
14808,71330
14809,71330
14810,71330
14811,71330
14812,71330
14813,71330
14814,71330
14815,71330
14816,71330
14817,71330
14818,71330
14819,71330
14820,71330
14821,71330
14822,71330
14823,71330
14824,71330
14825,71330
14826,71330
14827,71330
14828,71330
14829,71330
14830,71330
14831,71330
14832,71330
14833,71330
14834,71330
14835,71330
14836,71330
14837,71330
14838,71330
14839,71330
14840,71330
14841,71330
14842,71330
14843,71330
14844,71330
14845,71330
14846,71330
14847,71330
14848,71330
14849,71330
14850,71330
14851,71330
14852,71330
14853,71330
14854,71330
14855,71330
14856,71330
14857,71330
14858,71330
14859,71330
14860,71330
14861,71330
14862,71330
14863,71330
14864,71330
14865,71330
14866,71330
14867,71330
14868,71330
14869,71330
14870,71330
14871,71330
14872,71330
14873,71330
14874,71330
14875,71330
14876,71330
14877,71330
14878,71330
14879,71330
14880,71330
14881,71330
14882,71330
14883,71330
14884,71330
14885,71330
14886,71330
14887,71330
14888,71330
14889,71330
14890,71330
14891,71330
14892,71330
14893,71330
14894,71330
14895,71330
14896,71330
14897,71330
14898,71330
14899,71330
14900,71330
14901,71330
14902,71330
14903,71330
14904,71330
14905,71330
14906,71330
14907,71330
14908,71330
14909,71330
14910,71330
14911,71330
14912,71330
14913,71330
14914,71330
14915,71330
14916,71330
14917,71330
14918,71330
14919,71330
14920,71330
14921,71330
14922,71330
14923,71330
14924,71330
14925,71330
14926,71330
14927,71330
14928,71330
14929,71330
14930,71330
14931,71330
14932,71330
14933,71330
14934,71330
14935,71330
14936,71330
14937,71330
14938,71330
14939,71330
14940,71330
14941,71330
14942,71330
14943,71330
14944,71330
14945,71330
14946,71330
14947,71330
14948,71330
14949,71330
14950,71330
14951,71330
14952,71330
14953,71330
14954,71330
14955,71330
14956,71330
14957,71330
14958,71330
14959,71330
14960,71330
14961,71330
14962,71330
14963,71330
14964,71330
14965,71330
14966,71330
14967,71330
14968,71330
14969,71330
14970,71330
14971,71330
14972,71330
14973,71330
14974,71330
14975,71330
14976,71330
14977,71330
14978,71330
14979,71330
14980,71330
14981,71330
14982,71330
14983,71330
14984,71330
14985,71330
14986,71330
14987,71330
14988,71330
14989,71330
14990,71330
14991,71330
14992,71330
14993,71330
14994,71330
14995,71330
14996,71330
14997,71330
14998,71330
14999,71330
15000,71330
15001,71330
15002,71330
15003,71330
15004,71330
15005,71330
15006,71330
15007,71330
15008,71330
15009,71330
15010,71330
15011,71330
15012,71330
15013,71330
15014,71330
15015,71330
15016,71330
15017,71330
15018,71330
15019,71330
15020,71330
15021,71330
15022,71330
15023,71330
15024,71330
15025,71330
15026,71330
15027,71330
15028,71330
15029,71330
15030,71330
15031,71330
15032,71330
15033,71330
15034,71330
15035,71330
15036,71330
15037,71330
15038,71330
15039,71330
15040,71330
15041,71330
15042,71330
15043,71330
15044,71330
15045,71330
15046,71330
15047,71330
15048,71330
15049,71330
15050,71330
15051,71330
15052,71330
15053,71330
15054,71330
15055,71330
15056,71330
15057,71330
15058,71330
15059,71330
15060,71330
15061,71330
15062,71330
15063,71330
15064,71330
15065,71330
15066,71330
15067,71330
15068,71330
15069,71330
15070,71330
15071,71330
15072,71330
15073,71330
15074,71330
15075,71330
15076,71330
15077,71330
15078,71330
15079,71330
15080,71330
15081,71330
15082,71330
15083,71330
15084,71330
15085,71330
15086,71330
15087,71330
15088,71330
15089,71330
15090,71330
15091,71330
15092,71330
15093,71330
15094,71330
15095,71330
15096,71330
15097,71330
15098,71330
15099,71330
15100,71330
15101,71330
15102,71330
15103,71330
15104,71330
15105,71330
15106,71330
15107,71330
15108,71330
15109,71330
15110,71330
15111,71330
15112,71330
15113,71330
15114,71330
15115,71330
15116,71330
15117,71330
15118,71330
15119,71330
15120,71330
15121,71330
15122,71330
15123,71330
15124,71330
15125,71330
15126,71330
15127,71330
15128,71330
15129,71330
15130,71330
15131,71330
15132,71330
15133,71330
15134,71330
15135,71330
15136,71330
15137,71330
15138,71330
15139,71330
15140,71330
15141,71330
15142,71330
15143,71330
15144,71330
15145,71330
15146,71330
15147,71330
15148,71330
15149,71330
15150,71330
15151,71330
15152,71330
15153,71330
15154,71330
15155,71330
15156,71330
15157,71330
15158,71330
15159,71330
15160,71330
15161,71330
15162,71330
15163,71330
15164,71330
15165,71330
15166,71330
15167,71330
15168,71330
15169,71330
15170,71330
15171,71330
15172,71330
15173,71330
15174,71330
15175,71330
15176,71330
15177,71330
15178,71330
15179,71330
15180,71330
15181,71330
15182,71330
15183,71330
15184,71330
15185,71330
15186,71330
15187,71330
15188,71330
15189,71330
15190,71330
15191,71330
15192,71330
15193,71330
15194,71330
15195,71330
15196,71330
15197,71330
15198,71330
15199,71330
15200,71330
15201,71330
15202,71330
15203,71330
15204,71330
15205,71330
15206,71330
15207,71330
15208,71330
15209,71330
15210,71330
15211,71330
15212,71330
15213,71330
15214,71330
15215,71330
15216,71330
15217,71330
15218,71330
15219,71330
15220,71330
15221,71330
15222,71330
15223,71330
15224,71330
15225,71330
15226,71330
15227,71330
15228,71330
15229,71330
15230,71330
15231,71330
15232,71330
15233,71330
15234,71330
15235,71330
15236,71330
15237,71330
15238,71330
15239,71330
15240,71330
15241,71330
15242,71330
15243,71330
15244,71330
15245,71330
15246,71330
15247,71330
15248,71330
15249,71330
15250,71330
15251,71330
15252,71330
15253,71330
15254,71330
15255,71330
15256,71330
15257,71330
15258,71330
15259,71330
15260,71330
15261,71330
15262,71330
15263,71330
15264,71330
15265,71330
15266,71330
15267,71330
15268,71330
15269,71330
15270,71330
15271,71330
15272,71330
15273,71330
15274,71330
15275,71330
15276,71330
15277,71330
15278,71330
15279,71330
15280,71330
15281,71330
15282,71330
15283,71330
15284,71330
15285,71330
15286,71330
15287,71330
15288,71330
15289,71330
15290,71330
15291,71330
15292,71330
15293,71330
15294,71330
15295,71330
15296,71330
15297,71330
15298,71330
15299,71330
15300,71330
15301,71330
15302,71330
15303,71330
15304,71330
15305,71330
15306,71330
15307,71330
15308,71330
15309,71330
15310,71330
15311,71330
15312,71330
15313,71330
15314,71330
15315,71330
15316,71330
15317,71330
15318,71330
15319,71330
15320,71330
15321,71330
15322,71330
15323,71330
15324,71330
15325,71330
15326,71330
15327,71330
15328,71330
15329,71330
15330,71330
15331,71330
15332,71330
15333,71330
15334,71330
15335,71330
15336,71330
15337,71330
15338,71330
15339,71330
15340,71330
15341,71330
15342,71330
15343,71330
15344,71330
15345,71330
15346,71330
15347,71330
15348,71330
15349,71330
15350,71330
15351,71330
15352,71330
15353,71330
15354,71330
15355,71330
15356,71330
15357,71330
15358,71330
15359,71330
15360,71330
15361,71330
15362,71330
15363,71330
15364,71330
15365,71330
15366,71330
15367,71330
15368,71330
15369,71330
15370,71330
15371,71330
15372,71330
15373,71330
15374,71330
15375,71330
15376,71330
15377,71330
15378,71330
15379,71330
15380,71330
15381,71330
15382,71330
15383,71330
15384,71330
15385,71330
15386,71330
15387,71330
15388,71330
15389,71330
15390,71330
15391,71330
15392,71330
15393,71330
15394,71330
15395,71330
15396,71330
15397,71330
15398,71330
15399,71330
15400,71330
15401,71330
15402,71330
15403,71330
15404,71330
15405,71330
15406,71330
15407,71330
15408,71330
15409,71330
15410,71330
15411,71330
15412,71330
15413,71330
15414,71330
15415,71330
15416,71330
15417,71330
15418,71330
15419,71330
15420,71330
15421,71330
15422,71330
15423,71330
15424,71330
15425,71330
15426,71330
15427,71330
15428,71330
15429,71330
15430,71330
15431,71330
15432,71330
15433,71330
15434,71330
15435,71330
15436,71330
15437,71330
15438,71330
15439,71330
15440,71330
15441,71330
15442,71330
15443,71330
15444,71330
15445,71330
15446,71330
15447,71330
15448,71330
15449,71330
15450,71330
15451,71330
15452,71330
15453,71330
15454,71330
15455,71330
15456,71330
15457,71330
15458,71330
15459,71330
15460,71330
15461,71330
15462,71330
15463,71330
15464,71330
15465,71330
15466,71330
15467,71330
15468,71330
15469,71330
15470,71330
15471,71330
15472,71330
15473,71330
15474,71330
15475,71330
15476,71330
15477,71330
15478,71330
15479,71330
15480,71330
15481,71330
15482,71330
15483,71330
15484,71330
15485,71330
15486,71330
15487,71330
15488,71330
15489,71330
15490,71330
15491,71330
15492,71330
15493,71330
15494,71330
15495,71330
15496,71330
15497,71330
15498,71330
15499,71330
15500,71330
15501,71330
15502,71330
15503,71330
15504,71330
15505,71330
15506,71330
15507,71330
15508,71330
15509,71330
15510,71330
15511,71330
15512,71330
15513,71330
15514,71330
15515,71330
15516,71330
15517,71330
15518,71330
15519,71330
15520,71330
15521,71330
15522,71330
15523,71330
15524,71330
15525,71330
15526,71330
15527,71330
15528,71330
15529,71330
15530,71330
15531,71330
15532,71330
15533,71330
15534,71330
15535,71330
15536,71330
15537,71330
15538,71330
15539,71330
15540,71330
15541,71330
15542,71330
15543,71330
15544,71330
15545,71330
15546,71330
15547,71330
15548,71330
15549,71330
15550,71330
15551,71330
15552,71330
15553,71330
15554,71330
15555,71330
15556,71330
15557,71330
15558,71330
15559,71330
15560,71330
15561,71330
15562,71330
15563,71330
15564,71330
15565,71330
15566,71330
15567,71330
15568,71330
15569,71330
15570,71330
15571,71330
15572,71330
15573,71330
15574,71330
15575,71330
15576,71330
15577,71330
15578,71330
15579,71330
15580,71330
15581,71330
15582,71330
15583,71330
15584,71330
15585,71330
15586,71330
15587,71330
15588,71330
15589,71330
15590,71330
15591,71330
15592,71330
15593,71330
15594,71330
15595,71330
15596,71330
15597,71330
15598,71330
15599,71330
15600,71330
15601,71330
15602,71330
15603,71330
15604,71330
15605,71330
15606,71330
15607,71330
15608,71330
15609,71330
15610,71330
15611,71330
15612,71330
15613,71330
15614,71330
15615,71330
15616,71330
15617,71330
15618,71330
15619,71330
15620,71330
15621,71330
15622,71330
15623,71330
15624,71330
15625,71330
15626,71330
15627,71330
15628,71330
15629,71330
15630,71330
15631,71330
15632,71330
15633,71330
15634,71330
15635,71330
15636,71330
15637,71330
15638,71330
15639,71330
15640,71330
15641,71330
15642,71330
15643,71330
15644,71330
15645,71330
15646,71330
15647,71330
15648,71330
15649,71330
15650,71330
15651,71330
15652,71330
15653,71330
15654,71330
15655,71330
15656,71330
15657,71330
15658,71330
15659,71330
15660,71330
15661,71330
15662,71330
15663,71330
15664,71330
15665,71330
15666,71330
15667,71330
15668,71330
15669,71330
15670,71330
15671,71330
15672,71330
15673,71330
15674,71330
15675,71330
15676,71330
15677,71330
15678,71330
15679,71330
15680,71330
15681,71330
15682,71330
15683,71330
15684,71330
15685,71330
15686,71330
15687,71330
15688,71330
15689,71330
15690,71330
15691,71330
15692,71330
15693,71330
15694,71330
15695,71330
15696,71330
15697,71330
15698,71330
15699,71330
15700,71330
15701,71330
15702,71330
15703,71330
15704,71330
15705,71330
15706,71330
15707,71330
15708,71330
15709,71330
15710,71330
15711,71330
15712,71330
15713,71330
15714,71330
15715,71330
15716,71330
15717,71330
15718,71330
15719,71330
15720,71330
15721,71330
15722,71330
15723,71330
15724,71330
15725,71330
15726,71330
15727,71330
15728,71330
15729,71330
15730,71330
15731,71330
15732,71330
15733,71330
15734,71330
15735,71330
15736,71330
15737,71330
15738,71330
15739,71330
15740,71330
15741,71330
15742,71330
15743,71330
15744,71330
15745,71330
15746,71330
15747,71330
15748,71330
15749,71330
15750,71330
15751,71330
15752,71330
15753,71330
15754,71330
15755,71330
15756,71330
15757,71330
15758,71330
15759,71330
15760,71330
15761,71330
15762,71330
15763,71330
15764,71330
15765,71330
15766,71330
15767,71330
15768,71330
15769,71330
15770,71330
15771,71330
15772,71330
15773,71330
15774,71330
15775,71330
15776,71330
15777,71330
15778,71330
15779,71330
15780,71330
15781,71330
15782,71330
15783,71330
15784,71330
15785,71330
15786,71330
15787,71330
15788,71330
15789,71330
15790,71330
15791,71330
15792,71330
15793,71330
15794,71330
15795,71330
15796,71330
15797,71330
15798,71330
15799,71330
15800,71330
15801,71330
15802,71330
15803,71330
15804,71330
15805,71330
15806,71330
15807,71330
15808,71330
15809,71330
15810,71330
15811,71330
15812,71330
15813,71330
15814,71330
15815,71330
15816,71330
15817,71330
15818,71330
15819,71330
15820,71330
15821,71330
15822,71330
15823,71330
15824,71330
15825,71330
15826,71330
15827,71330
15828,71330
15829,71330
15830,71330
15831,71330
15832,71330
15833,71330
15834,71330
15835,71330
15836,71330
15837,71330
15838,71330
15839,71330
15840,71330
15841,71330
15842,71330
15843,71330
15844,71330
15845,71330
15846,71330
15847,71330
15848,71330
15849,71330
15850,71330
15851,71330
15852,71330
15853,71330
15854,71330
15855,71330
15856,71330
15857,71330
15858,71330
15859,71330
15860,71330
15861,71330
15862,71330
15863,71330
15864,71330
15865,71330
15866,71330
15867,71330
15868,71330
15869,71330
15870,71330
15871,71330
15872,71330
15873,71330
15874,71330
15875,71330
15876,71330
15877,71330
15878,71330
15879,71330
15880,71330
15881,71330
15882,71330
15883,71330
15884,71330
15885,71330
15886,71330
15887,71330
15888,71330
15889,71330
15890,71330
15891,71330
15892,71330
15893,71330
15894,71330
15895,71330
15896,71330
15897,71330
15898,71330
15899,71330
15900,71330
15901,71330
15902,71330
15903,71330
15904,71330
15905,71330
15906,71330
15907,71330
15908,71330
15909,71330
15910,71330
15911,71330
15912,71330
15913,71330
15914,71330
15915,71330
15916,71330
15917,71330
15918,71330
15919,71330
15920,71330
15921,71330
15922,71330
15923,71330
15924,71330
15925,71330
15926,71330
15927,71330
15928,71330
15929,71330
15930,71330
15931,71330
15932,71330
15933,71330
15934,71330
15935,71330
15936,71330
15937,71330
15938,71330
15939,71330
15940,71330
15941,71330
15942,71330
15943,71330
15944,71330
15945,71330
15946,71330
15947,71330
15948,71330
15949,71330
15950,71330
15951,71330
15952,71330
15953,71330
15954,71330
15955,71330
15956,71330
15957,71330
15958,71330
15959,71330
15960,71330
15961,71330
15962,71330
15963,71330
15964,71330
15965,71330
15966,71330
15967,71330
15968,71330
15969,71330
15970,71330
15971,71330
15972,71330
15973,71330
15974,71330
15975,71330
15976,71330
15977,71330
15978,71330
15979,71330
15980,71330
15981,71330
15982,71330
15983,71330
15984,71330
15985,71330
15986,71330
15987,71330
15988,71330
15989,71330
15990,71330
15991,71330
15992,71330
15993,71330
15994,71330
15995,71330
15996,71330
15997,71330
15998,71330
15999,71330
16000,71330
16001,71330
16002,71330
16003,71330
16004,71330
16005,71330
16006,71330
16007,71330
16008,71330
16009,71330
16010,71330
16011,71330
16012,71330
16013,71330
16014,71330
16015,71330
16016,71330
16017,71330
16018,71330
16019,71330
16020,71330
16021,71330
16022,71330
16023,71330
16024,71330
16025,71330
16026,71330
16027,71330
16028,71330
16029,71330
16030,71330
16031,71330
16032,71330
16033,71330
16034,71330
16035,71330
16036,71330
16037,71330
16038,71330
16039,71330
16040,71330
16041,71330
16042,71330
16043,71330
16044,71330
16045,71330
16046,71330
16047,71330
16048,71330
16049,71330
16050,71330
16051,71330
16052,71330
16053,71330
16054,71330
16055,71330
16056,71330
16057,71330
16058,71330
16059,71330
16060,71330
16061,71330
16062,71330
16063,71330
16064,71330
16065,71330
16066,71330
16067,71330
16068,71330
16069,71330
16070,71330
16071,71330
16072,71330
16073,71330
16074,71330
16075,71330
16076,71330
16077,71330
16078,71330
16079,71330
16080,71330
16081,71330
16082,71330
16083,71330
16084,71330
16085,71330
16086,71330
16087,71330
16088,71330
16089,71330
16090,71330
16091,71330
16092,71330
16093,71330
16094,71330
16095,71330
16096,71330
16097,71330
16098,71330
16099,71330
16100,71330
16101,71330
16102,71330
16103,71330
16104,71330
16105,71330
16106,71330
16107,71330
16108,71330
16109,71330
16110,71330
16111,71330
16112,71330
16113,71330
16114,71330
16115,71330
16116,71330
16117,71330
16118,71330
16119,71330
16120,71330
16121,71330
16122,71330
16123,71330
16124,71330
16125,71330
16126,71330
16127,71330
16128,71330
16129,71330
16130,71330
16131,71330
16132,71330
16133,71330
16134,71330
16135,71330
16136,71330
16137,71330
16138,71330
16139,71330
16140,71330
16141,71330
16142,71330
16143,71330
16144,71330
16145,71330
16146,71330
16147,71330
16148,71330
16149,71330
16150,71330
16151,71330
16152,71330
16153,71330
16154,71330
16155,71330
16156,71330
16157,71330
16158,71330
16159,71330
16160,71330
16161,71330
16162,71330
16163,71330
16164,71330
16165,71330
16166,71330
16167,71330
16168,71330
16169,71330
16170,71330
16171,71330
16172,71330
16173,71330
16174,71330
16175,71330
16176,71330
16177,71330
16178,71330
16179,71330
16180,71330
16181,71330
16182,71330
16183,71330
16184,71330
16185,71330
16186,71330
16187,71330
16188,71330
16189,71330
16190,71330
16191,71330
16192,71330
16193,71330
16194,71330
16195,71330
16196,71330
16197,71330
16198,71330
16199,71330
16200,71330
16201,71330
16202,71330
16203,71330
16204,71330
16205,71330
16206,71330
16207,71330
16208,71330
16209,71330
16210,71330
16211,71330
16212,71330
16213,71330
16214,71330
16215,71330
16216,71330
16217,71330
16218,71330
16219,71330
16220,71330
16221,71330
16222,71330
16223,71330
16224,71330
16225,71330
16226,71330
16227,71330
16228,71330
16229,71330
16230,71330
16231,71330
16232,71330
16233,71330
16234,71330
16235,71330
16236,71330
16237,71330
16238,71330
16239,71330
16240,71330
16241,71330
16242,71330
16243,71330
16244,71330
16245,71330
16246,71330
16247,71330
16248,71330
16249,71330
16250,71330
16251,71330
16252,71330
16253,71330
16254,71330
16255,71330
16256,71330
16257,71330
16258,71330
16259,71330
16260,71330
16261,71330
16262,71330
16263,71330
16264,71330
16265,71330
16266,71330
16267,71330
16268,71330
16269,71330
16270,71330
16271,71330
16272,71330
16273,71330
16274,71330
16275,71330
16276,71330
16277,71330
16278,71330
16279,71330
16280,71330
16281,71330
16282,71330
16283,71330
16284,71330
16285,71330
16286,71330
16287,71330
16288,71330
16289,71330
16290,71330
16291,71330
16292,71330
16293,71330
16294,71330
16295,71330
16296,71330
16297,71330
16298,71330
16299,71330
16300,71330
16301,71330
16302,71330
16303,71330
16304,71330
16305,71330
16306,71330
16307,71330
16308,71330
16309,71330
16310,71330
16311,71330
16312,71330
16313,71330
16314,71330
16315,71330
16316,71330
16317,71330
16318,71330
16319,71330
16320,71330
16321,71330
16322,71330
16323,71330
16324,71330
16325,71330
16326,71330
16327,71330
16328,71330
16329,71330
16330,71330
16331,71330
16332,71330
16333,71330
16334,71330
16335,71330
16336,71330
16337,71330
16338,71330
16339,71330
16340,71330
16341,71330
16342,71330
16343,71330
16344,71330
16345,71330
16346,71330
16347,71330
16348,71330
16349,71330
16350,71330
16351,71330
16352,71330
16353,71330
16354,71330
16355,71330
16356,71330
16357,71330
16358,71330
16359,71330
16360,71330
16361,71330
16362,71330
16363,71330
16364,71330
16365,71330
16366,71330
16367,71330
16368,71330
16369,71330
16370,71330
16371,71330
16372,71330
16373,71330
16374,71330
16375,71330
16376,71330
16377,71330
16378,71330
16379,71330
16380,71330
16381,71330
16382,71330
16383,71330
16384,71330
16385,71330
16386,71330
16387,71330
16388,71330
16389,71330
16390,71330
16391,71330
16392,71330
16393,71330
16394,71330
16395,71330
16396,71330
16397,71330
16398,71330
16399,71330
16400,71330
16401,71330
16402,71330
16403,71330
16404,71330
16405,71330
16406,71330
16407,71330
16408,71330
16409,71330
16410,71330
16411,71330
16412,71330
16413,71330
16414,71330
16415,71330
16416,71330
16417,71330
16418,71330
16419,71330
16420,71330
16421,71330
16422,71330
16423,71330
16424,71330
16425,71330
16426,71330
16427,71330
16428,71330
16429,71330
16430,71330
16431,71330
16432,71330
16433,71330
16434,71330
16435,71330
16436,71330
16437,71330
16438,71330
16439,71330
16440,71330
16441,71330
16442,71330
16443,71330
16444,71330
16445,71330
16446,71330
16447,71330
16448,71330
16449,71330
16450,71330
16451,71330
16452,71330
16453,71330
16454,71330
16455,71330
16456,71330
16457,71330
16458,71330
16459,71330
16460,71330
16461,71330
16462,71330
16463,71330
16464,71330
16465,71330
16466,71330
16467,71330
16468,71330
16469,71330
16470,71330
16471,71330
16472,71330
16473,71330
16474,71330
16475,71330
16476,71330
16477,71330
16478,71330
16479,71330
16480,71330
16481,71330
16482,71330
16483,71330
16484,71330
16485,71330
16486,71330
16487,71330
16488,71330
16489,71330
16490,71330
16491,71330
16492,71330
16493,71330
16494,71330
16495,71330
16496,71330
16497,71330
16498,71330
16499,71330
16500,71330
16501,71330
16502,71330
16503,71330
16504,71330
16505,71330
16506,71330
16507,71330
16508,71330
16509,71330
16510,71330
16511,71330
16512,71330
16513,71330
16514,71330
16515,71330
16516,71330
16517,71330
16518,71330
16519,71330
16520,71330
16521,71330
16522,71330
16523,71330
16524,71330
16525,71330
16526,71330
16527,71330
16528,71330
16529,71330
16530,71330
16531,71330
16532,71330
16533,71330
16534,71330
16535,71330
16536,71330
16537,71330
16538,71330
16539,71330
16540,71330
16541,71330
16542,71330
16543,71330
16544,71330
16545,71330
16546,71330
16547,71330
16548,71330
16549,71330
16550,71330
16551,71330
16552,71330
16553,71330
16554,71330
16555,71330
16556,71330
16557,71330
16558,71330
16559,71330
16560,71330
16561,71330
16562,71330
16563,71330
16564,71330
16565,71330
16566,71330
16567,71330
16568,71330
16569,71330
16570,71330
16571,71330
16572,71330
16573,71330
16574,71330
16575,71330
16576,71330
16577,71330
16578,71330
16579,71330
16580,71330
16581,71330
16582,71330
16583,71330
16584,71330
16585,71330
16586,71330
16587,71330
16588,71330
16589,71330
16590,71330
16591,71330
16592,71330
16593,71330
16594,71330
16595,71330
16596,71330
16597,71330
16598,71330
16599,71330
16600,71330
16601,71330
16602,71330
16603,71330
16604,71330
16605,71330
16606,71330
16607,71330
16608,71330
16609,71330
16610,71330
16611,71330
16612,71330
16613,71330
16614,71330
16615,71330
16616,71330
16617,71330
16618,71330
16619,71330
16620,71330
16621,71330
16622,71330
16623,71330
16624,71330
16625,71330
16626,71330
16627,71330
16628,71330
16629,71330
16630,71330
16631,71330
16632,71330
16633,71330
16634,71330
16635,71330
16636,71330
16637,71330
16638,71330
16639,71330
16640,71330
16641,71330
16642,71330
16643,71330
16644,71330
16645,71330
16646,71330
16647,71330
16648,71330
16649,71330
16650,71330
16651,71330
16652,71330
16653,71330
16654,71330
16655,71330
16656,71330
16657,71330
16658,71330
16659,71330
16660,71330
16661,71330
16662,71330
16663,71330
16664,71330
16665,71330
16666,71330
16667,71330
16668,71330
16669,71330
16670,71330
16671,71330
16672,71330
16673,71330
16674,71330
16675,71330
16676,71330
16677,71330
16678,71330
16679,71330
16680,71330
16681,71330
16682,71330
16683,71330
16684,71330
16685,71330
16686,71330
16687,71330
16688,71330
16689,71330
16690,71330
16691,71330
16692,71330
16693,71330
16694,71330
16695,71330
16696,71330
16697,71330
16698,71330
16699,71330
16700,71330
16701,71330
16702,71330
16703,71330
16704,71330
16705,71330
16706,71330
16707,71330
16708,71330
16709,71330
16710,71330
16711,71330
16712,71330
16713,71330
16714,71330
16715,71330
16716,71330
16717,71330
16718,71330
16719,71330
16720,71330
16721,71330
16722,71330
16723,71330
16724,71330
16725,71330
16726,71330
16727,71330
16728,71330
16729,71330
16730,71330
16731,71330
16732,71330
16733,71330
16734,71330
16735,71330
16736,71330
16737,71330
16738,71330
16739,71330
16740,71330
16741,71330
16742,71330
16743,71330
16744,71330
16745,71330
16746,71330
16747,71330
16748,71330
16749,71330
16750,71330
16751,71330
16752,71330
16753,71330
16754,71330
16755,71330
16756,71330
16757,71330
16758,71330
16759,71330
16760,71330
16761,71330
16762,71330
16763,71330
16764,71330
16765,71330
16766,71330
16767,71330
16768,71330
16769,71330
16770,71330
16771,71330
16772,71330
16773,71330
16774,71330
16775,71330
16776,71330
16777,71330
16778,71330
16779,71330
16780,71330
16781,71330
16782,71330
16783,71330
16784,71330
16785,71330
16786,71330
16787,71330
16788,71330
16789,71330
16790,71330
16791,71330
16792,71330
16793,71330
16794,71330
16795,71330
16796,71330
16797,71330
16798,71330
16799,71330
16800,71330
16801,71330
16802,71330
16803,71330
16804,71330
16805,71330
16806,71330
16807,71330
16808,71330
16809,71330
16810,71330
16811,71330
16812,71330
16813,71330
16814,71330
16815,71330
16816,71330
16817,71330
16818,71330
16819,71330
16820,71330
16821,71330
16822,71330
16823,71330
16824,71330
16825,71330
16826,71330
16827,71330
16828,71330
16829,71330
16830,71330
16831,71330
16832,71330
16833,71330
16834,71330
16835,71330
16836,71330
16837,71330
16838,71330
16839,71330
16840,71330
16841,71330
16842,71330
16843,71330
16844,71330
16845,71330
16846,71330
16847,71330
16848,71330
16849,71330
16850,71330
16851,71330
16852,71330
16853,71330
16854,71330
16855,71330
16856,71330
16857,71330
16858,71330
16859,71330
16860,71330
16861,71330
16862,71330
16863,71330
16864,71330
16865,71330
16866,71330
16867,71330
16868,71330
16869,71330
16870,71330
16871,71330
16872,71330
16873,71330
16874,71330
16875,71330
16876,71330
16877,71330
16878,71330
16879,71330
16880,71330
16881,71330
16882,71330
16883,71330
16884,71330
16885,71330
16886,71330
16887,71330
16888,71330
16889,71330
16890,71330
16891,71330
16892,71330
16893,71330
16894,71330
16895,71330
16896,71330
16897,71330
16898,71330
16899,71330
16900,71330
16901,71330
16902,71330
16903,71330
16904,71330
16905,71330
16906,71330
16907,71330
16908,71330
16909,71330
16910,71330
16911,71330
16912,71330
16913,71330
16914,71330
16915,71330
16916,71330
16917,71330
16918,71330
16919,71330
16920,71330
16921,71330
16922,71330
16923,71330
16924,71330
16925,71330
16926,71330
16927,71330
16928,71330
16929,71330
16930,71330
16931,71330
16932,71330
16933,71330
16934,71330
16935,71330
16936,71330
16937,71330
16938,71330
16939,71330
16940,71330
16941,71330
16942,71330
16943,71330
16944,71330
16945,71330
16946,71330
16947,71330
16948,71330
16949,71330
16950,71330
16951,71330
16952,71330
16953,71330
16954,71330
16955,71330
16956,71330
16957,71330
16958,71330
16959,71330
16960,71330
16961,71330
16962,71330
16963,71330
16964,71330
16965,71330
16966,71330
16967,71330
16968,71330
16969,71330
16970,71330
16971,71330
16972,71330
16973,71330
16974,71330
16975,71330
16976,71330
16977,71330
16978,71330
16979,71330
16980,71330
16981,71330
16982,71330
16983,71330
16984,71330
16985,71330
16986,71330
16987,71330
16988,71330
16989,71330
16990,71330
16991,71330
16992,71330
16993,71330
16994,71330
16995,71330
16996,71330
16997,71330
16998,71330
16999,71330
17000,71330
17001,71330
17002,71330
17003,71330
17004,71330
17005,71330
17006,71330
17007,71330
17008,71330
17009,71330
17010,71330
17011,71330
17012,71330
17013,71330
17014,71330
17015,71330
17016,71330
17017,71330
17018,71330
17019,71330
17020,71330
17021,71330
17022,71330
17023,71330
17024,71330
17025,71330
17026,71330
17027,71330
17028,71330
17029,71330
17030,71330
17031,71330
17032,71330
17033,71330
17034,71330
17035,71330
17036,71330
17037,71330
17038,71330
17039,71330
17040,71330
17041,71330
17042,71330
17043,71330
17044,71330
17045,71330
17046,71330
17047,71330
17048,71330
17049,71330
17050,71330
17051,71330
17052,71330
17053,71330
17054,71330
17055,71330
17056,71330
17057,71330
17058,71330
17059,71330
17060,71330
17061,71330
17062,71330
17063,71330
17064,71330
17065,71330
17066,71330
17067,71330
17068,71330
17069,71330
17070,71330
17071,71330
17072,71330
17073,71330
17074,71330
17075,71330
17076,71330
17077,71330
17078,71330
17079,71330
17080,71330
17081,71330
17082,71330
17083,71330
17084,71330
17085,71330
17086,71330
17087,71330
17088,71330
17089,71330
17090,71330
17091,71330
17092,71330
17093,71330
17094,71330
17095,71330
17096,71330
17097,71330
17098,71330
17099,71330
17100,71330
17101,71330
17102,71330
17103,71330
17104,71330
17105,71330
17106,71330
17107,71330
17108,71330
17109,71330
17110,71330
17111,71330
17112,71330
17113,71330
17114,71330
17115,71330
17116,71330
17117,71330
17118,71330
17119,71330
17120,71330
17121,71330
17122,71330
17123,71330
17124,71330
17125,71330
17126,71330
17127,71330
17128,71330
17129,71330
17130,71330
17131,71330
17132,71330
17133,71330
17134,71330
17135,71330
17136,71330
17137,71330
17138,71330
17139,71330
17140,71330
17141,71330
17142,71330
17143,71330
17144,71330
17145,71330
17146,71330
17147,71330
17148,71330
17149,71330
17150,71330
17151,71330
17152,71330
17153,71330
17154,71330
17155,71330
17156,71330
17157,71330
17158,71330
17159,71330
17160,71330
17161,71330
17162,71330
17163,71330
17164,71330
17165,71330
17166,71330
17167,71330
17168,71330
17169,71330
17170,71330
17171,71330
17172,71330
17173,71330
17174,71330
17175,71330
17176,71330
17177,71330
17178,71330
17179,71330
17180,71330
17181,71330
17182,71330
17183,71330
17184,71330
17185,71330
17186,71330
17187,71330
17188,71330
17189,71330
17190,71330
17191,71330
17192,71330
17193,71330
17194,71330
17195,71330
17196,71330
17197,71330
17198,71330
17199,71330
17200,71330
17201,71330
17202,71330
17203,71330
17204,71330
17205,71330
17206,71330
17207,71330
17208,71330
17209,71330
17210,71330
17211,71330
17212,71330
17213,71330
17214,71330
17215,71330
17216,71330
17217,71330
17218,71330
17219,71330
17220,71330
17221,71330
17222,71330
17223,71330
17224,71330
17225,71330
17226,71330
17227,71330
17228,71330
17229,71330
17230,71330
17231,71330
17232,71330
17233,71330
17234,71330
17235,71330
17236,71330
17237,71330
17238,71330
17239,71330
17240,71330
17241,71330
17242,71330
17243,71330
17244,71330
17245,71330
17246,71330
17247,71330
17248,71330
17249,71330
17250,71330
17251,71330
17252,71330
17253,71330
17254,71330
17255,71330
17256,71330
17257,71330
17258,71330
17259,71330
17260,71330
17261,71330
17262,71330
17263,71330
17264,71330
17265,71330
17266,71330
17267,71330
17268,71330
17269,71330
17270,71330
17271,71330
17272,71330
17273,71330
17274,71330
17275,71330
17276,71330
17277,71330
17278,71330
17279,71330
17280,71330
17281,71330
17282,71330
17283,71330
17284,71330
17285,71330
17286,71330
17287,71330
17288,71330
17289,71330
17290,71330
17291,71330
17292,71330
17293,71330
17294,71330
17295,71330
17296,71330
17297,71330
17298,71330
17299,71330
17300,71330
17301,71330
17302,71330
17303,71330
17304,71330
17305,71330
17306,71330
17307,71330
17308,71330
17309,71330
17310,71330
17311,71330
17312,71330
17313,71330
17314,71330
17315,71330
17316,71330
17317,71330
17318,71330
17319,71330
17320,71330
17321,71330
17322,71330
17323,71330
17324,71330
17325,71330
17326,71330
17327,71330
17328,71330
17329,71330
17330,71330
17331,71330
17332,71330
17333,71330
17334,71330
17335,71330
17336,71330
17337,71330
17338,71330
17339,71330
17340,71330
17341,71330
17342,71330
17343,71330
17344,71330
17345,71330
17346,71330
17347,71330
17348,71330
17349,71330
17350,71330
17351,71330
17352,71330
17353,71330
17354,71330
17355,71330
17356,71330
17357,71330
17358,71330
17359,71330
17360,71330
17361,71330
17362,71330
17363,71330
17364,71330
17365,71330
17366,71330
17367,71330
17368,71330
17369,71330
17370,71330
17371,71330
17372,71330
17373,71330
17374,71330
17375,71330
17376,71330
17377,71330
17378,71330
17379,71330
17380,71330
17381,71330
17382,71330
17383,71330
17384,71330
17385,71330
17386,71330
17387,71330
17388,71330
17389,71330
17390,71330
17391,71330
17392,71330
17393,71330
17394,71330
17395,71330
17396,71330
17397,71330
17398,71330
17399,71330
17400,71330
17401,71330
17402,71330
17403,71330
17404,71330
17405,71330
17406,71330
17407,71330
17408,71330
17409,71330
17410,71330
17411,71330
17412,71330
17413,71330
17414,71330
17415,71330
17416,71330
17417,71330
17418,71330
17419,71330
17420,71330
17421,71330
17422,71330
17423,71330
17424,71330
17425,71330
17426,71330
17427,71330
17428,71330
17429,71330
17430,71330
17431,71330
17432,71330
17433,71330
17434,71330
17435,71330
17436,71330
17437,71330
17438,71330
17439,71330
17440,71330
17441,71330
17442,71330
17443,71330
17444,71330
17445,71330
17446,71330
17447,71330
17448,71330
17449,71330
17450,71330
17451,71330
17452,71330
17453,71330
17454,71330
17455,71330
17456,71330
17457,71330
17458,71330
17459,71330
17460,71330
17461,71330
17462,71330
17463,71330
17464,71330
17465,71330
17466,71330
17467,71330
17468,71330
17469,71330
17470,71330
17471,71330
17472,71330
17473,71330
17474,71330
17475,71330
17476,71330
17477,71330
17478,71330
17479,71330
17480,71330
17481,71330
17482,71330
17483,71330
17484,71330
17485,71330
17486,71330
17487,71330
17488,71330
17489,71330
17490,71330
17491,71330
17492,71330
17493,71330
17494,71330
17495,71330
17496,71330
17497,71330
17498,71330
17499,71330
17500,71330
17501,71330
17502,71330
17503,71330
17504,71330
17505,71330
17506,71330
17507,71330
17508,71330
17509,71330
17510,71330
17511,71330
17512,71330
17513,71330
17514,71330
17515,71330
17516,71330
17517,71330
17518,71330
17519,71330
17520,71330
17521,71330
17522,71330
17523,71330
17524,71330
17525,71330
17526,71330
17527,71330
17528,71330
17529,71330
17530,71330
17531,71330
17532,71330
17533,71330
17534,71330
17535,71330
17536,71330
17537,71330
17538,71330
17539,71330
17540,71330
17541,71330
17542,71330
17543,71330
17544,71330
17545,71330
17546,71330
17547,71330
17548,71330
17549,71330
17550,71330
17551,71330
17552,71330
17553,71330
17554,71330
17555,71330
17556,71330
17557,71330
17558,71330
17559,71330
17560,71330
17561,71330
17562,71330
17563,71330
17564,71330
17565,71330
17566,71330
17567,71330
17568,71330
17569,71330
17570,71330
17571,71330
17572,71330
17573,71330
17574,71330
17575,71330
17576,71330
17577,71330
17578,71330
17579,71330
17580,71330
17581,71330
17582,71330
17583,71330
17584,71330
17585,71330
17586,71330
17587,71330
17588,71330
17589,71330
17590,71330
17591,71330
17592,71330
17593,71330
17594,71330
17595,71330
17596,71330
17597,71330
17598,71330
17599,71330
17600,71330
17601,71330
17602,71330
17603,71330
17604,71330
17605,71330
17606,71330
17607,71330
17608,71330
17609,71330
17610,71330
17611,71330
17612,71330
17613,71330
17614,71330
17615,71330
17616,71330
17617,71330
17618,71330
17619,71330
17620,71330
17621,71330
17622,71330
17623,71330
17624,71330
17625,71330
17626,71330
17627,71330
17628,71330
17629,71330
17630,71330
17631,71330
17632,71330
17633,71330
17634,71330
17635,71330
17636,71330
17637,71330
17638,71330
17639,71330
17640,71330
17641,71330
17642,71330
17643,71330
17644,71330
17645,71330
17646,71330
17647,71330
17648,71330
17649,71330
17650,71330
17651,71330
17652,71330
17653,71330
17654,71330
17655,71330
17656,71330
17657,71330
17658,71330
17659,71330
17660,71330
17661,71330
17662,71330
17663,71330
17664,71330
17665,71330
17666,71330
17667,71330
17668,71330
17669,71330
17670,71330
17671,71330
17672,71330
17673,71330
17674,71330
17675,71330
17676,71330
17677,71330
17678,71330
17679,71330
17680,71330
17681,71330
17682,71330
17683,71330
17684,71330
17685,71330
17686,71330
17687,71330
17688,71330
17689,71330
17690,71330
17691,71330
17692,71330
17693,71330
17694,71330
17695,71330
17696,71330
17697,71330
17698,71330
17699,71330
17700,71330
17701,71330
17702,71330
17703,71330
17704,71330
17705,71330
17706,71330
17707,71330
17708,71330
17709,71330
17710,71330
17711,71330
17712,71330
17713,71330
17714,71330
17715,71330
17716,71330
17717,71330
17718,71330
17719,71330
17720,71330
17721,71330
17722,71330
17723,71330
17724,71330
17725,71330
17726,71330
17727,71330
17728,71330
17729,71330
17730,71330
17731,71330
17732,71330
17733,71330
17734,71330
17735,71330
17736,71330
17737,71330
17738,71330
17739,71330
17740,71330
17741,71330
17742,71330
17743,71330
17744,71330
17745,71330
17746,71330
17747,71330
17748,71330
17749,71330
17750,71330
17751,71330
17752,71330
17753,71330
17754,71330
17755,71330
17756,71330
17757,71330
17758,71330
17759,71330
17760,71330
17761,71330
17762,71330
17763,71330
17764,71330
17765,71330
17766,71330
17767,71330
17768,71330
17769,71330
17770,71330
17771,71330
17772,71330
17773,71330
17774,71330
17775,71330
17776,71330
17777,71330
17778,71330
17779,71330
17780,71330
17781,71330
17782,71330
17783,71330
17784,71330
17785,71330
17786,71330
17787,71330
17788,71330
17789,71330
17790,71330
17791,71330
17792,71330
17793,71330
17794,71330
17795,71330
17796,71330
17797,71330
17798,71330
17799,71330
17800,71330
17801,71330
17802,71330
17803,71330
17804,71330
17805,71330
17806,71330
17807,71330
17808,71330
17809,71330
17810,71330
17811,71330
17812,71330
17813,71330
17814,71330
17815,71330
17816,71330
17817,71330
17818,71330
17819,71330
17820,71330
17821,71330
17822,71330
17823,71330
17824,71330
17825,71330
17826,71330
17827,71330
17828,71330
17829,71330
17830,71330
17831,71330
17832,71330
17833,71330
17834,71330
17835,71330
17836,71330
17837,71330
17838,71330
17839,71330
17840,71330
17841,71330
17842,71330
17843,71330
17844,71330
17845,71330
17846,71330
17847,71330
17848,71330
17849,71330
17850,71330
17851,71330
17852,71330
17853,71330
17854,71330
17855,71330
17856,71330
17857,71330
17858,71330
17859,71330
17860,71330
17861,71330
17862,71330
17863,71330
17864,71330
17865,71330
17866,71330
17867,71330
17868,71330
17869,71330
17870,71330
17871,71330
17872,71330
17873,71330
17874,71330
17875,71330
17876,71330
17877,71330
17878,71330
17879,71330
17880,71330
17881,71330
17882,71330
17883,71330
17884,71330
17885,71330
17886,71330
17887,71330
17888,71330
17889,71330
17890,71330
17891,71330
17892,71330
17893,71330
17894,71330
17895,71330
17896,71330
17897,71330
17898,71330
17899,71330
17900,71330
17901,71330
17902,71330
17903,71330
17904,71330
17905,71330
17906,71330
17907,71330
17908,71330
17909,71330
17910,71330
17911,71330
17912,71330
17913,71330
17914,71330
17915,71330
17916,71330
17917,71330
17918,71330
17919,71330
17920,71330
17921,71330
17922,71330
17923,71330
17924,71330
17925,71330
17926,71330
17927,71330
17928,71330
17929,71330
17930,71330
17931,71330
17932,71330
17933,71330
17934,71330
17935,71330
17936,71330
17937,71330
17938,71330
17939,71330
17940,71330
17941,71330
17942,71330
17943,71330
17944,71330
17945,71330
17946,71330
17947,71330
17948,71330
17949,71330
17950,71330
17951,71330
17952,71330
17953,71330
17954,71330
17955,71330
17956,71330
17957,71330
17958,71330
17959,71330
17960,71330
17961,71330
17962,71330
17963,71330
17964,71330
17965,71330
17966,71330
17967,71330
17968,71330
17969,71330
17970,71330
17971,71330
17972,71330
17973,71330
17974,71330
17975,71330
17976,71330
17977,71330
17978,71330
17979,71330
17980,71330
17981,71330
17982,71330
17983,71330
17984,71330
17985,71330
17986,71330
17987,71330
17988,71330
17989,71330
17990,71330
17991,71330
17992,71330
17993,71330
17994,71330
17995,71330
17996,71330
17997,71330
17998,71330
17999,71330
18000,71330
18001,71330
18002,71330
18003,71330
18004,71330
18005,71330
18006,71330
18007,71330
18008,71330
18009,71330
18010,71330
18011,71330
18012,71330
18013,71330
18014,71330
18015,71330
18016,71330
18017,71330
18018,71330
18019,71330
18020,71330
18021,71330
18022,71330
18023,71330
18024,71330
18025,71330
18026,71330
18027,71330
18028,71330
18029,71330
18030,71330
18031,71330
18032,71330
18033,71330
18034,71330
18035,71330
18036,71330
18037,71330
18038,71330
18039,71330
18040,71330
18041,71330
18042,71330
18043,71330
18044,71330
18045,71330
18046,71330
18047,71330
18048,71330
18049,71330
18050,71330
18051,71330
18052,71330
18053,71330
18054,71330
18055,71330
18056,71330
18057,71330
18058,71330
18059,71330
18060,71330
18061,71330
18062,71330
18063,71330
18064,71330
18065,71330
18066,71330
18067,71330
18068,71330
18069,71330
18070,71330
18071,71330
18072,71330
18073,71330
18074,71330
18075,71330
18076,71330
18077,71330
18078,71330
18079,71330
18080,71330
18081,71330
18082,71330
18083,71330
18084,71330
18085,71330
18086,71330
18087,71330
18088,71330
18089,71330
18090,71330
18091,71330
18092,71330
18093,71330
18094,71330
18095,71330
18096,71330
18097,71330
18098,71330
18099,71330
18100,71330
18101,71330
18102,71330
18103,71330
18104,71330
18105,71330
18106,71330
18107,71330
18108,71330
18109,71330
18110,71330
18111,71330
18112,71330
18113,71330
18114,71330
18115,71330
18116,71330
18117,71330
18118,71330
18119,71330
18120,71330
18121,71330
18122,71330
18123,71330
18124,71330
18125,71330
18126,71330
18127,71330
18128,71330
18129,71330
18130,71330
18131,71330
18132,71330
18133,71330
18134,71330
18135,71330
18136,71330
18137,71330
18138,71330
18139,71330
18140,71330
18141,71330
18142,71330
18143,71330
18144,71330
18145,71330
18146,71330
18147,71330
18148,71330
18149,71330
18150,71330
18151,71330
18152,71330
18153,71330
18154,71330
18155,71330
18156,71330
18157,71330
18158,71330
18159,71330
18160,71330
18161,71330
18162,71330
18163,71330
18164,71330
18165,71330
18166,71330
18167,71330
18168,71330
18169,71330
18170,71330
18171,71330
18172,71330
18173,71330
18174,71330
18175,71330
18176,71330
18177,71330
18178,71330
18179,71330
18180,71330
18181,71330
18182,71330
18183,71330
18184,71330
18185,71330
18186,71330
18187,71330
18188,71330
18189,71330
18190,71330
18191,71330
18192,71330
18193,71330
18194,71330
18195,71330
18196,71330
18197,71330
18198,71330
18199,71330
18200,71330
18201,71330
18202,71330
18203,71330
18204,71330
18205,71330
18206,71330
18207,71330
18208,71330
18209,71330
18210,71330
18211,71330
18212,71330
18213,71330
18214,71330
18215,71330
18216,71330
18217,71330
18218,71330
18219,71330
18220,71330
18221,71330
18222,71330
18223,71330
18224,71330
18225,71330
18226,71330
18227,71330
18228,71330
18229,71330
18230,71330
18231,71330
18232,71330
18233,71330
18234,71330
18235,71330
18236,71330
18237,71330
18238,71330
18239,71330
18240,71330
18241,71330
18242,71330
18243,71330
18244,71330
18245,71330
18246,71330
18247,71330
18248,71330
18249,71330
18250,71330
18251,71330
18252,71330
18253,71330
18254,71330
18255,71330
18256,71330
18257,71330
18258,71330
18259,71330
18260,71330
18261,71330
18262,71330
18263,71330
18264,71330
18265,71330
18266,71330
18267,71330
18268,71330
18269,71330
18270,71330
18271,71330
18272,71330
18273,71330
18274,71330
18275,71330
18276,71330
18277,71330
18278,71330
18279,71330
18280,71330
18281,71330
18282,71330
18283,71330
18284,71330
18285,71330
18286,71330
18287,71330
18288,71330
18289,71330
18290,71330
18291,71330
18292,71330
18293,71330
18294,71330
18295,71330
18296,71330
18297,71330
18298,71330
18299,71330
18300,71330
18301,71330
18302,71330
18303,71330
18304,71330
18305,71330
18306,71330
18307,71330
18308,71330
18309,71330
18310,71330
18311,71330
18312,71330
18313,71330
18314,71330
18315,71330
18316,71330
18317,71330
18318,71330
18319,71330
18320,71330
18321,71330
18322,71330
18323,71330
18324,71330
18325,71330
18326,71330
18327,71330
18328,71330
18329,71330
18330,71330
18331,71330
18332,71330
18333,71330
18334,71330
18335,71330
18336,71330
18337,71330
18338,71330
18339,71330
18340,71330
18341,71330
18342,71330
18343,71330
18344,71330
18345,71330
18346,71330
18347,71330
18348,71330
18349,71330
18350,71330
18351,71330
18352,71330
18353,71330
18354,71330
18355,71330
18356,71330
18357,71330
18358,71330
18359,71330
18360,71330
18361,71330
18362,71330
18363,71330
18364,71330
18365,71330
18366,71330
18367,71330
18368,71330
18369,71330
18370,71330
18371,71330
18372,71330
18373,71330
18374,71330
18375,71330
18376,71330
18377,71330
18378,71330
18379,71330
18380,71330
18381,71330
18382,71330
18383,71330
18384,71330
18385,71330
18386,71330
18387,71330
18388,71330
18389,71330
18390,71330
18391,71330
18392,71330
18393,71330
18394,71330
18395,71330
18396,71330
18397,71330
18398,71330
18399,71330
18400,71330
18401,71330
18402,71330
18403,71330
18404,71330
18405,71330
18406,71330
18407,71330
18408,71330
18409,71330
18410,71330
18411,71330
18412,71330
18413,71330
18414,71330
18415,71330
18416,71330
18417,71330
18418,71330
18419,71330
18420,71330
18421,71330
18422,71330
18423,71330
18424,71330
18425,71330
18426,71330
18427,71330
18428,71330
18429,71330
18430,71330
18431,71330
18432,71330
18433,71330
18434,71330
18435,71330
18436,71330
18437,71330
18438,71330
18439,71330
18440,71330
18441,71330
18442,71330
18443,71330
18444,71330
18445,71330
18446,71330
18447,71330
18448,71330
18449,71330
18450,71330
18451,71330
18452,71330
18453,71330
18454,71330
18455,71330
18456,71330
18457,71330
18458,71330
18459,71330
18460,71330
18461,71330
18462,71330
18463,71330
18464,71330
18465,71330
18466,71330
18467,71330
18468,71330
18469,71330
18470,71330
18471,71330
18472,71330
18473,71330
18474,71330
18475,71330
18476,71330
18477,71330
18478,71330
18479,71330
18480,71330
18481,71330
18482,71330
18483,71330
18484,71330
18485,71330
18486,71330
18487,71330
18488,71330
18489,71330
18490,71330
18491,71330
18492,71330
18493,71330
18494,71330
18495,71330
18496,71330
18497,71330
18498,71330
18499,71330
18500,71330
18501,71330
18502,71330
18503,71330
18504,71330
18505,71330
18506,71330
18507,71330
18508,71330
18509,71330
18510,71330
18511,71330
18512,71330
18513,71330
18514,71330
18515,71330
18516,71330
18517,71330
18518,71330
18519,71330
18520,71330
18521,71330
18522,71330
18523,71330
18524,71330
18525,71330
18526,71330
18527,71330
18528,71330
18529,71330
18530,71330
18531,71330
18532,71330
18533,71330
18534,71330
18535,71330
18536,71330
18537,71330
18538,71330
18539,71330
18540,71330
18541,71330
18542,71330
18543,71330
18544,71330
18545,71330
18546,71330
18547,71330
18548,71330
18549,71330
18550,71330
18551,71330
18552,71330
18553,71330
18554,71330
18555,71330
18556,71330
18557,71330
18558,71330
18559,71330
18560,71330
18561,71330
18562,71330
18563,71330
18564,71330
18565,71330
18566,71330
18567,71330
18568,71330
18569,71330
18570,71330
18571,71330
18572,71330
18573,71330
18574,71330
18575,71330
18576,71330
18577,71330
18578,71330
18579,71330
18580,71330
18581,71330
18582,71330
18583,71330
18584,71330
18585,71330
18586,71330
18587,71330
18588,71330
18589,71330
18590,71330
18591,71330
18592,71330
18593,71330
18594,71330
18595,71330
18596,71330
18597,71330
18598,71330
18599,71330
18600,71330
18601,71330
18602,71330
18603,71330
18604,71330
18605,71330
18606,71330
18607,71330
18608,71330
18609,71330
18610,71330
18611,71330
18612,71330
18613,71330
18614,71330
18615,71330
18616,71330
18617,71330
18618,71330
18619,71330
18620,71330
18621,71330
18622,71330
18623,71330
18624,71330
18625,71330
18626,71330
18627,71330
18628,71330
18629,71330
18630,71330
18631,71330
18632,71330
18633,71330
18634,71330
18635,71330
18636,71330
18637,71330
18638,71330
18639,71330
18640,71330
18641,71330
18642,71330
18643,71330
18644,71330
18645,71330
18646,71330
18647,71330
18648,71330
18649,71330
18650,71330
18651,71330
18652,71330
18653,71330
18654,71330
18655,71330
18656,71330
18657,71330
18658,71330
18659,71330
18660,71330
18661,71330
18662,71330
18663,71330
18664,71330
18665,71330
18666,71330
18667,71330
18668,71330
18669,71330
18670,71330
18671,71330
18672,71330
18673,71330
18674,71330
18675,71330
18676,71330
18677,71330
18678,71330
18679,71330
18680,71330
18681,71330
18682,71330
18683,71330
18684,71330
18685,71330
18686,71330
18687,71330
18688,71330
18689,71330
18690,71330
18691,71330
18692,71330
18693,71330
18694,71330
18695,71330
18696,71330
18697,71330
18698,71330
18699,71330
18700,71330
18701,71330
18702,71330
18703,71330
18704,71330
18705,71330
18706,71330
18707,71330
18708,71330
18709,71330
18710,71330
18711,71330
18712,71330
18713,71330
18714,71330
18715,71330
18716,71330
18717,71330
18718,71330
18719,71330
18720,71330
18721,71330
18722,71330
18723,71330
18724,71330
18725,71330
18726,71330
18727,71330
18728,71330
18729,71330
18730,71330
18731,71330
18732,71330
18733,71330
18734,71330
18735,71330
18736,71330
18737,71330
18738,71330
18739,71330
18740,71330
18741,71330
18742,71330
18743,71330
18744,71330
18745,71330
18746,71330
18747,71330
18748,71330
18749,71330
18750,71330
18751,71330
18752,71330
18753,71330
18754,71330
18755,71330
18756,71330
18757,71330
18758,71330
18759,71330
18760,71330
18761,71330
18762,71330
18763,71330
18764,71330
18765,71330
18766,71330
18767,71330
18768,71330
18769,71330
18770,71330
18771,71330
18772,71330
18773,71330
18774,71330
18775,71330
18776,71330
18777,71330
18778,71330
18779,71330
18780,71330
18781,71330
18782,71330
18783,71330
18784,71330
18785,71330
18786,71330
18787,71330
18788,71330
18789,71330
18790,71330
18791,71330
18792,71330
18793,71330
18794,71330
18795,71330
18796,71330
18797,71330
18798,71330
18799,71330
18800,71330
18801,71330
18802,71330
18803,71330
18804,71330
18805,71330
18806,71330
18807,71330
18808,71330
18809,71330
18810,71330
18811,71330
18812,71330
18813,71330
18814,71330
18815,71330
18816,71330
18817,71330
18818,71330
18819,71330
18820,71330
18821,71330
18822,71330
18823,71330
18824,71330
18825,71330
18826,71330
18827,71330
18828,71330
18829,71330
18830,71330
18831,71330
18832,71330
18833,71330
18834,71330
18835,71330
18836,71330
18837,71330
18838,71330
18839,71330
18840,71330
18841,71330
18842,71330
18843,71330
18844,71330
18845,71330
18846,71330
18847,71330
18848,71330
18849,71330
18850,71330
18851,71330
18852,71330
18853,71330
18854,71330
18855,71330
18856,71330
18857,71330
18858,71330
18859,71330
18860,71330
18861,71330
18862,71330
18863,71330
18864,71330
18865,71330
18866,71330
18867,71330
18868,71330
18869,71330
18870,71330
18871,71330
18872,71330
18873,71330
18874,71330
18875,71330
18876,71330
18877,71330
18878,71330
18879,71330
18880,71330
18881,71330
18882,71330
18883,71330
18884,71330
18885,71330
18886,71330
18887,71330
18888,71330
18889,71330
18890,71330
18891,71330
18892,71330
18893,71330
18894,71330
18895,71330
18896,71330
18897,71330
18898,71330
18899,71330
18900,71330
18901,71330
18902,71330
18903,71330
18904,71330
18905,71330
18906,71330
18907,71330
18908,71330
18909,71330
18910,71330
18911,71330
18912,71330
18913,71330
18914,71330
18915,71330
18916,71330
18917,71330
18918,71330
18919,71330
18920,71330
18921,71330
18922,71330
18923,71330
18924,71330
18925,71330
18926,71330
18927,71330
18928,71330
18929,71330
18930,71330
18931,71330
18932,71330
18933,71330
18934,71330
18935,71330
18936,71330
18937,71330
18938,71330
18939,71330
18940,71330
18941,71330
18942,71330
18943,71330
18944,71330
18945,71330
18946,71330
18947,71330
18948,71330
18949,71330
18950,71330
18951,71330
18952,71330
18953,71330
18954,71330
18955,71330
18956,71330
18957,71330
18958,71330
18959,71330
18960,71330
18961,71330
18962,71330
18963,71330
18964,71330
18965,71330
18966,71330
18967,71330
18968,71330
18969,71330
18970,71330
18971,71330
18972,71330
18973,71330
18974,71330
18975,71330
18976,71330
18977,71330
18978,71330
18979,71330
18980,71330
18981,71330
18982,71330
18983,71330
18984,71330
18985,71330
18986,71330
18987,71330
18988,71330
18989,71330
18990,71330
18991,71330
18992,71330
18993,71330
18994,71330
18995,71330
18996,71330
18997,71330
18998,71330
18999,71330
19000,71330
19001,71330
19002,71330
19003,71330
19004,71330
19005,71330
19006,71330
19007,71330
19008,71330
19009,71330
19010,71330
19011,71330
19012,71330
19013,71330
19014,71330
19015,71330
19016,71330
19017,71330
19018,71330
19019,71330
19020,71330
19021,71330
19022,71330
19023,71330
19024,71330
19025,71330
19026,71330
19027,71330
19028,71330
19029,71330
19030,71330
19031,71330
19032,71330
19033,71330
19034,71330
19035,71330
19036,71330
19037,71330
19038,71330
19039,71330
19040,71330
19041,71330
19042,71330
19043,71330
19044,71330
19045,71330
19046,71330
19047,71330
19048,71330
19049,71330
19050,71330
19051,71330
19052,71330
19053,71330
19054,71330
19055,71330
19056,71330
19057,71330
19058,71330
19059,71330
19060,71330
19061,71330
19062,71330
19063,71330
19064,71330
19065,71330
19066,71330
19067,71330
19068,71330
19069,71330
19070,71330
19071,71330
19072,71330
19073,71330
19074,71330
19075,71330
19076,71330
19077,71330
19078,71330
19079,71330
19080,71330
19081,71330
19082,71330
19083,71330
19084,71330
19085,71330
19086,71330
19087,71330
19088,71330
19089,71330
19090,71330
19091,71330
19092,71330
19093,71330
19094,71330
19095,71330
19096,71330
19097,71330
19098,71330
19099,71330
19100,71330
19101,71330
19102,71330
19103,71330
19104,71330
19105,71330
19106,71330
19107,71330
19108,71330
19109,71330
19110,71330
19111,71330
19112,71330
19113,71330
19114,71330
19115,71330
19116,71330
19117,71330
19118,71330
19119,71330
19120,71330
19121,71330
19122,71330
19123,71330
19124,71330
19125,71330
19126,71330
19127,71330
19128,71330
19129,71330
19130,71330
19131,71330
19132,71330
19133,71330
19134,71330
19135,71330
19136,71330
19137,71330
19138,71330
19139,71330
19140,71330
19141,71330
19142,71330
19143,71330
19144,71330
19145,71330
19146,71330
19147,71330
19148,71330
19149,71330
19150,71330
19151,71330
19152,71330
19153,71330
19154,71330
19155,71330
19156,71330
19157,71330
19158,71330
19159,71330
19160,71330
19161,71330
19162,71330
19163,71330
19164,71330
19165,71330
19166,71330
19167,71330
19168,71330
19169,71330
19170,71330
19171,71330
19172,71330
19173,71330
19174,71330
19175,71330
19176,71330
19177,71330
19178,71330
19179,71330
19180,71330
19181,71330
19182,71330
19183,71330
19184,71330
19185,71330
19186,71330
19187,71330
19188,71330
19189,71330
19190,71330
19191,71330
19192,71330
19193,71330
19194,71330
19195,71330
19196,71330
19197,71330
19198,71330
19199,71330
19200,71330
19201,71330
19202,71330
19203,71330
19204,71330
19205,71330
19206,71330
19207,71330
19208,71330
19209,71330
19210,71330
19211,71330
19212,71330
19213,71330
19214,71330
19215,71330
19216,71330
19217,71330
19218,71330
19219,71330
19220,71330
19221,71330
19222,71330
19223,71330
19224,71330
19225,71330
19226,71330
19227,71330
19228,71330
19229,71330
19230,71330
19231,71330
19232,71330
19233,71330
19234,71330
19235,71330
19236,71330
19237,71330
19238,71330
19239,71330
19240,71330
19241,71330
19242,71330
19243,71330
19244,71330
19245,71330
19246,71330
19247,71330
19248,71330
19249,71330
19250,71330
19251,71330
19252,71330
19253,71330
19254,71330
19255,71330
19256,71330
19257,71330
19258,71330
19259,71330
19260,71330
19261,71330
19262,71330
19263,71330
19264,71330
19265,71330
19266,71330
19267,71330
19268,71330
19269,71330
19270,71330
19271,71330
19272,71330
19273,71330
19274,71330
19275,71330
19276,71330
19277,71330
19278,71330
19279,71330
19280,71330
19281,71330
19282,71330
19283,71330
19284,71330
19285,71330
19286,71330
19287,71330
19288,71330
19289,71330
19290,71330
19291,71330
19292,71330
19293,71330
19294,71330
19295,71330
19296,71330
19297,71330
19298,71330
19299,71330
19300,71330
19301,71330
19302,71330
19303,71330
19304,71330
19305,71330
19306,71330
19307,71330
19308,71330
19309,71330
19310,71330
19311,71330
19312,71330
19313,71330
19314,71330
19315,71330
19316,71330
19317,71330
19318,71330
19319,71330
19320,71330
19321,71330
19322,71330
19323,71330
19324,71330
19325,71330
19326,71330
19327,71330
19328,71330
19329,71330
19330,71330
19331,71330
19332,71330
19333,71330
19334,71330
19335,71330
19336,71330
19337,71330
19338,71330
19339,71330
19340,71330
19341,71330
19342,71330
19343,71330
19344,71330
19345,71330
19346,71330
19347,71330
19348,71330
19349,71330
19350,71330
19351,71330
19352,71330
19353,71330
19354,71330
19355,71330
19356,71330
19357,71330
19358,71330
19359,71330
19360,71330
19361,71330
19362,71330
19363,71330
19364,71330
19365,71330
19366,71330
19367,71330
19368,71330
19369,71330
19370,71330
19371,71330
19372,71330
19373,71330
19374,71330
19375,71330
19376,71330
19377,71330
19378,71330
19379,71330
19380,71330
19381,71330
19382,71330
19383,71330
19384,71330
19385,71330
19386,71330
19387,71330
19388,71330
19389,71330
19390,71330
19391,71330
19392,71330
19393,71330
19394,71330
19395,71330
19396,71330
19397,71330
19398,71330
19399,71330
19400,71330
19401,71330
19402,71330
19403,71330
19404,71330
19405,71330
19406,71330
19407,71330
19408,71330
19409,71330
19410,71330
19411,71330
19412,71330
19413,71330
19414,71330
19415,71330
19416,71330
19417,71330
19418,71330
19419,71330
19420,71330
19421,71330
19422,71330
19423,71330
19424,71330
19425,71330
19426,71330
19427,71330
19428,71330
19429,71330
19430,71330
19431,71330
19432,71330
19433,71330
19434,71330
19435,71330
19436,71330
19437,71330
19438,71330
19439,71330
19440,71330
19441,71330
19442,71330
19443,71330
19444,71330
19445,71330
19446,71330
19447,71330
19448,71330
19449,71330
19450,71330
19451,71330
19452,71330
19453,71330
19454,71330
19455,71330
19456,71330
19457,71330
19458,71330
19459,71330
19460,71330
19461,71330
19462,71330
19463,71330
19464,71330
19465,71330
19466,71330
19467,71330
19468,71330
19469,71330
19470,71330
19471,71330
19472,71330
19473,71330
19474,71330
19475,71330
19476,71330
19477,71330
19478,71330
19479,71330
19480,71330
19481,71330
19482,71330
19483,71330
19484,71330
19485,71330
19486,71330
19487,71330
19488,71330
19489,71330
19490,71330
19491,71330
19492,71330
19493,71330
19494,71330
19495,71330
19496,71330
19497,71330
19498,71330
19499,71330
19500,71330
19501,71330
19502,71330
19503,71330
19504,71330
19505,71330
19506,71330
19507,71330
19508,71330
19509,71330
19510,71330
19511,71330
19512,71330
19513,71330
19514,71330
19515,71330
19516,71330
19517,71330
19518,71330
19519,71330
19520,71330
19521,71330
19522,71330
19523,71330
19524,71330
19525,71330
19526,71330
19527,71330
19528,71330
19529,71330
19530,71330
19531,71330
19532,71330
19533,71330
19534,71330
19535,71330
19536,71330
19537,71330
19538,71330
19539,71330
19540,71330
19541,71330
19542,71330
19543,71330
19544,71330
19545,71330
19546,71330
19547,71330
19548,71330
19549,71330
19550,71330
19551,71330
19552,71330
19553,71330
19554,71330
19555,71330
19556,71330
19557,71330
19558,71330
19559,71330
19560,71330
19561,71330
19562,71330
19563,71330
19564,71330
19565,71330
19566,71330
19567,71330
19568,71330
19569,71330
19570,71330
19571,71330
19572,71330
19573,71330
19574,71330
19575,71330
19576,71330
19577,71330
19578,71330
19579,71330
19580,71330
19581,71330
19582,71330
19583,71330
19584,71330
19585,71330
19586,71330
19587,71330
19588,71330
19589,71330
19590,71330
19591,71330
19592,71330
19593,71330
19594,71330
19595,71330
19596,71330
19597,71330
19598,71330
19599,71330
19600,71330
19601,71330
19602,71330
19603,71330
19604,71330
19605,71330
19606,71330
19607,71330
19608,71330
19609,71330
19610,71330
19611,71330
19612,71330
19613,71330
19614,71330
19615,71330
19616,71330
19617,71330
19618,71330
19619,71330
19620,71330
19621,71330
19622,71330
19623,71330
19624,71330
19625,71330
19626,71330
19627,71330
19628,71330
19629,71330
19630,71330
19631,71330
19632,71330
19633,71330
19634,71330
19635,71330
19636,71330
19637,71330
19638,71330
19639,71330
19640,71330
19641,71330
19642,71330
19643,71330
19644,71330
19645,71330
19646,71330
19647,71330
19648,71330
19649,71330
19650,71330
19651,71330
19652,71330
19653,71330
19654,71330
19655,71330
19656,71330
19657,71330
19658,71330
19659,71330
19660,71330
19661,71330
19662,71330
19663,71330
19664,71330
19665,71330
19666,71330
19667,71330
19668,71330
19669,71330
19670,71330
19671,71330
19672,71330
19673,71330
19674,71330
19675,71330
19676,71330
19677,71330
19678,71330
19679,71330
19680,71330
19681,71330
19682,71330
19683,71330
19684,71330
19685,71330
19686,71330
19687,71330
19688,71330
19689,71330
19690,71330
19691,71330
19692,71330
19693,71330
19694,71330
19695,71330
19696,71330
19697,71330
19698,71330
19699,71330
19700,71330
19701,71330
19702,71330
19703,71330
19704,71330
19705,71330
19706,71330
19707,71330
19708,71330
19709,71330
19710,71330
19711,71330
19712,71330
19713,71330
19714,71330
19715,71330
19716,71330
19717,71330
19718,71330
19719,71330
19720,71330
19721,71330
19722,71330
19723,71330
19724,71330
19725,71330
19726,71330
19727,71330
19728,71330
19729,71330
19730,71330
19731,71330
19732,71330
19733,71330
19734,71330
19735,71330
19736,71330
19737,71330
19738,71330
19739,71330
19740,71330
19741,71330
19742,71330
19743,71330
19744,71330
19745,71330
19746,71330
19747,71330
19748,71330
19749,71330
19750,71330
19751,71330
19752,71330
19753,71330
19754,71330
19755,71330
19756,71330
19757,71330
19758,71330
19759,71330
19760,71330
19761,71330
19762,71330
19763,71330
19764,71330
19765,71330
19766,71330
19767,71330
19768,71330
19769,71330
19770,71330
19771,71330
19772,71330
19773,71330
19774,71330
19775,71330
19776,71330
19777,71330
19778,71330
19779,71330
19780,71330
19781,71330
19782,71330
19783,71330
19784,71330
19785,71330
19786,71330
19787,71330
19788,71330
19789,71330
19790,71330
19791,71330
19792,71330
19793,71330
19794,71330
19795,71330
19796,71330
19797,71330
19798,71330
19799,71330
19800,71330
19801,71330
19802,71330
19803,71330
19804,71330
19805,71330
19806,71330
19807,71330
19808,71330
19809,71330
19810,71330
19811,71330
19812,71330
19813,71330
19814,71330
19815,71330
19816,71330
19817,71330
19818,71330
19819,71330
19820,71330
19821,71330
19822,71330
19823,71330
19824,71330
19825,71330
19826,71330
19827,71330
19828,71330
19829,71330
19830,71330
19831,71330
19832,71330
19833,71330
19834,71330
19835,71330
19836,71330
19837,71330
19838,71330
19839,71330
19840,71330
19841,71330
19842,71330
19843,71330
19844,71330
19845,71330
19846,71330
19847,71330
19848,71330
19849,71330
19850,71330
19851,71330
19852,71330
19853,71330
19854,71330
19855,71330
19856,71330
19857,71330
19858,71330
19859,71330
19860,71330
19861,71330
19862,71330
19863,71330
19864,71330
19865,71330
19866,71330
19867,71330
19868,71330
19869,71330
19870,71330
19871,71330
19872,71330
19873,71330
19874,71330
19875,71330
19876,71330
19877,71330
19878,71330
19879,71330
19880,71330
19881,71330
19882,71330
19883,71330
19884,71330
19885,71330
19886,71330
19887,71330
19888,71330
19889,71330
19890,71330
19891,71330
19892,71330
19893,71330
19894,71330
19895,71330
19896,71330
19897,71330
19898,71330
19899,71330
19900,71330
19901,71330
19902,71330
19903,71330
19904,71330
19905,71330
19906,71330
19907,71330
19908,71330
19909,71330
19910,71330
19911,71330
19912,71330
19913,71330
19914,71330
19915,71330
19916,71330
19917,71330
19918,71330
19919,71330
19920,71330
19921,71330
19922,71330
19923,71330
19924,71330
19925,71330
19926,71330
19927,71330
19928,71330
19929,71330
19930,71330
19931,71330
19932,71330
19933,71330
19934,71330
19935,71330
19936,71330
19937,71330
19938,71330
19939,71330
19940,71330
19941,71330
19942,71330
19943,71330
19944,71330
19945,71330
19946,71330
19947,71330
19948,71330
19949,71330
19950,71330
19951,71330
19952,71330
19953,71330
19954,71330
19955,71330
19956,71330
19957,71330
19958,71330
19959,71330
19960,71330
19961,71330
19962,71330
19963,71330
19964,71330
19965,71330
19966,71330
19967,71330
19968,71330
19969,71330
19970,71330
19971,71330
19972,71330
19973,71330
19974,71330
19975,71330
19976,71330
19977,71330
19978,71330
19979,71330
19980,71330
19981,71330
19982,71330
19983,71330
19984,71330
19985,71330
19986,71330
19987,71330
19988,71330
19989,71330
19990,71330
19991,71330
19992,71330
19993,71330
19994,71330
19995,71330
19996,71330
19997,71330
19998,71330
19999,71330
