sample,lucro
0,34195
1,34300
2,13160
3,-21035
4,-67095
5,18655
6,-14770
7,-9135
8,-50785
9,-2660
10,-38850
11,5950
12,20545
13,6860
14,-23170
15,-7805
16,-47075
17,-39410
18,-43890
19,-3745
20,4165
21,-71890
22,-59500
23,-31395
24,-67340
25,31710
26,51695
27,-34300
28,-58625
29,-43155
30,15260
31,-28140
32,-27090
33,-21805
34,-43750
35,-75495
36,-60515
37,-34020
38,-62720
39,-29365
40,-15470
41,2135
42,-16345
43,7630
44,27195
45,-350
46,-3605
47,-25515
48,38360
49,25410
50,-49665
51,-47845
52,14210
53,9870
54,5425
55,-76615
56,-39515
57,4025
58,-15365
59,-24010
60,-2485
61,-6580
62,33985
63,19250
64,-37765
65,-5880
66,-10115
67,-19950
68,26845
69,4550
70,-52990
71,-80920
72,-27685
73,-10955
74,-50925
75,18725
76,34090
77,-32690
78,1190
79,-113050
80,-1015
81,-32375
82,22190
83,-62685
84,-55860
85,-52815
86,-36225
87,-53760
88,11585
89,5705
90,-27545
91,-48195
92,-30205
93,-39795
94,33565
95,14490
96,-44100
97,-11060
98,-107310
99,-91210
100,-13475
101,-54075
102,-28035
103,18165
104,-50050
105,-22190
106,-66185
107,-54145
108,-34930
109,-9205
110,-29680
111,-72030
112,-16905
113,-50435
114,-34720
115,-39620
116,-13090
117,3535
118,-30555
119,-29190
120,-17535
121,-30030
122,42105
123,40110
124,-8330
125,0
126,-4900
127,-17150
128,-49875
129,-54110
130,5040
131,-7560
132,-2905
133,4165
134,490
135,-81095
136,-68845
137,-6265
138,25655
139,-11690
140,38640
141,-42175
142,16905
143,-37835
144,-14910
145,-11900
146,-10605
147,-31535
148,-46760
149,-29295
150,-50260
151,-33005
152,-60865
153,-7210
154,-17920
155,-13755
156,14735
157,-71225
158,-28630
159,-20615
160,16625
161,-40180
162,-22015
163,-82215
164,29120
165,-7000
166,-34475
167,-29400
168,-12915
169,-19180
170,-36120
171,32690
172,-7350
173,21070
174,14140
175,-19915
176,-4025
177,-30730
178,-10395
179,-4305
180,-43505
181,-33040
182,8540
183,-54460
184,-16905
185,-5845
186,-4620
187,-12390
188,-61285
189,-24920
190,-66780
191,-25340
192,-2205
193,-12635
194,-19390
195,-5180
196,14910
197,-29890
198,-24955
199,-19810
200,-1785
201,-36120
202,-44415
203,-48230
204,-65240
205,-58030
206,-36890
207,-27580
208,19985
209,13440
210,13685
211,-41510
212,-27370
213,10395
214,5530
215,-11305
216,-31080
217,3710
218,3745
219,1330
220,-26005
221,-52500
222,47635
223,-1610
224,14980
225,-23800
226,-5180
227,-2800
228,-65240
229,-73780
230,-24045
231,-45850
232,1960
233,-92505
234,17465
235,4865
236,-32340
237,-35665
238,-24220
239,-1820
240,6160
241,20475
242,-17010
243,-8365
244,-55860
245,-10115
246,-67690
247,-35070
248,-8120
249,-58310
250,-7000
251,-17955
252,-25795
253,-6545
254,-80885
255,-20720
256,13720
257,18375
258,-25830
259,-55125
260,-105
261,-50715
262,12810
263,14420
264,-5705
265,-37765
266,-18900
267,-12775
268,-10675
269,-29505
270,-83195
271,24010
272,-11935
273,16345
274,-13755
275,9380
276,-53130
277,51625
278,9870
279,-1085
280,-24010
281,-89950
282,-46550
283,-12985
284,28035
285,-15575
286,25515
287,-5670
288,12705
289,-46655
290,-75705
291,-69580
292,-8610
293,-68915
294,-36750
295,-54250
296,-16170
297,-8295
298,-53900
299,-53970
300,-16905
301,10045
302,19530
303,-16905
304,4655
305,-6615
306,-56105
307,-34405
308,32445
309,-35280
310,-49980
311,-39340
312,-90300
313,15820
314,1190
315,-26775
316,-53585
317,-18410
318,-54075
319,-24395
320,17150
321,-41370
322,-50645
323,-33950
324,-15155
325,-22295
326,-31675
327,-57365
328,11235
329,2905
330,-14595
331,9310
332,-72905
333,24605
334,-44905
335,-93590
336,48580
337,-24325
338,-36750
339,12040
340,-69860
341,-15960
342,-17500
343,-65835
344,1505
345,-91665
346,-3465
347,26075
348,-41265
349,-46235
350,-350
351,-14140
352,29575
353,-22015
354,-37520
355,-79100
356,-75390
357,44485
358,-58905
359,-31465
360,-40635
361,-20790
362,-13265
363,-85575
364,20720
365,-34230
366,-15435
367,9520
368,23345
369,-26075
370,-36190
371,-12355
372,-16660
373,-1470
374,-54670
375,-78855
376,-17220
377,19915
378,-39725
379,-34405
380,-19005
381,-49035
382,-52745
383,21140
384,30520
385,19950
386,-5565
387,665
388,-31465
389,11410
390,-27370
391,-15610
392,22190
393,-27125
394,20685
395,-9555
396,-16240
397,-34335
398,-53620
399,-2765
400,-910
401,-35595
402,-38395
403,-16730
404,-20545
405,18305
406,-7315
407,-40180
408,5355
409,385
410,-11480
411,2765
412,6685
413,-42945
414,14000
415,-7840
416,-18270
417,-3605
418,-20195
419,-100870
420,-82530
421,10150
422,-50085
423,-35560
424,-32270
425,3640
426,-13895
427,-8050
428,-42420
429,-72205
430,-35875
431,-37415
432,-9765
433,-21105
434,8785
435,-5810
436,-21105
437,-15470
438,-46585
439,10885
440,-11655
441,-1260
442,-4655
443,40320
444,-55650
445,-60515
446,23240
447,-52955
448,3500
449,-119945
450,8225
451,-52955
452,13475
453,-8680
454,-96600
455,-13055
456,-4900
457,-44555
458,-15365
459,34335
460,-23030
461,7840
462,-24500
463,-73710
464,2625
465,27790
466,39690
467,4165
468,-60130
469,-21630
470,-35280
471,-4725
472,-63140
473,-29225
474,-40530
475,4445
476,-22050
477,-8750
478,-39025
479,-30205
480,-19215
481,-36295
482,2905
483,-46900
484,5775
485,-18200
486,-84140
487,-7945
488,-33320
489,-31675
490,14560
491,-62090
492,-46305
493,21630
494,-54390
495,-11550
496,-3080
497,-62160
498,-68565
499,19250
500,-19600
501,34825
502,-17255
503,-56315
504,-45955
505,-21070
506,-34370
507,9660
508,-62370
509,-27615
510,-41160
511,-71400
512,55020
513,10850
514,14140
515,-10780
516,-3745
517,-60095
518,2800
519,-50855
520,11515
521,4375
522,-40635
523,840
524,-44205
525,-73850
526,-72590
527,15645
528,-10045
529,-5145
530,-30660
531,-59325
532,14385
533,-49420
534,-19005
535,-16205
536,-41300
537,17675
538,-31220
539,-9310
540,-58730
541,27230
542,3570
543,7315
544,-48125
545,-46830
546,-7525
547,-49770
548,-37520
549,-46655
550,-26355
551,-27545
552,12110
553,-36575
554,22365
555,-45080
556,-39305
557,37660
558,-8960
559,-20160
560,-245
561,-2590
562,-11865
563,-60900
564,665
565,4410
566,19145
567,16730
568,-9485
569,-24780
570,-38745
571,15365
572,1225
573,-71505
574,-9765
575,16870
576,-68565
577,-77700
578,20580
579,28000
580,-31115
581,37800
582,-14315
583,4795
584,-20265
585,-21910
586,32655
587,-23240
588,8960
589,-11900
590,-20090
591,-105
592,-2975
593,-91595
594,-64190
595,-61880
596,-22225
597,8995
598,3815
599,-17885
600,22295
601,-16065
602,-23485
603,22050
604,-22890
605,-15575
606,-8960
607,14455
608,-82915
609,-61530
610,-40530
611,-3430
612,-38220
613,-2975
614,-6440
615,-9590
616,-26670
617,-58065
618,-2415
619,-22645
620,-65940
621,-4795
622,10535
623,9415
624,-27405
625,-16730
626,-88375
627,-12075
628,-64960
629,8505
630,-32340
631,-7910
632,-41370
633,8785
634,-15715
635,8470
636,-23730
637,-14175
638,-43575
639,-93870
640,-40810
641,-91700
642,-96985
643,-12005
644,-31150
645,-83580
646,-86975
647,-5810
648,-61180
649,-15680
650,37520
651,23625
652,-62265
653,-28210
654,-52605
655,-19670
656,-55090
657,1435
658,-38605
659,14980
660,-770
661,-22540
662,-13370
663,-10920
664,-385
665,-4725
666,-37135
667,-39130
668,-35210
669,-30555
670,-12005
671,26495
672,2205
673,6965
674,-77595
675,28455
676,15470
677,-20125
678,-7350
679,34510
680,-27020
681,47810
682,-12040
683,2380
684,-56595
685,595
686,7105
687,5915
688,1890
689,-13650
690,36120
691,1085
692,-42210
693,42770
694,-45570
695,9450
696,-24255
697,33670
698,-630
699,11200
700,16345
701,-16450
702,29750
703,6300
704,-1610
705,-24710
706,-2100
707,-14980
708,280
709,1715
710,-53550
711,-6720
712,-5670
713,-2065
714,1680
715,-35350
716,-2835
717,34125
718,-39690
719,9520
720,4025
721,-60760
722,2415
723,-7105
724,-31535
725,26530
726,18445
727,-12565
728,-97230
729,17220
730,-32095
731,2345
732,-40215
733,8505
734,-19390
735,3290
736,-94150
737,-25690
738,-5600
739,-60760
740,21805
741,-28665
742,-3640
743,51835
744,-75285
745,-39655
746,-14595
747,17710
748,-5215
749,-5600
750,-33180
751,23520
752,-39270
753,-25445
754,9555
755,-25795
756,-28455
757,7630
758,-33740
759,-38920
760,13895
761,-3395
762,-50155
763,19145
764,30485
765,-24955
766,-45360
767,15750
768,2380
769,13195
770,48650
771,16415
772,-60865
773,-20615
774,-24605
775,17535
776,-99995
777,-32935
778,-44870
779,-27230
780,-39830
781,-20090
782,8610
783,-28175
784,14980
785,-19705
786,-24885
787,-1820
788,-9100
789,-2905
790,-47320
791,-38885
792,-43120
793,-32480
794,-5880
795,-35070
796,-4060
797,-43855
798,-6020
799,4515
800,-39375
801,26040
802,4410
803,-23135
804,-22575
805,-15575
806,-5705
807,-18340
808,31640
809,-52885
810,-33600
811,-38535
812,9730
813,-55860
814,12075
815,40775
816,-39865
817,8995
818,25305
819,27895
820,2380
821,57470
822,-52220
823,-49875
824,-13755
825,29120
826,-53480
827,-61565
828,-5390
829,-70
830,-18830
831,-25235
832,-55860
833,-16205
834,-7805
835,-52115
836,-24815
837,-29820
838,34650
839,-28350
840,-30065
841,-20405
842,-6510
843,-86485
844,-29540
845,-89075
846,-36435
847,-39130
848,-60900
849,13790
850,-18235
851,-43785
852,-32200
853,-38290
854,-10815
855,14490
856,32585
857,-3710
858,-23695
859,-56350
860,-22190
861,43330
862,-31815
863,-30065
864,-62755
865,-25550
866,-54705
867,26670
868,10150
869,-1540
870,5215
871,2800
872,-30170
873,-34370
874,11620
875,-245
876,-6370
877,-37310
878,-18550
879,-92855
880,34020
881,5425
882,-72345
883,-24325
884,-23870
885,-10885
886,-59990
887,-10255
888,-19600
889,23065
890,-43680
891,-54740
892,-82810
893,-45045
894,-54495
895,10010
896,-1610
897,-47775
898,10325
899,-34790
900,1295
901,7560
902,-910
903,-11375
904,16450
905,5530
906,-26600
907,175
908,8750
909,-70175
910,-34370
911,-53445
912,-8995
913,-10710
914,34405
915,-24815
916,12460
917,-58975
918,2380
919,-11200
920,-17290
921,-38395
922,5670
923,-39375
924,5355
925,12635
926,29225
927,-22120
928,-25480
929,-2800
930,-15050
931,-33950
932,-28210
933,-20510
934,19110
935,26390
936,-47110
937,-30275
938,12180
939,18060
940,-42035
941,48930
942,-13580
943,-25830
944,-27790
945,-77000
946,-3710
947,-57050
948,-26040
949,-21735
950,-36295
951,6265
952,-7105
953,27825
954,-54670
955,-30380
956,-29365
957,10570
958,24325
959,32165
960,-9240
961,-44765
962,-38360
963,3780
964,16660
965,-30135
966,-22120
967,18305
968,-4620
969,-53795
970,-4655
971,-11550
972,-40180
973,-57015
974,-6475
975,-38465
976,-6510
977,-36330
978,-58380
979,-43505
980,-54600
981,20300
982,-28595
983,5425
984,-79275
985,22155
986,23205
987,-805
988,-14140
989,245
990,-15190
991,-25270
992,-43960
993,-101150
994,-60515
995,19425
996,-85435
997,-6405
998,-23170
999,-6230
1000,455
1001,43715
1002,-16380
1003,-27405
1004,4515
1005,-56665
1006,12145
1007,-13405
1008,16345
1009,-61635
1010,-15750
1011,-7875
1012,-58065
1013,-42385
1014,-6160
1015,-11235
1016,-58310
1017,-54670
1018,-21700
1019,-24990
1020,17115
1021,-16135
1022,-19495
1023,27580
1024,-78715
1025,-56105
1026,-44450
1027,-38605
1028,-8540
1029,-33530
1030,-85995
1031,-84490
1032,-24150
1033,7770
1034,-665
1035,25970
1036,-36820
1037,-32725
1038,-9205
1039,24535
1040,-66395
1041,-21070
1042,3395
1043,8015
1044,-15505
1045,-12880
1046,-7980
1047,-68635
1048,-11865
1049,35805
1050,-37415
1051,40250
1052,-3850
1053,-40180
1054,15960
1055,-6300
1056,-44170
1057,-15365
1058,-31955
1059,-56875
1060,-51275
1061,38080
1062,-7210
1063,2345
1064,19005
1065,-47110
1066,-39270
1067,-59640
1068,-33425
1069,-60620
1070,-15435
1071,-37975
1072,25410
1073,-1015
1074,-9170
1075,31325
1076,8505
1077,7735
1078,24010
1079,-65625
1080,23100
1081,-2170
1082,-22575
1083,21875
1084,32690
1085,770
1086,17220
1087,-22820
1088,-24850
1089,-24780
1090,-8085
1091,2485
1092,-22155
1093,-70280
1094,27650
1095,9310
1096,23240
1097,4935
1098,7525
1099,-36680
1100,-31045
1101,-39795
1102,-19425
1103,-16380
1104,-36260
1105,-63035
1106,-41475
1107,13825
1108,32340
1109,-59745
1110,15260
1111,-9905
1112,-54985
1113,-18970
1114,-7350
1115,-58730
1116,-48475
1117,-50190
1118,34755
1119,-48020
1120,-29645
1121,980
1122,-12180
1123,23415
1124,-57120
1125,-27300
1126,-1610
1127,3220
1128,32515
1129,-52115
1130,-14455
1131,5845
1132,-1470
1133,-79030
1134,20370
1135,-21105
1136,19530
1137,-62615
1138,-108570
1139,-93450
1140,-43400
1141,13930
1142,8015
1143,3605
1144,-68495
1145,9555
1146,-8190
1147,-49910
1148,55335
1149,-17150
1150,-2695
1151,10990
1152,-84455
1153,11725
1154,-43190
1155,-8610
1156,3010
1157,-1190
1158,-33740
1159,-40845
1160,-34125
1161,-23520
1162,-48825
1163,15645
1164,-14700
1165,-8190
1166,-26810
1167,-5110
1168,2450
1169,41930
1170,-43365
1171,-38570
1172,-22260
1173,29925
1174,8050
1175,5530
1176,-12810
1177,4340
1178,-44415
1179,-36120
1180,-63000
1181,-21140
1182,-6965
1183,-20930
1184,9625
1185,26915
1186,-69685
1187,-28770
1188,-41440
1189,1295
1190,-52780
1191,-12180
1192,-11165
1193,-35280
1194,-910
1195,9275
1196,-25655
1197,-23765
1198,-54985
1199,33565
1200,35560
1201,-38430
1202,-54845
1203,7560
1204,-35945
1205,17640
1206,33950
1207,-57365
1208,-13825
1209,8470
1210,-30380
1211,-3395
1212,-85225
1213,-29085
1214,-69195
1215,47110
1216,25655
1217,-51940
1218,16345
1219,-25060
1220,23660
1221,-39550
1222,15645
1223,-30625
1224,-83370
1225,-18655
1226,-68005
1227,-40740
1228,-21105
1229,-56945
1230,-17220
1231,7735
1232,-30345
1233,-17185
1234,20125
1235,-27965
1236,-82845
1237,33320
1238,-29680
1239,25410
1240,-23310
1241,6720
1242,14525
1243,-35490
1244,-79205
1245,-35140
1246,-26810
1247,-82145
1248,-89390
1249,-35980
1250,45255
1251,2765
1252,-32410
1253,-8155
1254,-11900
1255,16730
1256,-76160
1257,-41370
1258,4760
1259,4795
1260,-5530
1261,-57295
1262,-74235
1263,-33390
1264,12565
1265,-25375
1266,-13720
1267,-26950
1268,-18550
1269,-25095
1270,-58345
1271,-35525
1272,-11060
1273,-17185
1274,5320
1275,-34475
1276,-38395
1277,-23730
1278,-29015
1279,-44870
1280,-32550
1281,-73325
1282,-20825
1283,7560
1284,-69265
1285,-1995
1286,-28350
1287,-8645
1288,12985
1289,32025
1290,-28630
1291,-68985
1292,-52780
1293,-35490
1294,-57120
1295,34895
1296,-28630
1297,-26495
1298,10115
1299,-25900
1300,-5530
1301,-29260
1302,2485
1303,-51940
1304,-840
1305,15540
1306,-38535
1307,27720
1308,-26320
1309,-36260
1310,-53900
1311,-25060
1312,15330
1313,-8715
1314,38850
1315,-39095
1316,-24640
1317,14980
1318,13055
1319,-21665
1320,3045
1321,-74305
1322,9450
1323,4935
1324,-32375
1325,-46655
1326,-27265
1327,27650
1328,-70
1329,-1610
1330,-24745
1331,-7490
1332,-31325
1333,-48580
1334,-8260
1335,21000
1336,26810
1337,-63350
1338,3640
1339,-56035
1340,-15785
1341,-49315
1342,39655
1343,-82950
1344,14105
1345,-37065
1346,-20300
1347,-10150
1348,-58870
1349,6720
1350,-23030
1351,-31430
1352,-51275
1353,12285
1354,-46620
1355,-2940
1356,-24395
1357,-28140
1358,35525
1359,-40775
1360,-63070
1361,-25970
1362,-18865
1363,-50680
1364,-19145
1365,805
1366,-12985
1367,-62930
1368,-5005
1369,-6265
1370,34160
1371,10045
1372,-64085
1373,46410
1374,315
1375,12670
1376,-77245
1377,-19985
1378,18655
1379,595
1380,19740
1381,-50050
1382,-10815
1383,-3045
1384,16730
1385,-14560
1386,26565
1387,-50960
1388,-65310
1389,-30205
1390,700
1391,-80780
1392,23975
1393,-14875
1394,-47810
1395,-54425
1396,-23415
1397,-59815
1398,-8120
1399,-41230
1400,-80430
1401,-63245
1402,16660
1403,-64085
1404,-44030
1405,-42385
1406,-52605
1407,-58380
1408,-51485
1409,6720
1410,-14945
1411,-29645
1412,22365
1413,-25515
1414,-33915
1415,-86905
1416,-7980
1417,-39655
1418,64610
1419,50995
1420,-17465
1421,-9030
1422,-12425
1423,18270
1424,46480
1425,16730
1426,-65625
1427,-79940
1428,-26565
1429,4620
1430,40950
1431,56770
1432,-26775
1433,-58135
1434,-21560
1435,-90930
1436,7875
1437,-22680
1438,-12320
1439,-17325
1440,15610
1441,-15470
1442,-25585
1443,3710
1444,23940
1445,-58240
1446,3500
1447,-1785
1448,-6230
1449,-15995
1450,-53480
1451,-81760
1452,-64750
1453,10675
1454,-13195
1455,25655
1456,-69790
1457,-23520
1458,-64505
1459,-29260
1460,-8120
1461,-9415
1462,-30730
1463,2205
1464,-560
1465,20790
1466,-22330
1467,15190
1468,-54775
1469,19740
1470,-21280
1471,-46235
1472,-31080
1473,-43680
1474,-6930
1475,-13405
1476,28280
1477,-43715
1478,-30450
1479,-36190
1480,-43820
1481,11620
1482,-58835
1483,-36435
1484,-42595
1485,20825
1486,-9485
1487,9380
1488,-52010
1489,-76860
1490,-52080
1491,10325
1492,13755
1493,-3395
1494,7140
1495,-35490
1496,5250
1497,-51835
1498,-40600
1499,-34160
1500,-81935
1501,-110495
1502,-84280
1503,-16660
1504,-76825
1505,-14105
1506,-12040
1507,-40670
1508,-11305
1509,-17430
1510,-13335
1511,4480
1512,7840
1513,4620
1514,12985
1515,48790
1516,-16310
1517,13475
1518,420
1519,-70280
1520,-43575
1521,-27475
1522,2135
1523,-24010
1524,-32515
1525,18620
1526,-34230
1527,-245
1528,-4900
1529,-5495
1530,-13230
1531,-46655
1532,-15925
1533,-83300
1534,6545
1535,18305
1536,-52115
1537,-18620
1538,-26565
1539,-61810
1540,-41895
1541,18270
1542,-11095
1543,-34230
1544,11515
1545,-5425
1546,-8505
1547,37730
1548,-104930
1549,980
1550,-3290
1551,-11445
1552,-54775
1553,29960
1554,-30275
1555,-13825
1556,-5845
1557,-29190
1558,35525
1559,40040
1560,-26215
1561,-29120
1562,-49000
1563,-14105
1564,-88620
1565,-45150
1566,-23870
1567,-9345
1568,8680
1569,-35525
1570,-14280
1571,-54320
1572,-13440
1573,-37835
1574,-92120
1575,7700
1576,-21525
1577,48020
1578,-59430
1579,-48930
1580,-14735
1581,-3990
1582,-27790
1583,25165
1584,10780
1585,-13685
1586,-20510
1587,49455
1588,-28525
1589,-9625
1590,-20090
1591,-15435
1592,-69335
1593,-69685
1594,-6545
1595,-7875
1596,3150
1597,-41125
1598,-34650
1599,-12075
1600,-36050
1601,-13965
1602,18060
1603,4060
1604,-38990
1605,16030
1606,-37660
1607,38185
1608,210
1609,1050
1610,-2345
1611,-14035
1612,-14840
1613,-23555
1614,-7175
1615,3080
1616,-14525
1617,-24815
1618,-11865
1619,-36190
1620,35315
1621,-8505
1622,-12215
1623,-30170
1624,10710
1625,0
1626,-39340
1627,4060
1628,-50120
1629,-76160
1630,20160
1631,-93730
1632,20300
1633,-68285
1634,-21490
1635,-32235
1636,-30870
1637,-31185
1638,-34230
1639,-139440
1640,22505
1641,-39585
1642,-58520
1643,770
1644,-11690
1645,-59850
1646,15365
1647,-7140
1648,1715
1649,-25900
1650,-73640
1651,23835
1652,-19390
1653,-17675
1654,-9415
1655,12425
1656,-4655
1657,1190
1658,-14175
1659,1680
1660,-51170
1661,35665
1662,-4270
1663,-22820
1664,-14280
1665,-2905
1666,-4305
1667,3290
1668,-14980
1669,4515
1670,36960
1671,-35105
1672,-75040
1673,-26985
1674,-79240
1675,1680
1676,-32935
1677,-29295
1678,33600
1679,-210
1680,-41895
1681,-18830
1682,-55475
1683,18725
1684,-5005
1685,31290
1686,-10815
1687,48930
1688,14315
1689,-28455
1690,-8890
1691,-5915
1692,210
1693,-24080
1694,-39165
1695,-72730
1696,-15260
1697,-68180
1698,-2765
1699,-3815
1700,-57750
1701,11830
1702,-21035
1703,-7420
1704,-7735
1705,-46725
1706,-30800
1707,-27720
1708,-47425
1709,-18655
1710,3710
1711,7875
1712,5810
1713,-19320
1714,-32235
1715,-39585
1716,-20860
1717,29190
1718,32550
1719,-17535
1720,29750
1721,-36610
1722,5565
1723,1190
1724,-43470
1725,-54075
1726,-20545
1727,-10290
1728,-69020
1729,-20125
1730,-18340
1731,-47040
1732,-24955
1733,-104650
1734,-63525
1735,-43330
1736,-48720
1737,-48755
1738,-47775
1739,-55335
1740,6895
1741,-29260
1742,-1715
1743,-16100
1744,-3780
1745,-43890
1746,-40040
1747,-71470
1748,-35840
1749,-18970
1750,-66780
1751,8400
1752,-65905
1753,-40040
1754,-38255
1755,-42455
1756,5495
1757,-120260
1758,-39305
1759,-82355
1760,16765
1761,-18585
1762,22960
1763,-41965
1764,-2975
1765,23310
1766,12355
1767,-7945
1768,-19180
1769,-24710
1770,-7910
1771,-32270
1772,-39515
1773,-14350
1774,-51625
1775,-3850
1776,-13510
1777,31185
1778,-80290
1779,-33915
1780,18445
1781,12635
1782,25375
1783,-51415
1784,-44170
1785,-3465
1786,-33040
1787,-8785
1788,-99995
1789,26355
1790,30275
1791,-16660
1792,-58275
1793,-40005
1794,-35315
1795,-21630
1796,6090
1797,-16590
1798,10955
1799,-22540
1800,-41650
1801,4550
1802,-8295
1803,-89985
1804,16555
1805,-10045
1806,3465
1807,-64750
1808,-19075
1809,-59465
1810,2415
1811,41125
1812,-13300
1813,-40530
1814,-29120
1815,-25305
1816,-25900
1817,-40005
1818,-29750
1819,-52010
1820,-1155
1821,-8400
1822,19740
1823,-38710
1824,35420
1825,-7805
1826,-4480
1827,28945
1828,4060
1829,-79485
1830,21735
1831,-71645
1832,-24500
1833,-41335
1834,-104160
1835,-98980
1836,-40635
1837,-5180
1838,22785
1839,-2660
1840,-13860
1841,15505
1842,-43190
1843,-9100
1844,-12600
1845,420
1846,-3535
1847,-39025
1848,27440
1849,-38010
1850,-41825
1851,-46935
1852,44835
1853,10920
1854,-75320
1855,-81830
1856,-11935
1857,5390
1858,-6685
1859,10675
1860,-9065
1861,-16485
1862,16450
1863,-10430
1864,-2100
1865,-6475
1866,-6545
1867,23870
1868,-31150
1869,-3780
1870,25305
1871,-53690
1872,-3710
1873,-24325
1874,20475
1875,-38500
1876,-49315
1877,3640
1878,-42945
1879,-63035
1880,33425
1881,-34510
1882,-13475
1883,-70175
1884,-16275
1885,-12425
1886,-128695
1887,11725
1888,-81935
1889,-42525
1890,-40565
1891,-1575
1892,11480
1893,11305
1894,-29540
1895,-15925
1896,-11445
1897,-30800
1898,-45255
1899,-56840
1900,-8400
1901,-9870
1902,-20720
1903,-64575
1904,-51555
1905,20825
1906,-1785
1907,-87955
1908,-70420
1909,-33880
1910,-9660
1911,-3535
1912,14210
1913,-58345
1914,-35875
1915,-40705
1916,-43015
1917,-22295
1918,-38255
1919,-5635
1920,-67200
1921,-20790
1922,22295
1923,-49700
1924,-25305
1925,-42420
1926,1050
1927,-28630
1928,-80465
1929,-25725
1930,18480
1931,-22015
1932,-19040
1933,-31500
1934,-33250
1935,-48125
1936,4760
1937,19250
1938,-57645
1939,-25060
1940,-28245
1941,-3640
1942,-1435
1943,-30625
1944,-66325
1945,13265
1946,16625
1947,-73675
1948,-36120
1949,-82075
1950,-47180
1951,-23625
1952,3780
1953,-50505
1954,-14455
1955,-16345
1956,26460
1957,-10325
1958,-44415
1959,-5075
1960,-7000
1961,18970
1962,-74865
1963,-68390
1964,-76055
1965,1260
1966,23450
1967,34020
1968,-30205
1969,-8155
1970,-40810
1971,-5880
1972,-4025
1973,-31850
1974,-74270
1975,-47530
1976,-59220
1977,23205
1978,-18620
1979,1715
1980,-120855
1981,-27790
1982,-11165
1983,-29715
1984,2205
1985,-44590
1986,-21140
1987,18515
1988,8400
1989,-50470
1990,-9415
1991,-8225
1992,-28665
1993,-46725
1994,-32095
1995,-24045
1996,13125
1997,-22575
1998,-40215
1999,-3185
2000,-2870
2001,-53060
2002,-14280
2003,-90685
2004,15540
2005,-7770
2006,-70770
2007,-44870
2008,47530
2009,-10535
2010,22715
2011,-85050
2012,30100
2013,-38885
2014,-10115
2015,-9135
2016,18690
2017,23520
2018,5915
2019,6370
2020,-30100
2021,-5495
2022,17570
2023,-35945
2024,-54530
2025,10045
2026,-13230
2027,-12425
2028,-36820
2029,10430
2030,-32830
2031,-71435
2032,-32970
2033,-10360
2034,-34125
2035,15575
2036,17045
2037,-53130
2038,-525
2039,3150
2040,3185
2041,-59990
2042,-5880
2043,-6230
2044,-32515
2045,-14945
2046,-26775
2047,11235
2048,16765
2049,-2030
2050,-32305
2051,-49105
2052,-15995
2053,21315
2054,-9345
2055,-37135
2056,-5075
2057,5880
2058,-18865
2059,8960
2060,22225
2061,-51415
2062,-12040
2063,-32760
2064,-36610
2065,-22540
2066,-82705
2067,-5110
2068,14700
2069,-39795
2070,-35280
2071,-4480
2072,-43855
2073,-40915
2074,26355
2075,46200
2076,-66010
2077,-17360
2078,-15225
2079,22470
2080,-34580
2081,-28840
2082,-36295
2083,-6475
2084,-30100
2085,40985
2086,-13405
2087,-17640
2088,-28210
2089,-51240
2090,18025
2091,-25655
2092,-37520
2093,-48965
2094,-55125
2095,-55405
2096,-24990
2097,-20440
2098,-40180
2099,-122710
2100,41650
2101,-8295
2102,770
2103,-19880
2104,-48440
2105,15960
2106,-18865
2107,9730
2108,-3255
2109,6545
2110,16450
2111,29470
2112,-15120
2113,-18305
2114,2520
2115,28420
2116,-18865
2117,10465
2118,-22715
2119,-28035
2120,52570
2121,-34720
2122,22120
2123,-32095
2124,-14000
2125,-32620
2126,-108815
2127,1575
2128,-31115
2129,12145
2130,-73255
2131,-51765
2132,-52535
2133,-20335
2134,6090
2135,-42070
2136,-29225
2137,-6720
2138,-20055
2139,-50190
2140,29960
2141,-30765
2142,-10640
2143,-14560
2144,-24850
2145,5880
2146,-51100
2147,-59115
2148,1575
2149,-36645
2150,13125
2151,-105
2152,-4060
2153,18130
2154,10430
2155,17325
2156,-35980
2157,5320
2158,910
2159,-16170
2160,35245
2161,-17255
2162,-1680
2163,3675
2164,-52780
2165,-39480
2166,-68110
2167,-20055
2168,-37730
2169,-11830
2170,35910
2171,-26565
2172,-35105
2173,27405
2174,770
2175,-22995
2176,6335
2177,14700
2178,-17745
2179,-23345
2180,-62090
2181,9100
2182,-39410
2183,8190
2184,-33880
2185,-40565
2186,-33425
2187,-14070
2188,-20790
2189,13090
2190,-9240
2191,-38465
2192,2485
2193,-41580
2194,-12145
2195,-40565
2196,34685
2197,-25760
2198,-13510
2199,-51905
2200,-2170
2201,51940
2202,-47460
2203,-12985
2204,-30240
2205,-44030
2206,-2170
2207,-36505
2208,11795
2209,-46795
2210,24150
2211,105
2212,-51240
2213,175
2214,-25165
2215,-63315
2216,-27965
2217,20510
2218,-27825
2219,-70595
2220,-22015
2221,-32760
2222,1715
2223,-89460
2224,-32515
2225,-66675
2226,-5985
2227,43505
2228,-62265
2229,-11935
2230,30450
2231,-34125
2232,-60690
2233,22050
2234,525
2235,-74095
2236,-25025
2237,-13860
2238,-10465
2239,31955
2240,-16205
2241,15155
2242,-62545
2243,-24885
2244,12530
2245,17150
2246,-3255
2247,-65380
2248,-13685
2249,-20650
2250,17010
2251,-61495
2252,-73080
2253,2695
2254,-4445
2255,-36470
2256,-76370
2257,-49945
2258,-175
2259,15785
2260,-19460
2261,-57575
2262,-9730
2263,-76055
2264,-49035
2265,-36120
2266,-31080
2267,30660
2268,-11690
2269,-29505
2270,-36820
2271,-66570
2272,-60095
2273,24745
2274,-22960
2275,-42630
2276,13195
2277,-106295
2278,-33950
2279,-20720
2280,-90790
2281,29820
2282,-7770
2283,-51415
2284,-51100
2285,-23905
2286,-65975
2287,-73675
2288,-21315
2289,2590
2290,-56315
2291,-29995
2292,4130
2293,-6860
2294,-15225
2295,7140
2296,40600
2297,-14350
2298,3710
2299,-11235
2300,-2905
2301,-47985
2302,38255
2303,-9030
2304,8050
2305,-89635
2306,1855
2307,23940
2308,-22645
2309,-36295
2310,-13720
2311,17500
2312,-59850
2313,-76790
2314,23905
2315,3465
2316,-55265
2317,31815
2318,-25935
2319,5320
2320,-41335
2321,-69930
2322,-66885
2323,-10815
2324,-12880
2325,15645
2326,-79240
2327,-61425
2328,-7525
2329,-21910
2330,-25865
2331,-14210
2332,-13580
2333,15505
2334,-7455
2335,5145
2336,-18445
2337,2905
2338,-30835
2339,22750
2340,-15645
2341,-8085
2342,-78995
2343,-50085
2344,-75075
2345,-43330
2346,-44345
2347,6510
2348,9065
2349,41930
2350,-91665
2351,19670
2352,41965
2353,-17150
2354,6860
2355,-29050
2356,14490
2357,5705
2358,-50330
2359,8995
2360,-19670
2361,-23450
2362,945
2363,-14420
2364,-7770
2365,-78575
2366,12530
2367,44415
2368,-9625
2369,3430
2370,-5670
2371,-34860
2372,-15050
2373,47845
2374,-9450
2375,-31640
2376,-7910
2377,-54460
2378,-14840
2379,-36295
2380,-73500
2381,-66815
2382,-53970
2383,-69230
2384,8260
2385,-59010
2386,12110
2387,1890
2388,-34125
2389,350
2390,51065
2391,-60305
2392,-48545
2393,-36820
2394,-34965
2395,-65590
2396,-75810
2397,-36820
2398,210
2399,24990
2400,10045
2401,-55825
2402,-39830
2403,-15260
2404,-1540
2405,-9240
2406,-64190
2407,8925
2408,-91910
2409,-14735
2410,21560
2411,-15505
2412,-11760
2413,-27860
2414,-51170
2415,31360
2416,-39025
2417,-8190
2418,-65730
2419,-30765
2420,-38535
2421,-41020
2422,22470
2423,-20370
2424,-24780
2425,21315
2426,18830
2427,-49945
2428,-65310
2429,-7735
2430,15400
2431,13965
2432,-15960
2433,8855
2434,-29085
2435,1470
2436,2695
2437,43575
2438,-46760
2439,-48020
2440,3675
2441,-9380
2442,11760
2443,24570
2444,-5425
2445,-28385
2446,-3920
2447,-4200
2448,-1575
2449,-2380
2450,-27300
2451,15540
2452,30240
2453,-38185
2454,5810
2455,-3150
2456,-45185
2457,18060
2458,-33775
2459,-18445
2460,-59850
2461,14070
2462,-41475
2463,16765
2464,33460
2465,-83230
2466,33110
2467,-14420
2468,7525
2469,-32340
2470,-42875
2471,1050
2472,3500
2473,-16590
2474,-55755
2475,-12215
2476,-50155
2477,-9275
2478,49070
2479,-49945
2480,-14665
2481,-23835
2482,-22295
2483,-18270
2484,-49910
2485,-7560
2486,-16625
2487,-40145
2488,-29400
2489,-41160
2490,25725
2491,31745
2492,-43050
2493,-35070
2494,34825
2495,-25830
2496,-24290
2497,37625
2498,31605
2499,-2275
2500,-44765
2501,-70105
2502,-7910
2503,-9065
2504,-70385
2505,-36295
2506,5460
2507,4200
2508,3500
2509,-43645
2510,-6265
2511,-5880
2512,-35840
2513,-39480
2514,11410
2515,-48475
2516,-73220
2517,35700
2518,12145
2519,-28245
2520,-20860
2521,-28315
2522,-17570
2523,-35665
2524,3710
2525,-4375
2526,16800
2527,27405
2528,-55930
2529,-36820
2530,-13020
2531,-35455
2532,4795
2533,-19565
2534,-33985
2535,-38675
2536,-17255
2537,-61915
2538,-38080
2539,-24955
2540,-31115
2541,-55090
2542,5600
2543,-48160
2544,-5950
2545,14350
2546,31010
2547,-64575
2548,13090
2549,-5250
2550,-43050
2551,-33390
2552,-44590
2553,-12040
2554,-29575
2555,16170
2556,-7735
2557,14980
2558,16100
2559,30520
2560,-15610
2561,15890
2562,-42980
2563,-64470
2564,-13335
2565,-55510
2566,-59045
2567,-44030
2568,-35595
2569,14980
2570,-81445
2571,3185
2572,-9345
2573,3920
2574,-25445
2575,5880
2576,-3045
2577,4375
2578,-2940
2579,-4165
2580,-21385
2581,-23240
2582,-22995
2583,-44275
2584,-2905
2585,-39445
2586,-8400
2587,10115
2588,-26985
2589,-63560
2590,1015
2591,-80395
2592,5635
2593,-4340
2594,-24955
2595,-2835
2596,-245
2597,29610
2598,27650
2599,6930
2600,-4445
2601,-57645
2602,15505
2603,-18585
2604,-22015
2605,-24780
2606,15120
2607,-20720
2608,-50785
2609,3850
2610,17360
2611,8225
2612,-18340
2613,-700
2614,-20615
2615,-60270
2616,-48230
2617,-16450
2618,-62370
2619,-11305
2620,-60900
2621,-3955
2622,-70245
2623,5985
2624,-5810
2625,-63770
2626,11410
2627,-63350
2628,-33600
2629,-5985
2630,-33180
2631,-35595
2632,700
2633,-31360
2634,-37905
2635,-17605
2636,-2940
2637,-22715
2638,8960
2639,-21175
2640,-20125
2641,-27685
2642,-6790
2643,-12810
2644,-32865
2645,-19635
2646,14735
2647,-51695
2648,-3430
2649,-22750
2650,8085
2651,-16800
2652,-6370
2653,-62685
2654,-17815
2655,9380
2656,-91560
2657,6370
2658,-7315
2659,-12915
2660,-6370
2661,-5390
2662,-20755
2663,-15890
2664,9555
2665,-46095
2666,-74795
2667,-82110
2668,-42140
2669,-64610
2670,-70595
2671,-4480
2672,-42735
2673,2835
2674,-44065
2675,-10675
2676,-17780
2677,-20790
2678,10395
2679,-17150
2680,-29330
2681,18200
2682,-12075
2683,-12425
2684,-29155
2685,-6370
2686,-40425
2687,-18865
2688,36575
2689,-49595
2690,-70245
2691,-24535
2692,-22505
2693,-67515
2694,22260
2695,-49490
2696,-13825
2697,-87220
2698,-20825
2699,-37835
2700,-8435
2701,-26215
2702,21980
2703,-24150
2704,-32340
2705,12985
2706,-59955
2707,-79450
2708,-12635
2709,-21805
2710,39270
2711,-42105
2712,-8295
2713,-39410
2714,-16380
2715,3815
2716,-28735
2717,-55335
2718,-20790
2719,18480
2720,-26495
2721,5495
2722,-38360
2723,-23345
2724,-53900
2725,-14420
2726,5565
2727,17465
2728,-36155
2729,-8085
2730,-14910
2731,-35840
2732,-59500
2733,-9800
2734,9205
2735,-18515
2736,-36890
2737,-44520
2738,11165
2739,-14140
2740,9520
2741,-41125
2742,-31360
2743,-42525
2744,9870
2745,-980
2746,-22155
2747,-53060
2748,15960
2749,19600
2750,-18375
2751,8575
2752,2100
2753,3360
2754,-71400
2755,-39795
2756,1050
2757,31430
2758,-17185
2759,-26075
2760,-8435
2761,-27195
2762,-37660
2763,5425
2764,-32655
2765,-40110
2766,-1225
2767,-20510
2768,-49105
2769,30065
2770,-24395
2771,-21280
2772,11550
2773,5075
2774,1645
2775,-15120
2776,-25935
2777,-47705
2778,-82845
2779,4305
2780,-40600
2781,-7560
2782,-9275
2783,3080
2784,-2940
2785,22645
2786,16835
2787,-76160
2788,10325
2789,12285
2790,-50890
2791,-30765
2792,-45255
2793,-22365
2794,-26180
2795,-63490
2796,-22610
2797,18235
2798,-39900
2799,-7070
2800,29820
2801,-112560
2802,-64505
2803,-20090
2804,1260
2805,-4900
2806,-28595
2807,6055
2808,-67795
2809,28000
2810,-24745
2811,17780
2812,26005
2813,-3325
2814,-7875
2815,-25445
2816,1120
2817,-47635
2818,-12355
2819,-36435
2820,-40215
2821,-67305
2822,-22680
2823,-19075
2824,-7350
2825,-45150
2826,-18235
2827,16380
2828,-46025
2829,24920
2830,-46970
2831,3850
2832,-57365
2833,38045
2834,-31780
2835,-34020
2836,26985
2837,22715
2838,-10080
2839,10745
2840,17675
2841,-22680
2842,-9730
2843,35000
2844,5635
2845,-3815
2846,-18480
2847,12740
2848,-35210
2849,-36820
2850,-50855
2851,-20615
2852,-71435
2853,-31220
2854,-5600
2855,-92400
2856,-27475
2857,-89495
2858,15015
2859,-16695
2860,-28665
2861,4130
2862,-39515
2863,26180
2864,-40565
2865,2520
2866,-13860
2867,-25025
2868,-12285
2869,-5495
2870,28490
2871,-79520
2872,-61600
2873,11830
2874,-3745
2875,21420
2876,16835
2877,-38185
2878,-48195
2879,9415
2880,-45640
2881,-7875
2882,-72625
2883,-22820
2884,-49630
2885,1400
2886,-32270
2887,-875
2888,-16135
2889,-14070
2890,-980
2891,-79170
2892,-48545
2893,43435
2894,-4585
2895,-14875
2896,-45290
2897,-9835
2898,-21105
2899,-17920
2900,-13825
2901,-50785
2902,33425
2903,-1225
2904,-22050
2905,16275
2906,-20475
2907,7140
2908,-280
2909,8190
2910,22050
2911,-45535
2912,-40740
2913,-11305
2914,-75250
2915,-1575
2916,-72730
2917,-10255
2918,-10080
2919,-70070
2920,26705
2921,43715
2922,-19075
2923,2310
2924,-31290
2925,-10465
2926,-39830
2927,-45780
2928,-3325
2929,-18305
2930,-50470
2931,-27475
2932,-53655
2933,-9030
2934,1575
2935,4235
2936,-27825
2937,-16275
2938,-37870
2939,-49560
2940,-20755
2941,-39375
2942,-12250
2943,-5320
2944,-47915
2945,20650
2946,-19145
2947,-21840
2948,-71960
2949,37030
2950,-15015
2951,-70245
2952,-11165
2953,18795
2954,-40635
2955,14455
2956,12985
2957,-26705
2958,-25130
2959,-23135
2960,-49175
2961,-7210
2962,-25620
2963,9555
2964,-65345
2965,-42945
2966,210
2967,-58695
2968,-26215
2969,-4760
2970,-39690
2971,-27755
2972,-93940
2973,-18900
2974,37450
2975,43260
2976,-25515
2977,39550
2978,-27055
2979,-36400
2980,-6860
2981,12425
2982,-2100
2983,12145
2984,19005
2985,-55510
2986,14140
2987,-28560
2988,-29540
2989,-46165
2990,-75075
2991,-25200
2992,595
2993,-52815
2994,-51730
2995,-28490
2996,-48300
2997,33775
2998,-24115
2999,-67620
3000,-66115
3001,-65065
3002,49035
3003,-13720
3004,-15015
3005,-43715
3006,-65765
3007,-6755
3008,-57925
3009,17220
3010,-30940
3011,-9065
3012,-24920
3013,-1505
3014,-44555
3015,5495
3016,-29750
3017,-1610
3018,-6615
3019,-17885
3020,-4060
3021,-4270
3022,-8155
3023,-12390
3024,-2905
3025,-21665
3026,4760
3027,-7315
3028,-48195
3029,43365
3030,-60865
3031,-14070
3032,-21350
3033,18865
3034,-42910
3035,17325
3036,-44065
3037,-32550
3038,-19075
3039,-16835
3040,15190
3041,6195
3042,-38395
3043,-37380
3044,28735
3045,-7665
3046,-5250
3047,-31150
3048,0
3049,32655
3050,-78190
3051,8085
3052,-58765
3053,-8470
3054,-45780
3055,14210
3056,37660
3057,-48860
3058,-18900
3059,-18760
3060,27650
3061,-91525
3062,-13825
3063,-245
3064,3255
3065,20650
3066,-10290
3067,5985
3068,15330
3069,-35770
3070,-21910
3071,-29225
3072,-17115
3073,-33460
3074,315
3075,-19320
3076,-28035
3077,-55615
3078,-21770
3079,-20195
3080,45500
3081,12460
3082,36540
3083,-42455
3084,9870
3085,-7105
3086,-6090
3087,4830
3088,13195
3089,5985
3090,-29785
3091,-57680
3092,-34930
3093,16765
3094,-9870
3095,-31850
3096,-42805
3097,4235
3098,-18620
3099,-9835
3100,-38850
3101,19950
3102,-22820
3103,-53865
3104,4480
3105,-2485
3106,-14245
3107,-50820
3108,-4550
3109,-18095
3110,-3430
3111,-26040
3112,-85225
3113,-93590
3114,-28805
3115,-12110
3116,17745
3117,-67200
3118,-31395
3119,-82705
3120,-64225
3121,3080
3122,-30905
3123,-2660
3124,-27020
3125,-47355
3126,2030
3127,2660
3128,-5915
3129,-28455
3130,-25165
3131,-39795
3132,-44625
3133,-3535
3134,12390
3135,10640
3136,-88865
3137,37345
3138,15155
3139,-48580
3140,-60515
3141,-20020
3142,41265
3143,-28455
3144,-78155
3145,15855
3146,-1680
3147,3255
3148,-20125
3149,-17465
3150,-78050
3151,-58170
3152,7385
3153,-42525
3154,32515
3155,-32480
3156,-56770
3157,-74970
3158,-64540
3159,-26355
3160,-14665
3161,2205
3162,-9555
3163,-10675
3164,17990
3165,27475
3166,-40635
3167,12460
3168,-78750
3169,-17710
3170,-525
3171,-38745
3172,-53585
3173,-46095
3174,-28070
3175,-26005
3176,-1855
3177,-19355
3178,-17570
3179,-36610
3180,-30695
3181,-24605
3182,-66885
3183,-38465
3184,-31920
3185,-19075
3186,18340
3187,-27895
3188,-43680
3189,17465
3190,-31850
3191,-16135
3192,-32690
3193,44205
3194,10360
3195,-27965
3196,-54145
3197,-14140
3198,2695
3199,-20510
3200,19950
3201,-10850
3202,-44240
3203,-17010
3204,-19705
3205,44345
3206,-96705
3207,-11235
3208,-22890
3209,18375
3210,54005
3211,-15190
3212,-40950
3213,12915
3214,-21035
3215,-15995
3216,-22190
3217,-42350
3218,-33950
3219,-48090
3220,9275
3221,43750
3222,10850
3223,-71820
3224,-11410
3225,14910
3226,-7910
3227,-32305
3228,11130
3229,-33740
3230,-13020
3231,-19810
3232,-63980
3233,8085
3234,-16135
3235,-18690
3236,21280
3237,-58135
3238,-28000
3239,12775
3240,6720
3241,-9695
3242,-39865
3243,-14840
3244,-59710
3245,-1715
3246,10290
3247,-3325
3248,30345
3249,5565
3250,6230
3251,-45115
3252,7105
3253,28910
3254,-81165
3255,29330
3256,12320
3257,-3185
3258,-6685
3259,-34895
3260,-86205
3261,-1295
3262,11725
3263,-38920
3264,-96845
3265,-12810
3266,-37800
3267,-17325
3268,16240
3269,6335
3270,-23310
3271,-84560
3272,32865
3273,7280
3274,-2520
3275,-10605
3276,2030
3277,-22645
3278,-92750
3279,-61845
3280,-39375
3281,19600
3282,-74865
3283,-16275
3284,-50820
3285,40075
3286,32690
3287,-12880
3288,-33320
3289,6580
3290,34335
3291,5740
3292,25795
3293,11515
3294,-30590
3295,-46095
3296,-9975
3297,20930
3298,-29715
3299,20650
3300,-81725
3301,-2905
3302,-61600
3303,24220
3304,33250
3305,-29190
3306,-20685
3307,-23205
3308,-25060
3309,-92400
3310,-28035
3311,-9275
3312,3395
3313,7525
3314,-37030
3315,-37310
3316,-20580
3317,-48090
3318,-75320
3319,6615
3320,23415
3321,-1505
3322,-4830
3323,-25550
3324,-17290
3325,-40880
3326,-5180
3327,26040
3328,-19530
3329,-75460
3330,-90755
3331,-36645
3332,-31255
3333,-22435
3334,-78120
3335,-71050
3336,-31115
3337,-66360
3338,41650
3339,1715
3340,-5425
3341,13720
3342,-87850
3343,-42525
3344,-22750
3345,15295
3346,-61985
3347,35280
3348,23485
3349,-107415
3350,-27965
3351,-595
3352,6370
3353,-10990
3354,-39725
3355,-19215
3356,5985
3357,-17255
3358,-23450
3359,-4305
3360,-14140
3361,33985
3362,-15540
3363,-27300
3364,-23940
3365,19915
3366,29190
3367,33880
3368,-11410
3369,-63805
3370,27475
3371,4690
3372,-39060
3373,-9800
3374,4025
3375,-29155
3376,-101815
3377,-66850
3378,-17465
3379,-50960
3380,16170
3381,-63385
3382,5705
3383,-82425
3384,10395
3385,-10465
3386,1085
3387,-77385
3388,28735
3389,6125
3390,-48475
3391,-15400
3392,-36680
3393,13825
3394,-8085
3395,-54145
3396,-16240
3397,-40740
3398,-31605
3399,22225
3400,4305
3401,-18130
3402,30170
3403,-20755
3404,33810
3405,-67200
3406,-22855
3407,-54110
3408,-30940
3409,-51205
3410,-68740
3411,-26530
3412,-3080
3413,-20370
3414,-40635
3415,-69125
3416,-34720
3417,35175
3418,-28385
3419,-12845
3420,-4550
3421,1645
3422,-76055
3423,67235
3424,-1540
3425,-110390
3426,-14175
3427,28000
3428,-3045
3429,-33075
3430,-43750
3431,-28105
3432,-1120
3433,-26705
3434,-35140
3435,-56700
3436,30905
3437,35
3438,7385
3439,2765
3440,-47880
3441,-13230
3442,-1855
3443,14770
3444,-80955
3445,4900
3446,11165
3447,32655
3448,-82810
3449,1400
3450,-21560
3451,-66430
3452,-4690
3453,13195
3454,-9625
3455,-13300
3456,-68565
3457,33390
3458,-13580
3459,-9380
3460,17150
3461,1575
3462,-15085
3463,26670
3464,27335
3465,-28700
3466,-86310
3467,24675
3468,2205
3469,-20335
3470,-18830
3471,-19705
3472,-13685
3473,-25235
3474,6895
3475,-2310
3476,27580
3477,-87500
3478,19005
3479,-4550
3480,30275
3481,-15015
3482,-11270
3483,-4305
3484,-18445
3485,-43715
3486,-21210
3487,-21420
3488,-700
3489,-38395
3490,-17570
3491,39200
3492,-63280
3493,-26985
3494,-57120
3495,-19040
3496,-33530
3497,42175
3498,-8435
3499,-35665
3500,21980
3501,21875
3502,7000
3503,-32760
3504,4305
3505,-42350
3506,38395
3507,-39865
3508,-2975
3509,-3500
3510,-32445
3511,-3955
3512,3710
3513,9940
3514,8855
3515,-94080
3516,9695
3517,-40180
3518,-8120
3519,-4620
3520,-14420
3521,-90370
3522,-58485
3523,-2065
3524,32445
3525,-5915
3526,-4445
3527,-9485
3528,-6615
3529,-5880
3530,-33215
3531,-104125
3532,18410
3533,-14735
3534,-4795
3535,-10815
3536,32095
3537,-78540
3538,-10150
3539,-4270
3540,34265
3541,-64120
3542,-77945
3543,385
3544,-16205
3545,-37345
3546,-30660
3547,-29505
3548,-33810
3549,13510
3550,-40600
3551,47705
3552,-28245
3553,33145
3554,-21560
3555,-16800
3556,-24675
3557,-6405
3558,-36330
3559,-34790
3560,41090
3561,12215
3562,-15855
3563,32235
3564,9660
3565,-6580
3566,-8540
3567,4200
3568,-14105
3569,8645
3570,-17710
3571,4655
3572,-9100
3573,27300
3574,-14105
3575,-22785
3576,-30905
3577,-16415
3578,2835
3579,-33600
3580,-7385
3581,-72835
3582,-34405
3583,-56000
3584,17430
3585,-23870
3586,-16520
3587,-11480
3588,-23555
3589,-31535
3590,26845
3591,14945
3592,-95305
3593,5740
3594,-4480
3595,8645
3596,-45045
3597,-1085
3598,-15330
3599,4445
3600,-40145
3601,910
3602,-37275
3603,-1365
3604,24780
3605,-71610
3606,-15155
3607,6370
3608,-18620
3609,-3990
3610,-7210
3611,-4585
3612,-57750
3613,17325
3614,-10745
3615,-109060
3616,-70315
3617,-22890
3618,-54985
3619,-23730
3620,-80605
3621,-8400
3622,-6405
3623,-24395
3624,-2940
3625,23240
3626,-57225
3627,68810
3628,-26355
3629,-19215
3630,-59500
3631,5915
3632,-25935
3633,1470
3634,-12670
3635,15960
3636,-30450
3637,-107555
3638,-60270
3639,-19600
3640,21665
3641,7945
3642,37240
3643,-27755
3644,12250
3645,13615
3646,-14560
3647,-14595
3648,-13230
3649,-45080
3650,-89530
3651,-96005
3652,-22610
3653,-49175
3654,-1505
3655,48195
3656,-630
3657,-51030
3658,7735
3659,-25235
3660,-42665
3661,-157885
3662,-16870
3663,-19810
3664,-38430
3665,18795
3666,-37905
3667,7910
3668,-14700
3669,-25410
3670,1470
3671,-19915
3672,-9695
3673,-1155
3674,-44555
3675,-29820
3676,3815
3677,9695
3678,-8610
3679,-21665
3680,15680
3681,-26950
3682,210
3683,-25515
3684,-58065
3685,-35070
3686,-40775
3687,-76545
3688,33985
3689,28350
3690,-32585
3691,-11095
3692,-67760
3693,-8085
3694,-1540
3695,-37590
3696,-38080
3697,-9625
3698,4200
3699,-7455
3700,-28245
3701,31045
3702,-50015
3703,-76335
3704,-77140
3705,-42525
3706,-100555
3707,-30485
3708,-48965
3709,-21385
3710,13475
3711,-27300
3712,910
3713,-18725
3714,-42805
3715,-65380
3716,-53340
3717,-32620
3718,16170
3719,-17080
3720,-51905
3721,-50050
3722,-83825
3723,-31920
3724,-45430
3725,-15470
3726,-25690
3727,-22505
3728,23660
3729,-82740
3730,3255
3731,3360
3732,-44800
3733,-36610
3734,-12145
3735,-27825
3736,4760
3737,5460
3738,-1470
3739,-5775
3740,27055
3741,-50540
3742,-99750
3743,-21980
3744,-14525
3745,-27475
3746,-33950
3747,19915
3748,16275
3749,-73605
3750,-28490
3751,-50330
3752,-49560
3753,-47705
3754,210
3755,-33040
3756,-53340
3757,43785
3758,-30275
3759,-95060
3760,-60935
3761,-35245
3762,-13055
3763,-18900
3764,14630
3765,-34230
3766,32690
3767,-33075
3768,-20615
3769,-17045
3770,12250
3771,-58450
3772,-21945
3773,-51520
3774,-42105
3775,22785
3776,4620
3777,3745
3778,-21840
3779,-17990
3780,-41475
3781,-45535
3782,4865
3783,14490
3784,30940
3785,-43575
3786,1715
3787,-68390
3788,14455
3789,-57085
3790,6335
3791,-28245
3792,315
3793,-36715
3794,6160
3795,-90755
3796,-64155
3797,22330
3798,-36015
3799,-15680
3800,-49175
3801,-71050
3802,-50120
3803,-5530
3804,-103355
3805,46935
3806,-33040
3807,-93765
3808,2135
3809,-31745
3810,33530
3811,-13965
3812,51135
3813,-31080
3814,-62195
3815,16240
3816,-89705
3817,24920
3818,-17150
3819,42350
3820,-64365
3821,-34860
3822,-7105
3823,-86275
3824,11865
3825,-28700
3826,41755
3827,25165
3828,-89845
3829,-78575
3830,-7630
3831,-15050
3832,-62195
3833,-43890
3834,-75215
3835,-7700
3836,21840
3837,-19530
3838,-12460
3839,21315
3840,-23940
3841,-9590
3842,5110
3843,-29855
3844,-13230
3845,-40075
3846,-22925
3847,-20160
3848,-37345
3849,-20475
3850,-34930
3851,-59255
3852,-33320
3853,-560
3854,33355
3855,9800
3856,-82215
3857,18165
3858,-65835
3859,-65065
3860,6790
3861,-2240
3862,-47705
3863,19425
3864,-45465
3865,-81480
3866,-55860
3867,-5390
3868,15855
3869,-58520
3870,-51030
3871,-66290
3872,8120
3873,-43680
3874,-8260
3875,-56560
3876,-47180
3877,6685
3878,-10430
3879,-29085
3880,31605
3881,-34020
3882,13965
3883,-15540
3884,-20020
3885,-58520
3886,27020
3887,-23030
3888,-58450
3889,13685
3890,-71050
3891,-10920
3892,-11830
3893,-45080
3894,-26425
3895,7315
3896,-21000
3897,-20125
3898,-14175
3899,-25970
3900,-385
3901,-43645
3902,-16450
3903,-33355
3904,29085
3905,-17675
3906,-2380
3907,20650
3908,-24780
3909,-57960
3910,-79835
3911,16660
3912,29330
3913,45990
3914,47320
3915,-41125
3916,-39305
3917,-56175
3918,-11690
3919,-27860
3920,-45465
3921,-13825
3922,-51135
3923,-63910
3924,-54320
3925,-315
3926,3255
3927,3080
3928,-6825
3929,-48160
3930,-116690
3931,-29435
3932,-30520
3933,-37275
3934,-29995
3935,-42875
3936,20930
3937,-48580
3938,-21070
3939,-59955
3940,-12250
3941,-55230
3942,-29995
3943,-10325
3944,20685
3945,23450
3946,7560
3947,-108220
3948,-87920
3949,-8925
3950,25060
3951,-101955
3952,-33355
3953,-49735
3954,-48860
3955,-59885
3956,-106820
3957,-39095
3958,-62160
3959,-18130
3960,-46305
3961,12915
3962,-28455
3963,-30835
3964,-18095
3965,-15400
3966,-77980
3967,-29960
3968,-45080
3969,7945
3970,3815
3971,11235
3972,4865
3973,-48300
3974,-65625
3975,32445
3976,-10045
3977,-24640
3978,30485
3979,29645
3980,-12950
3981,-54320
3982,11620
3983,-6230
3984,-26915
3985,6405
3986,30030
3987,7105
3988,-48720
3989,245
3990,-31150
3991,-16555
3992,5915
3993,17710
3994,-59465
3995,-3080
3996,-53235
3997,-33740
3998,-10990
3999,-31185
4000,-5320
4001,-30205
4002,770
4003,-15085
4004,6545
4005,-9345
4006,12460
4007,-9695
4008,-4270
4009,-2205
4010,11270
4011,29435
4012,-41055
4013,-51240
4014,-27160
4015,6160
4016,-5670
4017,17465
4018,-18130
4019,27195
4020,-102515
4021,-30590
4022,-24990
4023,-35700
4024,-20335
4025,10045
4026,385
4027,38815
4028,29400
4029,19495
4030,-7490
4031,-21420
4032,-26110
4033,-6650
4034,19635
4035,-420
4036,29120
4037,-12670
4038,-20545
4039,-45815
4040,-21700
4041,-68425
4042,15855
4043,-18900
4044,-58660
4045,-1470
4046,-75635
4047,-43925
4048,-6860
4049,39550
4050,-19390
4051,-78225
4052,-22295
4053,-68145
4054,-44765
4055,34230
4056,-17535
4057,-18445
4058,-47145
4059,-2590
4060,-24955
4061,-67025
4062,-22365
4063,-25970
4064,-44345
4065,-4270
4066,-36680
4067,6650
4068,-45465
4069,26950
4070,-2450
4071,245
4072,-57540
4073,37975
4074,-52325
4075,-11410
4076,-10710
4077,-50015
4078,-22400
4079,-30905
4080,-46410
4081,9135
4082,-34895
4083,-41160
4084,-45710
4085,-26810
4086,-35665
4087,-36435
4088,-26145
4089,-26425
4090,-770
4091,24045
4092,1225
4093,-15715
4094,-6195
4095,-13790
4096,23590
4097,-33530
4098,-41510
4099,-42560
4100,70
4101,-79380
4102,-16940
4103,8855
4104,-9975
4105,-47425
4106,-36225
4107,-4760
4108,-9240
4109,21140
4110,18375
4111,24395
4112,-17395
4113,-23450
4114,14490
4115,-1400
4116,-23590
4117,-47880
4118,-43190
4119,-42105
4120,-23695
4121,-3220
4122,21980
4123,7140
4124,-108535
4125,23520
4126,-26215
4127,20930
4128,-1715
4129,-5670
4130,9415
4131,-17010
4132,-42035
4133,-21280
4134,-116130
4135,-19845
4136,-54145
4137,-100905
4138,13510
4139,-27650
4140,-36645
4141,-14805
4142,-66745
4143,-35175
4144,-15890
4145,31570
4146,18725
4147,-16275
4148,7105
4149,-68390
4150,-2660
4151,-6720
4152,-15365
4153,-34545
4154,7210
4155,25200
4156,-28840
4157,-11235
4158,-29050
4159,-18655
4160,-47180
4161,-3150
4162,-53900
4163,15750
4164,-6930
4165,-10745
4166,-39235
4167,-95165
4168,-10290
4169,-10150
4170,-24990
4171,1575
4172,-51870
4173,-59990
4174,-112140
4175,-21595
4176,18340
4177,-11130
4178,-20790
4179,-49910
4180,-86415
4181,-24045
4182,-54075
4183,-560
4184,-47075
4185,2065
4186,-10745
4187,-93240
4188,-5110
4189,-21315
4190,-5145
4191,36890
4192,4515
4193,-65555
4194,-70665
4195,-19705
4196,-62860
4197,-1225
4198,-52360
4199,-18270
4200,-17430
4201,7700
4202,7000
4203,-4550
4204,-7070
4205,-52500
4206,-26145
4207,-25620
4208,-22890
4209,-58905
4210,-7945
4211,16625
4212,-30170
4213,-48790
4214,-48055
4215,-38185
4216,23520
4217,-68320
4218,-32235
4219,-54285
4220,11935
4221,-17150
4222,-51205
4223,-17955
4224,-11060
4225,-57855
4226,11760
4227,2240
4228,-20650
4229,-4690
4230,-28840
4231,21805
4232,-6510
4233,1925
4234,-26320
4235,140
4236,21560
4237,-6300
4238,-26425
4239,-14000
4240,19670
4241,-12775
4242,-20195
4243,-42525
4244,-13545
4245,8680
4246,9905
4247,-6440
4248,-27055
4249,30065
4250,-56805
4251,39165
4252,17780
4253,-12320
4254,13125
4255,-35035
4256,-4410
4257,-6720
4258,-63210
4259,-28945
4260,14490
4261,455
4262,-35000
4263,-27055
4264,-13790
4265,-14455
4266,-26460
4267,-70175
4268,-8190
4269,-12600
4270,-21280
4271,-66325
4272,-60550
4273,-33250
4274,-28350
4275,-52220
4276,42700
4277,-26530
4278,21245
4279,-52885
4280,-54460
4281,12635
4282,665
4283,-14910
4284,-77805
4285,-73710
4286,-93555
4287,-16205
4288,-54005
4289,-34965
4290,18585
4291,1715
4292,25130
4293,37275
4294,-42560
4295,-40145
4296,-5075
4297,-27615
4298,3815
4299,-45080
4300,-38850
4301,-29295
4302,-40705
4303,3185
4304,-33320
4305,-13930
4306,-31465
4307,5775
4308,-44380
4309,-47285
4310,-7140
4311,-28490
4312,-70000
4313,-97720
4314,15575
4315,-42000
4316,-42665
4317,4585
4318,40915
4319,26320
4320,-45465
4321,-14280
4322,-15295
4323,-34125
4324,-40180
4325,10430
4326,-27055
4327,-17990
4328,-3150
4329,-48650
4330,-32900
4331,-63245
4332,4410
4333,24500
4334,-29820
4335,8260
4336,-26880
4337,-50155
4338,44380
4339,17710
4340,-41720
4341,-28980
4342,-80570
4343,-2835
4344,-33145
4345,-2940
4346,-34335
4347,14385
4348,-21420
4349,-33250
4350,-36365
4351,16345
4352,3570
4353,-28385
4354,10570
4355,-53375
4356,43960
4357,-9590
4358,-16905
4359,-22925
4360,-9380
4361,-59815
4362,2415
4363,-3185
4364,-3220
4365,10115
4366,-29750
4367,-26320
4368,-44170
4369,-43225
4370,8365
4371,-17045
4372,-70315
4373,13545
4374,26250
4375,-11620
4376,-18830
4377,23835
4378,15540
4379,-17150
4380,-26390
4381,-20405
4382,-22050
4383,-22365
4384,-51100
4385,-12425
4386,4235
4387,31115
4388,-2030
4389,25165
4390,16660
4391,-12215
4392,-26425
4393,26915
4394,9100
4395,-19215
4396,32970
4397,15575
4398,-16380
4399,8890
4400,-18445
4401,-50750
4402,-30905
4403,-35385
4404,-8260
4405,34895
4406,-32025
4407,-35945
4408,-14175
4409,-20370
4410,8855
4411,-66360
4412,-38850
4413,-28455
4414,-33600
4415,-61950
4416,-42630
4417,-29015
4418,34965
4419,33390
4420,-7070
4421,-18235
4422,-8190
4423,-13545
4424,-34825
4425,-26880
4426,-53445
4427,7560
4428,-18375
4429,-25375
4430,-3045
4431,-9240
4432,-37065
4433,-43680
4434,-10780
4435,-16170
4436,41650
4437,-54040
4438,-7140
4439,3675
4440,-105
4441,-1050
4442,-68880
4443,10920
4444,-945
4445,-3570
4446,-16730
4447,-42490
4448,11935
4449,29540
4450,40285
4451,-7350
4452,-111685
4453,-66710
4454,875
4455,26495
4456,-66045
4457,-14630
4458,20895
4459,-33915
4460,9450
4461,12530
4462,-129500
4463,-13265
4464,-62755
4465,-34930
4466,7490
4467,11690
4468,27895
4469,-3080
4470,-15365
4471,-27440
4472,-83335
4473,33530
4474,6545
4475,-15785
4476,-21630
4477,35280
4478,-21070
4479,7805
4480,-13370
4481,-34440
4482,-1540
4483,-12285
4484,-41895
4485,-53130
4486,-53655
4487,-56875
4488,1960
4489,-22610
4490,-27475
4491,37030
4492,10395
4493,-10710
4494,38150
4495,-85820
4496,-8820
4497,17430
4498,-37205
4499,-41020
4500,19810
4501,12740
4502,25305
4503,-61110
4504,-82215
4505,-12775
4506,-77350
4507,-39760
4508,-28105
4509,18585
4510,-20755
4511,-3780
4512,27650
4513,11515
4514,-15540
4515,-49910
4516,11340
4517,17010
4518,-25480
4519,32025
4520,-10990
4521,-12355
4522,-10885
4523,-13160
4524,1680
4525,-59605
4526,45220
4527,48370
4528,6160
4529,-79450
4530,-10780
4531,-17605
4532,-28595
4533,-27580
4534,23870
4535,-67970
4536,-9800
4537,-16730
4538,3360
4539,-19075
4540,-35105
4541,-17815
4542,-29995
4543,37870
4544,-71575
4545,-12355
4546,-6930
4547,-60165
4548,-31780
4549,14385
4550,-6615
4551,-29085
4552,-23695
4553,-29295
4554,-1330
4555,-27020
4556,16450
4557,-13370
4558,-11235
4559,-5005
4560,-42420
4561,-6965
4562,11900
4563,21210
4564,-1295
4565,-30905
4566,-54180
4567,-1820
4568,-40110
4569,24080
4570,17360
4571,-23275
4572,-28455
4573,35875
4574,-50400
4575,-57330
4576,-40810
4577,1295
4578,-45430
4579,26565
4580,13545
4581,-36680
4582,-6965
4583,-12705
4584,35420
4585,21665
4586,-22400
4587,14000
4588,24885
4589,-33180
4590,840
4591,-60025
4592,-23590
4593,-18515
4594,30380
4595,-5215
4596,36295
4597,-12390
4598,37625
4599,-5320
4600,-15050
4601,-29155
4602,-11130
4603,-54075
4604,-11620
4605,-53445
4606,-7420
4607,6825
4608,-14035
4609,4130
4610,23205
4611,-58695
4612,30030
4613,-980
4614,-22995
4615,-5950
4616,40880
4617,-43505
4618,11165
4619,-45430
4620,-68460
4621,-25585
4622,-21385
4623,7490
4624,-26635
4625,27055
4626,-18095
4627,-15680
4628,-44100
4629,11550
4630,-24290
4631,37415
4632,-175
4633,-12880
4634,-53515
4635,10710
4636,-29995
4637,-7700
4638,13475
4639,-60865
4640,-15225
4641,-67515
4642,4655
4643,6090
4644,19775
4645,-29890
4646,19005
4647,-7490
4648,-35000
4649,-8365
4650,-48720
4651,16275
4652,33670
4653,-103530
4654,2415
4655,-94325
4656,-17465
4657,-15925
4658,-45045
4659,4830
4660,-15120
4661,-49805
4662,-39130
4663,-3815
4664,-29050
4665,-46725
4666,-13615
4667,-52535
4668,-27055
4669,-11445
4670,5635
4671,-15505
4672,-37030
4673,-13055
4674,-70070
4675,-21805
4676,27825
4677,-20580
4678,-80990
4679,-54110
4680,-1610
4681,1120
4682,-16345
4683,-60305
4684,-47565
4685,-7840
4686,-75180
4687,-8190
4688,-39690
4689,-44765
4690,-39060
4691,-74725
4692,-64295
4693,1295
4694,-20160
4695,-8645
4696,-66465
4697,-42910
4698,-34090
4699,3150
4700,31710
4701,29540
4702,-11550
4703,-30100
4704,-19950
4705,22400
4706,4620
4707,-23975
4708,-23555
4709,-68600
4710,22575
4711,-4760
4712,7245
4713,18725
4714,-69265
4715,-51590
4716,-2835
4717,5705
4718,-12495
4719,-25410
4720,-23135
4721,-18900
4722,-14035
4723,7350
4724,21140
4725,-26460
4726,-1400
4727,-13335
4728,16765
4729,-14490
4730,-54530
4731,-38430
4732,-14490
4733,6230
4734,5775
4735,1855
4736,-49350
4737,18130
4738,-58275
4739,39830
4740,-40880
4741,-6860
4742,-29120
4743,-54670
4744,-30590
4745,-27265
4746,-44415
4747,-15470
4748,-25200
4749,-19880
4750,-12390
4751,28490
4752,12145
4753,27440
4754,22995
4755,-39970
4756,1995
4757,-1890
4758,-28210
4759,-35665
4760,-15155
4761,3010
4762,2345
4763,-106750
4764,-41825
4765,-48195
4766,-8820
4767,-54915
4768,-44835
4769,-5705
4770,-52990
4771,16240
4772,4865
4773,1645
4774,-45955
4775,-21805
4776,-14385
4777,-5110
4778,-9205
4779,-3815
4780,-31710
4781,-9520
4782,-30975
4783,-67235
4784,31255
4785,-45045
4786,-66220
4787,-24605
4788,23660
4789,24990
4790,27720
4791,-40390
4792,-1505
4793,17500
4794,-20650
4795,8715
4796,-30590
4797,-37205
4798,18830
4799,-10115
4800,-24745
4801,-73220
4802,-5215
4803,15715
4804,-57295
4805,10220
4806,-61425
4807,42910
4808,-15715
4809,16590
4810,26845
4811,52465
4812,10465
4813,-23205
4814,-30240
4815,22785
4816,23555
4817,-49630
4818,-17395
4819,54635
4820,2240
4821,-33705
4822,30415
4823,4760
4824,-30625
4825,-19845
4826,37100
4827,-630
4828,-43120
4829,-69475
4830,-71890
4831,7350
4832,-52465
4833,-92260
4834,-5495
4835,-31395
4836,-13615
4837,-62510
4838,17045
4839,630
4840,-25970
4841,-10465
4842,25060
4843,-9660
4844,-50680
4845,-47075
4846,-14525
4847,-28070
4848,-26110
4849,-78645
4850,3220
4851,-25235
4852,-7490
4853,12775
4854,47250
4855,-56455
4856,-44380
4857,-52220
4858,140
4859,12775
4860,14175
4861,-42525
4862,-17780
4863,-9765
4864,-89495
4865,15295
4866,52605
4867,-45570
4868,-52115
4869,22050
4870,-28175
4871,-28875
4872,-98595
4873,3500
4874,-25445
4875,-22190
4876,-74340
4877,7735
4878,-10535
4879,-28105
4880,-74760
4881,-2765
4882,52150
4883,-2030
4884,-25585
4885,-33740
4886,18830
4887,-30205
4888,41720
4889,15960
4890,-21595
4891,3395
4892,-37590
4893,9520
4894,-15085
4895,-99470
4896,-280
4897,-40530
4898,-18760
4899,-26670
4900,-17710
4901,-14455
4902,-1330
4903,-19845
4904,-74060
4905,-70525
4906,-80080
4907,-20160
4908,-32760
4909,15260
4910,-74550
4911,18235
4912,10955
4913,35700
4914,-60620
4915,-12915
4916,-35035
4917,-33005
4918,-13965
4919,-52850
4920,-22470
4921,1820
4922,5285
4923,-56315
4924,-32550
4925,-20650
4926,-69090
4927,-19425
4928,-18130
4929,-5915
4930,19740
4931,-26950
4932,19285
4933,-17990
4934,29855
4935,-8715
4936,-43890
4937,-630
4938,-96565
4939,2485
4940,-59395
4941,55895
4942,-5145
4943,3955
4944,-11025
4945,-18130
4946,-15225
4947,-87080
4948,-64750
4949,-29435
4950,12005
4951,-19355
4952,-34300
4953,12845
4954,-38570
4955,-25970
4956,-42385
4957,37100
4958,-23450
4959,910
4960,-7735
4961,10815
4962,25515
4963,-2275
4964,-5110
4965,3185
4966,-33600
4967,4095
4968,-8785
4969,-13195
4970,-245
4971,-6195
4972,-32305
4973,-113155
4974,-21910
4975,-33530
4976,16730
4977,-8365
4978,-74935
4979,15365
4980,-45640
4981,15225
4982,-50540
4983,-26145
4984,20125
4985,-11760
4986,-15330
4987,2415
4988,2905
4989,-62265
4990,-1575
4991,-58870
4992,-77105
4993,-46725
4994,7315
4995,-40600
4996,-96460
4997,-3500
4998,36750
4999,39200
5000,-31990
5001,10150
5002,-63560
5003,-26635
5004,8715
5005,-4795
5006,30135
5007,-3710
5008,-74655
5009,32480
5010,-19530
5011,-5320
5012,-53095
5013,-6370
5014,-37765
5015,-20440
5016,-53340
5017,1785
5018,8995
5019,2975
5020,10255
5021,-30485
5022,-15540
5023,-7210
5024,-16380
5025,-34790
5026,-108290
5027,6335
5028,-32235
5029,-7525
5030,770
5031,51730
5032,-38290
5033,-30730
5034,-21280
5035,-38185
5036,-43680
5037,8295
5038,-47075
5039,980
5040,-26915
5041,1505
5042,-49140
5043,-10640
5044,12110
5045,-35910
5046,-11515
5047,-3220
5048,-60725
5049,-13090
5050,-20895
5051,-47985
5052,-32375
5053,-7595
5054,-58695
5055,-21735
5056,-44450
5057,-50575
5058,-65450
5059,-47705
5060,-17430
5061,-21840
5062,4655
5063,-37170
5064,8190
5065,-66325
5066,-35455
5067,16660
5068,-20895
5069,-15400
5070,-45500
5071,-16590
5072,8400
5073,-36435
5074,37415
5075,-58275
5076,24465
5077,19600
5078,2065
5079,13440
5080,-39760
5081,-20580
5082,14245
5083,15435
5084,-42385
5085,-55930
5086,-14770
5087,-27125
5088,-29330
5089,-25095
5090,-54670
5091,-17115
5092,-19180
5093,-24990
5094,4620
5095,18095
5096,-140
5097,-24535
5098,-59220
5099,-20440
5100,17325
5101,-36995
5102,-35945
5103,-34720
5104,13440
5105,-3500
5106,-18865
5107,14595
5108,-37800
5109,14980
5110,-45150
5111,15330
5112,2870
5113,-81340
5114,-28910
5115,22995
5116,-29750
5117,-59290
5118,3640
5119,3640
5120,-40985
5121,4725
5122,-53340
5123,34405
5124,-30485
5125,-20160
5126,-61495
5127,-50925
5128,-51100
5129,37695
5130,-64155
5131,-39690
5132,-770
5133,-350
5134,19950
5135,50225
5136,-28525
5137,34440
5138,-65380
5139,-26040
5140,21175
5141,-18305
5142,29610
5143,-46480
5144,-17535
5145,-7105
5146,-61075
5147,-11585
5148,-32830
5149,-31430
5150,-91350
5151,-51205
5152,-57365
5153,30765
5154,3395
5155,-38990
5156,40845
5157,840
5158,-28210
5159,5285
5160,-49560
5161,-31780
5162,-53445
5163,-80115
5164,10010
5165,-32375
5166,1435
5167,-58765
5168,-41545
5169,-61635
5170,-4270
5171,-30625
5172,8050
5173,-55195
5174,-34580
5175,-23870
5176,8715
5177,2170
5178,-56035
5179,-54390
5180,-10850
5181,8680
5182,-8540
5183,-6510
5184,-40075
5185,-3815
5186,-51590
5187,21910
5188,4830
5189,22645
5190,9170
5191,-36260
5192,-49350
5193,-42980
5194,-8190
5195,-33320
5196,-25585
5197,-32620
5198,-22855
5199,11480
5200,-19635
5201,-24535
5202,10500
5203,19180
5204,-7840
5205,10850
5206,-38115
5207,5040
5208,-41720
5209,-6965
5210,-48790
5211,20755
5212,-39725
5213,-490
5214,-63630
5215,-83405
5216,39725
5217,-31745
5218,-35665
5219,8365
5220,-33425
5221,-38080
5222,-18760
5223,-6055
5224,-19495
5225,9800
5226,16730
5227,-50890
5228,37660
5229,-9065
5230,25305
5231,-7665
5232,-39375
5233,-21140
5234,-7945
5235,-6545
5236,-19740
5237,12285
5238,-83475
5239,-35910
5240,-65940
5241,-83020
5242,12810
5243,-3815
5244,29925
5245,2240
5246,-71715
5247,-40355
5248,-72100
5249,-27335
5250,6335
5251,-14805
5252,-20510
5253,6125
5254,7595
5255,-10990
5256,-10395
5257,-5880
5258,-8155
5259,-36995
5260,-26705
5261,-1505
5262,-36610
5263,-38430
5264,-33565
5265,-36260
5266,-2240
5267,11095
5268,-64190
5269,-19285
5270,-38920
5271,-23135
5272,-7630
5273,-12040
5274,-45185
5275,-5215
5276,-62545
5277,-41755
5278,-31815
5279,-17745
5280,17815
5281,-66465
5282,-41475
5283,-14385
5284,-17115
5285,-46270
5286,14140
5287,-83265
5288,15260
5289,-29225
5290,-29015
5291,-5390
5292,-73150
5293,14630
5294,-77490
5295,-65835
5296,-79065
5297,-7735
5298,-33110
5299,43540
5300,700
5301,-23590
5302,-45570
5303,19880
5304,-38815
5305,-45745
5306,-50155
5307,-16065
5308,1855
5309,-16065
5310,-72730
5311,-52325
5312,-13755
5313,70
5314,-29820
5315,20930
5316,-14630
5317,-11025
5318,-33460
5319,5635
5320,-53095
5321,-32480
5322,-68145
5323,-47460
5324,-59080
5325,6755
5326,-27790
5327,3360
5328,41895
5329,-19915
5330,11340
5331,-91420
5332,-42420
5333,-36995
5334,-52815
5335,-69860
5336,-36085
5337,42455
5338,-21735
5339,245
5340,-58380
5341,-5495
5342,20965
5343,-17605
5344,-6930
5345,-26145
5346,-48895
5347,-37345
5348,-13650
5349,20300
5350,-81795
5351,-44835
5352,23240
5353,-27720
5354,26530
5355,-54460
5356,-60410
5357,-36820
5358,-11690
5359,-2275
5360,-14735
5361,-1295
5362,-29470
5363,-53900
5364,-29225
5365,-11515
5366,34825
5367,-6265
5368,-36400
5369,17395
5370,-39270
5371,-53760
5372,43750
5373,39935
5374,-37275
5375,-59885
5376,10430
5377,-23030
5378,22225
5379,7070
5380,27230
5381,20930
5382,-18165
5383,-31465
5384,23765
5385,27475
5386,17290
5387,-13300
5388,-77595
5389,-34510
5390,-9695
5391,-10710
5392,-7210
5393,-26600
5394,-19950
5395,-68775
5396,-19040
5397,-64260
5398,39865
5399,-11480
5400,3290
5401,-4830
5402,-59500
5403,-31150
5404,8155
5405,-5460
5406,36925
5407,54110
5408,-29330
5409,-18480
5410,-19355
5411,-39585
5412,-46515
5413,-22855
5414,-18200
5415,-128520
5416,-5355
5417,-3500
5418,-26670
5419,-24640
5420,-34790
5421,-11690
5422,34300
5423,20580
5424,-2800
5425,-40180
5426,-30380
5427,-19565
5428,35525
5429,-10570
5430,-22155
5431,-23975
5432,28035
5433,13755
5434,34265
5435,-18550
5436,5075
5437,-32410
5438,27230
5439,-25270
5440,-14350
5441,-34650
5442,-51205
5443,-3010
5444,-67795
5445,-525
5446,-31745
5447,-25305
5448,-58520
5449,-44275
5450,-29890
5451,-21875
5452,-25865
5453,8015
5454,-1015
5455,7490
5456,13650
5457,-46585
5458,-4725
5459,-10675
5460,-61460
5461,-50085
5462,8575
5463,8890
5464,4340
5465,-37695
5466,-12460
5467,-76195
5468,-43505
5469,-59605
5470,-5180
5471,3115
5472,-31990
5473,26180
5474,-6265
5475,-10535
5476,3220
5477,-16380
5478,1260
5479,35665
5480,48580
5481,-16205
5482,-38010
5483,3360
5484,36890
5485,-9345
5486,-69510
5487,22400
5488,-24640
5489,-77980
5490,-2835
5491,-74900
5492,-27790
5493,-23660
5494,-27720
5495,-58415
5496,1680
5497,15120
5498,-9730
5499,-32690
5500,12285
5501,35980
5502,-50855
5503,16695
5504,-11410
5505,-64435
5506,-7560
5507,24080
5508,-97790
5509,-41265
5510,-2170
5511,1050
5512,-6020
5513,29365
5514,-8330
5515,595
5516,-18480
5517,27825
5518,-19670
5519,-35140
5520,-57295
5521,-9975
5522,-3220
5523,-102725
5524,-63070
5525,-3535
5526,23660
5527,-4970
5528,3010
5529,-32480
5530,-29680
5531,-66990
5532,-7280
5533,15645
5534,-5670
5535,-90580
5536,-20125
5537,-22960
5538,-18690
5539,12355
5540,-45675
5541,-9695
5542,9345
5543,-840
5544,11480
5545,-6895
5546,-71680
5547,30275
5548,-63875
5549,-25795
5550,-69440
5551,-45080
5552,-76195
5553,-37555
5554,-59850
5555,280
5556,-46865
5557,-29435
5558,23975
5559,-3780
5560,-63910
5561,-34055
5562,16625
5563,-13860
5564,-21000
5565,-23660
5566,-73220
5567,-17325
5568,25900
5569,11375
5570,33180
5571,140
5572,-18970
5573,3710
5574,27720
5575,5950
5576,-630
5577,4970
5578,-31465
5579,21490
5580,2065
5581,38115
5582,21420
5583,-24675
5584,-49280
5585,-16870
5586,-29505
5587,-10675
5588,-60760
5589,38570
5590,-27405
5591,-44065
5592,-32305
5593,-1435
5594,20055
5595,28805
5596,17605
5597,-28665
5598,22260
5599,-37345
5600,-5390
5601,-6090
5602,-12460
5603,7805
5604,-10605
5605,-34230
5606,-23415
5607,-76195
5608,-31080
5609,12460
5610,-3045
5611,-5985
5612,-44380
5613,-51345
5614,-29260
5615,-7175
5616,-6300
5617,-61495
5618,-29085
5619,-14805
5620,-10395
5621,-44450
5622,44310
5623,11340
5624,13580
5625,-51520
5626,25200
5627,-9765
5628,-33880
5629,-19530
5630,7070
5631,31570
5632,-31395
5633,-3115
5634,-96740
5635,29365
5636,-22330
5637,-17535
5638,30205
5639,-29155
5640,-79625
5641,-66640
5642,-12845
5643,3850
5644,-28805
5645,-56000
5646,-23730
5647,35280
5648,-12495
5649,-91210
5650,25550
5651,-37415
5652,-57295
5653,-5950
5654,-22015
5655,-32585
5656,-9520
5657,-61110
5658,1960
5659,210
5660,-12215
5661,30380
5662,4620
5663,-3010
5664,1295
5665,34825
5666,-15785
5667,15155
5668,-53865
5669,-59955
5670,20090
5671,-25760
5672,-74900
5673,30660
5674,-9485
5675,-51555
5676,11340
5677,-23765
5678,23135
5679,8820
5680,-22855
5681,20790
5682,14420
5683,-37870
5684,-18375
5685,2835
5686,-49280
5687,-1540
5688,-1295
5689,21665
5690,-36680
5691,49385
5692,-31745
5693,-4445
5694,11410
5695,-68285
5696,28105
5697,28945
5698,22435
5699,-11130
5700,3115
5701,-16170
5702,-18410
5703,-3290
5704,1050
5705,-28140
5706,-15260
5707,37345
5708,-36995
5709,15540
5710,-39060
5711,-72975
5712,-21000
5713,-10955
5714,-17500
5715,-75775
5716,-245
5717,-6160
5718,-91945
5719,-45570
5720,9450
5721,-10150
5722,-62580
5723,3220
5724,26320
5725,1715
5726,-43890
5727,-35770
5728,13790
5729,-48300
5730,-53865
5731,15190
5732,32375
5733,-18165
5734,-47775
5735,-14875
5736,-26075
5737,-17220
5738,-65310
5739,-18760
5740,-22715
5741,4830
5742,-23345
5743,-77630
5744,-455
5745,-51660
5746,-18585
5747,-26285
5748,-43680
5749,-36295
5750,-17675
5751,-3465
5752,-12355
5753,-65555
5754,-49315
5755,-13440
5756,-68635
5757,-67340
5758,-2100
5759,32340
5760,-77630
5761,11865
5762,-38185
5763,-33530
5764,-27195
5765,25445
5766,-74830
5767,6440
5768,-19460
5769,7280
5770,17745
5771,17395
5772,-36960
5773,-3045
5774,-54565
5775,-31185
5776,-42105
5777,42945
5778,-5390
5779,9275
5780,-18305
5781,-43610
5782,-31080
5783,-9555
5784,12215
5785,-19110
5786,-45675
5787,15085
5788,-18900
5789,29925
5790,-6300
5791,-67165
5792,32620
5793,15960
5794,-20720
5795,8190
5796,-40915
5797,27195
5798,-61075
5799,-13090
5800,7560
5801,-33145
5802,-36470
5803,2380
5804,3430
5805,-28420
5806,-41720
5807,-60165
5808,7980
5809,-6545
5810,-2030
5811,6860
5812,-64890
5813,-5425
5814,-71225
5815,-36890
5816,-42245
5817,-31430
5818,22225
5819,39025
5820,-63280
5821,-8050
5822,-37940
5823,-7140
5824,-6510
5825,7070
5826,-65380
5827,-67690
5828,-5635
5829,-64190
5830,-29085
5831,11795
5832,-10920
5833,-71995
5834,9730
5835,-7525
5836,-73465
5837,-11795
5838,-26495
5839,-1085
5840,-73605
5841,-26355
5842,-23380
5843,-75250
5844,30380
5845,-77945
5846,-24675
5847,-56770
5848,-109445
5849,-48160
5850,-1750
5851,-31745
5852,-47530
5853,8750
5854,21875
5855,-17535
5856,-44030
5857,-30660
5858,-45815
5859,12040
5860,15120
5861,-54880
5862,16625
5863,-16625
5864,-64085
5865,-45815
5866,-30590
5867,-134225
5868,24080
5869,-101710
5870,-40005
5871,-20195
5872,-60865
5873,3220
5874,-14770
5875,-21665
5876,-16065
5877,-53865
5878,-7000
5879,-31325
5880,19635
5881,-31325
5882,-18060
5883,-30170
5884,9135
5885,-31255
5886,18970
5887,-40215
5888,-6300
5889,-26845
5890,-11550
5891,-8995
5892,-20230
5893,-10395
5894,-54635
5895,-25515
5896,-27965
5897,490
5898,37030
5899,-59290
5900,-23695
5901,-45605
5902,1225
5903,-24535
5904,26530
5905,-71890
5906,4935
5907,-980
5908,-16870
5909,-32060
5910,-14350
5911,13475
5912,-37450
5913,-23590
5914,-8785
5915,-31920
5916,-37660
5917,-22330
5918,-7560
5919,-10500
5920,3780
5921,-27930
5922,-26880
5923,-47880
5924,-77630
5925,-28070
5926,11410
5927,-53445
5928,-43645
5929,-81200
5930,-48335
5931,-14525
5932,34090
5933,-10185
5934,45780
5935,13825
5936,-41300
5937,-13685
5938,-31885
5939,-39270
5940,-42630
5941,3990
5942,36015
5943,-16975
5944,32550
5945,6895
5946,525
5947,-19040
5948,48510
5949,3185
5950,-108150
5951,-7280
5952,4760
5953,-3850
5954,-5950
5955,-17675
5956,-42945
5957,1085
5958,9275
5959,700
5960,-9065
5961,-34090
5962,-63840
5963,46305
5964,30695
5965,-86835
5966,4200
5967,-21525
5968,3675
5969,-1470
5970,16730
5971,-66815
5972,-16345
5973,-24395
5974,-41685
5975,-18235
5976,-74340
5977,37030
5978,-16590
5979,-40145
5980,-43400
5981,57120
5982,7560
5983,-69965
5984,-82880
5985,-51765
5986,1085
5987,-2030
5988,-56245
5989,-20930
5990,-25795
5991,-34475
5992,-3745
5993,-41510
5994,-10710
5995,-71260
5996,-69475
5997,6055
5998,-36540
5999,4200
6000,-73535
6001,-40145
6002,-8540
6003,-80885
6004,38570
6005,-19005
6006,-63910
6007,-40740
6008,-53725
6009,-24605
6010,-4830
6011,11200
6012,48440
6013,10150
6014,-77490
6015,-75250
6016,13335
6017,-14000
6018,-315
6019,-26810
6020,-52395
6021,-21245
6022,-7280
6023,-44800
6024,-28875
6025,-95480
6026,-26705
6027,-1715
6028,4935
6029,-40320
6030,5215
6031,27125
6032,12775
6033,-20790
6034,-91630
6035,-97440
6036,21420
6037,-9660
6038,2765
6039,7000
6040,-665
6041,-44135
6042,11760
6043,6370
6044,-1890
6045,-21420
6046,-4830
6047,-54425
6048,-52955
6049,-28490
6050,-94430
6051,23660
6052,39060
6053,-24290
6054,-26775
6055,-17640
6056,-46095
6057,-18165
6058,-22680
6059,-10920
6060,15155
6061,-36155
6062,14245
6063,-5530
6064,20615
6065,-51135
6066,-18900
6067,-33075
6068,-46725
6069,-31990
6070,-95060
6071,-48405
6072,-1925
6073,490
6074,-43050
6075,-56560
6076,13545
6077,-9730
6078,-8925
6079,-44660
6080,-13335
6081,-560
6082,25270
6083,-560
6084,-13825
6085,13825
6086,-2905
6087,35595
6088,-46025
6089,-18655
6090,-26880
6091,-18235
6092,-65275
6093,-9345
6094,-68670
6095,20090
6096,-82845
6097,-23765
6098,-7105
6099,-40040
6100,-16275
6101,-1190
6102,-23520
6103,20230
6104,2765
6105,24255
6106,-7910
6107,-11480
6108,-43610
6109,-36365
6110,-13720
6111,30940
6112,-76965
6113,-47285
6114,560
6115,-30135
6116,-19425
6117,-13790
6118,2450
6119,29260
6120,1050
6121,-45465
6122,-19005
6123,-5530
6124,-58415
6125,-58835
6126,23100
6127,27405
6128,-29575
6129,-56105
6130,-40250
6131,-30940
6132,-64715
6133,-700
6134,-2835
6135,29995
6136,-52920
6137,24115
6138,2765
6139,-33425
6140,-46375
6141,-76895
6142,-46830
6143,-17010
6144,-38780
6145,-41720
6146,-5740
6147,-15680
6148,-46095
6149,-24990
6150,-80570
6151,-76755
6152,-82390
6153,-25375
6154,15295
6155,-24710
6156,-50715
6157,2905
6158,12040
6159,12320
6160,-1400
6161,27790
6162,-9450
6163,-56105
6164,16380
6165,-31010
6166,-21665
6167,-92155
6168,-8750
6169,-34265
6170,-910
6171,-79240
6172,33845
6173,2940
6174,-2940
6175,-45780
6176,1470
6177,4375
6178,-13055
6179,-52395
6180,-22995
6181,-46305
6182,31920
6183,7525
6184,1295
6185,-23835
6186,16205
6187,-39655
6188,20685
6189,-30940
6190,-36645
6191,-5950
6192,-8785
6193,-23065
6194,-12040
6195,-5005
6196,-5460
6197,-26180
6198,-55720
6199,-7070
6200,8960
6201,-38605
6202,2730
6203,23625
6204,-1890
6205,38430
6206,-5040
6207,12810
6208,30450
6209,-40145
6210,5355
6211,875
6212,-32690
6213,1925
6214,-40670
6215,-4795
6216,-32620
6217,7630
6218,-62825
6219,-51520
6220,-19495
6221,-38955
6222,-22820
6223,-19845
6224,15715
6225,37170
6226,-6475
6227,4025
6228,-15855
6229,-140
6230,-36120
6231,-12075
6232,-48685
6233,-3045
6234,40530
6235,-9310
6236,-5320
6237,-32270
6238,-26565
6239,-13860
6240,34300
6241,-39585
6242,20370
6243,-24430
6244,-18760
6245,-24640
6246,-16975
6247,-31290
6248,-95130
6249,-29750
6250,-47635
6251,-3640
6252,-43120
6253,-3885
6254,8995
6255,-63770
6256,-13475
6257,36960
6258,-38780
6259,-49420
6260,-9450
6261,-32760
6262,-59885
6263,20895
6264,-29120
6265,1435
6266,35420
6267,-18480
6268,-98070
6269,22575
6270,-32165
6271,-39725
6272,-22225
6273,-10395
6274,-10290
6275,-42315
6276,-67130
6277,35700
6278,-31745
6279,-32305
6280,-15785
6281,1400
6282,15925
6283,-100625
6284,32200
6285,-31360
6286,7000
6287,-13090
6288,14245
6289,3185
6290,-21630
6291,-47915
6292,7035
6293,-72940
6294,-175
6295,-30940
6296,-25970
6297,-51520
6298,-21070
6299,-68075
6300,-34825
6301,-7140
6302,-54005
6303,15820
6304,-82915
6305,-24675
6306,-78995
6307,5215
6308,-2695
6309,7035
6310,315
6311,-63525
6312,-29505
6313,4165
6314,-40075
6315,-48370
6316,2450
6317,-7280
6318,-50085
6319,-20755
6320,23345
6321,-36015
6322,595
6323,-36890
6324,-6300
6325,-69020
6326,-50085
6327,12145
6328,-12355
6329,-52640
6330,-52290
6331,-19355
6332,2065
6333,-1015
6334,-29785
6335,-1890
6336,8610
6337,-56770
6338,8050
6339,10920
6340,-88375
6341,-49280
6342,-59815
6343,-11550
6344,-78540
6345,-34930
6346,-2730
6347,-16555
6348,-32270
6349,-98910
6350,-78050
6351,2870
6352,-47635
6353,-1680
6354,-18200
6355,-15365
6356,-28525
6357,2415
6358,-83265
6359,20475
6360,19810
6361,18200
6362,-27615
6363,-50960
6364,22470
6365,20860
6366,11165
6367,-85855
6368,-24045
6369,-11900
6370,-85470
6371,-81760
6372,-73045
6373,-26110
6374,8785
6375,8540
6376,-42910
6377,-44975
6378,32550
6379,5110
6380,-28105
6381,-86555
6382,-37520
6383,-23170
6384,-42070
6385,-17080
6386,-25270
6387,29750
6388,-11970
6389,-27615
6390,-37800
6391,-41055
6392,-54635
6393,-19320
6394,-3885
6395,8890
6396,9170
6397,-20825
6398,-63105
6399,2065
6400,-53830
6401,12425
6402,-28595
6403,-35980
6404,-11060
6405,-45080
6406,-16100
6407,-28420
6408,-44450
6409,-66360
6410,-14560
6411,-69580
6412,-17150
6413,-28175
6414,-56350
6415,-54810
6416,-420
6417,-560
6418,-107765
6419,-19040
6420,-28140
6421,-92645
6422,38710
6423,-385
6424,-62020
6425,21910
6426,-17115
6427,22330
6428,-36155
6429,-1750
6430,-38430
6431,-38990
6432,-53445
6433,5810
6434,26810
6435,-59430
6436,-21805
6437,-16135
6438,-86940
6439,-4165
6440,-8680
6441,-35035
6442,-48055
6443,11375
6444,-28455
6445,-75670
6446,17395
6447,-33810
6448,-34230
6449,-11445
6450,-24675
6451,-12180
6452,12250
6453,-56490
6454,-65205
6455,-11270
6456,-3465
6457,-10570
6458,-43330
6459,-8680
6460,38815
6461,-38255
6462,-3780
6463,7805
6464,-83475
6465,-11305
6466,-3675
6467,-43260
6468,-46935
6469,-36575
6470,-5495
6471,-53130
6472,32585
6473,8295
6474,-29540
6475,-23940
6476,-35770
6477,-54320
6478,18900
6479,-4375
6480,6895
6481,20125
6482,10745
6483,52500
6484,-73045
6485,-60760
6486,9065
6487,12075
6488,-38570
6489,-67235
6490,-12530
6491,13510
6492,-53970
6493,-21595
6494,10150
6495,40145
6496,-40390
6497,-41440
6498,-8260
6499,48090
6500,3885
6501,9065
6502,42035
6503,33250
6504,-5775
6505,11690
6506,-27895
6507,13720
6508,-104160
6509,2205
6510,-560
6511,-61845
6512,-78820
6513,-37485
6514,19880
6515,19740
6516,-21105
6517,2730
6518,-23695
6519,-67340
6520,-41615
6521,-38605
6522,-64575
6523,-52815
6524,-14945
6525,11830
6526,-25830
6527,-55860
6528,-36120
6529,24990
6530,-62510
6531,-86765
6532,2730
6533,-25305
6534,41370
6535,-26775
6536,-43015
6537,-46620
6538,-29295
6539,-67935
6540,-1575
6541,-4480
6542,-32585
6543,-69195
6544,9730
6545,-36225
6546,28140
6547,-72835
6548,-23450
6549,-16835
6550,-52885
6551,-13300
6552,23730
6553,14350
6554,-38780
6555,-104720
6556,-31570
6557,-350
6558,-10745
6559,10395
6560,48020
6561,-20685
6562,-10500
6563,-25550
6564,-16170
6565,22855
6566,19425
6567,-100065
6568,-96005
6569,-55790
6570,9205
6571,-1435
6572,8190
6573,5915
6574,-2800
6575,7385
6576,1400
6577,20510
6578,-24325
6579,-28630
6580,5390
6581,14490
6582,-24675
6583,-59395
6584,-36190
6585,-48090
6586,-38815
6587,24535
6588,-113715
6589,-1225
6590,-53165
6591,-38115
6592,-53235
6593,-73360
6594,-9170
6595,-72205
6596,22015
6597,23765
6598,840
6599,-17640
6600,4550
6601,-84455
6602,-30975
6603,-29190
6604,-31605
6605,11025
6606,-64820
6607,-7805
6608,-31990
6609,-58240
6610,-12740
6611,2765
6612,13615
6613,15785
6614,27895
6615,-54075
6616,-41755
6617,27125
6618,-63280
6619,-59185
6620,-40705
6621,-84630
6622,-23240
6623,-1855
6624,-65100
6625,-18025
6626,20020
6627,-42035
6628,-69300
6629,11165
6630,-55510
6631,-1750
6632,-4900
6633,9975
6634,-31710
6635,-8435
6636,-4375
6637,-19355
6638,-2415
6639,-108045
6640,7490
6641,-66290
6642,19425
6643,-34440
6644,-69300
6645,-71050
6646,-33110
6647,6825
6648,35630
6649,-66395
6650,420
6651,-95515
6652,-8260
6653,-64120
6654,-47250
6655,-35455
6656,12705
6657,24780
6658,-41195
6659,-6440
6660,-23555
6661,-9100
6662,28910
6663,-7910
6664,-1715
6665,-3850
6666,6230
6667,-13930
6668,-4410
6669,14595
6670,3010
6671,-29645
6672,7315
6673,-420
6674,-47740
6675,-108430
6676,-43015
6677,15540
6678,-28735
6679,11130
6680,-12845
6681,31745
6682,-23380
6683,-3220
6684,11935
6685,-28385
6686,-44730
6687,-54180
6688,-665
6689,-24115
6690,22120
6691,-8050
6692,-14560
6693,1120
6694,-66640
6695,-7105
6696,-27020
6697,-26005
6698,-28000
6699,6370
6700,-34965
6701,15120
6702,-14700
6703,-4830
6704,-26950
6705,-56350
6706,-25095
6707,-19915
6708,27230
6709,-73185
6710,-33040
6711,6825
6712,-21245
6713,-50260
6714,-4515
6715,-61425
6716,8050
6717,19635
6718,-47145
6719,8400
6720,1540
6721,9030
6722,-38290
6723,-17745
6724,-28490
6725,-26005
6726,6195
6727,-16240
6728,24570
6729,-1960
6730,-48825
6731,22155
6732,-36925
6733,-38710
6734,33845
6735,-7875
6736,-32095
6737,-10220
6738,21280
6739,-31745
6740,-56315
6741,700
6742,-41580
6743,22715
6744,-32270
6745,3115
6746,-26355
6747,-7560
6748,-35000
6749,-25585
6750,43785
6751,-17675
6752,-1050
6753,4900
6754,-53410
6755,-83580
6756,10640
6757,8820
6758,24850
6759,-51170
6760,-14910
6761,3325
6762,-41265
6763,-6615
6764,15365
6765,-2380
6766,-84560
6767,40915
6768,-13370
6769,-89635
6770,-17325
6771,22995
6772,-30170
6773,-1155
6774,-31990
6775,-65170
6776,-10850
6777,-28910
6778,15750
6779,-10220
6780,-39970
6781,-60760
6782,-68250
6783,-35175
6784,-11585
6785,-80500
6786,-75565
6787,140
6788,13230
6789,-74935
6790,-9415
6791,2940
6792,-36190
6793,-28490
6794,-56070
6795,3395
6796,-1190
6797,-112105
6798,-66710
6799,10220
6800,8715
6801,-2170
6802,-43155
6803,-29995
6804,-45115
6805,-28455
6806,2310
6807,2345
6808,-37030
6809,22680
6810,-1435
6811,22155
6812,-7000
6813,-11375
6814,-1960
6815,-10325
6816,26215
6817,30170
6818,11900
6819,-1575
6820,-55825
6821,-71540
6822,5600
6823,-22715
6824,-67375
6825,-8750
6826,18900
6827,-42280
6828,-32935
6829,-40530
6830,4375
6831,7455
6832,-101675
6833,-24325
6834,-23065
6835,-28630
6836,-33565
6837,-48930
6838,-31815
6839,-57995
6840,-15925
6841,7945
6842,3220
6843,29820
6844,7805
6845,1575
6846,20580
6847,-38640
6848,17850
6849,-35210
6850,-23520
6851,-42735
6852,22225
6853,1260
6854,-28420
6855,-58450
6856,-61530
6857,-22435
6858,4375
6859,-65835
6860,22610
6861,-1960
6862,-30660
6863,-14770
6864,16485
6865,15365
6866,-21875
6867,-31465
6868,-17465
6869,-38920
6870,21595
6871,875
6872,2870
6873,-21735
6874,-63665
6875,-8820
6876,-29120
6877,-35945
6878,5215
6879,-30240
6880,-16030
6881,-75180
6882,-26915
6883,-32550
6884,-15855
6885,18235
6886,-45850
6887,28210
6888,-62265
6889,-27195
6890,-53410
6891,-65940
6892,-12215
6893,-35000
6894,8085
6895,-38430
6896,1820
6897,-6300
6898,-44345
6899,23765
6900,-24010
6901,-40565
6902,-85575
6903,-35805
6904,-40215
6905,63490
6906,10080
6907,30555
6908,-51800
6909,-5845
6910,-38815
6911,-36995
6912,-40180
6913,-36575
6914,-99680
6915,-1925
6916,-53515
6917,-24710
6918,-16800
6919,-81410
6920,-13720
6921,3150
6922,-45710
6923,-5390
6924,1505
6925,-39585
6926,-66745
6927,10150
6928,-3325
6929,-28700
6930,19705
6931,-26565
6932,-20370
6933,-67830
6934,-100555
6935,-5635
6936,770
6937,-6860
6938,-18200
6939,-525
6940,-33355
6941,-8785
6942,-54530
6943,12005
6944,-36680
6945,-47460
6946,-4025
6947,-14630
6948,-33670
6949,-20265
6950,-6055
6951,-24115
6952,17605
6953,-38955
6954,-105
6955,19040
6956,-62895
6957,-57645
6958,8645
6959,-24430
6960,-27475
6961,-48685
6962,-25165
6963,8015
6964,-14525
6965,26530
6966,-68180
6967,-38605
6968,-39445
6969,33425
6970,-25340
6971,-42700
6972,-42385
6973,4550
6974,-46165
6975,3290
6976,-58520
6977,13545
6978,-33810
6979,-6440
6980,26635
6981,-7245
6982,-26985
6983,-13405
6984,-1785
6985,-25445
6986,-1260
6987,17535
6988,17745
6989,12845
6990,-6650
6991,-47040
6992,-37730
6993,5635
6994,-60620
6995,-9450
6996,19950
6997,-4655
6998,-30975
6999,-490
7000,15995
7001,23555
7002,-14385
7003,-56735
7004,15400
7005,-3815
7006,4165
7007,-53445
7008,9835
7009,-49105
7010,-41825
7011,-3255
7012,-30205
7013,3605
7014,-50085
7015,4655
7016,-37940
7017,54740
7018,-34230
7019,34195
7020,-13860
7021,-20615
7022,-61775
7023,-101395
7024,-27825
7025,-30765
7026,-35910
7027,-25585
7028,-11375
7029,-8085
7030,-53305
7031,-29295
7032,-12250
7033,-25200
7034,-14140
7035,-15085
7036,-10675
7037,-12040
7038,-10290
7039,-66325
7040,14490
7041,-8540
7042,-41755
7043,-5705
7044,9695
7045,-50995
7046,-12565
7047,-64085
7048,-10255
7049,-3255
7050,13790
7051,-34685
7052,32760
7053,-16625
7054,-735
7055,22330
7056,9520
7057,-63210
7058,-53900
7059,-19005
7060,-175
7061,-4060
7062,-1750
7063,-54985
7064,-50505
7065,-77000
7066,31780
7067,-630
7068,13265
7069,-47250
7070,-78190
7071,-13965
7072,-33215
7073,13125
7074,2800
7075,-14805
7076,-71505
7077,-33845
7078,-8785
7079,4900
7080,-7420
7081,8120
7082,-13685
7083,-103880
7084,-15855
7085,6230
7086,-79800
7087,-21840
7088,-15050
7089,23555
7090,-16170
7091,7945
7092,43085
7093,-49000
7094,8120
7095,-28140
7096,47705
7097,3745
7098,-72310
7099,5985
7100,875
7101,-28840
7102,27300
7103,-35595
7104,5215
7105,-595
7106,-47005
7107,-30975
7108,-58415
7109,-24815
7110,-25935
7111,-58870
7112,16590
7113,-58240
7114,-16800
7115,-39305
7116,20790
7117,-14035
7118,12180
7119,2905
7120,-67655
7121,-22995
7122,-16275
7123,-28140
7124,-37170
7125,-126175
7126,22435
7127,-28770
7128,-19985
7129,-71890
7130,-17990
7131,-13055
7132,71330
7133,-13965
7134,-22155
7135,24570
7136,-20300
7137,6790
7138,31640
7139,-19355
7140,-21665
7141,-22225
7142,7280
7143,-70105
7144,6720
7145,16555
7146,-89425
7147,17605
7148,9100
7149,-16450
7150,-7945
7151,-23030
7152,6370
7153,-2380
7154,-16240
7155,-34020
7156,-54285
7157,-25655
7158,-45080
7159,-56315
7160,-41335
7161,-47985
7162,-33460
7163,-79240
7164,2800
7165,35770
7166,-24955
7167,-5355
7168,19495
7169,-39200
7170,-7420
7171,-23380
7172,9310
7173,-64190
7174,-7420
7175,17150
7176,-24115
7177,20440
7178,11970
7179,7245
7180,-8190
7181,10395
7182,-52990
7183,-58975
7184,18270
7185,-70
7186,-16905
7187,-22085
7188,-62510
7189,15225
7190,-78225
7191,-45605
7192,-21805
7193,-21385
7194,-69370
7195,-7210
7196,-63805
7197,24990
7198,-12670
7199,5040
7200,6790
7201,-56455
7202,21315
7203,51590
7204,44065
7205,17255
7206,-57680
7207,22680
7208,-20895
7209,-18620
7210,-29435
7211,-22330
7212,-3080
7213,13405
7214,-8575
7215,11165
7216,-78715
7217,-13405
7218,-48335
7219,9590
7220,-9065
7221,-2695
7222,-23905
7223,-29400
7224,-61180
7225,-3465
7226,4760
7227,-11620
7228,-62230
7229,-7630
7230,-11025
7231,33180
7232,-13370
7233,-48440
7234,-44170
7235,-805
7236,-52780
7237,8575
7238,22750
7239,-10710
7240,15330
7241,12040
7242,-14280
7243,4935
7244,-21665
7245,8750
7246,-30310
7247,16730
7248,-47880
7249,-54705
7250,17605
7251,-43960
7252,-27930
7253,8085
7254,-105
7255,24535
7256,-8925
7257,-35210
7258,5005
7259,-38220
7260,-22925
7261,17045
7262,-51625
7263,-77315
7264,30660
7265,-22645
7266,-49420
7267,-10500
7268,-18725
7269,17150
7270,8330
7271,-89775
7272,-8890
7273,-38045
7274,-5495
7275,-40390
7276,-20895
7277,-52745
7278,-3395
7279,43645
7280,19320
7281,-41160
7282,2310
7283,36610
7284,-43540
7285,-34300
7286,-6580
7287,-10325
7288,-52220
7289,-22085
7290,-5215
7291,-32410
7292,21070
7293,3710
7294,29155
7295,21490
7296,-36610
7297,-49840
7298,-14280
7299,-43960
7300,21035
7301,-23205
7302,-27720
7303,-94255
7304,4340
7305,-36855
7306,-56455
7307,-70735
7308,13825
7309,3010
7310,38325
7311,-3185
7312,-72065
7313,-36575
7314,26320
7315,-84140
7316,-26075
7317,1225
7318,-53095
7319,7910
7320,-43085
7321,-32270
7322,-1120
7323,-53340
7324,-77315
7325,-3990
7326,-54425
7327,-50960
7328,-21105
7329,1715
7330,-18410
7331,-2975
7332,-51310
7333,-29505
7334,-12425
7335,-48755
7336,24185
7337,10430
7338,-53375
7339,15540
7340,-42805
7341,8925
7342,-28665
7343,-57120
7344,-2975
7345,14910
7346,3780
7347,-59220
7348,-3080
7349,-22575
7350,315
7351,-65555
7352,33530
7353,-47705
7354,-11130
7355,-64225
7356,5215
7357,-50925
7358,-33635
7359,-16765
7360,-18340
7361,-76370
7362,-8330
7363,4410
7364,-86310
7365,-61880
7366,-20895
7367,43890
7368,-19110
7369,5390
7370,-21280
7371,1855
7372,-24150
7373,-40810
7374,-23135
7375,-19145
7376,-19355
7377,-55300
7378,-112245
7379,1750
7380,14560
7381,-10255
7382,-21000
7383,-6650
7384,-22995
7385,-25830
7386,-7665
7387,875
7388,-53270
7389,-25025
7390,-30170
7391,-36505
7392,-21035
7393,-22015
7394,-13685
7395,-1785
7396,-13825
7397,-24780
7398,7315
7399,4410
7400,-1715
7401,-45850
7402,-12565
7403,-51870
7404,15925
7405,140
7406,25305
7407,-27300
7408,-1225
7409,-4095
7410,-32935
7411,-6650
7412,-5845
7413,-9905
7414,-24395
7415,-4165
7416,-19915
7417,-10360
7418,-4585
7419,-3815
7420,-26705
7421,-55930
7422,-47985
7423,-53725
7424,8925
7425,8610
7426,45080
7427,-37520
7428,-33320
7429,-102550
7430,5565
7431,-22820
7432,5075
7433,2415
7434,-32270
7435,-50470
7436,65100
7437,4515
7438,-71820
7439,-56490
7440,-79660
7441,-38080
7442,8855
7443,25200
7444,8855
7445,-54810
7446,-17920
7447,3220
7448,-27755
7449,-14770
7450,6755
7451,13650
7452,31990
7453,-5145
7454,-66535
7455,-21910
7456,28630
7457,-56770
7458,-24115
7459,-64365
7460,-92680
7461,16240
7462,-38045
7463,-11900
7464,-25760
7465,-14875
7466,-51835
7467,2450
7468,11795
7469,-68250
7470,-42105
7471,26775
7472,-2135
7473,21280
7474,27720
7475,-22365
7476,-20335
7477,-5915
7478,-51590
7479,20510
7480,13230
7481,-44765
7482,-14595
7483,-22680
7484,-64400
7485,-350
7486,-5635
7487,-43610
7488,-13510
7489,-39690
7490,37240
7491,-28455
7492,-55860
7493,-60445
7494,8400
7495,-39235
7496,1575
7497,-28525
7498,-66885
7499,-43120
7500,-8120
7501,-14805
7502,-5215
7503,-43890
7504,-17955
7505,6125
7506,-6370
7507,-13755
7508,-45325
7509,-27405
7510,-38360
7511,-3360
7512,2870
7513,-3185
7514,-8435
7515,19985
7516,-34860
7517,8715
7518,4025
7519,-18725
7520,41020
7521,-19215
7522,7665
7523,35805
7524,-57435
7525,-20755
7526,25235
7527,7875
7528,4025
7529,1120
7530,-33460
7531,-18480
7532,-41895
7533,61250
7534,-3045
7535,-51800
7536,-52570
7537,-51660
7538,-1995
7539,10920
7540,-20930
7541,-59990
7542,-4935
7543,-42490
7544,13685
7545,-8610
7546,-50365
7547,-50435
7548,-15225
7549,140
7550,-25900
7551,42455
7552,8680
7553,26845
7554,-15890
7555,16065
7556,-40985
7557,-11655
7558,-86870
7559,-60375
7560,-43470
7561,-10465
7562,17010
7563,4690
7564,-7770
7565,-9660
7566,-37590
7567,-84420
7568,-20090
7569,-43155
7570,-40845
7571,17255
7572,-40670
7573,-9450
7574,14700
7575,23205
7576,-31150
7577,21630
7578,-58975
7579,-30485
7580,-51975
7581,7175
7582,24850
7583,27265
7584,-15085
7585,-14315
7586,-6755
7587,-38290
7588,-385
7589,17535
7590,-17570
7591,-47145
7592,8400
7593,-65100
7594,2835
7595,-61635
7596,-36085
7597,27335
7598,-23730
7599,32200
7600,-14350
7601,-55510
7602,9310
7603,-15120
7604,-19005
7605,-42035
7606,-3220
7607,-5985
7608,12915
7609,-64470
7610,-62475
7611,-47705
7612,-35910
7613,-25410
7614,-42560
7615,-38745
7616,-38675
7617,-54355
7618,-20090
7619,5355
7620,-4690
7621,26180
7622,19355
7623,-83930
7624,-68355
7625,7245
7626,-38360
7627,10115
7628,-13790
7629,4060
7630,700
7631,-26880
7632,-46095
7633,-19040
7634,-79065
7635,-25550
7636,-37065
7637,10465
7638,-26985
7639,27545
7640,-41335
7641,41405
7642,-54845
7643,-37695
7644,-42595
7645,-15015
7646,-83020
7647,5985
7648,-45115
7649,-53095
7650,18340
7651,-33810
7652,32620
7653,-73150
7654,-10395
7655,-2065
7656,-51975
7657,-15435
7658,-27125
7659,-9450
7660,-65730
7661,11200
7662,6895
7663,45360
7664,-46480
7665,-6510
7666,38850
7667,-30835
7668,-34650
7669,-11235
7670,-40565
7671,-33495
7672,-50470
7673,-39935
7674,-31290
7675,-875
7676,4375
7677,245
7678,-26040
7679,-21245
7680,2485
7681,-3150
7682,16765
7683,22785
7684,-73955
7685,8330
7686,-66885
7687,16065
7688,-29330
7689,-21700
7690,30940
7691,-63525
7692,-52430
7693,-63770
7694,-24780
7695,14875
7696,14525
7697,-30065
7698,-44765
7699,6055
7700,6895
7701,665
7702,31500
7703,-39935
7704,-39550
7705,-48195
7706,-35735
7707,28035
7708,28035
7709,-36015
7710,-15890
7711,-26075
7712,-41475
7713,-85960
7714,-26075
7715,5985
7716,-29995
7717,-90265
7718,-36190
7719,19040
7720,-56525
7721,-24080
7722,10465
7723,-16485
7724,-107520
7725,-19215
7726,-6720
7727,10185
7728,-28980
7729,-105980
7730,-35175
7731,-10885
7732,-5950
7733,-16975
7734,-23240
7735,-1155
7736,-50960
7737,-11795
7738,-34685
7739,-38080
7740,-71400
7741,-28280
7742,38535
7743,-27335
7744,27405
7745,-41265
7746,2940
7747,-14945
7748,35350
7749,17990
7750,-27475
7751,-91525
7752,-63420
7753,-20860
7754,-22050
7755,-45430
7756,28595
7757,14000
7758,-30835
7759,24710
7760,-14560
7761,-31255
7762,-66745
7763,-21070
7764,-41055
7765,8820
7766,3920
7767,3745
7768,-22610
7769,11970
7770,-24920
7771,7140
7772,-23730
7773,-7805
7774,13685
7775,-29890
7776,-7315
7777,-34370
7778,-1470
7779,-74235
7780,25270
7781,-59745
7782,-36295
7783,34125
7784,-38675
7785,8365
7786,14770
7787,-19810
7788,-7210
7789,23695
7790,-39375
7791,-44940
7792,-14070
7793,-20860
7794,-54215
7795,-14245
7796,-6860
7797,8855
7798,-23975
7799,2520
7800,-1400
7801,-7175
7802,-7875
7803,-29575
7804,12390
7805,-22330
7806,2310
7807,-23905
7808,19740
7809,12845
7810,-6860
7811,-15225
7812,12320
7813,-58905
7814,6580
7815,9730
7816,-3605
7817,-25515
7818,-31955
7819,-35385
7820,-54880
7821,-75180
7822,-36610
7823,-5075
7824,-1610
7825,-14770
7826,6685
7827,-15225
7828,-62020
7829,-39270
7830,-41510
7831,-34230
7832,-4270
7833,-57645
7834,11025
7835,22575
7836,4935
7837,-48405
7838,-34685
7839,14525
7840,-17430
7841,11725
7842,-19635
7843,-46095
7844,-10115
7845,-21910
7846,-37345
7847,22155
7848,25830
7849,14000
7850,-12530
7851,38815
7852,-32200
7853,18865
7854,-27160
7855,-8295
7856,-26950
7857,-54390
7858,840
7859,-2100
7860,-45045
7861,-1190
7862,14665
7863,5915
7864,18060
7865,-31185
7866,-43715
7867,32655
7868,-80360
7869,-71680
7870,-3850
7871,46340
7872,-31500
7873,25725
7874,-33810
7875,29435
7876,-40530
7877,-72030
7878,-18795
7879,-53690
7880,-5215
7881,-11095
7882,17850
7883,42315
7884,-33985
7885,-49245
7886,-14455
7887,-39970
7888,9590
7889,-9695
7890,1785
7891,-60585
7892,-27055
7893,-6720
7894,-21910
7895,595
7896,-11795
7897,22995
7898,13125
7899,-5180
7900,-8820
7901,-11515
7902,2835
7903,-20930
7904,12915
7905,1680
7906,30555
7907,-19985
7908,-38500
7909,-46200
7910,21315
7911,-10920
7912,-1750
7913,-53410
7914,-40145
7915,-27195
7916,-18760
7917,4095
7918,560
7919,21035
7920,-43960
7921,48580
7922,14175
7923,-113015
7924,13650
7925,-58100
7926,-28420
7927,-31920
7928,-16065
7929,-18060
7930,-41895
7931,2940
7932,-26985
7933,-72940
7934,3850
7935,2590
7936,2345
7937,-11865
7938,5635
7939,16485
7940,1155
7941,-18340
7942,-100275
7943,-45500
7944,-24885
7945,-80675
7946,-47040
7947,-55545
7948,12495
7949,-1890
7950,-1575
7951,17920
7952,34125
7953,-8960
7954,-58590
7955,-40670
7956,-36890
7957,2450
7958,9205
7959,8120
7960,-10955
7961,-65275
7962,-14945
7963,-32725
7964,-67445
7965,-27825
7966,-66850
7967,-10920
7968,11830
7969,-24640
7970,-51275
7971,-101745
7972,3570
7973,16030
7974,-6790
7975,-57890
7976,-7840
7977,37135
7978,15680
7979,-7280
7980,-37275
7981,-7140
7982,-53305
7983,-14070
7984,-39340
7985,-14490
7986,11165
7987,-8155
7988,175
7989,-37660
7990,-23590
7991,-70105
7992,-8400
7993,12180
7994,-31605
7995,13475
7996,-20615
7997,-66605
7998,5985
7999,8540
8000,36645
8001,-8540
8002,875
8003,-64855
8004,1540
8005,-35280
8006,-29470
8007,-30660
8008,-9730
8009,-40180
8010,1190
8011,-33390
8012,-77140
8013,-21140
8014,-21490
8015,-99155
8016,-2310
8017,-11130
8018,-2590
8019,-98280
8020,14595
8021,-8260
8022,-22575
8023,-90405
8024,-66290
8025,-25900
8026,-22995
8027,-99715
8028,-33145
8029,-62860
8030,-23625
8031,-48860
8032,-6300
8033,-18515
8034,-33775
8035,-7840
8036,-16765
8037,-32690
8038,7175
8039,-25760
8040,-60620
8041,-13335
8042,-32725
8043,11760
8044,-28875
8045,-27020
8046,-7035
8047,490
8048,-37065
8049,-18970
8050,-32760
8051,-55580
8052,-46760
8053,-52465
8054,7455
8055,2345
8056,-5145
8057,-67095
8058,-48020
8059,-34720
8060,3675
8061,-105770
8062,-48580
8063,-33985
8064,3850
8065,-28700
8066,17990
8067,-31185
8068,20545
8069,10710
8070,-41930
8071,-43295
8072,-40530
8073,-28105
8074,-37415
8075,-22330
8076,-10780
8077,-29470
8078,-40565
8079,-3185
8080,-44800
8081,-47460
8082,-18795
8083,4515
8084,13545
8085,-21665
8086,-63315
8087,-17885
8088,-28245
8089,-21350
8090,-10605
8091,-7175
8092,-27825
8093,33075
8094,6860
8095,-33005
8096,-10360
8097,-6370
8098,32025
8099,-50085
8100,32725
8101,38220
8102,-57260
8103,-58520
8104,-24920
8105,-17465
8106,-17640
8107,-10010
8108,9835
8109,-40215
8110,-29015
8111,16625
8112,-35315
8113,-3255
8114,-42000
8115,-75565
8116,23240
8117,-25935
8118,-4970
8119,-18200
8120,-35910
8121,-71750
8122,-3675
8123,31815
8124,3640
8125,-2275
8126,-2065
8127,20650
8128,-55265
8129,-45325
8130,7420
8131,14770
8132,-19565
8133,-5390
8134,27825
8135,-50785
8136,-13300
8137,16870
8138,-7560
8139,-28910
8140,-48055
8141,-21210
8142,-37380
8143,-43295
8144,-39830
8145,-95060
8146,-8155
8147,-13510
8148,-48615
8149,-9520
8150,-3780
8151,-66010
8152,-43120
8153,-33880
8154,32515
8155,-25760
8156,-24990
8157,-33495
8158,11690
8159,-57925
8160,-63000
8161,-59185
8162,-16415
8163,-57820
8164,-6055
8165,21665
8166,-34160
8167,-27055
8168,-15925
8169,10290
8170,-83860
8171,7700
8172,12390
8173,-18375
8174,-10080
8175,-9625
8176,18340
8177,20475
8178,-3745
8179,-33005
8180,22435
8181,17500
8182,385
8183,-12635
8184,-11655
8185,-7490
8186,-61880
8187,-6545
8188,4410
8189,-11060
8190,-48895
8191,38255
8192,33110
8193,-57855
8194,-42105
8195,-40985
8196,-2905
8197,-18515
8198,3115
8199,-32760
8200,-47250
8201,-5250
8202,5740
8203,-66360
8204,13405
8205,10255
8206,21210
8207,-26600
8208,5180
8209,-68985
8210,-72765
8211,-13930
8212,-46655
8213,8505
8214,15225
8215,7210
8216,10220
8217,-46340
8218,-40005
8219,31185
8220,-14735
8221,-4830
8222,-16765
8223,-8890
8224,-4900
8225,29260
8226,-49490
8227,-49070
8228,-10500
8229,-20300
8230,-103600
8231,-10920
8232,-11585
8233,14000
8234,-63315
8235,-18270
8236,-46970
8237,-60830
8238,9275
8239,-49910
8240,-5740
8241,-23660
8242,-35875
8243,5390
8244,49350
8245,-37275
8246,-25900
8247,-83440
8248,-59115
8249,-22645
8250,-15960
8251,-14420
8252,-8260
8253,9590
8254,-15855
8255,-91805
8256,-30765
8257,32515
8258,-75845
8259,9870
8260,5460
8261,-76230
8262,-20405
8263,-83090
8264,-73675
8265,2275
8266,9100
8267,-1155
8268,-10290
8269,-45395
8270,23905
8271,11375
8272,-37905
8273,-32515
8274,-39095
8275,17675
8276,-4830
8277,17675
8278,-74270
8279,-45535
8280,-15610
8281,-30170
8282,-38150
8283,-35455
8284,22820
8285,5110
8286,-10920
8287,-10290
8288,-12495
8289,-66325
8290,-58380
8291,-53900
8292,-9975
8293,-47670
8294,-9555
8295,-94570
8296,-64365
8297,-8680
8298,9660
8299,-23310
8300,-37765
8301,-24010
8302,-13125
8303,-34370
8304,-4585
8305,-27650
8306,-26040
8307,35280
8308,-51170
8309,-62650
8310,7980
8311,-25620
8312,-27475
8313,-17045
8314,12005
8315,-52955
8316,-31780
8317,-19355
8318,-30870
8319,-60550
8320,-8120
8321,-28525
8322,-54040
8323,-12460
8324,-14315
8325,12005
8326,38955
8327,38640
8328,-62020
8329,14560
8330,-46865
8331,-43890
8332,-27405
8333,-23730
8334,-19460
8335,-2730
8336,-19145
8337,-23030
8338,-7210
8339,-27930
8340,-75810
8341,-16730
8342,-42350
8343,10990
8344,-51415
8345,-43610
8346,-40810
8347,-82810
8348,-30730
8349,-15015
8350,-58730
8351,37555
8352,2660
8353,41965
8354,32655
8355,-10815
8356,13440
8357,14175
8358,-10675
8359,-34195
8360,-39095
8361,-24465
8362,-11200
8363,-82880
8364,-18305
8365,-65625
8366,-31780
8367,-8995
8368,-29785
8369,-38710
8370,-14980
8371,350
8372,-28070
8373,-4795
8374,1505
8375,-66325
8376,-27335
8377,-6615
8378,9030
8379,-14525
8380,-7525
8381,-18900
8382,23450
8383,22925
8384,-44240
8385,16765
8386,-106575
8387,-53130
8388,-26180
8389,-28350
8390,-19005
8391,11795
8392,-9590
8393,-25620
8394,-49630
8395,-8295
8396,-39235
8397,-10885
8398,-38395
8399,3535
8400,-32025
8401,-56490
8402,3990
8403,-88025
8404,25165
8405,20650
8406,-26530
8407,-50540
8408,-17360
8409,13965
8410,30240
8411,17745
8412,12180
8413,-4760
8414,-35455
8415,38150
8416,-41300
8417,-43120
8418,-72240
8419,39410
8420,-18690
8421,-21840
8422,-12425
8423,-14245
8424,-34790
8425,-22750
8426,37695
8427,-7280
8428,-42595
8429,25760
8430,-34020
8431,-15155
8432,-11305
8433,-15260
8434,-25165
8435,32690
8436,-6055
8437,27755
8438,-31710
8439,-53305
8440,18795
8441,-25410
8442,-16695
8443,13895
8444,-45745
8445,-41300
8446,45535
8447,-12880
8448,-30940
8449,-19985
8450,15645
8451,27545
8452,-57050
8453,-52815
8454,-31675
8455,-5145
8456,-11795
8457,6755
8458,-20825
8459,-64400
8460,11445
8461,-38955
8462,-21525
8463,-58905
8464,-42525
8465,44065
8466,-210
8467,47530
8468,-3745
8469,-35665
8470,-8295
8471,3710
8472,-29680
8473,6055
8474,420
8475,9835
8476,-35875
8477,3640
8478,-3430
8479,10570
8480,-37660
8481,-23170
8482,8155
8483,-26075
8484,-57540
8485,7665
8486,5425
8487,16660
8488,-22050
8489,-32970
8490,-11900
8491,-31955
8492,-26005
8493,-19425
8494,29295
8495,-79520
8496,-26145
8497,15015
8498,-44800
8499,-4305
8500,-19705
8501,-32620
8502,46830
8503,-81900
8504,-6755
8505,-33845
8506,-5775
8507,-26635
8508,14245
8509,15190
8510,-47985
8511,16065
8512,-88235
8513,-42245
8514,-57155
8515,-2275
8516,-76825
8517,-13895
8518,-37765
8519,-25620
8520,-50435
8521,-4935
8522,-48300
8523,-21560
8524,-31010
8525,5145
8526,6510
8527,-4515
8528,35315
8529,58275
8530,-21560
8531,-8365
8532,3640
8533,-3185
8534,12950
8535,-13195
8536,30030
8537,34195
8538,2170
8539,-10605
8540,-45325
8541,23975
8542,30485
8543,-40355
8544,-35560
8545,-58310
8546,16905
8547,18725
8548,-29505
8549,-33075
8550,-13405
8551,3290
8552,-13930
8553,-350
8554,-46270
8555,-55860
8556,-25410
8557,18760
8558,16905
8559,-76965
8560,-45185
8561,-60200
8562,-56980
8563,-20265
8564,-6650
8565,-30555
8566,-6615
8567,2310
8568,-88970
8569,-43225
8570,-11585
8571,22260
8572,-17570
8573,10675
8574,4970
8575,-9170
8576,-6615
8577,-23590
8578,36225
8579,-35630
8580,2380
8581,4410
8582,1050
8583,-7665
8584,-16800
8585,10920
8586,-60620
8587,-1645
8588,11690
8589,17570
8590,-12390
8591,21945
8592,-3675
8593,-21000
8594,-6230
8595,-19390
8596,-1610
8597,-52395
8598,48825
8599,-4060
8600,-1085
8601,-24220
8602,-48965
8603,-9625
8604,-64435
8605,-28630
8606,23450
8607,-110740
8608,-24220
8609,-44380
8610,12390
8611,-64470
8612,-11025
8613,-43680
8614,-25445
8615,-22330
8616,-9625
8617,3815
8618,-2590
8619,3920
8620,-2240
8621,-74270
8622,-44170
8623,-38500
8624,-49140
8625,-3430
8626,-19390
8627,-39690
8628,-7000
8629,-35455
8630,-44730
8631,-44905
8632,-16905
8633,2415
8634,-57995
8635,-45535
8636,-18060
8637,-34965
8638,2625
8639,-15015
8640,-12915
8641,-30345
8642,-16100
8643,23905
8644,-49210
8645,-10080
8646,-6335
8647,-27965
8648,-8050
8649,8120
8650,-8960
8651,-58100
8652,-40215
8653,-30135
8654,-47670
8655,-13685
8656,3045
8657,22610
8658,-69195
8659,-7770
8660,-44520
8661,-52465
8662,-5250
8663,-26460
8664,13405
8665,-12565
8666,19390
8667,15365
8668,20265
8669,12250
8670,-7840
8671,-30870
8672,1470
8673,-8785
8674,-21175
8675,2765
8676,17010
8677,-19705
8678,-10010
8679,7000
8680,-18900
8681,22855
8682,-22435
8683,-37450
8684,-92995
8685,-49560
8686,-33600
8687,19460
8688,-38920
8689,11585
8690,5530
8691,29715
8692,-5250
8693,-1050
8694,-3920
8695,13195
8696,5285
8697,-63735
8698,-29470
8699,-66570
8700,-6020
8701,-17955
8702,-13335
8703,-52290
8704,-1225
8705,30870
8706,-51590
8707,-70
8708,-23870
8709,-28210
8710,-3255
8711,-35875
8712,-4375
8713,-78610
8714,40145
8715,20440
8716,-99575
8717,-69510
8718,-91770
8719,18935
8720,-19180
8721,13685
8722,15645
8723,-73885
8724,27790
8725,-13370
8726,-28560
8727,25865
8728,8015
8729,-3850
8730,-5005
8731,9170
8732,-15365
8733,-42770
8734,46130
8735,-68600
8736,735
8737,23135
8738,22890
8739,-52990
8740,3360
8741,9905
8742,-5635
8743,29015
8744,35980
8745,-27265
8746,-83755
8747,5110
8748,-17885
8749,-26040
8750,-47145
8751,4830
8752,-11235
8753,-2310
8754,-70070
8755,26110
8756,-77560
8757,5110
8758,-25795
8759,10325
8760,-8295
8761,19180
8762,-68915
8763,-37695
8764,-65835
8765,-65380
8766,-23975
8767,-37030
8768,-32305
8769,-7455
8770,-16030
8771,-26145
8772,-65660
8773,39410
8774,-49490
8775,-18410
8776,-525
8777,35315
8778,-12390
8779,-31605
8780,48125
8781,-5250
8782,-35525
8783,-32305
8784,5075
8785,-40495
8786,8330
8787,-12040
8788,-28210
8789,-26810
8790,-21070
8791,-51590
8792,-7280
8793,-47530
8794,-56105
8795,-28805
8796,-8225
8797,-64680
8798,-10850
8799,2345
8800,-37835
8801,-41825
8802,31850
8803,-1960
8804,-7420
8805,-42910
8806,-34545
8807,7175
8808,-32970
8809,-67060
8810,9870
8811,-46305
8812,-3325
8813,-42350
8814,17115
8815,-6195
8816,-81270
8817,-3220
8818,4585
8819,-44695
8820,-12635
8821,-6930
8822,-13790
8823,10010
8824,20405
8825,-13055
8826,11480
8827,5530
8828,-42665
8829,-62335
8830,19355
8831,1925
8832,-16485
8833,-46900
8834,5670
8835,-1155
8836,-5040
8837,-38080
8838,-36260
8839,34685
8840,10780
8841,-42315
8842,-25585
8843,-6930
8844,31185
8845,-100310
8846,15960
8847,-24780
8848,-25270
8849,-16835
8850,5810
8851,3710
8852,-1505
8853,42245
8854,-100275
8855,-74130
8856,-32305
8857,-91245
8858,4200
8859,-16380
8860,18585
8861,-23835
8862,-46165
8863,2590
8864,9345
8865,-6440
8866,-26320
8867,-12915
8868,-46690
8869,-26670
8870,17185
8871,-41510
8872,-6825
8873,-44940
8874,-7805
8875,-3850
8876,-39235
8877,50330
8878,-11375
8879,-4095
8880,27370
8881,-43645
8882,-20545
8883,-12390
8884,19250
8885,6930
8886,-27125
8887,-78295
8888,11900
8889,36995
8890,4025
8891,-74340
8892,-6720
8893,-49455
8894,-46585
8895,23555
8896,595
8897,-23765
8898,-66255
8899,9730
8900,-61775
8901,-18690
8902,-39900
8903,-43085
8904,9310
8905,-1330
8906,17535
8907,10255
8908,-25550
8909,-12425
8910,6895
8911,2730
8912,-7525
8913,5775
8914,19985
8915,19705
8916,6895
8917,0
8918,16380
8919,-38465
8920,17185
8921,-71505
8922,29085
8923,-3045
8924,18305
8925,4165
8926,-84945
8927,-74340
8928,-37660
8929,-33950
8930,8855
8931,-123340
8932,15435
8933,-14525
8934,25060
8935,-14770
8936,-73955
8937,-29680
8938,30975
8939,-35280
8940,-3465
8941,-10290
8942,-11025
8943,5215
8944,17080
8945,-50015
8946,-6440
8947,-7805
8948,-50925
8949,-46865
8950,2765
8951,-77105
8952,3570
8953,-28805
8954,10185
8955,27300
8956,-19915
8957,-37695
8958,-28980
8959,-40530
8960,-35560
8961,-6230
8962,-12880
8963,-4970
8964,3150
8965,-19355
8966,31780
8967,-17325
8968,-5565
8969,-35105
8970,24605
8971,-25550
8972,-25270
8973,-16275
8974,-7350
8975,-28840
8976,-39200
8977,-61355
8978,-15470
8979,-20195
8980,-19950
8981,-76965
8982,-71505
8983,21875
8984,19845
8985,-36680
8986,-10115
8987,58660
8988,-44100
8989,-92820
8990,-28525
8991,2625
8992,26005
8993,-49105
8994,-6475
8995,-21315
8996,6545
8997,17360
8998,-31780
8999,-69230
9000,-34895
9001,-38220
9002,-5110
9003,-24465
9004,-5670
9005,5215
9006,17080
9007,1785
9008,6440
9009,3360
9010,-2800
9011,-20195
9012,-23380
9013,-8120
9014,4585
9015,-3185
9016,-61460
9017,-28875
9018,-210
9019,-40740
9020,31535
9021,-3045
9022,-11095
9023,22120
9024,-15015
9025,-13965
9026,12635
9027,-28560
9028,-15155
9029,-8785
9030,-21280
9031,-31430
9032,-69475
9033,-11305
9034,-11200
9035,28000
9036,-43715
9037,-1995
9038,-31185
9039,28000
9040,-49875
9041,-42875
9042,7840
9043,-60655
9044,-44520
9045,12425
9046,15365
9047,2625
9048,50540
9049,-33040
9050,-49980
9051,945
9052,-58695
9053,23555
9054,-7035
9055,-12460
9056,-20020
9057,-27335
9058,-9695
9059,20965
9060,22750
9061,-17640
9062,-64155
9063,25165
9064,-33390
9065,-45465
9066,-86310
9067,-61320
9068,840
9069,-29120
9070,-33040
9071,8400
9072,-25445
9073,-16275
9074,-11235
9075,40740
9076,25445
9077,-31150
9078,-55685
9079,-39900
9080,3640
9081,-40460
9082,29190
9083,-31080
9084,13755
9085,-35805
9086,-33600
9087,20580
9088,-20265
9089,50330
9090,-3360
9091,-30800
9092,-34265
9093,-44275
9094,-39795
9095,-8120
9096,-64190
9097,-27825
9098,-2100
9099,455
9100,24710
9101,8190
9102,1610
9103,-19145
9104,-60165
9105,-31535
9106,17850
9107,-39340
9108,-6405
9109,-27930
9110,-37835
9111,-18865
9112,-12075
9113,-18970
9114,-12775
9115,-44765
9116,8050
9117,1925
9118,9800
9119,5635
9120,-45290
9121,-59360
9122,-15365
9123,27615
9124,-35000
9125,-40390
9126,16205
9127,11235
9128,-78925
9129,-53550
9130,-6965
9131,-91280
9132,-37450
9133,-25130
9134,25025
9135,18270
9136,-94815
9137,-6755
9138,-46655
9139,-9030
9140,-2415
9141,-12495
9142,-38640
9143,-24535
9144,13965
9145,-42910
9146,-34125
9147,6650
9148,-11515
9149,-40180
9150,33635
9151,-65345
9152,41055
9153,-40565
9154,-9345
9155,-35595
9156,11095
9157,-20930
9158,-15015
9159,-30975
9160,31850
9161,-15400
9162,-63490
9163,-3605
9164,-38745
9165,15050
9166,-23730
9167,14315
9168,-90650
9169,29820
9170,-39060
9171,-12635
9172,-315
9173,-20405
9174,-28315
9175,-11865
9176,-33320
9177,-51800
9178,3990
9179,-64400
9180,-28770
9181,-28875
9182,1470
9183,-4725
9184,-26915
9185,8505
9186,-40810
9187,-34965
9188,-2065
9189,5390
9190,33075
9191,34860
9192,-98070
9193,13685
9194,22015
9195,-19810
9196,19880
9197,10535
9198,-41580
9199,13370
9200,-21735
9201,-61320
9202,-38885
9203,-29645
9204,-43750
9205,-48965
9206,1820
9207,-37835
9208,20895
9209,-27615
9210,-805
9211,-2135
9212,4200
9213,-38290
9214,-4900
9215,-28595
9216,35665
9217,-44905
9218,-8330
9219,-78960
9220,17500
9221,-66920
9222,-29085
9223,-8085
9224,-22610
9225,-7875
9226,41125
9227,-92995
9228,-48685
9229,-8225
9230,-8015
9231,-945
9232,16275
9233,-28630
9234,-42560
9235,-39130
9236,-11480
9237,-35000
9238,-12915
9239,40285
9240,-11305
9241,-28315
9242,-52920
9243,-24465
9244,-83335
9245,41510
9246,-19040
9247,4445
9248,4130
9249,-16240
9250,13790
9251,-28315
9252,-21805
9253,-46025
9254,-39060
9255,-11200
9256,-1435
9257,24535
9258,-36435
9259,10745
9260,-5670
9261,-15785
9262,-2870
9263,26355
9264,2695
9265,36330
9266,-32655
9267,3185
9268,14735
9269,11515
9270,-18830
9271,41160
9272,-4165
9273,-19390
9274,-82635
9275,29505
9276,-8540
9277,-52115
9278,7700
9279,-41580
9280,-2800
9281,-36400
9282,-17885
9283,-55790
9284,24815
9285,-56280
9286,-44310
9287,40320
9288,-94885
9289,-26565
9290,-25830
9291,-58030
9292,-30905
9293,-43750
9294,-39655
9295,16765
9296,24220
9297,-315
9298,-65940
9299,-36190
9300,-42630
9301,-7840
9302,-68530
9303,14035
9304,-97020
9305,14665
9306,-91245
9307,-17745
9308,-57785
9309,29295
9310,26425
9311,-350
9312,32025
9313,-1050
9314,-19670
9315,-5040
9316,11270
9317,14315
9318,-2975
9319,-99540
9320,44065
9321,9135
9322,-38220
9323,-38325
9324,-36015
9325,-7735
9326,20195
9327,-52010
9328,2555
9329,-70175
9330,-8715
9331,-68530
9332,-8330
9333,-56665
9334,-92155
9335,-73815
9336,6790
9337,-39410
9338,-58730
9339,2835
9340,-48790
9341,-28735
9342,-10535
9343,-41440
9344,-64820
9345,-15750
9346,30520
9347,-58415
9348,-20020
9349,15680
9350,-1610
9351,5880
9352,18165
9353,-43960
9354,-30765
9355,-27790
9356,-55650
9357,-16940
9358,-12320
9359,-31045
9360,-38115
9361,-26285
9362,1995
9363,-38500
9364,-21070
9365,8260
9366,16135
9367,-15260
9368,-19985
9369,-63910
9370,-79940
9371,-40355
9372,-14525
9373,-79310
9374,-8890
9375,-27335
9376,-12985
9377,-24745
9378,-89740
9379,-49070
9380,-12355
9381,18410
9382,-36890
9383,-5075
9384,-75320
9385,-33460
9386,-11060
9387,-41930
9388,-1925
9389,-20265
9390,-840
9391,-46865
9392,-32865
9393,27580
9394,-55300
9395,-7700
9396,16660
9397,-82530
9398,-57680
9399,-39865
9400,-65695
9401,-33810
9402,-7840
9403,-43610
9404,-32025
9405,-1820
9406,-25865
9407,-23695
9408,-26005
9409,-15015
9410,455
9411,16100
9412,-16905
9413,-17955
9414,14455
9415,-75530
9416,29330
9417,18935
9418,-20930
9419,-19215
9420,25900
9421,-20440
9422,-4060
9423,-46305
9424,-92085
9425,-77525
9426,-57190
9427,-700
9428,20160
9429,-53025
9430,3010
9431,20895
9432,15330
9433,-107275
9434,2345
9435,-33215
9436,47530
9437,-4235
9438,-60305
9439,-42945
9440,19425
9441,-20440
9442,-6930
9443,-16660
9444,-34860
9445,3290
9446,-29575
9447,-43540
9448,8015
9449,-25690
9450,-55055
9451,-44940
9452,-14770
9453,9275
9454,3150
9455,-23030
9456,33950
9457,-9555
9458,-48895
9459,-14595
9460,-4200
9461,-30625
9462,13650
9463,-11970
9464,-35805
9465,-12705
9466,23835
9467,-25935
9468,-7175
9469,-24955
9470,14945
9471,2660
9472,-37415
9473,-44205
9474,-52430
9475,-41335
9476,-133105
9477,-1785
9478,-33215
9479,13265
9480,27055
9481,-53130
9482,38465
9483,-1575
9484,22365
9485,-24185
9486,-32480
9487,945
9488,-42420
9489,-7280
9490,-48930
9491,50120
9492,7665
9493,-22890
9494,-9310
9495,17535
9496,-57155
9497,-23625
9498,10815
9499,-49385
9500,-10885
9501,-62440
9502,2765
9503,980
9504,36925
9505,29435
9506,-48930
9507,41090
9508,6615
9509,-455
9510,-49665
9511,20125
9512,-8715
9513,770
9514,14595
9515,31115
9516,-64260
9517,18865
9518,-105875
9519,-59990
9520,-38220
9521,-36680
9522,18865
9523,-7805
9524,-8855
9525,18515
9526,-29575
9527,13440
9528,-39130
9529,-16240
9530,5180
9531,-56840
9532,-1225
9533,-52185
9534,-13615
9535,14805
9536,-46340
9537,560
9538,17290
9539,-68215
9540,-60620
9541,13265
9542,10815
9543,16520
9544,-40355
9545,-27860
9546,-22785
9547,-8120
9548,30905
9549,-12635
9550,-52080
9551,22785
9552,44660
9553,-34510
9554,0
9555,-39830
9556,-24640
9557,-29470
9558,5005
9559,22155
9560,-78155
9561,39095
9562,18445
9563,-5635
9564,-19075
9565,-43925
9566,-1085
9567,-17640
9568,13825
9569,21665
9570,-4235
9571,27650
9572,-18760
9573,-12215
9574,-71925
9575,-15785
9576,-2940
9577,14105
9578,46655
9579,-45885
9580,-15680
9581,-9800
9582,-61635
9583,-68565
9584,24325
9585,-55650
9586,-20160
9587,-46165
9588,-60445
9589,-45570
9590,-81585
9591,-15750
9592,25935
9593,945
9594,-82635
9595,14280
9596,-19635
9597,-21945
9598,21735
9599,-51905
9600,-49735
9601,175
9602,17570
9603,7875
9604,-8365
9605,-51975
9606,-11305
9607,-4865
9608,23730
9609,-35630
9610,-7140
9611,-2590
9612,11060
9613,22610
9614,-14700
9615,-37415
9616,21595
9617,-56455
9618,-40250
9619,46830
9620,5950
9621,-35805
9622,-45115
9623,6055
9624,-102620
9625,-18830
9626,12250
9627,-10885
9628,18235
9629,-39935
9630,2135
9631,-33320
9632,14175
9633,16800
9634,-15120
9635,-25025
9636,-9415
9637,4235
9638,-21140
9639,-33425
9640,-49175
9641,14070
9642,-43855
9643,-73430
9644,6265
9645,385
9646,-30380
9647,-13335
9648,-94465
9649,-45115
9650,-5145
9651,-24465
9652,-41615
9653,-28805
9654,-41230
9655,-74900
9656,-19110
9657,-54705
9658,21595
9659,23730
9660,-21910
9661,-43610
9662,23590
9663,-21910
9664,-36610
9665,-4795
9666,6545
9667,6615
9668,11410
9669,-79310
9670,-77945
9671,19460
9672,-63840
9673,-3850
9674,-65555
9675,-100205
9676,17990
9677,-70665
9678,-12460
9679,-104545
9680,-46830
9681,-15540
9682,-36715
9683,-9660
9684,24290
9685,5075
9686,-18130
9687,-54180
9688,-27580
9689,-38010
9690,-31150
9691,-25410
9692,-1365
9693,-13650
9694,-72905
9695,-37030
9696,-18970
9697,15925
9698,-25270
9699,1260
9700,2730
9701,-7245
9702,-38395
9703,-14420
9704,-19075
9705,-53305
9706,19005
9707,8225
9708,-59955
9709,33040
9710,-43925
9711,-7280
9712,1855
9713,-12670
9714,-28175
9715,15680
9716,8645
9717,-280
9718,-36610
9719,-17535
9720,-13860
9721,-35665
9722,-55300
9723,1015
9724,2730
9725,-69510
9726,43190
9727,-37380
9728,16380
9729,14245
9730,9310
9731,-75005
9732,23870
9733,-385
9734,51730
9735,-66885
9736,-55265
9737,14315
9738,13685
9739,4200
9740,-17430
9741,-19320
9742,-59150
9743,-18445
9744,4165
9745,-63735
9746,-44555
9747,20055
9748,14735
9749,22750
9750,18760
9751,-14805
9752,-26180
9753,-3255
9754,10535
9755,-30240
9756,-26250
9757,-45850
9758,-34510
9759,-75075
9760,-47600
9761,10080
9762,8540
9763,11165
9764,-9520
9765,-69650
9766,-6090
9767,1120
9768,-1575
9769,-65100
9770,-280
9771,-16380
9772,-45570
9773,-35175
9774,-77035
9775,-49560
9776,10430
9777,-48790
9778,-25620
9779,-805
9780,-60270
9781,2135
9782,-42665
9783,-55230
9784,-14595
9785,23380
9786,18970
9787,-42315
9788,-46865
9789,-66045
9790,11760
9791,16380
9792,-88410
9793,-44030
9794,-9205
9795,1505
9796,-17990
9797,-57260
9798,-26985
9799,-31535
9800,-28560
9801,20370
9802,44100
9803,-135800
9804,-52185
9805,36855
9806,-10045
9807,-58345
9808,-21245
9809,-3780
9810,27685
9811,-3395
9812,-61005
9813,-4900
9814,-16940
9815,-28805
9816,-51240
9817,24290
9818,-14455
9819,-30380
9820,-33740
9821,-21595
9822,41930
9823,6510
9824,32095
9825,-24150
9826,13090
9827,-54915
9828,6405
9829,-35175
9830,-35595
9831,30240
9832,-89040
9833,-19495
9834,-43785
9835,22925
9836,-15225
9837,-4130
9838,-46655
9839,-78960
9840,5355
9841,-12145
9842,-45570
9843,-53095
9844,-58520
9845,-50750
9846,-33215
9847,-24115
9848,-7420
9849,-29960
9850,-36050
9851,-21630
9852,3710
9853,12005
9854,-37590
9855,16170
9856,-31150
9857,-37135
9858,-58135
9859,-52710
9860,-22925
9861,-31465
9862,875
9863,2345
9864,38360
9865,-60690
9866,9905
9867,-64260
9868,24395
9869,5670
9870,18515
9871,9275
9872,8820
9873,-4900
9874,-23940
9875,-17780
9876,-38570
9877,-56385
9878,30555
9879,19565
9880,12565
9881,31255
9882,-20125
9883,37730
9884,5145
9885,15785
9886,-15925
9887,-57295
9888,7875
9889,-31885
9890,-44660
9891,-22925
9892,-19005
9893,-35560
9894,-18060
9895,1295
9896,12950
9897,-15190
9898,44170
9899,40215
9900,-51940
9901,-85155
9902,31605
9903,34055
9904,-16660
9905,-76265
9906,-32760
9907,-6475
9908,-39970
9909,-29190
9910,-55685
9911,-2555
9912,26145
9913,-8400
9914,-41125
9915,-59080
9916,-2100
9917,-3710
9918,-19740
9919,-27265
9920,-35105
9921,5040
9922,-45990
9923,-36715
9924,7560
9925,-20510
9926,-80920
9927,9310
9928,-18480
9929,32130
9930,-30940
9931,-17570
9932,19180
9933,-33950
9934,-34160
9935,-41405
9936,-15820
9937,-77385
9938,-30100
9939,-34965
9940,45570
9941,-86800
9942,26565
9943,-14000
9944,-10010
9945,-24045
9946,-33215
9947,-58485
9948,-69650
9949,-8610
9950,-26810
9951,-45780
9952,-17605
9953,-48685
9954,-47110
9955,-10325
9956,-40110
9957,6650
9958,26565
9959,-22855
9960,-51660
9961,-21700
9962,-59115
9963,-9835
9964,36435
9965,-58590
9966,-45010
9967,-665
9968,6405
9969,-41685
9970,5705
9971,-17360
9972,-18725
9973,3955
9974,-37205
9975,15470
9976,-48440
9977,-43260
9978,-6090
9979,-100800
9980,-1295
9981,-48230
9982,26600
9983,-88340
9984,20125
9985,12250
9986,36995
9987,-18865
9988,-42700
9989,-12250
9990,19250
9991,-32165
9992,3990
9993,-38290
9994,-49945
9995,-51555
9996,-14840
9997,-43155
9998,-11340
9999,-33600
10000,-22680
10001,-49070
10002,-31430
10003,-3010
10004,-54215
10005,8120
10006,-13300
10007,29820
10008,-43155
10009,-13685
10010,4760
10011,-12355
10012,-30870
10013,7980
10014,-8680
10015,-2345
10016,-11970
10017,-4235
10018,-77035
10019,-32725
10020,-4270
10021,-17080
10022,10395
10023,-28105
10024,-32305
10025,57085
10026,-22015
10027,10290
10028,3430
10029,840
10030,17885
10031,-66535
10032,-38640
10033,-92330
10034,13125
10035,-19110
10036,-82845
10037,-41265
10038,-6580
10039,-39515
10040,-20440
10041,54880
10042,-54740
10043,-14840
10044,17640
10045,8575
10046,30170
10047,455
10048,-50575
10049,-17640
10050,29645
10051,-20720
10052,-89495
10053,-54075
10054,-59150
10055,-1085
10056,-62475
10057,19810
10058,-14070
10059,23450
10060,-10220
10061,16660
10062,-16660
10063,-31115
10064,-17990
10065,-7700
10066,31955
10067,-31605
10068,-4200
10069,21175
10070,-23415
10071,-58345
10072,-28280
10073,-119070
10074,-31535
10075,735
10076,-3570
10077,18585
10078,-16800
10079,-37975
10080,-16975
10081,-455
10082,-53970
10083,-54355
10084,-18620
10085,12040
10086,6650
10087,-62405
10088,26530
10089,-46760
10090,-55125
10091,-36995
10092,-76790
10093,-28490
10094,-38850
10095,55650
10096,-14210
10097,-83090
10098,18865
10099,-28140
10100,-1855
10101,-22785
10102,-49665
10103,-33390
10104,-34440
10105,-8330
10106,21350
10107,-18970
10108,-70315
10109,-13160
10110,21315
10111,-3360
10112,-5670
10113,-15680
10114,-34335
10115,-10220
10116,-2940
10117,26180
10118,-31535
10119,-19040
10120,-78715
10121,-45920
10122,27475
10123,-34965
10124,-25270
10125,9870
10126,-23625
10127,-13055
10128,-64890
10129,39025
10130,-4270
10131,41615
10132,-12810
10133,-27895
10134,7525
10135,-54670
10136,-5075
10137,-6230
10138,-54845
10139,-8645
10140,-35700
10141,-21070
10142,-80150
10143,11480
10144,-28420
10145,28770
10146,-44555
10147,-50295
10148,23415
10149,15610
10150,-10850
10151,-38290
10152,-104965
10153,10185
10154,1470
10155,-21595
10156,26005
10157,-98490
10158,-43400
10159,-43610
10160,9415
10161,-17045
10162,-16835
10163,-18480
10164,-105455
10165,315
10166,-2450
10167,3185
10168,-28595
10169,-16275
10170,16905
10171,-27545
10172,-17500
10173,-24430
10174,9100
10175,-33075
10176,-32935
10177,-75390
10178,4410
10179,-7945
10180,-55265
10181,2275
10182,-76965
10183,-36960
10184,-3150
10185,4935
10186,-3500
10187,-11795
10188,9555
10189,-23695
10190,-26985
10191,-15435
10192,-5705
10193,35875
10194,-62230
10195,-7455
10196,-25830
10197,-44275
10198,19285
10199,5005
10200,4795
10201,42490
10202,-71890
10203,-30975
10204,9870
10205,-10745
10206,-21700
10207,-99330
10208,-75845
10209,-30065
10210,-4970
10211,-6195
10212,-40670
10213,-41860
10214,-95795
10215,5075
10216,4690
10217,-14525
10218,-44450
10219,-5880
10220,16240
10221,-34825
10222,18515
10223,12600
10224,-29715
10225,22190
10226,15120
10227,20965
10228,-15365
10229,35350
10230,5810
10231,-41930
10232,-31360
10233,-3150
10234,-39760
10235,-1190
10236,-65485
10237,-525
10238,6860
10239,-28945
10240,840
10241,-8190
10242,-12495
10243,15050
10244,-25690
10245,-53375
10246,-2240
10247,-60585
10248,-12285
10249,-18830
10250,23730
10251,5845
10252,11200
10253,-32025
10254,-22225
10255,-63140
10256,6335
10257,18410
10258,18515
10259,37870
10260,-83020
10261,-27090
10262,-71960
10263,-9065
10264,-14665
10265,-27160
10266,-46795
10267,-9660
10268,1225
10269,560
10270,-52535
10271,-1680
10272,-6405
10273,-37625
10274,-18585
10275,-10570
10276,17675
10277,-43330
10278,-21105
10279,-28840
10280,-94325
10281,-93450
10282,-34615
10283,-9380
10284,-24185
10285,-25235
10286,4725
10287,-16380
10288,-15435
10289,-23240
10290,-50050
10291,-8925
10292,-42560
10293,-18585
10294,-43925
10295,3255
10296,-18165
10297,-3535
10298,-15190
10299,-15330
10300,32690
10301,-44695
10302,-55125
10303,28665
10304,30415
10305,-84315
10306,2275
10307,37450
10308,-9975
10309,-30625
10310,-45500
10311,-22330
10312,-49945
10313,-31080
10314,15260
10315,-125790
10316,8505
10317,8925
10318,-20125
10319,-55370
10320,-72170
10321,-10325
10322,18235
10323,-1295
10324,-15820
10325,-37660
10326,-47110
10327,-11200
10328,-32795
10329,-18725
10330,28910
10331,39410
10332,-46900
10333,14000
10334,31710
10335,-15855
10336,26670
10337,-7735
10338,-13405
10339,-6510
10340,-37310
10341,29575
10342,-72520
10343,-29960
10344,-16240
10345,-46550
10346,-24290
10347,-51240
10348,-42630
10349,-56210
10350,-13125
10351,-5285
10352,-3430
10353,-36470
10354,-18235
10355,-30275
10356,-31010
10357,-6475
10358,-34510
10359,21245
10360,-15330
10361,-22050
10362,-8225
10363,29610
10364,-14980
10365,-70035
10366,-20790
10367,-14035
10368,-13440
10369,-55965
10370,26810
10371,-61740
10372,-39515
10373,-64540
10374,-2905
10375,-48790
10376,-25585
10377,17710
10378,23800
10379,7000
10380,-60095
10381,5705
10382,-28105
10383,-1680
10384,-23240
10385,-21840
10386,-62895
10387,-67690
10388,-36085
10389,-61215
10390,-60025
10391,24255
10392,7595
10393,-30730
10394,12845
10395,-4795
10396,3500
10397,-47705
10398,-15120
10399,-16730
10400,-5915
10401,-60550
10402,31395
10403,-56875
10404,12320
10405,-54215
10406,6825
10407,25620
10408,-18865
10409,-85925
10410,-1785
10411,-4970
10412,-29015
10413,-18725
10414,7175
10415,-17115
10416,-21140
10417,-22365
10418,-25060
10419,-42910
10420,-44590
10421,-33810
10422,8435
10423,-31850
10424,-45010
10425,13370
10426,36190
10427,-28910
10428,-21980
10429,18200
10430,-24780
10431,-50295
10432,-22855
10433,-77070
10434,-35035
10435,3920
10436,5180
10437,-24430
10438,-42525
10439,-4025
10440,-9450
10441,26740
10442,-32515
10443,-8225
10444,-69860
10445,-16450
10446,-700
10447,-3675
10448,-30345
10449,-29960
10450,-45640
10451,-9835
10452,-13860
10453,9835
10454,-57995
10455,2590
10456,-11830
10457,-69195
10458,-31815
10459,-37135
10460,-18235
10461,-66360
10462,-27440
10463,6405
10464,-15190
10465,16800
10466,-27685
10467,-63175
10468,1785
10469,-8960
10470,-27055
10471,-8295
10472,-78855
10473,-21630
10474,16275
10475,-20265
10476,46480
10477,-23380
10478,-32550
10479,7350
10480,-6335
10481,-35910
10482,-2240
10483,31535
10484,-29960
10485,-27230
10486,15610
10487,5145
10488,-96705
10489,19740
10490,-27510
10491,-6265
10492,37345
10493,-62055
10494,-15330
10495,-25690
10496,-13790
10497,-9905
10498,39270
10499,26845
10500,4095
10501,-64540
10502,-10955
10503,-20090
10504,16975
10505,-64575
10506,13825
10507,-20230
10508,-36680
10509,21385
10510,-32655
10511,6475
10512,23345
10513,-35980
10514,-57855
10515,36820
10516,24920
10517,-48335
10518,1365
10519,-61880
10520,-27125
10521,-41370
10522,-6755
10523,26110
10524,-7980
10525,20965
10526,-26600
10527,-38185
10528,-69720
10529,41615
10530,-39760
10531,-97650
10532,-30765
10533,-48545
10534,50120
10535,-52360
10536,-8015
10537,-18270
10538,-12040
10539,15260
10540,-21945
10541,-33425
10542,2520
10543,-33705
10544,1155
10545,-18585
10546,15365
10547,35805
10548,-33075
10549,-12810
10550,-30625
10551,-48685
10552,-11200
10553,-71575
10554,-35560
10555,-58835
10556,26915
10557,-37975
10558,2065
10559,-9625
10560,-18095
10561,-21875
10562,-40005
10563,-38675
10564,18270
10565,-1400
10566,-27790
10567,-27265
10568,-24710
10569,-13160
10570,16870
10571,-70840
10572,3780
10573,21805
10574,-14140
10575,-53865
10576,-66010
10577,24920
10578,-22365
10579,16520
10580,-26565
10581,2555
10582,-33250
10583,-37030
10584,-31850
10585,-8190
10586,-11690
10587,8260
10588,-10255
10589,-18690
10590,-15085
10591,-41720
10592,17850
10593,-11200
10594,-55930
10595,3290
10596,-87080
10597,-23590
10598,7000
10599,-53130
10600,7350
10601,-33355
10602,-19460
10603,13755
10604,-12390
10605,-8470
10606,-1820
10607,16660
10608,7630
10609,-50715
10610,5320
10611,-24535
10612,-31185
10613,-11550
10614,-30170
10615,-39970
10616,-42910
10617,-20545
10618,-69825
10619,31395
10620,31045
10621,-102270
10622,8295
10623,-70945
10624,4235
10625,-5110
10626,-11935
10627,9590
10628,-27020
10629,-49210
10630,-32795
10631,-32585
10632,-4305
10633,-10150
10634,-56350
10635,-25305
10636,8225
10637,-12145
10638,-48545
10639,-7245
10640,6125
10641,24885
10642,-141120
10643,-55265
10644,38080
10645,-4655
10646,-58415
10647,11620
10648,57715
10649,-102060
10650,-4235
10651,42175
10652,-6230
10653,10500
10654,20545
10655,-28140
10656,-59395
10657,-1890
10658,-54285
10659,-18130
10660,105
10661,-13860
10662,-58800
10663,770
10664,5670
10665,-15960
10666,-14770
10667,-1295
10668,-10885
10669,32900
10670,1890
10671,-37520
10672,-28210
10673,-80815
10674,-51800
10675,-30240
10676,-15295
10677,-28770
10678,-37100
10679,-11690
10680,-46725
10681,-11865
10682,-8085
10683,4935
10684,28490
10685,-18830
10686,17570
10687,-73255
10688,-13650
10689,8645
10690,9135
10691,-23765
10692,-46690
10693,-59430
10694,-12320
10695,-18200
10696,2695
10697,23940
10698,-23135
10699,-61845
10700,14035
10701,-19215
10702,-33180
10703,10780
10704,-11375
10705,-36645
10706,2380
10707,-6720
10708,-10150
10709,-58835
10710,980
10711,44905
10712,-51835
10713,-32830
10714,-45220
10715,-46410
10716,-15960
10717,10675
10718,13895
10719,-10220
10720,-39095
10721,20755
10722,-58905
10723,-18970
10724,-9345
10725,-8225
10726,5250
10727,6720
10728,-14385
10729,-39795
10730,38220
10731,-15925
10732,-27335
10733,28665
10734,-52640
10735,-46585
10736,-25480
10737,-58415
10738,-52430
10739,-43925
10740,-59395
10741,13965
10742,-20195
10743,10815
10744,-23485
10745,41055
10746,-875
10747,-24675
10748,-46270
10749,45395
10750,-15120
10751,-35945
10752,-66080
10753,-12530
10754,-55230
10755,4620
10756,-7525
10757,-3255
10758,-24010
10759,-58380
10760,1470
10761,-34125
10762,46865
10763,4200
10764,22400
10765,-4340
10766,-23870
10767,-39655
10768,-12495
10769,17745
10770,-15470
10771,-30170
10772,-15715
10773,-4480
10774,-10955
10775,8400
10776,38710
10777,-40425
10778,-6335
10779,-36575
10780,-29470
10781,-47670
10782,-15120
10783,-60480
10784,5600
10785,-38745
10786,-47950
10787,-9345
10788,13860
10789,-43995
10790,4690
10791,-26600
10792,-53865
10793,34195
10794,-26425
10795,-48580
10796,-57680
10797,-98595
10798,-14700
10799,-28875
10800,-56980
10801,-17465
10802,-89810
10803,-12600
10804,4480
10805,6335
10806,-315
10807,-27265
10808,-7175
10809,2205
10810,-16345
10811,41930
10812,-8120
10813,-4200
10814,-51695
10815,9870
10816,-37765
10817,-24745
10818,-25165
10819,32445
10820,-59430
10821,-15050
10822,-27580
10823,-31850
10824,8085
10825,-29015
10826,-63665
10827,-10850
10828,-36645
10829,27440
10830,-104265
10831,6545
10832,-26005
10833,-22960
10834,-97860
10835,-38885
10836,-8260
10837,-27790
10838,-1470
10839,9835
10840,-22190
10841,-65590
10842,-6510
10843,-62475
10844,-8260
10845,-1015
10846,3395
10847,3045
10848,-42840
10849,-48720
10850,-19740
10851,-22295
10852,-44100
10853,-28840
10854,-15575
10855,-11060
10856,-47705
10857,21280
10858,16695
10859,24745
10860,11795
10861,17080
10862,-34405
10863,-19250
10864,2555
10865,28665
10866,-21350
10867,-27965
10868,14525
10869,24920
10870,-23380
10871,-79555
10872,-34615
10873,11130
10874,-54145
10875,-52500
10876,-45710
10877,-3710
10878,-43015
10879,-63805
10880,-61145
10881,-29820
10882,-8505
10883,41580
10884,-33845
10885,-65380
10886,37660
10887,12075
10888,-16800
10889,36295
10890,-14245
10891,315
10892,7420
10893,13475
10894,-41090
10895,-6440
10896,30520
10897,-49980
10898,-60935
10899,-30625
10900,10990
10901,16835
10902,-92750
10903,-19005
10904,-27580
10905,-28245
10906,-35665
10907,-44345
10908,8610
10909,-81900
10910,-22890
10911,-62230
10912,-33950
10913,-12740
10914,-4550
10915,23765
10916,-4690
10917,-17605
10918,-49140
10919,-34755
10920,-59290
10921,24710
10922,-44380
10923,10500
10924,17955
10925,-24885
10926,-17955
10927,-31605
10928,44030
10929,-29610
10930,5390
10931,-61215
10932,13615
10933,-4935
10934,-40250
10935,-35735
10936,10325
10937,36050
10938,-26600
10939,-50680
10940,-52850
10941,-38990
10942,-73535
10943,-3430
10944,-9100
10945,-39305
10946,-38780
10947,3990
10948,-35525
10949,48055
10950,-9170
10951,-69895
10952,-22260
10953,-38640
10954,-22365
10955,-20055
10956,-59570
10957,-42210
10958,-44835
10959,-42490
10960,-27125
10961,-32655
10962,-11305
10963,-7980
10964,26425
10965,-36750
10966,35735
10967,-74445
10968,9415
10969,-35455
10970,-20230
10971,-26600
10972,-38605
10973,-7350
10974,-25060
10975,3535
10976,-27965
10977,-56105
10978,-1155
10979,-16450
10980,-51100
10981,9030
10982,-82670
10983,-72065
10984,-28665
10985,10640
10986,-49210
10987,-8505
10988,-46235
10989,-20965
10990,-38255
10991,-20125
10992,-33600
10993,31430
10994,20825
10995,-53410
10996,-8120
10997,-24815
10998,1855
10999,33075
11000,21000
11001,-16625
11002,-24290
11003,-80325
11004,-9940
11005,-63350
11006,-57785
11007,1995
11008,-20160
11009,-32620
11010,-9800
11011,7105
11012,-45710
11013,-31745
11014,-6125
11015,23520
11016,21595
11017,-28000
11018,-26635
11019,-2625
11020,16345
11021,-12355
11022,31535
11023,-15785
11024,315
11025,-81830
11026,-32585
11027,-46620
11028,-14105
11029,-62580
11030,-46725
11031,37415
11032,-24780
11033,-33530
11034,9030
11035,-5215
11036,-12250
11037,-23765
11038,-38220
11039,18200
11040,11865
11041,-25970
11042,-61740
11043,420
11044,-19985
11045,-10675
11046,26425
11047,22540
11048,-35945
11049,-42035
11050,-42770
11051,-49980
11052,-47040
11053,70
11054,-45465
11055,-67655
11056,-11095
11057,-18340
11058,-2310
11059,8645
11060,-15190
11061,-1645
11062,-17115
11063,-76440
11064,-52290
11065,-36190
11066,13230
11067,-41930
11068,-35385
11069,12705
11070,-4410
11071,10080
11072,-27580
11073,-31500
11074,41510
11075,-18865
11076,-72765
11077,-20055
11078,-42070
11079,-14420
11080,-15330
11081,-59815
11082,-23275
11083,-24500
11084,-12355
11085,-33600
11086,-10990
11087,-2100
11088,-17920
11089,-47915
11090,-2940
11091,24780
11092,32515
11093,-34405
11094,-1470
11095,-57680
11096,-52605
11097,-35385
11098,48790
11099,18270
11100,-16310
11101,-15400
11102,17850
11103,-21910
11104,-59780
11105,-54075
11106,-75040
11107,2625
11108,-61180
11109,-46480
11110,-63455
11111,-13510
11112,24185
11113,-56210
11114,22330
11115,-13055
11116,36960
11117,33950
11118,-48895
11119,-39095
11120,18620
11121,-11795
11122,-26180
11123,-6440
11124,-8575
11125,-56875
11126,-36750
11127,47950
11128,25305
11129,-15995
11130,-11830
11131,16415
11132,-41930
11133,-19740
11134,-111510
11135,-3815
11136,-22680
11137,-28000
11138,-16240
11139,-32410
11140,-8995
11141,-8645
11142,-38360
11143,-39480
11144,-58030
11145,15050
11146,33320
11147,-23450
11148,-10570
11149,-7245
11150,-38220
11151,-19215
11152,-5145
11153,175
11154,-2940
11155,12810
11156,15575
11157,-12180
11158,5600
11159,-14140
11160,-29855
11161,-31045
11162,-61495
11163,6475
11164,-6055
11165,41475
11166,-30485
11167,31465
11168,4900
11169,-78995
11170,-65940
11171,-4865
11172,25480
11173,-17465
11174,-13965
11175,-1960
11176,45920
11177,5950
11178,-27895
11179,-46410
11180,16065
11181,-25935
11182,-12005
11183,-3080
11184,-94780
11185,6965
11186,-38360
11187,-47005
11188,-6440
11189,-17850
11190,-49210
11191,-22400
11192,-65275
11193,38710
11194,-32480
11195,19215
11196,-41335
11197,52535
11198,-60900
11199,10465
11200,-41510
11201,35035
11202,-13125
11203,-25445
11204,-27475
11205,13895
11206,-24045
11207,-22575
11208,-23170
11209,-6825
11210,-8470
11211,39725
11212,-46935
11213,-53585
11214,-1540
11215,-46480
11216,36645
11217,-6930
11218,-71890
11219,-87885
11220,-64120
11221,-23240
11222,-20475
11223,26670
11224,-24150
11225,-13335
11226,-17675
11227,1575
11228,26425
11229,980
11230,-45080
11231,8925
11232,-21105
11233,-24780
11234,-4165
11235,-525
11236,4620
11237,-30590
11238,50610
11239,-10115
11240,28350
11241,-28280
11242,1050
11243,-39025
11244,-5985
11245,-57750
11246,-22015
11247,-34685
11248,-1120
11249,-45990
11250,10115
11251,-53410
11252,-72520
11253,-16555
11254,-25095
11255,-35140
11256,-17570
11257,12670
11258,-37660
11259,-8155
11260,-53095
11261,-12215
11262,-10850
11263,-49595
11264,-24605
11265,-49665
11266,26740
11267,-52780
11268,-21735
11269,-53235
11270,-1260
11271,-51310
11272,-6195
11273,4550
11274,-21455
11275,-67585
11276,-19915
11277,-62090
11278,45220
11279,-29785
11280,26530
11281,24500
11282,-5425
11283,19320
11284,-4760
11285,-14945
11286,8085
11287,25690
11288,-15050
11289,-71645
11290,-41965
11291,19530
11292,1715
11293,14000
11294,-58275
11295,15400
11296,-48510
11297,48545
11298,21770
11299,-40565
11300,2415
11301,525
11302,8470
11303,-55195
11304,-9660
11305,-54530
11306,18935
11307,-11375
11308,12775
11309,8960
11310,-13230
11311,-51870
11312,-56105
11313,-17885
11314,10185
11315,-21070
11316,4935
11317,-14840
11318,-77490
11319,18025
11320,7805
11321,-34580
11322,-30800
11323,35245
11324,-73080
11325,-47075
11326,-40880
11327,-39480
11328,5285
11329,-36750
11330,-54845
11331,19355
11332,-29120
11333,140
11334,-40810
11335,-6230
11336,-7735
11337,-11620
11338,-52780
11339,28420
11340,1820
11341,-47495
11342,-46795
11343,-175
11344,-15960
11345,-16695
11346,-7525
11347,-20125
11348,-8540
11349,5250
11350,-5040
11351,-17640
11352,6230
11353,-20650
11354,14070
11355,-1085
11356,-85610
11357,28070
11358,33495
11359,28700
11360,-10290
11361,-46690
11362,-21910
11363,-36680
11364,-52395
11365,1610
11366,27370
11367,-22330
11368,-53165
11369,-15295
11370,-52570
11371,27370
11372,-32760
11373,-20580
11374,12250
11375,6440
11376,-2555
11377,-45150
11378,-33635
11379,12145
11380,-9800
11381,32865
11382,-28245
11383,-3360
11384,-28630
11385,-7875
11386,32060
11387,-5705
11388,-11585
11389,4655
11390,-24920
11391,30030
11392,21945
11393,-16240
11394,-51345
11395,-65485
11396,-18235
11397,-39655
11398,-70
11399,-34055
11400,-30800
11401,-40635
11402,-15050
11403,-96250
11404,-70
11405,-73955
11406,-29925
11407,12495
11408,30520
11409,-14000
11410,-37765
11411,-17430
11412,-24395
11413,-28560
11414,-25235
11415,-3150
11416,13860
11417,-56140
11418,-18305
11419,24185
11420,-10570
11421,-41020
11422,16765
11423,4235
11424,-15295
11425,35875
11426,7525
11427,16590
11428,-86450
11429,-50470
11430,7490
11431,-30135
11432,-58975
11433,-16030
11434,-14875
11435,45465
11436,-87010
11437,-46515
11438,13860
11439,-19915
11440,-28420
11441,-46095
11442,10570
11443,-21630
11444,4865
11445,-13475
11446,54040
11447,-26145
11448,-9660
11449,-85365
11450,22190
11451,-15225
11452,-15960
11453,420
11454,-14525
11455,34755
11456,42980
11457,5810
11458,-24395
11459,-30450
11460,-42630
11461,8575
11462,-28805
11463,-21035
11464,-56070
11465,-5985
11466,1785
11467,4270
11468,15750
11469,-71190
11470,-36155
11471,-25375
11472,-43785
11473,-18445
11474,-88095
11475,-58555
11476,14735
11477,-25480
11478,-65310
11479,-9345
11480,-19005
11481,-9905
11482,42455
11483,50225
11484,31045
11485,-24220
11486,-28595
11487,2415
11488,-11095
11489,1890
11490,-41195
11491,-3010
11492,2205
11493,5425
11494,-22225
11495,16240
11496,-37345
11497,-41440
11498,-23450
11499,7560
11500,11655
11501,-74340
11502,-10150
11503,-6720
11504,-69755
11505,23940
11506,-37730
11507,8365
11508,5285
11509,38080
11510,-50015
11511,-64190
11512,9835
11513,-31500
11514,-67795
11515,-40915
11516,16380
11517,-70910
11518,-74900
11519,-62510
11520,-25585
11521,17010
11522,-16135
11523,-19530
11524,-37765
11525,-24220
11526,-19110
11527,-37765
11528,14875
11529,-75040
11530,-25095
11531,-67480
11532,-36785
11533,-36015
11534,-34160
11535,-16030
11536,11340
11537,-58590
11538,-40075
11539,-47145
11540,-945
11541,-60480
11542,-53655
11543,19670
11544,-60130
11545,-57820
11546,-19740
11547,-53060
11548,24290
11549,-44310
11550,-25900
11551,27020
11552,-85680
11553,-3710
11554,-29015
11555,-44695
11556,-2450
11557,-1855
11558,-38185
11559,-34020
11560,-58100
11561,-910
11562,15925
11563,16695
11564,8085
11565,-51170
11566,-56385
11567,26075
11568,-53445
11569,-45465
11570,-73080
11571,-10815
11572,-16135
11573,-29330
11574,-16065
11575,23520
11576,-18655
11577,-30870
11578,-17255
11579,26635
11580,-12565
11581,-5425
11582,-26775
11583,17710
11584,-805
11585,-54110
11586,-16695
11587,-49280
11588,-51730
11589,6510
11590,23240
11591,-18970
11592,-26215
11593,-66675
11594,36540
11595,-26670
11596,-76510
11597,-6685
11598,-6370
11599,15925
11600,-36925
11601,21175
11602,-12250
11603,-4900
11604,-30135
11605,12810
11606,-22575
11607,5250
11608,-65065
11609,-38395
11610,50680
11611,-12810
11612,-72380
11613,25655
11614,-47180
11615,9695
11616,19915
11617,17430
11618,-91595
11619,-120295
11620,-105840
11621,-51205
11622,-33145
11623,1505
11624,-57085
11625,-42315
11626,-24920
11627,-26355
11628,-3325
11629,33880
11630,11830
11631,25340
11632,8820
11633,-61180
11634,-16450
11635,14945
11636,-5390
11637,-64855
11638,-10850
11639,-31360
11640,-59955
11641,21700
11642,-41370
11643,21175
11644,-26670
11645,-62440
11646,2660
11647,8645
11648,8995
11649,-16030
11650,-80955
11651,-34055
11652,11060
11653,-87185
11654,23800
11655,-31220
11656,-15715
11657,-5390
11658,27615
11659,14910
11660,18655
11661,-31010
11662,-15855
11663,11935
11664,-61285
11665,9240
11666,15645
11667,-13405
11668,13230
11669,-60060
11670,-54950
11671,12670
11672,27265
11673,-42070
11674,17115
11675,17220
11676,-23660
11677,315
11678,-34370
11679,-50610
11680,1575
11681,-5075
11682,7000
11683,-28245
11684,-67760
11685,12740
11686,13545
11687,-63035
11688,-53795
11689,-20720
11690,-525
11691,-56770
11692,-24185
11693,8680
11694,-8890
11695,45430
11696,-54145
11697,-88165
11698,-46515
11699,-46270
11700,-34860
11701,28000
11702,-18025
11703,15610
11704,9065
11705,9485
11706,-62370
11707,-11725
11708,-52395
11709,2765
11710,-10815
11711,20930
11712,-13300
11713,-14840
11714,-40215
11715,10325
11716,-74585
11717,-7980
11718,42735
11719,15470
11720,-27125
11721,12355
11722,-19460
11723,8400
11724,-315
11725,-93030
11726,-27790
11727,-26425
11728,5495
11729,-23800
11730,-5810
11731,-56350
11732,-37975
11733,2940
11734,12145
11735,-26320
11736,-69020
11737,-28245
11738,-25795
11739,-13020
11740,-10780
11741,9765
11742,-73080
11743,-51730
11744,-50715
11745,-25690
11746,5495
11747,2485
11748,-78645
11749,-18305
11750,-35105
11751,-8890
11752,-24255
11753,21490
11754,-36295
11755,-55685
11756,-49700
11757,-26425
11758,-35420
11759,26390
11760,35840
11761,-45675
11762,18725
11763,-9695
11764,-20615
11765,-26985
11766,5635
11767,-80640
11768,-36680
11769,12845
11770,3535
11771,-56385
11772,12460
11773,34755
11774,-39900
11775,-31535
11776,5880
11777,-16240
11778,-89600
11779,-30170
11780,22155
11781,42000
11782,-7595
11783,-31815
11784,30870
11785,-15505
11786,-5950
11787,1085
11788,-62440
11789,-98315
11790,-5425
11791,-980
11792,10815
11793,-61845
11794,-14700
11795,-13790
11796,-7385
11797,-16310
11798,-50225
11799,10570
11800,-9170
11801,11620
11802,-56980
11803,17220
11804,-35175
11805,-38290
11806,2415
11807,-30450
11808,-11585
11809,16275
11810,-61040
11811,-30485
11812,-45395
11813,-21770
11814,-24255
11815,-8715
11816,-31360
11817,-39690
11818,13195
11819,-12145
11820,6440
11821,-9835
11822,-38185
11823,4550
11824,-19460
11825,-37695
11826,-18305
11827,-50820
11828,-2205
11829,15890
11830,35490
11831,-30485
11832,-82985
11833,-23240
11834,-67970
11835,-15155
11836,-21665
11837,-36295
11838,-11795
11839,-26705
11840,-18725
11841,-92785
11842,-13160
11843,-13265
11844,-62685
11845,8015
11846,-103740
11847,-13720
11848,-74900
11849,31990
11850,-28525
11851,-23415
11852,-2170
11853,-42700
11854,-12880
11855,-27615
11856,43400
11857,-14280
11858,-78050
11859,-85190
11860,-68565
11861,-56280
11862,-31640
11863,-56805
11864,-4480
11865,-42735
11866,-4550
11867,-1435
11868,-175
11869,20475
11870,36155
11871,-14525
11872,-17780
11873,7980
11874,-35700
11875,-53655
11876,-24780
11877,-39375
11878,9310
11879,11060
11880,-67235
11881,-71225
11882,-53550
11883,-39270
11884,-46270
11885,-67375
11886,-59780
11887,-21840
11888,-35805
11889,-24990
11890,29995
11891,-28210
11892,4900
11893,-57365
11894,-38640
11895,-32410
11896,-49910
11897,1295
11898,-875
11899,26670
11900,-735
11901,-68320
11902,-52430
11903,-5180
11904,-22295
11905,-8575
11906,-18025
11907,-59115
11908,-12215
11909,-20440
11910,-25795
11911,7560
11912,-9905
11913,-8925
11914,-52850
11915,24465
11916,32620
11917,-23905
11918,-41335
11919,-17605
11920,-44030
11921,-64470
11922,-6160
11923,-20090
11924,-13195
11925,-48265
11926,-25165
11927,31360
11928,-21140
11929,2835
11930,-58170
11931,-24675
11932,-22855
11933,32165
11934,24045
11935,-20370
11936,-22015
11937,-18445
11938,-6405
11939,-29225
11940,-29785
11941,-59430
11942,-65205
11943,9135
11944,11620
11945,16870
11946,-16590
11947,-20685
11948,-75775
11949,-34825
11950,-56805
11951,-53165
11952,-26005
11953,14210
11954,-33495
11955,-420
11956,-38115
11957,-27405
11958,-45395
11959,-5075
11960,-11690
11961,-25550
11962,-8015
11963,-1365
11964,910
11965,-33250
11966,-44870
11967,-86380
11968,-66430
11969,-14840
11970,-9205
11971,-30380
11972,-23765
11973,-4305
11974,-33285
11975,-48615
11976,-64225
11977,-12460
11978,20335
11979,11480
11980,-21280
11981,14420
11982,13545
11983,-86905
11984,-12495
11985,105
11986,23590
11987,21840
11988,-18515
11989,-16555
11990,-31115
11991,-20790
11992,47005
11993,43855
11994,23730
11995,-10465
11996,21000
11997,2415
11998,-1470
11999,-26110
12000,-58625
12001,59640
12002,1575
12003,7735
12004,40845
12005,-63805
12006,-82950
12007,24220
12008,-23765
12009,-1505
12010,6335
12011,16310
12012,10395
12013,-31255
12014,19005
12015,45745
12016,-56210
12017,-42245
12018,-101500
12019,17360
12020,-1925
12021,-31710
12022,-21525
12023,4725
12024,-15995
12025,-30380
12026,-36575
12027,-36085
12028,525
12029,4620
12030,-41020
12031,-44240
12032,-33425
12033,-62195
12034,-44030
12035,-20825
12036,4865
12037,9800
12038,-24045
12039,-59780
12040,12740
12041,-700
12042,-17640
12043,-19425
12044,-57855
12045,-33880
12046,15505
12047,13930
12048,2345
12049,-96530
12050,-5110
12051,-52045
12052,-52780
12053,-86135
12054,-62160
12055,29540
12056,37065
12057,-20860
12058,-19075
12059,-41895
12060,-52990
12061,4445
12062,34580
12063,-68320
12064,-15995
12065,-35000
12066,-41475
12067,3150
12068,-51205
12069,-85190
12070,-66220
12071,-101080
12072,-3640
12073,-1960
12074,-36505
12075,-61530
12076,-26215
12077,31640
12078,-37905
12079,-39900
12080,13405
12081,-162085
12082,-89460
12083,21980
12084,-65765
12085,-19250
12086,-54320
12087,-51345
12088,-21210
12089,-8260
12090,-7770
12091,-9205
12092,-39550
12093,-37030
12094,6020
12095,-9520
12096,-9975
12097,-24885
12098,15540
12099,-41580
12100,-19985
12101,48020
12102,27755
12103,-57295
12104,-7315
12105,-1575
12106,-22890
12107,3535
12108,-51100
12109,-32060
12110,-36120
12111,-59115
12112,-28525
12113,-16100
12114,-19145
12115,-69580
12116,6020
12117,11340
12118,-81305
12119,-9835
12120,-14805
12121,4375
12122,-19355
12123,-28070
12124,-33740
12125,-8575
12126,-74410
12127,-81270
12128,-36295
12129,-37275
12130,7700
12131,-26460
12132,-48755
12133,-40110
12134,-41580
12135,8855
12136,-22575
12137,-2905
12138,-1540
12139,-72975
12140,-49105
12141,-44275
12142,-4480
12143,-19775
12144,-3325
12145,5215
12146,-45325
12147,8225
12148,9835
12149,-8610
12150,-22365
12151,-11235
12152,-13195
12153,-15505
12154,12110
12155,-23765
12156,-35350
12157,-85120
12158,-10605
12159,-68145
12160,-40390
12161,-42630
12162,-31430
12163,-88165
12164,3990
12165,36155
12166,11655
12167,-11900
12168,-39550
12169,-10080
12170,-29400
12171,-29540
12172,1645
12173,-24325
12174,-67305
12175,-27650
12176,-18445
12177,-1995
12178,-11935
12179,43540
12180,-23030
12181,-16310
12182,-83580
12183,-48545
12184,-29365
12185,-54950
12186,-52150
12187,-5180
12188,29365
12189,-58940
12190,-36715
12191,-875
12192,-51695
12193,-24290
12194,-34825
12195,3150
12196,-51835
12197,33600
12198,-56140
12199,16765
12200,4830
12201,-2065
12202,-111860
12203,-44380
12204,12600
12205,-38045
12206,33355
12207,-30765
12208,36085
12209,4900
12210,-57505
12211,-38045
12212,9520
12213,41335
12214,-55125
12215,-39340
12216,-72625
12217,36400
12218,-46130
12219,-50925
12220,18515
12221,-34405
12222,-41790
12223,-9275
12224,12145
12225,-11550
12226,-3920
12227,-44555
12228,26880
12229,-37275
12230,-37030
12231,-10150
12232,-18795
12233,-27020
12234,14000
12235,-21245
12236,-15365
12237,-16380
12238,-36820
12239,-32270
12240,-73010
12241,7875
12242,11200
12243,-38780
12244,-14700
12245,19180
12246,-14175
12247,60270
12248,-16555
12249,-51345
12250,8855
12251,-1050
12252,44590
12253,-60095
12254,20160
12255,-27510
12256,3780
12257,-35980
12258,-46480
12259,-17010
12260,16135
12261,-96355
12262,15435
12263,-17850
12264,-8855
12265,-36505
12266,-3955
12267,-14000
12268,19460
12269,-13650
12270,-54005
12271,-24780
12272,-19915
12273,11795
12274,-41895
12275,-25725
12276,-32340
12277,24465
12278,16310
12279,23450
12280,-9205
12281,-13405
12282,-64820
12283,5600
12284,22155
12285,-21945
12286,38640
12287,-70630
12288,-4305
12289,-46095
12290,-31780
12291,36190
12292,-16660
12293,11690
12294,-32515
12295,-47495
12296,17325
12297,6965
12298,-8085
12299,-18970
12300,17780
12301,2520
12302,-18935
12303,-79940
12304,-44695
12305,-45360
12306,-7805
12307,-61075
12308,-50050
12309,-50995
12310,-21315
12311,-12670
12312,-22680
12313,-22645
12314,20440
12315,-51100
12316,12040
12317,-48300
12318,-35875
12319,-53130
12320,-54145
12321,12040
12322,6370
12323,-52920
12324,-71855
12325,7840
12326,-27405
12327,-8400
12328,-36225
12329,-9100
12330,-57925
12331,3360
12332,-27405
12333,-46760
12334,-13755
12335,-50470
12336,-32445
12337,-72030
12338,-51275
12339,-47600
12340,2625
12341,-66745
12342,9555
12343,-3815
12344,13895
12345,-18375
12346,26145
12347,-45395
12348,-24465
12349,-21035
12350,-40635
12351,-33390
12352,-48335
12353,4725
12354,-13720
12355,7945
12356,-7525
12357,-35700
12358,-18305
12359,-5460
12360,22155
12361,-6265
12362,-5285
12363,-40635
12364,16800
12365,-32865
12366,2415
12367,43225
12368,-7700
12369,-53200
12370,-57085
12371,-36680
12372,34790
12373,-26110
12374,-27195
12375,19250
12376,-10430
12377,-24885
12378,-71575
12379,7595
12380,-66570
12381,-31640
12382,-35280
12383,3535
12384,-16380
12385,-10115
12386,-32410
12387,9730
12388,-72450
12389,-50260
12390,-43680
12391,-44275
12392,-18550
12393,13265
12394,-19950
12395,-9520
12396,16800
12397,-34545
12398,-8295
12399,-66430
12400,-24850
12401,-74025
12402,-45535
12403,-63560
12404,-15540
12405,-71260
12406,-38990
12407,-83895
12408,-34125
12409,-21770
12410,-6230
12411,14700
12412,5145
12413,-50435
12414,16065
12415,-28700
12416,-29645
12417,-5530
12418,-6720
12419,-19320
12420,-48650
12421,3745
12422,-69475
12423,-32060
12424,-22610
12425,-29925
12426,-83265
12427,21525
12428,-35980
12429,-4305
12430,-23205
12431,-10640
12432,-103180
12433,10010
12434,-43505
12435,-35945
12436,-14665
12437,7350
12438,40600
12439,-16415
12440,-45955
12441,14420
12442,-45955
12443,1715
12444,-18725
12445,-36435
12446,29085
12447,-20860
12448,-35770
12449,-25690
12450,-18305
12451,-55755
12452,-17185
12453,-17780
12454,30835
12455,51380
12456,29855
12457,-43680
12458,14455
12459,-20790
12460,1015
12461,-38010
12462,-7315
12463,-37100
12464,-39655
12465,-47775
12466,-35910
12467,39550
12468,-8610
12469,31465
12470,665
12471,-6615
12472,-60655
12473,14210
12474,-3325
12475,-11235
12476,-630
12477,-34020
12478,-16590
12479,-25865
12480,-9345
12481,-7700
12482,-77385
12483,-44380
12484,23100
12485,-65030
12486,-17535
12487,9030
12488,9345
12489,2380
12490,-72905
12491,-68775
12492,-42560
12493,-37590
12494,-43820
12495,-51310
12496,-44135
12497,-18305
12498,-51765
12499,37905
12500,1295
12501,20405
12502,-13090
12503,-17115
12504,26880
12505,-37205
12506,-19005
12507,4235
12508,47005
12509,-490
12510,-8295
12511,-62405
12512,-57260
12513,4795
12514,-700
12515,27405
12516,-74445
12517,55370
12518,-40705
12519,36435
12520,52220
12521,40985
12522,5705
12523,-22435
12524,34300
12525,-19460
12526,-13755
12527,-33005
12528,-23800
12529,-1085
12530,-40425
12531,-41160
12532,13405
12533,-16975
12534,-5075
12535,12355
12536,16520
12537,-41370
12538,-22785
12539,-7105
12540,-48265
12541,-59360
12542,-32585
12543,-46235
12544,10465
12545,-18445
12546,4375
12547,-3500
12548,-78750
12549,2555
12550,7245
12551,-42000
12552,-19390
12553,9520
12554,-15890
12555,-23135
12556,-29400
12557,-23205
12558,45710
12559,-50960
12560,-22120
12561,-36435
12562,-61075
12563,-121415
12564,-28000
12565,14280
12566,12880
12567,27195
12568,-8680
12569,-33355
12570,14770
12571,20790
12572,-53480
12573,-35000
12574,21455
12575,-107380
12576,-78295
12577,40180
12578,37660
12579,-87500
12580,-14315
12581,7490
12582,-2975
12583,14245
12584,-18235
12585,-32305
12586,-33880
12587,-11200
12588,-29890
12589,1260
12590,-51345
12591,-61810
12592,33670
12593,-88550
12594,27545
12595,15015
12596,-4585
12597,-26775
12598,-43505
12599,51835
12600,15890
12601,19845
12602,35350
12603,-11060
12604,-55195
12605,7770
12606,-74445
12607,16975
12608,-9520
12609,-28490
12610,17255
12611,-55930
12612,-6055
12613,-49000
12614,-36190
12615,-7245
12616,19285
12617,-30275
12618,-51205
12619,36365
12620,-45605
12621,-11200
12622,-63000
12623,4690
12624,-455
12625,-55720
12626,12180
12627,-25095
12628,-26460
12629,18165
12630,27685
12631,315
12632,63665
12633,-27895
12634,-20230
12635,-420
12636,-82390
12637,-32585
12638,-27335
12639,-47390
12640,-25585
12641,-64680
12642,17955
12643,-38325
12644,-6020
12645,-9870
12646,-66045
12647,-7665
12648,-11165
12649,-43190
12650,9415
12651,-60130
12652,-20895
12653,-64960
12654,-40950
12655,-16485
12656,-65380
12657,-21035
12658,-24045
12659,-8190
12660,-70595
12661,-6230
12662,27055
12663,22505
12664,-5600
12665,-49385
12666,-17255
12667,-41090
12668,16835
12669,-29890
12670,29120
12671,-54110
12672,-28945
12673,-48895
12674,-20230
12675,13615
12676,-1190
12677,-38325
12678,29015
12679,-87780
12680,15505
12681,-34335
12682,-67690
12683,-25935
12684,-123480
12685,36575
12686,29750
12687,13685
12688,-55790
12689,21315
12690,-20685
12691,-14840
12692,6510
12693,25935
12694,-48020
12695,13335
12696,-81235
12697,15400
12698,13510
12699,31780
12700,10325
12701,12565
12702,-25760
12703,-14945
12704,-36680
12705,-29645
12706,-41580
12707,-99015
12708,6790
12709,-17325
12710,-36820
12711,-60060
12712,30835
12713,-27230
12714,-22085
12715,-7280
12716,23135
12717,-11305
12718,3675
12719,2730
12720,-17255
12721,-24465
12722,9730
12723,-25620
12724,-13020
12725,-385
12726,27580
12727,-13755
12728,-12425
12729,-98315
12730,28490
12731,8365
12732,-32795
12733,-10605
12734,26950
12735,-68985
12736,-18830
12737,-45955
12738,-37170
12739,-17115
12740,-49280
12741,-85750
12742,-79730
12743,29470
12744,-43260
12745,-24955
12746,-8225
12747,-23415
12748,-28280
12749,21210
12750,-30695
12751,29820
12752,30800
12753,-50505
12754,-4445
12755,-10640
12756,38850
12757,-9870
12758,-9345
12759,-56630
12760,-43750
12761,-28490
12762,8015
12763,-24360
12764,-24675
12765,-16345
12766,-26950
12767,2205
12768,-32235
12769,21630
12770,-29295
12771,19495
12772,-35945
12773,-34475
12774,-7350
12775,15925
12776,4900
12777,-7000
12778,-1190
12779,8085
12780,-18970
12781,15505
12782,-29610
12783,32620
12784,-7840
12785,-42630
12786,-42070
12787,6230
12788,-28700
12789,-630
12790,-10430
12791,55825
12792,-60970
12793,4060
12794,12670
12795,-93240
12796,-6055
12797,-43155
12798,-56735
12799,-10640
12800,6335
12801,-29330
12802,-8155
12803,-60585
12804,-5040
12805,-36855
12806,20685
12807,315
12808,5950
12809,-14875
12810,-66535
12811,-52290
12812,35630
12813,7140
12814,12670
12815,-28350
12816,14875
12817,-28560
12818,14140
12819,-20335
12820,-46130
12821,-1785
12822,-21665
12823,-17045
12824,-35525
12825,-23730
12826,10360
12827,-54075
12828,-840
12829,-1750
12830,-22435
12831,-61005
12832,46515
12833,2975
12834,-65940
12835,14700
12836,10290
12837,14105
12838,-22715
12839,23275
12840,-2065
12841,16835
12842,-40390
12843,0
12844,17605
12845,-62055
12846,-75705
12847,-8645
12848,-22750
12849,-40775
12850,-23730
12851,-20685
12852,-22295
12853,-20580
12854,-64610
12855,-48335
12856,5985
12857,-15365
12858,-60655
12859,-55790
12860,-18340
12861,-26565
12862,14175
12863,3080
12864,65940
12865,-37275
12866,-2310
12867,1995
12868,-48790
12869,-2870
12870,-13055
12871,-23030
12872,-12775
12873,15190
12874,-15855
12875,-31815
12876,13720
12877,-23310
12878,11620
12879,-31710
12880,23310
12881,23940
12882,-7560
12883,-6685
12884,-3850
12885,-25760
12886,-37905
12887,-14245
12888,-23380
12889,-25410
12890,-13790
12891,-21840
12892,-43575
12893,18060
12894,-36925
12895,-15015
12896,-88550
12897,-12810
12898,-63280
12899,-43575
12900,-1050
12901,9730
12902,-1330
12903,-15015
12904,13860
12905,-2030
12906,15505
12907,-66395
12908,6965
12909,-4830
12910,-40250
12911,-37205
12912,-6615
12913,-20930
12914,17745
12915,-43085
12916,-25235
12917,-47810
12918,7735
12919,34650
12920,-40565
12921,-27125
12922,-5320
12923,455
12924,-4130
12925,-6720
12926,-30695
12927,-70910
12928,13930
12929,-43785
12930,39095
12931,-37940
12932,18795
12933,-3745
12934,-41020
12935,-10010
12936,-29225
12937,-36400
12938,140
12939,-13965
12940,-46270
12941,27230
12942,-29505
12943,2905
12944,-35280
12945,-96880
12946,-25620
12947,-48265
12948,-21980
12949,-33705
12950,-245
12951,-15435
12952,7175
12953,-1470
12954,-44380
12955,1435
12956,-60690
12957,-47145
12958,8925
12959,-12005
12960,23450
12961,-25725
12962,-29610
12963,-29190
12964,-34510
12965,-32760
12966,-41440
12967,24850
12968,-20265
12969,-31955
12970,-3990
12971,-38990
12972,-63280
12973,-4550
12974,10710
12975,4935
12976,31675
12977,-57925
12978,-34370
12979,-8610
12980,-76090
12981,5075
12982,-79765
12983,-44975
12984,-13650
12985,-18060
12986,13790
12987,-10290
12988,-3045
12989,16170
12990,-16380
12991,-13405
12992,-6615
12993,-41230
12994,-56630
12995,2310
12996,2275
12997,-138285
12998,-17850
12999,-25865
13000,-5810
13001,-19110
13002,-23275
13003,-28560
13004,34230
13005,-38570
13006,-26810
13007,-18480
13008,17605
13009,-77455
13010,-7385
13011,2940
13012,-14035
13013,51345
13014,13580
13015,6615
13016,-7735
13017,-14245
13018,-55825
13019,-16520
13020,41370
13021,-62650
13022,-6720
13023,-47215
13024,28385
13025,13825
13026,-34720
13027,-12145
13028,-32410
13029,6930
13030,44100
13031,-10045
13032,3185
13033,-24430
13034,-15330
13035,-3780
13036,-47880
13037,-11375
13038,-17710
13039,-34090
13040,-48230
13041,-34335
13042,-31290
13043,-90615
13044,-22785
13045,-26985
13046,-95760
13047,40460
13048,-5460
13049,-33355
13050,-39375
13051,-4900
13052,-41405
13053,-30905
13054,-5075
13055,-110705
13056,-20720
13057,-66815
13058,-41755
13059,23905
13060,-43680
13061,-57645
13062,-18970
13063,-18235
13064,-24955
13065,-69160
13066,15050
13067,-36260
13068,19495
13069,27020
13070,23555
13071,-49805
13072,18830
13073,-9030
13074,-39690
13075,-9695
13076,57295
13077,39410
13078,21910
13079,3570
13080,-30380
13081,-26390
13082,-11410
13083,-75635
13084,-82320
13085,-22575
13086,25025
13087,-12460
13088,-4725
13089,31500
13090,-45605
13091,-27650
13092,37380
13093,-18970
13094,-13825
13095,-63945
13096,-68110
13097,-51520
13098,-49980
13099,-59955
13100,2975
13101,-18865
13102,-44835
13103,11305
13104,-5635
13105,5180
13106,-17045
13107,-23485
13108,-11935
13109,-12495
13110,-72450
13111,-21910
13112,-8155
13113,-26495
13114,-40600
13115,-8960
13116,-26110
13117,-22470
13118,19495
13119,-15820
13120,-30415
13121,1995
13122,18305
13123,-39480
13124,-59325
13125,1435
13126,-7210
13127,-29120
13128,34685
13129,-74760
13130,-10150
13131,-57925
13132,4480
13133,-15540
13134,-23520
13135,665
13136,70
13137,-1855
13138,16555
13139,280
13140,-50855
13141,-32655
13142,-47145
13143,-2835
13144,-3675
13145,28840
13146,-35875
13147,17185
13148,-69440
13149,-1470
13150,-26740
13151,-48125
13152,39900
13153,-32515
13154,-22890
13155,-1680
13156,-54635
13157,-26250
13158,20580
13159,-53445
13160,1505
13161,-16030
13162,21735
13163,-18830
13164,-7035
13165,-63945
13166,-64715
13167,12565
13168,-48755
13169,35875
13170,-12915
13171,-23765
13172,-41020
13173,-40075
13174,8330
13175,-32585
13176,19740
13177,-31360
13178,-12390
13179,-70980
13180,1645
13181,-12810
13182,-32340
13183,4515
13184,-36260
13185,-33355
13186,10640
13187,-17850
13188,1260
13189,-96005
13190,-31290
13191,9065
13192,25585
13193,-21000
13194,560
13195,-8925
13196,-29260
13197,43190
13198,7945
13199,-8750
13200,-2485
13201,-45570
13202,-77000
13203,3605
13204,-56210
13205,-77525
13206,-46585
13207,-9485
13208,-28245
13209,-34930
13210,-15855
13211,-19985
13212,29365
13213,-38990
13214,11270
13215,-27405
13216,-66535
13217,-2415
13218,4165
13219,-19600
13220,-17745
13221,6790
13222,-24325
13223,5285
13224,29155
13225,47320
13226,-56140
13227,-41720
13228,-70070
13229,-22680
13230,-33845
13231,-21700
13232,-13160
13233,-14175
13234,-16625
13235,-23100
13236,-4900
13237,-4550
13238,-12915
13239,-6615
13240,-29505
13241,-46305
13242,-29750
13243,-23765
13244,-1960
13245,-71820
13246,-56315
13247,3710
13248,-41405
13249,4375
13250,-49000
13251,-21630
13252,-69300
13253,-73150
13254,20440
13255,-27720
13256,-50505
13257,47285
13258,-24955
13259,14770
13260,-22610
13261,-23695
13262,-12180
13263,-54845
13264,-25235
13265,-44135
13266,-65940
13267,-27020
13268,48930
13269,3745
13270,-61530
13271,-66290
13272,44170
13273,-23695
13274,-20580
13275,28210
13276,-7000
13277,-6545
13278,26530
13279,-73605
13280,9065
13281,-25200
13282,-10850
13283,3080
13284,28665
13285,-83755
13286,42560
13287,-22050
13288,-56805
13289,-8645
13290,14385
13291,-3115
13292,7945
13293,-30065
13294,-41860
13295,-61530
13296,-58205
13297,1715
13298,-1050
13299,-26740
13300,-64750
13301,15680
13302,1435
13303,18200
13304,-11130
13305,16800
13306,-1540
13307,-9240
13308,10150
13309,29085
13310,-31115
13311,9240
13312,-10010
13313,-71820
13314,-50295
13315,3500
13316,-66500
13317,-12075
13318,-19180
13319,-47985
13320,18095
13321,-105350
13322,-18900
13323,2100
13324,-16240
13325,-36085
13326,-45325
13327,-35140
13328,10640
13329,9520
13330,-14805
13331,13860
13332,-24045
13333,-11060
13334,-39900
13335,-7560
13336,-59395
13337,-20055
13338,-22785
13339,-59325
13340,-11130
13341,4620
13342,-4480
13343,-49210
13344,-28770
13345,-23940
13346,-23940
13347,-44905
13348,12985
13349,-46445
13350,-8225
13351,-2870
13352,22085
13353,-19810
13354,-67865
13355,-25375
13356,-48895
13357,-76825
13358,11410
13359,-3395
13360,-34125
13361,-99680
13362,-27580
13363,-28000
13364,5950
13365,-16135
13366,-30310
13367,-45465
13368,-65415
13369,61215
13370,-31640
13371,39060
13372,10850
13373,-79310
13374,40145
13375,-44975
13376,-38045
13377,-11690
13378,28910
13379,-36750
13380,-62580
13381,4725
13382,26320
13383,-39130
13384,-3325
13385,-36470
13386,-15155
13387,23730
13388,-73500
13389,-74130
13390,11165
13391,-14490
13392,-58625
13393,-28875
13394,4410
13395,-5005
13396,-12040
13397,38185
13398,-24990
13399,2450
13400,-19390
13401,39760
13402,27300
13403,7525
13404,-4865
13405,-77805
13406,11025
13407,-45920
13408,-4375
13409,-43330
13410,-55335
13411,10465
13412,43260
13413,-45150
13414,-105035
13415,-61705
13416,-11970
13417,-44310
13418,-36050
13419,-54775
13420,-27020
13421,8295
13422,-24885
13423,-82705
13424,-29225
13425,-1470
13426,28735
13427,-46795
13428,6195
13429,-58940
13430,21420
13431,-34825
13432,-3850
13433,-50960
13434,-49035
13435,-23975
13436,36190
13437,-108780
13438,-28665
13439,-64015
13440,31780
13441,2730
13442,-14910
13443,-54775
13444,18375
13445,-40985
13446,36925
13447,15155
13448,-84525
13449,10710
13450,-22260
13451,-24850
13452,25900
13453,10535
13454,-5705
13455,-67970
13456,11935
13457,-15330
13458,-54495
13459,-4130
13460,-2905
13461,-15715
13462,-12460
13463,-87150
13464,35035
13465,-27405
13466,20300
13467,-76440
13468,-47215
13469,-17360
13470,-10360
13471,17885
13472,-52325
13473,-52605
13474,-22680
13475,-24850
13476,-25095
13477,-49315
13478,-8470
13479,-7980
13480,19075
13481,3045
13482,39585
13483,12390
13484,12705
13485,27755
13486,-11515
13487,-101815
13488,-15995
13489,-69545
13490,-23520
13491,-59885
13492,18970
13493,-39725
13494,17220
13495,-41790
13496,-48545
13497,-19215
13498,-26530
13499,9310
13500,-28175
13501,25830
13502,-43715
13503,-67060
13504,280
13505,36785
13506,2380
13507,37100
13508,-41405
13509,-38850
13510,46165
13511,2380
13512,15960
13513,12110
13514,-33390
13515,-49945
13516,-8120
13517,-22785
13518,-28875
13519,-14245
13520,9380
13521,3220
13522,-35945
13523,11375
13524,-36015
13525,-44135
13526,-54845
13527,-24675
13528,-30170
13529,-1925
13530,-11690
13531,22960
13532,-29610
13533,-1085
13534,2310
13535,-21280
13536,-68600
13537,-5460
13538,22295
13539,10430
13540,-54565
13541,6930
13542,5145
13543,-50890
13544,-23485
13545,15435
13546,-9730
13547,-42280
13548,-9590
13549,-5180
13550,-8575
13551,14385
13552,-14070
13553,-12915
13554,24010
13555,16590
13556,-63175
13557,-21770
13558,-6230
13559,-36925
13560,-16030
13561,-32515
13562,8890
13563,-46165
13564,-40250
13565,-46095
13566,-19530
13567,-62685
13568,-34615
13569,-24675
13570,-19180
13571,-20405
13572,-84805
13573,-27265
13574,-38500
13575,-71575
13576,-52605
13577,-3010
13578,19110
13579,-29400
13580,-52150
13581,12110
13582,9660
13583,-22155
13584,-65380
13585,37135
13586,-40600
13587,-1470
13588,36960
13589,15610
13590,-31150
13591,-14210
13592,-18935
13593,-37065
13594,-68810
13595,525
13596,-76090
13597,19250
13598,-35910
13599,-58870
13600,10010
13601,32655
13602,-30765
13603,-72660
13604,-17500
13605,-46970
13606,35385
13607,-51415
13608,22190
13609,43505
13610,-56280
13611,11865
13612,-23415
13613,-12635
13614,-9205
13615,-31255
13616,-3710
13617,-28245
13618,-12565
13619,980
13620,-68285
13621,35805
13622,3360
13623,-36225
13624,-74130
13625,-28385
13626,10465
13627,30170
13628,-30380
13629,-50715
13630,-11480
13631,46270
13632,-29925
13633,3675
13634,-37450
13635,-24990
13636,-8330
13637,-24430
13638,-13895
13639,10185
13640,-40460
13641,-20685
13642,-28210
13643,-79730
13644,-21560
13645,-46025
13646,-23100
13647,-34545
13648,-10640
13649,-80080
13650,-3395
13651,-10990
13652,-41860
13653,-64015
13654,-3080
13655,-6055
13656,-36610
13657,-21140
13658,-28980
13659,-75425
13660,840
13661,-6230
13662,-25165
13663,29995
13664,-2800
13665,12390
13666,-7140
13667,-18130
13668,6370
13669,-5565
13670,-14315
13671,-22190
13672,49070
13673,-38080
13674,-69545
13675,13930
13676,-16800
13677,-49700
13678,27195
13679,-21175
13680,4935
13681,-77035
13682,-7525
13683,-7280
13684,-31290
13685,-49945
13686,18060
13687,-3605
13688,-29015
13689,17395
13690,-42980
13691,-4620
13692,-45255
13693,-29820
13694,-5005
13695,-63385
13696,11130
13697,-14175
13698,-12915
13699,-34440
13700,-72555
13701,-16765
13702,10815
13703,-17675
13704,13090
13705,-19285
13706,-51170
13707,-56420
13708,-54915
13709,-5425
13710,315
13711,39340
13712,-17185
13713,-52815
13714,-19495
13715,-8715
13716,-52640
13717,-78470
13718,-37940
13719,-11235
13720,10780
13721,-13720
13722,-59605
13723,-44345
13724,-30065
13725,-28980
13726,-84735
13727,-28140
13728,-21770
13729,2415
13730,-18795
13731,-27055
13732,8050
13733,-280
13734,-58870
13735,-25725
13736,-20160
13737,-42910
13738,-11970
13739,3500
13740,-58415
13741,-2170
13742,-27685
13743,18690
13744,-10465
13745,-19845
13746,7875
13747,-29540
13748,-64575
13749,-56000
13750,-5180
13751,-60200
13752,19950
13753,-11025
13754,10885
13755,-5880
13756,6265
13757,-34650
13758,-51170
13759,-20790
13760,40180
13761,4165
13762,-41370
13763,-45080
13764,-210
13765,22890
13766,-27300
13767,13195
13768,11130
13769,-20090
13770,-24360
13771,-32375
13772,-19390
13773,18830
13774,-18305
13775,-41580
13776,-21875
13777,27755
13778,-42595
13779,12705
13780,-54670
13781,-34965
13782,-136920
13783,-9205
13784,-15680
13785,-2135
13786,19740
13787,-36540
13788,24955
13789,-59325
13790,11480
13791,-62300
13792,8715
13793,25025
13794,-29995
13795,11830
13796,-43995
13797,-43085
13798,-4270
13799,-43190
13800,-54600
13801,-78925
13802,-60865
13803,-54845
13804,-20930
13805,1995
13806,-23100
13807,-21000
13808,8820
13809,-49595
13810,20020
13811,-37170
13812,-13755
13813,14035
13814,665
13815,12775
13816,15225
13817,-35560
13818,-9695
13819,52955
13820,-51030
13821,-6930
13822,1260
13823,7840
13824,-19040
13825,-4340
13826,-1995
13827,-62615
13828,-68390
13829,29820
13830,24570
13831,-18060
13832,-6020
13833,-59710
13834,9240
13835,-27475
13836,-7630
13837,2695
13838,7000
13839,-3220
13840,-40950
13841,-6930
13842,-27195
13843,-137585
13844,-27440
13845,-23555
13846,-34265
13847,-9275
13848,-35875
13849,-3710
13850,-9555
13851,-51275
13852,-31920
13853,31465
13854,-43400
13855,4935
13856,-30345
13857,-44170
13858,-88270
13859,-67970
13860,5425
13861,-38535
13862,-62965
13863,-27720
13864,6615
13865,-40740
13866,2625
13867,-12635
13868,19845
13869,24080
13870,2835
13871,-21315
13872,-2415
13873,-37835
13874,4200
13875,-36330
13876,47600
13877,-6090
13878,-4550
13879,-26740
13880,-64750
13881,18480
13882,43470
13883,-41300
13884,-24045
13885,-26670
13886,-40530
13887,-66535
13888,-1225
13889,-17535
13890,-77980
13891,2485
13892,-56245
13893,-61810
13894,64330
13895,-92225
13896,18655
13897,16765
13898,-44625
13899,-41755
13900,-38325
13901,-33950
13902,-39690
13903,-8925
13904,-69160
13905,-38080
13906,-77000
13907,-30240
13908,16240
13909,-51555
13910,-91315
13911,-48650
13912,-30380
13913,-27510
13914,-12145
13915,-27475
13916,-3080
13917,-59010
13918,-52290
13919,1260
13920,-210
13921,1050
13922,-40040
13923,-28560
13924,-5810
13925,15330
13926,27055
13927,-29855
13928,-33180
13929,-30905
13930,-52640
13931,-20440
13932,-55160
13933,-24885
13934,20405
13935,36505
13936,-30275
13937,25025
13938,21700
13939,13335
13940,-52640
13941,-79450
13942,-4305
13943,-32865
13944,-63945
13945,-62685
13946,-53270
13947,-50785
13948,-1645
13949,-55440
13950,-36645
13951,-46340
13952,-23625
13953,-7070
13954,1715
13955,20405
13956,-85330
13957,-4375
13958,-47495
13959,-5705
13960,-40740
13961,-36995
13962,-37170
13963,-55930
13964,-1470
13965,14595
13966,-14630
13967,-1995
13968,-35875
13969,-24220
13970,-105
13971,-25690
13972,-44905
13973,-3185
13974,-54320
13975,2170
13976,-50085
13977,-23345
13978,-21280
13979,-5635
13980,21070
13981,24290
13982,-79415
13983,-68145
13984,-39270
13985,13265
13986,-30380
13987,-3815
13988,7315
13989,-10185
13990,-5530
13991,-34405
13992,-10185
13993,-31920
13994,28175
13995,8855
13996,9205
13997,-23415
13998,-13405
13999,-7105
14000,7805
14001,-10220
14002,4060
14003,-41790
14004,-18095
14005,-14070
14006,26495
14007,-51940
14008,39795
14009,29750
14010,-1120
14011,-11620
14012,20090
14013,-2485
14014,9730
14015,-61215
14016,-32760
14017,-1925
14018,-19950
14019,20510
14020,12145
14021,43015
14022,1470
14023,19215
14024,-38640
14025,-7630
14026,-20370
14027,-53515
14028,-46270
14029,-4935
14030,-39410
14031,-20755
14032,-52780
14033,-3850
14034,-10080
14035,-53795
14036,44555
14037,-21700
14038,-78960
14039,-16100
14040,-15750
14041,14805
14042,25935
14043,-19845
14044,-76545
14045,45605
14046,4970
14047,-14595
14048,7735
14049,-630
14050,-46270
14051,-45815
14052,-31150
14053,-70
14054,-6720
14055,-4725
14056,-33180
14057,-5985
14058,-39655
14059,-13440
14060,-29435
14061,-56455
14062,-42630
14063,-51310
14064,-2065
14065,-48475
14066,32025
14067,-39970
14068,11200
14069,-10430
14070,11830
14071,-52465
14072,-23240
14073,-45080
14074,20895
14075,-55685
14076,21070
14077,-34825
14078,40355
14079,-26425
14080,18830
14081,-63035
14082,-52430
14083,-37450
14084,-32235
14085,5810
14086,-26845
14087,-30765
14088,-7315
14089,-45045
14090,-47390
14091,-61355
14092,26320
14093,-17745
14094,6825
14095,-27020
14096,-33425
14097,-33775
14098,5425
14099,-30765
14100,12285
14101,-17885
14102,-3780
14103,1715
14104,-47460
14105,-100765
14106,5320
14107,-4760
14108,-18760
14109,-29820
14110,-35175
14111,-4900
14112,-55965
14113,-8260
14114,-37310
14115,-87185
14116,-55860
14117,-25305
14118,14630
14119,-385
14120,-11480
14121,-38430
14122,-25585
14123,7420
14124,12495
14125,3185
14126,-62965
14127,2730
14128,-4620
14129,-59640
14130,-31920
14131,5425
14132,-72940
14133,40810
14134,7805
14135,-24605
14136,-12740
14137,4795
14138,7280
14139,8925
14140,-62685
14141,-28385
14142,-20895
14143,22260
14144,-32060
14145,-9520
14146,-42735
14147,-28385
14148,26005
14149,30485
14150,-20930
14151,-2765
14152,-7910
14153,5915
14154,-24010
14155,8400
14156,-32620
14157,4795
14158,-18970
14159,-20615
14160,3710
14161,-7630
14162,-75880
14163,-24850
14164,-60340
14165,-61915
14166,-27335
14167,5425
14168,10325
14169,-37695
14170,805
14171,-43575
14172,-39305
14173,-58450
14174,-19250
14175,8750
14176,-42175
14177,-19565
14178,-15470
14179,385
14180,-4585
14181,-36925
14182,17115
14183,-56980
14184,29435
14185,2275
14186,-10115
14187,7490
14188,-5705
14189,-13825
14190,44345
14191,-2030
14192,-96775
14193,-40320
14194,-20825
14195,-21280
14196,7175
14197,10185
14198,-22960
14199,-25585
14200,-42035
14201,-22295
14202,22540
14203,-21700
14204,-19775
14205,5250
14206,-18410
14207,28700
14208,-40775
14209,-13265
14210,-64750
14211,-16275
14212,-55195
14213,-25445
14214,13160
14215,-106575
14216,-29610
14217,-31815
14218,-52220
14219,42560
14220,-31150
14221,-48090
14222,-11970
14223,-48265
14224,-6195
14225,-19425
14226,-23520
14227,25970
14228,24185
14229,-81375
14230,-14105
14231,-28875
14232,-42455
14233,-12390
14234,-18200
14235,-63770
14236,-6475
14237,-1400
14238,-33740
14239,13230
14240,-47915
14241,-24185
14242,42070
14243,-25305
14244,-65205
14245,-30310
14246,-41020
14247,5495
14248,9170
14249,-23905
14250,13790
14251,26145
14252,15855
14253,-16310
14254,6930
14255,-75775
14256,-30310
14257,-32305
14258,-6720
14259,-52465
14260,-45045
14261,-38955
14262,-7595
14263,9065
14264,-28035
14265,-24850
14266,27160
14267,-24080
14268,3185
14269,945
14270,-63385
14271,-57505
14272,-19775
14273,-12460
14274,-27230
14275,57470
14276,-47670
14277,-10675
14278,4340
14279,15645
14280,17815
14281,9100
14282,27265
14283,-16485
14284,8715
14285,-32025
14286,-4760
14287,-59290
14288,-51625
14289,-2345
14290,-13545
14291,-20720
14292,-13090
14293,-40215
14294,-9660
14295,-13300
14296,-31220
14297,-9030
14298,-13090
14299,-12740
14300,-83475
14301,13160
14302,-24815
14303,-1680
14304,-56105
14305,3080
14306,-4690
14307,-66255
14308,7420
14309,-67305
14310,-26950
14311,-11725
14312,-805
14313,-49735
14314,24745
14315,-73010
14316,-111930
14317,-31360
14318,-2240
14319,-73430
14320,2660
14321,23590
14322,-15715
14323,-30205
14324,11935
14325,-77140
14326,-18725
14327,24150
14328,-7175
14329,-13195
14330,-1540
14331,-14560
14332,-62650
14333,-9135
14334,9870
14335,-20545
14336,-5005
14337,-16625
14338,-40005
14339,-37835
14340,-80115
14341,-31675
14342,6930
14343,-19145
14344,-53165
14345,21735
14346,13475
14347,32200
14348,-24220
14349,-46515
14350,-35035
14351,-560
14352,13300
14353,-59990
14354,-47775
14355,11725
14356,-39235
14357,-33705
14358,-2765
14359,-29540
14360,-21245
14361,-74655
14362,-11655
14363,-37240
14364,-35000
14365,-22085
14366,-56385
14367,-70945
14368,12670
14369,14035
14370,-16485
14371,-5250
14372,-36435
14373,-18655
14374,-14595
14375,-23800
14376,-11970
14377,-17080
14378,-42980
14379,-71505
14380,-28420
14381,-43680
14382,-70
14383,-40950
14384,-14350
14385,-45955
14386,4340
14387,-24535
14388,43785
14389,4655
14390,-74585
14391,38255
14392,-13475
14393,-64050
14394,-70070
14395,10290
14396,-93800
14397,-12390
14398,-12355
14399,-40600
14400,-4655
14401,20860
14402,-9870
14403,-83650
14404,-24570
14405,8015
14406,-31885
14407,-48685
14408,-10675
14409,12215
14410,-39445
14411,-57015
14412,2520
14413,44800
14414,-17780
14415,-20370
14416,-38430
14417,-32795
14418,-39725
14419,-46305
14420,24815
14421,-14805
14422,-14280
14423,5495
14424,-63770
14425,-9940
14426,-82285
14427,-43295
14428,-4060
14429,33145
14430,-11970
14431,27055
14432,40180
14433,-27440
14434,-18865
14435,-37415
14436,-54390
14437,-62230
14438,20510
14439,31605
14440,-34825
14441,40950
14442,17290
14443,39095
14444,-12950
14445,-17010
14446,7805
14447,-10500
14448,-50015
14449,-24675
14450,2905
14451,-56490
14452,-52045
14453,-37100
14454,30660
14455,-49525
14456,-32235
14457,-40390
14458,-24115
14459,-21105
14460,-7280
14461,315
14462,39725
14463,-58135
14464,-12600
14465,-50855
14466,-70140
14467,-37310
14468,36260
14469,-23030
14470,-32165
14471,-125930
14472,-23695
14473,-15505
14474,8715
14475,-68740
14476,2660
14477,-36820
14478,14630
14479,-55405
14480,31955
14481,-14455
14482,-13265
14483,105
14484,770
14485,-18200
14486,-10815
14487,7805
14488,-26845
14489,-6755
14490,-33495
14491,14665
14492,-148750
14493,-49315
14494,1225
14495,-88270
14496,-60305
14497,-1995
14498,-51205
14499,-42735
14500,-16555
14501,-8365
14502,-35875
14503,-25270
14504,28980
14505,-14140
14506,-32830
14507,-57750
14508,31465
14509,-31185
14510,-4620
14511,-20545
14512,-68810
14513,-56175
14514,3815
14515,-3465
14516,-58590
14517,-1015
14518,700
14519,-13965
14520,39165
14521,-15855
14522,-27090
14523,5705
14524,5040
14525,4235
14526,4165
14527,-28035
14528,14315
14529,-35
14530,-16310
14531,-5530
14532,-7035
14533,-37380
14534,-41020
14535,20930
14536,-21105
14537,25165
14538,-14210
14539,-52605
14540,-2310
14541,-87640
14542,-55580
14543,-43785
14544,28560
14545,-25375
14546,-24430
14547,-76545
14548,14560
14549,-15190
14550,-9765
14551,-61180
14552,-38955
14553,-49770
14554,-26845
14555,315
14556,-50960
14557,-86450
14558,-17920
14559,-47355
14560,-53970
14561,1960
14562,-58205
14563,-28280
14564,-45185
14565,-27160
14566,2800
14567,-24920
14568,-40460
14569,19005
14570,39165
14571,-17080
14572,-31150
14573,-35525
14574,-22435
14575,4970
14576,-8470
14577,10290
14578,2205
14579,-98910
14580,-54775
14581,-5985
14582,20090
14583,-1645
14584,-10325
14585,-57925
14586,-15750
14587,-40180
14588,-2100
14589,-6825
14590,-44695
14591,5635
14592,-42735
14593,1505
14594,-23590
14595,-14805
14596,35595
14597,-65870
14598,-39235
14599,-5635
14600,9695
14601,-54215
14602,-34895
14603,-26460
14604,-27510
14605,-58940
14606,-40075
14607,37275
14608,-14000
14609,-21700
14610,-35595
14611,18725
14612,-36365
14613,-12950
14614,-56665
14615,-52675
14616,-41195
14617,-17465
14618,4655
14619,-5355
14620,-37100
14621,-24710
14622,-77420
14623,-14385
14624,-3780
14625,53480
14626,-65275
14627,-22540
14628,14525
14629,15610
14630,-34125
14631,-42840
14632,6405
14633,2870
14634,-114940
14635,4900
14636,-4760
14637,-20020
14638,-6650
14639,-13720
14640,-36505
14641,24325
14642,-17360
14643,-101955
14644,910
14645,-63420
14646,-60620
14647,-14805
14648,-73990
14649,41720
14650,-490
14651,31675
14652,20685
14653,7315
14654,-29400
14655,-11130
14656,-7350
14657,-70210
14658,-64470
14659,-26250
14660,-38500
14661,20755
14662,-67585
14663,-10325
14664,-23380
14665,-76615
14666,-29015
14667,10815
14668,-49035
14669,-58660
14670,10430
14671,-50925
14672,-20825
14673,-28735
14674,-62440
14675,-45885
14676,-875
14677,-80570
14678,-42735
14679,-5460
14680,27930
14681,-31920
14682,4410
14683,7175
14684,-67270
14685,1260
14686,-59850
14687,1120
14688,-9695
14689,-53795
14690,-13020
14691,9170
14692,1120
14693,-8890
14694,-38325
14695,-29260
14696,-27335
14697,5915
14698,-9695
14699,-71190
14700,-25375
14701,-7840
14702,-36435
14703,-82215
14704,-35980
14705,19530
14706,-101850
14707,-27125
14708,33845
14709,-42070
14710,3605
14711,-16415
14712,-20300
14713,-77175
14714,3640
14715,15855
14716,-36855
14717,1540
14718,-52745
14719,-82985
14720,-6720
14721,7210
14722,-43015
14723,-13930
14724,19600
14725,-13265
14726,455
14727,7140
14728,-53340
14729,32620
14730,9205
14731,-99820
14732,-41685
14733,-11655
14734,1015
14735,-23590
14736,-71505
14737,32200
14738,20685
14739,1575
14740,-41195
14741,-76265
14742,-50330
14743,-62405
14744,-35700
14745,-27020
14746,-5635
14747,-10570
14748,6230
14749,-32410
14750,105
14751,-32725
14752,2660
14753,-38745
14754,-68460
14755,26075
14756,-26740
14757,-21525
14758,-46690
14759,7350
14760,-30835
14761,-11550
14762,-8680
14763,-11620
14764,-134855
14765,15190
14766,3605
14767,-3325
14768,29855
14769,-37135
14770,-22120
14771,-24955
14772,-28350
14773,-2800
14774,-4620
14775,-19320
14776,-28700
14777,-25760
14778,-78155
14779,-48475
14780,-16590
14781,-44695
14782,-89215
14783,1680
14784,-45080
14785,12600
14786,-63070
14787,4620
14788,-46970
14789,2030
14790,-16485
14791,-16835
14792,-14980
14793,28070
14794,-52465
14795,18340
14796,-6475
14797,43505
14798,3290
14799,-49455
14800,-5705
14801,-53235
14802,4060
14803,-40495
14804,-58450
14805,-32095
14806,21595
14807,-6055
14808,-14105
14809,4410
14810,7770
14811,-12810
14812,-64575
14813,13790
14814,16345
14815,44310
14816,-18165
14817,13965
14818,28140
14819,-13475
14820,13615
14821,-27930
14822,-82110
14823,-21000
14824,-4760
14825,15610
14826,-26670
14827,-51485
14828,28945
14829,6195
14830,-18305
14831,-40810
14832,39025
14833,-13685
14834,-59850
14835,18060
14836,-7385
14837,-25550
14838,-7630
14839,-34230
14840,-84490
14841,5040
14842,-82145
14843,-5845
14844,-38080
14845,-26530
14846,-100170
14847,-13160
14848,9765
14849,-15295
14850,28805
14851,32445
14852,28385
14853,-46970
14854,-9030
14855,-2030
14856,13125
14857,-56875
14858,-25690
14859,2625
14860,-3990
14861,12005
14862,-20895
14863,-45640
14864,28385
14865,-12320
14866,4025
14867,-10465
14868,-74865
14869,-71120
14870,-14175
14871,-23765
14872,15435
14873,7910
14874,-16345
14875,-38325
14876,-36155
14877,-20825
14878,-30870
14879,11760
14880,-22155
14881,-100170
14882,-64435
14883,-5530
14884,-60725
14885,-36960
14886,1295
14887,-37030
14888,-25900
14889,24920
14890,-11655
14891,-4585
14892,-455
14893,-27895
14894,-19775
14895,25760
14896,-25515
14897,-54845
14898,-45640
14899,-30415
14900,-72800
14901,-6755
14902,-39795
14903,-54950
14904,17500
14905,19355
14906,21105
14907,-43960
14908,-45745
14909,17780
14910,-945
14911,-30415
14912,-23485
14913,-26390
14914,-27405
14915,30240
14916,29260
14917,-90475
14918,-37205
14919,3360
14920,11095
14921,19110
14922,-41335
14923,-22785
14924,-48720
14925,-35105
14926,-14945
14927,7455
14928,-56840
14929,-57715
14930,-41370
14931,-1540
14932,-39970
14933,-20895
14934,-31570
14935,-14875
14936,-34370
14937,-28210
14938,9765
14939,-77455
14940,-34930
14941,34405
14942,-53410
14943,-37030
14944,-16765
14945,62125
14946,-6055
14947,6510
14948,-12845
14949,-24325
14950,-9065
14951,-23065
14952,-665
14953,-25620
14954,-19565
14955,-4515
14956,-27440
14957,-20405
14958,-6965
14959,-5425
14960,8050
14961,33985
14962,-34965
14963,-7525
14964,-40915
14965,-3535
14966,-23240
14967,-33775
14968,-5390
14969,41510
14970,-8295
14971,-21140
14972,-7875
14973,-75600
14974,22085
14975,-10255
14976,17605
14977,10535
14978,-5600
14979,25445
14980,-14000
14981,-42385
14982,11165
14983,-22540
14984,-19565
14985,-68635
14986,22750
14987,-6510
14988,-18830
14989,-39410
14990,21350
14991,-41230
14992,-51170
14993,-55195
14994,1365
14995,-18690
14996,15855
14997,-2905
14998,45115
14999,-32235
15000,18095
15001,-7245
15002,8505
15003,-66780
15004,10430
15005,-44485
15006,-1645
15007,-8925
15008,-38150
15009,23415
15010,8225
15011,-20300
15012,7560
15013,-6685
15014,9205
15015,-26215
15016,-66430
15017,-945
15018,-3885
15019,-78225
15020,19390
15021,43015
15022,-10430
15023,-70175
15024,-20020
15025,-20965
15026,-4200
15027,4235
15028,-25200
15029,-32935
15030,19915
15031,-53340
15032,19005
15033,-51205
15034,18725
15035,-21420
15036,-4095
15037,-60060
15038,-18480
15039,-37450
15040,-53760
15041,-23275
15042,-31780
15043,-28455
15044,-39270
15045,-72100
15046,-38780
15047,-26880
15048,-76895
15049,-45850
15050,-75285
15051,-17430
15052,-5005
15053,-1400
15054,8225
15055,-14350
15056,-34300
15057,5530
15058,-88760
15059,-8260
15060,-45080
15061,-34300
15062,-27580
15063,-38395
15064,-24465
15065,-16135
15066,7175
15067,-15890
15068,-3885
15069,5145
15070,-35280
15071,-88235
15072,10010
15073,-25480
15074,18585
15075,-44625
15076,-40215
15077,25375
15078,14875
15079,30240
15080,-38570
15081,-12005
15082,9555
15083,-27755
15084,26600
15085,15750
15086,2380
15087,-44100
15088,5530
15089,11760
15090,-30485
15091,-3500
15092,-27300
15093,-40180
15094,-45465
15095,-7980
15096,15225
15097,-66780
15098,-24570
15099,-74655
15100,-21980
15101,-27090
15102,-62860
15103,-28140
15104,3570
15105,45605
15106,18970
15107,-56210
15108,2590
15109,-32270
15110,-2555
15111,-22260
15112,-13825
15113,-11515
15114,-13615
15115,-19460
15116,-59885
15117,-18725
15118,15015
15119,-34615
15120,-29610
15121,5915
15122,9695
15123,-3640
15124,-21700
15125,-52465
15126,-67830
15127,-5530
15128,18760
15129,-31325
15130,-61390
15131,-25060
15132,6405
15133,-3605
15134,-70210
15135,18795
15136,-38150
15137,-27545
15138,33145
15139,15750
15140,-50575
15141,-26215
15142,-59850
15143,19215
15144,-63385
15145,19355
15146,-3360
15147,-20615
15148,-93345
15149,-9240
15150,7735
15151,-1995
15152,17290
15153,21175
15154,-28140
15155,-22540
15156,-40670
15157,22295
15158,10605
15159,5845
15160,10920
15161,-20685
15162,-36925
15163,-19880
15164,11060
15165,-50960
15166,39585
15167,-36960
15168,-560
15169,-58065
15170,4095
15171,-28105
15172,40145
15173,-14490
15174,24010
15175,-45570
15176,1470
15177,-91210
15178,-23835
15179,-56420
15180,14315
15181,-26915
15182,-14910
15183,3325
15184,-11900
15185,2170
15186,-13720
15187,18410
15188,-34195
15189,-72170
15190,-17955
15191,-13685
15192,-24080
15193,16415
15194,-17430
15195,-31255
15196,9660
15197,-14910
15198,8820
15199,-4410
15200,-54005
15201,-32095
15202,-30590
15203,-6090
15204,-7980
15205,-47495
15206,-17430
15207,12915
15208,-12915
15209,-4550
15210,41055
15211,-32270
15212,42945
15213,-17780
15214,-11970
15215,-16520
15216,-23415
15217,-20335
15218,-30590
15219,-13300
15220,5565
15221,-4375
15222,-68810
15223,-41055
15224,7140
15225,-8680
15226,-2415
15227,-55825
15228,-18130
15229,-36295
15230,-6615
15231,46760
15232,-52290
15233,-29260
15234,-61600
15235,-10150
15236,-48405
15237,-68005
15238,-10780
15239,-2135
15240,14945
15241,-62860
15242,-43435
15243,5915
15244,5425
15245,-63420
15246,-33355
15247,-12985
15248,-19915
15249,-43470
15250,-80220
15251,-33705
15252,-13265
15253,-46620
15254,-60935
15255,-31605
15256,-37345
15257,-64260
15258,385
15259,-13825
15260,-38360
15261,13370
15262,14840
15263,9030
15264,-12390
15265,-71260
15266,19285
15267,3500
15268,-70805
15269,-12110
15270,-2590
15271,-76755
15272,-34055
15273,-71820
15274,26950
15275,48895
15276,-2310
15277,-2485
15278,-22365
15279,-76930
15280,6090
15281,-15050
15282,5565
15283,32900
15284,-56770
15285,-57260
15286,27300
15287,-49210
15288,-33250
15289,-4130
15290,-24535
15291,3185
15292,-18725
15293,-43470
15294,16555
15295,24325
15296,-1435
15297,5145
15298,-55510
15299,15715
15300,-8295
15301,-33250
15302,-75565
15303,-2625
15304,4550
15305,-32340
15306,-81690
15307,-9520
15308,-24080
15309,21035
15310,-16170
15311,-37415
15312,-29925
15313,-75950
15314,-3045
15315,-25200
15316,-8750
15317,-54495
15318,-5845
15319,14280
15320,-14945
15321,-63700
15322,-15190
15323,-10045
15324,42560
15325,-24010
15326,-79205
15327,-31325
15328,-28000
15329,-2555
15330,-28350
15331,-12880
15332,55720
15333,-36470
15334,-70070
15335,-53130
15336,-19145
15337,19355
15338,-12565
15339,-13510
15340,-33565
15341,-16415
15342,-12110
15343,16625
15344,3955
15345,-72450
15346,-27965
15347,10465
15348,-11060
15349,-46900
15350,8785
15351,21700
15352,-5285
15353,-8890
15354,-18795
15355,27825
15356,23275
15357,15855
15358,-10115
15359,-14035
15360,8925
15361,-36610
15362,-35210
15363,-18165
15364,9135
15365,-51100
15366,10640
15367,-4410
15368,-11130
15369,-29855
15370,-2345
15371,-42770
15372,20965
15373,-61180
15374,-11515
15375,-73780
15376,-51275
15377,-4165
15378,-29120
15379,-5635
15380,-55405
15381,-27230
15382,-52220
15383,-27685
15384,-27615
15385,14455
15386,-22330
15387,-11025
15388,-18025
15389,-9590
15390,-35315
15391,-76055
15392,-5915
15393,10010
15394,23800
15395,-33005
15396,-45780
15397,-31605
15398,-57715
15399,-42840
15400,9555
15401,-45535
15402,-10535
15403,7420
15404,-47110
15405,-46655
15406,-87710
15407,16170
15408,-67060
15409,17395
15410,-48335
15411,44905
15412,-49595
15413,-13475
15414,-92085
15415,-12775
15416,9100
15417,-62195
15418,-11830
15419,-18410
15420,-3570
15421,-51590
15422,-48755
15423,-22155
15424,-35140
15425,16450
15426,31780
15427,19880
15428,-42735
15429,-12740
15430,-74445
15431,-55440
15432,-72415
15433,5005
15434,-13580
15435,11900
15436,-1400
15437,-59570
15438,17185
15439,-70
15440,24045
15441,7525
15442,31255
15443,-31885
15444,-90265
15445,-21980
15446,-63490
15447,-25130
15448,-67935
15449,490
15450,-28560
15451,-140
15452,-43120
15453,-35245
15454,23520
15455,-20545
15456,-76475
15457,-14350
15458,-56455
15459,-17885
15460,-19460
15461,-26460
15462,-28035
15463,-2030
15464,-6370
15465,-49245
15466,6230
15467,-1645
15468,-46830
15469,44100
15470,-33425
15471,-31500
15472,-24150
15473,-31640
15474,-48090
15475,-32375
15476,-32060
15477,-44590
15478,-54810
15479,-1750
15480,30380
15481,-75390
15482,-11690
15483,20895
15484,46480
15485,-7315
15486,-7980
15487,-38150
15488,31745
15489,-31535
15490,26460
15491,-66185
15492,-67620
15493,-28770
15494,-56945
15495,-7700
15496,-41510
15497,9695
15498,-82985
15499,-18235
15500,-14210
15501,-39270
15502,-29785
15503,-19320
15504,-18200
15505,-101500
15506,7945
15507,4130
15508,-20860
15509,22855
15510,-28630
15511,-8190
15512,-46725
15513,-17185
15514,-44380
15515,-5215
15516,-39620
15517,13615
15518,-36400
15519,-4165
15520,33180
15521,15610
15522,-65100
15523,23975
15524,-18270
15525,-57505
15526,-12425
15527,3955
15528,-54775
15529,-13545
15530,16625
15531,-19565
15532,-10745
15533,-32375
15534,19390
15535,-44205
15536,-5355
15537,26250
15538,-13545
15539,-27335
15540,14840
15541,8925
15542,-38185
15543,-57820
15544,-93485
15545,-9765
15546,4305
15547,-38745
15548,-7910
15549,-104860
15550,-109515
15551,-22190
15552,-9275
15553,-8715
15554,-22050
15555,6650
15556,-44100
15557,-52570
15558,13300
15559,-50085
15560,-61075
15561,-21385
15562,-21735
15563,-22645
15564,-9415
15565,-72485
15566,15820
15567,24220
15568,-33320
15569,-35280
15570,-875
15571,-60235
15572,-61670
15573,-12390
15574,-25515
15575,-57435
15576,-385
15577,37030
15578,-68880
15579,-46900
15580,-15365
15581,-8295
15582,-74725
15583,29365
15584,-39270
15585,17640
15586,-48335
15587,-37835
15588,-35280
15589,-38605
15590,-39830
15591,26005
15592,-4165
15593,-43120
15594,-5425
15595,-52290
15596,15400
15597,11375
15598,-40110
15599,30415
15600,-32200
15601,-21035
15602,-20370
15603,57505
15604,9625
15605,-51205
15606,-11830
15607,-32655
15608,-42490
15609,63875
15610,14105
15611,-65485
15612,-8575
15613,-32375
15614,-19425
15615,-51345
15616,50890
15617,-2065
15618,-71995
15619,11620
15620,-97860
15621,-13755
15622,23940
15623,-26950
15624,-33565
15625,-18165
15626,4830
15627,-13335
15628,2835
15629,-18095
15630,-8645
15631,-17150
15632,-45710
15633,-16870
15634,27125
15635,-17430
15636,2030
15637,-30275
15638,21105
15639,26635
15640,-39725
15641,30975
15642,-13650
15643,-9240
15644,-13720
15645,-19495
15646,29715
15647,19005
15648,-29295
15649,7910
15650,6580
15651,-39900
15652,-40390
15653,-3080
15654,15330
15655,-7385
15656,2730
15657,-74900
15658,-10360
15659,-3080
15660,-19460
15661,-22085
15662,2905
15663,-8260
15664,-73325
15665,-9065
15666,12215
15667,280
15668,-25095
15669,-21770
15670,-3605
15671,-73220
15672,9170
15673,-60585
15674,-21525
15675,-49385
15676,-280
15677,41475
15678,-45360
15679,1260
15680,-43260
15681,9345
15682,-70455
15683,-52780
15684,28700
15685,-58100
15686,31255
15687,1995
15688,-99190
15689,-50015
15690,-17955
15691,-100310
15692,-21385
15693,-19215
15694,-45920
15695,-5740
15696,8085
15697,-9800
15698,-36505
15699,-70035
15700,-15820
15701,-43120
15702,-11760
15703,-14385
15704,-14980
15705,-31045
15706,-30065
15707,-14665
15708,-26005
15709,31115
15710,-45885
15711,-64820
15712,-44205
15713,-42805
15714,-21700
15715,-41090
15716,8015
15717,-33355
15718,22925
15719,-4795
15720,-33180
15721,-49105
15722,-79450
15723,31395
15724,-11830
15725,-7840
15726,-4165
15727,41720
15728,-40110
15729,-32655
15730,-22995
15731,-70
15732,2625
15733,-18515
15734,-88585
15735,350
15736,-58590
15737,10780
15738,-7840
15739,3815
15740,-20895
15741,-35945
15742,-47110
15743,-36960
15744,6440
15745,10465
15746,-34965
15747,-11830
15748,5005
15749,-28105
15750,25830
15751,-14280
15752,20300
15753,9205
15754,2065
15755,-67620
15756,19985
15757,-19985
15758,-28875
15759,-15155
15760,20510
15761,-4060
15762,-805
15763,9170
15764,-28630
15765,-71085
15766,16240
15767,-20125
15768,-67305
15769,-19810
15770,14245
15771,-15995
15772,-5775
15773,-21805
15774,-16275
15775,-11235
15776,23380
15777,-14245
15778,8995
15779,-19810
15780,-25620
15781,-35875
15782,-40635
15783,-51695
15784,-16695
15785,-20125
15786,12915
15787,-11970
15788,-16135
15789,-11200
15790,-60655
15791,-60515
15792,-75565
15793,7175
15794,-29505
15795,-26985
15796,-16520
15797,11095
15798,-31780
15799,-31535
15800,18900
15801,-29855
15802,-9870
15803,-8995
15804,-32690
15805,700
15806,20580
15807,36435
15808,12355
15809,-29190
15810,-54145
15811,3150
15812,4515
15813,8050
15814,-57155
15815,-38220
15816,-68180
15817,4550
15818,-20370
15819,-66220
15820,1330
15821,19705
15822,10150
15823,-41475
15824,27090
15825,38815
15826,-5600
15827,-54460
15828,-12950
15829,9205
15830,-10885
15831,-11550
15832,-23730
15833,-26005
15834,12110
15835,-17535
15836,18480
15837,-36435
15838,-53025
15839,-34825
15840,-35910
15841,9555
15842,-54110
15843,-49385
15844,26075
15845,-107975
15846,-54950
15847,-28630
15848,-67305
15849,-25970
15850,-26530
15851,-910
15852,2695
15853,-17745
15854,-54355
15855,-54040
15856,-32620
15857,-11795
15858,-46655
15859,16100
15860,-21280
15861,-85330
15862,-10500
15863,37905
15864,-25725
15865,-50540
15866,-7280
15867,24325
15868,-32830
15869,-47565
15870,-5355
15871,-34580
15872,-14350
15873,-6195
15874,-21700
15875,-25690
15876,-42035
15877,20335
15878,-16905
15879,-12075
15880,15715
15881,7560
15882,-6650
15883,-14455
15884,-50085
15885,-46515
15886,-48790
15887,-13195
15888,5845
15889,-16765
15890,10990
15891,-78365
15892,16590
15893,-48020
15894,-17360
15895,-14595
15896,-27370
15897,-42035
15898,13930
15899,27160
15900,-65835
15901,4375
15902,-43960
15903,55860
15904,-20300
15905,-20020
15906,-6965
15907,-5110
15908,11480
15909,-34650
15910,4620
15911,-3290
15912,-31150
15913,9100
15914,-24535
15915,-27090
15916,-34755
15917,-27720
15918,-2415
15919,-4900
15920,-22330
15921,28945
15922,-23450
15923,25725
15924,-49945
15925,-45010
15926,-24255
15927,-35070
15928,23800
15929,-14105
15930,-74305
15931,-100730
15932,-7770
15933,-95340
15934,-53725
15935,-5775
15936,-9275
15937,-113890
15938,-5915
15939,-46130
15940,-51380
15941,595
15942,16135
15943,22155
15944,-2450
15945,19390
15946,-23240
15947,-50295
15948,40040
15949,-35
15950,-48195
15951,8190
15952,-20930
15953,-63945
15954,13965
15955,-21875
15956,-12320
15957,-30520
15958,-29260
15959,-55405
15960,39410
15961,-48510
15962,-30380
15963,10010
15964,-49770
15965,-36365
15966,-30275
15967,13055
15968,-47530
15969,24745
15970,-53305
15971,16975
15972,-7840
15973,6020
15974,-4060
15975,-21245
15976,6825
15977,-8715
15978,-74690
15979,-18935
15980,-14700
15981,21770
15982,-19985
15983,-39235
15984,-47145
15985,-17675
15986,31850
15987,-47075
15988,10675
15989,17290
15990,-25690
15991,-21035
15992,-42665
15993,-10815
15994,-34055
15995,-26950
15996,-46935
15997,-68320
15998,-9800
15999,4620
16000,-53550
16001,-53095
16002,-21175
16003,-74795
16004,-66815
16005,-20650
16006,-67200
16007,-43400
16008,3815
16009,-87150
16010,-3920
16011,-51100
16012,32690
16013,-15820
16014,-19215
16015,-9345
16016,-7420
16017,9345
16018,-27335
16019,-8785
16020,-11585
16021,-7910
16022,5145
16023,26040
16024,-38605
16025,-350
16026,-18200
16027,-66885
16028,-4095
16029,42525
16030,-55440
16031,47180
16032,-3850
16033,-60830
16034,-6685
16035,-40705
16036,-67375
16037,30660
16038,-8785
16039,-8330
16040,-11305
16041,-28280
16042,21770
16043,-26950
16044,-8575
16045,-27125
16046,1295
16047,-116865
16048,-14665
16049,-50295
16050,-22750
16051,35665
16052,25200
16053,-43260
16054,-74270
16055,-19600
16056,-69090
16057,-38885
16058,-41650
16059,-6405
16060,-280
16061,21735
16062,-20650
16063,-8645
16064,-34895
16065,-32865
16066,13510
16067,-48335
16068,-30660
16069,22960
16070,-46410
16071,-58695
16072,-6335
16073,-43890
16074,-27895
16075,-40565
16076,9030
16077,-60760
16078,-26460
16079,-61110
16080,-5635
16081,-23520
16082,-37485
16083,-86975
16084,-14770
16085,-26145
16086,-37520
16087,-41860
16088,-3920
16089,-5180
16090,-35770
16091,-11270
16092,-21595
16093,30380
16094,-43470
16095,-18305
16096,-23940
16097,-32025
16098,-26705
16099,-59010
16100,-33425
16101,-23345
16102,39445
16103,-31570
16104,13895
16105,11445
16106,-36925
16107,-17990
16108,-79520
16109,-70560
16110,-57400
16111,-23065
16112,-34685
16113,-67795
16114,-70035
16115,-3605
16116,-41265
16117,-6195
16118,-33075
16119,-15295
16120,7035
16121,-5775
16122,-73815
16123,-57540
16124,20615
16125,-31885
16126,-17080
16127,-54180
16128,-40180
16129,7245
16130,-22855
16131,-33600
16132,-6545
16133,28560
16134,-19950
16135,-33705
16136,16660
16137,-8855
16138,-49000
16139,1190
16140,-42455
16141,-46445
16142,-39235
16143,15225
16144,-2345
16145,-60235
16146,11165
16147,1645
16148,56035
16149,-100555
16150,-31535
16151,50890
16152,54495
16153,-24360
16154,-42805
16155,-25620
16156,-33670
16157,-47040
16158,-2030
16159,20265
16160,-16625
16161,33285
16162,-37940
16163,-14140
16164,-60445
16165,-38465
16166,-41265
16167,-8015
16168,-28770
16169,-20790
16170,26215
16171,-35560
16172,-1890
16173,-84980
16174,-33635
16175,-6020
16176,4060
16177,-48650
16178,3045
16179,-39970
16180,-21840
16181,-31045
16182,-27125
16183,3605
16184,18830
16185,6020
16186,27300
16187,-31920
16188,-39830
16189,-31850
16190,-3220
16191,-46690
16192,-26845
16193,12635
16194,-35245
16195,-27055
16196,-74060
16197,-39025
16198,-8295
16199,-9275
16200,33180
16201,-6125
16202,-61110
16203,-79485
16204,13405
16205,-27195
16206,-22855
16207,1995
16208,-70
16209,13405
16210,7315
16211,-7910
16212,8435
16213,-5635
16214,-44170
16215,-69755
16216,-72695
16217,-29225
16218,37730
16219,875
16220,-9380
16221,6125
16222,-52640
16223,14315
16224,-14385
16225,16485
16226,-19075
16227,-29610
16228,-105525
16229,13195
16230,-46270
16231,3115
16232,-24955
16233,15435
16234,-58660
16235,-52430
16236,26705
16237,13650
16238,-34405
16239,-7140
16240,27370
16241,2800
16242,-25760
16243,-9345
16244,12145
16245,18690
16246,-63210
16247,-42035
16248,-18830
16249,-2310
16250,-50015
16251,7665
16252,-10780
16253,-47565
16254,-26635
16255,24465
16256,-21000
16257,-9100
16258,-9660
16259,-20195
16260,-62055
16261,-5460
16262,15085
16263,37730
16264,-27510
16265,-43470
16266,35035
16267,-37975
16268,420
16269,6335
16270,-70140
16271,-8855
16272,-945
16273,805
16274,-4060
16275,23170
16276,11865
16277,-56630
16278,2135
16279,-54110
16280,-21000
16281,-41895
16282,-63630
16283,-14595
16284,-31430
16285,-42315
16286,22260
16287,5425
16288,3045
16289,18760
16290,-2520
16291,-24010
16292,-28490
16293,-19145
16294,16485
16295,-3850
16296,6300
16297,-5705
16298,-1855
16299,-46095
16300,-59815
16301,-3780
16302,-4235
16303,6755
16304,10220
16305,-45920
16306,-31990
16307,-34790
16308,-27720
16309,-27545
16310,-55755
16311,-9625
16312,-7280
16313,-17780
16314,-63980
16315,-25095
16316,-16940
16317,-98175
16318,12110
16319,-33845
16320,-66465
16321,-61950
16322,-43820
16323,19110
16324,-14245
16325,-86975
16326,-7735
16327,14140
16328,-29925
16329,-10255
16330,-44030
16331,-51625
16332,980
16333,36260
16334,-29995
16335,-13055
16336,21805
16337,-12425
16338,5810
16339,-38605
16340,-37065
16341,-24185
16342,-39095
16343,-23765
16344,-62720
16345,-87395
16346,-3605
16347,23905
16348,-52185
16349,-2310
16350,-57715
16351,-12005
16352,-69300
16353,-11655
16354,1680
16355,-89880
16356,-10885
16357,-113750
16358,-18865
16359,2695
16360,-59990
16361,-35840
16362,-32235
16363,-4375
16364,-36050
16365,-40915
16366,6230
16367,-4305
16368,-24080
16369,-19005
16370,-5110
16371,-17815
16372,-35315
16373,16835
16374,-61705
16375,35630
16376,-35945
16377,-70210
16378,-17885
16379,23450
16380,-17115
16381,-11165
16382,14770
16383,-11410
16384,-38150
16385,-15960
16386,-3290
16387,45990
16388,6685
16389,-61355
16390,-68180
16391,13300
16392,-24745
16393,8820
16394,13965
16395,-25235
16396,-12285
16397,-68145
16398,-8015
16399,-38570
16400,-5740
16401,18445
16402,29750
16403,-57330
16404,40915
16405,-38780
16406,-62720
16407,-20685
16408,13510
16409,-19040
16410,-57715
16411,-13580
16412,25025
16413,-14245
16414,-17500
16415,14980
16416,-59115
16417,-82075
16418,23205
16419,-25025
16420,-6055
16421,-32130
16422,-54005
16423,-4760
16424,-51450
16425,-83160
16426,-14945
16427,-34930
16428,-39375
16429,-32970
16430,-8015
16431,-7770
16432,16065
16433,27160
16434,-25305
16435,-23485
16436,23660
16437,-12740
16438,25200
16439,-18480
16440,-84525
16441,23485
16442,-66780
16443,-42175
16444,-37975
16445,-28175
16446,-80710
16447,26145
16448,23695
16449,-54810
16450,25200
16451,-3325
16452,-43610
16453,-34090
16454,-2310
16455,700
16456,-16730
16457,-37940
16458,-67165
16459,-59815
16460,-33110
16461,-26005
16462,-2275
16463,-37205
16464,-53165
16465,31780
16466,-25340
16467,-20125
16468,-60270
16469,3325
16470,-68425
16471,-22295
16472,-29715
16473,-13510
16474,50470
16475,-71085
16476,-11620
16477,-26110
16478,-33250
16479,-48160
16480,-56630
16481,20510
16482,-5180
16483,-61040
16484,-12390
16485,24115
16486,-49735
16487,-23135
16488,-3815
16489,-53865
16490,-57575
16491,-49070
16492,-16345
16493,-35210
16494,-17150
16495,-52885
16496,9555
16497,-37205
16498,-23835
16499,13405
16500,14980
16501,-37940
16502,-52570
16503,24815
16504,-34090
16505,-62405
16506,-17395
16507,-30240
16508,7980
16509,-63735
16510,-16100
16511,43435
16512,-79380
16513,-24780
16514,-32305
16515,-13370
16516,11795
16517,-67900
16518,-31150
16519,-39165
16520,38255
16521,14070
16522,-74060
16523,19565
16524,-56280
16525,-19705
16526,-29085
16527,-30065
16528,-8575
16529,7175
16530,19915
16531,-16205
16532,24815
16533,23415
16534,3710
16535,1750
16536,-50890
16537,-31780
16538,-27650
16539,-55195
16540,43260
16541,-29015
16542,-42280
16543,16555
16544,-26460
16545,-9170
16546,-35245
16547,-1855
16548,-24920
16549,-11970
16550,-24605
16551,-5530
16552,-33705
16553,19775
16554,4865
16555,455
16556,43260
16557,24220
16558,-41720
16559,3885
16560,-63280
16561,-31920
16562,-2765
16563,4585
16564,19915
16565,3115
16566,-97265
16567,-32305
16568,6370
16569,-10605
16570,15680
16571,-16275
16572,-9485
16573,6370
16574,17325
16575,-7945
16576,-10150
16577,7245
16578,7210
16579,-47285
16580,-39620
16581,-59290
16582,26600
16583,-21595
16584,-23485
16585,-40740
16586,-86450
16587,9240
16588,-40985
16589,-48895
16590,2310
16591,9030
16592,-40670
16593,-37800
16594,28945
16595,16240
16596,-33880
16597,58520
16598,-20825
16599,-3955
16600,44590
16601,26775
16602,-62860
16603,-7770
16604,47425
16605,-27510
16606,-14105
16607,-21385
16608,-64820
16609,-18795
16610,-57260
16611,-47005
16612,-62895
16613,-31675
16614,-68005
16615,-30625
16616,-6405
16617,-15295
16618,11900
16619,-45710
16620,-36575
16621,11340
16622,-38955
16623,-69615
16624,-3850
16625,-23135
16626,-24010
16627,-19775
16628,-49700
16629,-28595
16630,-77490
16631,2520
16632,7035
16633,28630
16634,-50925
16635,-18690
16636,-20195
16637,-64785
16638,-70455
16639,-79905
16640,-17115
16641,-31640
16642,30730
16643,44520
16644,-40950
16645,37275
16646,-58065
16647,-53235
16648,-15155
16649,-7490
16650,-44555
16651,-7910
16652,-86835
16653,-10710
16654,-6685
16655,-63000
16656,-32305
16657,7840
16658,7595
16659,-38080
16660,-40950
16661,-12250
16662,-26250
16663,-16240
16664,-11095
16665,17010
16666,-78120
16667,-23870
16668,-105665
16669,4025
16670,-42070
16671,3570
16672,-59360
16673,-20160
16674,-24955
16675,-87185
16676,-80255
16677,-9380
16678,5110
16679,-6720
16680,4935
16681,-75145
16682,-48895
16683,18445
16684,9660
16685,-38675
16686,4830
16687,-34370
16688,-8820
16689,36890
16690,-51625
16691,48265
16692,-27405
16693,11515
16694,-9415
16695,1365
16696,-35735
16697,-17010
16698,-6440
16699,-86135
16700,-10115
16701,-7490
16702,32655
16703,-1575
16704,-57890
16705,-54285
16706,43680
16707,-15435
16708,-30695
16709,30135
16710,-80920
16711,46830
16712,-23275
16713,-10675
16714,-29015
16715,-48825
16716,-3990
16717,-24710
16718,-57540
16719,-14980
16720,-25305
16721,4865
16722,-101990
16723,18200
16724,-78855
16725,-11865
16726,-89355
16727,-39515
16728,700
16729,-18480
16730,-40670
16731,2380
16732,3010
16733,-19040
16734,16555
16735,26740
16736,-16975
16737,7000
16738,-29400
16739,-1750
16740,16695
16741,1330
16742,-14455
16743,1470
16744,-49035
16745,-49315
16746,-8890
16747,-13230
16748,-39585
16749,-19985
16750,-9905
16751,-23275
16752,-34650
16753,-34265
16754,-23520
16755,-15085
16756,-12845
16757,17570
16758,-18550
16759,21000
16760,-65730
16761,-1540
16762,-29820
16763,-1120
16764,-12215
16765,-36085
16766,32690
16767,-39130
16768,40460
16769,-42105
16770,70
16771,-30765
16772,-21315
16773,-5320
16774,7630
16775,-89985
16776,1260
16777,-16765
16778,31990
16779,14280
16780,-17465
16781,29505
16782,-17570
16783,-13825
16784,31850
16785,-37065
16786,-11515
16787,-40600
16788,-6405
16789,-28420
16790,-21245
16791,-5495
16792,-11585
16793,-56875
16794,-56070
16795,-16765
16796,-34965
16797,-18620
16798,-3045
16799,8715
16800,31815
16801,-26845
16802,-630
16803,-13930
16804,-2205
16805,-31115
16806,-26180
16807,-70
16808,-16450
16809,10745
16810,-36435
16811,525
16812,-28875
16813,-7315
16814,18690
16815,2240
16816,18480
16817,-18060
16818,-22680
16819,-8365
16820,-4165
16821,10745
16822,-60935
16823,-34790
16824,-31430
16825,-32690
16826,-14350
16827,-31780
16828,-21595
16829,21070
16830,-15610
16831,-4655
16832,-34160
16833,-7280
16834,-34370
16835,-26285
16836,16590
16837,-22925
16838,-17815
16839,25200
16840,-8610
16841,-59675
16842,-35595
16843,-20055
16844,-71960
16845,-3360
16846,-51765
16847,-48160
16848,-35980
16849,-1750
16850,-56000
16851,-23590
16852,-67375
16853,4795
16854,-2520
16855,-60970
16856,17150
16857,8820
16858,-30485
16859,-55125
16860,-5950
16861,-4410
16862,-83510
16863,-17605
16864,-2870
16865,-4270
16866,5425
16867,-23450
16868,-40075
16869,-13195
16870,-20825
16871,-80885
16872,-38325
16873,-11655
16874,13440
16875,20965
16876,-106820
16877,38745
16878,-53760
16879,-23100
16880,-49840
16881,-31185
16882,-44520
16883,-65485
16884,5985
16885,-25760
16886,12880
16887,-48930
16888,-21910
16889,-33915
16890,-84525
16891,-37555
16892,-37485
16893,-21980
16894,-70875
16895,-47180
16896,-3710
16897,-140
16898,-30100
16899,-12390
16900,-18445
16901,-28385
16902,4305
16903,34580
16904,4375
16905,-12180
16906,455
16907,40810
16908,-33425
16909,31290
16910,-595
16911,-15855
16912,-19145
16913,-1925
16914,-36645
16915,-34440
16916,-32900
16917,7490
16918,-3885
16919,-6265
16920,5355
16921,10640
16922,-40250
16923,-12600
16924,17955
16925,-17290
16926,12775
16927,23520
16928,-31885
16929,-53515
16930,-87115
16931,-42910
16932,22435
16933,-27615
16934,-41650
16935,-3955
16936,-8785
16937,-39900
16938,-21385
16939,8295
16940,44555
16941,21455
16942,9450
16943,-12215
16944,14245
16945,-24255
16946,-46900
16947,-23415
16948,-13755
16949,-52290
16950,-25060
16951,40355
16952,-11235
16953,-10430
16954,-50785
16955,-27475
16956,-19705
16957,4970
16958,5145
16959,-11970
16960,-5495
16961,19285
16962,-84455
16963,-24115
16964,8750
16965,-106400
16966,29505
16967,-12670
16968,-26005
16969,-12495
16970,-8330
16971,-3325
16972,-30240
16973,-17885
16974,37310
16975,-46760
16976,-8400
16977,-49665
16978,-34580
16979,-64435
16980,-44065
16981,-18375
16982,-27160
16983,-2485
16984,26285
16985,-9240
16986,31255
16987,-11340
16988,-24640
16989,-4130
16990,-23380
16991,-9835
16992,-63735
16993,-35805
16994,-15400
16995,-22855
16996,-51170
16997,-22470
16998,27650
16999,29295
17000,-18270
17001,19915
17002,-18515
17003,27475
17004,5110
17005,-14595
17006,-52010
17007,32515
17008,32060
17009,-15925
17010,-13790
17011,-26460
17012,44800
17013,-10150
17014,-47810
17015,24255
17016,-17815
17017,-980
17018,27265
17019,-19740
17020,19670
17021,2205
17022,-18410
17023,-5250
17024,-52535
17025,-16520
17026,28420
17027,-24115
17028,17465
17029,-38325
17030,16800
17031,-59150
17032,-32095
17033,34650
17034,-35105
17035,41090
17036,10430
17037,-28385
17038,-52535
17039,-18515
17040,-49665
17041,-12320
17042,-45290
17043,-72240
17044,11025
17045,-38710
17046,-19530
17047,-50540
17048,-67305
17049,-20125
17050,-27440
17051,-8295
17052,-16065
17053,-42910
17054,-11340
17055,-8890
17056,-48720
17057,-45675
17058,-40775
17059,10815
17060,-34020
17061,-5040
17062,-39060
17063,23730
17064,-4585
17065,9695
17066,1855
17067,-12075
17068,43750
17069,28315
17070,14105
17071,-6650
17072,-27405
17073,-75320
17074,-20930
17075,2555
17076,-25620
17077,-66255
17078,8855
17079,-23660
17080,1540
17081,-24955
17082,-43995
17083,-52885
17084,23660
17085,-13475
17086,-59360
17087,-31325
17088,-28420
17089,-455
17090,-31010
17091,-61250
17092,53970
17093,2800
17094,-40075
17095,-38675
17096,20055
17097,-16100
17098,-8295
17099,-30765
17100,-35630
17101,2520
17102,-43890
17103,-52325
17104,-14490
17105,22645
17106,-13020
17107,-24080
17108,-61950
17109,-48580
17110,38955
17111,-57960
17112,-10220
17113,-50820
17114,-27755
17115,7140
17116,-134225
17117,12740
17118,-66955
17119,-44100
17120,-35210
17121,-31080
17122,-805
17123,-26810
17124,-17990
17125,13195
17126,-47635
17127,27195
17128,3640
17129,-23415
17130,19530
17131,-6370
17132,5180
17133,-39865
17134,-35000
17135,-34020
17136,16730
17137,-175
17138,18165
17139,14945
17140,-11200
17141,-36785
17142,-32165
17143,-3150
17144,23555
17145,-15610
17146,-42455
17147,-27020
17148,-64190
17149,23345
17150,-21665
17151,21840
17152,-92330
17153,-20160
17154,-12705
17155,-19215
17156,-30275
17157,5565
17158,-70280
17159,3640
17160,-17325
17161,-37625
17162,6195
17163,13545
17164,-31885
17165,5985
17166,-47390
17167,-59325
17168,-4095
17169,20685
17170,-26530
17171,-22750
17172,-59045
17173,-9905
17174,-46585
17175,-18865
17176,-22575
17177,-2695
17178,595
17179,-47670
17180,-62965
17181,10990
17182,-10220
17183,19040
17184,4060
17185,-35420
17186,45500
17187,-15190
17188,29575
17189,-38500
17190,-22680
17191,-6440
17192,-9975
17193,-23870
17194,46305
17195,-22225
17196,-52360
17197,-81970
17198,-24255
17199,-10220
17200,-26215
17201,15330
17202,31185
17203,-10990
17204,-11725
17205,2345
17206,5075
17207,-53410
17208,-21840
17209,20370
17210,54880
17211,-19250
17212,-1960
17213,-36085
17214,-36505
17215,-67725
17216,-65555
17217,-33845
17218,-23065
17219,-39760
17220,-43015
17221,-46900
17222,-45675
17223,-26460
17224,-3675
17225,-52255
17226,-97405
17227,-6860
17228,-30240
17229,-49210
17230,36680
17231,-44590
17232,4340
17233,7105
17234,6545
17235,-16135
17236,3045
17237,-39550
17238,-4620
17239,-63980
17240,-2135
17241,-32935
17242,36925
17243,175
17244,8575
17245,-5740
17246,-22750
17247,-13965
17248,-55790
17249,-28350
17250,-15190
17251,7245
17252,-51520
17253,27475
17254,-21735
17255,-42420
17256,55650
17257,-52325
17258,-71995
17259,-29890
17260,-56210
17261,22540
17262,-51975
17263,-44415
17264,-2450
17265,24360
17266,11585
17267,-18340
17268,-47320
17269,-39480
17270,7105
17271,-33390
17272,5180
17273,26005
17274,-45430
17275,-46340
17276,-37905
17277,-14140
17278,-32130
17279,-45920
17280,-37555
17281,9765
17282,-31185
17283,-35175
17284,-83160
17285,-24955
17286,-15680
17287,-11725
17288,13125
17289,-6055
17290,32480
17291,11095
17292,-32585
17293,-28945
17294,4445
17295,490
17296,-64225
17297,3850
17298,-31045
17299,-59325
17300,-18620
17301,-12985
17302,-9590
17303,-21350
17304,-54110
17305,-13055
17306,11165
17307,-107765
17308,2730
17309,4515
17310,-12915
17311,-28910
17312,-10850
17313,-101150
17314,14630
17315,12985
17316,-34265
17317,-50925
17318,2450
17319,1190
17320,-48195
17321,-34160
17322,-62930
17323,21980
17324,-10080
17325,-73430
17326,-19425
17327,-56350
17328,-41510
17329,-41510
17330,-18375
17331,25305
17332,-41685
17333,2345
17334,-64190
17335,-29050
17336,-3185
17337,-17675
17338,16905
17339,-17570
17340,-13195
17341,-45360
17342,15295
17343,40180
17344,-54285
17345,-20055
17346,-55685
17347,41685
17348,40075
17349,16450
17350,-30765
17351,-22260
17352,3535
17353,-46550
17354,-13930
17355,-10220
17356,28735
17357,-42490
17358,24535
17359,16590
17360,-59290
17361,20370
17362,-13755
17363,5460
17364,630
17365,-84140
17366,-55265
17367,-1015
17368,-29330
17369,-7245
17370,-49875
17371,-22925
17372,-3710
17373,-44240
17374,-37450
17375,-51975
17376,29820
17377,-55930
17378,-24500
17379,7000
17380,-21910
17381,-16065
17382,8785
17383,-48300
17384,-24885
17385,-67655
17386,3150
17387,-19565
17388,-38395
17389,32550
17390,22960
17391,-38570
17392,33040
17393,-32200
17394,23555
17395,-10850
17396,-105770
17397,7560
17398,-64785
17399,14525
17400,-63175
17401,33530
17402,-36855
17403,-42245
17404,-16380
17405,-33355
17406,-59990
17407,1365
17408,-44660
17409,-27650
17410,-33215
17411,28035
17412,12390
17413,6370
17414,-52535
17415,-41230
17416,-60305
17417,-2030
17418,19600
17419,8260
17420,-40950
17421,-6405
17422,-63105
17423,-92470
17424,-74130
17425,-25025
17426,-56140
17427,-63980
17428,-5320
17429,-47670
17430,-14525
17431,-38990
17432,-34090
17433,-30170
17434,12705
17435,35945
17436,-62265
17437,22120
17438,-54705
17439,7665
17440,-28945
17441,3605
17442,26040
17443,30765
17444,-30625
17445,-52150
17446,-4655
17447,-50225
17448,-41510
17449,-31710
17450,-28840
17451,-35525
17452,10675
17453,-62685
17454,-17115
17455,-19005
17456,21140
17457,21420
17458,-74620
17459,-71645
17460,-840
17461,-30450
17462,700
17463,-32865
17464,30730
17465,35105
17466,-20930
17467,840
17468,-9310
17469,-17395
17470,-26285
17471,-13370
17472,-2170
17473,-32550
17474,-18585
17475,-1260
17476,-23660
17477,350
17478,22120
17479,-6440
17480,-49875
17481,-38325
17482,2940
17483,2695
17484,-43295
17485,-15960
17486,-3605
17487,-2555
17488,9380
17489,-12985
17490,29540
17491,-48790
17492,-13160
17493,-53340
17494,3745
17495,-3885
17496,9415
17497,16310
17498,-4270
17499,-69755
17500,-6615
17501,-30730
17502,-7490
17503,22085
17504,-58730
17505,-9695
17506,-24920
17507,-3605
17508,-41160
17509,-114135
17510,-30870
17511,-910
17512,-20195
17513,-21315
17514,26460
17515,13090
17516,18025
17517,-64330
17518,-25690
17519,34230
17520,-56385
17521,-67095
17522,-26005
17523,-43610
17524,-30800
17525,12740
17526,24185
17527,-7175
17528,-6825
17529,-53830
17530,-245
17531,-45535
17532,-8575
17533,-30380
17534,19810
17535,28175
17536,-41300
17537,-16765
17538,13545
17539,-35980
17540,21035
17541,17045
17542,-2415
17543,12915
17544,-29015
17545,-45815
17546,-28980
17547,-17990
17548,17255
17549,8505
17550,5635
17551,-58555
17552,3780
17553,-10640
17554,-41230
17555,-44870
17556,-26425
17557,-17640
17558,-37100
17559,-39655
17560,-81305
17561,-71680
17562,-35980
17563,-82005
17564,-28385
17565,10570
17566,-34265
17567,-65695
17568,-14175
17569,-45815
17570,-115150
17571,-19320
17572,-47670
17573,8470
17574,-490
17575,-12495
17576,12845
17577,8120
17578,-18095
17579,-42770
17580,6055
17581,-1295
17582,-20685
17583,-36575
17584,-51065
17585,-51415
17586,18130
17587,-37695
17588,30485
17589,-12145
17590,-3605
17591,-5670
17592,-10990
17593,-23485
17594,-9625
17595,-35595
17596,-77945
17597,-11690
17598,11795
17599,-42280
17600,-39725
17601,-5565
17602,-9835
17603,26985
17604,-27090
17605,-27510
17606,-64295
17607,20755
17608,-10570
17609,-27020
17610,41335
17611,-41020
17612,26915
17613,-4305
17614,18655
17615,20335
17616,-40285
17617,-1085
17618,32445
17619,-18795
17620,8190
17621,-56175
17622,-87045
17623,-54600
17624,-27615
17625,-34370
17626,-64680
17627,-4655
17628,-50085
17629,-51205
17630,-57330
17631,28350
17632,-8750
17633,-15365
17634,32375
17635,-36470
17636,-2975
17637,-25935
17638,7665
17639,39340
17640,-10465
17641,-48860
17642,33040
17643,-86100
17644,-3990
17645,-66430
17646,-23800
17647,-43540
17648,-72975
17649,-49595
17650,17290
17651,-59605
17652,-29120
17653,-10500
17654,-75565
17655,-25410
17656,-60725
17657,-37065
17658,-14070
17659,-12320
17660,-23380
17661,-3920
17662,-17290
17663,-14630
17664,3430
17665,-29960
17666,17430
17667,13335
17668,18340
17669,-74620
17670,-3185
17671,12670
17672,-28805
17673,-4340
17674,2590
17675,-19495
17676,13020
17677,-27300
17678,-32760
17679,-5915
17680,-75740
17681,15820
17682,-92610
17683,-13090
17684,-42525
17685,7665
17686,8505
17687,-12775
17688,8540
17689,28700
17690,-9975
17691,-11270
17692,28070
17693,-31115
17694,-47565
17695,7525
17696,-18515
17697,5390
17698,-41055
17699,-24535
17700,41405
17701,-4375
17702,-45360
17703,9975
17704,-980
17705,3045
17706,4060
17707,-6265
17708,4515
17709,7210
17710,22120
17711,-54530
17712,-4585
17713,26845
17714,-28140
17715,-45570
17716,-6825
17717,6930
17718,39375
17719,16240
17720,-10780
17721,-16870
17722,9940
17723,-42875
17724,-46060
17725,30870
17726,-69335
17727,37065
17728,10500
17729,-46620
17730,5740
17731,8820
17732,34720
17733,-17500
17734,-41545
17735,-20090
17736,-16905
17737,-57365
17738,-11970
17739,-10290
17740,7035
17741,-12810
17742,-46550
17743,-37205
17744,-24675
17745,-42175
17746,4235
17747,-30380
17748,13510
17749,-84455
17750,-72870
17751,-18270
17752,-6265
17753,-69685
17754,8505
17755,-49945
17756,-59325
17757,420
17758,6615
17759,-24045
17760,10780
17761,-25235
17762,-15225
17763,-8855
17764,-41440
17765,-63875
17766,-54250
17767,-37065
17768,-13020
17769,22820
17770,-48265
17771,14175
17772,-3815
17773,-350
17774,-90615
17775,-3815
17776,-14945
17777,27790
17778,-61110
17779,15120
17780,-56770
17781,2205
17782,-48230
17783,4515
17784,-14805
17785,-3465
17786,31920
17787,-104720
17788,-6160
17789,-28420
17790,-54250
17791,23660
17792,-54565
17793,27405
17794,-34475
17795,-49350
17796,-36330
17797,-12495
17798,-41930
17799,-74165
17800,-52360
17801,-9800
17802,-38815
17803,-62685
17804,-57785
17805,-32970
17806,-53200
17807,33075
17808,-11550
17809,-111335
17810,-27055
17811,15330
17812,-18165
17813,21770
17814,24325
17815,23065
17816,52605
17817,-47285
17818,-28315
17819,-4830
17820,11095
17821,-23590
17822,-210
17823,-54355
17824,-91140
17825,52465
17826,-55615
17827,-42455
17828,-44310
17829,-53935
17830,-25795
17831,-48475
17832,-9555
17833,-49035
17834,-13020
17835,14490
17836,-58695
17837,-48825
17838,-50225
17839,-2870
17840,3640
17841,-80150
17842,-36925
17843,-40390
17844,-111020
17845,12775
17846,-38955
17847,-61985
17848,-29785
17849,-15715
17850,-78575
17851,-4865
17852,-13230
17853,26145
17854,-2485
17855,-29960
17856,-8575
17857,-14210
17858,24325
17859,-19250
17860,-19635
17861,3710
17862,44275
17863,-54320
17864,-50540
17865,7945
17866,-48370
17867,-20160
17868,23030
17869,-22540
17870,-18620
17871,-36960
17872,-59150
17873,-32200
17874,-64715
17875,-13370
17876,-8260
17877,39235
17878,-28105
17879,3710
17880,-14980
17881,38955
17882,-20370
17883,-69230
17884,4830
17885,23380
17886,15890
17887,-25690
17888,-32935
17889,-46235
17890,-34755
17891,-30800
17892,-23905
17893,-6055
17894,-20475
17895,-18690
17896,-24675
17897,-41930
17898,-18445
17899,27230
17900,-61215
17901,-3430
17902,8120
17903,-315
17904,4340
17905,-22015
17906,-3255
17907,-59465
17908,-35280
17909,19425
17910,3115
17911,-99960
17912,39340
17913,40040
17914,-47565
17915,14560
17916,3955
17917,-55860
17918,-7525
17919,-10605
17920,-29330
17921,-33775
17922,10290
17923,-69300
17924,-31430
17925,-50820
17926,31115
17927,-47950
17928,-47670
17929,-15610
17930,-34580
17931,26565
17932,-42735
17933,-21455
17934,-490
17935,5075
17936,-57190
17937,36330
17938,-4830
17939,22400
17940,-65660
17941,-49280
17942,20125
17943,-2765
17944,-12075
17945,-37625
17946,-19775
17947,-66115
17948,-29400
17949,-75460
17950,-61845
17951,22610
17952,-1435
17953,-58555
17954,-79940
17955,-31080
17956,4655
17957,-45360
17958,-21035
17959,-15540
17960,-30555
17961,-54985
17962,-13125
17963,-33460
17964,-34720
17965,-49700
17966,-19495
17967,20545
17968,-64890
17969,-4585
17970,-51170
17971,-21070
17972,7455
17973,7035
17974,-35805
17975,-20755
17976,-70420
17977,-61180
17978,-27020
17979,-3815
17980,-40355
17981,-6125
17982,3360
17983,-53305
17984,-22890
17985,-4200
17986,-8680
17987,-23905
17988,-48440
17989,-17780
17990,27650
17991,-15470
17992,7455
17993,1715
17994,5530
17995,32270
17996,-2800
17997,-875
17998,-53935
17999,-1365
18000,15190
18001,-90965
18002,-36750
18003,1435
18004,-12705
18005,-54880
18006,-62685
18007,-39410
18008,-11200
18009,-29540
18010,-56770
18011,12635
18012,-14490
18013,-10640
18014,-37695
18015,34265
18016,-7350
18017,-41650
18018,-45955
18019,-6335
18020,-55370
18021,-30520
18022,-30765
18023,2100
18024,-2345
18025,25270
18026,49035
18027,-31710
18028,-78645
18029,-79835
18030,-63770
18031,140
18032,13405
18033,20160
18034,-89670
18035,-72485
18036,-24115
18037,-15260
18038,-3500
18039,-27615
18040,-7070
18041,-58765
18042,-52115
18043,-35630
18044,-61215
18045,-25655
18046,-2450
18047,-35700
18048,10955
18049,7035
18050,-44345
18051,13545
18052,-38955
18053,-56910
18054,-35595
18055,-15365
18056,-82670
18057,-61005
18058,-43365
18059,-7315
18060,-54285
18061,-4795
18062,4515
18063,-17920
18064,-35875
18065,-27300
18066,-53130
18067,-35700
18068,-61635
18069,315
18070,32165
18071,-22050
18072,-8750
18073,19145
18074,-17745
18075,54075
18076,-48545
18077,-90405
18078,29470
18079,-41195
18080,-67970
18081,-50155
18082,-58870
18083,30555
18084,11410
18085,-101745
18086,-42070
18087,-38115
18088,-17325
18089,20160
18090,-17150
18091,-10710
18092,-7735
18093,-12705
18094,-17325
18095,19110
18096,14910
18097,8155
18098,-67935
18099,9100
18100,-27650
18101,-46620
18102,6440
18103,5600
18104,24535
18105,13825
18106,-15365
18107,-9800
18108,20825
18109,-72205
18110,20930
18111,18830
18112,-8540
18113,-49735
18114,-8890
18115,-20195
18116,-22155
18117,55510
18118,35140
18119,5005
18120,-39305
18121,-43330
18122,-41020
18123,-53200
18124,-6545
18125,-17605
18126,3255
18127,-11480
18128,-24500
18129,-945
18130,-43190
18131,5985
18132,-6335
18133,-41370
18134,-10045
18135,-66570
18136,19285
18137,5775
18138,3255
18139,17290
18140,-63595
18141,-18620
18142,23135
18143,-945
18144,-18130
18145,-26460
18146,-46550
18147,-71085
18148,-52220
18149,-16310
18150,-67655
18151,-16590
18152,18620
18153,-85925
18154,-39550
18155,20475
18156,-82845
18157,-32760
18158,-16555
18159,2590
18160,38570
18161,-31115
18162,5040
18163,49455
18164,-41930
18165,-34650
18166,-17920
18167,16520
18168,-23870
18169,-30660
18170,-67410
18171,40670
18172,1715
18173,-69090
18174,-1610
18175,-15610
18176,-35280
18177,-59710
18178,-53130
18179,-63665
18180,-18620
18181,-39655
18182,25130
18183,-1995
18184,8505
18185,15190
18186,-10220
18187,-10570
18188,-15120
18189,-13020
18190,-42140
18191,-55685
18192,1645
18193,10815
18194,-52360
18195,9030
18196,-22365
18197,18865
18198,-45150
18199,-65835
18200,-73080
18201,-4970
18202,-14770
18203,-105
18204,-67410
18205,1785
18206,-26425
18207,-56560
18208,14945
18209,-17990
18210,27510
18211,17360
18212,9310
18213,-910
18214,-48055
18215,-46620
18216,-12600
18217,-11410
18218,-30870
18219,12040
18220,-30205
18221,-2695
18222,-14105
18223,18830
18224,3885
18225,-18235
18226,-49175
18227,-80850
18228,18200
18229,-34300
18230,-32830
18231,-15785
18232,-525
18233,-805
18234,-17710
18235,3955
18236,-27685
18237,-76580
18238,-32585
18239,-20615
18240,-47530
18241,-70805
18242,23135
18243,-16905
18244,-945
18245,-20440
18246,-25935
18247,-41580
18248,-7700
18249,175
18250,-34335
18251,3220
18252,-23765
18253,9170
18254,-6650
18255,10185
18256,33145
18257,-51030
18258,-45570
18259,-23625
18260,-17920
18261,11235
18262,-2730
18263,-9415
18264,35140
18265,-79135
18266,-44940
18267,-33145
18268,16380
18269,-21840
18270,9415
18271,-43960
18272,-76195
18273,-50995
18274,13475
18275,-51625
18276,-20895
18277,1400
18278,-7280
18279,-42910
18280,-29085
18281,-47600
18282,-31500
18283,-31150
18284,-58625
18285,-140
18286,9205
18287,48755
18288,-8750
18289,-51905
18290,-63350
18291,-30275
18292,-42735
18293,11305
18294,8400
18295,-45220
18296,8750
18297,47215
18298,15295
18299,-39410
18300,-59815
18301,12075
18302,-57330
18303,1645
18304,-56875
18305,-3290
18306,-50085
18307,-68460
18308,-4305
18309,13720
18310,-29925
18311,-69720
18312,31185
18313,-30275
18314,-71400
18315,-43505
18316,-28315
18317,-40215
18318,-61495
18319,-29085
18320,38465
18321,22260
18322,-4235
18323,17290
18324,-28070
18325,13825
18326,6440
18327,-44240
18328,-23870
18329,-61635
18330,-17850
18331,-60235
18332,-19705
18333,-33915
18334,7910
18335,-19635
18336,-8855
18337,-54845
18338,-38605
18339,-46655
18340,8435
18341,1225
18342,-31605
18343,-50330
18344,-5110
18345,14700
18346,-36925
18347,-10990
18348,29260
18349,-95900
18350,12040
18351,-17570
18352,-45220
18353,-1715
18354,-46270
18355,-24955
18356,-3150
18357,-68635
18358,3255
18359,-9205
18360,-15505
18361,-26845
18362,-36120
18363,-27755
18364,-5915
18365,-16030
18366,31920
18367,-15190
18368,-27195
18369,27510
18370,-3850
18371,-28420
18372,-19950
18373,38360
18374,11270
18375,-6930
18376,-26705
18377,-6335
18378,-13650
18379,-46270
18380,-49980
18381,-21700
18382,-12635
18383,-34580
18384,-53480
18385,-90615
18386,-21420
18387,-49070
18388,25200
18389,1365
18390,-6440
18391,-7070
18392,14910
18393,-62790
18394,4130
18395,-85225
18396,-24920
18397,-39025
18398,-40005
18399,-6020
18400,-490
18401,-25480
18402,-11235
18403,-23030
18404,22015
18405,-51940
18406,-89915
18407,16870
18408,8750
18409,-26145
18410,-29820
18411,-73255
18412,12320
18413,11480
18414,-7980
18415,29785
18416,-99295
18417,-39445
18418,14175
18419,-1400
18420,-24150
18421,-42805
18422,28630
18423,35455
18424,15785
18425,23695
18426,-15855
18427,2730
18428,2345
18429,26075
18430,-26250
18431,-10990
18432,-17710
18433,-4305
18434,-29680
18435,-40320
18436,11270
18437,-47180
18438,12285
18439,-43645
18440,6965
18441,45150
18442,3500
18443,-40075
18444,14980
18445,-34895
18446,-15750
18447,8715
18448,-31465
18449,-25480
18450,18200
18451,12460
18452,-35
18453,5635
18454,-28980
18455,-39270
18456,-39760
18457,-18025
18458,-5005
18459,-41475
18460,-28840
18461,25970
18462,-68390
18463,-17430
18464,-2590
18465,-4655
18466,-52605
18467,-58765
18468,-54810
18469,8785
18470,1925
18471,-58100
18472,2345
18473,-40670
18474,9380
18475,16625
18476,-70840
18477,-5775
18478,-54600
18479,-23695
18480,46760
18481,33600
18482,-16730
18483,-12670
18484,-18935
18485,3115
18486,-5285
18487,-53200
18488,2730
18489,10255
18490,4830
18491,22435
18492,-51380
18493,13965
18494,-63805
18495,45745
18496,-8120
18497,-68495
18498,-27405
18499,-60795
18500,3955
18501,-37590
18502,-24955
18503,-25095
18504,26740
18505,15505
18506,-12600
18507,-2205
18508,35840
18509,-72345
18510,46305
18511,-19565
18512,14175
18513,46585
18514,-107065
18515,21490
18516,46865
18517,-35665
18518,-43575
18519,32410
18520,-67025
18521,-31885
18522,-18165
18523,14105
18524,-12635
18525,-20020
18526,4410
18527,-82565
18528,-65275
18529,-9590
18530,37100
18531,15575
18532,9415
18533,-43505
18534,-46235
18535,-2975
18536,-3395
18537,-74690
18538,-60410
18539,-43855
18540,-19985
18541,-32060
18542,5600
18543,-57190
18544,-19460
18545,-21770
18546,-22645
18547,-42560
18548,-1260
18549,-47670
18550,-11095
18551,-31920
18552,-65415
18553,-665
18554,665
18555,-33635
18556,-102445
18557,-5075
18558,-39165
18559,-21665
18560,-20125
18561,-910
18562,-50820
18563,-79870
18564,-21105
18565,-38815
18566,-6650
18567,-81830
18568,-68635
18569,-35420
18570,-78610
18571,-32585
18572,22785
18573,-95760
18574,-5285
18575,-50400
18576,-48895
18577,13195
18578,-1820
18579,-45465
18580,-840
18581,15540
18582,-56245
18583,-13440
18584,-1470
18585,-43435
18586,30135
18587,-12425
18588,5985
18589,-49945
18590,-41650
18591,7770
18592,49735
18593,12250
18594,-90160
18595,6580
18596,-19740
18597,-36680
18598,-18025
18599,-37555
18600,-16380
18601,-7560
18602,-18445
18603,-52885
18604,-20895
18605,-17500
18606,-55195
18607,-18165
18608,-19495
18609,25445
18610,-90510
18611,-8225
18612,19915
18613,-91595
18614,8960
18615,6230
18616,23240
18617,-20265
18618,-52395
18619,-31745
18620,5040
18621,-30100
18622,-17325
18623,-51520
18624,-15645
18625,14210
18626,-16135
18627,-9485
18628,-29925
18629,-37660
18630,-16660
18631,14035
18632,-57260
18633,3990
18634,-25445
18635,-35630
18636,-7490
18637,-3885
18638,-36540
18639,-53970
18640,7735
18641,-10430
18642,-12180
18643,-3745
18644,-54635
18645,10850
18646,-65730
18647,-42070
18648,-15925
18649,-13230
18650,15785
18651,-490
18652,51310
18653,-28805
18654,-59395
18655,-77315
18656,-11095
18657,-13370
18658,-48615
18659,-27895
18660,36540
18661,-31885
18662,8365
18663,-17640
18664,9030
18665,18900
18666,8610
18667,-45115
18668,28840
18669,17675
18670,2450
18671,-3640
18672,27125
18673,18655
18674,-45955
18675,-37450
18676,-19740
18677,-12355
18678,13510
18679,-42770
18680,10080
18681,-12530
18682,-33565
18683,-44205
18684,-79100
18685,-13020
18686,-82320
18687,-75565
18688,42140
18689,-11130
18690,-9555
18691,-28945
18692,1505
18693,-78820
18694,25690
18695,2275
18696,18095
18697,17885
18698,1960
18699,27930
18700,-30170
18701,-36610
18702,-36540
18703,-39025
18704,3640
18705,-15540
18706,33950
18707,-82180
18708,-1015
18709,-48755
18710,8750
18711,-89390
18712,-44590
18713,-4235
18714,-59815
18715,30730
18716,-5075
18717,-64330
18718,-31850
18719,-6230
18720,21595
18721,3465
18722,15890
18723,-5635
18724,-49910
18725,-34300
18726,-1960
18727,16065
18728,27090
18729,-35315
18730,-2835
18731,9135
18732,-46480
18733,-51870
18734,-18060
18735,57155
18736,-64225
18737,-10990
18738,-36995
18739,-56455
18740,-27755
18741,-7910
18742,-33635
18743,-33740
18744,-15260
18745,-35980
18746,1540
18747,2590
18748,-3115
18749,-100310
18750,-100870
18751,-9345
18752,34440
18753,10675
18754,-8330
18755,-41685
18756,12880
18757,-59185
18758,-37345
18759,-33565
18760,-15785
18761,-26075
18762,26915
18763,-78365
18764,-6335
18765,7455
18766,-34475
18767,32550
18768,-12495
18769,-63280
18770,595
18771,-57085
18772,-18725
18773,-32620
18774,-12775
18775,21315
18776,-52045
18777,-24255
18778,11340
18779,-36295
18780,-14770
18781,-5880
18782,-8435
18783,37065
18784,-840
18785,-1960
18786,-53480
18787,-32235
18788,-83720
18789,-43365
18790,-47355
18791,-86415
18792,-19705
18793,-27405
18794,-5180
18795,4130
18796,27195
18797,-22925
18798,7700
18799,7455
18800,-70035
18801,-44415
18802,-62230
18803,-20650
18804,21980
18805,-40600
18806,-66640
18807,25970
18808,24815
18809,-11900
18810,-77735
18811,18200
18812,-26600
18813,-22610
18814,12635
18815,-63385
18816,-16730
18817,32095
18818,26495
18819,-24150
18820,8995
18821,32130
18822,-48860
18823,-20335
18824,-45255
18825,-25935
18826,-6125
18827,-18865
18828,-77280
18829,8855
18830,-32060
18831,-93975
18832,5145
18833,-49770
18834,9100
18835,-33565
18836,-79450
18837,-19110
18838,-48300
18839,-10255
18840,-33250
18841,28385
18842,19145
18843,-98910
18844,-10885
18845,-43155
18846,-12775
18847,-84945
18848,30310
18849,47915
18850,26705
18851,-45780
18852,-14840
18853,-52605
18854,9555
18855,-13475
18856,10430
18857,-19950
18858,41440
18859,3255
18860,-12425
18861,14070
18862,-19180
18863,14245
18864,-37975
18865,-1435
18866,-22505
18867,-45360
18868,-73675
18869,5075
18870,-11445
18871,-50505
18872,4830
18873,-58275
18874,-13685
18875,-70140
18876,-22855
18877,33425
18878,-83545
18879,-32200
18880,-27720
18881,-7525
18882,-74060
18883,-35490
18884,-13055
18885,-22365
18886,-30590
18887,2940
18888,-53235
18889,14805
18890,-65380
18891,-35490
18892,34755
18893,-72940
18894,-31920
18895,30975
18896,8120
18897,-57225
18898,-19705
18899,19530
18900,-3920
18901,-113715
18902,-3780
18903,-71540
18904,15505
18905,-65275
18906,31640
18907,-3045
18908,53725
18909,-40355
18910,-52360
18911,-58555
18912,-31150
18913,-42945
18914,12530
18915,-9835
18916,5145
18917,-58940
18918,25515
18919,-43155
18920,1540
18921,-5145
18922,3150
18923,-2555
18924,-61425
18925,-23415
18926,-29890
18927,-69195
18928,-1785
18929,-21560
18930,33460
18931,-24955
18932,-18305
18933,-18410
18934,-42805
18935,-21770
18936,9765
18937,-85435
18938,19880
18939,-3675
18940,-7700
18941,-12005
18942,-54985
18943,-156800
18944,37695
18945,34055
18946,15225
18947,-35945
18948,-48020
18949,-44415
18950,35700
18951,4515
18952,-65660
18953,-5775
18954,-35700
18955,35070
18956,26565
18957,-25655
18958,-24850
18959,-74830
18960,-12075
18961,-6055
18962,-18095
18963,-39795
18964,-84630
18965,12775
18966,-68355
18967,2555
18968,10535
18969,-32340
18970,-15085
18971,-30555
18972,-29890
18973,-9555
18974,-54530
18975,-48825
18976,19180
18977,-24535
18978,2450
18979,-42455
18980,-2065
18981,13580
18982,10010
18983,-70
18984,-57610
18985,-3815
18986,19495
18987,-9800
18988,-26040
18989,7245
18990,-1435
18991,-35805
18992,-38220
18993,-46445
18994,-54985
18995,7840
18996,-88760
18997,-39795
18998,18375
18999,-32375
19000,21595
19001,-4620
19002,-1435
19003,-51800
19004,-71610
19005,-1190
19006,-32900
19007,-18270
19008,-6720
19009,-59150
19010,4165
19011,-40250
19012,-47355
19013,-71925
19014,17535
19015,-53515
19016,-13755
19017,-50050
19018,17990
19019,-59535
19020,-40565
19021,9205
19022,-24150
19023,-1925
19024,41755
19025,-24045
19026,-35945
19027,-44765
19028,-48125
19029,24780
19030,-48160
19031,1925
19032,-8155
19033,-22645
19034,-10605
19035,-59885
19036,-39480
19037,-3640
19038,-94745
19039,-31920
19040,33390
19041,-79135
19042,-37240
19043,35
19044,-17080
19045,1225
19046,15400
19047,-22470
19048,-22645
19049,-9520
19050,-74060
19051,24290
19052,-20160
19053,23940
19054,-18095
19055,3395
19056,-90930
19057,-22890
19058,-2170
19059,-27335
19060,-60550
19061,8680
19062,-41055
19063,12635
19064,-2170
19065,-52990
19066,-11585
19067,-7245
19068,-57890
19069,-3395
19070,-37625
19071,-101710
19072,-30765
19073,34020
19074,-9800
19075,11760
19076,4620
19077,-82005
19078,-1820
19079,15190
19080,-79345
19081,-16240
19082,-13510
19083,-123935
19084,-32970
19085,-44695
19086,-29960
19087,-70350
19088,23625
19089,25445
19090,-10185
19091,10605
19092,-27300
19093,-16800
19094,-4760
19095,-18200
19096,-81760
19097,-18550
19098,-5285
19099,38080
19100,-3220
19101,-10430
19102,21175
19103,-51240
19104,-27720
19105,-26180
19106,-51135
19107,-2415
19108,12460
19109,-18235
19110,-21840
19111,6895
19112,-39165
19113,-23940
19114,-47705
19115,-27440
19116,42315
19117,-44135
19118,-42350
19119,-7525
19120,-19250
19121,-33005
19122,595
19123,-17500
19124,-76195
19125,-45360
19126,-64785
19127,-11725
19128,39620
19129,-24675
19130,-16205
19131,-52010
19132,2520
19133,-22925
19134,8680
19135,-7000
19136,-31570
19137,-15295
19138,-26810
19139,-15085
19140,7805
19141,-34370
19142,-39690
19143,-6055
19144,-21210
19145,16660
19146,-5460
19147,-3185
19148,26950
19149,30310
19150,-34650
19151,-7490
19152,-28420
19153,-2555
19154,-35805
19155,6090
19156,-18550
19157,14595
19158,12670
19159,42700
19160,29120
19161,-19285
19162,-73500
19163,-65135
19164,-33320
19165,-9940
19166,-44870
19167,10780
19168,-20685
19169,-3500
19170,-11060
19171,-38115
19172,-1015
19173,17990
19174,-21420
19175,15470
19176,-59290
19177,30730
19178,-45115
19179,-34020
19180,-63070
19181,7350
19182,-58170
19183,-1890
19184,-54845
19185,35280
19186,-78960
19187,-19530
19188,-64785
19189,24780
19190,-35140
19191,-20650
19192,16870
19193,-8015
19194,-8155
19195,19740
19196,20825
19197,-7945
19198,21945
19199,-28665
19200,15645
19201,-26320
19202,-68845
19203,-11865
19204,-27440
19205,-2415
19206,-32410
19207,17535
19208,-20020
19209,-95935
19210,-21980
19211,1365
19212,-21280
19213,-12425
19214,4480
19215,50960
19216,-51275
19217,24465
19218,-3955
19219,33915
19220,-12565
19221,-2940
19222,-44205
19223,-97055
19224,-62055
19225,4795
19226,-35910
19227,28910
19228,1540
19229,-10220
19230,-79765
19231,-27755
19232,-26530
19233,-12495
19234,-1190
19235,9170
19236,-33880
19237,4585
19238,-18935
19239,-12250
19240,-13090
19241,-11900
19242,1190
19243,-27895
19244,-71190
19245,-56280
19246,-80745
19247,-28070
19248,4970
19249,-66500
19250,-41545
19251,-10010
19252,-84490
19253,26320
19254,5425
19255,4095
19256,-43960
19257,30345
19258,-14175
19259,7700
19260,-14070
19261,-4865
19262,12705
19263,-7910
19264,-15155
19265,10920
19266,-78925
19267,18550
19268,8855
19269,-64505
19270,-17745
19271,-17325
19272,-53410
19273,-10885
19274,17430
19275,-33775
19276,12530
19277,-38115
19278,665
19279,-37240
19280,-66045
19281,-64890
19282,24640
19283,-4270
19284,-24045
19285,43575
19286,21070
19287,12530
19288,-8260
19289,20580
19290,20755
19291,-25200
19292,-14035
19293,-13195
19294,-28875
19295,11305
19296,19285
19297,-52990
19298,10640
19299,-24535
19300,-36715
19301,-10955
19302,-12110
19303,-19460
19304,-7175
19305,42175
19306,-25935
19307,-24920
19308,-86065
19309,-8015
19310,-40005
19311,12355
19312,665
19313,10640
19314,-67165
19315,-26740
19316,-14525
19317,-44275
19318,-7665
19319,-36785
19320,-45185
19321,12320
19322,6580
19323,-17325
19324,-28595
19325,11410
19326,-19110
19327,-70
19328,-45500
19329,-15400
19330,-91210
19331,-39795
19332,4760
19333,-10430
19334,-22925
19335,-31955
19336,-2730
19337,-25585
19338,-58975
19339,-81970
19340,-43925
19341,-69125
19342,-5005
19343,-56385
19344,-26390
19345,-20020
19346,-29085
19347,-75635
19348,7980
19349,-31815
19350,-28420
19351,-22610
19352,-34895
19353,5005
19354,3255
19355,-36260
19356,40005
19357,-57225
19358,35
19359,-945
19360,-31745
19361,-75635
19362,13160
19363,17605
19364,-41265
19365,-19075
19366,-18445
19367,-53760
19368,15155
19369,30765
19370,-18690
19371,-74655
19372,-7070
19373,-3535
19374,12320
19375,-45465
19376,-63315
19377,-7525
19378,-58730
19379,-21455
19380,1050
19381,-16030
19382,-28770
19383,-25165
19384,18095
19385,-9485
19386,-26250
19387,-43155
19388,-39585
19389,-14315
19390,-29890
19391,5845
19392,11760
19393,-32235
19394,-42630
19395,42490
19396,-15925
19397,-28490
19398,-63210
19399,-20825
19400,-13300
19401,-33775
19402,-51590
19403,-37870
19404,-22645
19405,10605
19406,-47040
19407,2100
19408,-55160
19409,-66675
19410,-8190
19411,-37485
19412,-66430
19413,-23695
19414,-21035
19415,-50015
19416,-4480
19417,-6685
19418,-96880
19419,-67620
19420,-3430
19421,-5355
19422,-2765
19423,-34160
19424,-5180
19425,-8365
19426,-15995
19427,-61635
19428,-55405
19429,-68950
19430,-4165
19431,24955
19432,-57505
19433,12635
19434,21805
19435,-35700
19436,-65765
19437,-26180
19438,-19845
19439,-12390
19440,-50330
19441,-36155
19442,10185
19443,-28560
19444,-770
19445,-56385
19446,-55685
19447,-71400
19448,630
19449,-93730
19450,15960
19451,1995
19452,-8120
19453,-58170
19454,11900
19455,-57295
19456,-40600
19457,-20195
19458,-16730
19459,40845
19460,5110
19461,-1820
19462,-90685
19463,-15505
19464,-9695
19465,-3045
19466,-2905
19467,-35
19468,-16590
19469,8925
19470,-8540
19471,-30870
19472,-102620
19473,-27440
19474,-37835
19475,-44940
19476,-29400
19477,-84700
19478,8960
19479,1890
19480,-10955
19481,3465
19482,-63665
19483,-315
19484,-24500
19485,-31430
19486,-41580
19487,-40565
19488,8400
19489,-2975
19490,-6545
19491,-63070
19492,5320
19493,-27055
19494,21770
19495,-38885
19496,-77805
19497,7385
19498,-85855
19499,-17885
19500,34615
19501,32095
19502,-35315
19503,27440
19504,-43190
19505,-54425
19506,8960
19507,-43785
19508,-21350
19509,26110
19510,-30030
19511,-90405
19512,-6300
19513,-5845
19514,-66570
19515,6440
19516,-59115
19517,34230
19518,-17185
19519,-61495
19520,-47425
19521,-42175
19522,-24360
19523,23730
19524,-23940
19525,12915
19526,-28770
19527,-18795
19528,-27230
19529,-5250
19530,-11095
19531,-8575
19532,-20335
19533,9415
19534,-22190
19535,-30835
19536,-30135
19537,-69475
19538,-31325
19539,-70350
19540,6125
19541,-21105
19542,21805
19543,-34020
19544,-36925
19545,7175
19546,48545
19547,27615
19548,-22855
19549,-12390
19550,-17850
19551,-105
19552,13405
19553,-22505
19554,3745
19555,4165
19556,-19600
19557,-30100
19558,20440
19559,-44485
19560,19355
19561,-24395
19562,-17570
19563,-24570
19564,-39550
19565,13965
19566,-34090
19567,-62720
19568,37030
19569,-46690
19570,-49105
19571,-45115
19572,-44275
19573,-56245
19574,-1155
19575,42280
19576,-38745
19577,-46095
19578,-62720
19579,8855
19580,-97230
19581,-5040
19582,-36645
19583,-2415
19584,-35700
19585,35945
19586,1225
19587,840
19588,-52395
19589,-60130
19590,16660
19591,-12530
19592,-13930
19593,-24500
19594,-14280
19595,-31570
19596,-48965
19597,19600
19598,-11060
19599,-9625
19600,-17570
19601,-29365
19602,22295
19603,-36960
19604,-31185
19605,-39025
19606,-38290
19607,-55685
19608,-22715
19609,-6370
19610,-42455
19611,-45640
19612,-28000
19613,-38605
19614,-11655
19615,-14140
19616,-61635
19617,-51835
19618,-14665
19619,-48300
19620,20720
19621,-23275
19622,-29925
19623,10045
19624,-12180
19625,-34230
19626,-93520
19627,-156100
19628,27790
19629,-18200
19630,-43785
19631,-31535
19632,-66780
19633,-28175
19634,-105
19635,-31955
19636,-53060
19637,-25060
19638,-9800
19639,-36435
19640,-3220
19641,-93275
19642,-39935
19643,1435
19644,16835
19645,12425
19646,30590
19647,-64995
19648,-14875
19649,-51170
19650,-31010
19651,-40635
19652,-17780
19653,-25725
19654,11725
19655,29785
19656,-3920
19657,-33005
19658,5145
19659,33775
19660,2170
19661,28945
19662,-45780
19663,-5775
19664,-70455
19665,-31115
19666,-35245
19667,-96985
19668,-7175
19669,-8750
19670,20335
19671,-4410
19672,-15995
19673,-20790
19674,-6790
19675,-36820
19676,-38255
19677,-14980
19678,-31500
19679,-63105
19680,7875
19681,-22715
19682,1925
19683,-54635
19684,-23345
19685,-13580
19686,-11900
19687,15715
19688,-38675
19689,-11200
19690,-18445
19691,-17990
19692,-41335
19693,-30625
19694,33530
19695,-8820
19696,-67270
19697,-13440
19698,-94150
19699,-49070
19700,-11340
19701,-31220
19702,-24640
19703,-31395
19704,-119140
19705,-20370
19706,-38815
19707,8925
19708,-2415
19709,-53585
19710,-50855
19711,-57400
19712,-23660
19713,9730
19714,17675
19715,29470
19716,-46655
19717,6510
19718,21385
19719,-54250
19720,24010
19721,-38465
19722,-26565
19723,16520
19724,-40425
19725,42665
19726,-10255
19727,-49560
19728,-46340
19729,-45395
19730,-57085
19731,-71645
19732,-12355
19733,19775
19734,8365
19735,-50855
19736,31185
19737,-13755
19738,-60340
19739,-35455
19740,11095
19741,-13300
19742,32165
19743,20265
19744,33635
19745,2730
19746,-20580
19747,-44240
19748,-8890
19749,-26285
19750,-17290
19751,-34825
19752,-26425
19753,-52220
19754,11060
19755,41440
19756,1960
19757,-1120
19758,-3885
19759,-20405
19760,-39235
19761,-81935
19762,-33075
19763,9100
19764,-37765
19765,13475
19766,805
19767,-54145
19768,-33425
19769,23275
19770,-41090
19771,-12040
19772,-77105
19773,-51800
19774,-27195
19775,-30205
19776,-35700
19777,22365
19778,5810
19779,-36645
19780,-37975
19781,-30205
19782,-21350
19783,-33110
19784,31465
19785,-69440
19786,-29120
19787,-46830
19788,13440
19789,-630
19790,28525
19791,-55965
19792,-23030
19793,-91455
19794,-44730
19795,-39480
19796,15050
19797,14175
19798,7945
19799,-43120
19800,-17990
19801,-25130
19802,-56175
19803,-51660
19804,-24080
19805,-945
19806,-49210
19807,-25970
19808,-42560
19809,13825
19810,-41230
19811,-140
19812,-10780
19813,-40985
19814,-52325
19815,-7490
19816,30205
19817,-108920
19818,20300
19819,13475
19820,-2100
19821,16380
19822,8505
19823,0
19824,-11900
19825,16170
19826,-29085
19827,25515
19828,-41685
19829,6545
19830,-25795
19831,-34790
19832,-24185
19833,-47460
19834,-5950
19835,1925
19836,-9310
19837,17990
19838,-46340
19839,-45325
19840,32025
19841,-63805
19842,-23065
19843,-25480
19844,-21665
19845,-43715
19846,-44030
19847,-11620
19848,-13895
19849,-46480
19850,-29155
19851,1785
19852,-28910
19853,-56105
19854,-5215
19855,15925
19856,11165
19857,-11025
19858,-22540
19859,11830
19860,3150
19861,-6755
19862,32515
19863,-700
19864,38010
19865,32235
19866,-15610
19867,-10675
19868,-12425
19869,-23135
19870,-26005
19871,-45255
19872,-15120
19873,7490
19874,-51205
19875,-26180
19876,-34930
19877,-7735
19878,-75600
19879,-57155
19880,-2240
19881,-15855
19882,-28245
19883,-280
19884,22400
19885,11270
19886,9835
19887,-25795
19888,-42595
19889,-32375
19890,-9485
19891,-43155
19892,-98385
19893,-16695
19894,-39795
19895,-11235
19896,-73605
19897,22925
19898,10710
19899,-32480
19900,-54250
19901,-14735
19902,-37660
19903,-4550
19904,-57155
19905,-25445
19906,-42805
19907,-13615
19908,-49630
19909,-23975
19910,-20825
19911,-74620
19912,-15575
19913,-50190
19914,-24710
19915,16065
19916,-73220
19917,-49840
19918,33040
19919,-41860
19920,-22785
19921,-27895
19922,5495
19923,-32900
19924,-61075
19925,-60305
19926,700
19927,-121205
19928,-13195
19929,-27265
19930,18585
19931,1470
19932,-27090
19933,-34615
19934,-54880
19935,23100
19936,-560
19937,-104160
19938,-8225
19939,-19355
19940,2800
19941,-16695
19942,-44415
19943,-26880
19944,4130
19945,-26110
19946,-9485
19947,36470
19948,-6895
19949,-93625
19950,24010
19951,1505
19952,-20335
19953,-8155
19954,12040
19955,-22925
19956,-34825
19957,-25095
19958,25025
19959,-10815
19960,-43785
19961,-49945
19962,15400
19963,-94080
19964,-5250
19965,-34090
19966,21420
19967,-4340
19968,-23310
19969,11585
19970,-70070
19971,6510
19972,20825
19973,-49385
19974,-21980
19975,-15155
19976,-21700
19977,-29540
19978,23205
19979,-59815
19980,33565
19981,-25760
19982,-107835
19983,-1330
19984,-8750
19985,-8225
19986,-16870
19987,-12810
19988,9450
19989,-56770
19990,-9520
19991,-29750
19992,-12880
19993,14560
19994,-27335
19995,-21840
19996,-20300
19997,-22120
19998,-37870
19999,-41370
