Feature,Importance
sales_lag_1,0.4147754094473412
month,0.12147519892851479
sales_lag_7,0.09227387022236162
sales_roll_mean_7,0.08158912823800057
sales_lag_3,0.05958166077013012
sales_lag_2,0.0440451702718633
sales_lag_6,0.043793854970006846
sales_lag_5,0.04227608134799516
sales_lag_4,0.03700207573078854
sales_roll_std_7,0.03231781508878784
day_of_week,0.030869734984210046
