Model,MAE,RMSE,MAPE,Experiment
Seasonal Naive,14572.263188405797,22179.585248565265,21.42256845824479,B_Sales_Dynamics
Linear Regression,9944.578385070654,14411.735693410343,14.433631111380803,B_Sales_Dynamics
Random Forest,9816.724132608697,14436.064239458043,14.705522837447871,B_Sales_Dynamics
Holt-Winters,9627.774179200602,14840.677518566035,13.843855493020667,B_Sales_Dynamics
Prophet,11864.96181996156,14487.80013189506,18.858504076758496,B_Sales_Dynamics
SARIMAX,1.11828305070167e-10,1.7437566229968455e-10,1.806314535886515e-13,B_Sales_Dynamics
Ensemble (Top-3 Experts),6419.533053811478,9404.137012804187,9.442316109070234,B_Sales_Dynamics
