Model,MAE,RMSE,MAPE,Experiment
Seasonal Naive,14572.263188405797,22179.585248565265,21.42256845824479,B_Sales_Dynamics
Linear Regression,9986.204988316058,14634.094743768344,14.466761200809286,B_Sales_Dynamics
Random Forest,9658.183591304347,13977.361625640022,14.479191105960673,B_Sales_Dynamics
Holt-Winters,9625.944641521639,14833.972240508865,13.845410763289639,B_Sales_Dynamics
Prophet,11960.592338044728,14656.07064601271,19.00126748051994,B_Sales_Dynamics
SARIMAX,65081.58168058694,75213.83457915971,98.06650788187015,B_Sales_Dynamics
