Feature,Importance
sales_lag_1,0.39051900662966915
month,0.17516315901957633
sales_roll_mean_7,0.1517838134689225
sales_lag_7,0.13942339508323748
sales_roll_std_7,0.08170420302810741
day_of_week,0.06140642277048721
