Model,MAE,RMSE,MAPE,Experiment
Seasonal Naive,6277.477971014492,9644.063193956932,21.181607098605994,B_Sales_Dynamics
Linear Regression,4079.764781744637,6138.554214130853,14.110716321618355,B_Sales_Dynamics
Random Forest,7357.243560869566,8737.702538340369,27.655418653315834,B_Sales_Dynamics
Holt-Winters,4593.809743951222,6944.985743704754,14.835414208072256,B_Sales_Dynamics
Prophet,4209.011284385984,6098.28519849188,13.898210987095894,B_Sales_Dynamics
SARIMAX,4.3749067750152035e-09,4.985619927658352e-09,1.551650639169472e-11,B_Sales_Dynamics
Ensemble (Top-3 Experts),2571.5868316420024,3852.0337813461747,8.672196622637962,B_Sales_Dynamics
