Model,MAE,RMSE,MAPE,Experiment
Seasonal Naive,6277.477971014492,9644.063193956932,21.181607098605994,B_Sales_Dynamics
Linear Regression,4102.316764392464,6239.017496927711,14.13499200439314,B_Sales_Dynamics
Random Forest,7385.3474630434785,8588.593069849636,27.84807545510337,B_Sales_Dynamics
Holt-Winters,4593.809743951222,6944.985743704754,14.835414208072256,B_Sales_Dynamics
Prophet,4219.005603067024,6113.939808285167,13.906968714073455,B_Sales_Dynamics
SARIMAX,8899.80532850671,11277.157872578984,29.84844641016617,B_Sales_Dynamics
Ensemble (Top-3 Experts),3928.2392951332176,5973.217441967471,12.957329666465215,B_Sales_Dynamics
