Feature,Importance
month,0.4022886855442855
sales_lag_28,0.28544471680183775
sales_lag_7,0.22142878407945174
day_of_week,0.06579642523578466
season_num,0.0145233896133593
IsWeekend,0.010517998725281062
