Model,MAE,RMSE,MAPE,Experiment
Seasonal Naive,6277.477971014492,9644.063193956932,21.181607098605994,A_Temporal_Base
Linear Regression,5866.293834676076,7501.780669837985,21.377846962095937,A_Temporal_Base
Random Forest,8739.635097101449,9808.239204908741,32.853269459981334,A_Temporal_Base
Holt-Winters,4593.809743951222,6944.985743704754,14.835414208072256,A_Temporal_Base
Prophet,4636.875798746825,6557.972931400768,15.315638780614242,A_Temporal_Base
SARIMAX,4744.90192604801,6832.863749050436,16.28087934308247,A_Temporal_Base
Ensemble (Top-3 Experts),4371.117531432652,6541.714636295967,14.420016044949783,A_Temporal_Base
