sample,best_lucro
0,441
1,1134
2,1134
3,1134
4,1134
5,1134
6,1134
7,1134
8,1134
9,1134
10,1134
11,1134
12,1134
13,1134
14,1134
15,1134
16,1134
17,1134
18,1134
19,1134
20,1134
21,1134
22,1134
23,1134
24,1134
25,1134
26,1134
27,1134
28,1134
29,1134
30,1134
31,1134
32,1134
33,1134
34,1134
35,1134
36,1134
37,1134
38,1134
39,1134
40,1134
41,1134
42,1134
43,1134
44,1134
45,1134
46,1134
47,1134
48,1134
49,1134
50,1134
51,1134
52,1134
53,1134
54,1134
55,1134
56,1134
57,1134
58,1134
59,1134
60,1134
61,1134
62,1134
63,1134
64,1134
65,1134
66,1134
67,1134
68,1134
69,1134
70,1134
71,1134
72,1134
73,1134
74,1134
75,1134
76,1134
77,1134
78,1134
79,1134
80,1134
81,1134
82,1134
83,1134
84,1134
85,1134
86,1134
87,1134
88,1134
89,1134
90,1134
91,1134
92,1134
93,1134
94,1134
95,1134
96,1134
97,1134
98,1134
99,1134
100,1134
101,1134
102,1134
103,1134
104,1134
105,1134
106,1134
107,1134
108,1134
109,1134
110,1134
111,1134
112,1134
113,1134
114,1134
115,1134
116,1134
117,1134
118,1134
119,1134
120,1134
121,1134
122,1134
123,1134
124,1134
125,1134
126,1134
127,1134
128,1134
129,1134
130,1134
131,1134
132,1134
133,1134
134,1134
135,1134
136,1134
137,1134
138,1134
139,1134
140,1134
141,1134
142,1134
143,1134
144,1134
145,1134
146,1134
147,1134
148,1134
149,1134
150,1134
151,1134
152,1134
153,1134
154,1134
155,1134
156,1134
157,1134
158,1134
159,1134
160,1134
161,1134
162,1134
163,1134
164,1134
165,1134
166,1134
167,1134
168,1134
169,1134
170,1134
171,1134
172,1134
173,1134
174,1134
175,1134
176,1134
177,1134
178,1134
179,1134
180,1134
181,1134
182,1134
183,1134
184,1134
185,1134
186,1134
187,1134
188,1134
189,1134
190,1134
191,1134
192,1134
193,1134
194,1134
195,1134
196,1134
197,1134
198,1134
199,1134
200,1134
201,1134
202,1134
203,1134
204,1134
205,1134
206,1134
207,1134
208,1134
209,1134
210,1134
211,1134
212,1134
213,1134
214,1134
215,1134
216,1134
217,1134
218,1134
219,1134
220,1134
221,1134
222,1134
223,1134
224,1134
225,1134
226,1134
227,1134
228,1134
229,1134
230,1134
231,1134
232,1134
233,1134
234,1134
235,1134
236,1134
237,1134
238,1134
239,1134
240,1134
241,1134
242,1134
243,1134
244,1134
245,1134
246,1134
247,1134
248,1134
249,1134
250,1134
251,1134
252,1134
253,1134
254,1134
255,1134
256,1134
257,1134
258,1134
259,1134
260,1134
261,1134
262,1134
263,1134
264,1134
265,1134
266,1134
267,1134
268,1134
269,1134
270,1134
271,1134
272,1134
273,1134
274,1134
275,1134
276,1134
277,1134
278,1134
279,1134
280,1134
281,1134
282,1134
283,1134
284,1134
285,1134
286,1134
287,1134
288,1134
289,1134
290,1134
291,1134
292,1134
293,1134
294,1134
295,1134
296,1134
297,1134
298,1134
299,1134
300,1134
301,1134
302,1134
303,1134
304,1134
305,1134
306,1134
307,1134
308,1134
309,1134
310,1134
311,1134
312,1134
313,1134
314,1134
315,1134
316,1134
317,1134
318,1134
319,1134
320,1134
321,1134
322,1134
323,1134
324,1134
325,1134
326,1134
327,1134
328,1134
329,1134
330,1134
331,1134
332,1134
333,1134
334,1134
335,1134
336,1134
337,1134
338,1134
339,1134
340,1134
341,1134
342,1134
343,1134
344,1134
345,1134
346,1134
347,1134
348,1134
349,1134
350,1134
351,1134
352,1134
353,1134
354,1134
355,1134
356,1134
357,1134
358,1134
359,1134
360,1134
361,1134
362,1134
363,1134
364,1134
365,1134
366,1134
367,1134
368,1134
369,1134
370,1134
371,1134
372,1134
373,1134
374,1134
375,1134
376,1134
377,1134
378,1134
379,1134
380,1134
381,1134
382,1134
383,1134
384,1134
385,1134
386,1134
387,1134
388,1134
389,1134
390,1134
391,1134
392,1134
393,1134
394,1134
395,1134
396,1134
397,1134
398,1134
399,1134
400,1134
401,1134
402,1134
403,1134
404,1134
405,1134
406,1134
407,1134
408,1134
409,1134
410,1134
411,1134
412,1134
413,1134
414,1134
415,1134
416,1134
417,1134
418,1134
419,1134
420,1134
421,1134
422,1134
423,1134
424,1134
425,1134
426,1134
427,1134
428,1134
429,1134
430,1134
431,1134
432,1134
433,1134
434,1134
435,1134
436,1134
437,1134
438,1134
439,1134
440,1134
441,1134
442,1134
443,1134
444,1134
445,1134
446,1134
447,1134
448,1134
449,1134
450,1134
451,1134
452,1134
453,1134
454,1134
455,1134
456,1134
457,1134
458,1134
459,1134
460,1134
461,1146
462,1146
463,1146
464,1146
465,1146
466,1146
467,1146
468,1146
469,1146
470,1146
471,1146
472,1146
473,1146
474,1146
475,1146
476,1146
477,1146
478,1146
479,1146
480,1146
481,1146
482,1146
483,1146
484,1146
485,1146
486,1146
487,1146
488,1146
489,1146
490,1146
491,1146
492,1146
493,1146
494,1146
495,1146
496,1146
497,1146
498,1146
499,1146
500,1146
501,1146
502,1146
503,1146
504,1146
505,1146
506,1146
507,1146
508,1146
509,1146
510,1146
511,1146
512,1146
513,1146
514,1146
515,1146
516,1146
517,1146
518,1146
519,1146
520,1146
521,1146
522,1146
523,1146
524,1146
525,1146
526,1146
527,1146
528,1146
529,1146
530,1146
531,1146
532,1146
533,1146
534,1146
535,1146
536,1146
537,1146
538,1146
539,1146
540,1146
541,1146
542,1146
543,1146
544,1146
545,1146
546,1146
547,1146
548,1146
549,1146
550,1146
551,1146
552,1146
553,1146
554,1146
555,1146
556,1146
557,1146
558,1146
559,1146
560,1146
561,1146
562,1146
563,1146
564,1146
565,1146
566,1146
567,1146
568,1146
569,1146
570,1146
571,1146
572,1146
573,1146
574,1146
575,1146
576,1146
577,1146
578,1146
579,1146
580,1146
581,1146
582,1146
583,1146
584,1146
585,1146
586,1146
587,1146
588,1146
589,1146
590,1146
591,1146
592,1146
593,1146
594,1146
595,1146
596,1146
597,1146
598,1146
599,1146
600,1146
601,1146
602,1146
603,1146
604,1146
605,1146
606,1146
607,1146
608,1146
609,1146
610,1146
611,1146
612,1146
613,1146
614,1146
615,1146
616,1146
617,1146
618,1146
619,1146
620,1146
621,1146
622,1146
623,1146
624,1146
625,1146
626,1146
627,1146
628,1146
629,1146
630,1146
631,1146
632,1146
633,1146
634,1146
635,1146
636,1146
637,1146
638,1146
639,1146
640,1146
641,1146
642,1146
643,1146
644,1146
645,1146
646,1146
647,1146
648,1146
649,1146
650,1146
651,1146
652,1146
653,1146
654,1146
655,1146
656,1146
657,1146
658,1146
659,1146
660,1146
661,1146
662,1146
663,1146
664,1146
665,1146
666,1146
667,1146
668,1146
669,1146
670,1146
671,1146
672,1146
673,1146
674,1146
675,1146
676,1146
677,1146
678,1146
679,1146
680,1146
681,1146
682,1146
683,1146
684,1146
685,1146
686,1146
687,1146
688,1146
689,1146
690,1146
691,1146
692,1146
693,1146
694,1146
695,1146
696,1146
697,1146
698,1146
699,1146
700,1146
701,1146
702,1146
703,1146
704,1146
705,1146
706,1146
707,1146
708,1146
709,1146
710,1146
711,1146
712,1146
713,1146
714,1146
715,1146
716,1146
717,1476
718,1476
719,1476
720,1476
721,1476
722,1476
723,1476
724,1476
725,1476
726,1476
727,1476
728,1476
729,1476
730,1476
731,1476
732,1476
733,1476
734,1476
735,1476
736,1476
737,1476
738,1476
739,1476
740,1476
741,1476
742,1476
743,1476
744,1476
745,1476
746,1476
747,1476
748,1476
749,1476
750,1476
751,1476
752,1476
753,1476
754,1476
755,1476
756,1476
757,1476
758,1476
759,1476
760,1476
761,1476
762,1476
763,1476
764,1476
765,1476
766,1476
767,1476
768,1476
769,1476
770,1476
771,1476
772,1476
773,1476
774,1476
775,1476
776,1476
777,1476
778,1476
779,1476
780,1476
781,1476
782,1476
783,1476
784,1476
785,1476
786,1476
787,1476
788,1476
789,1476
790,1476
791,1476
792,1476
793,1476
794,1476
795,1476
796,1476
797,1476
798,1476
799,1476
800,1476
801,1476
802,1476
803,1476
804,1476
805,1476
806,1476
807,1476
808,1476
809,1476
810,1476
811,1476
812,1476
813,1476
814,1476
815,1476
816,1476
817,1476
818,1476
819,1476
820,1476
821,1476
822,1476
823,1476
824,1476
825,1476
826,1476
827,1476
828,1476
829,1476
830,1476
831,1476
832,1476
833,1476
834,1476
835,1476
836,1476
837,1476
838,1476
839,1476
840,1476
841,1476
842,1476
843,1476
844,1476
845,1476
846,1476
847,1476
848,1476
849,1476
850,1476
851,1476
852,1476
853,1476
854,1476
855,1476
856,1476
857,1476
858,1476
859,1476
860,1476
861,1476
862,1476
863,1476
864,1476
865,1476
866,1476
867,1476
868,1476
869,1476
870,1476
871,1476
872,1476
873,1476
874,1476
875,1476
876,1476
877,1476
878,1476
879,1476
880,1476
881,1476
882,1476
883,1476
884,1476
885,1476
886,1476
887,1476
888,1476
889,1476
890,1476
891,1476
892,1476
893,1476
894,1476
895,1476
896,1476
897,1476
898,1476
899,1476
900,1476
901,1476
902,1476
903,1476
904,1476
905,1476
906,1476
907,1476
908,1476
909,1476
910,1476
911,1476
912,1476
913,1476
914,1476
915,1476
916,1476
917,1476
918,1476
919,1476
920,1476
921,1476
922,1476
923,1476
924,1476
925,1476
926,1476
927,1476
928,1476
929,1476
930,1476
931,1476
932,1476
933,1476
934,1476
935,1476
936,1476
937,1476
938,1476
939,1476
940,1476
941,1476
942,1476
943,1476
944,1476
945,1476
946,1476
947,1476
948,1476
949,1476
950,1476
951,1476
952,1476
953,1476
954,1476
955,1476
956,1476
957,1476
958,1476
959,1476
960,1476
961,1476
962,1476
963,1476
964,1476
965,1476
966,1476
967,1476
968,1476
969,1476
970,1476
971,1476
972,1476
973,1476
974,1476
975,1476
976,1476
977,1476
978,1476
979,1476
980,1476
981,1476
982,1476
983,1476
984,1476
985,1476
986,1476
987,1476
988,1476
989,1476
990,1476
991,1476
992,1476
993,1476
994,1476
995,1476
996,1476
997,1476
998,1476
999,1476
1000,1476
1001,1476
1002,1476
1003,1476
1004,1476
1005,1476
1006,1476
1007,1476
1008,1476
1009,1476
1010,1476
1011,1476
1012,1476
1013,1476
1014,1476
1015,1476
1016,1476
1017,1476
1018,1476
1019,1476
1020,1476
1021,1476
1022,1476
1023,1476
1024,1476
1025,1476
1026,1476
1027,1476
1028,1476
1029,1476
1030,1476
1031,1476
1032,1476
1033,1476
1034,1476
1035,1476
1036,1476
1037,1476
1038,1476
1039,1476
1040,1476
1041,1476
1042,1476
1043,1476
1044,1476
1045,1476
1046,1476
1047,1476
1048,1476
1049,1476
1050,1476
1051,1476
1052,1476
1053,1476
1054,1476
1055,1476
1056,1476
1057,1476
1058,1476
1059,1476
1060,1476
1061,1476
1062,1476
1063,1476
1064,1476
1065,1476
1066,1476
1067,1476
1068,1476
1069,1476
1070,1476
1071,1476
1072,1476
1073,1476
1074,1476
1075,1476
1076,1476
1077,1476
1078,1476
1079,1476
1080,1476
1081,1476
1082,1476
1083,1476
1084,1476
1085,1476
1086,1476
1087,1476
1088,1476
1089,1476
1090,1476
1091,1476
1092,1476
1093,1476
1094,1476
1095,1476
1096,1476
1097,1476
1098,1476
1099,1476
1100,1476
1101,1476
1102,1476
1103,1476
1104,1476
1105,1476
1106,1476
1107,1476
1108,1476
1109,1476
1110,1476
1111,1476
1112,1476
1113,1476
1114,1476
1115,1476
1116,1476
1117,1476
1118,1476
1119,1476
1120,1476
1121,1476
1122,1476
1123,1476
1124,1476
1125,1476
1126,1476
1127,1476
1128,1476
1129,1476
1130,1476
1131,1476
1132,1476
1133,1476
1134,1476
1135,1476
1136,1476
1137,1476
1138,1476
1139,1476
1140,1476
1141,1476
1142,1476
1143,1476
1144,1476
1145,1476
1146,1476
1147,1476
1148,1476
1149,1476
1150,1476
1151,1476
1152,1476
1153,1476
1154,1476
1155,1476
1156,1476
1157,1476
1158,1476
1159,1476
1160,1476
1161,1476
1162,1476
1163,1476
1164,1476
1165,1476
1166,1476
1167,1476
1168,1476
1169,1476
1170,1476
1171,1476
1172,1476
1173,1476
1174,1476
1175,1476
1176,1476
1177,1476
1178,1476
1179,1476
1180,1476
1181,1476
1182,1476
1183,1476
1184,1476
1185,1476
1186,1476
1187,1476
1188,1476
1189,1476
1190,1476
1191,1476
1192,1476
1193,1476
1194,1476
1195,1476
1196,1476
1197,1476
1198,1476
1199,1476
1200,1476
1201,1476
1202,1476
1203,1476
1204,1476
1205,1476
1206,1476
1207,1476
1208,1476
1209,1476
1210,1476
1211,1476
1212,1476
1213,1476
1214,1476
1215,1476
1216,1476
1217,1476
1218,1476
1219,1476
1220,1476
1221,1476
1222,1476
1223,1476
1224,1476
1225,1476
1226,1476
1227,1476
1228,1476
1229,1476
1230,1476
1231,1476
1232,1476
1233,1476
1234,1476
1235,1476
1236,1476
1237,1476
1238,1476
1239,1476
1240,1476
1241,1476
1242,1476
1243,1476
1244,1476
1245,1476
1246,1476
1247,1476
1248,1476
1249,1476
1250,1476
1251,1476
1252,1476
1253,1476
1254,1476
1255,1476
1256,1476
1257,1476
1258,1476
1259,1476
1260,1476
1261,1476
1262,1476
1263,1476
1264,1476
1265,1476
1266,1476
1267,1476
1268,1476
1269,1476
1270,1476
1271,1476
1272,1476
1273,1476
1274,1476
1275,1476
1276,1476
1277,1476
1278,1476
1279,1476
1280,1476
1281,1476
1282,1476
1283,1476
1284,1476
1285,1476
1286,1476
1287,1476
1288,1476
1289,1476
1290,1476
1291,1476
1292,1476
1293,1476
1294,1476
1295,1476
1296,1476
1297,1476
1298,1476
1299,1476
1300,1476
1301,1476
1302,1476
1303,1476
1304,1476
1305,1476
1306,1476
1307,1476
1308,1476
1309,1476
1310,1476
1311,1476
1312,1476
1313,1476
1314,1476
1315,1476
1316,1476
1317,1476
1318,1476
1319,1476
1320,1476
1321,1476
1322,1476
1323,1476
1324,1476
1325,1476
1326,1476
1327,1476
1328,1476
1329,1476
1330,1476
1331,1476
1332,1476
1333,1476
1334,1476
1335,1476
1336,1476
1337,1476
1338,1476
1339,1476
1340,1476
1341,1476
1342,1476
1343,1476
1344,1476
1345,1476
1346,1476
1347,1476
1348,1476
1349,1476
1350,1476
1351,1476
1352,1476
1353,1476
1354,1476
1355,1476
1356,1476
1357,1476
1358,1476
1359,1476
1360,1476
1361,1476
1362,1476
1363,1476
1364,1476
1365,1476
1366,1476
1367,1476
1368,1476
1369,1476
1370,1476
1371,1476
1372,1476
1373,1476
1374,1476
1375,1476
1376,1476
1377,1476
1378,1476
1379,1476
1380,1476
1381,1476
1382,1476
1383,1476
1384,1476
1385,1476
1386,1476
1387,1476
1388,1476
1389,1476
1390,1476
1391,1476
1392,1476
1393,1476
1394,1476
1395,1476
1396,1476
1397,1476
1398,1476
1399,1476
1400,1476
1401,1476
1402,1476
1403,1476
1404,1476
1405,1476
1406,1476
1407,1476
1408,1476
1409,1476
1410,1476
1411,1476
1412,1476
1413,1476
1414,1476
1415,1476
1416,1476
1417,1476
1418,1476
1419,1476
1420,1476
1421,1476
1422,1476
1423,1476
1424,1476
1425,1476
1426,1476
1427,1476
1428,1476
1429,1476
1430,1476
1431,1476
1432,1476
1433,1476
1434,1476
1435,1476
1436,1476
1437,1476
1438,1476
1439,1476
1440,1476
1441,1476
1442,1476
1443,1476
1444,1476
1445,1476
1446,1476
1447,1476
1448,1476
1449,1476
1450,1476
1451,1476
1452,1476
1453,1476
1454,1476
1455,1476
1456,1476
1457,1476
1458,1476
1459,1476
1460,1476
1461,1476
1462,1476
1463,1476
1464,1476
1465,1476
1466,1476
1467,1476
1468,1476
1469,1476
1470,1476
1471,1476
1472,1476
1473,1476
1474,1476
1475,1476
1476,1476
1477,1476
1478,1476
1479,1476
1480,1476
1481,1476
1482,1476
1483,1476
1484,1476
1485,1476
1486,1476
1487,1476
1488,1476
1489,1476
1490,1476
1491,1476
1492,1476
1493,1476
1494,1476
1495,1476
1496,1476
1497,1476
1498,1476
1499,1476
1500,1476
1501,1476
1502,1476
1503,1476
1504,1476
1505,1476
1506,1476
1507,1476
1508,1476
1509,1476
1510,1476
1511,1476
1512,1476
1513,1476
1514,1476
1515,1476
1516,1476
1517,1476
1518,1476
1519,1476
1520,1476
1521,1476
1522,1476
1523,1476
1524,1476
1525,1476
1526,1476
1527,1476
1528,1476
1529,1476
1530,1476
1531,1476
1532,1476
1533,1476
1534,1476
1535,1476
1536,1476
1537,1476
1538,1476
1539,1476
1540,1476
1541,1476
1542,1476
1543,1476
1544,1476
1545,1476
1546,1476
1547,1476
1548,1476
1549,1476
1550,1476
1551,1476
1552,1476
1553,1476
1554,1476
1555,1476
1556,1476
1557,1476
1558,1476
1559,1476
1560,1476
1561,1476
1562,1476
1563,1476
1564,1476
1565,1476
1566,1476
1567,1476
1568,1476
1569,1476
1570,1476
1571,1476
1572,1476
1573,1476
1574,1476
1575,1476
1576,1476
1577,1476
1578,1476
1579,1476
1580,1476
1581,1476
1582,1476
1583,1476
1584,1476
1585,1476
1586,1476
1587,1476
1588,1476
1589,1476
1590,1476
1591,1476
1592,1476
1593,1476
1594,1476
1595,1476
1596,1476
1597,1476
1598,1476
1599,1476
1600,1476
1601,1476
1602,1476
1603,1476
1604,1476
1605,1476
1606,1476
1607,1476
1608,1476
1609,1476
1610,1476
1611,1476
1612,1476
1613,1476
1614,1476
1615,1476
1616,1476
1617,1476
1618,1476
1619,1476
1620,1476
1621,1476
1622,1476
1623,1476
1624,1476
1625,1476
1626,1476
1627,1476
1628,1476
1629,1476
1630,1476
1631,1476
1632,1476
1633,1476
1634,1476
1635,1476
1636,1476
1637,1476
1638,1476
1639,1476
1640,1476
1641,1476
1642,1476
1643,1476
1644,1476
1645,1476
1646,1476
1647,1476
1648,1476
1649,1476
1650,1476
1651,1476
1652,1476
1653,1476
1654,1476
1655,1476
1656,1476
1657,1476
1658,1476
1659,1476
1660,1476
1661,1476
1662,1476
1663,1476
1664,1476
1665,1476
1666,1476
1667,1476
1668,1476
1669,1476
1670,1476
1671,1476
1672,1476
1673,1476
1674,1476
1675,1476
1676,1476
1677,1476
1678,1476
1679,1476
1680,1476
1681,1476
1682,1476
1683,1476
1684,1476
1685,1476
1686,1476
1687,1476
1688,1476
1689,1476
1690,1476
1691,1476
1692,1476
1693,1476
1694,1476
1695,1476
1696,1476
1697,1476
1698,1476
1699,1476
1700,1476
1701,1476
1702,1476
1703,1476
1704,1476
1705,1476
1706,1476
1707,1476
1708,1476
1709,1476
1710,1476
1711,1476
1712,1476
1713,1476
1714,1476
1715,1476
1716,1476
1717,1476
1718,1476
1719,1476
1720,1476
1721,1476
1722,1476
1723,1476
1724,1476
1725,1476
1726,1476
1727,1476
1728,1476
1729,1476
1730,1476
1731,1476
1732,1476
1733,1476
1734,1476
1735,1476
1736,1476
1737,1476
1738,1476
1739,1476
1740,1476
1741,1476
1742,1476
1743,1476
1744,1476
1745,1476
1746,1476
1747,1476
1748,1476
1749,1476
1750,1476
1751,1476
1752,1476
1753,1476
1754,1476
1755,1476
1756,1476
1757,1476
1758,1476
1759,1476
1760,1476
1761,1476
1762,1476
1763,1476
1764,1476
1765,1476
1766,1476
1767,1476
1768,1476
1769,1476
1770,1476
1771,1476
1772,1476
1773,1476
1774,1476
1775,1476
1776,1476
1777,1476
1778,1476
1779,1476
1780,1476
1781,1476
1782,1476
1783,1476
1784,1476
1785,1476
1786,1476
1787,1476
1788,1476
1789,1476
1790,1476
1791,1476
1792,1476
1793,1476
1794,1476
1795,1476
1796,1476
1797,1476
1798,1476
1799,1476
1800,1476
1801,1476
1802,1476
1803,1476
1804,1476
1805,1476
1806,1476
1807,1476
1808,1476
1809,1476
1810,1476
1811,1476
1812,1476
1813,1476
1814,1476
1815,1476
1816,1476
1817,1476
1818,1476
1819,1476
1820,1476
1821,1476
1822,1476
1823,1476
1824,1476
1825,1476
1826,1476
1827,1476
1828,1476
1829,1476
1830,1476
1831,1476
1832,1476
1833,1476
1834,1476
1835,1476
1836,1476
1837,1476
1838,1476
1839,1476
1840,1476
1841,1476
1842,1476
1843,1476
1844,1476
1845,1476
1846,1476
1847,1476
1848,1476
1849,1476
1850,1476
1851,1476
1852,1476
1853,1476
1854,1476
1855,1476
1856,1476
1857,1476
1858,1476
1859,1476
1860,1476
1861,1476
1862,1476
1863,1476
1864,1476
1865,1476
1866,1476
1867,1476
1868,1476
1869,1476
1870,1476
1871,1476
1872,1476
1873,1476
1874,1476
1875,1476
1876,1476
1877,1476
1878,1476
1879,1476
1880,1476
1881,1476
1882,1476
1883,1476
1884,1476
1885,1476
1886,1476
1887,1476
1888,1476
1889,1476
1890,1476
1891,1476
1892,1476
1893,1476
1894,1476
1895,1476
1896,1476
1897,1476
1898,1476
1899,1476
1900,1476
1901,1476
1902,1476
1903,1476
1904,1476
1905,1476
1906,1476
1907,1476
1908,1476
1909,1476
1910,1476
1911,1476
1912,1476
1913,1476
1914,1476
1915,1476
1916,1476
1917,1476
1918,1476
1919,1476
1920,1476
1921,1476
1922,1476
1923,1476
1924,1476
1925,1476
1926,1476
1927,1476
1928,1476
1929,1476
1930,1476
1931,1476
1932,1476
1933,1476
1934,1476
1935,1476
1936,1476
1937,1476
1938,1476
1939,1476
1940,1476
1941,1476
1942,1476
1943,1476
1944,1476
1945,1476
1946,1476
1947,1476
1948,1476
1949,1476
1950,1476
1951,1476
1952,1476
1953,1476
1954,1476
1955,1476
1956,1476
1957,1476
1958,1476
1959,1476
1960,1476
1961,1476
1962,1476
1963,1476
1964,1476
1965,1476
1966,1476
1967,1476
1968,1476
1969,1476
1970,1476
1971,1476
1972,1476
1973,1476
1974,1476
1975,1476
1976,1476
1977,1476
1978,1476
1979,1476
1980,1476
1981,1476
1982,1476
1983,1476
1984,1476
1985,1476
1986,1476
1987,1476
1988,1476
1989,1476
1990,1476
1991,1476
1992,1476
1993,1476
1994,1476
1995,1476
1996,1476
1997,1476
1998,1476
1999,1476
2000,1476
2001,1476
2002,1476
2003,1476
2004,1476
2005,1476
2006,1476
2007,1476
2008,1476
2009,1476
2010,1476
2011,1476
2012,1476
2013,1476
2014,1476
2015,1476
2016,1476
2017,1476
2018,1476
2019,1476
2020,1476
2021,1476
2022,1476
2023,1476
2024,1476
2025,1476
2026,1476
2027,1476
2028,1476
2029,1476
2030,1476
2031,1476
2032,1476
2033,1476
2034,1476
2035,1476
2036,1476
2037,1476
2038,1476
2039,1476
2040,1476
2041,1476
2042,1476
2043,1476
2044,1476
2045,1476
2046,1476
2047,1476
2048,1476
2049,1476
2050,1476
2051,1476
2052,1476
2053,1476
2054,1476
2055,1476
2056,1476
2057,1476
2058,1476
2059,1476
2060,1476
2061,1476
2062,1476
2063,1476
2064,1476
2065,1476
2066,1476
2067,1476
2068,1476
2069,1476
2070,1476
2071,1476
2072,1476
2073,1476
2074,1476
2075,1476
2076,1476
2077,1476
2078,1476
2079,1476
2080,1476
2081,1476
2082,1476
2083,1476
2084,1476
2085,1476
2086,1476
2087,1476
2088,1476
2089,1476
2090,1476
2091,1476
2092,1476
2093,1476
2094,1476
2095,1476
2096,1476
2097,1476
2098,1476
2099,1476
2100,1476
2101,1476
2102,1476
2103,1476
2104,1476
2105,1476
2106,1476
2107,1476
2108,1476
2109,1476
2110,1476
2111,1476
2112,1476
2113,1476
2114,1476
2115,1476
2116,1476
2117,1476
2118,1476
2119,1476
2120,1476
2121,1476
2122,1476
2123,1476
2124,1476
2125,1476
2126,1476
2127,1476
2128,1476
2129,1476
2130,1476
2131,1476
2132,1476
2133,1476
2134,1476
2135,1476
2136,1476
2137,1476
2138,1476
2139,1476
2140,1476
2141,1476
2142,1476
2143,1476
2144,1476
2145,1476
2146,1476
2147,1476
2148,1476
2149,1476
2150,1476
2151,1476
2152,1476
2153,1476
2154,1476
2155,1476
2156,1476
2157,1476
2158,1476
2159,1476
2160,1476
2161,1476
2162,1476
2163,1476
2164,1476
2165,1476
2166,1476
2167,1476
2168,1476
2169,1476
2170,1476
2171,1476
2172,1476
2173,1476
2174,1476
2175,1476
2176,1476
2177,1476
2178,1476
2179,1476
2180,1476
2181,1476
2182,1476
2183,1476
2184,1476
2185,1476
2186,1476
2187,1476
2188,1476
2189,1476
2190,1476
2191,1476
2192,1476
2193,1476
2194,1476
2195,1476
2196,1476
2197,1476
2198,1476
2199,1476
2200,1476
2201,1476
2202,1476
2203,1476
2204,1476
2205,1476
2206,1476
2207,1476
2208,1476
2209,1476
2210,1476
2211,1476
2212,1476
2213,1476
2214,1476
2215,1476
2216,1476
2217,1476
2218,1476
2219,1476
2220,1476
2221,1476
2222,1476
2223,1476
2224,1476
2225,1476
2226,1476
2227,1476
2228,1476
2229,1476
2230,1476
2231,1476
2232,1476
2233,1476
2234,1476
2235,1476
2236,1476
2237,1476
2238,1476
2239,1476
2240,1476
2241,1476
2242,1476
2243,1476
2244,1476
2245,1476
2246,1476
2247,1476
2248,1476
2249,1476
2250,1476
2251,1476
2252,1476
2253,1476
2254,1476
2255,1476
2256,1476
2257,1476
2258,1476
2259,1476
2260,1476
2261,1476
2262,1476
2263,1476
2264,1476
2265,1476
2266,1476
2267,1476
2268,1476
2269,1476
2270,1476
2271,1476
2272,1476
2273,1476
2274,1476
2275,1476
2276,1476
2277,1476
2278,1476
2279,1476
2280,1476
2281,1476
2282,1476
2283,1476
2284,1476
2285,1476
2286,1476
2287,1476
2288,1476
2289,1476
2290,1476
2291,1476
2292,1476
2293,1476
2294,1476
2295,1476
2296,1476
2297,1476
2298,1476
2299,1476
2300,1476
2301,1476
2302,1476
2303,1476
2304,1476
2305,1476
2306,1476
2307,1476
2308,1476
2309,1476
2310,1476
2311,1476
2312,1476
2313,1476
2314,1476
2315,1476
2316,1476
2317,1476
2318,1476
2319,1476
2320,1476
2321,1476
2322,1476
2323,1476
2324,1476
2325,1476
2326,1476
2327,1476
2328,1476
2329,1476
2330,1476
2331,1476
2332,1476
2333,1476
2334,1476
2335,1476
2336,1476
2337,1476
2338,1476
2339,1476
2340,1476
2341,1476
2342,1476
2343,1476
2344,1476
2345,1476
2346,1476
2347,1476
2348,1476
2349,1476
2350,1476
2351,1476
2352,1476
2353,1476
2354,1476
2355,1476
2356,1476
2357,1476
2358,1476
2359,1476
2360,1476
2361,1476
2362,1476
2363,1476
2364,1476
2365,1476
2366,1476
2367,1476
2368,1476
2369,1476
2370,1476
2371,1476
2372,1476
2373,1476
2374,1476
2375,1476
2376,1476
2377,1476
2378,1476
2379,1476
2380,1476
2381,1476
2382,1476
2383,1476
2384,1476
2385,1476
2386,1476
2387,1476
2388,1476
2389,1476
2390,1476
2391,1476
2392,1476
2393,1476
2394,1476
2395,1476
2396,1476
2397,1476
2398,1476
2399,1476
2400,1476
2401,1476
2402,1476
2403,1476
2404,1476
2405,1476
2406,1476
2407,1476
2408,1476
2409,1476
2410,1476
2411,1476
2412,1476
2413,1476
2414,1476
2415,1476
2416,1476
2417,1476
2418,1476
2419,1476
2420,1476
2421,1476
2422,1476
2423,1476
2424,1476
2425,1476
2426,1476
2427,1476
2428,1476
2429,1476
2430,1476
2431,1476
2432,1476
2433,1476
2434,1476
2435,1476
2436,1476
2437,1476
2438,1476
2439,1476
2440,1476
2441,1476
2442,1476
2443,1476
2444,1476
2445,1476
2446,1476
2447,1476
2448,1476
2449,1476
2450,1476
2451,1476
2452,1476
2453,1476
2454,1476
2455,1476
2456,1476
2457,1476
2458,1476
2459,1476
2460,1476
2461,1476
2462,1476
2463,1476
2464,1476
2465,1476
2466,1476
2467,1476
2468,1476
2469,1476
2470,1476
2471,1476
2472,1476
2473,1476
2474,1476
2475,1476
2476,1476
2477,1476
2478,1476
2479,1476
2480,1476
2481,1476
2482,1476
2483,1476
2484,1476
2485,1476
2486,1476
2487,1476
2488,1476
2489,1476
2490,1476
2491,1476
2492,1476
2493,1476
2494,1476
2495,1476
2496,1476
2497,1476
2498,1476
2499,1476
2500,1476
2501,1476
2502,1476
2503,1476
2504,1476
2505,1476
2506,1476
2507,1476
2508,1476
2509,1476
2510,1476
2511,1476
2512,1476
2513,1476
2514,1476
2515,1476
2516,1476
2517,1476
2518,1476
2519,1476
2520,1476
2521,1476
2522,1476
2523,1476
2524,1476
2525,1476
2526,1476
2527,1476
2528,1476
2529,1476
2530,1476
2531,1476
2532,1476
2533,1476
2534,1476
2535,1476
2536,1476
2537,1476
2538,1476
2539,1476
2540,1476
2541,1476
2542,1476
2543,1476
2544,1476
2545,1476
2546,1476
2547,1476
2548,1476
2549,1476
2550,1476
2551,1476
2552,1476
2553,1476
2554,1476
2555,1476
2556,1476
2557,1476
2558,1476
2559,1476
2560,1476
2561,1476
2562,1476
2563,1476
2564,1476
2565,1476
2566,1476
2567,1476
2568,1476
2569,1476
2570,1476
2571,1476
2572,1476
2573,1476
2574,1476
2575,1476
2576,1476
2577,1476
2578,1476
2579,1476
2580,1476
2581,1476
2582,1476
2583,1476
2584,1476
2585,1476
2586,1476
2587,1476
2588,1476
2589,1476
2590,1476
2591,1476
2592,1476
2593,1476
2594,1476
2595,1476
2596,1476
2597,1476
2598,1476
2599,1476
2600,1476
2601,1476
2602,1476
2603,1476
2604,1476
2605,1476
2606,1476
2607,1476
2608,1476
2609,1476
2610,1476
2611,1476
2612,1476
2613,1476
2614,1476
2615,1476
2616,1476
2617,1476
2618,1476
2619,1476
2620,1476
2621,1476
2622,1476
2623,1476
2624,1476
2625,1476
2626,1476
2627,1476
2628,1476
2629,1476
2630,1476
2631,1476
2632,1476
2633,1476
2634,1476
2635,1476
2636,1476
2637,1476
2638,1476
2639,1476
2640,1476
2641,1476
2642,1476
2643,1476
2644,1476
2645,1476
2646,1476
2647,1476
2648,1476
2649,1476
2650,1476
2651,1476
2652,1476
2653,1476
2654,1476
2655,1476
2656,1476
2657,1476
2658,1476
2659,1476
2660,1476
2661,1476
2662,1476
2663,1476
2664,1476
2665,1476
2666,1476
2667,1476
2668,1476
2669,1476
2670,1476
2671,1476
2672,1476
2673,1476
2674,1476
2675,1476
2676,1476
2677,1476
2678,1476
2679,1476
2680,1476
2681,1476
2682,1476
2683,1476
2684,1476
2685,1476
2686,1476
2687,1476
2688,1476
2689,1476
2690,1476
2691,1476
2692,1476
2693,1476
2694,1476
2695,1476
2696,1476
2697,1476
2698,1476
2699,1476
2700,1476
2701,1476
2702,1476
2703,1476
2704,1476
2705,1476
2706,1476
2707,1476
2708,1476
2709,1476
2710,1476
2711,1476
2712,1476
2713,1476
2714,1476
2715,1476
2716,1476
2717,1476
2718,1476
2719,1476
2720,1476
2721,1476
2722,1476
2723,1476
2724,1476
2725,1476
2726,1476
2727,1476
2728,1476
2729,1476
2730,1476
2731,1476
2732,1476
2733,1476
2734,1476
2735,1476
2736,1476
2737,1476
2738,1476
2739,1476
2740,1476
2741,1476
2742,1476
2743,1476
2744,1476
2745,1476
2746,1476
2747,1476
2748,1476
2749,1476
2750,1476
2751,1476
2752,1476
2753,1476
2754,1476
2755,1476
2756,1476
2757,1476
2758,1476
2759,1476
2760,1476
2761,1476
2762,1476
2763,1476
2764,1476
2765,1476
2766,1476
2767,1476
2768,1476
2769,1476
2770,1476
2771,1476
2772,1476
2773,1476
2774,1476
2775,1476
2776,1476
2777,1476
2778,1476
2779,1476
2780,1476
2781,1476
2782,1476
2783,1476
2784,1476
2785,1476
2786,1476
2787,1476
2788,1476
2789,1476
2790,1476
2791,1476
2792,1476
2793,1476
2794,1476
2795,1476
2796,1476
2797,1476
2798,1476
2799,1476
2800,1476
2801,1476
2802,1476
2803,1476
2804,1476
2805,1476
2806,1476
2807,1476
2808,1476
2809,1476
2810,1476
2811,1476
2812,1476
2813,1476
2814,1476
2815,1476
2816,1476
2817,1476
2818,1476
2819,1476
2820,1476
2821,1476
2822,1476
2823,1476
2824,1476
2825,1476
2826,1476
2827,1476
2828,1476
2829,1476
2830,1476
2831,1476
2832,1476
2833,1476
2834,1476
2835,1476
2836,1476
2837,1476
2838,1476
2839,1476
2840,1476
2841,1476
2842,1476
2843,1476
2844,1476
2845,1476
2846,1476
2847,1476
2848,1476
2849,1476
2850,1476
2851,1476
2852,1476
2853,1476
2854,1476
2855,1476
2856,1476
2857,1476
2858,1476
2859,1476
2860,1476
2861,1476
2862,1476
2863,1476
2864,1476
2865,1476
2866,1476
2867,1476
2868,1476
2869,1476
2870,1476
2871,1476
2872,1476
2873,1476
2874,1476
2875,1476
2876,1476
2877,1476
2878,1476
2879,1476
2880,1476
2881,1476
2882,1476
2883,1476
2884,1476
2885,1476
2886,1476
2887,1476
2888,1476
2889,1476
2890,1476
2891,1476
2892,1476
2893,1476
2894,1476
2895,1476
2896,1476
2897,1476
2898,1476
2899,1476
2900,1476
2901,1476
2902,1476
2903,1476
2904,1476
2905,1476
2906,1476
2907,1476
2908,1476
2909,1476
2910,1476
2911,1476
2912,1476
2913,1476
2914,1476
2915,1476
2916,1476
2917,1476
2918,1476
2919,1476
2920,1476
2921,1476
2922,1476
2923,1476
2924,1476
2925,1476
2926,1476
2927,1476
2928,1476
2929,1476
2930,1476
2931,1476
2932,1476
2933,1476
2934,1476
2935,1476
2936,1476
2937,1476
2938,1476
2939,1476
2940,1476
2941,1476
2942,1476
2943,1476
2944,1476
2945,1476
2946,1476
2947,1476
2948,1476
2949,1476
2950,1476
2951,1476
2952,1476
2953,1476
2954,1476
2955,1476
2956,1476
2957,1476
2958,1476
2959,1476
2960,1476
2961,1476
2962,1476
2963,1476
2964,1476
2965,1476
2966,1476
2967,1476
2968,1476
2969,1476
2970,1476
2971,1476
2972,1476
2973,1476
2974,1476
2975,1476
2976,1476
2977,1476
2978,1476
2979,1476
2980,1476
2981,1476
2982,1476
2983,1476
2984,1476
2985,1476
2986,1476
2987,1476
2988,1476
2989,1476
2990,1476
2991,1476
2992,1476
2993,1476
2994,1476
2995,1476
2996,1476
2997,1476
2998,1476
2999,1476
3000,1476
3001,1476
3002,1476
3003,1476
3004,1476
3005,1476
3006,1476
3007,1476
3008,1476
3009,1476
3010,1476
3011,1476
3012,1476
3013,1476
3014,1476
3015,1476
3016,1476
3017,1476
3018,1476
3019,1476
3020,1476
3021,1476
3022,1476
3023,1476
3024,1476
3025,1476
3026,1476
3027,1476
3028,1476
3029,1476
3030,1476
3031,1476
3032,1476
3033,1476
3034,1476
3035,1476
3036,1476
3037,1476
3038,1476
3039,1476
3040,1476
3041,1476
3042,1476
3043,1476
3044,1476
3045,1476
3046,1476
3047,1476
3048,1476
3049,1476
3050,1476
3051,1476
3052,1476
3053,1476
3054,1476
3055,1476
3056,1476
3057,1476
3058,1476
3059,1476
3060,1476
3061,1476
3062,1476
3063,1476
3064,1476
3065,1476
3066,1476
3067,1476
3068,1476
3069,1476
3070,1476
3071,1476
3072,1476
3073,1476
3074,1476
3075,1476
3076,1476
3077,1476
3078,1476
3079,1476
3080,1476
3081,1476
3082,1476
3083,1476
3084,1476
3085,1476
3086,1476
3087,1476
3088,1476
3089,1476
3090,1476
3091,1476
3092,1476
3093,1476
3094,1476
3095,1476
3096,1476
3097,1476
3098,1476
3099,1476
3100,1476
3101,1476
3102,1476
3103,1476
3104,1476
3105,1476
3106,1476
3107,1476
3108,1476
3109,1476
3110,1476
3111,1476
3112,1476
3113,1476
3114,1476
3115,1476
3116,1476
3117,1476
3118,1476
3119,1476
3120,1476
3121,1476
3122,1476
3123,1476
3124,1476
3125,1476
3126,1476
3127,1476
3128,1476
3129,1476
3130,1476
3131,1476
3132,1476
3133,1476
3134,1476
3135,1476
3136,1476
3137,1476
3138,1476
3139,1476
3140,1476
3141,1476
3142,1476
3143,1476
3144,1476
3145,1476
3146,1476
3147,1476
3148,1476
3149,1476
3150,1476
3151,1476
3152,1476
3153,1476
3154,1476
3155,1476
3156,1476
3157,1476
3158,1476
3159,1476
3160,1476
3161,1476
3162,1476
3163,1476
3164,1476
3165,1476
3166,1476
3167,1476
3168,1476
3169,1476
3170,1476
3171,1476
3172,1476
3173,1476
3174,1476
3175,1476
3176,1476
3177,1476
3178,1476
3179,1476
3180,1476
3181,1476
3182,1476
3183,1476
3184,1476
3185,1476
3186,1476
3187,1476
3188,1476
3189,1476
3190,1476
3191,1476
3192,1476
3193,1476
3194,1476
3195,1476
3196,1476
3197,1476
3198,1476
3199,1476
3200,1476
3201,1476
3202,1476
3203,1476
3204,1476
3205,1476
3206,1476
3207,1476
3208,1476
3209,1476
3210,1476
3211,1476
3212,1476
3213,1476
3214,1476
3215,1476
3216,1476
3217,1476
3218,1476
3219,1476
3220,1476
3221,1476
3222,1476
3223,1476
3224,1476
3225,1476
3226,1476
3227,1476
3228,1476
3229,1476
3230,1476
3231,1476
3232,1476
3233,1476
3234,1476
3235,1476
3236,1476
3237,1476
3238,1476
3239,1476
3240,1476
3241,1476
3242,1476
3243,1476
3244,1476
3245,1476
3246,1476
3247,1476
3248,1476
3249,1476
3250,1476
3251,1476
3252,1476
3253,1476
3254,1476
3255,1476
3256,1476
3257,1476
3258,1476
3259,1476
3260,1476
3261,1476
3262,1476
3263,1476
3264,1476
3265,1476
3266,1476
3267,1476
3268,1476
3269,1476
3270,1476
3271,1476
3272,1476
3273,1476
3274,1476
3275,1476
3276,1476
3277,1476
3278,1476
3279,1476
3280,1476
3281,1476
3282,1476
3283,1476
3284,1476
3285,1476
3286,1476
3287,1476
3288,1476
3289,1476
3290,1476
3291,1476
3292,1476
3293,1476
3294,1476
3295,1476
3296,1476
3297,1476
3298,1476
3299,1476
3300,1476
3301,1476
3302,1476
3303,1476
3304,1476
3305,1476
3306,1476
3307,1476
3308,1476
3309,1476
3310,1476
3311,1476
3312,1476
3313,1476
3314,1476
3315,1476
3316,1476
3317,1476
3318,1476
3319,1476
3320,1476
3321,1476
3322,1476
3323,1476
3324,1476
3325,1476
3326,1476
3327,1476
3328,1476
3329,1476
3330,1476
3331,1476
3332,1476
3333,1476
3334,1476
3335,1476
3336,1476
3337,1476
3338,1476
3339,1476
3340,1476
3341,1476
3342,1476
3343,1476
3344,1476
3345,1476
3346,1476
3347,1476
3348,1476
3349,1476
3350,1476
3351,1476
3352,1476
3353,1476
3354,1476
3355,1476
3356,1476
3357,1476
3358,1476
3359,1476
3360,1476
3361,1476
3362,1476
3363,1476
3364,1476
3365,1476
3366,1476
3367,1476
3368,1476
3369,1476
3370,1476
3371,1476
3372,1476
3373,1476
3374,1476
3375,1476
3376,1476
3377,1476
3378,1476
3379,1476
3380,1476
3381,1476
3382,1476
3383,1476
3384,1476
3385,1476
3386,1476
3387,1476
3388,1476
3389,1476
3390,1476
3391,1476
3392,1476
3393,1476
3394,1476
3395,1476
3396,1476
3397,1476
3398,1476
3399,1476
3400,1476
3401,1476
3402,1476
3403,1476
3404,1476
3405,1476
3406,1476
3407,1476
3408,1476
3409,1476
3410,1476
3411,1476
3412,1476
3413,1476
3414,1476
3415,1476
3416,1476
3417,1476
3418,1476
3419,1476
3420,1476
3421,1476
3422,1476
3423,1476
3424,1476
3425,1476
3426,1476
3427,1476
3428,1476
3429,1476
3430,1476
3431,1476
3432,1476
3433,1476
3434,1476
3435,1476
3436,1476
3437,1476
3438,1476
3439,1476
3440,1476
3441,1476
3442,1476
3443,1476
3444,1476
3445,1476
3446,1476
3447,1476
3448,1476
3449,1476
3450,1476
3451,1476
3452,1476
3453,1476
3454,1476
3455,1476
3456,1476
3457,1476
3458,1476
3459,1476
3460,1476
3461,1476
3462,1476
3463,1476
3464,1476
3465,1476
3466,1476
3467,1476
3468,1476
3469,1476
3470,1476
3471,1476
3472,1476
3473,1476
3474,1476
3475,1476
3476,1476
3477,1476
3478,1476
3479,1476
3480,1476
3481,1476
3482,1476
3483,1476
3484,1476
3485,1476
3486,1476
3487,1476
3488,1476
3489,1476
3490,1476
3491,1476
3492,1476
3493,1476
3494,1476
3495,1476
3496,1476
3497,1476
3498,1476
3499,1476
3500,1476
3501,1476
3502,1476
3503,1476
3504,1476
3505,1476
3506,1476
3507,1476
3508,1476
3509,1476
3510,1476
3511,1476
3512,1476
3513,1476
3514,1476
3515,1476
3516,1476
3517,1476
3518,1476
3519,1476
3520,1476
3521,1476
3522,1476
3523,1476
3524,1476
3525,1476
3526,1476
3527,1476
3528,1476
3529,1476
3530,1476
3531,1476
3532,1476
3533,1476
3534,1476
3535,1476
3536,1476
3537,1476
3538,1476
3539,1476
3540,1476
3541,1476
3542,1476
3543,1476
3544,1476
3545,1476
3546,1476
3547,1476
3548,1476
3549,1476
3550,1476
3551,1476
3552,1476
3553,1476
3554,1476
3555,1476
3556,1476
3557,1476
3558,1476
3559,1476
3560,1476
3561,1476
3562,1476
3563,1476
3564,1476
3565,1476
3566,1476
3567,1476
3568,1476
3569,1476
3570,1476
3571,1476
3572,1476
3573,1476
3574,1476
3575,1476
3576,1476
3577,1476
3578,1476
3579,1476
3580,1476
3581,1476
3582,1476
3583,1476
3584,1476
3585,1476
3586,1476
3587,1476
3588,1476
3589,1476
3590,1476
3591,1476
3592,1476
3593,1476
3594,1476
3595,1476
3596,1476
3597,1476
3598,1476
3599,1476
3600,1476
3601,1476
3602,1476
3603,1476
3604,1476
3605,1476
3606,1476
3607,1476
3608,1476
3609,1476
3610,1476
3611,1476
3612,1476
3613,1476
3614,1476
3615,1476
3616,1476
3617,1476
3618,1476
3619,1476
3620,1476
3621,1476
3622,1476
3623,1476
3624,1476
3625,1476
3626,1476
3627,1476
3628,1476
3629,1476
3630,1476
3631,1476
3632,1476
3633,1476
3634,1476
3635,1476
3636,1476
3637,1476
3638,1476
3639,1476
3640,1476
3641,1476
3642,1476
3643,1476
3644,1476
3645,1476
3646,1476
3647,1476
3648,1476
3649,1476
3650,1476
3651,1476
3652,1476
3653,1476
3654,1476
3655,1476
3656,1476
3657,1476
3658,1476
3659,1476
3660,1476
3661,1476
3662,1476
3663,1476
3664,1476
3665,1476
3666,1476
3667,1476
3668,1476
3669,1476
3670,1476
3671,1476
3672,1476
3673,1476
3674,1476
3675,1476
3676,1476
3677,1476
3678,1476
3679,1476
3680,1476
3681,1476
3682,1476
3683,1476
3684,1476
3685,1476
3686,1476
3687,1476
3688,1476
3689,1476
3690,1476
3691,1476
3692,1476
3693,1476
3694,1476
3695,1476
3696,1476
3697,1476
3698,1476
3699,1476
3700,1476
3701,1476
3702,1476
3703,1476
3704,1476
3705,1476
3706,1476
3707,1476
3708,1476
3709,1476
3710,1476
3711,1476
3712,1476
3713,1476
3714,1476
3715,1476
3716,1476
3717,1476
3718,1476
3719,1476
3720,1476
3721,1476
3722,1476
3723,1476
3724,1476
3725,1476
3726,1476
3727,1476
3728,1476
3729,1476
3730,1476
3731,1476
3732,1476
3733,1476
3734,1476
3735,1476
3736,1476
3737,1476
3738,1476
3739,1476
3740,1476
3741,1476
3742,1476
3743,1476
3744,1476
3745,1476
3746,1476
3747,1476
3748,1476
3749,1476
3750,1476
3751,1476
3752,1476
3753,1476
3754,1476
3755,1476
3756,1476
3757,1476
3758,1476
3759,1476
3760,1476
3761,1476
3762,1476
3763,1476
3764,1476
3765,1476
3766,1476
3767,1476
3768,1476
3769,1476
3770,1476
3771,1476
3772,1476
3773,1476
3774,1476
3775,1476
3776,1476
3777,1476
3778,1476
3779,1476
3780,1476
3781,1476
3782,1476
3783,1476
3784,1476
3785,1476
3786,1476
3787,1476
3788,1476
3789,1476
3790,1476
3791,1476
3792,1476
3793,1476
3794,1476
3795,1476
3796,1476
3797,1476
3798,1476
3799,1476
3800,1476
3801,1476
3802,1476
3803,1476
3804,1476
3805,1476
3806,1476
3807,1476
3808,1476
3809,1476
3810,1476
3811,1476
3812,1476
3813,1476
3814,1476
3815,1476
3816,1476
3817,1476
3818,1476
3819,1476
3820,1476
3821,1476
3822,1476
3823,1476
3824,1476
3825,1476
3826,1476
3827,1476
3828,1476
3829,1476
3830,1476
3831,1476
3832,1476
3833,1476
3834,1476
3835,1476
3836,1476
3837,1476
3838,1476
3839,1476
3840,1476
3841,1476
3842,1476
3843,1476
3844,1476
3845,1476
3846,1476
3847,1476
3848,1476
3849,1476
3850,1476
3851,1476
3852,1476
3853,1476
3854,1476
3855,1476
3856,1476
3857,1476
3858,1476
3859,1476
3860,1476
3861,1476
3862,1476
3863,1476
3864,1476
3865,1476
3866,1476
3867,1476
3868,1476
3869,1476
3870,1476
3871,1476
3872,1476
3873,1476
3874,1476
3875,1476
3876,1476
3877,1476
3878,1476
3879,1476
3880,1476
3881,1476
3882,1476
3883,1476
3884,1476
3885,1476
3886,1476
3887,1476
3888,1476
3889,1476
3890,1476
3891,1476
3892,1476
3893,1476
3894,1476
3895,1476
3896,1476
3897,1476
3898,1476
3899,1476
3900,1476
3901,1476
3902,1476
3903,1476
3904,1476
3905,1476
3906,1476
3907,1476
3908,1476
3909,1476
3910,1476
3911,1476
3912,1476
3913,1476
3914,1476
3915,1476
3916,1476
3917,1476
3918,1476
3919,1476
3920,1476
3921,1476
3922,1476
3923,1476
3924,1476
3925,1476
3926,1476
3927,1476
3928,1476
3929,1476
3930,1476
3931,1476
3932,1476
3933,1476
3934,1476
3935,1476
3936,1476
3937,1476
3938,1476
3939,1476
3940,1476
3941,1476
3942,1476
3943,1476
3944,1476
3945,1476
3946,1476
3947,1476
3948,1476
3949,1476
3950,1476
3951,1476
3952,1476
3953,1476
3954,1476
3955,1476
3956,1476
3957,1476
3958,1476
3959,1476
3960,1476
3961,1476
3962,1476
3963,1476
3964,1476
3965,1476
3966,1476
3967,1476
3968,1476
3969,1476
3970,1476
3971,1476
3972,1476
3973,1476
3974,1476
3975,1476
3976,1476
3977,1476
3978,1476
3979,1476
3980,1476
3981,1476
3982,1476
3983,1476
3984,1476
3985,1476
3986,1476
3987,1476
3988,1476
3989,1476
3990,1476
3991,1476
3992,1476
3993,1476
3994,1476
3995,1476
3996,1476
3997,1476
3998,1476
3999,1476
4000,1476
4001,1476
4002,1476
4003,1476
4004,1476
4005,1476
4006,1476
4007,1476
4008,1476
4009,1476
4010,1476
4011,1476
4012,1476
4013,1476
4014,1476
4015,1476
4016,1476
4017,1476
4018,1476
4019,1476
4020,1476
4021,1476
4022,1476
4023,1476
4024,1476
4025,1476
4026,1476
4027,1476
4028,1476
4029,1476
4030,1476
4031,1476
4032,1476
4033,1476
4034,1476
4035,1476
4036,1476
4037,1476
4038,1476
4039,1476
4040,1476
4041,1476
4042,1476
4043,1476
4044,1476
4045,1476
4046,1476
4047,1476
4048,1476
4049,1476
4050,1476
4051,1476
4052,1476
4053,1476
4054,1476
4055,1476
4056,1476
4057,1476
4058,1476
4059,1476
4060,1476
4061,1476
4062,1476
4063,1476
4064,1476
4065,1476
4066,1476
4067,1476
4068,1476
4069,1476
4070,1476
4071,1476
4072,1476
4073,1476
4074,1476
4075,1476
4076,1476
4077,1476
4078,1476
4079,1476
4080,1476
4081,1476
4082,1476
4083,1476
4084,1476
4085,1476
4086,1476
4087,1476
4088,1476
4089,1476
4090,1476
4091,1476
4092,1476
4093,1476
4094,1476
4095,1476
4096,1476
4097,1476
4098,1476
4099,1476
4100,1476
4101,1476
4102,1476
4103,1476
4104,1476
4105,1476
4106,1476
4107,1476
4108,1476
4109,1476
4110,1476
4111,1476
4112,1476
4113,1476
4114,1476
4115,1476
4116,1476
4117,1476
4118,1476
4119,1476
4120,1476
4121,1476
4122,1476
4123,1476
4124,1476
4125,1476
4126,1476
4127,1476
4128,1476
4129,1476
4130,1476
4131,1476
4132,1476
4133,1476
4134,1476
4135,1476
4136,1476
4137,1476
4138,1476
4139,1476
4140,1476
4141,1476
4142,1476
4143,1476
4144,1476
4145,1476
4146,1476
4147,1476
4148,1476
4149,1476
4150,1476
4151,1476
4152,1476
4153,1476
4154,1476
4155,1476
4156,1476
4157,1476
4158,1476
4159,1476
4160,1476
4161,1476
4162,1476
4163,1476
4164,1476
4165,1476
4166,1476
4167,1476
4168,1476
4169,1476
4170,1476
4171,1476
4172,1476
4173,1476
4174,1476
4175,1476
4176,1476
4177,1476
4178,1476
4179,1476
4180,1476
4181,1476
4182,1476
4183,1476
4184,1476
4185,1476
4186,1476
4187,1476
4188,1476
4189,1476
4190,1476
4191,1476
4192,1476
4193,1476
4194,1476
4195,1476
4196,1476
4197,1476
4198,1476
4199,1476
4200,1476
4201,1476
4202,1476
4203,1476
4204,1476
4205,1476
4206,1476
4207,1476
4208,1476
4209,1476
4210,1476
4211,1476
4212,1476
4213,1476
4214,1476
4215,1476
4216,1476
4217,1476
4218,1476
4219,1476
4220,1476
4221,1476
4222,1476
4223,1476
4224,1476
4225,1476
4226,1476
4227,1476
4228,1476
4229,1476
4230,1476
4231,1476
4232,1476
4233,1476
4234,1476
4235,1476
4236,1476
4237,1476
4238,1476
4239,1476
4240,1476
4241,1476
4242,1476
4243,1476
4244,1476
4245,1476
4246,1476
4247,1476
4248,1476
4249,1476
4250,1476
4251,1476
4252,1476
4253,1476
4254,1476
4255,1476
4256,1476
4257,1476
4258,1476
4259,1476
4260,1476
4261,1476
4262,1476
4263,1476
4264,1476
4265,1476
4266,1476
4267,1476
4268,1476
4269,1476
4270,1476
4271,1476
4272,1476
4273,1476
4274,1476
4275,1476
4276,1476
4277,1476
4278,1476
4279,1476
4280,1476
4281,1476
4282,1476
4283,1476
4284,1476
4285,1476
4286,1476
4287,1476
4288,1476
4289,1476
4290,1476
4291,1476
4292,1476
4293,1476
4294,1476
4295,1476
4296,1476
4297,1476
4298,1476
4299,1476
4300,1476
4301,1476
4302,1476
4303,1476
4304,1476
4305,1476
4306,1476
4307,1476
4308,1476
4309,1476
4310,1476
4311,1476
4312,1476
4313,1476
4314,1476
4315,1476
4316,1476
4317,1476
4318,1476
4319,1476
4320,1476
4321,1476
4322,1476
4323,1476
4324,1476
4325,1476
4326,1476
4327,1476
4328,1476
4329,1476
4330,1476
4331,1476
4332,1476
4333,1476
4334,1476
4335,1476
4336,1476
4337,1476
4338,1476
4339,1476
4340,1476
4341,1476
4342,1476
4343,1476
4344,1476
4345,1476
4346,1476
4347,1476
4348,1476
4349,1476
4350,1476
4351,1476
4352,1476
4353,1476
4354,1476
4355,1476
4356,1476
4357,1476
4358,1476
4359,1476
4360,1476
4361,1476
4362,1476
4363,1476
4364,1476
4365,1476
4366,1476
4367,1476
4368,1476
4369,1476
4370,1476
4371,1476
4372,1476
4373,1476
4374,1476
4375,1476
4376,1476
4377,1476
4378,1476
4379,1476
4380,1476
4381,1476
4382,1476
4383,1476
4384,1476
4385,1476
4386,1476
4387,1476
4388,1476
4389,1476
4390,1476
4391,1476
4392,1476
4393,1476
4394,1476
4395,1476
4396,1476
4397,1476
4398,1476
4399,1476
4400,1476
4401,1476
4402,1476
4403,1476
4404,1476
4405,1476
4406,1476
4407,1476
4408,1476
4409,1476
4410,1476
4411,1476
4412,1476
4413,1476
4414,1476
4415,1476
4416,1476
4417,1476
4418,1476
4419,1476
4420,1476
4421,1476
4422,1476
4423,1476
4424,1476
4425,1476
4426,1476
4427,1476
4428,1476
4429,1476
4430,1476
4431,1476
4432,1476
4433,1476
4434,1476
4435,1476
4436,1476
4437,1476
4438,1476
4439,1476
4440,1476
4441,1476
4442,1476
4443,1476
4444,1476
4445,1476
4446,1476
4447,1476
4448,1476
4449,1476
4450,1476
4451,1476
4452,1476
4453,1476
4454,1476
4455,1476
4456,1476
4457,1476
4458,1476
4459,1476
4460,1476
4461,1476
4462,1476
4463,1476
4464,1476
4465,1476
4466,1476
4467,1476
4468,1476
4469,1476
4470,1476
4471,1476
4472,1476
4473,1476
4474,1476
4475,1476
4476,1476
4477,1476
4478,1476
4479,1476
4480,1476
4481,1476
4482,1476
4483,1476
4484,1476
4485,1476
4486,1476
4487,1476
4488,1476
4489,1476
4490,1476
4491,1476
4492,1476
4493,1476
4494,1476
4495,1476
4496,1476
4497,1476
4498,1476
4499,1476
4500,1476
4501,1476
4502,1476
4503,1476
4504,1476
4505,1476
4506,1476
4507,1476
4508,1476
4509,1476
4510,1476
4511,1476
4512,1476
4513,1476
4514,1476
4515,1476
4516,1476
4517,1476
4518,1476
4519,1476
4520,1476
4521,1476
4522,1476
4523,1476
4524,1476
4525,1476
4526,1476
4527,1476
4528,1476
4529,1476
4530,1476
4531,1476
4532,1476
4533,1476
4534,1476
4535,1476
4536,1476
4537,1476
4538,1476
4539,1476
4540,1476
4541,1476
4542,1476
4543,1476
4544,1476
4545,1476
4546,1476
4547,1476
4548,1476
4549,1476
4550,1476
4551,1476
4552,1476
4553,1476
4554,1476
4555,1476
4556,1476
4557,1476
4558,1476
4559,1476
4560,1476
4561,1476
4562,1476
4563,1476
4564,1476
4565,1476
4566,1476
4567,1476
4568,1476
4569,1476
4570,1476
4571,1476
4572,1476
4573,1476
4574,1476
4575,1476
4576,1476
4577,1476
4578,1476
4579,1476
4580,1476
4581,1476
4582,1476
4583,1476
4584,1476
4585,1476
4586,1476
4587,1476
4588,1476
4589,1476
4590,1476
4591,1476
4592,1476
4593,1476
4594,1476
4595,1476
4596,1476
4597,1476
4598,1476
4599,1476
4600,1476
4601,1476
4602,1476
4603,1476
4604,1476
4605,1476
4606,1476
4607,1476
4608,1476
4609,1476
4610,1476
4611,1476
4612,1476
4613,1476
4614,1476
4615,1476
4616,1476
4617,1476
4618,1476
4619,1476
4620,1476
4621,1476
4622,1476
4623,1476
4624,1476
4625,1476
4626,1476
4627,1476
4628,1476
4629,1476
4630,1476
4631,1476
4632,1476
4633,1476
4634,1476
4635,1476
4636,1476
4637,1476
4638,1476
4639,1476
4640,1476
4641,1476
4642,1476
4643,1476
4644,1476
4645,1476
4646,1476
4647,1476
4648,1476
4649,1476
4650,1476
4651,1476
4652,1476
4653,1476
4654,1476
4655,1476
4656,1476
4657,1476
4658,1476
4659,1476
4660,1476
4661,1476
4662,1476
4663,1476
4664,1476
4665,1476
4666,1476
4667,1476
4668,1476
4669,1476
4670,1476
4671,1476
4672,1476
4673,1476
4674,1476
4675,1476
4676,1476
4677,1476
4678,1476
4679,1476
4680,1476
4681,1476
4682,1476
4683,1476
4684,1476
4685,1476
4686,1476
4687,1476
4688,1476
4689,1476
4690,1476
4691,1476
4692,1476
4693,1476
4694,1476
4695,1476
4696,1476
4697,1476
4698,1476
4699,1476
4700,1476
4701,1476
4702,1476
4703,1476
4704,1476
4705,1476
4706,1476
4707,1476
4708,1476
4709,1476
4710,1476
4711,1476
4712,1476
4713,1476
4714,1476
4715,1476
4716,1476
4717,1476
4718,1476
4719,1476
4720,1476
4721,1476
4722,1476
4723,1476
4724,1476
4725,1476
4726,1476
4727,1476
4728,1476
4729,1476
4730,1476
4731,1476
4732,1476
4733,1476
4734,1476
4735,1476
4736,1476
4737,1476
4738,1476
4739,1476
4740,1476
4741,1476
4742,1476
4743,1476
4744,1476
4745,1476
4746,1476
4747,1476
4748,1476
4749,1476
4750,1476
4751,1476
4752,1476
4753,1476
4754,1476
4755,1476
4756,1476
4757,1476
4758,1476
4759,1476
4760,1476
4761,1476
4762,1476
4763,1476
4764,1476
4765,1476
4766,1476
4767,1476
4768,1476
4769,1476
4770,1476
4771,1476
4772,1476
4773,1476
4774,1476
4775,1476
4776,1476
4777,1476
4778,1476
4779,1476
4780,1476
4781,1476
4782,1476
4783,1476
4784,1476
4785,1476
4786,1476
4787,1476
4788,1476
4789,1476
4790,1476
4791,1476
4792,1476
4793,1476
4794,1476
4795,1476
4796,1476
4797,1476
4798,1476
4799,1476
4800,1476
4801,1476
4802,1476
4803,1476
4804,1476
4805,1476
4806,1476
4807,1476
4808,1476
4809,1476
4810,1476
4811,1476
4812,1476
4813,1476
4814,1476
4815,1476
4816,1476
4817,1476
4818,1476
4819,1476
4820,1476
4821,1476
4822,1476
4823,1476
4824,1476
4825,1476
4826,1476
4827,1476
4828,1476
4829,1476
4830,1476
4831,1476
4832,1476
4833,1476
4834,1476
4835,1476
4836,1476
4837,1476
4838,1476
4839,1476
4840,1476
4841,1476
4842,1476
4843,1476
4844,1476
4845,1476
4846,1476
4847,1476
4848,1476
4849,1476
4850,1476
4851,1476
4852,1476
4853,1476
4854,1476
4855,1476
4856,1476
4857,1476
4858,1476
4859,1476
4860,1476
4861,1476
4862,1476
4863,1476
4864,1476
4865,1476
4866,1476
4867,1476
4868,1476
4869,1476
4870,1476
4871,1476
4872,1476
4873,1476
4874,1476
4875,1476
4876,1476
4877,1476
4878,1476
4879,1476
4880,1476
4881,1476
4882,1476
4883,1476
4884,1476
4885,1476
4886,1476
4887,1476
4888,1476
4889,1476
4890,1476
4891,1476
4892,1476
4893,1476
4894,1476
4895,1476
4896,1476
4897,1476
4898,1476
4899,1476
4900,1476
4901,1476
4902,1476
4903,1476
4904,1476
4905,1476
4906,1476
4907,1476
4908,1476
4909,1476
4910,1476
4911,1476
4912,1476
4913,1476
4914,1476
4915,1476
4916,1476
4917,1476
4918,1476
4919,1476
4920,1476
4921,1476
4922,1476
4923,1476
4924,1476
4925,1476
4926,1476
4927,1476
4928,1476
4929,1476
4930,1476
4931,1476
4932,1476
4933,1476
4934,1476
4935,1476
4936,1476
4937,1476
4938,1476
4939,1476
4940,1476
4941,1476
4942,1476
4943,1476
4944,1476
4945,1476
4946,1476
4947,1476
4948,1476
4949,1476
4950,1476
4951,1476
4952,1476
4953,1476
4954,1476
4955,1476
4956,1476
4957,1476
4958,1476
4959,1476
4960,1476
4961,1476
4962,1476
4963,1476
4964,1476
4965,1476
4966,1476
4967,1476
4968,1476
4969,1476
4970,1476
4971,1476
4972,1476
4973,1476
4974,1476
4975,1476
4976,1476
4977,1476
4978,1476
4979,1476
4980,1476
4981,1476
4982,1476
4983,1476
4984,1476
4985,1476
4986,1476
4987,1476
4988,1476
4989,1476
4990,1476
4991,1476
4992,1476
4993,1476
4994,1476
4995,1476
4996,1476
4997,1476
4998,1476
4999,1476
5000,1476
5001,1476
5002,1476
5003,1476
5004,1476
5005,1476
5006,1476
5007,1476
5008,1476
5009,1476
5010,1476
5011,1476
5012,1476
5013,1476
5014,1476
5015,1476
5016,1476
5017,1476
5018,1476
5019,1476
5020,1476
5021,1476
5022,1476
5023,1476
5024,1476
5025,1476
5026,1476
5027,1476
5028,1476
5029,1476
5030,1476
5031,1476
5032,1476
5033,1476
5034,1476
5035,1476
5036,1476
5037,1476
5038,1476
5039,1476
5040,1476
5041,1476
5042,1476
5043,1476
5044,1476
5045,1476
5046,1476
5047,1476
5048,1476
5049,1476
5050,1476
5051,1476
5052,1476
5053,1476
5054,1476
5055,1476
5056,1476
5057,1476
5058,1476
5059,1476
5060,1476
5061,1476
5062,1476
5063,1476
5064,1476
5065,1476
5066,1476
5067,1476
5068,1476
5069,1476
5070,1476
5071,1476
5072,1476
5073,1476
5074,1476
5075,1476
5076,1476
5077,1476
5078,1476
5079,1476
5080,1476
5081,1476
5082,1476
5083,1476
5084,1476
5085,1476
5086,1476
5087,1476
5088,1476
5089,1476
5090,1476
5091,1476
5092,1476
5093,1476
5094,1476
5095,1476
5096,1476
5097,1476
5098,1476
5099,1476
5100,1476
5101,1476
5102,1476
5103,1476
5104,1476
5105,1476
5106,1476
5107,1476
5108,1476
5109,1476
5110,1476
5111,1476
5112,1476
5113,1476
5114,1476
5115,1476
5116,1476
5117,1476
5118,1476
5119,1476
5120,1476
5121,1476
5122,1476
5123,1476
5124,1476
5125,1476
5126,1476
5127,1476
5128,1476
5129,1476
5130,1476
5131,1476
5132,1476
5133,1476
5134,1476
5135,1476
5136,1476
5137,1476
5138,1476
5139,1476
5140,1476
5141,1476
5142,1476
5143,1476
5144,1476
5145,1476
5146,1476
5147,1476
5148,1476
5149,1476
5150,1476
5151,1476
5152,1476
5153,1476
5154,1476
5155,1476
5156,1476
5157,1476
5158,1476
5159,1476
5160,1476
5161,1476
5162,1476
5163,1476
5164,1476
5165,1476
5166,1476
5167,1476
5168,1476
5169,1476
5170,1476
5171,1476
5172,1476
5173,1476
5174,1476
5175,1476
5176,1476
5177,1476
5178,1476
5179,1476
5180,1476
5181,1476
5182,1476
5183,1476
5184,1476
5185,1476
5186,1476
5187,1476
5188,1476
5189,1476
5190,1476
5191,1476
5192,1476
5193,1476
5194,1476
5195,1476
5196,1476
5197,1476
5198,1476
5199,1476
5200,1476
5201,1476
5202,1476
5203,1476
5204,1476
5205,1476
5206,1476
5207,1476
5208,1476
5209,1476
5210,1476
5211,1476
5212,1476
5213,1476
5214,1476
5215,1476
5216,1476
5217,1476
5218,1476
5219,1476
5220,1476
5221,1476
5222,1476
5223,1476
5224,1476
5225,1476
5226,1476
5227,1476
5228,1476
5229,1476
5230,1476
5231,1476
5232,1476
5233,1476
5234,1476
5235,1476
5236,1476
5237,1476
5238,1476
5239,1476
5240,1476
5241,1476
5242,1476
5243,1476
5244,1476
5245,1476
5246,1476
5247,1476
5248,1476
5249,1476
5250,1476
5251,1476
5252,1476
5253,1476
5254,1476
5255,1476
5256,1476
5257,1476
5258,1476
5259,1476
5260,1476
5261,1476
5262,1476
5263,1476
5264,1476
5265,1476
5266,1476
5267,1476
5268,1476
5269,1476
5270,1476
5271,1476
5272,1476
5273,1476
5274,1476
5275,1476
5276,1476
5277,1476
5278,1476
5279,1476
5280,1476
5281,1476
5282,1476
5283,1476
5284,1476
5285,1476
5286,1476
5287,1476
5288,1476
5289,1476
5290,1476
5291,1476
5292,1476
5293,1476
5294,1476
5295,1476
5296,1476
5297,1476
5298,1476
5299,1476
5300,1476
5301,1476
5302,1476
5303,1476
5304,1476
5305,1476
5306,1476
5307,1476
5308,1476
5309,1476
5310,1476
5311,1476
5312,1476
5313,1476
5314,1476
5315,1476
5316,1476
5317,1476
5318,1476
5319,1476
5320,1476
5321,1476
5322,1476
5323,1476
5324,1476
5325,1476
5326,1476
5327,1476
5328,1476
5329,1476
5330,1476
5331,1476
5332,1476
5333,1476
5334,1476
5335,1476
5336,1476
5337,1476
5338,1476
5339,1476
5340,1476
5341,1476
5342,1476
5343,1476
5344,1476
5345,1476
5346,1476
5347,1476
5348,1476
5349,1476
5350,1476
5351,1476
5352,1476
5353,1476
5354,1476
5355,1476
5356,1476
5357,1476
5358,1476
5359,1476
5360,1476
5361,1476
5362,1476
5363,1476
5364,1476
5365,1476
5366,1476
5367,1476
5368,1476
5369,1476
5370,1476
5371,1476
5372,1476
5373,1476
5374,1476
5375,1476
5376,1476
5377,1476
5378,1476
5379,1476
5380,1476
5381,1476
5382,1476
5383,1476
5384,1476
5385,1476
5386,1476
5387,1476
5388,1476
5389,1476
5390,1476
5391,1476
5392,1476
5393,1476
5394,1476
5395,1476
5396,1476
5397,1476
5398,1476
5399,1476
5400,1476
5401,1476
5402,1476
5403,1476
5404,1476
5405,1476
5406,1476
5407,1476
5408,1476
5409,1476
5410,1476
5411,1476
5412,1476
5413,1476
5414,1476
5415,1476
5416,1476
5417,1476
5418,1476
5419,1476
5420,1476
5421,1476
5422,1476
5423,1476
5424,1476
5425,1476
5426,1476
5427,1476
5428,1476
5429,1476
5430,1476
5431,1476
5432,1476
5433,1476
5434,1476
5435,1476
5436,1476
5437,1476
5438,1476
5439,1476
5440,1476
5441,1476
5442,1476
5443,1476
5444,1476
5445,1476
5446,1476
5447,1476
5448,1476
5449,1476
5450,1476
5451,1476
5452,1476
5453,1476
5454,1476
5455,1476
5456,1476
5457,1476
5458,1476
5459,1476
5460,1476
5461,1476
5462,1476
5463,1476
5464,1476
5465,1476
5466,1476
5467,1476
5468,1476
5469,1476
5470,1476
5471,1476
5472,1476
5473,1476
5474,1476
5475,1476
5476,1476
5477,1476
5478,1476
5479,1476
5480,1476
5481,1476
5482,1476
5483,1476
5484,1476
5485,1476
5486,1476
5487,1476
5488,1476
5489,1476
5490,1476
5491,1476
5492,1476
5493,1476
5494,1476
5495,1476
5496,1476
5497,1476
5498,1476
5499,1476
5500,1476
5501,1476
5502,1476
5503,1476
5504,1476
5505,1476
5506,1476
5507,1476
5508,1476
5509,1476
5510,1476
5511,1476
5512,1476
5513,1476
5514,1476
5515,1476
5516,1476
5517,1476
5518,1476
5519,1476
5520,1476
5521,1476
5522,1476
5523,1476
5524,1476
5525,1476
5526,1476
5527,1476
5528,1476
5529,1476
5530,1476
5531,1476
5532,1476
5533,1476
5534,1476
5535,1476
5536,1476
5537,1476
5538,1476
5539,1476
5540,1476
5541,1476
5542,1476
5543,1476
5544,1476
5545,1476
5546,1476
5547,1476
5548,1476
5549,1476
5550,1476
5551,1476
5552,1476
5553,1476
5554,1476
5555,1476
5556,1476
5557,1476
5558,1476
5559,1476
5560,1476
5561,1476
5562,1476
5563,1476
5564,1476
5565,1476
5566,1476
5567,1476
5568,1476
5569,1476
5570,1476
5571,1476
5572,1476
5573,1476
5574,1476
5575,1476
5576,1476
5577,1476
5578,1476
5579,1476
5580,1476
5581,1476
5582,1476
5583,1476
5584,1476
5585,1476
5586,1476
5587,1476
5588,1476
5589,1476
5590,1476
5591,1476
5592,1476
5593,1476
5594,1476
5595,1476
5596,1476
5597,1476
5598,1476
5599,1476
5600,1476
5601,1476
5602,1476
5603,1476
5604,1476
5605,1476
5606,1476
5607,1476
5608,1476
5609,1476
5610,1476
5611,1476
5612,1476
5613,1476
5614,1476
5615,1476
5616,1476
5617,1476
5618,1476
5619,1476
5620,1476
5621,1476
5622,1476
5623,1476
5624,1476
5625,1476
5626,1476
5627,1476
5628,1476
5629,1476
5630,1476
5631,1476
5632,1476
5633,1476
5634,1476
5635,1476
5636,1476
5637,1476
5638,1476
5639,1476
5640,1476
5641,1476
5642,1476
5643,1476
5644,1476
5645,1476
5646,1476
5647,1476
5648,1476
5649,1476
5650,1476
5651,1476
5652,1476
5653,1476
5654,1476
5655,1476
5656,1476
5657,1476
5658,1476
5659,1476
5660,1476
5661,1476
5662,1476
5663,1476
5664,1476
5665,1476
5666,1476
5667,1476
5668,1476
5669,1476
5670,1476
5671,1476
5672,1476
5673,1476
5674,1476
5675,1476
5676,1476
5677,1476
5678,1476
5679,1476
5680,1476
5681,1476
5682,1476
5683,1476
5684,1476
5685,1476
5686,1476
5687,1476
5688,1476
5689,1476
5690,1476
5691,1476
5692,1476
5693,1476
5694,1476
5695,1476
5696,1476
5697,1476
5698,1476
5699,1476
5700,1476
5701,1476
5702,1476
5703,1476
5704,1476
5705,1476
5706,1476
5707,1476
5708,1476
5709,1476
5710,1476
5711,1476
5712,1476
5713,1476
5714,1476
5715,1476
5716,1476
5717,1476
5718,1476
5719,1476
5720,1476
5721,1476
5722,1476
5723,1476
5724,1476
5725,1476
5726,1476
5727,1476
5728,1476
5729,1476
5730,1476
5731,1476
5732,1476
5733,1476
5734,1476
5735,1476
5736,1476
5737,1476
5738,1476
5739,1476
5740,1476
5741,1476
5742,1476
5743,1476
5744,1476
5745,1476
5746,1476
5747,1476
5748,1476
5749,1476
5750,1476
5751,1476
5752,1476
5753,1476
5754,1476
5755,1476
5756,1476
5757,1476
5758,1476
5759,1476
5760,1476
5761,1476
5762,1476
5763,1476
5764,1476
5765,1476
5766,1476
5767,1476
5768,1476
5769,1476
5770,1476
5771,1476
5772,1476
5773,1476
5774,1476
5775,1476
5776,1476
5777,1476
5778,1476
5779,1476
5780,1476
5781,1476
5782,1476
5783,1476
5784,1476
5785,1476
5786,1476
5787,1476
5788,1476
5789,1476
5790,1476
5791,1476
5792,1476
5793,1476
5794,1476
5795,1476
5796,1476
5797,1476
5798,1476
5799,1476
5800,1476
5801,1476
5802,1476
5803,1476
5804,1476
5805,1476
5806,1476
5807,1476
5808,1476
5809,1476
5810,1476
5811,1476
5812,1476
5813,1476
5814,1476
5815,1476
5816,1476
5817,1476
5818,1476
5819,1476
5820,1476
5821,1476
5822,1476
5823,1476
5824,1476
5825,1476
5826,1476
5827,1476
5828,1476
5829,1476
5830,1476
5831,1476
5832,1476
5833,1476
5834,1476
5835,1476
5836,1476
5837,1476
5838,1476
5839,1476
5840,1476
5841,1476
5842,1476
5843,1476
5844,1476
5845,1476
5846,1476
5847,1476
5848,1476
5849,1476
5850,1476
5851,1476
5852,1476
5853,1476
5854,1476
5855,1476
5856,1476
5857,1476
5858,1476
5859,1476
5860,1476
5861,1476
5862,1476
5863,1476
5864,1476
5865,1476
5866,1476
5867,1476
5868,1476
5869,1476
5870,1476
5871,1476
5872,1476
5873,1476
5874,1476
5875,1476
5876,1476
5877,1476
5878,1476
5879,1476
5880,1476
5881,1476
5882,1476
5883,1476
5884,1476
5885,1476
5886,1476
5887,1476
5888,1476
5889,1476
5890,1476
5891,1476
5892,1476
5893,1476
5894,1476
5895,1476
5896,1476
5897,1476
5898,1476
5899,1476
5900,1476
5901,1476
5902,1476
5903,1476
5904,1476
5905,1476
5906,1476
5907,1476
5908,1476
5909,1476
5910,1476
5911,1476
5912,1476
5913,1476
5914,1476
5915,1476
5916,1476
5917,1476
5918,1476
5919,1476
5920,1476
5921,1476
5922,1476
5923,1476
5924,1476
5925,1476
5926,1476
5927,1476
5928,1476
5929,1476
5930,1476
5931,1476
5932,1476
5933,1476
5934,1476
5935,1476
5936,1476
5937,1476
5938,1476
5939,1476
5940,1476
5941,1476
5942,1476
5943,1476
5944,1476
5945,1476
5946,1476
5947,1476
5948,1476
5949,1476
5950,1476
5951,1476
5952,1476
5953,1476
5954,1476
5955,1476
5956,1476
5957,1476
5958,1476
5959,1476
5960,1476
5961,1476
5962,1476
5963,1476
5964,1476
5965,1476
5966,1476
5967,1476
5968,1476
5969,1476
5970,1476
5971,1476
5972,1476
5973,1476
5974,1476
5975,1476
5976,1476
5977,1476
5978,1476
5979,1476
5980,1476
5981,1476
5982,1476
5983,1476
5984,1476
5985,1476
5986,1476
5987,1476
5988,1476
5989,1476
5990,1476
5991,1476
5992,1476
5993,1476
5994,1476
5995,1476
5996,1476
5997,1476
5998,1476
5999,1476
6000,1476
6001,1476
6002,1476
6003,1476
6004,1476
6005,1476
6006,1476
6007,1476
6008,1476
6009,1476
6010,1476
6011,1476
6012,1476
6013,1476
6014,1476
6015,1476
6016,1476
6017,1476
6018,1476
6019,1476
6020,1476
6021,1476
6022,1476
6023,1476
6024,1476
6025,1476
6026,1476
6027,1476
6028,1476
6029,1476
6030,1476
6031,1476
6032,1476
6033,1476
6034,1476
6035,1476
6036,1476
6037,1476
6038,1476
6039,1476
6040,1476
6041,1476
6042,1476
6043,1476
6044,1476
6045,1476
6046,1476
6047,1476
6048,1476
6049,1476
6050,1476
6051,1476
6052,1476
6053,1476
6054,1476
6055,1476
6056,1476
6057,1476
6058,1476
6059,1476
6060,1476
6061,1476
6062,1476
6063,1476
6064,1476
6065,1476
6066,1476
6067,1476
6068,1476
6069,1476
6070,1476
6071,1476
6072,1476
6073,1476
6074,1476
6075,1476
6076,1476
6077,1476
6078,1476
6079,1476
6080,1476
6081,1476
6082,1476
6083,1476
6084,1476
6085,1476
6086,1476
6087,1476
6088,1476
6089,1476
6090,1476
6091,1476
6092,1476
6093,1476
6094,1476
6095,1476
6096,1476
6097,1476
6098,1476
6099,1476
6100,1476
6101,1476
6102,1476
6103,1476
6104,1476
6105,1476
6106,1476
6107,1476
6108,1476
6109,1476
6110,1476
6111,1476
6112,1476
6113,1476
6114,1476
6115,1476
6116,1476
6117,1476
6118,1476
6119,1476
6120,1476
6121,1476
6122,1476
6123,1476
6124,1476
6125,1476
6126,1476
6127,1476
6128,1476
6129,1476
6130,1476
6131,1476
6132,1476
6133,1476
6134,1476
6135,1476
6136,1476
6137,1476
6138,1476
6139,1476
6140,1476
6141,1476
6142,1476
6143,1476
6144,1476
6145,1476
6146,1476
6147,1476
6148,1476
6149,1476
6150,1476
6151,1476
6152,1476
6153,1476
6154,1476
6155,1476
6156,1476
6157,1476
6158,1476
6159,1476
6160,1476
6161,1476
6162,1476
6163,1476
6164,1476
6165,1476
6166,1476
6167,1476
6168,1476
6169,1476
6170,1476
6171,1476
6172,1476
6173,1476
6174,1476
6175,1476
6176,1476
6177,1476
6178,1476
6179,1476
6180,1476
6181,1476
6182,1476
6183,1476
6184,1476
6185,1476
6186,1476
6187,1476
6188,1476
6189,1476
6190,1476
6191,1476
6192,1476
6193,1476
6194,1476
6195,1476
6196,1476
6197,1476
6198,1476
6199,1476
6200,1476
6201,1476
6202,1476
6203,1476
6204,1476
6205,1476
6206,1476
6207,1476
6208,1476
6209,1476
6210,1476
6211,1476
6212,1476
6213,1476
6214,1476
6215,1476
6216,1476
6217,1476
6218,1476
6219,1476
6220,1476
6221,1476
6222,1476
6223,1476
6224,1476
6225,1476
6226,1476
6227,1476
6228,1476
6229,1476
6230,1476
6231,1476
6232,1476
6233,1476
6234,1476
6235,1476
6236,1476
6237,1476
6238,1476
6239,1476
6240,1476
6241,1476
6242,1476
6243,1476
6244,1476
6245,1476
6246,1476
6247,1476
6248,1476
6249,1476
6250,1476
6251,1476
6252,1476
6253,1476
6254,1476
6255,1476
6256,1476
6257,1476
6258,1476
6259,1476
6260,1476
6261,1476
6262,1476
6263,1476
6264,1476
6265,1476
6266,1476
6267,1476
6268,1476
6269,1476
6270,1476
6271,1476
6272,1476
6273,1476
6274,1476
6275,1476
6276,1476
6277,1476
6278,1476
6279,1476
6280,1476
6281,1476
6282,1476
6283,1476
6284,1476
6285,1476
6286,1476
6287,1476
6288,1476
6289,1476
6290,1476
6291,1476
6292,1476
6293,1476
6294,1476
6295,1476
6296,1476
6297,1476
6298,1476
6299,1476
6300,1476
6301,1476
6302,1476
6303,1476
6304,1476
6305,1476
6306,1476
6307,1476
6308,1476
6309,1476
6310,1476
6311,1476
6312,1476
6313,1476
6314,1476
6315,1476
6316,1476
6317,1476
6318,1476
6319,1476
6320,1476
6321,1476
6322,1476
6323,1476
6324,1476
6325,1476
6326,1476
6327,1476
6328,1476
6329,1476
6330,1476
6331,1476
6332,1476
6333,1476
6334,1476
6335,1476
6336,1476
6337,1476
6338,1476
6339,1476
6340,1476
6341,1476
6342,1476
6343,1476
6344,1476
6345,1476
6346,1476
6347,1476
6348,1476
6349,1476
6350,1476
6351,1476
6352,1476
6353,1476
6354,1476
6355,1476
6356,1476
6357,1476
6358,1476
6359,1476
6360,1476
6361,1476
6362,1476
6363,1476
6364,1476
6365,1476
6366,1476
6367,1476
6368,1476
6369,1476
6370,1476
6371,1476
6372,1476
6373,1476
6374,1476
6375,1476
6376,1476
6377,1476
6378,1476
6379,1476
6380,1476
6381,1476
6382,1476
6383,1476
6384,1476
6385,1476
6386,1476
6387,1476
6388,1476
6389,1476
6390,1476
6391,1476
6392,1476
6393,1476
6394,1476
6395,1476
6396,1476
6397,1476
6398,1476
6399,1476
6400,1476
6401,1476
6402,1476
6403,1476
6404,1476
6405,1476
6406,1476
6407,1476
6408,1476
6409,1476
6410,1476
6411,1476
6412,1476
6413,1476
6414,1476
6415,1476
6416,1476
6417,1476
6418,1476
6419,1476
6420,1476
6421,1476
6422,1476
6423,1476
6424,1476
6425,1476
6426,1476
6427,1476
6428,1476
6429,1476
6430,1476
6431,1476
6432,1476
6433,1476
6434,1476
6435,1476
6436,1476
6437,1476
6438,1476
6439,1476
6440,1476
6441,1476
6442,1476
6443,1476
6444,1476
6445,1476
6446,1476
6447,1476
6448,1476
6449,1476
6450,1476
6451,1476
6452,1476
6453,1476
6454,1476
6455,1476
6456,1476
6457,1476
6458,1476
6459,1476
6460,1476
6461,1476
6462,1476
6463,1476
6464,1476
6465,1476
6466,1476
6467,1476
6468,1476
6469,1476
6470,1476
6471,1476
6472,1476
6473,1476
6474,1476
6475,1476
6476,1476
6477,1476
6478,1476
6479,1476
6480,1476
6481,1476
6482,1476
6483,1476
6484,1476
6485,1476
6486,1476
6487,1476
6488,1476
6489,1476
6490,1476
6491,1476
6492,1476
6493,1476
6494,1476
6495,1476
6496,1476
6497,1476
6498,1476
6499,1476
6500,1476
6501,1476
6502,1476
6503,1476
6504,1476
6505,1476
6506,1476
6507,1476
6508,1476
6509,1476
6510,1476
6511,1476
6512,1476
6513,1476
6514,1476
6515,1476
6516,1476
6517,1476
6518,1476
6519,1476
6520,1476
6521,1476
6522,1476
6523,1476
6524,1476
6525,1476
6526,1476
6527,1476
6528,1476
6529,1476
6530,1476
6531,1476
6532,1476
6533,1476
6534,1476
6535,1476
6536,1476
6537,1476
6538,1476
6539,1476
6540,1476
6541,1476
6542,1476
6543,1476
6544,1476
6545,1476
6546,1476
6547,1476
6548,1476
6549,1476
6550,1476
6551,1476
6552,1476
6553,1476
6554,1476
6555,1476
6556,1476
6557,1476
6558,1476
6559,1476
6560,1476
6561,1476
6562,1476
6563,1476
6564,1476
6565,1476
6566,1476
6567,1476
6568,1476
6569,1476
6570,1476
6571,1476
6572,1476
6573,1476
6574,1476
6575,1476
6576,1476
6577,1476
6578,1476
6579,1476
6580,1476
6581,1476
6582,1476
6583,1476
6584,1476
6585,1476
6586,1476
6587,1476
6588,1476
6589,1476
6590,1476
6591,1476
6592,1476
6593,1476
6594,1476
6595,1476
6596,1476
6597,1476
6598,1476
6599,1476
6600,1476
6601,1476
6602,1476
6603,1476
6604,1476
6605,1476
6606,1476
6607,1476
6608,1476
6609,1476
6610,1476
6611,1476
6612,1476
6613,1476
6614,1476
6615,1476
6616,1476
6617,1476
6618,1476
6619,1476
6620,1476
6621,1476
6622,1476
6623,1476
6624,1476
6625,1476
6626,1476
6627,1476
6628,1476
6629,1476
6630,1476
6631,1476
6632,1476
6633,1476
6634,1476
6635,1476
6636,1476
6637,1476
6638,1476
6639,1476
6640,1476
6641,1476
6642,1476
6643,1476
6644,1476
6645,1476
6646,1476
6647,1476
6648,1476
6649,1476
6650,1476
6651,1476
6652,1476
6653,1476
6654,1476
6655,1476
6656,1476
6657,1476
6658,1476
6659,1476
6660,1476
6661,1476
6662,1476
6663,1476
6664,1476
6665,1476
6666,1476
6667,1476
6668,1476
6669,1476
6670,1476
6671,1476
6672,1476
6673,1476
6674,1476
6675,1476
6676,1476
6677,1476
6678,1476
6679,1476
6680,1476
6681,1476
6682,1476
6683,1476
6684,1476
6685,1476
6686,1476
6687,1476
6688,1476
6689,1476
6690,1476
6691,1476
6692,1476
6693,1476
6694,1476
6695,1476
6696,1476
6697,1476
6698,1476
6699,1476
6700,1476
6701,1476
6702,1476
6703,1476
6704,1476
6705,1476
6706,1476
6707,1476
6708,1476
6709,1476
6710,1476
6711,1476
6712,1476
6713,1476
6714,1476
6715,1476
6716,1476
6717,1476
6718,1476
6719,1476
6720,1476
6721,1476
6722,1476
6723,1476
6724,1476
6725,1476
6726,1476
6727,1476
6728,1476
6729,1476
6730,1476
6731,1476
6732,1476
6733,1476
6734,1476
6735,1476
6736,1476
6737,1476
6738,1476
6739,1476
6740,1476
6741,1476
6742,1476
6743,1476
6744,1476
6745,1476
6746,1476
6747,1476
6748,1476
6749,1476
6750,1476
6751,1476
6752,1476
6753,1476
6754,1476
6755,1476
6756,1476
6757,1476
6758,1476
6759,1476
6760,1476
6761,1476
6762,1476
6763,1476
6764,1476
6765,1476
6766,1476
6767,1476
6768,1476
6769,1476
6770,1476
6771,1476
6772,1476
6773,1476
6774,1476
6775,1476
6776,1476
6777,1476
6778,1476
6779,1476
6780,1476
6781,1476
6782,1476
6783,1476
6784,1476
6785,1476
6786,1476
6787,1476
6788,1476
6789,1476
6790,1476
6791,1476
6792,1476
6793,1476
6794,1476
6795,1476
6796,1476
6797,1476
6798,1476
6799,1476
6800,1476
6801,1476
6802,1476
6803,1476
6804,1476
6805,1476
6806,1476
6807,1476
6808,1476
6809,1476
6810,1476
6811,1476
6812,1476
6813,1476
6814,1476
6815,1476
6816,1476
6817,1476
6818,1476
6819,1476
6820,1476
6821,1476
6822,1476
6823,1476
6824,1476
6825,1476
6826,1476
6827,1476
6828,1476
6829,1476
6830,1476
6831,1476
6832,1476
6833,1476
6834,1476
6835,1476
6836,1476
6837,1476
6838,1476
6839,1476
6840,1476
6841,1476
6842,1476
6843,1476
6844,1476
6845,1476
6846,1476
6847,1476
6848,1476
6849,1476
6850,1476
6851,1476
6852,1476
6853,1476
6854,1476
6855,1476
6856,1476
6857,1476
6858,1476
6859,1476
6860,1476
6861,1476
6862,1476
6863,1476
6864,1476
6865,1476
6866,1476
6867,1476
6868,1476
6869,1476
6870,1476
6871,1476
6872,1476
6873,1476
6874,1476
6875,1476
6876,1476
6877,1476
6878,1476
6879,1476
6880,1476
6881,1476
6882,1476
6883,1476
6884,1476
6885,1476
6886,1476
6887,1476
6888,1476
6889,1476
6890,1476
6891,1476
6892,1476
6893,1476
6894,1476
6895,1476
6896,1476
6897,1476
6898,1476
6899,1476
6900,1476
6901,1476
6902,1476
6903,1476
6904,1476
6905,1476
6906,1476
6907,1476
6908,1476
6909,1476
6910,1476
6911,1476
6912,1476
6913,1476
6914,1476
6915,1476
6916,1476
6917,1476
6918,1476
6919,1476
6920,1476
6921,1476
6922,1476
6923,1476
6924,1476
6925,1476
6926,1476
6927,1476
6928,1476
6929,1476
6930,1476
6931,1476
6932,1476
6933,1476
6934,1476
6935,1476
6936,1476
6937,1476
6938,1476
6939,1476
6940,1476
6941,1476
6942,1476
6943,1476
6944,1476
6945,1476
6946,1476
6947,1476
6948,1476
6949,1476
6950,1476
6951,1476
6952,1476
6953,1476
6954,1476
6955,1476
6956,1476
6957,1476
6958,1476
6959,1476
6960,1476
6961,1476
6962,1476
6963,1476
6964,1476
6965,1476
6966,1476
6967,1476
6968,1476
6969,1476
6970,1476
6971,1476
6972,1476
6973,1476
6974,1476
6975,1476
6976,1476
6977,1476
6978,1476
6979,1476
6980,1476
6981,1476
6982,1476
6983,1476
6984,1476
6985,1476
6986,1476
6987,1476
6988,1476
6989,1476
6990,1476
6991,1476
6992,1476
6993,1476
6994,1476
6995,1476
6996,1476
6997,1476
6998,1476
6999,1476
7000,1476
7001,1476
7002,1476
7003,1476
7004,1476
7005,1476
7006,1476
7007,1476
7008,1476
7009,1476
7010,1476
7011,1476
7012,1476
7013,1476
7014,1476
7015,1476
7016,1476
7017,1476
7018,1476
7019,1476
7020,1476
7021,1476
7022,1476
7023,1476
7024,1476
7025,1476
7026,1476
7027,1476
7028,1476
7029,1476
7030,1476
7031,1476
7032,1476
7033,1476
7034,1476
7035,1476
7036,1476
7037,1476
7038,1476
7039,1476
7040,1476
7041,1476
7042,1476
7043,1476
7044,1476
7045,1476
7046,1476
7047,1476
7048,1476
7049,1476
7050,1476
7051,1476
7052,1476
7053,1476
7054,1476
7055,1476
7056,1476
7057,1476
7058,1476
7059,1476
7060,1476
7061,1476
7062,1476
7063,1476
7064,1476
7065,1476
7066,1476
7067,1476
7068,1476
7069,1476
7070,1476
7071,1476
7072,1476
7073,1476
7074,1476
7075,1476
7076,1476
7077,1476
7078,1476
7079,1476
7080,1476
7081,1476
7082,1476
7083,1476
7084,1476
7085,1476
7086,1476
7087,1476
7088,1476
7089,1476
7090,1476
7091,1476
7092,1476
7093,1476
7094,1476
7095,1476
7096,1476
7097,1476
7098,1476
7099,1476
7100,1476
7101,1476
7102,1476
7103,1476
7104,1476
7105,1476
7106,1476
7107,1476
7108,1476
7109,1476
7110,1476
7111,1476
7112,1476
7113,1476
7114,1476
7115,1476
7116,1476
7117,1476
7118,1476
7119,1476
7120,1476
7121,1476
7122,1476
7123,1476
7124,1476
7125,1476
7126,1476
7127,1476
7128,1476
7129,1476
7130,1476
7131,1476
7132,1476
7133,1476
7134,1476
7135,1476
7136,1476
7137,1476
7138,1476
7139,1476
7140,1476
7141,1476
7142,1476
7143,1476
7144,1476
7145,1476
7146,1476
7147,1476
7148,1476
7149,1476
7150,1476
7151,1476
7152,1476
7153,1476
7154,1476
7155,1476
7156,1476
7157,1476
7158,1476
7159,1476
7160,1476
7161,1476
7162,1476
7163,1476
7164,1476
7165,1476
7166,1476
7167,1476
7168,1476
7169,1476
7170,1476
7171,1476
7172,1476
7173,1476
7174,1476
7175,1476
7176,1476
7177,1476
7178,1476
7179,1476
7180,1476
7181,1476
7182,1476
7183,1476
7184,1476
7185,1476
7186,1476
7187,1476
7188,1476
7189,1476
7190,1476
7191,1476
7192,1476
7193,1476
7194,1476
7195,1476
7196,1476
7197,1476
7198,1476
7199,1476
7200,1476
7201,1476
7202,1476
7203,1476
7204,1476
7205,1476
7206,1476
7207,1476
7208,1476
7209,1476
7210,1476
7211,1476
7212,1476
7213,1476
7214,1476
7215,1476
7216,1476
7217,1476
7218,1476
7219,1476
7220,1476
7221,1476
7222,1476
7223,1476
7224,1476
7225,1476
7226,1476
7227,1476
7228,1476
7229,1476
7230,1476
7231,1476
7232,1476
7233,1476
7234,1476
7235,1476
7236,1476
7237,1476
7238,1476
7239,1476
7240,1476
7241,1476
7242,1476
7243,1476
7244,1476
7245,1476
7246,1476
7247,1476
7248,1476
7249,1476
7250,1476
7251,1476
7252,1476
7253,1476
7254,1476
7255,1476
7256,1476
7257,1476
7258,1476
7259,1476
7260,1476
7261,1476
7262,1476
7263,1476
7264,1476
7265,1476
7266,1476
7267,1476
7268,1476
7269,1476
7270,1476
7271,1476
7272,1476
7273,1476
7274,1476
7275,1476
7276,1476
7277,1476
7278,1476
7279,1476
7280,1476
7281,1476
7282,1476
7283,1476
7284,1476
7285,1476
7286,1476
7287,1476
7288,1476
7289,1476
7290,1476
7291,1476
7292,1476
7293,1476
7294,1476
7295,1476
7296,1476
7297,1476
7298,1476
7299,1476
7300,1476
7301,1476
7302,1476
7303,1476
7304,1476
7305,1476
7306,1476
7307,1476
7308,1476
7309,1476
7310,1476
7311,1476
7312,1476
7313,1476
7314,1476
7315,1476
7316,1476
7317,1476
7318,1476
7319,1476
7320,1476
7321,1476
7322,1476
7323,1476
7324,1476
7325,1476
7326,1476
7327,1476
7328,1476
7329,1476
7330,1476
7331,1476
7332,1476
7333,1476
7334,1476
7335,1476
7336,1476
7337,1476
7338,1476
7339,1476
7340,1476
7341,1476
7342,1476
7343,1476
7344,1476
7345,1476
7346,1476
7347,1476
7348,1476
7349,1476
7350,1476
7351,1476
7352,1476
7353,1476
7354,1476
7355,1476
7356,1476
7357,1476
7358,1476
7359,1476
7360,1476
7361,1476
7362,1476
7363,1476
7364,1476
7365,1476
7366,1476
7367,1476
7368,1476
7369,1476
7370,1476
7371,1476
7372,1476
7373,1476
7374,1476
7375,1476
7376,1476
7377,1476
7378,1476
7379,1476
7380,1476
7381,1476
7382,1476
7383,1476
7384,1476
7385,1476
7386,1476
7387,1476
7388,1476
7389,1476
7390,1476
7391,1476
7392,1476
7393,1476
7394,1476
7395,1476
7396,1476
7397,1476
7398,1476
7399,1476
7400,1476
7401,1476
7402,1476
7403,1476
7404,1476
7405,1476
7406,1476
7407,1476
7408,1476
7409,1476
7410,1476
7411,1476
7412,1476
7413,1476
7414,1476
7415,1476
7416,1476
7417,1476
7418,1476
7419,1476
7420,1476
7421,1476
7422,1476
7423,1476
7424,1476
7425,1476
7426,1476
7427,1476
7428,1476
7429,1476
7430,1476
7431,1476
7432,1476
7433,1476
7434,1476
7435,1476
7436,1476
7437,1476
7438,1476
7439,1476
7440,1476
7441,1476
7442,1476
7443,1476
7444,1476
7445,1476
7446,1476
7447,1476
7448,1476
7449,1476
7450,1476
7451,1476
7452,1476
7453,1476
7454,1476
7455,1476
7456,1476
7457,1476
7458,1476
7459,1476
7460,1476
7461,1476
7462,1476
7463,1476
7464,1476
7465,1476
7466,1476
7467,1476
7468,1476
7469,1476
7470,1476
7471,1476
7472,1476
7473,1476
7474,1476
7475,1476
7476,1476
7477,1476
7478,1476
7479,1476
7480,1476
7481,1476
7482,1476
7483,1476
7484,1476
7485,1476
7486,1476
7487,1476
7488,1476
7489,1476
7490,1476
7491,1476
7492,1476
7493,1476
7494,1476
7495,1476
7496,1476
7497,1476
7498,1476
7499,1476
7500,1476
7501,1476
7502,1476
7503,1476
7504,1476
7505,1476
7506,1476
7507,1476
7508,1476
7509,1476
7510,1476
7511,1476
7512,1476
7513,1476
7514,1476
7515,1476
7516,1476
7517,1476
7518,1476
7519,1476
7520,1476
7521,1476
7522,1476
7523,1476
7524,1476
7525,1476
7526,1476
7527,1476
7528,1476
7529,1476
7530,1476
7531,1476
7532,1476
7533,1476
7534,1476
7535,1476
7536,1476
7537,1476
7538,1476
7539,1476
7540,1476
7541,1476
7542,1476
7543,1476
7544,1476
7545,1476
7546,1476
7547,1476
7548,1476
7549,1476
7550,1476
7551,1476
7552,1476
7553,1476
7554,1476
7555,1476
7556,1476
7557,1476
7558,1476
7559,1476
7560,1476
7561,1476
7562,1476
7563,1476
7564,1476
7565,1476
7566,1476
7567,1476
7568,1476
7569,1476
7570,1476
7571,1476
7572,1476
7573,1476
7574,1476
7575,1476
7576,1476
7577,1476
7578,1476
7579,1476
7580,1476
7581,1476
7582,1476
7583,1476
7584,1476
7585,1476
7586,1476
7587,1476
7588,1476
7589,1476
7590,1476
7591,1476
7592,1476
7593,1476
7594,1476
7595,1476
7596,1476
7597,1476
7598,1476
7599,1476
7600,1476
7601,1476
7602,1476
7603,1476
7604,1476
7605,1476
7606,1476
7607,1476
7608,1476
7609,1476
7610,1476
7611,1476
7612,1476
7613,1476
7614,1476
7615,1476
7616,1476
7617,1476
7618,1476
7619,1476
7620,1476
7621,1476
7622,1476
7623,1476
7624,1476
7625,1476
7626,1476
7627,1476
7628,1476
7629,1476
7630,1476
7631,1476
7632,1476
7633,1476
7634,1476
7635,1476
7636,1476
7637,1476
7638,1476
7639,1476
7640,1476
7641,1476
7642,1476
7643,1476
7644,1476
7645,1476
7646,1476
7647,1476
7648,1476
7649,1476
7650,1476
7651,1476
7652,1476
7653,1476
7654,1476
7655,1476
7656,1476
7657,1476
7658,1476
7659,1476
7660,1476
7661,1476
7662,1476
7663,1476
7664,1476
7665,1476
7666,1476
7667,1476
7668,1476
7669,1476
7670,1476
7671,1476
7672,1476
7673,1476
7674,1476
7675,1476
7676,1476
7677,1476
7678,1476
7679,1476
7680,1476
7681,1476
7682,1476
7683,1476
7684,1476
7685,1476
7686,1476
7687,1476
7688,1476
7689,1476
7690,1476
7691,1476
7692,1476
7693,1476
7694,1476
7695,1476
7696,1476
7697,1476
7698,1476
7699,1476
7700,1476
7701,1476
7702,1476
7703,1476
7704,1476
7705,1476
7706,1476
7707,1476
7708,1476
7709,1476
7710,1476
7711,1476
7712,1476
7713,1476
7714,1476
7715,1476
7716,1476
7717,1476
7718,1476
7719,1476
7720,1476
7721,1476
7722,1476
7723,1476
7724,1476
7725,1476
7726,1476
7727,1476
7728,1476
7729,1476
7730,1476
7731,1476
7732,1476
7733,1476
7734,1476
7735,1476
7736,1476
7737,1476
7738,1476
7739,1476
7740,1476
7741,1476
7742,1476
7743,1476
7744,1476
7745,1476
7746,1476
7747,1476
7748,1476
7749,1476
7750,1476
7751,1476
7752,1476
7753,1476
7754,1476
7755,1476
7756,1476
7757,1476
7758,1476
7759,1476
7760,1476
7761,1476
7762,1476
7763,1476
7764,1476
7765,1476
7766,1476
7767,1476
7768,1476
7769,1476
7770,1476
7771,1476
7772,1476
7773,1476
7774,1476
7775,1476
7776,1476
7777,1476
7778,1476
7779,1476
7780,1476
7781,1476
7782,1476
7783,1476
7784,1476
7785,1476
7786,1476
7787,1476
7788,1476
7789,1476
7790,1476
7791,1476
7792,1476
7793,1476
7794,1476
7795,1476
7796,1476
7797,1476
7798,1476
7799,1476
7800,1476
7801,1476
7802,1476
7803,1476
7804,1476
7805,1476
7806,1476
7807,1476
7808,1476
7809,1476
7810,1476
7811,1476
7812,1476
7813,1476
7814,1476
7815,1476
7816,1476
7817,1476
7818,1476
7819,1476
7820,1476
7821,1476
7822,1476
7823,1476
7824,1476
7825,1476
7826,1476
7827,1476
7828,1476
7829,1476
7830,1476
7831,1476
7832,1476
7833,1476
7834,1476
7835,1476
7836,1476
7837,1476
7838,1476
7839,1476
7840,1476
7841,1476
7842,1476
7843,1476
7844,1476
7845,1476
7846,1476
7847,1476
7848,1476
7849,1476
7850,1476
7851,1476
7852,1476
7853,1476
7854,1476
7855,1476
7856,1476
7857,1476
7858,1476
7859,1476
7860,1476
7861,1476
7862,1476
7863,1476
7864,1476
7865,1476
7866,1476
7867,1476
7868,1476
7869,1476
7870,1476
7871,1476
7872,1476
7873,1476
7874,1476
7875,1476
7876,1476
7877,1476
7878,1476
7879,1476
7880,1476
7881,1476
7882,1476
7883,1476
7884,1476
7885,1476
7886,1476
7887,1476
7888,1476
7889,1476
7890,1476
7891,1476
7892,1476
7893,1476
7894,1476
7895,1476
7896,1476
7897,1476
7898,1476
7899,1476
7900,1476
7901,1476
7902,1476
7903,1476
7904,1476
7905,1476
7906,1476
7907,1476
7908,1476
7909,1476
7910,1476
7911,1476
7912,1476
7913,1476
7914,1476
7915,1476
7916,1476
7917,1476
7918,1476
7919,1476
7920,1476
7921,1476
7922,1476
7923,1476
7924,1476
7925,1476
7926,1476
7927,1476
7928,1476
7929,1476
7930,1476
7931,1476
7932,1476
7933,1476
7934,1476
7935,1476
7936,1476
7937,1476
7938,1476
7939,1476
7940,1476
7941,1476
7942,1476
7943,1476
7944,1476
7945,1476
7946,1476
7947,1476
7948,1476
7949,1476
7950,1476
7951,1476
7952,1476
7953,1476
7954,1476
7955,1476
7956,1476
7957,1476
7958,1476
7959,1476
7960,1476
7961,1476
7962,1476
7963,1476
7964,1476
7965,1476
7966,1476
7967,1476
7968,1476
7969,1476
7970,1476
7971,1476
7972,1476
7973,1476
7974,1476
7975,1476
7976,1476
7977,1476
7978,1476
7979,1476
7980,1476
7981,1476
7982,1476
7983,1476
7984,1476
7985,1476
7986,1476
7987,1476
7988,1476
7989,1476
7990,1476
7991,1476
7992,1476
7993,1476
7994,1476
7995,1476
7996,1476
7997,1476
7998,1476
7999,1476
8000,1476
8001,1476
8002,1476
8003,1476
8004,1476
8005,1476
8006,1476
8007,1476
8008,1476
8009,1476
8010,1476
8011,1476
8012,1476
8013,1476
8014,1476
8015,1476
8016,1476
8017,1476
8018,1476
8019,1476
8020,1476
8021,1476
8022,1476
8023,1476
8024,1476
8025,1476
8026,1476
8027,1476
8028,1476
8029,1476
8030,1476
8031,1476
8032,1476
8033,1476
8034,1476
8035,1476
8036,1476
8037,1476
8038,1476
8039,1476
8040,1476
8041,1476
8042,1476
8043,1476
8044,1476
8045,1476
8046,1476
8047,1476
8048,1476
8049,1476
8050,1476
8051,1476
8052,1476
8053,1476
8054,1476
8055,1476
8056,1476
8057,1476
8058,1476
8059,1476
8060,1476
8061,1476
8062,1476
8063,1476
8064,1476
8065,1476
8066,1476
8067,1476
8068,1476
8069,1476
8070,1476
8071,1476
8072,1476
8073,1476
8074,1476
8075,1476
8076,1476
8077,1476
8078,1476
8079,1476
8080,1476
8081,1476
8082,1476
8083,1476
8084,1476
8085,1476
8086,1476
8087,1476
8088,1476
8089,1476
8090,1476
8091,1476
8092,1476
8093,1476
8094,1476
8095,1476
8096,1476
8097,1476
8098,1476
8099,1476
8100,1476
8101,1476
8102,1476
8103,1476
8104,1476
8105,1476
8106,1476
8107,1476
8108,1476
8109,1476
8110,1476
8111,1476
8112,1476
8113,1476
8114,1476
8115,1476
8116,1476
8117,1476
8118,1476
8119,1476
8120,1476
8121,1476
8122,1476
8123,1476
8124,1476
8125,1476
8126,1476
8127,1476
8128,1476
8129,1476
8130,1476
8131,1476
8132,1476
8133,1476
8134,1476
8135,1476
8136,1476
8137,1476
8138,1476
8139,1476
8140,1476
8141,1476
8142,1476
8143,1476
8144,1476
8145,1476
8146,1476
8147,1476
8148,1476
8149,1476
8150,1476
8151,1476
8152,1476
8153,1476
8154,1476
8155,1476
8156,1476
8157,1476
8158,1476
8159,1476
8160,1476
8161,1476
8162,1476
8163,1476
8164,1476
8165,1476
8166,1476
8167,1476
8168,1476
8169,1476
8170,1476
8171,1476
8172,1476
8173,1476
8174,1476
8175,1476
8176,1476
8177,1476
8178,1476
8179,1476
8180,1476
8181,1476
8182,1476
8183,1476
8184,1476
8185,1476
8186,1476
8187,1476
8188,1476
8189,1476
8190,1476
8191,1476
8192,1476
8193,1476
8194,1476
8195,1476
8196,1476
8197,1476
8198,1476
8199,1476
8200,1476
8201,1476
8202,1476
8203,1476
8204,1476
8205,1476
8206,1476
8207,1476
8208,1476
8209,1476
8210,1476
8211,1476
8212,1476
8213,1476
8214,1476
8215,1476
8216,1476
8217,1476
8218,1476
8219,1476
8220,1476
8221,1476
8222,1476
8223,1476
8224,1476
8225,1476
8226,1476
8227,1476
8228,1476
8229,1476
8230,1476
8231,1476
8232,1476
8233,1476
8234,1476
8235,1476
8236,1476
8237,1476
8238,1476
8239,1476
8240,1476
8241,1476
8242,1476
8243,1476
8244,1476
8245,1476
8246,1476
8247,1476
8248,1476
8249,1476
8250,1476
8251,1476
8252,1476
8253,1476
8254,1476
8255,1476
8256,1476
8257,1476
8258,1476
8259,1476
8260,1476
8261,1476
8262,1476
8263,1476
8264,1476
8265,1476
8266,1476
8267,1476
8268,1476
8269,1476
8270,1476
8271,1476
8272,1476
8273,1476
8274,1476
8275,1476
8276,1476
8277,1476
8278,1476
8279,1476
8280,1476
8281,1476
8282,1476
8283,1476
8284,1476
8285,1476
8286,1476
8287,1476
8288,1476
8289,1476
8290,1476
8291,1476
8292,1476
8293,1476
8294,1476
8295,1476
8296,1476
8297,1476
8298,1476
8299,1476
8300,1476
8301,1476
8302,1476
8303,1476
8304,1476
8305,1476
8306,1476
8307,1476
8308,1476
8309,1476
8310,1476
8311,1476
8312,1476
8313,1476
8314,1476
8315,1476
8316,1476
8317,1476
8318,1476
8319,1476
8320,1476
8321,1476
8322,1476
8323,1476
8324,1476
8325,1476
8326,1476
8327,1476
8328,1476
8329,1476
8330,1476
8331,1476
8332,1476
8333,1476
8334,1476
8335,1476
8336,1476
8337,1476
8338,1476
8339,1476
8340,1476
8341,1476
8342,1476
8343,1476
8344,1476
8345,1476
8346,1476
8347,1476
8348,1476
8349,1476
8350,1476
8351,1476
8352,1476
8353,1476
8354,1476
8355,1476
8356,1476
8357,1476
8358,1476
8359,1476
8360,1476
8361,1476
8362,1476
8363,1476
8364,1476
8365,1476
8366,1476
8367,1476
8368,1476
8369,1476
8370,1476
8371,1476
8372,1476
8373,1476
8374,1476
8375,1476
8376,1476
8377,1476
8378,1476
8379,1476
8380,1476
8381,1476
8382,1476
8383,1476
8384,1476
8385,1476
8386,1476
8387,1476
8388,1476
8389,1476
8390,1476
8391,1476
8392,1476
8393,1476
8394,1476
8395,1476
8396,1476
8397,1476
8398,1476
8399,1476
8400,1476
8401,1476
8402,1476
8403,1476
8404,1476
8405,1476
8406,1476
8407,1476
8408,1476
8409,1476
8410,1476
8411,1476
8412,1476
8413,1476
8414,1476
8415,1476
8416,1476
8417,1476
8418,1476
8419,1476
8420,1476
8421,1476
8422,1476
8423,1476
8424,1476
8425,1476
8426,1476
8427,1476
8428,1476
8429,1476
8430,1476
8431,1476
8432,1476
8433,1476
8434,1476
8435,1476
8436,1476
8437,1476
8438,1476
8439,1476
8440,1476
8441,1476
8442,1476
8443,1476
8444,1476
8445,1476
8446,1476
8447,1476
8448,1476
8449,1476
8450,1476
8451,1476
8452,1476
8453,1476
8454,1476
8455,1476
8456,1476
8457,1476
8458,1476
8459,1476
8460,1476
8461,1476
8462,1476
8463,1476
8464,1476
8465,1476
8466,1476
8467,1476
8468,1476
8469,1476
8470,1476
8471,1476
8472,1476
8473,1476
8474,1476
8475,1476
8476,1476
8477,1476
8478,1476
8479,1476
8480,1476
8481,1476
8482,1476
8483,1476
8484,1476
8485,1476
8486,1476
8487,1476
8488,1476
8489,1476
8490,1476
8491,1476
8492,1476
8493,1476
8494,1476
8495,1476
8496,1476
8497,1476
8498,1476
8499,1476
8500,1476
8501,1476
8502,1476
8503,1476
8504,1476
8505,1476
8506,1476
8507,1476
8508,1476
8509,1476
8510,1476
8511,1476
8512,1476
8513,1476
8514,1476
8515,1476
8516,1476
8517,1476
8518,1476
8519,1476
8520,1476
8521,1476
8522,1476
8523,1476
8524,1476
8525,1476
8526,1476
8527,1476
8528,1476
8529,1476
8530,1476
8531,1476
8532,1476
8533,1476
8534,1476
8535,1476
8536,1476
8537,1476
8538,1476
8539,1476
8540,1476
8541,1476
8542,1476
8543,1476
8544,1476
8545,1476
8546,1476
8547,1476
8548,1476
8549,1476
8550,1476
8551,1476
8552,1476
8553,1476
8554,1476
8555,1476
8556,1476
8557,1476
8558,1476
8559,1476
8560,1476
8561,1476
8562,1476
8563,1476
8564,1476
8565,1476
8566,1476
8567,1476
8568,1476
8569,1476
8570,1476
8571,1476
8572,1476
8573,1476
8574,1476
8575,1476
8576,1476
8577,1476
8578,1476
8579,1476
8580,1476
8581,1476
8582,1476
8583,1476
8584,1476
8585,1476
8586,1476
8587,1476
8588,1476
8589,1476
8590,1476
8591,1476
8592,1476
8593,1476
8594,1476
8595,1476
8596,1476
8597,1476
8598,1476
8599,1476
8600,1476
8601,1476
8602,1476
8603,1476
8604,1476
8605,1476
8606,1476
8607,1476
8608,1476
8609,1476
8610,1476
8611,1476
8612,1476
8613,1476
8614,1476
8615,1476
8616,1476
8617,1476
8618,1476
8619,1476
8620,1476
8621,1476
8622,1476
8623,1476
8624,1476
8625,1476
8626,1476
8627,1476
8628,1476
8629,1476
8630,1476
8631,1476
8632,1476
8633,1476
8634,1476
8635,1476
8636,1476
8637,1476
8638,1476
8639,1476
8640,1476
8641,1476
8642,1476
8643,1476
8644,1476
8645,1476
8646,1476
8647,1476
8648,1476
8649,1476
8650,1476
8651,1476
8652,1476
8653,1476
8654,1476
8655,1476
8656,1476
8657,1476
8658,1476
8659,1476
8660,1476
8661,1476
8662,1476
8663,1476
8664,1476
8665,1476
8666,1476
8667,1476
8668,1476
8669,1476
8670,1476
8671,1476
8672,1476
8673,1476
8674,1476
8675,1476
8676,1476
8677,1476
8678,1476
8679,1476
8680,1476
8681,1476
8682,1476
8683,1476
8684,1476
8685,1476
8686,1476
8687,1476
8688,1476
8689,1476
8690,1476
8691,1476
8692,1476
8693,1476
8694,1476
8695,1476
8696,1476
8697,1476
8698,1476
8699,1476
8700,1476
8701,1476
8702,1476
8703,1476
8704,1476
8705,1476
8706,1476
8707,1476
8708,1476
8709,1476
8710,1476
8711,1476
8712,1476
8713,1476
8714,1476
8715,1476
8716,1476
8717,1476
8718,1476
8719,1476
8720,1476
8721,1476
8722,1476
8723,1476
8724,1476
8725,1476
8726,1476
8727,1476
8728,1476
8729,1476
8730,1476
8731,1476
8732,1476
8733,1476
8734,1476
8735,1476
8736,1476
8737,1476
8738,1476
8739,1476
8740,1476
8741,1476
8742,1476
8743,1476
8744,1476
8745,1476
8746,1476
8747,1476
8748,1476
8749,1476
8750,1476
8751,1476
8752,1476
8753,1476
8754,1476
8755,1476
8756,1476
8757,1476
8758,1476
8759,1476
8760,1476
8761,1476
8762,1476
8763,1476
8764,1476
8765,1476
8766,1476
8767,1476
8768,1476
8769,1476
8770,1476
8771,1476
8772,1476
8773,1476
8774,1476
8775,1476
8776,1476
8777,1476
8778,1476
8779,1476
8780,1476
8781,1476
8782,1476
8783,1476
8784,1476
8785,1476
8786,1476
8787,1476
8788,1476
8789,1476
8790,1476
8791,1476
8792,1476
8793,1476
8794,1476
8795,1476
8796,1476
8797,1476
8798,1476
8799,1476
8800,1476
8801,1476
8802,1476
8803,1476
8804,1476
8805,1476
8806,1476
8807,1476
8808,1476
8809,1476
8810,1476
8811,1476
8812,1476
8813,1476
8814,1476
8815,1476
8816,1476
8817,1476
8818,1476
8819,1476
8820,1476
8821,1476
8822,1476
8823,1476
8824,1476
8825,1476
8826,1476
8827,1476
8828,1476
8829,1476
8830,1476
8831,1476
8832,1476
8833,1476
8834,1476
8835,1476
8836,1476
8837,1476
8838,1476
8839,1476
8840,1476
8841,1476
8842,1476
8843,1476
8844,1476
8845,1476
8846,1476
8847,1476
8848,1476
8849,1476
8850,1476
8851,1476
8852,1476
8853,1476
8854,1476
8855,1476
8856,1476
8857,1476
8858,1476
8859,1476
8860,1476
8861,1476
8862,1476
8863,1476
8864,1476
8865,1476
8866,1476
8867,1476
8868,1476
8869,1476
8870,1476
8871,1476
8872,1476
8873,1476
8874,1476
8875,1476
8876,1476
8877,1476
8878,1476
8879,1476
8880,1476
8881,1476
8882,1476
8883,1476
8884,1476
8885,1476
8886,1476
8887,1476
8888,1476
8889,1476
8890,1476
8891,1476
8892,1476
8893,1476
8894,1476
8895,1476
8896,1476
8897,1476
8898,1476
8899,1476
8900,1476
8901,1476
8902,1476
8903,1476
8904,1476
8905,1476
8906,1476
8907,1476
8908,1476
8909,1476
8910,1476
8911,1476
8912,1476
8913,1476
8914,1476
8915,1476
8916,1476
8917,1476
8918,1476
8919,1476
8920,1476
8921,1476
8922,1476
8923,1476
8924,1476
8925,1476
8926,1476
8927,1476
8928,1476
8929,1476
8930,1476
8931,1476
8932,1476
8933,1476
8934,1476
8935,1476
8936,1476
8937,1476
8938,1476
8939,1476
8940,1476
8941,1476
8942,1476
8943,1476
8944,1476
8945,1476
8946,1476
8947,1476
8948,1476
8949,1476
8950,1476
8951,1476
8952,1476
8953,1476
8954,1476
8955,1476
8956,1476
8957,1476
8958,1476
8959,1476
8960,1476
8961,1476
8962,1476
8963,1476
8964,1476
8965,1476
8966,1476
8967,1476
8968,1476
8969,1476
8970,1476
8971,1476
8972,1476
8973,1476
8974,1476
8975,1476
8976,1476
8977,1476
8978,1476
8979,1476
8980,1476
8981,1476
8982,1476
8983,1476
8984,1476
8985,1476
8986,1476
8987,1476
8988,1476
8989,1476
8990,1476
8991,1476
8992,1476
8993,1476
8994,1476
8995,1476
8996,1476
8997,1476
8998,1476
8999,1476
9000,1476
9001,1476
9002,1476
9003,1476
9004,1476
9005,1476
9006,1476
9007,1476
9008,1476
9009,1476
9010,1476
9011,1476
9012,1476
9013,1476
9014,1476
9015,1476
9016,1476
9017,1476
9018,1476
9019,1476
9020,1476
9021,1476
9022,1476
9023,1476
9024,1476
9025,1476
9026,1476
9027,1476
9028,1476
9029,1476
9030,1476
9031,1476
9032,1476
9033,1476
9034,1476
9035,1476
9036,1476
9037,1476
9038,1476
9039,1476
9040,1476
9041,1476
9042,1476
9043,1476
9044,1476
9045,1476
9046,1476
9047,1476
9048,1476
9049,1476
9050,1476
9051,1476
9052,1476
9053,1476
9054,1476
9055,1476
9056,1476
9057,1476
9058,1476
9059,1476
9060,1476
9061,1476
9062,1476
9063,1476
9064,1476
9065,1476
9066,1476
9067,1476
9068,1476
9069,1476
9070,1476
9071,1476
9072,1476
9073,1476
9074,1476
9075,1476
9076,1476
9077,1476
9078,1476
9079,1476
9080,1476
9081,1476
9082,1476
9083,1476
9084,1476
9085,1476
9086,1476
9087,1476
9088,1476
9089,1476
9090,1476
9091,1476
9092,1476
9093,1476
9094,1476
9095,1476
9096,1476
9097,1476
9098,1476
9099,1476
9100,1476
9101,1476
9102,1476
9103,1476
9104,1476
9105,1476
9106,1476
9107,1476
9108,1476
9109,1476
9110,1476
9111,1476
9112,1476
9113,1476
9114,1476
9115,1476
9116,1476
9117,1476
9118,1476
9119,1476
9120,1476
9121,1476
9122,1476
9123,1476
9124,1476
9125,1476
9126,1476
9127,1476
9128,1476
9129,1476
9130,1476
9131,1476
9132,1476
9133,1476
9134,1476
9135,1476
9136,1476
9137,1476
9138,1476
9139,1476
9140,1476
9141,1476
9142,1476
9143,1476
9144,1476
9145,1476
9146,1476
9147,1476
9148,1476
9149,1476
9150,1476
9151,1476
9152,1476
9153,1476
9154,1476
9155,1476
9156,1476
9157,1476
9158,1476
9159,1476
9160,1476
9161,1476
9162,1476
9163,1476
9164,1476
9165,1476
9166,1476
9167,1476
9168,1476
9169,1476
9170,1476
9171,1476
9172,1476
9173,1476
9174,1476
9175,1476
9176,1476
9177,1476
9178,1476
9179,1476
9180,1476
9181,1476
9182,1476
9183,1476
9184,1476
9185,1476
9186,1476
9187,1476
9188,1476
9189,1476
9190,1476
9191,1476
9192,1476
9193,1476
9194,1476
9195,1476
9196,1476
9197,1476
9198,1476
9199,1476
9200,1476
9201,1476
9202,1476
9203,1476
9204,1476
9205,1476
9206,1476
9207,1476
9208,1476
9209,1476
9210,1476
9211,1476
9212,1476
9213,1476
9214,1476
9215,1476
9216,1476
9217,1476
9218,1476
9219,1476
9220,1476
9221,1476
9222,1476
9223,1476
9224,1476
9225,1476
9226,1476
9227,1476
9228,1476
9229,1476
9230,1476
9231,1476
9232,1476
9233,1476
9234,1476
9235,1476
9236,1476
9237,1476
9238,1476
9239,1476
9240,1476
9241,1476
9242,1476
9243,1476
9244,1476
9245,1476
9246,1476
9247,1476
9248,1476
9249,1476
9250,1476
9251,1476
9252,1476
9253,1476
9254,1476
9255,1476
9256,1476
9257,1476
9258,1476
9259,1476
9260,1476
9261,1476
9262,1476
9263,1476
9264,1476
9265,1476
9266,1476
9267,1476
9268,1476
9269,1476
9270,1476
9271,1476
9272,1476
9273,1476
9274,1476
9275,1476
9276,1476
9277,1476
9278,1476
9279,1476
9280,1476
9281,1476
9282,1476
9283,1476
9284,1476
9285,1476
9286,1476
9287,1476
9288,1476
9289,1476
9290,1476
9291,1476
9292,1476
9293,1476
9294,1476
9295,1476
9296,1476
9297,1476
9298,1476
9299,1476
9300,1476
9301,1476
9302,1476
9303,1476
9304,1476
9305,1476
9306,1476
9307,1476
9308,1476
9309,1476
9310,1476
9311,1476
9312,1476
9313,1476
9314,1476
9315,1476
9316,1476
9317,1476
9318,1476
9319,1476
9320,1476
9321,1476
9322,1476
9323,1476
9324,1476
9325,1476
9326,1476
9327,1476
9328,1476
9329,1476
9330,1476
9331,1476
9332,1476
9333,1476
9334,1476
9335,1476
9336,1476
9337,1476
9338,1476
9339,1476
9340,1476
9341,1476
9342,1476
9343,1476
9344,1476
9345,1476
9346,1476
9347,1476
9348,1476
9349,1476
9350,1476
9351,1476
9352,1476
9353,1476
9354,1476
9355,1476
9356,1476
9357,1476
9358,1476
9359,1476
9360,1476
9361,1476
9362,1476
9363,1476
9364,1476
9365,1476
9366,1476
9367,1476
9368,1476
9369,1476
9370,1476
9371,1476
9372,1476
9373,1476
9374,1476
9375,1476
9376,1476
9377,1476
9378,1476
9379,1476
9380,1476
9381,1476
9382,1476
9383,1476
9384,1476
9385,1476
9386,1476
9387,1476
9388,1476
9389,1476
9390,1476
9391,1476
9392,1476
9393,1476
9394,1476
9395,1476
9396,1476
9397,1476
9398,1476
9399,1476
9400,1476
9401,1476
9402,1476
9403,1476
9404,1476
9405,1476
9406,1476
9407,1476
9408,1476
9409,1476
9410,1476
9411,1476
9412,1476
9413,1476
9414,1476
9415,1476
9416,1476
9417,1476
9418,1476
9419,1476
9420,1476
9421,1476
9422,1476
9423,1476
9424,1476
9425,1476
9426,1476
9427,1476
9428,1476
9429,1476
9430,1476
9431,1476
9432,1476
9433,1476
9434,1476
9435,1476
9436,1476
9437,1476
9438,1476
9439,1476
9440,1476
9441,1476
9442,1476
9443,1476
9444,1476
9445,1476
9446,1476
9447,1476
9448,1476
9449,1476
9450,1476
9451,1476
9452,1476
9453,1476
9454,1476
9455,1476
9456,1476
9457,1476
9458,1476
9459,1476
9460,1476
9461,1476
9462,1476
9463,1476
9464,1476
9465,1476
9466,1476
9467,1476
9468,1476
9469,1476
9470,1476
9471,1476
9472,1476
9473,1476
9474,1476
9475,1476
9476,1476
9477,1476
9478,1476
9479,1476
9480,1476
9481,1476
9482,1476
9483,1476
9484,1476
9485,1476
9486,1476
9487,1476
9488,1476
9489,1476
9490,1476
9491,1476
9492,1476
9493,1476
9494,1476
9495,1476
9496,1476
9497,1476
9498,1476
9499,1476
9500,1476
9501,1476
9502,1476
9503,1476
9504,1476
9505,1476
9506,1476
9507,1476
9508,1476
9509,1476
9510,1476
9511,1476
9512,1476
9513,1476
9514,1476
9515,1476
9516,1476
9517,1476
9518,1476
9519,1476
9520,1476
9521,1476
9522,1476
9523,1476
9524,1476
9525,1476
9526,1476
9527,1476
9528,1476
9529,1476
9530,1476
9531,1476
9532,1476
9533,1476
9534,1476
9535,1476
9536,1476
9537,1476
9538,1476
9539,1476
9540,1476
9541,1476
9542,1476
9543,1476
9544,1476
9545,1476
9546,1476
9547,1476
9548,1476
9549,1476
9550,1476
9551,1476
9552,1476
9553,1476
9554,1476
9555,1476
9556,1476
9557,1476
9558,1476
9559,1476
9560,1476
9561,1476
9562,1476
9563,1476
9564,1476
9565,1476
9566,1476
9567,1476
9568,1476
9569,1476
9570,1476
9571,1476
9572,1476
9573,1476
9574,1476
9575,1476
9576,1476
9577,1476
9578,1476
9579,1476
9580,1476
9581,1476
9582,1476
9583,1476
9584,1476
9585,1476
9586,1476
9587,1476
9588,1476
9589,1476
9590,1476
9591,1476
9592,1476
9593,1476
9594,1476
9595,1476
9596,1476
9597,1476
9598,1476
9599,1476
9600,1476
9601,1476
9602,1476
9603,1476
9604,1476
9605,1476
9606,1476
9607,1476
9608,1476
9609,1476
9610,1476
9611,1476
9612,1476
9613,1476
9614,1476
9615,1476
9616,1476
9617,1476
9618,1476
9619,1476
9620,1476
9621,1476
9622,1476
9623,1476
9624,1476
9625,1476
9626,1476
9627,1476
9628,1476
9629,1476
9630,1476
9631,1476
9632,1476
9633,1476
9634,1476
9635,1476
9636,1476
9637,1476
9638,1476
9639,1476
9640,1476
9641,1476
9642,1476
9643,1476
9644,1476
9645,1476
9646,1476
9647,1476
9648,1476
9649,1476
9650,1476
9651,1476
9652,1476
9653,1476
9654,1476
9655,1476
9656,1476
9657,1476
9658,1476
9659,1476
9660,1476
9661,1476
9662,1476
9663,1476
9664,1476
9665,1476
9666,1476
9667,1476
9668,1476
9669,1476
9670,1476
9671,1476
9672,1476
9673,1476
9674,1476
9675,1476
9676,1476
9677,1476
9678,1476
9679,1476
9680,1476
9681,1476
9682,1476
9683,1476
9684,1476
9685,1476
9686,1476
9687,1476
9688,1476
9689,1476
9690,1476
9691,1476
9692,1476
9693,1476
9694,1476
9695,1476
9696,1476
9697,1476
9698,1476
9699,1476
9700,1476
9701,1476
9702,1476
9703,1476
9704,1476
9705,1476
9706,1476
9707,1476
9708,1476
9709,1476
9710,1476
9711,1476
9712,1476
9713,1476
9714,1476
9715,1476
9716,1476
9717,1476
9718,1476
9719,1476
9720,1476
9721,1476
9722,1476
9723,1476
9724,1476
9725,1476
9726,1476
9727,1476
9728,1476
9729,1476
9730,1476
9731,1476
9732,1476
9733,1476
9734,1476
9735,1476
9736,1476
9737,1476
9738,1476
9739,1476
9740,1476
9741,1476
9742,1476
9743,1476
9744,1476
9745,1476
9746,1476
9747,1476
9748,1476
9749,1476
9750,1476
9751,1476
9752,1476
9753,1476
9754,1476
9755,1476
9756,1476
9757,1476
9758,1476
9759,1476
9760,1476
9761,1476
9762,1476
9763,1476
9764,1476
9765,1476
9766,1476
9767,1476
9768,1476
9769,1476
9770,1476
9771,1476
9772,1476
9773,1476
9774,1476
9775,1476
9776,1476
9777,1476
9778,1476
9779,1476
9780,1476
9781,1476
9782,1476
9783,1476
9784,1476
9785,1476
9786,1476
9787,1476
9788,1476
9789,1476
9790,1476
9791,1476
9792,1476
9793,1476
9794,1476
9795,1476
9796,1476
9797,1476
9798,1476
9799,1476
9800,1476
9801,1476
9802,1476
9803,1476
9804,1476
9805,1476
9806,1476
9807,1476
9808,1476
9809,1476
9810,1476
9811,1476
9812,1476
9813,1476
9814,1476
9815,1476
9816,1476
9817,1476
9818,1476
9819,1476
9820,1476
9821,1476
9822,1476
9823,1476
9824,1476
9825,1476
9826,1476
9827,1476
9828,1476
9829,1476
9830,1476
9831,1476
9832,1476
9833,1476
9834,1476
9835,1476
9836,1476
9837,1476
9838,1476
9839,1476
9840,1476
9841,1476
9842,1476
9843,1476
9844,1476
9845,1476
9846,1476
9847,1476
9848,1476
9849,1476
9850,1476
9851,1476
9852,1476
9853,1476
9854,1476
9855,1476
9856,1476
9857,1476
9858,1476
9859,1476
9860,1476
9861,1476
9862,1476
9863,1476
9864,1476
9865,1476
9866,1476
9867,1476
9868,1476
9869,1476
9870,1476
9871,1476
9872,1476
9873,1476
9874,1476
9875,1476
9876,1476
9877,1476
9878,1476
9879,1476
9880,1476
9881,1476
9882,1476
9883,1476
9884,1476
9885,1476
9886,1476
9887,1476
9888,1476
9889,1476
9890,1476
9891,1476
9892,1476
9893,1476
9894,1476
9895,1476
9896,1476
9897,1476
9898,1476
9899,1476
9900,1476
9901,1476
9902,1476
9903,1476
9904,1476
9905,1476
9906,1476
9907,1476
9908,1476
9909,1476
9910,1476
9911,1476
9912,1476
9913,1476
9914,1476
9915,1476
9916,1476
9917,1476
9918,1476
9919,1476
9920,1476
9921,1476
9922,1476
9923,1476
9924,1476
9925,1476
9926,1476
9927,1476
9928,1476
9929,1476
9930,1476
9931,1476
9932,1476
9933,1476
9934,1476
9935,1476
9936,1476
9937,1476
9938,1476
9939,1476
9940,1476
9941,1476
9942,1476
9943,1476
9944,1476
9945,1476
9946,1476
9947,1476
9948,1476
9949,1476
9950,1476
9951,1476
9952,1476
9953,1476
9954,1476
9955,1476
9956,1476
9957,1476
9958,1476
9959,1476
9960,1476
9961,1476
9962,1476
9963,1476
9964,1476
9965,1476
9966,1476
9967,1476
9968,1476
9969,1476
9970,1476
9971,1476
9972,1476
9973,1476
9974,1476
9975,1476
9976,1476
9977,1476
9978,1476
9979,1476
9980,1476
9981,1476
9982,1476
9983,1476
9984,1476
9985,1476
9986,1476
9987,1476
9988,1476
9989,1476
9990,1476
9991,1476
9992,1476
9993,1476
9994,1476
9995,1476
9996,1476
9997,1476
9998,1476
9999,1476
10000,1476
10001,1476
10002,1476
10003,1476
10004,1476
10005,1476
10006,1476
10007,1476
10008,1476
10009,1476
10010,1476
10011,1476
10012,1476
10013,1476
10014,1476
10015,1476
10016,1476
10017,1476
10018,1476
10019,1476
10020,1476
10021,1476
10022,1476
10023,1476
10024,1476
10025,1476
10026,1476
10027,1476
10028,1476
10029,1476
10030,1476
10031,1476
10032,1476
10033,1476
10034,1476
10035,1476
10036,1476
10037,1476
10038,1476
10039,1476
10040,1476
10041,1476
10042,1476
10043,1476
10044,1476
10045,1476
10046,1476
10047,1476
10048,1476
10049,1476
10050,1476
10051,1476
10052,1476
10053,1476
10054,1476
10055,1476
10056,1476
10057,1476
10058,1476
10059,1476
10060,1476
10061,1476
10062,1476
10063,1476
10064,1476
10065,1476
10066,1476
10067,1476
10068,1476
10069,1476
10070,1476
10071,1476
10072,1476
10073,1476
10074,1476
10075,1476
10076,1476
10077,1476
10078,1476
10079,1476
10080,1476
10081,1476
10082,1476
10083,1476
10084,1476
10085,1476
10086,1476
10087,1476
10088,1476
10089,1476
10090,1476
10091,1476
10092,1476
10093,1476
10094,1476
10095,1476
10096,1476
10097,1476
10098,1476
10099,1476
10100,1476
10101,1476
10102,1476
10103,1476
10104,1476
10105,1476
10106,1476
10107,1476
10108,1476
10109,1476
10110,1476
10111,1476
10112,1476
10113,1476
10114,1476
10115,1476
10116,1476
10117,1476
10118,1476
10119,1476
10120,1476
10121,1476
10122,1476
10123,1476
10124,1476
10125,1476
10126,1476
10127,1476
10128,1476
10129,1476
10130,1476
10131,1476
10132,1476
10133,1476
10134,1476
10135,1476
10136,1476
10137,1476
10138,1476
10139,1476
10140,1476
10141,1476
10142,1476
10143,1476
10144,1476
10145,1476
10146,1476
10147,1476
10148,1476
10149,1476
10150,1476
10151,1476
10152,1476
10153,1476
10154,1476
10155,1476
10156,1476
10157,1476
10158,1476
10159,1476
10160,1476
10161,1476
10162,1476
10163,1476
10164,1476
10165,1476
10166,1476
10167,1476
10168,1476
10169,1476
10170,1476
10171,1476
10172,1476
10173,1476
10174,1476
10175,1476
10176,1476
10177,1476
10178,1476
10179,1476
10180,1476
10181,1476
10182,1476
10183,1476
10184,1476
10185,1476
10186,1476
10187,1476
10188,1476
10189,1476
10190,1476
10191,1476
10192,1476
10193,1476
10194,1476
10195,1476
10196,1476
10197,1476
10198,1476
10199,1476
10200,1476
10201,1476
10202,1476
10203,1476
10204,1476
10205,1476
10206,1476
10207,1476
10208,1476
10209,1476
10210,1476
10211,1476
10212,1476
10213,1476
10214,1476
10215,1476
10216,1476
10217,1476
10218,1476
10219,1476
10220,1476
10221,1476
10222,1476
10223,1476
10224,1476
10225,1476
10226,1476
10227,1476
10228,1476
10229,1476
10230,1476
10231,1476
10232,1476
10233,1476
10234,1476
10235,1476
10236,1476
10237,1476
10238,1476
10239,1476
10240,1476
10241,1476
10242,1476
10243,1476
10244,1476
10245,1476
10246,1476
10247,1476
10248,1476
10249,1476
10250,1476
10251,1476
10252,1476
10253,1476
10254,1476
10255,1476
10256,1476
10257,1476
10258,1476
10259,1476
10260,1476
10261,1476
10262,1476
10263,1476
10264,1476
10265,1476
10266,1476
10267,1476
10268,1476
10269,1476
10270,1476
10271,1476
10272,1476
10273,1476
10274,1476
10275,1476
10276,1476
10277,1476
10278,1476
10279,1476
10280,1476
10281,1476
10282,1476
10283,1476
10284,1476
10285,1476
10286,1476
10287,1476
10288,1476
10289,1476
10290,1476
10291,1476
10292,1476
10293,1476
10294,1476
10295,1476
10296,1476
10297,1476
10298,1476
10299,1476
10300,1476
10301,1476
10302,1476
10303,1476
10304,1476
10305,1476
10306,1476
10307,1476
10308,1476
10309,1476
10310,1476
10311,1476
10312,1476
10313,1476
10314,1476
10315,1476
10316,1476
10317,1476
10318,1476
10319,1476
10320,1476
10321,1476
10322,1476
10323,1476
10324,1476
10325,1476
10326,1476
10327,1476
10328,1476
10329,1476
10330,1476
10331,1476
10332,1476
10333,1476
10334,1476
10335,1476
10336,1476
10337,1476
10338,1476
10339,1476
10340,1476
10341,1476
10342,1476
10343,1476
10344,1476
10345,1476
10346,1476
10347,1476
10348,1476
10349,1476
10350,1476
10351,1476
10352,1476
10353,1476
10354,1476
10355,1476
10356,1476
10357,1476
10358,1476
10359,1476
10360,1476
10361,1476
10362,1476
10363,1476
10364,1476
10365,1476
10366,1476
10367,1476
10368,1476
10369,1476
10370,1476
10371,1476
10372,1476
10373,1476
10374,1476
10375,1476
10376,1476
10377,1476
10378,1476
10379,1476
10380,1476
10381,1476
10382,1476
10383,1476
10384,1476
10385,1476
10386,1476
10387,1476
10388,1476
10389,1476
10390,1476
10391,1476
10392,1476
10393,1476
10394,1476
10395,1476
10396,1476
10397,1476
10398,1476
10399,1476
10400,1476
10401,1476
10402,1476
10403,1476
10404,1476
10405,1476
10406,1476
10407,1476
10408,1476
10409,1476
10410,1476
10411,1476
10412,1476
10413,1476
10414,1476
10415,1476
10416,1476
10417,1476
10418,1476
10419,1476
10420,1476
10421,1476
10422,1476
10423,1476
10424,1476
10425,1476
10426,1476
10427,1476
10428,1476
10429,1476
10430,1476
10431,1476
10432,1476
10433,1476
10434,1476
10435,1476
10436,1476
10437,1476
10438,1476
10439,1476
10440,1476
10441,1476
10442,1476
10443,1476
10444,1476
10445,1476
10446,1476
10447,1476
10448,1476
10449,1476
10450,1476
10451,1476
10452,1476
10453,1476
10454,1476
10455,1476
10456,1476
10457,1476
10458,1476
10459,1476
10460,1476
10461,1476
10462,1476
10463,1476
10464,1476
10465,1476
10466,1476
10467,1476
10468,1476
10469,1476
10470,1476
10471,1476
10472,1476
10473,1476
10474,1476
10475,1476
10476,1476
10477,1476
10478,1476
10479,1476
10480,1476
10481,1476
10482,1476
10483,1476
10484,1476
10485,1476
10486,1476
10487,1476
10488,1476
10489,1476
10490,1476
10491,1476
10492,1476
10493,1476
10494,1476
10495,1476
10496,1476
10497,1476
10498,1476
10499,1476
10500,1476
10501,1476
10502,1476
10503,1476
10504,1476
10505,1476
10506,1476
10507,1476
10508,1476
10509,1476
10510,1476
10511,1476
10512,1476
10513,1476
10514,1476
10515,1476
10516,1476
10517,1476
10518,1476
10519,1476
10520,1476
10521,1476
10522,1476
10523,1476
10524,1476
10525,1476
10526,1476
10527,1476
10528,1476
10529,1476
10530,1476
10531,1476
10532,1476
10533,1476
10534,1476
10535,1476
10536,1476
10537,1476
10538,1476
10539,1476
10540,1476
10541,1476
10542,1476
10543,1476
10544,1476
10545,1476
10546,1476
10547,1476
10548,1476
10549,1476
10550,1476
10551,1476
10552,1476
10553,1476
10554,1476
10555,1476
10556,1476
10557,1476
10558,1476
10559,1476
10560,1476
10561,1476
10562,1476
10563,1476
10564,1476
10565,1476
10566,1476
10567,1476
10568,1476
10569,1476
10570,1476
10571,1476
10572,1476
10573,1476
10574,1476
10575,1476
10576,1476
10577,1476
10578,1476
10579,1476
10580,1476
10581,1476
10582,1476
10583,1476
10584,1476
10585,1476
10586,1476
10587,1476
10588,1476
10589,1476
10590,1476
10591,1476
10592,1476
10593,1476
10594,1476
10595,1476
10596,1476
10597,1476
10598,1476
10599,1476
10600,1476
10601,1476
10602,1476
10603,1476
10604,1476
10605,1476
10606,1476
10607,1476
10608,1476
10609,1476
10610,1476
10611,1476
10612,1476
10613,1476
10614,1476
10615,1476
10616,1476
10617,1476
10618,1476
10619,1476
10620,1476
10621,1476
10622,1476
10623,1476
10624,1476
10625,1476
10626,1476
10627,1476
10628,1476
10629,1476
10630,1476
10631,1476
10632,1476
10633,1476
10634,1476
10635,1476
10636,1476
10637,1476
10638,1476
10639,1476
10640,1476
10641,1476
10642,1476
10643,1476
10644,1476
10645,1476
10646,1476
10647,1476
10648,1476
10649,1476
10650,1476
10651,1476
10652,1476
10653,1476
10654,1476
10655,1476
10656,1476
10657,1476
10658,1476
10659,1476
10660,1476
10661,1476
10662,1476
10663,1476
10664,1476
10665,1476
10666,1476
10667,1476
10668,1476
10669,1476
10670,1476
10671,1476
10672,1476
10673,1476
10674,1476
10675,1476
10676,1476
10677,1476
10678,1476
10679,1476
10680,1476
10681,1476
10682,1476
10683,1476
10684,1476
10685,1476
10686,1476
10687,1476
10688,1476
10689,1476
10690,1476
10691,1476
10692,1476
10693,1476
10694,1476
10695,1476
10696,1476
10697,1476
10698,1476
10699,1476
10700,1476
10701,1476
10702,1476
10703,1476
10704,1476
10705,1476
10706,1476
10707,1476
10708,1476
10709,1476
10710,1476
10711,1476
10712,1476
10713,1476
10714,1476
10715,1476
10716,1476
10717,1476
10718,1476
10719,1476
10720,1476
10721,1476
10722,1476
10723,1476
10724,1476
10725,1476
10726,1476
10727,1476
10728,1476
10729,1476
10730,1476
10731,1476
10732,1476
10733,1476
10734,1476
10735,1476
10736,1476
10737,1476
10738,1476
10739,1476
10740,1476
10741,1476
10742,1476
10743,1476
10744,1476
10745,1476
10746,1476
10747,1476
10748,1476
10749,1476
10750,1476
10751,1476
10752,1476
10753,1476
10754,1476
10755,1476
10756,1476
10757,1476
10758,1476
10759,1476
10760,1476
10761,1476
10762,1476
10763,1476
10764,1476
10765,1476
10766,1476
10767,1476
10768,1476
10769,1476
10770,1476
10771,1476
10772,1476
10773,1476
10774,1476
10775,1476
10776,1476
10777,1476
10778,1476
10779,1476
10780,1476
10781,1476
10782,1476
10783,1476
10784,1476
10785,1476
10786,1476
10787,1476
10788,1476
10789,1476
10790,1476
10791,1476
10792,1476
10793,1476
10794,1476
10795,1476
10796,1476
10797,1476
10798,1476
10799,1476
10800,1476
10801,1476
10802,1476
10803,1476
10804,1476
10805,1476
10806,1476
10807,1476
10808,1476
10809,1476
10810,1476
10811,1476
10812,1476
10813,1476
10814,1476
10815,1476
10816,1476
10817,1476
10818,1476
10819,1476
10820,1476
10821,1476
10822,1476
10823,1476
10824,1476
10825,1476
10826,1476
10827,1476
10828,1476
10829,1476
10830,1476
10831,1476
10832,1476
10833,1476
10834,1476
10835,1476
10836,1476
10837,1476
10838,1476
10839,1476
10840,1476
10841,1476
10842,1476
10843,1476
10844,1476
10845,1476
10846,1476
10847,1476
10848,1476
10849,1476
10850,1476
10851,1476
10852,1476
10853,1476
10854,1476
10855,1476
10856,1476
10857,1476
10858,1476
10859,1476
10860,1476
10861,1476
10862,1476
10863,1476
10864,1476
10865,1476
10866,1476
10867,1476
10868,1476
10869,1476
10870,1476
10871,1476
10872,1476
10873,1476
10874,1476
10875,1476
10876,1476
10877,1476
10878,1476
10879,1476
10880,1476
10881,1476
10882,1476
10883,1476
10884,1476
10885,1476
10886,1476
10887,1476
10888,1476
10889,1476
10890,1476
10891,1476
10892,1476
10893,1476
10894,1476
10895,1476
10896,1476
10897,1476
10898,1476
10899,1476
10900,1476
10901,1476
10902,1476
10903,1476
10904,1476
10905,1476
10906,1476
10907,1476
10908,1476
10909,1476
10910,1476
10911,1476
10912,1476
10913,1476
10914,1476
10915,1476
10916,1476
10917,1476
10918,1476
10919,1476
10920,1476
10921,1476
10922,1476
10923,1476
10924,1476
10925,1476
10926,1476
10927,1476
10928,1476
10929,1476
10930,1476
10931,1476
10932,1476
10933,1476
10934,1476
10935,1476
10936,1476
10937,1476
10938,1476
10939,1476
10940,1476
10941,1476
10942,1476
10943,1476
10944,1476
10945,1476
10946,1476
10947,1476
10948,1476
10949,1476
10950,1476
10951,1476
10952,1476
10953,1476
10954,1476
10955,1476
10956,1476
10957,1476
10958,1476
10959,1476
10960,1476
10961,1476
10962,1476
10963,1476
10964,1476
10965,1476
10966,1476
10967,1476
10968,1476
10969,1476
10970,1476
10971,1476
10972,1476
10973,1476
10974,1476
10975,1476
10976,1476
10977,1476
10978,1476
10979,1476
10980,1476
10981,1476
10982,1476
10983,1476
10984,1476
10985,1476
10986,1476
10987,1476
10988,1476
10989,1476
10990,1476
10991,1476
10992,1476
10993,1476
10994,1476
10995,1476
10996,1476
10997,1476
10998,1476
10999,1476
11000,1476
11001,1476
11002,1476
11003,1476
11004,1476
11005,1476
11006,1476
11007,1476
11008,1476
11009,1476
11010,1476
11011,1476
11012,1476
11013,1476
11014,1476
11015,1476
11016,1476
11017,1476
11018,1476
11019,1476
11020,1476
11021,1476
11022,1476
11023,1476
11024,1476
11025,1476
11026,1476
11027,1476
11028,1476
11029,1476
11030,1476
11031,1476
11032,1476
11033,1476
11034,1476
11035,1476
11036,1476
11037,1476
11038,1476
11039,1476
11040,1476
11041,1476
11042,1476
11043,1476
11044,1476
11045,1476
11046,1476
11047,1476
11048,1476
11049,1476
11050,1476
11051,1476
11052,1476
11053,1476
11054,1476
11055,1476
11056,1476
11057,1476
11058,1476
11059,1476
11060,1476
11061,1476
11062,1476
11063,1476
11064,1476
11065,1476
11066,1476
11067,1476
11068,1476
11069,1476
11070,1476
11071,1476
11072,1476
11073,1476
11074,1476
11075,1476
11076,1476
11077,1476
11078,1476
11079,1476
11080,1476
11081,1476
11082,1476
11083,1476
11084,1476
11085,1476
11086,1476
11087,1476
11088,1476
11089,1476
11090,1476
11091,1476
11092,1476
11093,1476
11094,1476
11095,1476
11096,1476
11097,1476
11098,1476
11099,1476
11100,1476
11101,1476
11102,1476
11103,1476
11104,1476
11105,1476
11106,1476
11107,1476
11108,1476
11109,1476
11110,1476
11111,1476
11112,1476
11113,1476
11114,1476
11115,1476
11116,1476
11117,1476
11118,1476
11119,1476
11120,1476
11121,1476
11122,1476
11123,1476
11124,1476
11125,1476
11126,1476
11127,1476
11128,1476
11129,1476
11130,1476
11131,1476
11132,1476
11133,1476
11134,1476
11135,1476
11136,1476
11137,1476
11138,1476
11139,1476
11140,1476
11141,1476
11142,1476
11143,1476
11144,1476
11145,1476
11146,1476
11147,1476
11148,1476
11149,1476
11150,1476
11151,1476
11152,1476
11153,1476
11154,1476
11155,1476
11156,1476
11157,1476
11158,1476
11159,1476
11160,1476
11161,1476
11162,1476
11163,1476
11164,1476
11165,1476
11166,1476
11167,1476
11168,1476
11169,1476
11170,1476
11171,1476
11172,1476
11173,1476
11174,1476
11175,1476
11176,1476
11177,1476
11178,1476
11179,1476
11180,1476
11181,1476
11182,1476
11183,1476
11184,1476
11185,1476
11186,1476
11187,1476
11188,1476
11189,1476
11190,1476
11191,1476
11192,1476
11193,1476
11194,1476
11195,1476
11196,1476
11197,1476
11198,1476
11199,1476
11200,1476
11201,1476
11202,1476
11203,1476
11204,1476
11205,1476
11206,1476
11207,1476
11208,1476
11209,1476
11210,1476
11211,1476
11212,1476
11213,1476
11214,1476
11215,1476
11216,1476
11217,1476
11218,1476
11219,1476
11220,1476
11221,1476
11222,1476
11223,1476
11224,1476
11225,1476
11226,1476
11227,1476
11228,1476
11229,1476
11230,1476
11231,1476
11232,1476
11233,1476
11234,1476
11235,1476
11236,1476
11237,1476
11238,1476
11239,1476
11240,1476
11241,1476
11242,1476
11243,1476
11244,1476
11245,1476
11246,1476
11247,1476
11248,1476
11249,1476
11250,1476
11251,1476
11252,1476
11253,1476
11254,1476
11255,1476
11256,1476
11257,1476
11258,1476
11259,1476
11260,1476
11261,1476
11262,1476
11263,1476
11264,1476
11265,1476
11266,1476
11267,1476
11268,1476
11269,1476
11270,1476
11271,1476
11272,1476
11273,1476
11274,1476
11275,1476
11276,1476
11277,1476
11278,1476
11279,1476
11280,1476
11281,1476
11282,1476
11283,1476
11284,1476
11285,1476
11286,1476
11287,1476
11288,1476
11289,1476
11290,1476
11291,1476
11292,1476
11293,1476
11294,1476
11295,1476
11296,1476
11297,1476
11298,1476
11299,1476
11300,1476
11301,1476
11302,1476
11303,1476
11304,1476
11305,1476
11306,1476
11307,1476
11308,1476
11309,1476
11310,1476
11311,1476
11312,1476
11313,1476
11314,1476
11315,1476
11316,1476
11317,1476
11318,1476
11319,1476
11320,1476
11321,1476
11322,1476
11323,1476
11324,1476
11325,1476
11326,1476
11327,1476
11328,1476
11329,1476
11330,1476
11331,1476
11332,1476
11333,1476
11334,1476
11335,1476
11336,1476
11337,1476
11338,1476
11339,1476
11340,1476
11341,1476
11342,1476
11343,1476
11344,1476
11345,1476
11346,1476
11347,1476
11348,1476
11349,1476
11350,1476
11351,1476
11352,1476
11353,1476
11354,1476
11355,1476
11356,1476
11357,1476
11358,1476
11359,1476
11360,1476
11361,1476
11362,1476
11363,1476
11364,1476
11365,1476
11366,1476
11367,1476
11368,1476
11369,1476
11370,1476
11371,1476
11372,1476
11373,1476
11374,1476
11375,1476
11376,1476
11377,1476
11378,1476
11379,1476
11380,1476
11381,1476
11382,1476
11383,1476
11384,1476
11385,1476
11386,1476
11387,1476
11388,1476
11389,1476
11390,1476
11391,1476
11392,1476
11393,1476
11394,1476
11395,1476
11396,1476
11397,1476
11398,1476
11399,1476
11400,1476
11401,1476
11402,1476
11403,1476
11404,1476
11405,1476
11406,1476
11407,1476
11408,1476
11409,1476
11410,1476
11411,1476
11412,1476
11413,1476
11414,1476
11415,1476
11416,1476
11417,1476
11418,1476
11419,1476
11420,1476
11421,1476
11422,1476
11423,1476
11424,1476
11425,1476
11426,1476
11427,1476
11428,1476
11429,1476
11430,1476
11431,1476
11432,1476
11433,1476
11434,1476
11435,1476
11436,1476
11437,1476
11438,1476
11439,1476
11440,1476
11441,1476
11442,1476
11443,1476
11444,1476
11445,1476
11446,1476
11447,1476
11448,1476
11449,1476
11450,1476
11451,1476
11452,1476
11453,1476
11454,1476
11455,1476
11456,1476
11457,1476
11458,1476
11459,1476
11460,1476
11461,1476
11462,1476
11463,1476
11464,1476
11465,1476
11466,1476
11467,1476
11468,1476
11469,1476
11470,1476
11471,1476
11472,1476
11473,1476
11474,1476
11475,1476
11476,1476
11477,1476
11478,1476
11479,1476
11480,1476
11481,1476
11482,1476
11483,1476
11484,1476
11485,1476
11486,1476
11487,1476
11488,1476
11489,1476
11490,1476
11491,1476
11492,1476
11493,1476
11494,1476
11495,1476
11496,1476
11497,1476
11498,1476
11499,1476
11500,1476
11501,1476
11502,1476
11503,1476
11504,1476
11505,1476
11506,1476
11507,1476
11508,1476
11509,1476
11510,1476
11511,1476
11512,1476
11513,1476
11514,1476
11515,1476
11516,1476
11517,1476
11518,1476
11519,1476
11520,1476
11521,1476
11522,1476
11523,1476
11524,1476
11525,1476
11526,1476
11527,1476
11528,1476
11529,1476
11530,1476
11531,1476
11532,1476
11533,1476
11534,1476
11535,1476
11536,1476
11537,1476
11538,1476
11539,1476
11540,1476
11541,1476
11542,1476
11543,1476
11544,1476
11545,1476
11546,1476
11547,1476
11548,1476
11549,1476
11550,1476
11551,1476
11552,1476
11553,1476
11554,1476
11555,1476
11556,1476
11557,1476
11558,1476
11559,1476
11560,1476
11561,1476
11562,1476
11563,1476
11564,1476
11565,1476
11566,1476
11567,1476
11568,1476
11569,1476
11570,1476
11571,1476
11572,1476
11573,1476
11574,1476
11575,1476
11576,1476
11577,1476
11578,1476
11579,1476
11580,1476
11581,1476
11582,1476
11583,1476
11584,1476
11585,1476
11586,1476
11587,1476
11588,1476
11589,1476
11590,1476
11591,1476
11592,1476
11593,1476
11594,1476
11595,1476
11596,1476
11597,1476
11598,1476
11599,1476
11600,1476
11601,1476
11602,1476
11603,1476
11604,1476
11605,1476
11606,1476
11607,1476
11608,1476
11609,1476
11610,1476
11611,1476
11612,1476
11613,1476
11614,1476
11615,1476
11616,1476
11617,1476
11618,1476
11619,1476
11620,1476
11621,1476
11622,1476
11623,1476
11624,1476
11625,1476
11626,1476
11627,1476
11628,1476
11629,1476
11630,1476
11631,1476
11632,1476
11633,1476
11634,1476
11635,1476
11636,1476
11637,1476
11638,1476
11639,1476
11640,1476
11641,1476
11642,1476
11643,1476
11644,1476
11645,1476
11646,1476
11647,1476
11648,1476
11649,1476
11650,1476
11651,1476
11652,1476
11653,1476
11654,1476
11655,1476
11656,1476
11657,1476
11658,1476
11659,1476
11660,1476
11661,1476
11662,1476
11663,1476
11664,1476
11665,1476
11666,1476
11667,1476
11668,1476
11669,1476
11670,1476
11671,1476
11672,1476
11673,1476
11674,1476
11675,1476
11676,1476
11677,1476
11678,1476
11679,1476
11680,1476
11681,1476
11682,1476
11683,1476
11684,1476
11685,1476
11686,1476
11687,1476
11688,1476
11689,1476
11690,1476
11691,1476
11692,1476
11693,1476
11694,1476
11695,1476
11696,1476
11697,1476
11698,1476
11699,1476
11700,1476
11701,1476
11702,1476
11703,1476
11704,1476
11705,1476
11706,1476
11707,1476
11708,1476
11709,1476
11710,1476
11711,1476
11712,1476
11713,1476
11714,1476
11715,1476
11716,1476
11717,1476
11718,1476
11719,1476
11720,1476
11721,1476
11722,1476
11723,1476
11724,1476
11725,1476
11726,1476
11727,1476
11728,1476
11729,1476
11730,1476
11731,1476
11732,1476
11733,1476
11734,1476
11735,1476
11736,1476
11737,1476
11738,1476
11739,1476
11740,1476
11741,1476
11742,1476
11743,1476
11744,1476
11745,1476
11746,1476
11747,1476
11748,1476
11749,1476
11750,1476
11751,1476
11752,1476
11753,1476
11754,1476
11755,1476
11756,1476
11757,1476
11758,1476
11759,1476
11760,1476
11761,1476
11762,1476
11763,1476
11764,1476
11765,1476
11766,1476
11767,1476
11768,1476
11769,1476
11770,1476
11771,1476
11772,1476
11773,1476
11774,1476
11775,1476
11776,1476
11777,1476
11778,1476
11779,1476
11780,1476
11781,1476
11782,1476
11783,1476
11784,1476
11785,1476
11786,1476
11787,1476
11788,1476
11789,1476
11790,1476
11791,1476
11792,1476
11793,1476
11794,1476
11795,1476
11796,1476
11797,1476
11798,1476
11799,1476
11800,1476
11801,1476
11802,1476
11803,1476
11804,1476
11805,1476
11806,1476
11807,1476
11808,1476
11809,1476
11810,1476
11811,1476
11812,1476
11813,1476
11814,1476
11815,1476
11816,1476
11817,1476
11818,1476
11819,1476
11820,1476
11821,1476
11822,1476
11823,1476
11824,1476
11825,1476
11826,1476
11827,1476
11828,1476
11829,1476
11830,1476
11831,1476
11832,1476
11833,1476
11834,1476
11835,1476
11836,1476
11837,1476
11838,1476
11839,1476
11840,1476
11841,1476
11842,1476
11843,1476
11844,1476
11845,1476
11846,1476
11847,1476
11848,1476
11849,1476
11850,1476
11851,1476
11852,1476
11853,1476
11854,1476
11855,1476
11856,1476
11857,1476
11858,1476
11859,1476
11860,1476
11861,1476
11862,1476
11863,1476
11864,1476
11865,1476
11866,1476
11867,1476
11868,1476
11869,1476
11870,1476
11871,1476
11872,1476
11873,1476
11874,1476
11875,1476
11876,1476
11877,1476
11878,1476
11879,1476
11880,1476
11881,1476
11882,1476
11883,1476
11884,1476
11885,1476
11886,1476
11887,1476
11888,1476
11889,1476
11890,1476
11891,1476
11892,1476
11893,1476
11894,1476
11895,1476
11896,1476
11897,1476
11898,1476
11899,1476
11900,1476
11901,1476
11902,1476
11903,1476
11904,1476
11905,1476
11906,1476
11907,1476
11908,1476
11909,1476
11910,1476
11911,1476
11912,1476
11913,1476
11914,1476
11915,1476
11916,1476
11917,1476
11918,1476
11919,1476
11920,1476
11921,1476
11922,1476
11923,1476
11924,1476
11925,1476
11926,1476
11927,1476
11928,1476
11929,1476
11930,1476
11931,1476
11932,1476
11933,1476
11934,1476
11935,1476
11936,1476
11937,1476
11938,1476
11939,1476
11940,1476
11941,1476
11942,1476
11943,1476
11944,1476
11945,1476
11946,1476
11947,1476
11948,1476
11949,1476
11950,1476
11951,1476
11952,1476
11953,1476
11954,1476
11955,1476
11956,1476
11957,1476
11958,1476
11959,1476
11960,1476
11961,1476
11962,1476
11963,1476
11964,1476
11965,1476
11966,1476
11967,1476
11968,1476
11969,1476
11970,1476
11971,1476
11972,1476
11973,1476
11974,1476
11975,1476
11976,1476
11977,1476
11978,1476
11979,1476
11980,1476
11981,1476
11982,1476
11983,1476
11984,1476
11985,1476
11986,1476
11987,1476
11988,1476
11989,1476
11990,1476
11991,1476
11992,1476
11993,1476
11994,1476
11995,1476
11996,1476
11997,1476
11998,1476
11999,1476
12000,1476
12001,1476
12002,1476
12003,1476
12004,1476
12005,1476
12006,1476
12007,1476
12008,1476
12009,1476
12010,1476
12011,1476
12012,1476
12013,1476
12014,1476
12015,1476
12016,1476
12017,1476
12018,1476
12019,1476
12020,1476
12021,1476
12022,1476
12023,1476
12024,1476
12025,1476
12026,1476
12027,1476
12028,1476
12029,1476
12030,1476
12031,1476
12032,1476
12033,1476
12034,1476
12035,1476
12036,1476
12037,1476
12038,1476
12039,1476
12040,1476
12041,1476
12042,1476
12043,1476
12044,1476
12045,1476
12046,1476
12047,1476
12048,1476
12049,1476
12050,1476
12051,1476
12052,1476
12053,1476
12054,1476
12055,1476
12056,1476
12057,1476
12058,1476
12059,1476
12060,1476
12061,1476
12062,1476
12063,1476
12064,1476
12065,1476
12066,1476
12067,1476
12068,1476
12069,1476
12070,1476
12071,1476
12072,1476
12073,1476
12074,1476
12075,1476
12076,1476
12077,1476
12078,1476
12079,1476
12080,1476
12081,1476
12082,1476
12083,1476
12084,1476
12085,1476
12086,1476
12087,1476
12088,1476
12089,1476
12090,1476
12091,1476
12092,1476
12093,1476
12094,1476
12095,1476
12096,1476
12097,1476
12098,1476
12099,1476
12100,1476
12101,1476
12102,1476
12103,1476
12104,1476
12105,1476
12106,1476
12107,1476
12108,1476
12109,1476
12110,1476
12111,1476
12112,1476
12113,1476
12114,1476
12115,1476
12116,1476
12117,1476
12118,1476
12119,1476
12120,1476
12121,1476
12122,1476
12123,1476
12124,1476
12125,1476
12126,1476
12127,1476
12128,1476
12129,1476
12130,1476
12131,1476
12132,1476
12133,1476
12134,1476
12135,1476
12136,1476
12137,1476
12138,1476
12139,1476
12140,1476
12141,1476
12142,1476
12143,1476
12144,1476
12145,1476
12146,1476
12147,1476
12148,1476
12149,1476
12150,1476
12151,1476
12152,1476
12153,1476
12154,1476
12155,1476
12156,1476
12157,1476
12158,1476
12159,1476
12160,1476
12161,1476
12162,1476
12163,1476
12164,1476
12165,1476
12166,1476
12167,1476
12168,1476
12169,1476
12170,1476
12171,1476
12172,1476
12173,1476
12174,1476
12175,1476
12176,1476
12177,1476
12178,1476
12179,1476
12180,1476
12181,1476
12182,1476
12183,1476
12184,1476
12185,1476
12186,1476
12187,1476
12188,1476
12189,1476
12190,1476
12191,1476
12192,1476
12193,1476
12194,1476
12195,1476
12196,1476
12197,1476
12198,1476
12199,1476
12200,1476
12201,1476
12202,1476
12203,1476
12204,1476
12205,1476
12206,1476
12207,1476
12208,1476
12209,1476
12210,1476
12211,1476
12212,1476
12213,1476
12214,1476
12215,1476
12216,1476
12217,1476
12218,1476
12219,1476
12220,1476
12221,1476
12222,1476
12223,1476
12224,1476
12225,1476
12226,1476
12227,1476
12228,1476
12229,1476
12230,1476
12231,1476
12232,1476
12233,1476
12234,1476
12235,1476
12236,1476
12237,1476
12238,1476
12239,1476
12240,1476
12241,1476
12242,1476
12243,1476
12244,1476
12245,1476
12246,1476
12247,1476
12248,1476
12249,1476
12250,1476
12251,1476
12252,1476
12253,1476
12254,1476
12255,1476
12256,1476
12257,1476
12258,1476
12259,1476
12260,1476
12261,1476
12262,1476
12263,1476
12264,1476
12265,1476
12266,1476
12267,1476
12268,1476
12269,1476
12270,1476
12271,1476
12272,1476
12273,1476
12274,1476
12275,1476
12276,1476
12277,1476
12278,1476
12279,1476
12280,1476
12281,1476
12282,1476
12283,1476
12284,1476
12285,1476
12286,1476
12287,1476
12288,1476
12289,1476
12290,1476
12291,1476
12292,1476
12293,1476
12294,1476
12295,1476
12296,1476
12297,1476
12298,1476
12299,1476
12300,1476
12301,1476
12302,1476
12303,1476
12304,1476
12305,1476
12306,1476
12307,1476
12308,1476
12309,1476
12310,1476
12311,1476
12312,1476
12313,1476
12314,1476
12315,1476
12316,1476
12317,1476
12318,1476
12319,1476
12320,1476
12321,1476
12322,1476
12323,1476
12324,1476
12325,1476
12326,1476
12327,1476
12328,1476
12329,1476
12330,1476
12331,1476
12332,1476
12333,1476
12334,1476
12335,1476
12336,1476
12337,1476
12338,1476
12339,1476
12340,1476
12341,1476
12342,1476
12343,1476
12344,1476
12345,1476
12346,1476
12347,1476
12348,1476
12349,1476
12350,1476
12351,1476
12352,1476
12353,1476
12354,1476
12355,1476
12356,1476
12357,1476
12358,1476
12359,1476
12360,1476
12361,1476
12362,1476
12363,1476
12364,1476
12365,1476
12366,1476
12367,1476
12368,1476
12369,1476
12370,1476
12371,1476
12372,1476
12373,1476
12374,1476
12375,1476
12376,1476
12377,1476
12378,1476
12379,1476
12380,1476
12381,1476
12382,1476
12383,1476
12384,1476
12385,1476
12386,1476
12387,1476
12388,1476
12389,1476
12390,1476
12391,1476
12392,1476
12393,1476
12394,1476
12395,1476
12396,1476
12397,1476
12398,1476
12399,1476
12400,1476
12401,1476
12402,1476
12403,1476
12404,1476
12405,1476
12406,1476
12407,1476
12408,1476
12409,1476
12410,1476
12411,1476
12412,1476
12413,1476
12414,1476
12415,1476
12416,1476
12417,1476
12418,1476
12419,1476
12420,1476
12421,1476
12422,1476
12423,1476
12424,1476
12425,1476
12426,1476
12427,1476
12428,1476
12429,1476
12430,1476
12431,1476
12432,1476
12433,1476
12434,1476
12435,1476
12436,1476
12437,1476
12438,1476
12439,1476
12440,1476
12441,1476
12442,1476
12443,1476
12444,1476
12445,1476
12446,1476
12447,1476
12448,1476
12449,1476
12450,1476
12451,1476
12452,1476
12453,1476
12454,1476
12455,1476
12456,1476
12457,1476
12458,1476
12459,1476
12460,1476
12461,1476
12462,1476
12463,1476
12464,1476
12465,1476
12466,1476
12467,1476
12468,1476
12469,1476
12470,1476
12471,1476
12472,1476
12473,1476
12474,1476
12475,1476
12476,1476
12477,1476
12478,1476
12479,1476
12480,1476
12481,1476
12482,1476
12483,1476
12484,1476
12485,1476
12486,1476
12487,1476
12488,1476
12489,1476
12490,1476
12491,1476
12492,1476
12493,1476
12494,1476
12495,1476
12496,1476
12497,1476
12498,1476
12499,1476
12500,1476
12501,1476
12502,1476
12503,1476
12504,1476
12505,1476
12506,1476
12507,1476
12508,1476
12509,1476
12510,1476
12511,1476
12512,1476
12513,1476
12514,1476
12515,1476
12516,1476
12517,1476
12518,1476
12519,1476
12520,1476
12521,1476
12522,1476
12523,1476
12524,1476
12525,1476
12526,1476
12527,1476
12528,1476
12529,1476
12530,1476
12531,1476
12532,1476
12533,1476
12534,1476
12535,1476
12536,1476
12537,1476
12538,1476
12539,1476
12540,1476
12541,1476
12542,1476
12543,1476
12544,1476
12545,1476
12546,1476
12547,1476
12548,1476
12549,1476
12550,1476
12551,1476
12552,1476
12553,1476
12554,1476
12555,1476
12556,1476
12557,1476
12558,1476
12559,1476
12560,1476
12561,1476
12562,1476
12563,1476
12564,1476
12565,1476
12566,1476
12567,1476
12568,1476
12569,1476
12570,1476
12571,1476
12572,1476
12573,1476
12574,1476
12575,1476
12576,1476
12577,1476
12578,1476
12579,1476
12580,1476
12581,1476
12582,1476
12583,1476
12584,1476
12585,1476
12586,1476
12587,1476
12588,1476
12589,1476
12590,1476
12591,1476
12592,1476
12593,1476
12594,1476
12595,1476
12596,1476
12597,1476
12598,1476
12599,1476
12600,1476
12601,1476
12602,1476
12603,1476
12604,1476
12605,1476
12606,1476
12607,1476
12608,1476
12609,1476
12610,1476
12611,1476
12612,1476
12613,1476
12614,1476
12615,1476
12616,1476
12617,1476
12618,1476
12619,1476
12620,1476
12621,1476
12622,1476
12623,1476
12624,1476
12625,1476
12626,1476
12627,1476
12628,1476
12629,1476
12630,1476
12631,1476
12632,1476
12633,1476
12634,1476
12635,1476
12636,1476
12637,1476
12638,1476
12639,1476
12640,1476
12641,1476
12642,1476
12643,1476
12644,1476
12645,1476
12646,1476
12647,1476
12648,1476
12649,1476
12650,1476
12651,1476
12652,1476
12653,1476
12654,1476
12655,1476
12656,1476
12657,1476
12658,1476
12659,1476
12660,1476
12661,1476
12662,1476
12663,1476
12664,1476
12665,1476
12666,1476
12667,1476
12668,1476
12669,1476
12670,1476
12671,1476
12672,1476
12673,1476
12674,1476
12675,1476
12676,1476
12677,1476
12678,1476
12679,1476
12680,1476
12681,1476
12682,1476
12683,1476
12684,1476
12685,1476
12686,1476
12687,1476
12688,1476
12689,1476
12690,1476
12691,1476
12692,1476
12693,1476
12694,1476
12695,1476
12696,1476
12697,1476
12698,1476
12699,1476
12700,1476
12701,1476
12702,1476
12703,1476
12704,1476
12705,1476
12706,1476
12707,1476
12708,1476
12709,1476
12710,1476
12711,1476
12712,1476
12713,1476
12714,1476
12715,1476
12716,1476
12717,1476
12718,1476
12719,1476
12720,1476
12721,1476
12722,1476
12723,1476
12724,1476
12725,1476
12726,1476
12727,1476
12728,1476
12729,1476
12730,1476
12731,1476
12732,1476
12733,1476
12734,1476
12735,1476
12736,1476
12737,1476
12738,1476
12739,1476
12740,1476
12741,1476
12742,1476
12743,1476
12744,1476
12745,1476
12746,1476
12747,1476
12748,1476
12749,1476
12750,1476
12751,1476
12752,1476
12753,1476
12754,1476
12755,1476
12756,1476
12757,1476
12758,1476
12759,1476
12760,1476
12761,1476
12762,1476
12763,1476
12764,1476
12765,1476
12766,1476
12767,1476
12768,1476
12769,1476
12770,1476
12771,1476
12772,1476
12773,1476
12774,1476
12775,1476
12776,1476
12777,1476
12778,1476
12779,1476
12780,1476
12781,1476
12782,1476
12783,1476
12784,1476
12785,1476
12786,1476
12787,1476
12788,1476
12789,1476
12790,1476
12791,1476
12792,1476
12793,1476
12794,1476
12795,1476
12796,1476
12797,1476
12798,1476
12799,1476
12800,1476
12801,1476
12802,1476
12803,1476
12804,1476
12805,1476
12806,1476
12807,1476
12808,1476
12809,1476
12810,1476
12811,1476
12812,1476
12813,1476
12814,1476
12815,1476
12816,1476
12817,1476
12818,1476
12819,1476
12820,1476
12821,1476
12822,1476
12823,1476
12824,1476
12825,1476
12826,1476
12827,1476
12828,1476
12829,1476
12830,1476
12831,1476
12832,1476
12833,1476
12834,1476
12835,1476
12836,1476
12837,1476
12838,1476
12839,1476
12840,1476
12841,1476
12842,1476
12843,1476
12844,1476
12845,1476
12846,1476
12847,1476
12848,1476
12849,1476
12850,1476
12851,1476
12852,1476
12853,1476
12854,1476
12855,1476
12856,1476
12857,1476
12858,1476
12859,1476
12860,1476
12861,1476
12862,1476
12863,1476
12864,1476
12865,1476
12866,1476
12867,1476
12868,1476
12869,1476
12870,1476
12871,1476
12872,1476
12873,1476
12874,1476
12875,1476
12876,1476
12877,1476
12878,1476
12879,1476
12880,1476
12881,1476
12882,1476
12883,1476
12884,1476
12885,1476
12886,1476
12887,1476
12888,1476
12889,1476
12890,1476
12891,1476
12892,1476
12893,1476
12894,1476
12895,1476
12896,1476
12897,1476
12898,1476
12899,1476
12900,1476
12901,1476
12902,1476
12903,1476
12904,1476
12905,1476
12906,1476
12907,1476
12908,1476
12909,1476
12910,1476
12911,1476
12912,1476
12913,1476
12914,1476
12915,1476
12916,1476
12917,1476
12918,1476
12919,1476
12920,1476
12921,1476
12922,1476
12923,1476
12924,1476
12925,1476
12926,1476
12927,1476
12928,1476
12929,1476
12930,1476
12931,1476
12932,1476
12933,1476
12934,1476
12935,1476
12936,1476
12937,1476
12938,1476
12939,1476
12940,1476
12941,1476
12942,1476
12943,1476
12944,1476
12945,1476
12946,1476
12947,1476
12948,1476
12949,1476
12950,1476
12951,1476
12952,1476
12953,1476
12954,1476
12955,1476
12956,1476
12957,1476
12958,1476
12959,1476
12960,1476
12961,1476
12962,1476
12963,1476
12964,1476
12965,1476
12966,1476
12967,1476
12968,1476
12969,1476
12970,1476
12971,1476
12972,1476
12973,1476
12974,1476
12975,1476
12976,1476
12977,1476
12978,1476
12979,1476
12980,1476
12981,1476
12982,1476
12983,1476
12984,1476
12985,1476
12986,1476
12987,1476
12988,1476
12989,1476
12990,1476
12991,1476
12992,1476
12993,1476
12994,1476
12995,1476
12996,1476
12997,1476
12998,1476
12999,1476
13000,1476
13001,1476
13002,1476
13003,1476
13004,1476
13005,1476
13006,1476
13007,1476
13008,1476
13009,1476
13010,1476
13011,1476
13012,1476
13013,1476
13014,1476
13015,1476
13016,1476
13017,1476
13018,1476
13019,1476
13020,1476
13021,1476
13022,1476
13023,1476
13024,1476
13025,1476
13026,1476
13027,1476
13028,1476
13029,1476
13030,1476
13031,1476
13032,1476
13033,1476
13034,1476
13035,1476
13036,1476
13037,1476
13038,1476
13039,1476
13040,1476
13041,1476
13042,1476
13043,1476
13044,1476
13045,1476
13046,1476
13047,1476
13048,1476
13049,1476
13050,1476
13051,1476
13052,1476
13053,1476
13054,1476
13055,1476
13056,1476
13057,1476
13058,1476
13059,1476
13060,1476
13061,1476
13062,1476
13063,1476
13064,1476
13065,1476
13066,1476
13067,1476
13068,1476
13069,1476
13070,1476
13071,1476
13072,1476
13073,1476
13074,1476
13075,1476
13076,1476
13077,1476
13078,1476
13079,1476
13080,1476
13081,1476
13082,1476
13083,1476
13084,1476
13085,1476
13086,1476
13087,1476
13088,1476
13089,1476
13090,1476
13091,1476
13092,1476
13093,1476
13094,1476
13095,1476
13096,1476
13097,1476
13098,1476
13099,1476
13100,1476
13101,1476
13102,1476
13103,1476
13104,1476
13105,1476
13106,1476
13107,1476
13108,1476
13109,1476
13110,1476
13111,1476
13112,1476
13113,1476
13114,1476
13115,1476
13116,1476
13117,1476
13118,1476
13119,1476
13120,1476
13121,1476
13122,1476
13123,1476
13124,1476
13125,1476
13126,1476
13127,1476
13128,1476
13129,1476
13130,1476
13131,1476
13132,1476
13133,1476
13134,1476
13135,1476
13136,1476
13137,1476
13138,1476
13139,1476
13140,1476
13141,1476
13142,1476
13143,1476
13144,1476
13145,1476
13146,1476
13147,1476
13148,1476
13149,1476
13150,1476
13151,1476
13152,1476
13153,1476
13154,1476
13155,1476
13156,1476
13157,1476
13158,1476
13159,1476
13160,1476
13161,1476
13162,1476
13163,1476
13164,1476
13165,1476
13166,1476
13167,1476
13168,1476
13169,1476
13170,1476
13171,1476
13172,1476
13173,1476
13174,1476
13175,1476
13176,1476
13177,1476
13178,1476
13179,1476
13180,1476
13181,1476
13182,1476
13183,1476
13184,1476
13185,1476
13186,1476
13187,1476
13188,1476
13189,1476
13190,1476
13191,1476
13192,1476
13193,1476
13194,1476
13195,1476
13196,1476
13197,1476
13198,1476
13199,1476
13200,1476
13201,1476
13202,1476
13203,1476
13204,1476
13205,1476
13206,1476
13207,1476
13208,1476
13209,1476
13210,1476
13211,1476
13212,1476
13213,1476
13214,1476
13215,1476
13216,1476
13217,1476
13218,1476
13219,1476
13220,1476
13221,1476
13222,1476
13223,1476
13224,1476
13225,1476
13226,1476
13227,1476
13228,1476
13229,1476
13230,1476
13231,1476
13232,1476
13233,1476
13234,1476
13235,1476
13236,1476
13237,1476
13238,1476
13239,1476
13240,1476
13241,1476
13242,1476
13243,1476
13244,1476
13245,1476
13246,1476
13247,1476
13248,1476
13249,1476
13250,1476
13251,1476
13252,1476
13253,1476
13254,1476
13255,1476
13256,1476
13257,1476
13258,1476
13259,1476
13260,1476
13261,1476
13262,1476
13263,1476
13264,1476
13265,1476
13266,1476
13267,1476
13268,1476
13269,1476
13270,1476
13271,1476
13272,1476
13273,1476
13274,1476
13275,1476
13276,1476
13277,1476
13278,1476
13279,1476
13280,1476
13281,1476
13282,1476
13283,1476
13284,1476
13285,1476
13286,1476
13287,1476
13288,1476
13289,1476
13290,1476
13291,1476
13292,1476
13293,1476
13294,1476
13295,1476
13296,1476
13297,1476
13298,1476
13299,1476
13300,1476
13301,1476
13302,1476
13303,1476
13304,1476
13305,1476
13306,1476
13307,1476
13308,1476
13309,1476
13310,1476
13311,1476
13312,1476
13313,1476
13314,1476
13315,1476
13316,1476
13317,1476
13318,1476
13319,1476
13320,1476
13321,1476
13322,1476
13323,1476
13324,1476
13325,1476
13326,1476
13327,1476
13328,1476
13329,1476
13330,1476
13331,1476
13332,1476
13333,1476
13334,1476
13335,1476
13336,1476
13337,1476
13338,1476
13339,1476
13340,1476
13341,1476
13342,1476
13343,1476
13344,1476
13345,1476
13346,1476
13347,1476
13348,1476
13349,1476
13350,1476
13351,1476
13352,1476
13353,1476
13354,1476
13355,1476
13356,1476
13357,1476
13358,1476
13359,1476
13360,1476
13361,1476
13362,1476
13363,1476
13364,1476
13365,1476
13366,1476
13367,1476
13368,1476
13369,1476
13370,1476
13371,1476
13372,1476
13373,1476
13374,1476
13375,1476
13376,1476
13377,1476
13378,1476
13379,1476
13380,1476
13381,1476
13382,1476
13383,1476
13384,1476
13385,1476
13386,1476
13387,1476
13388,1476
13389,1476
13390,1476
13391,1476
13392,1476
13393,1476
13394,1476
13395,1476
13396,1476
13397,1476
13398,1476
13399,1476
13400,1476
13401,1476
13402,1476
13403,1476
13404,1476
13405,1476
13406,1476
13407,1476
13408,1476
13409,1476
13410,1476
13411,1476
13412,1476
13413,1476
13414,1476
13415,1476
13416,1476
13417,1476
13418,1476
13419,1476
13420,1476
13421,1476
13422,1476
13423,1476
13424,1476
13425,1476
13426,1476
13427,1476
13428,1476
13429,1476
13430,1476
13431,1476
13432,1476
13433,1476
13434,1476
13435,1476
13436,1476
13437,1476
13438,1476
13439,1476
13440,1476
13441,1476
13442,1476
13443,1476
13444,1476
13445,1476
13446,1476
13447,1476
13448,1476
13449,1476
13450,1476
13451,1476
13452,1476
13453,1476
13454,1476
13455,1476
13456,1476
13457,1476
13458,1476
13459,1476
13460,1476
13461,1476
13462,1476
13463,1476
13464,1476
13465,1476
13466,1476
13467,1476
13468,1476
13469,1476
13470,1476
13471,1476
13472,1476
13473,1476
13474,1476
13475,1476
13476,1476
13477,1476
13478,1476
13479,1476
13480,1476
13481,1476
13482,1476
13483,1476
13484,1476
13485,1476
13486,1476
13487,1476
13488,1476
13489,1476
13490,1476
13491,1476
13492,1476
13493,1476
13494,1476
13495,1476
13496,1476
13497,1476
13498,1476
13499,1476
13500,1476
13501,1476
13502,1476
13503,1476
13504,1476
13505,1476
13506,1476
13507,1476
13508,1476
13509,1476
13510,1476
13511,1476
13512,1476
13513,1476
13514,1476
13515,1476
13516,1476
13517,1476
13518,1476
13519,1476
13520,1476
13521,1476
13522,1476
13523,1476
13524,1476
13525,1476
13526,1476
13527,1476
13528,1476
13529,1476
13530,1476
13531,1476
13532,1476
13533,1476
13534,1476
13535,1476
13536,1476
13537,1476
13538,1476
13539,1476
13540,1476
13541,1476
13542,1476
13543,1476
13544,1476
13545,1476
13546,1476
13547,1476
13548,1476
13549,1476
13550,1476
13551,1476
13552,1476
13553,1476
13554,1476
13555,1476
13556,1476
13557,1476
13558,1476
13559,1476
13560,1476
13561,1476
13562,1476
13563,1476
13564,1476
13565,1476
13566,1476
13567,1476
13568,1476
13569,1476
13570,1476
13571,1476
13572,1476
13573,1476
13574,1476
13575,1476
13576,1476
13577,1476
13578,1476
13579,1476
13580,1476
13581,1476
13582,1476
13583,1476
13584,1476
13585,1476
13586,1476
13587,1476
13588,1476
13589,1476
13590,1476
13591,1476
13592,1476
13593,1476
13594,1476
13595,1476
13596,1476
13597,1476
13598,1476
13599,1476
13600,1476
13601,1476
13602,1476
13603,1476
13604,1476
13605,1476
13606,1476
13607,1476
13608,1476
13609,1476
13610,1476
13611,1476
13612,1476
13613,1476
13614,1476
13615,1476
13616,1476
13617,1476
13618,1476
13619,1476
13620,1476
13621,1476
13622,1476
13623,1476
13624,1476
13625,1476
13626,1476
13627,1476
13628,1476
13629,1476
13630,1476
13631,1476
13632,1476
13633,1476
13634,1476
13635,1476
13636,1476
13637,1476
13638,1476
13639,1476
13640,1476
13641,1476
13642,1476
13643,1476
13644,1476
13645,1476
13646,1476
13647,1476
13648,1476
13649,1476
13650,1476
13651,1476
13652,1476
13653,1476
13654,1476
13655,1476
13656,1476
13657,1476
13658,1476
13659,1476
13660,1476
13661,1476
13662,1476
13663,1476
13664,1476
13665,1476
13666,1476
13667,1476
13668,1476
13669,1476
13670,1476
13671,1476
13672,1476
13673,1476
13674,1476
13675,1476
13676,1476
13677,1476
13678,1476
13679,1476
13680,1476
13681,1476
13682,1476
13683,1476
13684,1476
13685,1476
13686,1476
13687,1476
13688,1476
13689,1476
13690,1476
13691,1476
13692,1476
13693,1476
13694,1476
13695,1476
13696,1476
13697,1476
13698,1476
13699,1476
13700,1476
13701,1476
13702,1476
13703,1476
13704,1476
13705,1476
13706,1476
13707,1476
13708,1476
13709,1476
13710,1476
13711,1476
13712,1476
13713,1476
13714,1476
13715,1476
13716,1476
13717,1476
13718,1476
13719,1476
13720,1476
13721,1476
13722,1476
13723,1476
13724,1476
13725,1476
13726,1476
13727,1476
13728,1476
13729,1476
13730,1476
13731,1476
13732,1476
13733,1476
13734,1476
13735,1476
13736,1476
13737,1476
13738,1476
13739,1476
13740,1476
13741,1476
13742,1476
13743,1476
13744,1476
13745,1476
13746,1476
13747,1476
13748,1476
13749,1476
13750,1476
13751,1476
13752,1476
13753,1476
13754,1476
13755,1476
13756,1476
13757,1476
13758,1476
13759,1476
13760,1476
13761,1476
13762,1476
13763,1476
13764,1476
13765,1476
13766,1476
13767,1476
13768,1476
13769,1476
13770,1476
13771,1476
13772,1476
13773,1476
13774,1476
13775,1476
13776,1476
13777,1476
13778,1476
13779,1476
13780,1476
13781,1476
13782,1476
13783,1476
13784,1476
13785,1476
13786,1476
13787,1476
13788,1476
13789,1476
13790,1476
13791,1476
13792,1476
13793,1476
13794,1476
13795,1476
13796,1476
13797,1476
13798,1476
13799,1476
13800,1476
13801,1476
13802,1476
13803,1476
13804,1476
13805,1476
13806,1476
13807,1476
13808,1476
13809,1476
13810,1476
13811,1476
13812,1476
13813,1476
13814,1476
13815,1476
13816,1476
13817,1476
13818,1476
13819,1476
13820,1476
13821,1476
13822,1476
13823,1476
13824,1476
13825,1476
13826,1476
13827,1476
13828,1476
13829,1476
13830,1476
13831,1476
13832,1476
13833,1476
13834,1476
13835,1476
13836,1476
13837,1476
13838,1476
13839,1476
13840,1476
13841,1476
13842,1476
13843,1476
13844,1476
13845,1476
13846,1476
13847,1476
13848,1476
13849,1476
13850,1476
13851,1476
13852,1476
13853,1476
13854,1476
13855,1476
13856,1476
13857,1476
13858,1476
13859,1476
13860,1476
13861,1476
13862,1476
13863,1476
13864,1476
13865,1476
13866,1476
13867,1476
13868,1476
13869,1476
13870,1476
13871,1476
13872,1476
13873,1476
13874,1476
13875,1476
13876,1476
13877,1476
13878,1476
13879,1476
13880,1476
13881,1476
13882,1476
13883,1476
13884,1476
13885,1476
13886,1476
13887,1476
13888,1476
13889,1476
13890,1476
13891,1476
13892,1476
13893,1476
13894,1476
13895,1476
13896,1476
13897,1476
13898,1476
13899,1476
13900,1476
13901,1476
13902,1476
13903,1476
13904,1476
13905,1476
13906,1476
13907,1476
13908,1476
13909,1476
13910,1476
13911,1476
13912,1476
13913,1476
13914,1476
13915,1476
13916,1476
13917,1476
13918,1476
13919,1476
13920,1476
13921,1476
13922,1476
13923,1476
13924,1476
13925,1476
13926,1476
13927,1476
13928,1476
13929,1476
13930,1476
13931,1476
13932,1476
13933,1476
13934,1476
13935,1476
13936,1476
13937,1476
13938,1476
13939,1476
13940,1476
13941,1476
13942,1476
13943,1476
13944,1476
13945,1476
13946,1476
13947,1476
13948,1476
13949,1476
13950,1476
13951,1476
13952,1476
13953,1476
13954,1476
13955,1476
13956,1476
13957,1476
13958,1476
13959,1476
13960,1476
13961,1476
13962,1476
13963,1476
13964,1476
13965,1476
13966,1476
13967,1476
13968,1476
13969,1476
13970,1476
13971,1476
13972,1476
13973,1476
13974,1476
13975,1476
13976,1476
13977,1476
13978,1476
13979,1476
13980,1476
13981,1476
13982,1476
13983,1476
13984,1476
13985,1476
13986,1476
13987,1476
13988,1476
13989,1476
13990,1476
13991,1476
13992,1476
13993,1476
13994,1476
13995,1476
13996,1476
13997,1476
13998,1476
13999,1476
14000,1476
14001,1476
14002,1476
14003,1476
14004,1476
14005,1476
14006,1476
14007,1476
14008,1476
14009,1476
14010,1476
14011,1476
14012,1476
14013,1476
14014,1476
14015,1476
14016,1476
14017,1476
14018,1476
14019,1476
14020,1476
14021,1476
14022,1476
14023,1476
14024,1476
14025,1476
14026,1476
14027,1476
14028,1476
14029,1476
14030,1476
14031,1476
14032,1476
14033,1476
14034,1476
14035,1476
14036,1476
14037,1476
14038,1476
14039,1476
14040,1476
14041,1476
14042,1476
14043,1476
14044,1476
14045,1476
14046,1476
14047,1476
14048,1476
14049,1476
14050,1476
14051,1476
14052,1476
14053,1476
14054,1476
14055,1476
14056,1476
14057,1476
14058,1476
14059,1476
14060,1476
14061,1476
14062,1476
14063,1476
14064,1476
14065,1476
14066,1476
14067,1476
14068,1476
14069,1476
14070,1476
14071,1476
14072,1476
14073,1476
14074,1476
14075,1476
14076,1476
14077,1476
14078,1476
14079,1476
14080,1476
14081,1476
14082,1476
14083,1476
14084,1476
14085,1476
14086,1476
14087,1476
14088,1476
14089,1476
14090,1476
14091,1476
14092,1476
14093,1476
14094,1476
14095,1476
14096,1476
14097,1476
14098,1476
14099,1476
14100,1476
14101,1476
14102,1476
14103,1476
14104,1476
14105,1476
14106,1476
14107,1476
14108,1476
14109,1476
14110,1476
14111,1476
14112,1476
14113,1476
14114,1476
14115,1476
14116,1476
14117,1476
14118,1476
14119,1476
14120,1476
14121,1476
14122,1476
14123,1476
14124,1476
14125,1476
14126,1476
14127,1476
14128,1476
14129,1476
14130,1476
14131,1476
14132,1476
14133,1476
14134,1476
14135,1476
14136,1476
14137,1476
14138,1476
14139,1476
14140,1476
14141,1476
14142,1476
14143,1476
14144,1476
14145,1476
14146,1476
14147,1476
14148,1476
14149,1476
14150,1476
14151,1476
14152,1476
14153,1476
14154,1476
14155,1476
14156,1476
14157,1476
14158,1476
14159,1476
14160,1476
14161,1476
14162,1476
14163,1476
14164,1476
14165,1476
14166,1476
14167,1476
14168,1476
14169,1476
14170,1476
14171,1476
14172,1476
14173,1476
14174,1476
14175,1476
14176,1476
14177,1476
14178,1476
14179,1476
14180,1476
14181,1476
14182,1476
14183,1476
14184,1476
14185,1476
14186,1476
14187,1476
14188,1476
14189,1476
14190,1476
14191,1476
14192,1476
14193,1476
14194,1476
14195,1476
14196,1476
14197,1476
14198,1476
14199,1476
14200,1476
14201,1476
14202,1476
14203,1476
14204,1476
14205,1476
14206,1476
14207,1476
14208,1476
14209,1476
14210,1476
14211,1476
14212,1476
14213,1476
14214,1476
14215,1476
14216,1476
14217,1476
14218,1476
14219,1476
14220,1476
14221,1476
14222,1476
14223,1476
14224,1476
14225,1476
14226,1476
14227,1476
14228,1476
14229,1476
14230,1476
14231,1476
14232,1476
14233,1476
14234,1476
14235,1476
14236,1476
14237,1476
14238,1476
14239,1476
14240,1476
14241,1476
14242,1476
14243,1476
14244,1476
14245,1476
14246,1476
14247,1476
14248,1476
14249,1476
14250,1476
14251,1476
14252,1476
14253,1476
14254,1476
14255,1476
14256,1476
14257,1476
14258,1476
14259,1476
14260,1476
14261,1476
14262,1476
14263,1476
14264,1476
14265,1476
14266,1476
14267,1476
14268,1476
14269,1476
14270,1476
14271,1476
14272,1476
14273,1476
14274,1476
14275,1476
14276,1476
14277,1476
14278,1476
14279,1476
14280,1476
14281,1476
14282,1476
14283,1476
14284,1476
14285,1476
14286,1476
14287,1476
14288,1476
14289,1476
14290,1476
14291,1476
14292,1476
14293,1476
14294,1476
14295,1476
14296,1476
14297,1476
14298,1476
14299,1476
14300,1476
14301,1476
14302,1476
14303,1476
14304,1476
14305,1476
14306,1476
14307,1476
14308,1476
14309,1476
14310,1476
14311,1476
14312,1476
14313,1476
14314,1476
14315,1476
14316,1476
14317,1476
14318,1476
14319,1476
14320,1476
14321,1476
14322,1476
14323,1476
14324,1476
14325,1476
14326,1476
14327,1476
14328,1476
14329,1476
14330,1476
14331,1476
14332,1476
14333,1476
14334,1476
14335,1476
14336,1476
14337,1476
14338,1476
14339,1476
14340,1476
14341,1476
14342,1476
14343,1476
14344,1476
14345,1476
14346,1476
14347,1476
14348,1476
14349,1476
14350,1476
14351,1476
14352,1476
14353,1476
14354,1476
14355,1476
14356,1476
14357,1476
14358,1476
14359,1476
14360,1476
14361,1476
14362,1476
14363,1476
14364,1476
14365,1476
14366,1476
14367,1476
14368,1476
14369,1476
14370,1476
14371,1476
14372,1476
14373,1476
14374,1476
14375,1476
14376,1476
14377,1476
14378,1476
14379,1476
14380,1476
14381,1476
14382,1476
14383,1476
14384,1476
14385,1476
14386,1476
14387,1476
14388,1476
14389,1476
14390,1476
14391,1476
14392,1476
14393,1476
14394,1476
14395,1476
14396,1476
14397,1476
14398,1476
14399,1476
14400,1476
14401,1476
14402,1476
14403,1476
14404,1476
14405,1476
14406,1476
14407,1476
14408,1476
14409,1476
14410,1476
14411,1476
14412,1476
14413,1476
14414,1476
14415,1476
14416,1476
14417,1476
14418,1476
14419,1476
14420,1476
14421,1476
14422,1476
14423,1476
14424,1476
14425,1476
14426,1476
14427,1476
14428,1476
14429,1476
14430,1476
14431,1476
14432,1476
14433,1476
14434,1476
14435,1476
14436,1476
14437,1476
14438,1476
14439,1476
14440,1476
14441,1476
14442,1476
14443,1476
14444,1476
14445,1476
14446,1476
14447,1476
14448,1476
14449,1476
14450,1476
14451,1476
14452,1476
14453,1476
14454,1476
14455,1476
14456,1476
14457,1476
14458,1476
14459,1476
14460,1476
14461,1476
14462,1476
14463,1476
14464,1476
14465,1476
14466,1476
14467,1476
14468,1476
14469,1476
14470,1476
14471,1476
14472,1476
14473,1476
14474,1476
14475,1476
14476,1476
14477,1476
14478,1476
14479,1476
14480,1476
14481,1476
14482,1476
14483,1476
14484,1476
14485,1476
14486,1476
14487,1476
14488,1476
14489,1476
14490,1476
14491,1476
14492,1476
14493,1476
14494,1476
14495,1476
14496,1476
14497,1476
14498,1476
14499,1476
14500,1476
14501,1476
14502,1476
14503,1476
14504,1476
14505,1476
14506,1476
14507,1476
14508,1476
14509,1476
14510,1476
14511,1476
14512,1476
14513,1476
14514,1476
14515,1476
14516,1476
14517,1476
14518,1476
14519,1476
14520,1476
14521,1476
14522,1476
14523,1476
14524,1476
14525,1476
14526,1476
14527,1476
14528,1476
14529,1476
14530,1476
14531,1476
14532,1476
14533,1476
14534,1476
14535,1476
14536,1476
14537,1476
14538,1476
14539,1476
14540,1476
14541,1476
14542,1476
14543,1476
14544,1476
14545,1476
14546,1476
14547,1476
14548,1476
14549,1476
14550,1476
14551,1476
14552,1476
14553,1476
14554,1476
14555,1476
14556,1476
14557,1476
14558,1476
14559,1476
14560,1476
14561,1476
14562,1476
14563,1476
14564,1476
14565,1476
14566,1476
14567,1476
14568,1476
14569,1476
14570,1476
14571,1476
14572,1476
14573,1476
14574,1476
14575,1476
14576,1476
14577,1476
14578,1476
14579,1476
14580,1476
14581,1476
14582,1476
14583,1476
14584,1476
14585,1476
14586,1476
14587,1476
14588,1476
14589,1476
14590,1476
14591,1476
14592,1476
14593,1476
14594,1476
14595,1476
14596,1476
14597,1476
14598,1476
14599,1476
14600,1476
14601,1476
14602,1476
14603,1476
14604,1476
14605,1476
14606,1476
14607,1476
14608,1476
14609,1476
14610,1476
14611,1476
14612,1476
14613,1476
14614,1476
14615,1476
14616,1476
14617,1476
14618,1476
14619,1476
14620,1476
14621,1476
14622,1476
14623,1476
14624,1476
14625,1476
14626,1476
14627,1476
14628,1476
14629,1476
14630,1476
14631,1476
14632,1476
14633,1476
14634,1476
14635,1476
14636,1476
14637,1476
14638,1476
14639,1476
14640,1476
14641,1476
14642,1476
14643,1476
14644,1476
14645,1476
14646,1476
14647,1476
14648,1476
14649,1476
14650,1476
14651,1476
14652,1476
14653,1476
14654,1476
14655,1476
14656,1476
14657,1476
14658,1476
14659,1476
14660,1476
14661,1476
14662,1476
14663,1476
14664,1476
14665,1476
14666,1476
14667,1476
14668,1476
14669,1476
14670,1476
14671,1476
14672,1476
14673,1476
14674,1476
14675,1476
14676,1476
14677,1476
14678,1476
14679,1476
14680,1476
14681,1476
14682,1476
14683,1476
14684,1476
14685,1476
14686,1476
14687,1476
14688,1476
14689,1476
14690,1476
14691,1476
14692,1476
14693,1476
14694,1476
14695,1476
14696,1476
14697,1476
14698,1476
14699,1476
14700,1476
14701,1476
14702,1476
14703,1476
14704,1476
14705,1476
14706,1476
14707,1476
14708,1476
14709,1476
14710,1476
14711,1476
14712,1476
14713,1476
14714,1476
14715,1476
14716,1476
14717,1476
14718,1476
14719,1476
14720,1476
14721,1476
14722,1476
14723,1476
14724,1476
14725,1476
14726,1476
14727,1476
14728,1476
14729,1476
14730,1476
14731,1476
14732,1476
14733,1476
14734,1476
14735,1476
14736,1476
14737,1476
14738,1476
14739,1476
14740,1476
14741,1476
14742,1476
14743,1476
14744,1476
14745,1476
14746,1476
14747,1476
14748,1476
14749,1476
14750,1476
14751,1476
14752,1476
14753,1476
14754,1476
14755,1476
14756,1476
14757,1476
14758,1476
14759,1476
14760,1476
14761,1476
14762,1476
14763,1476
14764,1476
14765,1476
14766,1476
14767,1476
14768,1476
14769,1476
14770,1476
14771,1476
14772,1476
14773,1476
14774,1476
14775,1476
14776,1476
14777,1476
14778,1476
14779,1476
14780,1476
14781,1476
14782,1476
14783,1476
14784,1476
14785,1476
14786,1476
14787,1476
14788,1476
14789,1476
14790,1476
14791,1476
14792,1476
14793,1476
14794,1476
14795,1476
14796,1476
14797,1476
14798,1476
14799,1476
14800,1476
14801,1476
14802,1476
14803,1476
14804,1476
14805,1476
14806,1476
14807,1476
14808,1476
14809,1476
14810,1476
14811,1476
14812,1476
14813,1476
14814,1476
14815,1476
14816,1476
14817,1476
14818,1476
14819,1476
14820,1476
14821,1476
14822,1476
14823,1476
14824,1476
14825,1476
14826,1476
14827,1476
14828,1476
14829,1476
14830,1476
14831,1476
14832,1476
14833,1476
14834,1476
14835,1476
14836,1476
14837,1476
14838,1476
14839,1476
14840,1476
14841,1476
14842,1476
14843,1476
14844,1476
14845,1476
14846,1476
14847,1476
14848,1476
14849,1476
14850,1476
14851,1476
14852,1476
14853,1476
14854,1476
14855,1476
14856,1476
14857,1476
14858,1476
14859,1476
14860,1476
14861,1476
14862,1476
14863,1476
14864,1476
14865,1476
14866,1476
14867,1476
14868,1476
14869,1476
14870,1476
14871,1476
14872,1476
14873,1476
14874,1476
14875,1476
14876,1476
14877,1476
14878,1476
14879,1476
14880,1476
14881,1476
14882,1476
14883,1476
14884,1476
14885,1476
14886,1476
14887,1476
14888,1476
14889,1476
14890,1476
14891,1476
14892,1476
14893,1476
14894,1476
14895,1476
14896,1476
14897,1476
14898,1476
14899,1476
14900,1476
14901,1476
14902,1476
14903,1476
14904,1476
14905,1476
14906,1476
14907,1476
14908,1476
14909,1476
14910,1476
14911,1476
14912,1476
14913,1476
14914,1476
14915,1476
14916,1476
14917,1476
14918,1476
14919,1476
14920,1476
14921,1476
14922,1476
14923,1476
14924,1476
14925,1476
14926,1476
14927,1476
14928,1476
14929,1476
14930,1476
14931,1476
14932,1476
14933,1476
14934,1476
14935,1476
14936,1476
14937,1476
14938,1476
14939,1476
14940,1476
14941,1476
14942,1476
14943,1476
14944,1476
14945,1476
14946,1476
14947,1476
14948,1476
14949,1476
14950,1476
14951,1476
14952,1476
14953,1476
14954,1476
14955,1476
14956,1476
14957,1476
14958,1476
14959,1476
14960,1476
14961,1476
14962,1476
14963,1476
14964,1476
14965,1476
14966,1476
14967,1476
14968,1476
14969,1476
14970,1476
14971,1476
14972,1476
14973,1476
14974,1476
14975,1476
14976,1476
14977,1476
14978,1476
14979,1476
14980,1476
14981,1476
14982,1476
14983,1476
14984,1476
14985,1476
14986,1476
14987,1476
14988,1476
14989,1476
14990,1476
14991,1476
14992,1476
14993,1476
14994,1476
14995,1476
14996,1476
14997,1476
14998,1476
14999,1476
15000,1476
15001,1476
15002,1476
15003,1476
15004,1476
15005,1476
15006,1476
15007,1476
15008,1476
15009,1476
15010,1476
15011,1476
15012,1476
15013,1476
15014,1476
15015,1476
15016,1476
15017,1476
15018,1476
15019,1476
15020,1476
15021,1476
15022,1476
15023,1476
15024,1476
15025,1476
15026,1476
15027,1476
15028,1476
15029,1476
15030,1476
15031,1476
15032,1476
15033,1476
15034,1476
15035,1476
15036,1476
15037,1476
15038,1476
15039,1476
15040,1476
15041,1476
15042,1476
15043,1476
15044,1476
15045,1476
15046,1476
15047,1476
15048,1476
15049,1476
15050,1476
15051,1476
15052,1476
15053,1476
15054,1476
15055,1476
15056,1476
15057,1476
15058,1476
15059,1476
15060,1476
15061,1476
15062,1476
15063,1476
15064,1476
15065,1476
15066,1476
15067,1476
15068,1476
15069,1476
15070,1476
15071,1476
15072,1476
15073,1476
15074,1476
15075,1476
15076,1476
15077,1476
15078,1476
15079,1476
15080,1476
15081,1476
15082,1476
15083,1476
15084,1476
15085,1476
15086,1476
15087,1476
15088,1476
15089,1476
15090,1476
15091,1476
15092,1476
15093,1476
15094,1476
15095,1476
15096,1476
15097,1476
15098,1476
15099,1476
15100,1476
15101,1476
15102,1476
15103,1476
15104,1476
15105,1476
15106,1476
15107,1476
15108,1476
15109,1476
15110,1476
15111,1476
15112,1476
15113,1476
15114,1476
15115,1476
15116,1476
15117,1476
15118,1476
15119,1476
15120,1476
15121,1476
15122,1476
15123,1476
15124,1476
15125,1476
15126,1476
15127,1476
15128,1476
15129,1476
15130,1476
15131,1476
15132,1476
15133,1476
15134,1476
15135,1476
15136,1476
15137,1476
15138,1476
15139,1476
15140,1476
15141,1476
15142,1476
15143,1476
15144,1476
15145,1476
15146,1476
15147,1476
15148,1476
15149,1476
15150,1476
15151,1476
15152,1476
15153,1476
15154,1476
15155,1476
15156,1476
15157,1476
15158,1476
15159,1476
15160,1476
15161,1476
15162,1476
15163,1476
15164,1476
15165,1476
15166,1476
15167,1476
15168,1476
15169,1476
15170,1476
15171,1476
15172,1476
15173,1476
15174,1476
15175,1476
15176,1476
15177,1476
15178,1476
15179,1476
15180,1476
15181,1476
15182,1476
15183,1476
15184,1476
15185,1476
15186,1476
15187,1476
15188,1476
15189,1476
15190,1476
15191,1476
15192,1476
15193,1476
15194,1476
15195,1476
15196,1476
15197,1476
15198,1476
15199,1476
15200,1476
15201,1476
15202,1476
15203,1476
15204,1476
15205,1476
15206,1476
15207,1476
15208,1476
15209,1476
15210,1476
15211,1476
15212,1476
15213,1476
15214,1476
15215,1476
15216,1476
15217,1476
15218,1476
15219,1476
15220,1476
15221,1476
15222,1476
15223,1476
15224,1476
15225,1476
15226,1476
15227,1476
15228,1476
15229,1476
15230,1476
15231,1476
15232,1476
15233,1476
15234,1476
15235,1476
15236,1476
15237,1476
15238,1476
15239,1476
15240,1476
15241,1476
15242,1476
15243,1476
15244,1476
15245,1476
15246,1476
15247,1476
15248,1476
15249,1476
15250,1476
15251,1476
15252,1476
15253,1476
15254,1476
15255,1476
15256,1476
15257,1476
15258,1476
15259,1476
15260,1476
15261,1476
15262,1476
15263,1476
15264,1476
15265,1476
15266,1476
15267,1476
15268,1476
15269,1476
15270,1476
15271,1476
15272,1476
15273,1476
15274,1476
15275,1476
15276,1476
15277,1476
15278,1476
15279,1476
15280,1476
15281,1476
15282,1476
15283,1476
15284,1476
15285,1476
15286,1476
15287,1476
15288,1476
15289,1476
15290,1476
15291,1476
15292,1476
15293,1476
15294,1476
15295,1476
15296,1476
15297,1476
15298,1476
15299,1476
15300,1476
15301,1476
15302,1476
15303,1476
15304,1476
15305,1476
15306,1476
15307,1476
15308,1476
15309,1476
15310,1476
15311,1476
15312,1476
15313,1476
15314,1476
15315,1476
15316,1476
15317,1476
15318,1476
15319,1476
15320,1476
15321,1476
15322,1476
15323,1476
15324,1476
15325,1476
15326,1476
15327,1476
15328,1476
15329,1476
15330,1476
15331,1476
15332,1476
15333,1476
15334,1476
15335,1476
15336,1476
15337,1476
15338,1476
15339,1476
15340,1476
15341,1476
15342,1476
15343,1476
15344,1476
15345,1476
15346,1476
15347,1476
15348,1476
15349,1476
15350,1476
15351,1476
15352,1476
15353,1476
15354,1476
15355,1476
15356,1476
15357,1476
15358,1476
15359,1476
15360,1476
15361,1476
15362,1476
15363,1476
15364,1476
15365,1476
15366,1476
15367,1476
15368,1476
15369,1476
15370,1476
15371,1476
15372,1476
15373,1476
15374,1476
15375,1476
15376,1476
15377,1476
15378,1476
15379,1476
15380,1476
15381,1476
15382,1476
15383,1476
15384,1476
15385,1476
15386,1476
15387,1476
15388,1476
15389,1476
15390,1476
15391,1476
15392,1476
15393,1476
15394,1476
15395,1476
15396,1476
15397,1476
15398,1476
15399,1476
15400,1476
15401,1476
15402,1476
15403,1476
15404,1476
15405,1476
15406,1476
15407,1476
15408,1476
15409,1476
15410,1476
15411,1476
15412,1476
15413,1476
15414,1476
15415,1476
15416,1476
15417,1476
15418,1476
15419,1476
15420,1476
15421,1476
15422,1476
15423,1476
15424,1476
15425,1476
15426,1476
15427,1476
15428,1476
15429,1476
15430,1476
15431,1476
15432,1476
15433,1476
15434,1476
15435,1476
15436,1476
15437,1476
15438,1476
15439,1476
15440,1476
15441,1476
15442,1476
15443,1476
15444,1476
15445,1476
15446,1476
15447,1476
15448,1476
15449,1476
15450,1476
15451,1476
15452,1476
15453,1476
15454,1476
15455,1476
15456,1476
15457,1476
15458,1476
15459,1476
15460,1476
15461,1476
15462,1476
15463,1476
15464,1476
15465,1476
15466,1476
15467,1476
15468,1476
15469,1476
15470,1476
15471,1476
15472,1476
15473,1476
15474,1476
15475,1476
15476,1476
15477,1476
15478,1476
15479,1476
15480,1476
15481,1476
15482,1476
15483,1476
15484,1476
15485,1476
15486,1476
15487,1476
15488,1476
15489,1476
15490,1476
15491,1476
15492,1476
15493,1476
15494,1476
15495,1476
15496,1476
15497,1476
15498,1476
15499,1476
15500,1476
15501,1476
15502,1476
15503,1476
15504,1476
15505,1476
15506,1476
15507,1476
15508,1476
15509,1476
15510,1476
15511,1476
15512,1476
15513,1476
15514,1476
15515,1476
15516,1476
15517,1476
15518,1476
15519,1476
15520,1476
15521,1476
15522,1476
15523,1476
15524,1476
15525,1476
15526,1476
15527,1476
15528,1476
15529,1476
15530,1476
15531,1476
15532,1476
15533,1476
15534,1476
15535,1476
15536,1476
15537,1476
15538,1476
15539,1476
15540,1476
15541,1476
15542,1476
15543,1476
15544,1476
15545,1476
15546,1476
15547,1476
15548,1476
15549,1476
15550,1476
15551,1476
15552,1476
15553,1476
15554,1476
15555,1476
15556,1476
15557,1476
15558,1476
15559,1476
15560,1476
15561,1476
15562,1476
15563,1476
15564,1476
15565,1476
15566,1476
15567,1476
15568,1476
15569,1476
15570,1476
15571,1476
15572,1476
15573,1476
15574,1476
15575,1476
15576,1476
15577,1476
15578,1476
15579,1476
15580,1476
15581,1476
15582,1476
15583,1476
15584,1476
15585,1476
15586,1476
15587,1476
15588,1476
15589,1476
15590,1476
15591,1476
15592,1476
15593,1476
15594,1476
15595,1476
15596,1476
15597,1476
15598,1476
15599,1476
15600,1476
15601,1476
15602,1476
15603,1476
15604,1476
15605,1476
15606,1476
15607,1476
15608,1476
15609,1476
15610,1476
15611,1476
15612,1476
15613,1476
15614,1476
15615,1476
15616,1476
15617,1476
15618,1476
15619,1476
15620,1476
15621,1476
15622,1476
15623,1476
15624,1476
15625,1476
15626,1476
15627,1476
15628,1476
15629,1476
15630,1476
15631,1476
15632,1476
15633,1476
15634,1476
15635,1476
15636,1476
15637,1476
15638,1476
15639,1476
15640,1476
15641,1476
15642,1476
15643,1476
15644,1476
15645,1476
15646,1476
15647,1476
15648,1476
15649,1476
15650,1476
15651,1476
15652,1476
15653,1476
15654,1476
15655,1476
15656,1476
15657,1476
15658,1476
15659,1476
15660,1476
15661,1476
15662,1476
15663,1476
15664,1476
15665,1476
15666,1476
15667,1476
15668,1476
15669,1476
15670,1476
15671,1476
15672,1476
15673,1476
15674,1476
15675,1476
15676,1476
15677,1476
15678,1476
15679,1476
15680,1476
15681,1476
15682,1476
15683,1476
15684,1476
15685,1476
15686,1476
15687,1476
15688,1476
15689,1476
15690,1476
15691,1476
15692,1476
15693,1476
15694,1476
15695,1476
15696,1476
15697,1476
15698,1476
15699,1476
15700,1476
15701,1476
15702,1476
15703,1476
15704,1476
15705,1476
15706,1476
15707,1476
15708,1476
15709,1476
15710,1476
15711,1476
15712,1476
15713,1476
15714,1476
15715,1476
15716,1476
15717,1476
15718,1476
15719,1476
15720,1476
15721,1476
15722,1476
15723,1476
15724,1476
15725,1476
15726,1476
15727,1476
15728,1476
15729,1476
15730,1476
15731,1476
15732,1476
15733,1476
15734,1476
15735,1476
15736,1476
15737,1476
15738,1476
15739,1476
15740,1476
15741,1476
15742,1476
15743,1476
15744,1476
15745,1476
15746,1476
15747,1476
15748,1476
15749,1476
15750,1476
15751,1476
15752,1476
15753,1476
15754,1476
15755,1476
15756,1476
15757,1476
15758,1476
15759,1476
15760,1476
15761,1476
15762,1476
15763,1476
15764,1476
15765,1476
15766,1476
15767,1476
15768,1476
15769,1476
15770,1476
15771,1476
15772,1476
15773,1476
15774,1476
15775,1476
15776,1476
15777,1476
15778,1476
15779,1476
15780,1476
15781,1476
15782,1476
15783,1476
15784,1476
15785,1476
15786,1476
15787,1476
15788,1476
15789,1476
15790,1476
15791,1476
15792,1476
15793,1476
15794,1476
15795,1476
15796,1476
15797,1476
15798,1476
15799,1476
15800,1476
15801,1476
15802,1476
15803,1476
15804,1476
15805,1476
15806,1476
15807,1476
15808,1476
15809,1476
15810,1476
15811,1476
15812,1476
15813,1476
15814,1476
15815,1476
15816,1476
15817,1476
15818,1476
15819,1476
15820,1476
15821,1476
15822,1476
15823,1476
15824,1476
15825,1476
15826,1476
15827,1476
15828,1476
15829,1476
15830,1476
15831,1476
15832,1476
15833,1476
15834,1476
15835,1476
15836,1476
15837,1476
15838,1476
15839,1476
15840,1476
15841,1476
15842,1476
15843,1476
15844,1476
15845,1476
15846,1476
15847,1476
15848,1476
15849,1476
15850,1476
15851,1476
15852,1476
15853,1476
15854,1476
15855,1476
15856,1476
15857,1476
15858,1476
15859,1476
15860,1476
15861,1476
15862,1476
15863,1476
15864,1476
15865,1476
15866,1476
15867,1476
15868,1476
15869,1476
15870,1476
15871,1476
15872,1476
15873,1476
15874,1476
15875,1476
15876,1476
15877,1476
15878,1476
15879,1476
15880,1476
15881,1476
15882,1476
15883,1476
15884,1476
15885,1476
15886,1476
15887,1476
15888,1476
15889,1476
15890,1476
15891,1476
15892,1476
15893,1476
15894,1476
15895,1476
15896,1476
15897,1476
15898,1476
15899,1476
15900,1476
15901,1476
15902,1476
15903,1476
15904,1476
15905,1476
15906,1476
15907,1476
15908,1476
15909,1476
15910,1476
15911,1476
15912,1476
15913,1476
15914,1476
15915,1476
15916,1476
15917,1476
15918,1476
15919,1476
15920,1476
15921,1476
15922,1476
15923,1476
15924,1476
15925,1476
15926,1476
15927,1476
15928,1476
15929,1476
15930,1476
15931,1476
15932,1476
15933,1476
15934,1476
15935,1476
15936,1476
15937,1476
15938,1476
15939,1476
15940,1476
15941,1476
15942,1476
15943,1476
15944,1476
15945,1476
15946,1476
15947,1476
15948,1476
15949,1476
15950,1476
15951,1476
15952,1476
15953,1476
15954,1476
15955,1476
15956,1476
15957,1476
15958,1476
15959,1476
15960,1476
15961,1476
15962,1476
15963,1476
15964,1476
15965,1476
15966,1476
15967,1476
15968,1476
15969,1476
15970,1476
15971,1476
15972,1476
15973,1476
15974,1476
15975,1476
15976,1476
15977,1476
15978,1476
15979,1476
15980,1476
15981,1476
15982,1476
15983,1476
15984,1476
15985,1476
15986,1476
15987,1476
15988,1476
15989,1476
15990,1476
15991,1476
15992,1476
15993,1476
15994,1476
15995,1476
15996,1476
15997,1476
15998,1476
15999,1476
16000,1476
16001,1476
16002,1476
16003,1476
16004,1476
16005,1476
16006,1476
16007,1476
16008,1476
16009,1476
16010,1476
16011,1476
16012,1476
16013,1476
16014,1476
16015,1476
16016,1476
16017,1476
16018,1476
16019,1476
16020,1476
16021,1476
16022,1476
16023,1476
16024,1476
16025,1476
16026,1476
16027,1476
16028,1476
16029,1476
16030,1476
16031,1476
16032,1476
16033,1476
16034,1476
16035,1476
16036,1476
16037,1476
16038,1476
16039,1476
16040,1476
16041,1476
16042,1476
16043,1476
16044,1476
16045,1476
16046,1476
16047,1476
16048,1476
16049,1476
16050,1476
16051,1476
16052,1476
16053,1476
16054,1476
16055,1476
16056,1476
16057,1476
16058,1476
16059,1476
16060,1476
16061,1476
16062,1476
16063,1476
16064,1476
16065,1476
16066,1476
16067,1476
16068,1476
16069,1476
16070,1476
16071,1476
16072,1476
16073,1476
16074,1476
16075,1476
16076,1476
16077,1476
16078,1476
16079,1476
16080,1476
16081,1476
16082,1476
16083,1476
16084,1476
16085,1476
16086,1476
16087,1476
16088,1476
16089,1476
16090,1476
16091,1476
16092,1476
16093,1476
16094,1476
16095,1476
16096,1476
16097,1476
16098,1476
16099,1476
16100,1476
16101,1476
16102,1476
16103,1476
16104,1476
16105,1476
16106,1476
16107,1476
16108,1476
16109,1476
16110,1476
16111,1476
16112,1476
16113,1476
16114,1476
16115,1476
16116,1476
16117,1476
16118,1476
16119,1476
16120,1476
16121,1476
16122,1476
16123,1476
16124,1476
16125,1476
16126,1476
16127,1476
16128,1476
16129,1476
16130,1476
16131,1476
16132,1476
16133,1476
16134,1476
16135,1476
16136,1476
16137,1476
16138,1476
16139,1476
16140,1476
16141,1476
16142,1476
16143,1476
16144,1476
16145,1476
16146,1476
16147,1476
16148,1476
16149,1476
16150,1476
16151,1476
16152,1476
16153,1476
16154,1476
16155,1476
16156,1476
16157,1476
16158,1476
16159,1476
16160,1476
16161,1476
16162,1476
16163,1476
16164,1476
16165,1476
16166,1476
16167,1476
16168,1476
16169,1476
16170,1476
16171,1476
16172,1476
16173,1476
16174,1476
16175,1476
16176,1476
16177,1476
16178,1476
16179,1476
16180,1476
16181,1476
16182,1476
16183,1476
16184,1476
16185,1476
16186,1476
16187,1476
16188,1476
16189,1476
16190,1476
16191,1476
16192,1476
16193,1476
16194,1476
16195,1476
16196,1476
16197,1476
16198,1476
16199,1476
16200,1476
16201,1476
16202,1476
16203,1476
16204,1476
16205,1476
16206,1476
16207,1476
16208,1476
16209,1476
16210,1476
16211,1476
16212,1476
16213,1476
16214,1476
16215,1476
16216,1476
16217,1476
16218,1476
16219,1476
16220,1476
16221,1476
16222,1476
16223,1476
16224,1476
16225,1476
16226,1476
16227,1476
16228,1476
16229,1476
16230,1476
16231,1476
16232,1476
16233,1476
16234,1476
16235,1476
16236,1476
16237,1476
16238,1476
16239,1476
16240,1476
16241,1476
16242,1476
16243,1476
16244,1476
16245,1476
16246,1476
16247,1476
16248,1476
16249,1476
16250,1476
16251,1476
16252,1476
16253,1476
16254,1476
16255,1476
16256,1476
16257,1476
16258,1476
16259,1476
16260,1476
16261,1476
16262,1476
16263,1476
16264,1476
16265,1476
16266,1476
16267,1476
16268,1476
16269,1476
16270,1476
16271,1476
16272,1476
16273,1476
16274,1476
16275,1476
16276,1476
16277,1476
16278,1476
16279,1476
16280,1476
16281,1476
16282,1476
16283,1476
16284,1476
16285,1476
16286,1476
16287,1476
16288,1476
16289,1476
16290,1476
16291,1476
16292,1476
16293,1476
16294,1476
16295,1476
16296,1476
16297,1476
16298,1476
16299,1476
16300,1476
16301,1476
16302,1476
16303,1476
16304,1476
16305,1476
16306,1476
16307,1476
16308,1476
16309,1476
16310,1476
16311,1476
16312,1476
16313,1476
16314,1476
16315,1476
16316,1476
16317,1476
16318,1476
16319,1476
16320,1476
16321,1476
16322,1476
16323,1476
16324,1476
16325,1476
16326,1476
16327,1476
16328,1476
16329,1476
16330,1476
16331,1476
16332,1476
16333,1476
16334,1476
16335,1476
16336,1476
16337,1476
16338,1476
16339,1476
16340,1476
16341,1476
16342,1476
16343,1476
16344,1476
16345,1476
16346,1476
16347,1476
16348,1476
16349,1476
16350,1476
16351,1476
16352,1476
16353,1476
16354,1476
16355,1476
16356,1476
16357,1476
16358,1476
16359,1476
16360,1476
16361,1476
16362,1476
16363,1476
16364,1476
16365,1476
16366,1476
16367,1476
16368,1476
16369,1476
16370,1476
16371,1476
16372,1476
16373,1476
16374,1476
16375,1476
16376,1476
16377,1476
16378,1476
16379,1476
16380,1476
16381,1476
16382,1476
16383,1476
16384,1476
16385,1476
16386,1476
16387,1476
16388,1476
16389,1476
16390,1476
16391,1476
16392,1476
16393,1476
16394,1476
16395,1476
16396,1476
16397,1476
16398,1476
16399,1476
16400,1476
16401,1476
16402,1476
16403,1476
16404,1476
16405,1476
16406,1476
16407,1476
16408,1476
16409,1476
16410,1476
16411,1476
16412,1476
16413,1476
16414,1476
16415,1476
16416,1476
16417,1476
16418,1476
16419,1476
16420,1476
16421,1476
16422,1476
16423,1476
16424,1476
16425,1476
16426,1476
16427,1476
16428,1476
16429,1476
16430,1476
16431,1476
16432,1476
16433,1476
16434,1476
16435,1476
16436,1476
16437,1476
16438,1476
16439,1476
16440,1476
16441,1476
16442,1476
16443,1476
16444,1476
16445,1476
16446,1476
16447,1476
16448,1476
16449,1476
16450,1476
16451,1476
16452,1476
16453,1476
16454,1476
16455,1476
16456,1476
16457,1476
16458,1476
16459,1476
16460,1476
16461,1476
16462,1476
16463,1476
16464,1476
16465,1476
16466,1476
16467,1476
16468,1476
16469,1476
16470,1476
16471,1476
16472,1476
16473,1476
16474,1476
16475,1476
16476,1476
16477,1476
16478,1476
16479,1476
16480,1476
16481,1476
16482,1476
16483,1476
16484,1476
16485,1476
16486,1476
16487,1476
16488,1476
16489,1476
16490,1476
16491,1476
16492,1476
16493,1476
16494,1476
16495,1476
16496,1476
16497,1476
16498,1476
16499,1476
16500,1476
16501,1476
16502,1476
16503,1476
16504,1476
16505,1476
16506,1476
16507,1476
16508,1476
16509,1476
16510,1476
16511,1476
16512,1476
16513,1476
16514,1476
16515,1476
16516,1476
16517,1476
16518,1476
16519,1476
16520,1476
16521,1476
16522,1476
16523,1476
16524,1476
16525,1476
16526,1476
16527,1476
16528,1476
16529,1476
16530,1476
16531,1476
16532,1476
16533,1476
16534,1476
16535,1476
16536,1476
16537,1476
16538,1476
16539,1476
16540,1476
16541,1476
16542,1476
16543,1476
16544,1476
16545,1476
16546,1476
16547,1476
16548,1476
16549,1476
16550,1476
16551,1476
16552,1476
16553,1476
16554,1476
16555,1476
16556,1476
16557,1476
16558,1476
16559,1476
16560,1476
16561,1476
16562,1476
16563,1476
16564,1476
16565,1476
16566,1476
16567,1476
16568,1476
16569,1476
16570,1476
16571,1476
16572,1476
16573,1476
16574,1476
16575,1476
16576,1476
16577,1476
16578,1476
16579,1476
16580,1476
16581,1476
16582,1476
16583,1476
16584,1476
16585,1476
16586,1476
16587,1476
16588,1476
16589,1476
16590,1476
16591,1476
16592,1476
16593,1476
16594,1476
16595,1476
16596,1476
16597,1476
16598,1476
16599,1476
16600,1476
16601,1476
16602,1476
16603,1476
16604,1476
16605,1476
16606,1476
16607,1476
16608,1476
16609,1476
16610,1476
16611,1476
16612,1476
16613,1476
16614,1476
16615,1476
16616,1476
16617,1476
16618,1476
16619,1476
16620,1476
16621,1476
16622,1476
16623,1476
16624,1476
16625,1476
16626,1476
16627,1476
16628,1476
16629,1476
16630,1476
16631,1476
16632,1476
16633,1476
16634,1476
16635,1476
16636,1476
16637,1476
16638,1476
16639,1476
16640,1476
16641,1476
16642,1476
16643,1476
16644,1476
16645,1476
16646,1476
16647,1476
16648,1476
16649,1476
16650,1476
16651,1476
16652,1476
16653,1476
16654,1476
16655,1476
16656,1476
16657,1476
16658,1476
16659,1476
16660,1476
16661,1476
16662,1476
16663,1476
16664,1476
16665,1476
16666,1476
16667,1476
16668,1476
16669,1476
16670,1476
16671,1476
16672,1476
16673,1476
16674,1476
16675,1476
16676,1476
16677,1476
16678,1476
16679,1476
16680,1476
16681,1476
16682,1476
16683,1476
16684,1476
16685,1476
16686,1476
16687,1476
16688,1476
16689,1476
16690,1476
16691,1476
16692,1476
16693,1476
16694,1476
16695,1476
16696,1476
16697,1476
16698,1476
16699,1476
16700,1476
16701,1476
16702,1476
16703,1476
16704,1476
16705,1476
16706,1476
16707,1476
16708,1476
16709,1476
16710,1476
16711,1476
16712,1476
16713,1476
16714,1476
16715,1476
16716,1476
16717,1476
16718,1476
16719,1476
16720,1476
16721,1476
16722,1476
16723,1476
16724,1476
16725,1476
16726,1476
16727,1476
16728,1476
16729,1476
16730,1476
16731,1476
16732,1476
16733,1476
16734,1476
16735,1476
16736,1476
16737,1476
16738,1476
16739,1476
16740,1476
16741,1476
16742,1476
16743,1476
16744,1476
16745,1476
16746,1476
16747,1476
16748,1476
16749,1476
16750,1476
16751,1476
16752,1476
16753,1476
16754,1476
16755,1476
16756,1476
16757,1476
16758,1476
16759,1476
16760,1476
16761,1476
16762,1476
16763,1476
16764,1476
16765,1476
16766,1476
16767,1476
16768,1476
16769,1476
16770,1476
16771,1476
16772,1476
16773,1476
16774,1476
16775,1476
16776,1476
16777,1476
16778,1476
16779,1476
16780,1476
16781,1476
16782,1476
16783,1476
16784,1476
16785,1476
16786,1476
16787,1476
16788,1476
16789,1476
16790,1476
16791,1476
16792,1476
16793,1476
16794,1476
16795,1476
16796,1476
16797,1476
16798,1476
16799,1476
16800,1476
16801,1476
16802,1476
16803,1476
16804,1476
16805,1476
16806,1476
16807,1476
16808,1476
16809,1476
16810,1476
16811,1476
16812,1476
16813,1476
16814,1476
16815,1476
16816,1476
16817,1476
16818,1476
16819,1476
16820,1476
16821,1476
16822,1476
16823,1476
16824,1476
16825,1476
16826,1476
16827,1476
16828,1476
16829,1476
16830,1476
16831,1476
16832,1476
16833,1476
16834,1476
16835,1476
16836,1476
16837,1476
16838,1476
16839,1476
16840,1476
16841,1476
16842,1476
16843,1476
16844,1476
16845,1476
16846,1476
16847,1476
16848,1476
16849,1476
16850,1476
16851,1476
16852,1476
16853,1476
16854,1476
16855,1476
16856,1476
16857,1476
16858,1476
16859,1476
16860,1476
16861,1476
16862,1476
16863,1476
16864,1476
16865,1476
16866,1476
16867,1476
16868,1476
16869,1476
16870,1476
16871,1476
16872,1476
16873,1476
16874,1476
16875,1476
16876,1476
16877,1476
16878,1476
16879,1476
16880,1476
16881,1476
16882,1476
16883,1476
16884,1476
16885,1476
16886,1476
16887,1476
16888,1476
16889,1476
16890,1476
16891,1476
16892,1476
16893,1476
16894,1476
16895,1476
16896,1476
16897,1476
16898,1476
16899,1476
16900,1476
16901,1476
16902,1476
16903,1476
16904,1476
16905,1476
16906,1476
16907,1476
16908,1476
16909,1476
16910,1476
16911,1476
16912,1476
16913,1476
16914,1476
16915,1476
16916,1476
16917,1476
16918,1476
16919,1476
16920,1476
16921,1476
16922,1476
16923,1476
16924,1476
16925,1476
16926,1476
16927,1476
16928,1476
16929,1476
16930,1476
16931,1476
16932,1476
16933,1476
16934,1476
16935,1476
16936,1476
16937,1476
16938,1476
16939,1476
16940,1476
16941,1476
16942,1476
16943,1476
16944,1476
16945,1476
16946,1476
16947,1476
16948,1476
16949,1476
16950,1476
16951,1476
16952,1476
16953,1476
16954,1476
16955,1476
16956,1476
16957,1476
16958,1476
16959,1476
16960,1476
16961,1476
16962,1476
16963,1476
16964,1476
16965,1476
16966,1476
16967,1476
16968,1476
16969,1476
16970,1476
16971,1476
16972,1476
16973,1476
16974,1476
16975,1476
16976,1476
16977,1476
16978,1476
16979,1476
16980,1476
16981,1476
16982,1476
16983,1476
16984,1476
16985,1476
16986,1476
16987,1476
16988,1476
16989,1476
16990,1476
16991,1476
16992,1476
16993,1476
16994,1476
16995,1476
16996,1476
16997,1476
16998,1476
16999,1476
17000,1476
17001,1476
17002,1476
17003,1476
17004,1476
17005,1476
17006,1476
17007,1476
17008,1476
17009,1476
17010,1476
17011,1476
17012,1476
17013,1476
17014,1476
17015,1476
17016,1476
17017,1476
17018,1476
17019,1476
17020,1476
17021,1476
17022,1476
17023,1476
17024,1476
17025,1476
17026,1476
17027,1476
17028,1476
17029,1476
17030,1476
17031,1476
17032,1476
17033,1476
17034,1476
17035,1476
17036,1476
17037,1476
17038,1476
17039,1476
17040,1476
17041,1476
17042,1476
17043,1476
17044,1476
17045,1476
17046,1476
17047,1476
17048,1476
17049,1476
17050,1476
17051,1476
17052,1476
17053,1476
17054,1476
17055,1476
17056,1476
17057,1476
17058,1476
17059,1476
17060,1476
17061,1476
17062,1476
17063,1476
17064,1476
17065,1476
17066,1476
17067,1476
17068,1476
17069,1476
17070,1476
17071,1476
17072,1476
17073,1476
17074,1476
17075,1476
17076,1476
17077,1476
17078,1476
17079,1476
17080,1476
17081,1476
17082,1476
17083,1476
17084,1476
17085,1476
17086,1476
17087,1476
17088,1476
17089,1476
17090,1476
17091,1476
17092,1476
17093,1476
17094,1476
17095,1476
17096,1476
17097,1476
17098,1476
17099,1476
17100,1476
17101,1476
17102,1476
17103,1476
17104,1476
17105,1476
17106,1476
17107,1476
17108,1476
17109,1476
17110,1476
17111,1476
17112,1476
17113,1476
17114,1476
17115,1476
17116,1476
17117,1476
17118,1476
17119,1476
17120,1476
17121,1476
17122,1476
17123,1476
17124,1476
17125,1476
17126,1476
17127,1476
17128,1476
17129,1476
17130,1476
17131,1476
17132,1476
17133,1476
17134,1476
17135,1476
17136,1476
17137,1476
17138,1476
17139,1476
17140,1476
17141,1476
17142,1476
17143,1476
17144,1476
17145,1476
17146,1476
17147,1476
17148,1476
17149,1476
17150,1476
17151,1476
17152,1476
17153,1476
17154,1476
17155,1476
17156,1476
17157,1476
17158,1476
17159,1476
17160,1476
17161,1476
17162,1476
17163,1476
17164,1476
17165,1476
17166,1476
17167,1476
17168,1476
17169,1476
17170,1476
17171,1476
17172,1476
17173,1476
17174,1476
17175,1476
17176,1476
17177,1476
17178,1476
17179,1476
17180,1476
17181,1476
17182,1476
17183,1476
17184,1476
17185,1476
17186,1476
17187,1476
17188,1476
17189,1476
17190,1476
17191,1476
17192,1476
17193,1476
17194,1476
17195,1476
17196,1476
17197,1476
17198,1476
17199,1476
17200,1476
17201,1476
17202,1476
17203,1476
17204,1476
17205,1476
17206,1476
17207,1476
17208,1476
17209,1476
17210,1476
17211,1476
17212,1476
17213,1476
17214,1476
17215,1476
17216,1476
17217,1476
17218,1476
17219,1476
17220,1476
17221,1476
17222,1476
17223,1476
17224,1476
17225,1476
17226,1476
17227,1476
17228,1476
17229,1476
17230,1476
17231,1476
17232,1476
17233,1476
17234,1476
17235,1476
17236,1476
17237,1476
17238,1476
17239,1476
17240,1476
17241,1476
17242,1476
17243,1476
17244,1476
17245,1476
17246,1476
17247,1476
17248,1476
17249,1476
17250,1476
17251,1476
17252,1476
17253,1476
17254,1476
17255,1476
17256,1476
17257,1476
17258,1476
17259,1476
17260,1476
17261,1476
17262,1476
17263,1476
17264,1476
17265,1476
17266,1476
17267,1476
17268,1476
17269,1476
17270,1476
17271,1476
17272,1476
17273,1476
17274,1476
17275,1476
17276,1476
17277,1476
17278,1476
17279,1476
17280,1476
17281,1476
17282,1476
17283,1476
17284,1476
17285,1476
17286,1476
17287,1476
17288,1476
17289,1476
17290,1476
17291,1476
17292,1476
17293,1476
17294,1476
17295,1476
17296,1476
17297,1476
17298,1476
17299,1476
17300,1476
17301,1476
17302,1476
17303,1476
17304,1476
17305,1476
17306,1476
17307,1476
17308,1476
17309,1476
17310,1476
17311,1476
17312,1476
17313,1476
17314,1476
17315,1476
17316,1476
17317,1476
17318,1476
17319,1476
17320,1476
17321,1476
17322,1476
17323,1476
17324,1476
17325,1476
17326,1476
17327,1476
17328,1476
17329,1476
17330,1476
17331,1476
17332,1476
17333,1476
17334,1476
17335,1476
17336,1476
17337,1476
17338,1476
17339,1476
17340,1476
17341,1476
17342,1476
17343,1476
17344,1476
17345,1476
17346,1476
17347,1476
17348,1476
17349,1476
17350,1476
17351,1476
17352,1476
17353,1476
17354,1476
17355,1476
17356,1476
17357,1476
17358,1476
17359,1476
17360,1476
17361,1476
17362,1476
17363,1476
17364,1476
17365,1476
17366,1476
17367,1476
17368,1476
17369,1476
17370,1476
17371,1476
17372,1476
17373,1476
17374,1476
17375,1476
17376,1476
17377,1476
17378,1476
17379,1476
17380,1476
17381,1476
17382,1476
17383,1476
17384,1476
17385,1476
17386,1476
17387,1476
17388,1476
17389,1476
17390,1476
17391,1476
17392,1476
17393,1476
17394,1476
17395,1476
17396,1476
17397,1476
17398,1476
17399,1476
17400,1476
17401,1476
17402,1476
17403,1476
17404,1476
17405,1476
17406,1476
17407,1476
17408,1476
17409,1476
17410,1476
17411,1476
17412,1476
17413,1476
17414,1476
17415,1476
17416,1476
17417,1476
17418,1476
17419,1476
17420,1476
17421,1476
17422,1476
17423,1476
17424,1476
17425,1476
17426,1476
17427,1476
17428,1476
17429,1476
17430,1476
17431,1476
17432,1476
17433,1476
17434,1476
17435,1476
17436,1476
17437,1476
17438,1476
17439,1476
17440,1476
17441,1476
17442,1476
17443,1476
17444,1476
17445,1476
17446,1476
17447,1476
17448,1476
17449,1476
17450,1476
17451,1476
17452,1476
17453,1476
17454,1476
17455,1476
17456,1476
17457,1476
17458,1476
17459,1476
17460,1476
17461,1476
17462,1476
17463,1476
17464,1476
17465,1476
17466,1476
17467,1476
17468,1476
17469,1476
17470,1476
17471,1476
17472,1476
17473,1476
17474,1476
17475,1476
17476,1476
17477,1476
17478,1476
17479,1476
17480,1476
17481,1476
17482,1476
17483,1476
17484,1476
17485,1476
17486,1476
17487,1476
17488,1476
17489,1476
17490,1476
17491,1476
17492,1476
17493,1476
17494,1476
17495,1476
17496,1476
17497,1476
17498,1476
17499,1476
17500,1476
17501,1476
17502,1476
17503,1476
17504,1476
17505,1476
17506,1476
17507,1476
17508,1476
17509,1476
17510,1476
17511,1476
17512,1476
17513,1476
17514,1476
17515,1476
17516,1476
17517,1476
17518,1476
17519,1476
17520,1476
17521,1476
17522,1476
17523,1476
17524,1476
17525,1476
17526,1476
17527,1476
17528,1476
17529,1476
17530,1476
17531,1476
17532,1476
17533,1476
17534,1476
17535,1476
17536,1476
17537,1476
17538,1476
17539,1476
17540,1476
17541,1476
17542,1476
17543,1476
17544,1476
17545,1476
17546,1476
17547,1476
17548,1476
17549,1476
17550,1476
17551,1476
17552,1476
17553,1476
17554,1476
17555,1476
17556,1476
17557,1476
17558,1476
17559,1476
17560,1476
17561,1476
17562,1476
17563,1476
17564,1476
17565,1476
17566,1476
17567,1476
17568,1476
17569,1476
17570,1476
17571,1476
17572,1476
17573,1476
17574,1476
17575,1476
17576,1476
17577,1476
17578,1476
17579,1476
17580,1476
17581,1476
17582,1476
17583,1476
17584,1476
17585,1476
17586,1476
17587,1476
17588,1476
17589,1476
17590,1476
17591,1476
17592,1476
17593,1476
17594,1476
17595,1476
17596,1476
17597,1476
17598,1476
17599,1476
17600,1476
17601,1476
17602,1476
17603,1476
17604,1476
17605,1476
17606,1476
17607,1476
17608,1476
17609,1476
17610,1476
17611,1476
17612,1476
17613,1476
17614,1476
17615,1476
17616,1476
17617,1476
17618,1476
17619,1476
17620,1476
17621,1476
17622,1476
17623,1476
17624,1476
17625,1476
17626,1476
17627,1476
17628,1476
17629,1476
17630,1476
17631,1476
17632,1476
17633,1476
17634,1476
17635,1476
17636,1476
17637,1476
17638,1476
17639,1476
17640,1476
17641,1476
17642,1476
17643,1476
17644,1476
17645,1476
17646,1476
17647,1476
17648,1476
17649,1476
17650,1476
17651,1476
17652,1476
17653,1476
17654,1476
17655,1476
17656,1476
17657,1476
17658,1476
17659,1476
17660,1476
17661,1476
17662,1476
17663,1476
17664,1476
17665,1476
17666,1476
17667,1476
17668,1476
17669,1476
17670,1476
17671,1476
17672,1476
17673,1476
17674,1476
17675,1476
17676,1476
17677,1476
17678,1476
17679,1476
17680,1476
17681,1476
17682,1476
17683,1476
17684,1476
17685,1476
17686,1476
17687,1476
17688,1476
17689,1476
17690,1476
17691,1476
17692,1476
17693,1476
17694,1476
17695,1476
17696,1476
17697,1476
17698,1476
17699,1476
17700,1476
17701,1476
17702,1476
17703,1476
17704,1476
17705,1476
17706,1476
17707,1476
17708,1476
17709,1476
17710,1476
17711,1476
17712,1476
17713,1476
17714,1476
17715,1476
17716,1476
17717,1476
17718,1476
17719,1476
17720,1476
17721,1476
17722,1476
17723,1476
17724,1476
17725,1476
17726,1476
17727,1476
17728,1476
17729,1476
17730,1476
17731,1476
17732,1476
17733,1476
17734,1476
17735,1476
17736,1476
17737,1476
17738,1476
17739,1476
17740,1476
17741,1476
17742,1476
17743,1476
17744,1476
17745,1476
17746,1476
17747,1476
17748,1476
17749,1476
17750,1476
17751,1476
17752,1476
17753,1476
17754,1476
17755,1476
17756,1476
17757,1476
17758,1476
17759,1476
17760,1476
17761,1476
17762,1476
17763,1476
17764,1476
17765,1476
17766,1476
17767,1476
17768,1476
17769,1476
17770,1476
17771,1476
17772,1476
17773,1476
17774,1476
17775,1476
17776,1476
17777,1476
17778,1476
17779,1476
17780,1476
17781,1476
17782,1476
17783,1476
17784,1476
17785,1476
17786,1476
17787,1476
17788,1476
17789,1476
17790,1476
17791,1476
17792,1476
17793,1476
17794,1476
17795,1476
17796,1476
17797,1476
17798,1476
17799,1476
17800,1476
17801,1476
17802,1476
17803,1476
17804,1476
17805,1476
17806,1476
17807,1476
17808,1476
17809,1476
17810,1476
17811,1476
17812,1476
17813,1476
17814,1476
17815,1476
17816,1476
17817,1476
17818,1476
17819,1476
17820,1476
17821,1476
17822,1476
17823,1476
17824,1476
17825,1476
17826,1476
17827,1476
17828,1476
17829,1476
17830,1476
17831,1476
17832,1476
17833,1476
17834,1476
17835,1476
17836,1476
17837,1476
17838,1476
17839,1476
17840,1476
17841,1476
17842,1476
17843,1476
17844,1476
17845,1476
17846,1476
17847,1476
17848,1476
17849,1476
17850,1476
17851,1476
17852,1476
17853,1476
17854,1476
17855,1476
17856,1476
17857,1476
17858,1476
17859,1476
17860,1476
17861,1476
17862,1476
17863,1476
17864,1476
17865,1476
17866,1476
17867,1476
17868,1476
17869,1476
17870,1476
17871,1476
17872,1476
17873,1476
17874,1476
17875,1476
17876,1476
17877,1476
17878,1476
17879,1476
17880,1476
17881,1476
17882,1476
17883,1476
17884,1476
17885,1476
17886,1476
17887,1476
17888,1476
17889,1476
17890,1476
17891,1476
17892,1476
17893,1476
17894,1476
17895,1476
17896,1476
17897,1476
17898,1476
17899,1476
17900,1476
17901,1476
17902,1476
17903,1476
17904,1476
17905,1476
17906,1476
17907,1476
17908,1476
17909,1476
17910,1476
17911,1476
17912,1476
17913,1476
17914,1476
17915,1476
17916,1476
17917,1476
17918,1476
17919,1476
17920,1476
17921,1476
17922,1476
17923,1476
17924,1476
17925,1476
17926,1476
17927,1476
17928,1476
17929,1476
17930,1476
17931,1476
17932,1476
17933,1476
17934,1476
17935,1476
17936,1476
17937,1476
17938,1476
17939,1476
17940,1476
17941,1476
17942,1476
17943,1476
17944,1476
17945,1476
17946,1476
17947,1476
17948,1476
17949,1476
17950,1476
17951,1476
17952,1476
17953,1476
17954,1476
17955,1476
17956,1476
17957,1476
17958,1476
17959,1476
17960,1476
17961,1476
17962,1476
17963,1476
17964,1476
17965,1476
17966,1476
17967,1476
17968,1476
17969,1476
17970,1476
17971,1476
17972,1476
17973,1476
17974,1476
17975,1476
17976,1476
17977,1476
17978,1476
17979,1476
17980,1476
17981,1476
17982,1476
17983,1476
17984,1476
17985,1476
17986,1476
17987,1476
17988,1476
17989,1476
17990,1476
17991,1476
17992,1476
17993,1476
17994,1476
17995,1476
17996,1476
17997,1476
17998,1476
17999,1476
18000,1476
18001,1476
18002,1476
18003,1476
18004,1476
18005,1476
18006,1476
18007,1476
18008,1476
18009,1476
18010,1476
18011,1476
18012,1476
18013,1476
18014,1476
18015,1476
18016,1476
18017,1476
18018,1476
18019,1476
18020,1476
18021,1476
18022,1476
18023,1476
18024,1476
18025,1476
18026,1476
18027,1476
18028,1476
18029,1476
18030,1476
18031,1476
18032,1476
18033,1476
18034,1476
18035,1476
18036,1476
18037,1476
18038,1476
18039,1476
18040,1476
18041,1476
18042,1476
18043,1476
18044,1476
18045,1476
18046,1476
18047,1476
18048,1476
18049,1476
18050,1476
18051,1476
18052,1476
18053,1476
18054,1476
18055,1476
18056,1476
18057,1476
18058,1476
18059,1476
18060,1476
18061,1476
18062,1476
18063,1476
18064,1476
18065,1476
18066,1476
18067,1476
18068,1476
18069,1476
18070,1476
18071,1476
18072,1476
18073,1476
18074,1476
18075,1476
18076,1476
18077,1476
18078,1476
18079,1476
18080,1476
18081,1476
18082,1476
18083,1476
18084,1476
18085,1476
18086,1476
18087,1476
18088,1476
18089,1476
18090,1476
18091,1476
18092,1476
18093,1476
18094,1476
18095,1476
18096,1476
18097,1476
18098,1476
18099,1476
18100,1476
18101,1476
18102,1476
18103,1476
18104,1476
18105,1476
18106,1476
18107,1476
18108,1476
18109,1476
18110,1476
18111,1476
18112,1476
18113,1476
18114,1476
18115,1476
18116,1476
18117,1478
18118,1478
18119,1478
18120,1478
18121,1478
18122,1478
18123,1478
18124,1478
18125,1478
18126,1478
18127,1478
18128,1478
18129,1478
18130,1478
18131,1478
18132,1478
18133,1478
18134,1478
18135,1478
18136,1478
18137,1478
18138,1478
18139,1478
18140,1478
18141,1478
18142,1478
18143,1478
18144,1478
18145,1478
18146,1478
18147,1478
18148,1478
18149,1478
18150,1478
18151,1478
18152,1478
18153,1478
18154,1478
18155,1478
18156,1478
18157,1478
18158,1478
18159,1478
18160,1478
18161,1478
18162,1478
18163,1478
18164,1478
18165,1478
18166,1478
18167,1478
18168,1478
18169,1478
18170,1478
18171,1478
18172,1478
18173,1478
18174,1478
18175,1478
18176,1478
18177,1478
18178,1478
18179,1478
18180,1478
18181,1478
18182,1478
18183,1478
18184,1478
18185,1478
18186,1478
18187,1478
18188,1478
18189,1478
18190,1478
18191,1478
18192,1478
18193,1478
18194,1478
18195,1478
18196,1478
18197,1478
18198,1478
18199,1478
18200,1478
18201,1478
18202,1478
18203,1478
18204,1478
18205,1478
18206,1478
18207,1478
18208,1478
18209,1478
18210,1478
18211,1478
18212,1478
18213,1478
18214,1478
18215,1478
18216,1478
18217,1478
18218,1478
18219,1478
18220,1478
18221,1478
18222,1478
18223,1478
18224,1478
18225,1478
18226,1478
18227,1478
18228,1478
18229,1478
18230,1478
18231,1478
18232,1478
18233,1478
18234,1478
18235,1478
18236,1478
18237,1478
18238,1478
18239,1478
18240,1478
18241,1478
18242,1478
18243,1478
18244,1478
18245,1478
18246,1478
18247,1478
18248,1478
18249,1478
18250,1478
18251,1478
18252,1478
18253,1478
18254,1478
18255,1478
18256,1478
18257,1478
18258,1478
18259,1478
18260,1478
18261,1478
18262,1478
18263,1478
18264,1478
18265,1478
18266,1478
18267,1478
18268,1478
18269,1478
18270,1478
18271,1478
18272,1478
18273,1478
18274,1478
18275,1478
18276,1478
18277,1478
18278,1478
18279,1478
18280,1478
18281,1478
18282,1478
18283,1478
18284,1478
18285,1478
18286,1478
18287,1478
18288,1478
18289,1478
18290,1478
18291,1478
18292,1478
18293,1478
18294,1478
18295,1478
18296,1478
18297,1478
18298,1478
18299,1478
18300,1478
18301,1478
18302,1478
18303,1478
18304,1478
18305,1478
18306,1478
18307,1478
18308,1478
18309,1478
18310,1478
18311,1478
18312,1478
18313,1478
18314,1478
18315,1478
18316,1478
18317,1478
18318,1478
18319,1478
18320,1478
18321,1478
18322,1478
18323,1478
18324,1478
18325,1478
18326,1478
18327,1478
18328,1478
18329,1478
18330,1478
18331,1478
18332,1478
18333,1478
18334,1478
18335,1478
18336,1478
18337,1478
18338,1478
18339,1478
18340,1478
18341,1478
18342,1478
18343,1478
18344,1478
18345,1478
18346,1478
18347,1478
18348,1478
18349,1478
18350,1478
18351,1478
18352,1478
18353,1478
18354,1478
18355,1478
18356,1478
18357,1478
18358,1478
18359,1478
18360,1478
18361,1478
18362,1478
18363,1478
18364,1478
18365,1478
18366,1478
18367,1478
18368,1478
18369,1478
18370,1478
18371,1478
18372,1478
18373,1478
18374,1478
18375,1478
18376,1478
18377,1478
18378,1478
18379,1478
18380,1478
18381,1478
18382,1478
18383,1478
18384,1478
18385,1478
18386,1478
18387,1478
18388,1478
18389,1478
18390,1478
18391,1478
18392,1478
18393,1478
18394,1478
18395,1478
18396,1478
18397,1478
18398,1478
18399,1478
18400,1478
18401,1478
18402,1478
18403,1478
18404,1478
18405,1478
18406,1478
18407,1478
18408,1478
18409,1478
18410,1478
18411,1478
18412,1478
18413,1478
18414,1478
18415,1478
18416,1478
18417,1478
18418,1478
18419,1478
18420,1478
18421,1478
18422,1478
18423,1478
18424,1478
18425,1478
18426,1478
18427,1478
18428,1478
18429,1478
18430,1478
18431,1478
18432,1478
18433,1478
18434,1478
18435,1478
18436,1478
18437,1478
18438,1478
18439,1478
18440,1478
18441,1478
18442,1478
18443,1478
18444,1478
18445,1478
18446,1478
18447,1478
18448,1478
18449,1478
18450,1478
18451,1478
18452,1478
18453,1478
18454,1478
18455,1478
18456,1478
18457,1478
18458,1478
18459,1478
18460,1478
18461,1478
18462,1478
18463,1478
18464,1478
18465,1478
18466,1478
18467,1478
18468,1478
18469,1478
18470,1478
18471,1478
18472,1478
18473,1478
18474,1478
18475,1478
18476,1478
18477,1478
18478,1478
18479,1478
18480,1485
18481,1485
18482,1485
18483,1485
18484,1485
18485,1485
18486,1485
18487,1485
18488,1485
18489,1485
18490,1485
18491,1485
18492,1485
18493,1485
18494,1485
18495,1485
18496,1485
18497,1485
18498,1485
18499,1485
18500,1485
18501,1485
18502,1485
18503,1485
18504,1485
18505,1485
18506,1485
18507,1485
18508,1485
18509,1485
18510,1485
18511,1485
18512,1485
18513,1485
18514,1485
18515,1485
18516,1485
18517,1485
18518,1485
18519,1485
18520,1485
18521,1485
18522,1485
18523,1485
18524,1485
18525,1485
18526,1485
18527,1485
18528,1485
18529,1485
18530,1485
18531,1485
18532,1485
18533,1485
18534,1485
18535,1485
18536,1485
18537,1485
18538,1485
18539,1485
18540,1485
18541,1485
18542,1485
18543,1485
18544,1485
18545,1485
18546,1485
18547,1485
18548,1485
18549,1485
18550,1485
18551,1485
18552,1485
18553,1485
18554,1485
18555,1485
18556,1485
18557,1485
18558,1485
18559,1485
18560,1485
18561,1485
18562,1485
18563,1485
18564,1485
18565,1485
18566,1485
18567,1485
18568,1485
18569,1485
18570,1485
18571,1485
18572,1485
18573,1485
18574,1485
18575,1485
18576,1485
18577,1485
18578,1485
18579,1485
18580,1485
18581,1485
18582,1485
18583,1485
18584,1485
18585,1485
18586,1485
18587,1485
18588,1485
18589,1485
18590,1485
18591,1485
18592,1485
18593,1485
18594,1485
18595,1485
18596,1485
18597,1485
18598,1485
18599,1485
18600,1485
18601,1485
18602,1485
18603,1485
18604,1485
18605,1485
18606,1485
18607,1485
18608,1485
18609,1485
18610,1485
18611,1485
18612,1485
18613,1485
18614,1485
18615,1485
18616,1485
18617,1485
18618,1485
18619,1485
18620,1485
18621,1485
18622,1485
18623,1485
18624,1485
18625,1485
18626,1485
18627,1485
18628,1485
18629,1485
18630,1485
18631,1485
18632,1485
18633,1485
18634,1485
18635,1485
18636,1485
18637,1485
18638,1485
18639,1485
18640,1485
18641,1485
18642,1485
18643,1485
18644,1485
18645,1485
18646,1485
18647,1485
18648,1485
18649,1485
18650,1485
18651,1485
18652,1485
18653,1485
18654,1485
18655,1485
18656,1485
18657,1485
18658,1485
18659,1485
18660,1485
18661,1485
18662,1485
18663,1485
18664,1485
18665,1485
18666,1485
18667,1485
18668,1485
18669,1485
18670,1485
18671,1485
18672,1485
18673,1485
18674,1485
18675,1485
18676,1485
18677,1485
18678,1485
18679,1485
18680,1485
18681,1485
18682,1485
18683,1485
18684,1485
18685,1485
18686,1485
18687,1485
18688,1485
18689,1485
18690,1485
18691,1485
18692,1485
18693,1485
18694,1485
18695,1485
18696,1485
18697,1485
18698,1485
18699,1485
18700,1485
18701,1485
18702,1485
18703,1485
18704,1485
18705,1485
18706,1485
18707,1485
18708,1485
18709,1485
18710,1485
18711,1485
18712,1485
18713,1485
18714,1485
18715,1485
18716,1485
18717,1485
18718,1485
18719,1485
18720,1485
18721,1485
18722,1485
18723,1485
18724,1485
18725,1485
18726,1485
18727,1485
18728,1485
18729,1485
18730,1485
18731,1485
18732,1485
18733,1485
18734,1485
18735,1485
18736,1485
18737,1485
18738,1485
18739,1485
18740,1485
18741,1485
18742,1485
18743,1485
18744,1485
18745,1485
18746,1485
18747,1485
18748,1485
18749,1485
18750,1485
18751,1485
18752,1485
18753,1485
18754,1485
18755,1485
18756,1485
18757,1485
18758,1485
18759,1485
18760,1485
18761,1485
18762,1485
18763,1485
18764,1485
18765,1485
18766,1485
18767,1485
18768,1485
18769,1485
18770,1485
18771,1485
18772,1485
18773,1485
18774,1485
18775,1485
18776,1485
18777,1485
18778,1485
18779,1485
18780,1485
18781,1485
18782,1485
18783,1485
18784,1485
18785,1485
18786,1485
18787,1485
18788,1485
18789,1485
18790,1485
18791,1485
18792,1485
18793,1485
18794,1485
18795,1485
18796,1485
18797,1485
18798,1485
18799,1485
18800,1485
18801,1485
18802,1485
18803,1485
18804,1485
18805,1485
18806,1485
18807,1485
18808,1485
18809,1485
18810,1485
18811,1485
18812,1485
18813,1485
18814,1485
18815,1485
18816,1485
18817,1485
18818,1485
18819,1485
18820,1485
18821,1485
18822,1485
18823,1485
18824,1485
18825,1485
18826,1485
18827,1485
18828,1485
18829,1485
18830,1485
18831,1485
18832,1485
18833,1485
18834,1485
18835,1485
18836,1485
18837,1485
18838,1485
18839,1485
18840,1485
18841,1485
18842,1485
18843,1485
18844,1485
18845,1485
18846,1485
18847,1485
18848,1485
18849,1485
18850,1485
18851,1485
18852,1485
18853,1485
18854,1485
18855,1485
18856,1485
18857,1485
18858,1485
18859,1485
18860,1485
18861,1485
18862,1485
18863,1485
18864,1485
18865,1485
18866,1485
18867,1485
18868,1485
18869,1485
18870,1485
18871,1485
18872,1485
18873,1485
18874,1485
18875,1485
18876,1485
18877,1485
18878,1485
18879,1485
18880,1485
18881,1485
18882,1485
18883,1485
18884,1485
18885,1485
18886,1485
18887,1485
18888,1485
18889,1485
18890,1485
18891,1485
18892,1485
18893,1485
18894,1485
18895,1485
18896,1485
18897,1485
18898,1485
18899,1485
18900,1485
18901,1485
18902,1485
18903,1485
18904,1485
18905,1485
18906,1485
18907,1485
18908,1485
18909,1485
18910,1485
18911,1485
18912,1485
18913,1485
18914,1485
18915,1485
18916,1485
18917,1485
18918,1485
18919,1485
18920,1485
18921,1485
18922,1485
18923,1485
18924,1485
18925,1485
18926,1485
18927,1485
18928,1485
18929,1485
18930,1485
18931,1485
18932,1485
18933,1485
18934,1485
18935,1485
18936,1485
18937,1485
18938,1485
18939,1485
18940,1485
18941,1485
18942,1485
18943,1485
18944,1485
18945,1485
18946,1485
18947,1485
18948,1485
18949,1485
18950,1485
18951,1485
18952,1485
18953,1485
18954,1485
18955,1485
18956,1485
18957,1485
18958,1485
18959,1485
18960,1485
18961,1485
18962,1485
18963,1485
18964,1485
18965,1485
18966,1485
18967,1485
18968,1485
18969,1485
18970,1485
18971,1485
18972,1485
18973,1485
18974,1485
18975,1485
18976,1485
18977,1485
18978,1485
18979,1485
18980,1485
18981,1485
18982,1485
18983,1485
18984,1485
18985,1485
18986,1485
18987,1485
18988,1485
18989,1485
18990,1485
18991,1485
18992,1485
18993,1485
18994,1485
18995,1485
18996,1485
18997,1485
18998,1485
18999,1485
19000,1485
19001,1485
19002,1485
19003,1485
19004,1485
19005,1485
19006,1485
19007,1485
19008,1485
19009,1485
19010,1485
19011,1485
19012,1485
19013,1485
19014,1485
19015,1485
19016,1485
19017,1485
19018,1485
19019,1485
19020,1485
19021,1485
19022,1485
19023,1485
19024,1485
19025,1485
19026,1485
19027,1485
19028,1485
19029,1485
19030,1485
19031,1485
19032,1485
19033,1485
19034,1485
19035,1485
19036,1485
19037,1485
19038,1485
19039,1485
19040,1485
19041,1485
19042,1485
19043,1485
19044,1485
19045,1485
19046,1485
19047,1485
19048,1485
19049,1485
19050,1485
19051,1485
19052,1485
19053,1485
19054,1485
19055,1485
19056,1485
19057,1485
19058,1485
19059,1485
19060,1485
19061,1485
19062,1485
19063,1485
19064,1485
19065,1485
19066,1485
19067,1485
19068,1485
19069,1485
19070,1485
19071,1485
19072,1485
19073,1485
19074,1485
19075,1485
19076,1485
19077,1485
19078,1485
19079,1485
19080,1485
19081,1485
19082,1485
19083,1485
19084,1485
19085,1485
19086,1485
19087,1485
19088,1485
19089,1485
19090,1485
19091,1485
19092,1485
19093,1485
19094,1485
19095,1485
19096,1485
19097,1485
19098,1485
19099,1485
19100,1485
19101,1485
19102,1485
19103,1485
19104,1485
19105,1485
19106,1485
19107,1485
19108,1485
19109,1485
19110,1485
19111,1485
19112,1485
19113,1485
19114,1485
19115,1485
19116,1485
19117,1485
19118,1485
19119,1485
19120,1485
19121,1485
19122,1485
19123,1485
19124,1485
19125,1485
19126,1485
19127,1485
19128,1485
19129,1485
19130,1485
19131,1485
19132,1485
19133,1485
19134,1485
19135,1485
19136,1485
19137,1485
19138,1485
19139,1485
19140,1485
19141,1485
19142,1485
19143,1485
19144,1485
19145,1485
19146,1485
19147,1485
19148,1485
19149,1485
19150,1485
19151,1485
19152,1485
19153,1485
19154,1485
19155,1485
19156,1485
19157,1485
19158,1485
19159,1485
19160,1485
19161,1485
19162,1485
19163,1485
19164,1485
19165,1485
19166,1485
19167,1485
19168,1485
19169,1485
19170,1485
19171,1485
19172,1485
19173,1485
19174,1485
19175,1485
19176,1485
19177,1485
19178,1485
19179,1485
19180,1485
19181,1485
19182,1485
19183,1485
19184,1485
19185,1485
19186,1485
19187,1485
19188,1485
19189,1485
19190,1485
19191,1485
19192,1485
19193,1485
19194,1485
19195,1485
19196,1485
19197,1485
19198,1485
19199,1485
19200,1485
19201,1485
19202,1485
19203,1485
19204,1485
19205,1485
19206,1485
19207,1485
19208,1485
19209,1485
19210,1485
19211,1485
19212,1485
19213,1485
19214,1485
19215,1485
19216,1485
19217,1485
19218,1485
19219,1485
19220,1485
19221,1485
19222,1485
19223,1485
19224,1485
19225,1485
19226,1485
19227,1485
19228,1485
19229,1485
19230,1485
19231,1485
19232,1485
19233,1485
19234,1485
19235,1485
19236,1485
19237,1485
19238,1485
19239,1485
19240,1485
19241,1485
19242,1485
19243,1485
19244,1485
19245,1485
19246,1485
19247,1485
19248,1485
19249,1485
19250,1485
19251,1485
19252,1485
19253,1485
19254,1485
19255,1485
19256,1485
19257,1485
19258,1485
19259,1485
19260,1485
19261,1485
19262,1485
19263,1485
19264,1485
19265,1485
19266,1485
19267,1485
19268,1485
19269,1485
19270,1485
19271,1485
19272,1485
19273,1485
19274,1485
19275,1485
19276,1485
19277,1485
19278,1485
19279,1485
19280,1485
19281,1485
19282,1485
19283,1485
19284,1485
19285,1485
19286,1485
19287,1485
19288,1485
19289,1485
19290,1485
19291,1485
19292,1485
19293,1485
19294,1485
19295,1485
19296,1485
19297,1485
19298,1485
19299,1485
19300,1485
19301,1485
19302,1485
19303,1485
19304,1485
19305,1485
19306,1485
19307,1485
19308,1485
19309,1485
19310,1485
19311,1485
19312,1485
19313,1485
19314,1485
19315,1485
19316,1485
19317,1485
19318,1485
19319,1485
19320,1485
19321,1485
19322,1485
19323,1485
19324,1485
19325,1485
19326,1485
19327,1485
19328,1485
19329,1485
19330,1485
19331,1485
19332,1485
19333,1485
19334,1485
19335,1485
19336,1485
19337,1485
19338,1485
19339,1485
19340,1485
19341,1485
19342,1485
19343,1485
19344,1485
19345,1485
19346,1485
19347,1485
19348,1485
19349,1485
19350,1485
19351,1485
19352,1485
19353,1485
19354,1485
19355,1485
19356,1485
19357,1485
19358,1485
19359,1485
19360,1485
19361,1485
19362,1485
19363,1485
19364,1485
19365,1485
19366,1485
19367,1485
19368,1485
19369,1485
19370,1485
19371,1485
19372,1485
19373,1485
19374,1485
19375,1485
19376,1485
19377,1485
19378,1485
19379,1485
19380,1485
19381,1485
19382,1485
19383,1485
19384,1485
19385,1485
19386,1485
19387,1485
19388,1485
19389,1485
19390,1485
19391,1485
19392,1485
19393,1485
19394,1485
19395,1485
19396,1485
19397,1485
19398,1485
19399,1485
19400,1485
19401,1485
19402,1485
19403,1485
19404,1485
19405,1485
19406,1485
19407,1485
19408,1485
19409,1485
19410,1485
19411,1485
19412,1485
19413,1485
19414,1485
19415,1485
19416,1485
19417,1485
19418,1485
19419,1485
19420,1485
19421,1485
19422,1485
19423,1485
19424,1485
19425,1485
19426,1485
19427,1485
19428,1485
19429,1485
19430,1485
19431,1485
19432,1485
19433,1485
19434,1485
19435,1485
19436,1485
19437,1485
19438,1485
19439,1485
19440,1485
19441,1485
19442,1485
19443,1485
19444,1485
19445,1485
19446,1485
19447,1485
19448,1485
19449,1485
19450,1485
19451,1485
19452,1485
19453,1485
19454,1485
19455,1485
19456,1485
19457,1485
19458,1485
19459,1485
19460,1485
19461,1485
19462,1485
19463,1485
19464,1485
19465,1485
19466,1485
19467,1485
19468,1485
19469,1485
19470,1485
19471,1485
19472,1485
19473,1485
19474,1485
19475,1485
19476,1485
19477,1485
19478,1485
19479,1485
19480,1485
19481,1485
19482,1485
19483,1485
19484,1485
19485,1485
19486,1485
19487,1485
19488,1485
19489,1485
19490,1485
19491,1485
19492,1485
19493,1485
19494,1485
19495,1485
19496,1485
19497,1485
19498,1485
19499,1485
19500,1485
19501,1485
19502,1485
19503,1485
19504,1485
19505,1485
19506,1485
19507,1485
19508,1485
19509,1485
19510,1485
19511,1485
19512,1485
19513,1485
19514,1485
19515,1485
19516,1485
19517,1485
19518,1485
19519,1485
19520,1485
19521,1485
19522,1485
19523,1485
19524,1485
19525,1485
19526,1485
19527,1485
19528,1485
19529,1485
19530,1485
19531,1485
19532,1485
19533,1485
19534,1485
19535,1485
19536,1485
19537,1485
19538,1485
19539,1485
19540,1485
19541,1485
19542,1485
19543,1485
19544,1485
19545,1485
19546,1485
19547,1485
19548,1485
19549,1485
19550,1485
19551,1485
19552,1485
19553,1485
19554,1485
19555,1485
19556,1485
19557,1485
19558,1485
19559,1485
19560,1485
19561,1485
19562,1485
19563,1485
19564,1485
19565,1485
19566,1485
19567,1485
19568,1485
19569,1485
19570,1485
19571,1485
19572,1485
19573,1485
19574,1485
19575,1485
19576,1485
19577,1485
19578,1485
19579,1485
19580,1485
19581,1485
19582,1485
19583,1485
19584,1485
19585,1485
19586,1485
19587,1485
19588,1485
19589,1485
19590,1485
19591,1485
19592,1485
19593,1485
19594,1485
19595,1485
19596,1485
19597,1485
19598,1485
19599,1485
19600,1485
19601,1485
19602,1485
19603,1485
19604,1485
19605,1485
19606,1485
19607,1485
19608,1485
19609,1485
19610,1485
19611,1485
19612,1485
19613,1485
19614,1485
19615,1485
19616,1485
19617,1485
19618,1485
19619,1485
19620,1485
19621,1485
19622,1485
19623,1485
19624,1485
19625,1485
19626,1485
19627,1485
19628,1485
19629,1485
19630,1485
19631,1485
19632,1485
19633,1485
19634,1485
19635,1485
19636,1485
19637,1485
19638,1485
19639,1485
19640,1485
19641,1485
19642,1485
19643,1485
19644,1485
19645,1485
19646,1485
19647,1485
19648,1485
19649,1485
19650,1485
19651,1485
19652,1485
19653,1485
19654,1485
19655,1485
19656,1485
19657,1485
19658,1485
19659,1485
19660,1485
19661,1485
19662,1485
19663,1485
19664,1485
19665,1485
19666,1485
19667,1485
19668,1485
19669,1485
19670,1485
19671,1485
19672,1485
19673,1485
19674,1485
19675,1485
19676,1485
19677,1485
19678,1485
19679,1485
19680,1485
19681,1485
19682,1485
19683,1485
19684,1485
19685,1485
19686,1485
19687,1485
19688,1485
19689,1485
19690,1485
19691,1485
19692,1485
19693,1485
19694,1485
19695,1485
19696,1485
19697,1485
19698,1485
19699,1485
19700,1485
19701,1485
19702,1485
19703,1485
19704,1485
19705,1485
19706,1485
19707,1485
19708,1485
19709,1485
19710,1485
19711,1485
19712,1485
19713,1485
19714,1485
19715,1485
19716,1485
19717,1485
19718,1485
19719,1485
19720,1485
19721,1485
19722,1485
19723,1485
19724,1485
19725,1485
19726,1485
19727,1485
19728,1485
19729,1485
19730,1485
19731,1485
19732,1485
19733,1485
19734,1485
19735,1485
19736,1485
19737,1485
19738,1485
19739,1485
19740,1485
19741,1485
19742,1485
19743,1485
19744,1485
19745,1485
19746,1485
19747,1485
19748,1485
19749,1485
19750,1485
19751,1485
19752,1485
19753,1485
19754,1485
19755,1485
19756,1485
19757,1485
19758,1485
19759,1485
19760,1485
19761,1485
19762,1485
19763,1485
19764,1485
19765,1485
19766,1485
19767,1485
19768,1485
19769,1485
19770,1485
19771,1485
19772,1485
19773,1485
19774,1485
19775,1485
19776,1485
19777,1485
19778,1485
19779,1485
19780,1485
19781,1485
19782,1485
19783,1485
19784,1485
19785,1485
19786,1485
19787,1485
19788,1485
19789,1485
19790,1485
19791,1485
19792,1485
19793,1485
19794,1485
19795,1485
19796,1485
19797,1485
19798,1485
19799,1485
19800,1485
19801,1485
19802,1485
19803,1485
19804,1485
19805,1485
19806,1485
19807,1485
19808,1485
19809,1485
19810,1485
19811,1485
19812,1485
19813,1485
19814,1485
19815,1485
19816,1485
19817,1485
19818,1485
19819,1485
19820,1485
19821,1485
19822,1485
19823,1485
19824,1485
19825,1485
19826,1485
19827,1485
19828,1485
19829,1485
19830,1485
19831,1485
19832,1485
19833,1485
19834,1485
19835,1485
19836,1485
19837,1485
19838,1485
19839,1485
19840,1485
19841,1485
19842,1485
19843,1485
19844,1485
19845,1485
19846,1485
19847,1485
19848,1485
19849,1485
19850,1485
19851,1485
19852,1485
19853,1485
19854,1485
19855,1485
19856,1485
19857,1485
19858,1485
19859,1485
19860,1485
19861,1485
19862,1485
19863,1485
19864,1485
19865,1485
19866,1485
19867,1485
19868,1485
19869,1485
19870,1485
19871,1485
19872,1485
19873,1485
19874,1485
19875,1485
19876,1485
19877,1485
19878,1485
19879,1485
19880,1485
19881,1485
19882,1485
19883,1485
19884,1485
19885,1485
19886,1485
19887,1485
19888,1485
19889,1485
19890,1485
19891,1485
19892,1485
19893,1485
19894,1485
19895,1485
19896,1485
19897,1485
19898,1485
19899,1485
19900,1485
19901,1485
19902,1485
19903,1485
19904,1485
19905,1485
19906,1485
19907,1485
19908,1485
19909,1485
19910,1485
19911,1485
19912,1485
19913,1485
19914,1485
19915,1485
19916,1485
19917,1485
19918,1485
19919,1485
19920,1485
19921,1485
19922,1485
19923,1485
19924,1485
19925,1485
19926,1485
19927,1485
19928,1485
19929,1485
19930,1485
19931,1485
19932,1485
19933,1485
19934,1485
19935,1485
19936,1485
19937,1485
19938,1485
19939,1485
19940,1485
19941,1485
19942,1485
19943,1485
19944,1485
19945,1485
19946,1485
19947,1485
19948,1485
19949,1485
19950,1485
19951,1485
19952,1485
19953,1485
19954,1485
19955,1485
19956,1485
19957,1485
19958,1485
19959,1485
19960,1485
19961,1485
19962,1485
19963,1485
19964,1485
19965,1485
19966,1485
19967,1485
19968,1485
19969,1485
19970,1485
19971,1485
19972,1485
19973,1485
19974,1485
19975,1485
19976,1485
19977,1485
19978,1485
19979,1485
19980,1485
19981,1485
19982,1485
19983,1485
19984,1485
19985,1485
19986,1485
19987,1485
19988,1485
19989,1485
19990,1485
19991,1485
19992,1485
19993,1485
19994,1485
19995,1485
19996,1485
19997,1485
19998,1485
19999,1485
