sample,lucro
0,441
1,1134
2,235
3,-869
4,-1951
5,391
6,260
7,109
8,-1507
9,211
10,-823
11,84
12,386
13,81
14,-646
15,-376
16,-751
17,-659
18,-930
19,447
20,276
21,-2428
22,-1356
23,-1154
24,-1764
25,292
26,1097
27,-1512
28,-1214
29,-1653
30,130
31,-1298
32,-1379
33,-549
34,-1111
35,-2561
36,-1234
37,-716
38,-1459
39,-1089
40,-789
41,611
42,-692
43,-321
44,412
45,-735
46,-567
47,-330
48,728
49,878
50,-2217
51,-1218
52,-68
53,366
54,39
55,-1867
56,-967
57,55
58,-348
59,-1131
60,-110
61,106
62,715
63,329
64,-1955
65,-39
66,-138
67,145
68,832
69,-467
70,-1592
71,-2167
72,-423
73,-587
74,-1196
75,944
76,900
77,-1090
78,299
79,-3177
80,581
81,-654
82,305
83,-1674
84,-1397
85,-506
86,-1253
87,-909
88,116
89,-194
90,-589
91,-1761
92,-1654
93,-1061
94,790
95,155
96,-1413
97,-809
98,-1974
99,-2308
100,108
101,-565
102,-533
103,-305
104,-1191
105,351
106,-1129
107,-1379
108,-909
109,-428
110,-295
111,-940
112,-683
113,-1176
114,-546
115,-1464
116,-297
117,-148
118,-723
119,-1228
120,-377
121,71
122,768
123,214
124,-535
125,49
126,542
127,-257
128,-1124
129,-1038
130,491
131,-319
132,-74
133,83
134,-254
135,-849
136,-1910
137,-142
138,96
139,-518
140,676
141,-1505
142,1086
143,-164
144,-617
145,-915
146,-433
147,-1284
148,-262
149,-485
150,-1080
151,-282
152,-896
153,-628
154,-400
155,-968
156,-356
157,-1522
158,-1381
159,-667
160,175
161,-1361
162,-795
163,-1862
164,197
165,-348
166,-803
167,-1224
168,-244
169,-373
170,-1211
171,513
172,-776
173,452
174,314
175,-602
176,-17
177,-1215
178,-58
179,710
180,-907
181,-749
182,148
183,-766
184,-249
185,383
186,307
187,261
188,-1189
189,-912
190,-2347
191,-869
192,-190
193,-858
194,-966
195,79
196,-55
197,-1541
198,-205
199,-792
200,-435
201,-1659
202,-778
203,-764
204,-1629
205,-1030
206,-686
207,-496
208,396
209,255
210,202
211,-1381
212,-204
213,-129
214,-574
215,-31
216,-1229
217,312
218,561
219,85
220,-485
221,-1101
222,752
223,-139
224,653
225,-872
226,-349
227,8
228,-1644
229,-1800
230,-819
231,-212
232,-61
233,-1804
234,290
235,-212
236,-822
237,-628
238,-920
239,-526
240,-273
241,200
242,163
243,-112
244,-1591
245,-129
246,-1417
247,-1247
248,-684
249,-1613
250,-891
251,33
252,10
253,-61
254,-1383
255,-1135
256,13
257,-177
258,-869
259,-969
260,-76
261,-1457
262,848
263,89
264,671
265,-661
266,-872
267,-602
268,-220
269,-843
270,-1836
271,222
272,-154
273,133
274,-427
275,171
276,-843
277,847
278,-483
279,519
280,-1149
281,-1380
282,-1565
283,-674
284,531
285,-449
286,496
287,-20
288,106
289,-585
290,-1659
291,-935
292,-83
293,-2199
294,-1323
295,-1213
296,-729
297,-269
298,-1389
299,-1661
300,-697
301,-37
302,326
303,-460
304,-274
305,-284
306,-863
307,-1269
308,207
309,-693
310,-1016
311,-764
312,-1950
313,193
314,-301
315,231
316,-869
317,-710
318,-938
319,-1029
320,861
321,-664
322,-1421
323,-1121
324,-922
325,-1317
326,-1126
327,-1912
328,-60
329,-376
330,-9
331,391
332,-2016
333,718
334,-1169
335,-2620
336,1092
337,-682
338,149
339,310
340,-1299
341,-135
342,-546
343,-725
344,273
345,-2006
346,76
347,626
348,-856
349,-1207
350,46
351,-534
352,588
353,-538
354,-756
355,-1885
356,-2276
357,1032
358,-1390
359,-1046
360,-1144
361,-312
362,-709
363,-1943
364,72
365,-368
366,-445
367,269
368,447
369,22
370,-784
371,-105
372,-972
373,480
374,-1784
375,-1459
376,-1382
377,687
378,-855
379,-308
380,48
381,-1510
382,-1489
383,-67
384,84
385,-195
386,218
387,-118
388,-1230
389,-210
390,-958
391,-736
392,509
393,352
394,876
395,-571
396,150
397,-537
398,-1810
399,-179
400,-553
401,-742
402,-139
403,258
404,-389
405,512
406,-8
407,-1022
408,44
409,-718
410,-642
411,264
412,56
413,-1061
414,619
415,-396
416,10
417,231
418,-387
419,-1877
420,-1317
421,180
422,-1350
423,-926
424,-430
425,155
426,-327
427,-1068
428,-517
429,-1903
430,-1034
431,-487
432,-173
433,-138
434,-323
435,-778
436,-1141
437,-805
438,-533
439,-239
440,320
441,202
442,-653
443,915
444,-1159
445,-1936
446,309
447,-813
448,213
449,-2719
450,92
451,-1614
452,319
453,-457
454,-1292
455,124
456,-108
457,-1214
458,-859
459,107
460,-543
461,1146
462,-665
463,-1410
464,-376
465,926
466,1032
467,-231
468,-1548
469,-496
470,-1080
471,-243
472,-1252
473,-886
474,46
475,466
476,-839
477,-317
478,-282
479,-1056
480,-779
481,-647
482,-495
483,-822
484,78
485,114
486,-1554
487,-971
488,-451
489,-1340
490,71
491,-2089
492,-734
493,234
494,-1691
495,133
496,-75
497,-1604
498,-1874
499,283
500,-609
501,711
502,-594
503,-1847
504,-878
505,-638
506,-1388
507,193
508,-913
509,-519
510,-1426
511,-2154
512,1022
513,-412
514,-112
515,405
516,-41
517,-1102
518,-24
519,-1219
520,517
521,-79
522,-1153
523,-72
524,-630
525,-2483
526,-1234
527,330
528,-66
529,-743
530,-550
531,-1112
532,-280
533,-1741
534,-767
535,-39
536,-1496
537,-86
538,-650
539,-733
540,-1683
541,811
542,644
543,13
544,-1839
545,-414
546,-851
547,-1237
548,-819
549,-839
550,-949
551,-390
552,-310
553,-168
554,271
555,-820
556,-1215
557,589
558,198
559,-374
560,-195
561,-438
562,-514
563,-1667
564,204
565,-293
566,586
567,455
568,-869
569,-1248
570,-957
571,-167
572,-566
573,-1922
574,-26
575,242
576,-2014
577,-1877
578,455
579,1145
580,-680
581,711
582,-546
583,-548
584,-312
585,-249
586,608
587,-1039
588,303
589,-822
590,-212
591,-191
592,77
593,-2513
594,-1870
595,-2030
596,-361
597,-340
598,-75
599,-961
600,-107
601,-187
602,-1072
603,476
604,-374
605,-519
606,-81
607,268
608,-2778
609,-799
610,-717
611,-410
612,-1291
613,-166
614,-666
615,16
616,-862
617,-1486
618,349
619,-175
620,-909
621,-128
622,-542
623,169
624,-141
625,-389
626,-1888
627,-542
628,-1563
629,660
630,-659
631,-612
632,-94
633,403
634,345
635,-118
636,-740
637,-212
638,-904
639,-2613
640,-1155
641,-2041
642,-2310
643,420
644,-386
645,-1744
646,-2010
647,-20
648,-1219
649,-27
650,826
651,262
652,-1898
653,-531
654,-1561
655,-304
656,-1574
657,220
658,-1495
659,197
660,-506
661,-970
662,-443
663,-198
664,-38
665,-237
666,-1110
667,-1258
668,-747
669,-1457
670,-370
671,454
672,-123
673,956
674,-1738
675,303
676,218
677,-398
678,482
679,445
680,-134
681,640
682,-715
683,240
684,-1598
685,-338
686,-352
687,185
688,696
689,-518
690,924
691,282
692,-1026
693,965
694,-368
695,-327
696,-380
697,836
698,-69
699,-142
700,275
701,-294
702,1014
703,-262
704,-854
705,-1164
706,-89
707,79
708,286
709,-808
710,-671
711,-926
712,422
713,-212
714,36
715,-1003
716,-714
717,1476
718,-1204
719,-377
720,-254
721,-950
722,-76
723,-923
724,-1162
725,332
726,115
727,-320
728,-2941
729,-17
730,-843
731,122
732,-142
733,4
734,-735
735,247
736,-2154
737,-1355
738,122
739,-1236
740,445
741,-542
742,177
743,1183
744,-2033
745,-835
746,-867
747,516
748,-124
749,-400
750,-838
751,-25
752,-1051
753,-265
754,288
755,-805
756,-566
757,656
758,-748
759,-804
760,-207
761,-849
762,-1845
763,609
764,326
765,-1316
766,-749
767,-270
768,-22
769,235
770,902
771,73
772,-1596
773,-1318
774,-126
775,442
776,-1957
777,-463
778,-1137
779,-608
780,-932
781,-286
782,-163
783,-1524
784,31
785,-728
786,-835
787,-240
788,-110
789,-117
790,-982
791,-986
792,-471
793,-618
794,-750
795,139
796,-537
797,-667
798,-59
799,287
800,-598
801,274
802,-776
803,-954
804,-241
805,-359
806,-102
807,-166
808,842
809,-1415
810,-488
811,-446
812,-108
813,-1435
814,23
815,721
816,-1016
817,-334
818,729
819,558
820,-387
821,903
822,-1669
823,-1220
824,18
825,289
826,-1407
827,-1210
828,-717
829,391
830,-924
831,-1064
832,-1851
833,-141
834,-147
835,-917
836,-660
837,-829
838,244
839,-399
840,-817
841,-351
842,-293
843,-2180
844,-822
845,-2209
846,-1462
847,-366
848,-1704
849,-167
850,-792
851,-882
852,-1347
853,-460
854,187
855,859
856,854
857,-340
858,-677
859,-1417
860,-226
861,567
862,-667
863,-218
864,-1467
865,-1086
866,-95
867,561
868,-112
869,-336
870,-431
871,-181
872,-788
873,-927
874,52
875,-438
876,-288
877,-718
878,-1184
879,-1640
880,567
881,-102
882,-1391
883,-624
884,-610
885,-599
886,-1535
887,-1013
888,-444
889,657
890,-602
891,-1692
892,-2002
893,-1035
894,-1184
895,332
896,-377
897,-1281
898,335
899,-334
900,-109
901,-501
902,-5
903,-412
904,298
905,-853
906,-863
907,555
908,404
909,-895
910,104
911,-615
912,284
913,-870
914,887
915,-933
916,-237
917,-1569
918,-226
919,-128
920,-637
921,-1066
922,-34
923,-744
924,329
925,598
926,626
927,-501
928,-945
929,-296
930,-1582
931,-625
932,-587
933,-968
934,559
935,912
936,-1397
937,-399
938,381
939,331
940,-1022
941,1089
942,-856
943,-728
944,-843
945,-1283
946,-396
947,-1292
948,-918
949,-404
950,-1254
951,-263
952,478
953,23
954,-869
955,-604
956,-761
957,-179
958,317
959,70
960,240
961,-584
962,-1062
963,825
964,329
965,-1332
966,-1140
967,360
968,-509
969,-1039
970,94
971,-120
972,-950
973,-1690
974,-62
975,-1097
976,122
977,-1221
978,-912
979,-1076
980,-1034
981,403
982,-324
983,493
984,-1452
985,573
986,1155
987,115
988,111
989,42
990,262
991,-756
992,-1226
993,-1948
994,-1730
995,312
996,-1763
997,-334
998,-621
999,597
1000,-52
1001,316
1002,42
1003,-100
1004,-226
1005,-1743
1006,778
1007,35
1008,-341
1009,-1140
1010,91
1011,-540
1012,-1491
1013,-1071
1014,608
1015,331
1016,-1516
1017,-1870
1018,-804
1019,-972
1020,833
1021,-445
1022,-804
1023,948
1024,-1321
1025,-1791
1026,-1069
1027,-1023
1028,214
1029,-754
1030,-1654
1031,-806
1032,44
1033,-281
1034,115
1035,1120
1036,-853
1037,-799
1038,-933
1039,42
1040,-2060
1041,-622
1042,-524
1043,-221
1044,-520
1045,-441
1046,704
1047,-1663
1048,-559
1049,593
1050,-1234
1051,814
1052,286
1053,-1124
1054,-37
1055,506
1056,-1377
1057,-722
1058,-598
1059,-875
1060,-1060
1061,90
1062,405
1063,268
1064,556
1065,-1225
1066,-1307
1067,-920
1068,-827
1069,-1434
1070,187
1071,-787
1072,-72
1073,159
1074,-750
1075,1031
1076,-191
1077,231
1078,334
1079,-1232
1080,867
1081,-474
1082,-514
1083,-173
1084,449
1085,545
1086,77
1087,-607
1088,-568
1089,-1312
1090,256
1091,38
1092,-970
1093,-874
1094,246
1095,460
1096,812
1097,-451
1098,144
1099,-1450
1100,-849
1101,-1005
1102,-146
1103,-709
1104,-1494
1105,-2114
1106,-1018
1107,689
1108,679
1109,-1288
1110,175
1111,-721
1112,-387
1113,-555
1114,-1165
1115,-1023
1116,-269
1117,-921
1118,537
1119,-1820
1120,-1132
1121,2
1122,-119
1123,401
1124,-1198
1125,-1321
1126,235
1127,462
1128,253
1129,-955
1130,-1582
1131,231
1132,26
1133,-1792
1134,-336
1135,-535
1136,53
1137,-1654
1138,-2510
1139,-1963
1140,-507
1141,-105
1142,-240
1143,-28
1144,-1662
1145,214
1146,-790
1147,-1443
1148,885
1149,-208
1150,-705
1151,-333
1152,-1643
1153,30
1154,-423
1155,175
1156,-384
1157,617
1158,-582
1159,-1756
1160,-415
1161,-251
1162,-1424
1163,1187
1164,-491
1165,-562
1166,-771
1167,-313
1168,-382
1169,515
1170,-324
1171,-1428
1172,-872
1173,281
1174,-63
1175,198
1176,-412
1177,567
1178,-891
1179,-482
1180,-1294
1181,-640
1182,-515
1183,-632
1184,-484
1185,203
1186,-1903
1187,-982
1188,-1286
1189,-1095
1190,-1211
1191,-507
1192,-14
1193,-1309
1194,-652
1195,-207
1196,-104
1197,-1023
1198,-1137
1199,295
1200,952
1201,-230
1202,-1311
1203,308
1204,-1638
1205,436
1206,927
1207,-1582
1208,-624
1209,-11
1210,-1121
1211,318
1212,-2340
1213,-629
1214,-2090
1215,612
1216,561
1217,-1167
1218,18
1219,-1131
1220,660
1221,-696
1222,-168
1223,-960
1224,-1363
1225,-920
1226,-1630
1227,-822
1228,-1255
1229,-2190
1230,-216
1231,-452
1232,-1261
1233,-1446
1234,468
1235,-1353
1236,-1714
1237,482
1238,-602
1239,395
1240,-794
1241,-311
1242,163
1243,-203
1244,-1680
1245,-1110
1246,-961
1247,-1510
1248,-2586
1249,-807
1250,1042
1251,-61
1252,-628
1253,81
1254,-1134
1255,425
1256,-1576
1257,-648
1258,777
1259,-167
1260,-935
1261,-1421
1262,-1889
1263,-841
1264,439
1265,-670
1266,-1046
1267,-116
1268,-200
1269,-683
1270,-505
1271,151
1272,-313
1273,-358
1274,-285
1275,-795
1276,-523
1277,-757
1278,-813
1279,-1094
1280,-1406
1281,-1523
1282,-639
1283,230
1284,-254
1285,231
1286,-1001
1287,-174
1288,-623
1289,1409
1290,-479
1291,-1362
1292,-800
1293,-493
1294,-1287
1295,763
1296,-1073
1297,-1198
1298,-472
1299,-1478
1300,-65
1301,-299
1302,622
1303,-1710
1304,-380
1305,167
1306,-1461
1307,536
1308,-282
1309,-1425
1310,-1114
1311,-108
1312,405
1313,-352
1314,882
1315,-1579
1316,152
1317,174
1318,-16
1319,-956
1320,52
1321,-1680
1322,241
1323,129
1324,-1634
1325,-1059
1326,-1004
1327,184
1328,-37
1329,232
1330,-120
1331,-806
1332,-330
1333,-1342
1334,-163
1335,496
1336,536
1337,-2340
1338,-349
1339,-1163
1340,-380
1341,-753
1342,568
1343,-2042
1344,231
1345,-713
1346,-53
1347,-564
1348,-526
1349,224
1350,-808
1351,-1519
1352,-1230
1353,-19
1354,-982
1355,-623
1356,-513
1357,-424
1358,423
1359,-1520
1360,-1302
1361,-235
1362,-456
1363,-1646
1364,-289
1365,45
1366,-318
1367,-2277
1368,-303
1369,-289
1370,289
1371,37
1372,-1132
1373,1006
1374,-378
1375,297
1376,-1997
1377,-96
1378,36
1379,202
1380,228
1381,-586
1382,-195
1383,484
1384,31
1385,-431
1386,502
1387,-1218
1388,-1327
1389,-982
1390,301
1391,-2426
1392,412
1393,-928
1394,-1549
1395,-1439
1396,-360
1397,-1582
1398,38
1399,-1084
1400,-1743
1401,-850
1402,580
1403,-1071
1404,-1370
1405,-969
1406,-1390
1407,-1418
1408,-1172
1409,-714
1410,-44
1411,-545
1412,264
1413,-508
1414,-984
1415,-1857
1416,-39
1417,-472
1418,951
1419,706
1420,-98
1421,-189
1422,73
1423,-4
1424,792
1425,-51
1426,-1343
1427,-1299
1428,-797
1429,-206
1430,255
1431,1197
1432,-1103
1433,-1917
1434,280
1435,-1942
1436,336
1437,-292
1438,-571
1439,-786
1440,359
1441,-446
1442,-877
1443,162
1444,-33
1445,-1496
1446,587
1447,125
1448,-1031
1449,-655
1450,-1430
1451,-2207
1452,-2506
1453,187
1454,-597
1455,374
1456,-1935
1457,-780
1458,-1511
1459,-991
1460,-65
1461,-449
1462,-1022
1463,250
1464,-651
1465,1147
1466,-822
1467,105
1468,-913
1469,608
1470,-1020
1471,-1531
1472,-1126
1473,-298
1474,110
1475,-68
1476,598
1477,-1450
1478,-1055
1479,-1093
1480,-820
1481,153
1482,-2237
1483,-1124
1484,-455
1485,329
1486,255
1487,266
1488,-1067
1489,-1430
1490,-1010
1491,142
1492,192
1493,197
1494,88
1495,-1217
1496,-436
1497,-1380
1498,-98
1499,-802
1500,-2068
1501,-3041
1502,-2320
1503,-713
1504,-1667
1505,-202
1506,-644
1507,-1210
1508,-331
1509,-710
1510,-890
1511,-134
1512,339
1513,524
1514,-62
1515,737
1516,-74
1517,-130
1518,99
1519,-1696
1520,-1795
1521,-327
1522,-241
1523,-189
1524,-930
1525,322
1526,-278
1527,-552
1528,-1546
1529,-322
1530,707
1531,-1161
1532,-278
1533,-2809
1534,226
1535,-398
1536,-513
1537,-373
1538,-855
1539,-1533
1540,-975
1541,-20
1542,47
1543,-730
1544,1001
1545,-330
1546,-143
1547,767
1548,-1626
1549,-24
1550,-392
1551,-50
1552,-1489
1553,578
1554,-976
1555,-189
1556,-555
1557,-660
1558,702
1559,408
1560,-218
1561,-766
1562,-846
1563,-342
1564,-2103
1565,-1384
1566,-645
1567,-87
1568,54
1569,-1214
1570,-691
1571,-1583
1572,8
1573,-1072
1574,-3246
1575,-21
1576,205
1577,967
1578,-892
1579,-1851
1580,-777
1581,200
1582,-736
1583,676
1584,669
1585,-465
1586,-916
1587,598
1588,-1286
1589,-65
1590,-950
1591,-768
1592,-1444
1593,-1993
1594,390
1595,645
1596,728
1597,-1307
1598,-1156
1599,-210
1600,-888
1601,-805
1602,282
1603,482
1604,-864
1605,-251
1606,-544
1607,1112
1608,201
1609,-6
1610,620
1611,-891
1612,-85
1613,106
1614,-1064
1615,-569
1616,-997
1617,-700
1618,-324
1619,-950
1620,549
1621,170
1622,-554
1623,-1037
1624,136
1625,-369
1626,-441
1627,321
1628,-1128
1629,-1693
1630,672
1631,-2766
1632,929
1633,-2038
1634,-1487
1635,169
1636,-289
1637,-134
1638,-162
1639,-4074
1640,-126
1641,-234
1642,-2034
1643,-154
1644,-886
1645,-975
1646,834
1647,-441
1648,-446
1649,-466
1650,-2294
1651,680
1652,301
1653,-534
1654,-337
1655,-258
1656,-437
1657,-157
1658,-262
1659,-705
1660,-979
1661,774
1662,-735
1663,-1030
1664,-139
1665,-330
1666,-265
1667,554
1668,-384
1669,90
1670,378
1671,-1207
1672,-1589
1673,-991
1674,-2002
1675,-154
1676,-836
1677,-1340
1678,438
1679,60
1680,-975
1681,-151
1682,-1071
1683,19
1684,689
1685,380
1686,-674
1687,881
1688,-200
1689,-678
1690,0
1691,195
1692,-739
1693,53
1694,-1074
1695,-1262
1696,-530
1697,-835
1698,-526
1699,-380
1700,-2116
1701,75
1702,-883
1703,221
1704,-243
1705,-2425
1706,-694
1707,-857
1708,-661
1709,-119
1710,-39
1711,188
1712,6
1713,-642
1714,-1031
1715,-1170
1716,-853
1717,378
1718,784
1719,-1085
1720,347
1721,-1939
1722,-754
1723,-362
1724,-733
1725,-837
1726,-370
1727,-742
1728,-1113
1729,-799
1730,-920
1731,-1952
1732,-364
1733,-2895
1734,-1364
1735,-929
1736,-1477
1737,-1300
1738,-1763
1739,-1491
1740,-455
1741,-1101
1742,-89
1743,-280
1744,-57
1745,-1363
1746,-1391
1747,-1396
1748,-1074
1749,-968
1750,-1213
1751,-376
1752,-1649
1753,-1113
1754,-866
1755,-723
1756,-548
1757,-3707
1758,-912
1759,-1482
1760,422
1761,-240
1762,382
1763,-1533
1764,-891
1765,535
1766,684
1767,169
1768,-315
1769,-660
1770,-484
1771,-974
1772,-590
1773,-530
1774,-1449
1775,-178
1776,-284
1777,728
1778,-1969
1779,-1020
1780,398
1781,47
1782,628
1783,-1037
1784,-878
1785,436
1786,-382
1787,-748
1788,-2726
1789,417
1790,157
1791,47
1792,-1068
1793,-1343
1794,-647
1795,-558
1796,-23
1797,-365
1798,-92
1799,-921
1800,-800
1801,-30
1802,-521
1803,-1489
1804,340
1805,-753
1806,182
1807,-1271
1808,-197
1809,-1235
1810,479
1811,138
1812,-959
1813,-171
1814,-208
1815,-413
1816,-442
1817,-1089
1818,-626
1819,-1135
1820,-371
1821,-642
1822,299
1823,-1269
1824,431
1825,240
1826,97
1827,52
1828,-277
1829,-1344
1830,626
1831,-2474
1832,-2
1833,-385
1834,-2076
1835,-2308
1836,-85
1837,-52
1838,552
1839,241
1840,-397
1841,-118
1842,-915
1843,-347
1844,-360
1845,-524
1846,-546
1847,-410
1848,501
1849,-1657
1850,-1304
1851,-2078
1852,399
1853,554
1854,-1048
1855,-2379
1856,-301
1857,338
1858,-337
1859,-731
1860,-328
1861,-641
1862,82
1863,-782
1864,485
1865,101
1866,-123
1867,1043
1868,-903
1869,-824
1870,-143
1871,-1129
1872,554
1873,-452
1874,140
1875,-608
1876,-1332
1877,-394
1878,-1769
1879,-1193
1880,290
1881,-422
1882,-473
1883,-1054
1884,-141
1885,-771
1886,-1872
1887,344
1888,-3048
1889,-601
1890,-721
1891,7
1892,-272
1893,-60
1894,-343
1895,-844
1896,-65
1897,-1475
1898,-659
1899,-2205
1900,96
1901,-231
1902,-707
1903,-1133
1904,-1315
1905,-160
1906,233
1907,-1881
1908,-1774
1909,-195
1910,-287
1911,384
1912,81
1913,-2099
1914,-1188
1915,-574
1916,-1331
1917,-673
1918,-770
1919,233
1920,-1781
1921,-1102
1922,-277
1923,-781
1924,-278
1925,-689
1926,112
1927,-1007
1928,-1171
1929,-195
1930,181
1931,-98
1932,-212
1933,-518
1934,-787
1935,-734
1936,110
1937,404
1938,-1707
1939,-953
1940,-752
1941,-123
1942,248
1943,-1130
1944,-2307
1945,361
1946,281
1947,-1456
1948,-919
1949,-1681
1950,-1280
1951,-420
1952,196
1953,-1749
1954,-403
1955,-50
1956,469
1957,-371
1958,-923
1959,-536
1960,-259
1961,280
1962,-1811
1963,-1802
1964,-2227
1965,-313
1966,565
1967,307
1968,-1089
1969,-536
1970,-1237
1971,-283
1972,14
1973,-907
1974,-2044
1975,-1117
1976,-1676
1977,351
1978,-31
1979,-516
1980,-3229
1981,-212
1982,-293
1983,-624
1984,-510
1985,-989
1986,-816
1987,-169
1988,-255
1989,-537
1990,153
1991,60
1992,-1409
1993,-1716
1994,-1608
1995,-650
1996,272
1997,-828
1998,-385
1999,-110
2000,-218
2001,-1995
2002,-490
2003,-1488
2004,485
2005,-283
2006,-1422
2007,-1662
2008,807
2009,-728
2010,-59
2011,-2062
2012,434
2013,-862
2014,-394
2015,-320
2016,713
2017,-20
2018,-130
2019,302
2020,-718
2021,-627
2022,464
2023,-1349
2024,-775
2025,-274
2026,-799
2027,-601
2028,-905
2029,-387
2030,-564
2031,-2004
2032,-693
2033,-728
2034,-741
2035,149
2036,-291
2037,-1114
2038,5
2039,-586
2040,4
2041,-1012
2042,-486
2043,492
2044,-823
2045,-7
2046,-496
2047,-272
2048,527
2049,471
2050,-1596
2051,-555
2052,-412
2053,303
2054,-66
2055,-813
2056,-140
2057,-201
2058,-1009
2059,292
2060,405
2061,-1148
2062,-250
2063,459
2064,-1132
2065,410
2066,-996
2067,265
2068,164
2069,-1351
2070,-1383
2071,262
2072,-1151
2073,-1193
2074,136
2075,696
2076,-1764
2077,-721
2078,-615
2079,122
2080,-911
2081,-1145
2082,-831
2083,-433
2084,-1018
2085,629
2086,-368
2087,-355
2088,-480
2089,-1187
2090,108
2091,-313
2092,-777
2093,-1279
2094,-894
2095,-1018
2096,-400
2097,-402
2098,-872
2099,-2767
2100,683
2101,-344
2102,396
2103,-794
2104,-1286
2105,223
2106,-185
2107,-402
2108,-543
2109,-318
2110,-49
2111,660
2112,-151
2113,-577
2114,-196
2115,682
2116,178
2117,352
2118,-304
2119,-1074
2120,1158
2121,-1094
2122,374
2123,-483
2124,589
2125,-1213
2126,-2312
2127,-421
2128,-1489
2129,122
2130,-1487
2131,-1107
2132,-1321
2133,-533
2134,214
2135,-1157
2136,-301
2137,-211
2138,-574
2139,-712
2140,1213
2141,-757
2142,-84
2143,-566
2144,-765
2145,266
2146,-657
2147,-1708
2148,68
2149,-858
2150,-164
2151,-278
2152,218
2153,-108
2154,-45
2155,172
2156,-1999
2157,17
2158,-666
2159,319
2160,362
2161,-345
2162,-678
2163,63
2164,-1010
2165,-1556
2166,-1286
2167,-261
2168,-1048
2169,-569
2170,412
2171,-712
2172,-1261
2173,767
2174,-42
2175,-639
2176,3
2177,128
2178,-803
2179,-158
2180,-1308
2181,-58
2182,-870
2183,-34
2184,-1180
2185,-1277
2186,-1348
2187,-694
2188,-946
2189,452
2190,-271
2191,-614
2192,-231
2193,-852
2194,-550
2195,-803
2196,962
2197,-732
2198,-996
2199,-670
2200,-232
2201,1067
2202,-1057
2203,-265
2204,-160
2205,-940
2206,-709
2207,-1129
2208,145
2209,-1162
2210,13
2211,161
2212,-884
2213,-554
2214,-389
2215,-1660
2216,-737
2217,590
2218,-1002
2219,-1527
2220,-553
2221,-725
2222,-65
2223,-1926
2224,-1627
2225,-1731
2226,-367
2227,980
2228,-1233
2229,-232
2230,692
2231,-1109
2232,-1168
2233,251
2234,-41
2235,-1237
2236,-1057
2237,-306
2238,-83
2239,-276
2240,-881
2241,330
2242,-779
2243,-1241
2244,-48
2245,-21
2246,-254
2247,-1471
2248,-408
2249,105
2250,505
2251,-1142
2252,-1392
2253,-257
2254,-133
2255,-1248
2256,-1414
2257,-870
2258,452
2259,-12
2260,-481
2261,-1597
2262,-512
2263,-1677
2264,-737
2265,-831
2266,-1674
2267,795
2268,-404
2269,-940
2270,-1237
2271,-844
2272,-958
2273,16
2274,-110
2275,-1159
2276,-30
2277,-2524
2278,-607
2279,-1158
2280,-2402
2281,655
2282,144
2283,-1148
2284,-1057
2285,-428
2286,-2231
2287,-1076
2288,-378
2289,-51
2290,-1928
2291,-995
2292,317
2293,49
2294,-500
2295,251
2296,653
2297,-897
2298,840
2299,-564
2300,-356
2301,-482
2302,400
2303,36
2304,253
2305,-1867
2306,-32
2307,753
2308,-937
2309,-817
2310,75
2311,1258
2312,-1288
2313,-969
2314,93
2315,-105
2316,-1283
2317,438
2318,-743
2319,-433
2320,-1199
2321,-1504
2322,-1567
2323,-417
2324,-340
2325,705
2326,-1893
2327,-624
2328,-85
2329,-1176
2330,-1174
2331,-333
2332,-198
2333,453
2334,-466
2335,276
2336,-276
2337,790
2338,-694
2339,456
2340,-74
2341,-198
2342,-2136
2343,-794
2344,-1853
2345,-1300
2346,-1085
2347,-248
2348,-25
2349,732
2350,-2738
2351,477
2352,863
2353,-5
2354,479
2355,-605
2356,283
2357,-328
2358,-1050
2359,34
2360,-1351
2361,-302
2362,254
2363,-558
2364,-347
2365,-1390
2366,-256
2367,1076
2368,133
2369,-504
2370,-127
2371,-1364
2372,-148
2373,824
2374,-329
2375,-566
2376,-410
2377,-1408
2378,-682
2379,-1132
2380,-1450
2381,-996
2382,-1555
2383,-1465
2384,5
2385,-577
2386,590
2387,-527
2388,-1040
2389,-18
2390,1050
2391,-1067
2392,-1124
2393,-1210
2394,21
2395,-2259
2396,-1500
2397,-779
2398,-146
2399,487
2400,-356
2401,-994
2402,-1423
2403,-562
2404,-274
2405,-158
2406,-1832
2407,425
2408,-1717
2409,-375
2410,230
2411,-614
2412,196
2413,-1142
2414,-1573
2415,437
2416,-1102
2417,-357
2418,-1917
2419,-1122
2420,-1090
2421,-917
2422,266
2423,-755
2424,-510
2425,599
2426,271
2427,-716
2428,-1812
2429,319
2430,9
2431,-149
2432,-970
2433,867
2434,-832
2435,155
2436,-152
2437,1092
2438,-1272
2439,-1096
2440,218
2441,-156
2442,383
2443,759
2444,-901
2445,-1016
2446,110
2447,-282
2448,-675
2449,815
2450,-637
2451,851
2452,519
2453,-759
2454,135
2455,-309
2456,-1030
2457,613
2458,-1376
2459,-469
2460,-1004
2461,557
2462,-687
2463,327
2464,798
2465,-2350
2466,223
2467,-970
2468,693
2469,-864
2470,-958
2471,-163
2472,324
2473,-241
2474,-1051
2475,119
2476,-734
2477,-21
2478,626
2479,-1580
2480,-214
2481,-739
2482,-159
2483,48
2484,-888
2485,-647
2486,-97
2487,-1115
2488,-1432
2489,-735
2490,267
2491,982
2492,-1063
2493,-502
2494,87
2495,-620
2496,-900
2497,679
2498,1006
2499,-380
2500,-955
2501,-2044
2502,-256
2503,15
2504,-2085
2505,-1203
2506,578
2507,-708
2508,-759
2509,-797
2510,-120
2511,628
2512,-1104
2513,-385
2514,-377
2515,-1706
2516,-1500
2517,628
2518,343
2519,-194
2520,6
2521,-995
2522,-357
2523,-1299
2524,-171
2525,-194
2526,-112
2527,528
2528,-1457
2529,-1472
2530,-335
2531,-345
2532,-196
2533,-804
2534,-789
2535,-1063
2536,-842
2537,-934
2538,-1427
2539,-690
2540,-208
2541,-1147
2542,77
2543,-1119
2544,-184
2545,-19
2546,446
2547,-1480
2548,268
2549,-368
2550,-1804
2551,-1112
2552,-743
2553,-777
2554,-888
2555,-150
2556,-669
2557,169
2558,-217
2559,464
2560,-299
2561,655
2562,-1069
2563,-2375
2564,-62
2565,-1212
2566,-1459
2567,-341
2568,-1228
2569,-298
2570,-1792
2571,-796
2572,-445
2573,-537
2574,-912
2575,191
2576,-597
2577,619
2578,203
2579,-972
2580,-917
2581,-1209
2582,-506
2583,-1114
2584,-460
2585,-699
2586,-486
2587,-140
2588,-421
2589,-957
2590,647
2591,-2380
2592,636
2593,-905
2594,-698
2595,304
2596,70
2597,390
2598,443
2599,-263
2600,-98
2601,-1238
2602,302
2603,-1138
2604,-1037
2605,-768
2606,467
2607,-127
2608,-306
2609,280
2610,735
2611,-91
2612,153
2613,-111
2614,-361
2615,-1342
2616,-764
2617,-569
2618,-2163
2619,33
2620,-1337
2621,-517
2622,-2567
2623,-367
2624,526
2625,-837
2626,-212
2627,-1793
2628,-869
2629,1
2630,-378
2631,-774
2632,-119
2633,-851
2634,-993
2635,-1339
2636,503
2637,-917
2638,-9
2639,216
2640,-1148
2641,-353
2642,-496
2643,-239
2644,-1102
2645,-549
2646,303
2647,-1138
2648,-139
2649,-617
2650,164
2651,-643
2652,-657
2653,-1092
2654,68
2655,-40
2656,-2031
2657,-579
2658,-1114
2659,-118
2660,-449
2661,-264
2662,-300
2663,-714
2664,108
2665,-2003
2666,-1968
2667,-1731
2668,-2106
2669,-1732
2670,-1591
2671,-653
2672,-718
2673,-63
2674,-1464
2675,87
2676,-425
2677,-696
2678,-256
2679,-1235
2680,-972
2681,255
2682,-721
2683,-189
2684,-460
2685,29
2686,-1161
2687,-122
2688,1167
2689,-876
2690,-1366
2691,-412
2692,-169
2693,-1562
2694,490
2695,-1168
2696,-548
2697,-1917
2698,-405
2699,-390
2700,-856
2701,-1648
2702,433
2703,-336
2704,-502
2705,833
2706,-1268
2707,-2390
2708,-165
2709,566
2710,990
2711,-874
2712,-263
2713,-1361
2714,-568
2715,-373
2716,-261
2717,-1409
2718,-1207
2719,-158
2720,-250
2721,-7
2722,-573
2723,-980
2724,-1107
2725,-440
2726,-223
2727,952
2728,-782
2729,-295
2730,202
2731,-480
2732,-1013
2733,-148
2734,295
2735,-280
2736,-1027
2737,-1464
2738,402
2739,-102
2740,405
2741,-1625
2742,-513
2743,-842
2744,227
2745,562
2746,-841
2747,-1805
2748,197
2749,412
2750,-614
2751,181
2752,-100
2753,36
2754,-1212
2755,-464
2756,-103
2757,998
2758,-79
2759,-334
2760,45
2761,-415
2762,-493
2763,-191
2764,-870
2765,-822
2766,-66
2767,-436
2768,-1777
2769,883
2770,-623
2771,-79
2772,497
2773,-669
2774,-220
2775,-684
2776,-637
2777,-1518
2778,-2079
2779,-170
2780,-783
2781,-46
2782,-480
2783,707
2784,-351
2785,-51
2786,952
2787,-1781
2788,341
2789,-447
2790,-410
2791,-328
2792,-813
2793,-810
2794,-1178
2795,-2321
2796,-195
2797,211
2798,-1003
2799,-651
2800,515
2801,-3395
2802,-1207
2803,-162
2804,-347
2805,-121
2806,-1274
2807,573
2808,-1896
2809,341
2810,111
2811,286
2812,643
2813,-814
2814,-392
2815,-860
2816,330
2817,-1213
2818,-505
2819,-1418
2820,-706
2821,-1838
2822,-487
2823,-668
2824,111
2825,-1134
2826,-836
2827,618
2828,-2098
2829,271
2830,-722
2831,-148
2832,-1396
2833,542
2834,-1191
2835,-47
2836,787
2837,206
2838,-404
2839,527
2840,-52
2841,-379
2842,-897
2843,555
2844,67
2845,-115
2846,-580
2847,32
2848,-837
2849,-242
2850,-1039
2851,-1278
2852,-1970
2853,-544
2854,-104
2855,-2164
2856,-1254
2857,-2522
2858,92
2859,-564
2860,-886
2861,566
2862,-1093
2863,253
2864,-1007
2865,-98
2866,314
2867,-428
2868,-456
2869,-613
2870,816
2871,-2723
2872,-690
2873,-162
2874,-590
2875,-43
2876,435
2877,-1080
2878,-2311
2879,192
2880,-1055
2881,-313
2882,-1748
2883,-529
2884,-1818
2885,-229
2886,-815
2887,-358
2888,-438
2889,-1281
2890,-625
2891,-1353
2892,-1066
2893,911
2894,-466
2895,-478
2896,-1229
2897,-1009
2898,-373
2899,-435
2900,-130
2901,-1309
2902,1153
2903,-222
2904,-734
2905,157
2906,-751
2907,8
2908,85
2909,214
2910,696
2911,-1133
2912,-349
2913,-756
2914,-2009
2915,278
2916,-1174
2917,-334
2918,163
2919,-1431
2920,266
2921,143
2922,-287
2923,-411
2924,-1162
2925,-211
2926,-1512
2927,-1538
2928,-736
2929,-902
2930,-1783
2931,-672
2932,-1714
2933,-303
2934,-53
2935,-97
2936,-716
2937,-539
2938,-545
2939,-1243
2940,-251
2941,-40
2942,-347
2943,-53
2944,-742
2945,77
2946,-702
2947,-755
2948,-745
2949,641
2950,-607
2951,-2322
2952,-67
2953,120
2954,-1354
2955,278
2956,-58
2957,-583
2958,-295
2959,-30
2960,-1523
2961,-398
2962,-349
2963,290
2964,-2032
2965,-1281
2966,288
2967,-1707
2968,-400
2969,-170
2970,-1359
2971,-1281
2972,-1178
2973,-468
2974,217
2975,603
2976,-151
2977,924
2978,-366
2979,-812
2980,-100
2981,279
2982,-102
2983,361
2984,257
2985,-657
2986,88
2987,-1142
2988,-524
2989,-1587
2990,-1992
2991,-608
2992,202
2993,-1151
2994,-388
2995,-834
2996,-1584
2997,981
2998,-164
2999,-1264
3000,-1253
3001,-1661
3002,914
3003,-176
3004,48
3005,-1447
3006,-1471
3007,-578
3008,-998
3009,-344
3010,-1138
3011,-251
3012,-967
3013,-381
3014,-959
3015,-561
3016,-1141
3017,89
3018,-119
3019,-1227
3020,288
3021,680
3022,-555
3023,-887
3024,-994
3025,-707
3026,-429
3027,431
3028,-2045
3029,1139
3030,-1847
3031,-340
3032,-644
3033,173
3034,-924
3035,448
3036,-1231
3037,-1121
3038,139
3039,-607
3040,-58
3041,611
3042,-649
3043,-728
3044,449
3045,-520
3046,-505
3047,-593
3048,-347
3049,674
3050,-2274
3051,238
3052,-1065
3053,-328
3054,-1732
3055,157
3056,677
3057,-1435
3058,-558
3059,-270
3060,3
3061,-1219
3062,206
3063,-209
3064,-182
3065,235
3066,-653
3067,-201
3068,183
3069,-641
3070,-411
3071,54
3072,-740
3073,-129
3074,-380
3075,-341
3076,-975
3077,-1861
3078,-130
3079,-350
3080,569
3081,52
3082,502
3083,-601
3084,-246
3085,-1121
3086,102
3087,-483
3088,-57
3089,316
3090,-194
3091,-1106
3092,-530
3093,231
3094,-461
3095,-946
3096,-840
3097,-406
3098,-32
3099,-739
3100,-761
3101,768
3102,-729
3103,-1748
3104,-20
3105,-226
3106,-1048
3107,-1429
3108,-20
3109,-537
3110,-242
3111,-600
3112,-2313
3113,-3124
3114,-753
3115,-683
3116,-74
3117,-2140
3118,-1388
3119,-1524
3120,-1021
3121,178
3122,-1028
3123,-678
3124,55
3125,-1495
3126,97
3127,-434
3128,-954
3129,-151
3130,-408
3131,-554
3132,-427
3133,53
3134,-171
3135,590
3136,-2417
3137,764
3138,88
3139,-1099
3140,-1123
3141,-409
3142,792
3143,-979
3144,-2006
3145,-177
3146,-236
3147,1
3148,-887
3149,-839
3150,-1812
3151,-1436
3152,-927
3153,-518
3154,265
3155,-670
3156,-967
3157,-1677
3158,-1002
3159,-423
3160,293
3161,-188
3162,-504
3163,-240
3164,157
3165,634
3166,-854
3167,386
3168,-1785
3169,-622
3170,239
3171,-1434
3172,-1301
3173,-1284
3174,-673
3175,-786
3176,-374
3177,-556
3178,-753
3179,-1038
3180,-69
3181,-602
3182,-1186
3183,-982
3184,-190
3185,-1117
3186,478
3187,-945
3188,-1583
3189,398
3190,-1400
3191,-428
3192,-1182
3193,1006
3194,148
3195,-274
3196,-1933
3197,-362
3198,-149
3199,-861
3200,221
3201,-676
3202,-939
3203,-432
3204,-668
3205,742
3206,-2944
3207,-538
3208,-939
3209,523
3210,1431
3211,-770
3212,-450
3213,122
3214,-809
3215,-1012
3216,-337
3217,-1533
3218,-624
3219,-1530
3220,214
3221,732
3222,456
3223,-1706
3224,-470
3225,-25
3226,-665
3227,-1158
3228,8
3229,-731
3230,-453
3231,-431
3232,-1136
3233,-232
3234,-463
3235,-716
3236,815
3237,-1750
3238,-378
3239,-4
3240,101
3241,-338
3242,-914
3243,179
3244,-1523
3245,-262
3246,23
3247,-277
3248,44
3249,223
3250,306
3251,-1500
3252,-167
3253,230
3254,-2302
3255,547
3256,181
3257,-74
3258,-238
3259,-534
3260,-2040
3261,216
3262,14
3263,-1420
3264,-2218
3265,-279
3266,-550
3267,-475
3268,-188
3269,-428
3270,-397
3271,-1123
3272,359
3273,-228
3274,129
3275,-512
3276,123
3277,-424
3278,-2024
3279,-1554
3280,-1007
3281,503
3282,-347
3283,-325
3284,-932
3285,1350
3286,591
3287,-1448
3288,-1247
3289,195
3290,142
3291,225
3292,-55
3293,242
3294,-902
3295,-1348
3296,-2
3297,157
3298,-513
3299,-108
3300,-2435
3301,-630
3302,-1168
3303,69
3304,423
3305,-617
3306,-334
3307,-917
3308,236
3309,-2373
3310,-264
3311,148
3312,-74
3313,467
3314,-959
3315,-496
3316,-129
3317,-766
3318,-1676
3319,356
3320,-238
3321,-264
3322,-591
3323,-1002
3324,-479
3325,-1397
3326,-274
3327,366
3328,-340
3329,-1339
3330,-1876
3331,-626
3332,-545
3333,-828
3334,-1743
3335,-1613
3336,-498
3337,-1158
3338,526
3339,-657
3340,-371
3341,-208
3342,-2164
3343,-1690
3344,-299
3345,580
3346,-1547
3347,693
3348,-35
3349,-1925
3350,-326
3351,-685
3352,-137
3353,-234
3354,-1006
3355,-34
3356,-218
3357,169
3358,-1258
3359,-48
3360,-366
3361,1004
3362,-221
3363,-851
3364,-853
3365,554
3366,198
3367,593
3368,148
3369,-1289
3370,298
3371,-268
3372,-1191
3373,-181
3374,-121
3375,-1097
3376,-2077
3377,-2175
3378,-123
3379,-1755
3380,-156
3381,-1030
3382,325
3383,-1864
3384,-187
3385,-204
3386,-216
3387,-1858
3388,-154
3389,37
3390,-1007
3391,-689
3392,-655
3393,-325
3394,-264
3395,-1091
3396,-494
3397,-1692
3398,-471
3399,417
3400,-138
3401,189
3402,573
3403,-906
3404,968
3405,-1393
3406,-453
3407,-1106
3408,-1509
3409,-740
3410,-1189
3411,409
3412,227
3413,-844
3414,-1043
3415,-2091
3416,-524
3417,229
3418,-536
3419,250
3420,-289
3421,-101
3422,-1956
3423,949
3424,-86
3425,-2293
3426,-459
3427,1306
3428,-164
3429,-835
3430,-1738
3431,-199
3432,-724
3433,-483
3434,-558
3435,-1818
3436,455
3437,-18
3438,823
3439,118
3440,-1255
3441,-677
3442,68
3443,-101
3444,-1878
3445,-341
3446,45
3447,-26
3448,-1809
3449,-38
3450,131
3451,-1526
3452,-79
3453,132
3454,-574
3455,-158
3456,-1204
3457,498
3458,-704
3459,-474
3460,449
3461,524
3462,-693
3463,522
3464,503
3465,-299
3466,-2179
3467,892
3468,-36
3469,171
3470,-936
3471,-304
3472,-501
3473,-753
3474,-506
3475,-484
3476,320
3477,-1894
3478,426
3479,-950
3480,459
3481,523
3482,-85
3483,-506
3484,-407
3485,-1194
3486,-229
3487,-263
3488,-180
3489,-912
3490,33
3491,666
3492,-1658
3493,-279
3494,-1605
3495,-556
3496,-1345
3497,1178
3498,-576
3499,-458
3500,27
3501,221
3502,248
3503,-435
3504,765
3505,-1061
3506,542
3507,-1181
3508,131
3509,622
3510,-1268
3511,31
3512,-810
3513,326
3514,-448
3515,-1876
3516,-149
3517,-1390
3518,-376
3519,-274
3520,-464
3521,-1685
3522,-1310
3523,-481
3524,396
3525,-339
3526,159
3527,-343
3528,-451
3529,108
3530,-957
3531,-2275
3532,331
3533,-15
3534,32
3535,-259
3536,68
3537,-2637
3538,552
3539,-504
3540,940
3541,-1239
3542,-2418
3543,133
3544,-803
3545,-893
3546,-324
3547,-638
3548,-911
3549,-127
3550,-787
3551,1065
3552,-414
3553,504
3554,569
3555,227
3556,-741
3557,-331
3558,-1054
3559,-455
3560,613
3561,-64
3562,-656
3563,711
3564,342
3565,241
3566,-408
3567,-414
3568,-1539
3569,-242
3570,68
3571,162
3572,-678
3573,704
3574,-90
3575,-1090
3576,-527
3577,-493
3578,-182
3579,-500
3580,-175
3581,-1491
3582,-754
3583,-1253
3584,-90
3585,-589
3586,-351
3587,-517
3588,-1011
3589,-416
3590,326
3591,396
3592,-2615
3593,-273
3594,162
3595,-174
3596,-1907
3597,-653
3598,-171
3599,-12
3600,-601
3601,382
3602,-913
3603,-307
3604,532
3605,-946
3606,-643
3607,555
3608,-297
3609,-380
3610,-292
3611,364
3612,-2245
3613,831
3614,-491
3615,-1751
3616,-873
3617,-1218
3618,-673
3619,-653
3620,-1624
3621,-2
3622,-740
3623,-230
3624,-619
3625,285
3626,-1057
3627,773
3628,-271
3629,-741
3630,-2083
3631,-661
3632,-730
3633,386
3634,-504
3635,616
3636,-1364
3637,-2208
3638,-1775
3639,-52
3640,589
3641,-81
3642,979
3643,-779
3644,18
3645,-324
3646,-313
3647,-775
3648,-499
3649,-1826
3650,-1868
3651,-2314
3652,-878
3653,-1042
3654,-339
3655,896
3656,470
3657,-1456
3658,786
3659,-825
3660,-1175
3661,-3323
3662,-416
3663,-1083
3664,-1568
3665,813
3666,-995
3667,576
3668,-86
3669,-1044
3670,408
3671,-65
3672,-440
3673,-145
3674,-453
3675,-1126
3676,134
3677,330
3678,-414
3679,170
3680,-156
3681,-970
3682,332
3683,-299
3684,-1769
3685,-1068
3686,100
3687,-2179
3688,530
3689,506
3690,-1403
3691,-92
3692,-989
3693,-433
3694,-56
3695,-591
3696,-745
3697,-719
3698,-197
3699,-276
3700,-766
3701,723
3702,-1559
3703,-1533
3704,-1795
3705,-1096
3706,-2351
3707,-726
3708,-2402
3709,-624
3710,43
3711,-903
3712,-248
3713,-795
3714,-861
3715,-1591
3716,-1176
3717,-787
3718,247
3719,-248
3720,-1840
3721,-625
3722,-2112
3723,-1264
3724,-1403
3725,-861
3726,-775
3727,-279
3728,375
3729,-2320
3730,617
3731,248
3732,-1206
3733,-231
3734,-697
3735,-501
3736,-437
3737,291
3738,-124
3739,-99
3740,446
3741,-1677
3742,-3141
3743,-1211
3744,-488
3745,-1326
3746,-758
3747,213
3748,12
3749,-1749
3750,-926
3751,-432
3752,-699
3753,-742
3754,-411
3755,-698
3756,-736
3757,344
3758,-560
3759,-1553
3760,-1852
3761,-544
3762,-84
3763,-473
3764,-609
3765,-1181
3766,726
3767,-1127
3768,-475
3769,-983
3770,-384
3771,-1845
3772,-894
3773,-238
3774,-878
3775,140
3776,725
3777,-250
3778,-368
3779,-484
3780,-658
3781,-373
3782,-281
3783,68
3784,213
3785,-529
3786,-105
3787,-1858
3788,209
3789,-1085
3790,640
3791,-1285
3792,-481
3793,-1184
3794,9
3795,-2313
3796,-1738
3797,322
3798,-1640
3799,-773
3800,-1182
3801,-2051
3802,-1494
3803,-696
3804,-2685
3805,757
3806,-705
3807,-2180
3808,411
3809,-378
3810,519
3811,-469
3812,687
3813,-1525
3814,-1135
3815,343
3816,-2473
3817,577
3818,-930
3819,-20
3820,-1111
3821,-655
3822,-513
3823,-1823
3824,-244
3825,-955
3826,906
3827,295
3828,-2233
3829,-1562
3830,-287
3831,-531
3832,-1534
3833,57
3834,-1747
3835,-730
3836,-286
3837,-135
3838,-170
3839,663
3840,-1173
3841,-499
3842,149
3843,-1090
3844,-360
3845,-1074
3846,-778
3847,-664
3848,-762
3849,-906
3850,-269
3851,-1146
3852,-855
3853,365
3854,1415
3855,-137
3856,-1734
3857,649
3858,-1835
3859,-1433
3860,217
3861,-1051
3862,-1588
3863,553
3864,373
3865,-2025
3866,-2019
3867,-281
3868,397
3869,-1262
3870,-954
3871,-1527
3872,272
3873,-1
3874,-136
3875,-947
3876,-1556
3877,25
3878,237
3879,-1456
3880,368
3881,-1660
3882,-22
3883,-962
3884,-760
3885,-984
3886,156
3887,-163
3888,-1782
3889,-169
3890,-1396
3891,-267
3892,-733
3893,-1256
3894,-519
3895,-301
3896,-770
3897,-1031
3898,-930
3899,-276
3900,-501
3901,-566
3902,-285
3903,-1172
3904,451
3905,-346
3906,-347
3907,318
3908,-122
3909,-2091
3910,-2273
3911,633
3912,481
3913,790
3914,1075
3915,-1691
3916,-732
3917,-1604
3918,-498
3919,-315
3920,-721
3921,-8
3922,-1123
3923,-1363
3924,-1587
3925,-65
3926,-310
3927,301
3928,-638
3929,-895
3930,-2537
3931,-116
3932,-446
3933,-549
3934,-650
3935,-671
3936,339
3937,-791
3938,-428
3939,-1200
3940,-590
3941,-1364
3942,-630
3943,-189
3944,30
3945,212
3946,323
3947,-2710
3948,-2285
3949,-12
3950,49
3951,-2716
3952,-720
3953,-1045
3954,-1257
3955,-1227
3956,-1839
3957,-864
3958,-1368
3959,-1308
3960,-1419
3961,-207
3962,-1144
3963,-917
3964,-356
3965,-521
3966,-1736
3967,-1303
3968,-636
3969,-234
3970,21
3971,-191
3972,-31
3973,-933
3974,-1457
3975,646
3976,-1050
3977,-330
3978,797
3979,483
3980,-221
3981,-1802
3982,93
3983,-627
3984,-493
3985,-184
3986,171
3987,528
3988,-1102
3989,-280
3990,-1328
3991,-531
3992,-587
3993,-191
3994,-1525
3995,-303
3996,-1630
3997,144
3998,52
3999,-12
4000,210
4001,-704
4002,339
4003,-1171
4004,165
4005,108
4006,736
4007,-336
4008,-305
4009,-214
4010,-56
4011,595
4012,-1488
4013,-428
4014,-975
4015,25
4016,-1054
4017,-325
4018,-691
4019,773
4020,-2755
4021,-245
4022,-183
4023,-800
4024,-684
4025,655
4026,473
4027,374
4028,859
4029,180
4030,227
4031,-14
4032,-199
4033,-192
4034,-169
4035,509
4036,166
4037,-102
4038,-886
4039,-1095
4040,-568
4041,-1544
4042,49
4043,-657
4044,-1846
4045,60
4046,-1258
4047,-1479
4048,68
4049,860
4050,-344
4051,-1366
4052,-1200
4053,-1381
4054,-1282
4055,730
4056,-1134
4057,-168
4058,-898
4059,-176
4060,-674
4061,-1738
4062,-108
4063,-870
4064,-1007
4065,-166
4066,-1175
4067,-20
4068,-635
4069,748
4070,360
4071,151
4072,-531
4073,876
4074,-1643
4075,-558
4076,-200
4077,-824
4078,-1170
4079,-309
4080,-782
4081,-38
4082,-1261
4083,-979
4084,-939
4085,-1065
4086,-1431
4087,-223
4088,-531
4089,-667
4090,-79
4091,951
4092,50
4093,-166
4094,-831
4095,-392
4096,165
4097,-1038
4098,-933
4099,-486
4100,-292
4101,-2078
4102,-502
4103,516
4104,-27
4105,-405
4106,-1203
4107,-360
4108,-201
4109,-98
4110,1109
4111,75
4112,155
4113,-727
4114,-248
4115,-282
4116,-78
4117,-1127
4118,-1241
4119,-1730
4120,-1262
4121,-10
4122,369
4123,-105
4124,-1792
4125,539
4126,-423
4127,680
4128,65
4129,76
4130,-299
4131,47
4132,-789
4133,-842
4134,-2647
4135,-352
4136,-1582
4137,-1499
4138,540
4139,-748
4140,-802
4141,-662
4142,-894
4143,-843
4144,33
4145,281
4146,862
4147,-244
4148,-311
4149,-1949
4150,414
4151,-310
4152,-1082
4153,-332
4154,331
4155,342
4156,-1037
4157,-550
4158,-1218
4159,-765
4160,-1301
4161,-252
4162,-1203
4163,127
4164,-852
4165,-221
4166,-513
4167,-1598
4168,-518
4169,81
4170,-979
4171,-52
4172,-1587
4173,-1685
4174,-1705
4175,-273
4176,633
4177,-506
4178,-198
4179,-1050
4180,-1291
4181,-395
4182,-1120
4183,-46
4184,-1671
4185,34
4186,-375
4187,-2511
4188,-183
4189,-462
4190,-622
4191,705
4192,48
4193,-1389
4194,-1417
4195,-323
4196,-1393
4197,-353
4198,-1511
4199,-211
4200,-823
4201,-250
4202,565
4203,-769
4204,-496
4205,-1202
4206,-339
4207,-657
4208,-454
4209,-1198
4210,142
4211,591
4212,-1249
4213,-1443
4214,-1598
4215,-1389
4216,488
4217,-1016
4218,-635
4219,-1215
4220,-355
4221,-195
4222,-1368
4223,-677
4224,-1054
4225,-998
4226,179
4227,-301
4228,-649
4229,-130
4230,-337
4231,621
4232,-136
4233,-25
4234,-794
4235,147
4236,-91
4237,745
4238,-558
4239,-250
4240,488
4241,-208
4242,-916
4243,-1305
4244,-430
4245,-141
4246,104
4247,-414
4248,-367
4249,444
4250,-1905
4251,836
4252,154
4253,37
4254,498
4255,-256
4256,-270
4257,-143
4258,-747
4259,-8
4260,973
4261,-92
4262,-1668
4263,-972
4264,-921
4265,-298
4266,-1129
4267,-957
4268,-439
4269,429
4270,-89
4271,-2199
4272,-782
4273,-841
4274,-684
4275,-1096
4276,802
4277,-1169
4278,486
4279,-287
4280,-1040
4281,939
4282,344
4283,-717
4284,-2093
4285,-1256
4286,-1787
4287,-65
4288,-1815
4289,-723
4290,661
4291,-137
4292,513
4293,914
4294,-1138
4295,-1200
4296,-45
4297,-916
4298,-424
4299,-784
4300,-552
4301,-1585
4302,-679
4303,-376
4304,-870
4305,-753
4306,-497
4307,-146
4308,-358
4309,-1206
4310,-685
4311,-528
4312,-1288
4313,-2375
4314,336
4315,-1305
4316,-586
4317,17
4318,839
4319,351
4320,-376
4321,-510
4322,-926
4323,-159
4324,-1057
4325,-58
4326,-1134
4327,-586
4328,-65
4329,-1853
4330,-627
4331,-1681
4332,-748
4333,757
4334,-344
4335,537
4336,-865
4337,-1696
4338,749
4339,216
4340,-526
4341,-925
4342,-1915
4343,102
4344,-272
4345,-456
4346,-459
4347,-231
4348,-411
4349,-1472
4350,-690
4351,49
4352,532
4353,-1780
4354,-559
4355,-1296
4356,529
4357,-333
4358,-676
4359,-778
4360,72
4361,-1521
4362,-142
4363,15
4364,-1167
4365,249
4366,-1497
4367,-496
4368,-1163
4369,-1280
4370,774
4371,-393
4372,-1274
4373,803
4374,177
4375,-252
4376,-811
4377,585
4378,437
4379,-358
4380,-766
4381,-704
4382,241
4383,-1116
4384,-1115
4385,1
4386,-476
4387,739
4388,-404
4389,144
4390,283
4391,-1255
4392,-1087
4393,367
4394,-28
4395,-701
4396,715
4397,441
4398,-592
4399,212
4400,-621
4401,-1631
4402,-338
4403,-1251
4404,-336
4405,597
4406,-1045
4407,-1190
4408,200
4409,-751
4410,137
4411,-1271
4412,-1107
4413,-493
4414,-1301
4415,-1908
4416,-1178
4417,-803
4418,454
4419,511
4420,-318
4421,-531
4422,549
4423,-949
4424,-763
4425,-744
4426,-1244
4427,77
4428,366
4429,-1048
4430,-432
4431,-22
4432,-852
4433,-1079
4434,-768
4435,-500
4436,1010
4437,-1603
4438,-349
4439,-254
4440,-149
4441,150
4442,-2154
4443,-37
4444,135
4445,-221
4446,-496
4447,-1350
4448,74
4449,587
4450,487
4451,-72
4452,-2477
4453,-1734
4454,-116
4455,849
4456,-1935
4457,385
4458,72
4459,-597
4460,178
4461,879
4462,-2881
4463,-518
4464,-2046
4465,-718
4466,-356
4467,209
4468,581
4469,-290
4470,543
4471,-24
4472,-1852
4473,891
4474,-372
4475,-32
4476,-30
4477,1112
4478,-447
4479,42
4480,-235
4481,-857
4482,221
4483,28
4484,-1490
4485,-1170
4486,-660
4487,-1020
4488,-50
4489,-663
4490,-655
4491,666
4492,69
4493,-13
4494,707
4495,-2013
4496,541
4497,497
4498,-418
4499,-950
4500,870
4501,27
4502,180
4503,-793
4504,-1806
4505,-617
4506,-1526
4507,-1288
4508,-1328
4509,279
4510,-1027
4511,-338
4512,490
4513,82
4514,-668
4515,-985
4516,431
4517,344
4518,-1023
4519,502
4520,-120
4521,224
4522,-734
4523,-577
4524,-118
4525,-1478
4526,995
4527,1113
4528,304
4529,-1783
4530,-54
4531,-697
4532,-1526
4533,-198
4534,-80
4535,-546
4536,-191
4537,-841
4538,702
4539,-430
4540,-1264
4541,-375
4542,-769
4543,659
4544,-1692
4545,-658
4546,-283
4547,-718
4548,-1194
4549,444
4550,-52
4551,-1459
4552,-839
4553,-1405
4554,-367
4555,-258
4556,620
4557,-350
4558,-324
4559,-208
4560,-848
4561,-824
4562,-307
4563,368
4564,-8
4565,-1361
4566,-1490
4567,696
4568,-800
4569,565
4570,235
4571,-950
4572,-623
4573,801
4574,-1006
4575,-1078
4576,-1315
4577,-381
4578,-648
4579,451
4580,197
4581,-1198
4582,415
4583,-147
4584,727
4585,391
4586,-483
4587,196
4588,294
4589,-1160
4590,-194
4591,-776
4592,-1173
4593,-597
4594,536
4595,-520
4596,-283
4597,305
4598,661
4599,-495
4600,52
4601,-561
4602,-74
4603,-1395
4604,-320
4605,-1258
4606,126
4607,274
4608,-190
4609,851
4610,171
4611,-1282
4612,471
4613,-160
4614,-671
4615,175
4616,432
4617,-1932
4618,607
4619,-1366
4620,-917
4621,-694
4622,-399
4623,655
4624,-160
4625,954
4626,-947
4627,-935
4628,-1182
4629,-242
4630,-1165
4631,314
4632,-23
4633,-107
4634,-1379
4635,308
4636,-1275
4637,-455
4638,-123
4639,-1548
4640,972
4641,-1859
4642,169
4643,-46
4644,346
4645,-1252
4646,1209
4647,-804
4648,-1280
4649,-147
4650,-991
4651,-90
4652,657
4653,-2403
4654,-87
4655,-2131
4656,-9
4657,-601
4658,-678
4659,-284
4660,-187
4661,-877
4662,-1463
4663,-238
4664,-690
4665,-1812
4666,-1016
4667,-1418
4668,-837
4669,-84
4670,-37
4671,-553
4672,-1301
4673,-758
4674,-1662
4675,-1373
4676,-97
4677,33
4678,-1771
4679,-1601
4680,-531
4681,-761
4682,-217
4683,-613
4684,-789
4685,-21
4686,-1534
4687,29
4688,-950
4689,-342
4690,-1441
4691,-1957
4692,-1287
4693,-418
4694,168
4695,-813
4696,-1939
4697,-653
4698,-1133
4699,-588
4700,144
4701,343
4702,-578
4703,-1442
4704,-1018
4705,564
4706,-88
4707,-794
4708,-1218
4709,-701
4710,197
4711,111
4712,-333
4713,334
4714,-1714
4715,-1093
4716,145
4717,-281
4718,240
4719,-1492
4720,-1168
4721,-780
4722,-184
4723,-331
4724,243
4725,-284
4726,-34
4727,-748
4728,37
4729,-959
4730,-1192
4731,-459
4732,-57
4733,-252
4734,371
4735,-500
4736,-704
4737,476
4738,-845
4739,604
4740,-543
4741,-720
4742,-282
4743,-1074
4744,-1098
4745,-656
4746,-1353
4747,-883
4748,-362
4749,-1150
4750,-758
4751,736
4752,283
4753,728
4754,891
4755,-1904
4756,628
4757,159
4758,-463
4759,-1105
4760,-405
4761,97
4762,341
4763,-2587
4764,-1143
4765,-664
4766,56
4767,-1660
4768,-671
4769,-576
4770,-1309
4771,245
4772,-482
4773,747
4774,-1223
4775,409
4776,-17
4777,328
4778,-211
4779,-61
4780,-622
4781,75
4782,-600
4783,-902
4784,113
4785,-1712
4786,-1430
4787,-331
4788,372
4789,-30
4790,449
4791,-982
4792,-230
4793,-430
4794,-646
4795,-205
4796,-1219
4797,-51
4798,56
4799,-1071
4800,-159
4801,-1809
4802,-100
4803,156
4804,-1556
4805,-75
4806,-1508
4807,671
4808,-965
4809,120
4810,559
4811,1224
4812,435
4813,-430
4814,-866
4815,-86
4816,18
4817,-1306
4818,-321
4819,754
4820,-675
4821,-720
4822,638
4823,710
4824,-472
4825,-1148
4826,366
4827,-789
4828,-1004
4829,-1353
4830,-1692
4831,-19
4832,-1684
4833,-1951
4834,-335
4835,-759
4836,-905
4837,-1073
4838,496
4839,-315
4840,-309
4841,-854
4842,261
4843,-419
4844,-1354
4845,-1733
4846,-195
4847,-744
4848,-767
4849,-1513
4850,-220
4851,-994
4852,-1028
4853,-146
4854,1050
4855,-1443
4856,-1789
4857,-436
4858,33
4859,3
4860,-94
4861,-1701
4862,117
4863,-195
4864,-2263
4865,293
4866,542
4867,-687
4868,-581
4869,734
4870,-660
4871,-657
4872,-2216
4873,584
4874,-711
4875,-306
4876,-1480
4877,646
4878,-363
4879,246
4880,-1858
4881,-115
4882,1001
4883,-67
4884,-421
4885,-742
4886,-201
4887,-835
4888,738
4889,-32
4890,176
4891,-119
4892,-667
4893,-703
4894,-654
4895,-2843
4896,-607
4897,-761
4898,-697
4899,-439
4900,-774
4901,64
4902,-917
4903,-200
4904,-1122
4905,-2382
4906,-1493
4907,-373
4908,-1160
4909,477
4910,-1024
4911,130
4912,115
4913,673
4914,-1539
4915,321
4916,-1208
4917,-1289
4918,-1107
4919,-1620
4920,-863
4921,-31
4922,42
4923,-1015
4924,-1671
4925,-933
4926,-1932
4927,-774
4928,-162
4929,-753
4930,18
4931,-668
4932,586
4933,-103
4934,626
4935,-706
4936,-1671
4937,-162
4938,-2281
4939,-34
4940,-1276
4941,1003
4942,-470
4943,169
4944,-439
4945,-574
4946,18
4947,-1942
4948,-1099
4949,-88
4950,303
4951,-634
4952,229
4953,-668
4954,-344
4955,-696
4956,-948
4957,992
4958,-429
4959,-543
4960,379
4961,324
4962,366
4963,-274
4964,-403
4965,-9
4966,-648
4967,504
4968,-24
4969,-345
4970,-564
4971,117
4972,-721
4973,-2247
4974,-891
4975,-637
4976,36
4977,-502
4978,-1647
4979,173
4980,-781
4981,202
4982,-1374
4983,-812
4984,827
4985,-450
4986,-461
4987,264
4988,-600
4989,-2084
4990,-172
4991,-1467
4992,-1461
4993,-1080
4994,289
4995,-516
4996,-1359
4997,-219
4998,877
4999,386
5000,-947
5001,239
5002,-1320
5003,-660
5004,172
5005,-367
5006,369
5007,-421
5008,-1871
5009,929
5010,-911
5011,-777
5012,-1591
5013,-622
5014,-492
5015,-357
5016,-2273
5017,-428
5018,450
5019,70
5020,211
5021,-1230
5022,-450
5023,-355
5024,87
5025,-640
5026,-1708
5027,-775
5028,-1261
5029,334
5030,-89
5031,1223
5032,-1025
5033,-625
5034,-935
5035,-812
5036,-1005
5037,-195
5038,-1632
5039,-262
5040,-158
5041,339
5042,-326
5043,-216
5044,131
5045,-496
5046,-199
5047,-434
5048,-1573
5049,-627
5050,-1324
5051,-556
5052,-708
5053,-533
5054,-1049
5055,-776
5056,-875
5057,-600
5058,-1260
5059,-1153
5060,460
5061,-475
5062,-594
5063,-708
5064,-142
5065,-1036
5066,-713
5067,248
5068,-134
5069,-286
5070,-1335
5071,217
5072,-46
5073,-481
5074,713
5075,-1095
5076,713
5077,605
5078,-28
5079,-273
5080,-676
5081,-1048
5082,517
5083,146
5084,-1217
5085,-648
5086,-370
5087,-866
5088,-810
5089,-913
5090,-1115
5091,475
5092,-472
5093,-870
5094,-17
5095,394
5096,490
5097,-1048
5098,-1925
5099,-277
5100,-13
5101,-320
5102,-738
5103,-1722
5104,-54
5105,231
5106,326
5107,707
5108,-1291
5109,114
5110,-814
5111,382
5112,-582
5113,-1788
5114,-1088
5115,80
5116,-1179
5117,-1125
5118,88
5119,123
5120,-1145
5121,-152
5122,-1655
5123,1047
5124,-582
5125,-611
5126,-977
5127,-1886
5128,-1327
5129,990
5130,-1616
5131,-877
5132,-630
5133,120
5134,847
5135,771
5136,-333
5137,1145
5138,-1291
5139,-213
5140,10
5141,-485
5142,1162
5143,-1098
5144,-895
5145,-315
5146,-1625
5147,-994
5148,-418
5149,-1194
5150,-2823
5151,-877
5152,-1245
5153,475
5154,249
5155,-436
5156,632
5157,271
5158,27
5159,115
5160,-1413
5161,-96
5162,-1710
5163,-2005
5164,202
5165,-276
5166,499
5167,-1801
5168,-1211
5169,-1380
5170,242
5171,-166
5172,-156
5173,-958
5174,-240
5175,-502
5176,417
5177,282
5178,-1089
5179,-1284
5180,-302
5181,-419
5182,-139
5183,-732
5184,-1288
5185,324
5186,-737
5187,359
5188,94
5189,577
5190,765
5191,-602
5192,-2160
5193,-1371
5194,472
5195,-666
5196,202
5197,-642
5198,-916
5199,113
5200,-1060
5201,-294
5202,390
5203,617
5204,-149
5205,505
5206,-483
5207,568
5208,-1066
5209,363
5210,-1046
5211,164
5212,-831
5213,-183
5214,-1476
5215,-1519
5216,679
5217,-908
5218,-821
5219,353
5220,-944
5221,-1028
5222,-980
5223,129
5224,-813
5225,759
5226,228
5227,-796
5228,767
5229,-650
5230,799
5231,-432
5232,-816
5233,-382
5234,-330
5235,317
5236,-146
5237,39
5238,-2108
5239,-1316
5240,-918
5241,-2379
5242,580
5243,-344
5244,381
5245,-158
5246,-1829
5247,-1052
5248,-1243
5249,-761
5250,-281
5251,-249
5252,72
5253,176
5254,-307
5255,-213
5256,267
5257,-160
5258,378
5259,-927
5260,-1176
5261,319
5262,-928
5263,-688
5264,-440
5265,-27
5266,119
5267,712
5268,-1565
5269,-829
5270,-660
5271,-763
5272,-334
5273,-106
5274,-425
5275,-244
5276,-2260
5277,-1336
5278,-763
5279,277
5280,445
5281,-2025
5282,-1422
5283,-569
5284,-411
5285,-1722
5286,-239
5287,-1276
5288,538
5289,-495
5290,-399
5291,-296
5292,-2435
5293,106
5294,-1836
5295,-1598
5296,-1236
5297,-272
5298,-666
5299,614
5300,181
5301,-419
5302,-1680
5303,717
5304,-1147
5305,-790
5306,-1295
5307,-1059
5308,-474
5309,-95
5310,-1978
5311,-1883
5312,-398
5313,-223
5314,-8
5315,978
5316,-223
5317,-288
5318,-912
5319,-390
5320,-632
5321,-426
5322,-1141
5323,-1294
5324,-1413
5325,254
5326,-740
5327,239
5328,1003
5329,-116
5330,-101
5331,-1654
5332,-765
5333,-543
5334,-587
5335,-1075
5336,277
5337,450
5338,-220
5339,-512
5340,-1932
5341,-803
5342,0
5343,-641
5344,-759
5345,-783
5346,-1111
5347,-785
5348,124
5349,-124
5350,-2196
5351,-762
5352,187
5353,-760
5354,1019
5355,-1820
5356,-834
5357,-1297
5358,-433
5359,-742
5360,-211
5361,-581
5362,-924
5363,-1470
5364,-1071
5365,-72
5366,270
5367,-1141
5368,-332
5369,266
5370,-132
5371,-1490
5372,635
5373,149
5374,-598
5375,-916
5376,13
5377,138
5378,175
5379,184
5380,712
5381,0
5382,-270
5383,-513
5384,586
5385,715
5386,314
5387,-572
5388,-1800
5389,-316
5390,-370
5391,-249
5392,-117
5393,-355
5394,-965
5395,-1404
5396,-638
5397,-1310
5398,194
5399,-409
5400,279
5401,573
5402,-1336
5403,-456
5404,-91
5405,-85
5406,789
5407,598
5408,-372
5409,-825
5410,172
5411,-1747
5412,-1445
5413,-78
5414,-720
5415,-2908
5416,-122
5417,365
5418,-688
5419,-1067
5420,-1155
5421,-221
5422,476
5423,358
5424,-963
5425,-1335
5426,-1292
5427,-1097
5428,969
5429,-509
5430,-907
5431,-196
5432,200
5433,392
5434,248
5435,-382
5436,-351
5437,-1292
5438,1137
5439,-1231
5440,-293
5441,-202
5442,-1725
5443,421
5444,-2154
5445,-62
5446,-666
5447,-529
5448,-1217
5449,-1508
5450,-928
5451,-144
5452,-606
5453,207
5454,67
5455,-333
5456,220
5457,-1652
5458,-678
5459,-379
5460,-2239
5461,-1970
5462,137
5463,-162
5464,101
5465,-718
5466,-715
5467,-2677
5468,-566
5469,-1839
5470,-29
5471,-225
5472,-1023
5473,95
5474,237
5475,-759
5476,202
5477,-257
5478,-634
5479,414
5480,975
5481,-584
5482,-622
5483,3
5484,647
5485,-1492
5486,-1839
5487,750
5488,-464
5489,-875
5490,-273
5491,-2645
5492,-605
5493,-819
5494,-1296
5495,-1387
5496,31
5497,190
5498,-617
5499,-972
5500,214
5501,768
5502,-1038
5503,198
5504,-192
5505,-1185
5506,-178
5507,307
5508,-2135
5509,-1457
5510,-316
5511,110
5512,-452
5513,287
5514,-406
5515,15
5516,-546
5517,422
5518,-447
5519,-770
5520,-2127
5521,-241
5522,502
5523,-2258
5524,-1365
5525,242
5526,179
5527,-471
5528,-242
5529,-617
5530,-1090
5531,-836
5532,-619
5533,151
5534,240
5535,-1432
5536,-214
5537,-645
5538,-423
5539,-351
5540,-1014
5541,-326
5542,75
5543,-294
5544,162
5545,-399
5546,-1331
5547,742
5548,-1349
5549,-1465
5550,-1274
5551,-1971
5552,-1095
5553,-464
5554,-1745
5555,-229
5556,-1795
5557,-772
5558,246
5559,92
5560,-1240
5561,-1260
5562,-295
5563,-726
5564,-1560
5565,-329
5566,-1902
5567,-770
5568,744
5569,436
5570,226
5571,262
5572,-319
5573,-342
5574,311
5575,262
5576,-322
5577,314
5578,-22
5579,-18
5580,-375
5581,797
5582,666
5583,-674
5584,-900
5585,-659
5586,-1134
5587,-237
5588,-1370
5589,761
5590,-541
5591,-1260
5592,-889
5593,846
5594,-131
5595,696
5596,570
5597,-170
5598,-155
5599,-390
5600,-747
5601,-530
5602,-471
5603,-1009
5604,11
5605,-595
5606,-158
5607,-1280
5608,-1246
5609,583
5610,37
5611,86
5612,-296
5613,-1509
5614,-784
5615,-190
5616,425
5617,-504
5618,-794
5619,-585
5620,-633
5621,-491
5622,770
5623,-65
5624,110
5625,-1532
5626,395
5627,-64
5628,-1597
5629,-874
5630,288
5631,646
5632,-1458
5633,428
5634,-2450
5635,292
5636,-946
5637,-222
5638,656
5639,-700
5640,-1814
5641,-1882
5642,-123
5643,332
5644,-804
5645,-556
5646,-192
5647,399
5648,-607
5649,-2404
5650,114
5651,-931
5652,-1623
5653,-536
5654,-916
5655,-506
5656,-555
5657,-798
5658,-188
5659,-55
5660,-388
5661,470
5662,247
5663,-635
5664,-472
5665,815
5666,-857
5667,458
5668,-964
5669,-1731
5670,771
5671,-460
5672,-1621
5673,208
5674,-437
5675,-1001
5676,968
5677,-650
5678,637
5679,-295
5680,-233
5681,447
5682,375
5683,-1748
5684,-440
5685,-326
5686,-1975
5687,-147
5688,11
5689,4
5690,-1686
5691,897
5692,-475
5693,-86
5694,-118
5695,-1299
5696,1120
5697,349
5698,285
5699,-891
5700,-603
5701,-510
5702,235
5703,-178
5704,-569
5705,-947
5706,-50
5707,398
5708,-1110
5709,174
5710,-1684
5711,-1751
5712,-1013
5713,301
5714,-402
5715,-1076
5716,-638
5717,-139
5718,-2279
5719,-547
5720,436
5721,-981
5722,-1407
5723,-391
5724,642
5725,-303
5726,-683
5727,-1235
5728,-234
5729,-895
5730,-1264
5731,386
5732,275
5733,-247
5734,-1007
5735,-277
5736,-683
5737,-178
5738,-1653
5739,-585
5740,-751
5741,-293
5742,-411
5743,-968
5744,26
5745,-1729
5746,-758
5747,-1033
5748,-1080
5749,-698
5750,-210
5751,-54
5752,105
5753,-1234
5754,-1721
5755,-408
5756,-780
5757,-1626
5758,-265
5759,515
5760,-1941
5761,394
5762,-310
5763,-1717
5764,-618
5765,341
5766,-1593
5767,48
5768,-544
5769,-513
5770,43
5771,78
5772,-922
5773,-374
5774,-1182
5775,-973
5776,-770
5777,710
5778,-7
5779,655
5780,-354
5781,-1523
5782,-374
5783,-760
5784,-166
5785,516
5786,-1161
5787,277
5788,-30
5789,514
5790,-534
5791,-1787
5792,594
5793,-74
5794,-67
5795,272
5796,-1130
5797,520
5798,-2262
5799,-37
5800,-544
5801,-324
5802,-1025
5803,-693
5804,-210
5805,-496
5806,-948
5807,-2619
5808,178
5809,-295
5810,47
5811,-273
5812,-1398
5813,244
5814,-1522
5815,-1155
5816,-2321
5817,-883
5818,-10
5819,459
5820,-1537
5821,331
5822,-853
5823,-59
5824,-415
5825,-812
5826,-1634
5827,-1212
5828,-837
5829,-1300
5830,-857
5831,413
5832,94
5833,-1074
5834,-89
5835,-349
5836,-1668
5837,-318
5838,-614
5839,-83
5840,-2244
5841,-465
5842,411
5843,-1839
5844,232
5845,-1665
5846,-231
5847,-1549
5848,-2082
5849,-1481
5850,-245
5851,-781
5852,-1195
5853,412
5854,154
5855,-546
5856,-1767
5857,-728
5858,-946
5859,-327
5860,152
5861,-1144
5862,63
5863,-493
5864,-1957
5865,-1184
5866,-423
5867,-3591
5868,595
5869,-2313
5870,-1337
5871,-747
5872,-1615
5873,-578
5874,-496
5875,-541
5876,-811
5877,-900
5878,273
5879,-918
5880,106
5881,-813
5882,-831
5883,-1504
5884,-60
5885,-721
5886,656
5887,-1074
5888,-584
5889,-1367
5890,-923
5891,-93
5892,-1269
5893,-462
5894,-1526
5895,-592
5896,-911
5897,-748
5898,557
5899,-1473
5900,-806
5901,-595
5902,-293
5903,-514
5904,822
5905,-1689
5906,-67
5907,144
5908,-291
5909,-1133
5910,-15
5911,246
5912,-1722
5913,-204
5914,-261
5915,244
5916,-284
5917,-311
5918,-443
5919,350
5920,-614
5921,-133
5922,-795
5923,-1081
5924,-2474
5925,-216
5926,-146
5927,-1697
5928,-1034
5929,-2016
5930,-359
5931,-289
5932,593
5933,-339
5934,910
5935,-134
5936,-604
5937,-274
5938,-563
5939,-1115
5940,-343
5941,36
5942,88
5943,-869
5944,-255
5945,-191
5946,-99
5947,-1208
5948,444
5949,1099
5950,-2110
5951,-330
5952,-92
5953,-1115
5954,67
5955,-49
5956,-948
5957,180
5958,-387
5959,-249
5960,-76
5961,-1033
5962,-977
5963,627
5964,456
5965,-2216
5966,-470
5967,-799
5968,110
5969,-449
5970,328
5971,-1416
5972,-613
5973,-479
5974,-1127
5975,-755
5976,-1856
5977,696
5978,-822
5979,-1101
5980,-624
5981,799
5982,-458
5983,-1839
5984,-2377
5985,-450
5986,-582
5987,140
5988,-753
5989,-837
5990,-661
5991,-381
5992,20
5993,-1006
5994,-706
5995,-1082
5996,-1658
5997,363
5998,-1433
5999,395
6000,-1607
6001,-642
6002,223
6003,-1393
6004,503
6005,-990
6006,-1726
6007,-547
6008,-1122
6009,-779
6010,-354
6011,-754
6012,1018
6013,118
6014,-1633
6015,-2159
6016,437
6017,-672
6018,219
6019,-911
6020,-1084
6021,-245
6022,-426
6023,-880
6024,-1559
6025,-2124
6026,-1317
6027,250
6028,-265
6029,-1129
6030,-501
6031,505
6032,-319
6033,523
6034,-2868
6035,-2060
6036,711
6037,-341
6038,-14
6039,517
6040,-54
6041,-649
6042,-485
6043,358
6044,-125
6045,-280
6046,-107
6047,-1532
6048,-230
6049,-1123
6050,-2026
6051,419
6052,781
6053,-220
6054,-105
6055,-388
6056,-1689
6057,-371
6058,-1053
6059,-637
6060,-519
6061,-704
6062,65
6063,2
6064,612
6065,-377
6066,105
6067,-1048
6068,-1501
6069,-471
6070,-1644
6071,-1273
6072,-305
6073,-447
6074,-812
6075,-1071
6076,579
6077,-324
6078,271
6079,-1057
6080,-501
6081,194
6082,500
6083,-38
6084,-850
6085,-182
6086,534
6087,1112
6088,-1284
6089,-1103
6090,-127
6091,-636
6092,-2190
6093,-113
6094,-1731
6095,-4
6096,-1506
6097,-1210
6098,-258
6099,-832
6100,-217
6101,-491
6102,-269
6103,30
6104,-312
6105,167
6106,-609
6107,-480
6108,-1241
6109,-1316
6110,-800
6111,386
6112,-1746
6113,-989
6114,189
6115,-599
6116,249
6117,-87
6118,-46
6119,104
6120,309
6121,-733
6122,-57
6123,-989
6124,-1522
6125,-1290
6126,87
6127,106
6128,-1261
6129,-433
6130,-1073
6131,-1505
6132,-438
6133,328
6134,604
6135,284
6136,-1173
6137,277
6138,-226
6139,-905
6140,-1352
6141,-1517
6142,-1565
6143,-1040
6144,-1449
6145,-1177
6146,-605
6147,-1227
6148,-878
6149,-474
6150,-2229
6151,-2141
6152,-1637
6153,-658
6154,795
6155,74
6156,-563
6157,47
6158,322
6159,-189
6160,-377
6161,368
6162,-282
6163,-1003
6164,171
6165,-1118
6166,-665
6167,-1615
6168,163
6169,-969
6170,-643
6171,-2176
6172,-9
6173,-299
6174,-511
6175,-806
6176,-8
6177,-393
6178,-478
6179,-1266
6180,-1079
6181,-1321
6182,576
6183,417
6184,250
6185,-556
6186,340
6187,-1193
6188,-220
6189,-829
6190,-313
6191,67
6192,-118
6193,-129
6194,-524
6195,-808
6196,-329
6197,-341
6198,-1280
6199,-743
6200,65
6201,-866
6202,-42
6203,171
6204,-237
6205,628
6206,-732
6207,384
6208,168
6209,-1153
6210,-420
6211,-136
6212,-757
6213,534
6214,-1350
6215,-774
6216,-1344
6217,53
6218,-1205
6219,-1685
6220,51
6221,-1547
6222,-533
6223,-674
6224,19
6225,712
6226,-476
6227,-231
6228,-574
6229,-241
6230,-721
6231,-244
6232,-839
6233,-781
6234,388
6235,-615
6236,-760
6237,-590
6238,-531
6239,-362
6240,213
6241,-738
6242,78
6243,-467
6244,-40
6245,-1544
6246,-1058
6247,-637
6248,-1950
6249,-1037
6250,-1580
6251,-17
6252,-1451
6253,-545
6254,590
6255,-1685
6256,-643
6257,388
6258,-630
6259,-1078
6260,115
6261,-1100
6262,-1282
6263,64
6264,-1338
6265,-319
6266,611
6267,-868
6268,-1806
6269,492
6270,-583
6271,-955
6272,-499
6273,-526
6274,-543
6275,-702
6276,-1732
6277,277
6278,-969
6279,-793
6280,-24
6281,480
6282,150
6283,-1947
6284,400
6285,-909
6286,-219
6287,-1128
6288,620
6289,8
6290,-1252
6291,-1778
6292,30
6293,-1824
6294,190
6295,-817
6296,219
6297,-700
6298,-665
6299,-1508
6300,-1017
6301,-529
6302,-593
6303,670
6304,-2006
6305,-648
6306,-2259
6307,52
6308,-368
6309,281
6310,-449
6311,-1520
6312,-974
6313,-382
6314,-1409
6315,-777
6316,118
6317,-763
6318,-905
6319,-212
6320,239
6321,-973
6322,56
6323,-710
6324,-678
6325,-1927
6326,-1650
6327,-3
6328,-104
6329,-674
6330,-1248
6331,-1007
6332,-221
6333,353
6334,-571
6335,-607
6336,190
6337,-1488
6338,289
6339,148
6340,-1636
6341,-345
6342,-1919
6343,-485
6344,-1805
6345,-252
6346,229
6347,-442
6348,-1236
6349,-1867
6350,-1110
6351,-212
6352,-1310
6353,-78
6354,-585
6355,-198
6356,-948
6357,453
6358,-2055
6359,613
6360,-42
6361,129
6362,-522
6363,-1309
6364,846
6365,156
6366,-378
6367,-2399
6368,-861
6369,-399
6370,-2040
6371,-1867
6372,-2155
6373,206
6374,393
6375,105
6376,-941
6377,-1393
6378,568
6379,-401
6380,-1075
6381,-1915
6382,-1102
6383,-1308
6384,-367
6385,-101
6386,-563
6387,775
6388,-661
6389,-385
6390,-1974
6391,-727
6392,-418
6393,220
6394,-1205
6395,-535
6396,-414
6397,-871
6398,-1253
6399,465
6400,-1502
6401,441
6402,-1173
6403,-1048
6404,-669
6405,-490
6406,-799
6407,-1042
6408,-961
6409,-1278
6410,-337
6411,-2007
6412,-214
6413,-570
6414,-1648
6415,-566
6416,-258
6417,-159
6418,-2315
6419,-1133
6420,-185
6421,-1716
6422,639
6423,-395
6424,-2165
6425,-210
6426,-623
6427,54
6428,46
6429,173
6430,-823
6431,-1358
6432,-1713
6433,73
6434,117
6435,-1218
6436,-267
6437,-620
6438,-1247
6439,32
6440,-556
6441,-1017
6442,-654
6443,464
6444,-952
6445,-2019
6446,603
6447,-188
6448,-1025
6449,-448
6450,-626
6451,-294
6452,252
6453,-1315
6454,-1171
6455,82
6456,-469
6457,-38
6458,-1437
6459,-483
6460,993
6461,-283
6462,-363
6463,-23
6464,-2329
6465,-637
6466,234
6467,-539
6468,-1405
6469,-939
6470,-232
6471,-1590
6472,863
6473,-2
6474,-799
6475,-118
6476,-1476
6477,-859
6478,220
6479,63
6480,-151
6481,681
6482,288
6483,523
6484,-1778
6485,-1487
6486,-280
6487,-79
6488,-789
6489,-905
6490,-338
6491,-329
6492,-1046
6493,-590
6494,684
6495,623
6496,-1765
6497,-310
6498,329
6499,971
6500,495
6501,233
6502,756
6503,959
6504,-10
6505,-85
6506,-1163
6507,323
6508,-2732
6509,-476
6510,-145
6511,-1074
6512,-1378
6513,-952
6514,-4
6515,-163
6516,-208
6517,-1
6518,-734
6519,-1529
6520,-1101
6521,-894
6522,-1858
6523,-946
6524,-507
6525,1
6526,-223
6527,-1196
6528,-452
6529,335
6530,-1654
6531,-1729
6532,108
6533,-1191
6534,678
6535,-1096
6536,-1196
6537,-835
6538,-585
6539,-702
6540,17
6541,0
6542,-858
6543,-1610
6544,472
6545,-822
6546,1252
6547,-1468
6548,-668
6549,-584
6550,-1751
6551,-657
6552,339
6553,574
6554,-882
6555,-2572
6556,-617
6557,98
6558,-411
6559,-417
6560,460
6561,-790
6562,-299
6563,-809
6564,-417
6565,-3
6566,254
6567,-2151
6568,-1952
6569,-1378
6570,53
6571,5
6572,380
6573,-123
6574,-643
6575,-202
6576,265
6577,615
6578,-369
6579,-1170
6580,340
6581,328
6582,-778
6583,-1455
6584,-1091
6585,-1685
6586,-1331
6587,253
6588,-2532
6589,503
6590,-992
6591,-1347
6592,-1271
6593,-2250
6594,517
6595,-1851
6596,466
6597,553
6598,-560
6599,-278
6600,-262
6601,-2175
6602,-774
6603,-550
6604,-491
6605,213
6606,-1563
6607,-426
6608,-748
6609,-1493
6610,-202
6611,347
6612,284
6613,153
6614,609
6615,-1288
6616,-180
6617,-309
6618,-1907
6619,-1795
6620,-479
6621,-1012
6622,-1172
6623,-575
6624,-1051
6625,-288
6626,132
6627,-1698
6628,-2190
6629,1366
6630,-846
6631,242
6632,-799
6633,-314
6634,-186
6635,-480
6636,42
6637,-730
6638,-235
6639,-2271
6640,-489
6641,-1970
6642,498
6643,-1142
6644,-1055
6645,-2246
6646,-681
6647,-293
6648,962
6649,-1438
6650,-414
6651,-1935
6652,-278
6653,-1169
6654,-889
6655,-1637
6656,-981
6657,713
6658,-1194
6659,-1123
6660,-1260
6661,-39
6662,540
6663,-14
6664,-204
6665,-786
6666,220
6667,-496
6668,-632
6669,691
6670,170
6671,-737
6672,180
6673,-129
6674,-1018
6675,-3102
6676,-981
6677,826
6678,-492
6679,-108
6680,-552
6681,889
6682,-605
6683,-327
6684,15
6685,-511
6686,-722
6687,-1751
6688,521
6689,91
6690,347
6691,101
6692,18
6693,89
6694,-2076
6695,-390
6696,-1178
6697,-607
6698,119
6699,-184
6700,-908
6701,551
6702,-367
6703,479
6704,-1311
6705,-986
6706,-416
6707,-554
6708,550
6709,-1146
6710,-860
6711,801
6712,-489
6713,-1151
6714,-303
6715,-1301
6716,-219
6717,457
6718,-957
6719,-33
6720,-87
6721,122
6722,-794
6723,115
6724,-893
6725,-1189
6726,195
6727,-145
6728,332
6729,38
6730,-1246
6731,-120
6732,-806
6733,-1738
6734,976
6735,-425
6736,-303
6737,78
6738,824
6739,-508
6740,-858
6741,-1188
6742,-1112
6743,179
6744,-639
6745,379
6746,-199
6747,-877
6748,-648
6749,-409
6750,851
6751,71
6752,-466
6753,-307
6754,-1309
6755,-1695
6756,-20
6757,427
6758,161
6759,-1444
6760,-606
6761,111
6762,-623
6763,-131
6764,237
6765,-450
6766,-1581
6767,1106
6768,84
6769,-2831
6770,-929
6771,520
6772,-601
6773,102
6774,-1384
6775,-1484
6776,-647
6777,-1024
6778,98
6779,-765
6780,-1221
6781,-1400
6782,-1700
6783,-1132
6784,-816
6785,-1190
6786,-1834
6787,726
6788,-46
6789,-1564
6790,65
6791,-196
6792,-514
6793,-273
6794,-1540
6795,940
6796,101
6797,-2031
6798,-1787
6799,78
6800,-69
6801,-111
6802,-936
6803,-572
6804,-1848
6805,-383
6806,278
6807,-12
6808,-1369
6809,-26
6810,-345
6811,259
6812,-593
6813,-547
6814,110
6815,-201
6816,548
6817,-87
6818,14
6819,290
6820,-1469
6821,-1458
6822,238
6823,-699
6824,-1926
6825,-109
6826,175
6827,-1493
6828,-1279
6829,-1299
6830,23
6831,71
6832,-1964
6833,-668
6834,-832
6835,-781
6836,-1222
6837,-1738
6838,-1225
6839,-1395
6840,-784
6841,400
6842,53
6843,207
6844,626
6845,-1
6846,98
6847,-742
6848,-64
6849,-794
6850,-993
6851,-561
6852,364
6853,-84
6854,-1230
6855,-1455
6856,-1469
6857,-756
6858,372
6859,-1016
6860,695
6861,-182
6862,-432
6863,-599
6864,-79
6865,441
6866,122
6867,-242
6868,115
6869,-357
6870,306
6871,-223
6872,-44
6873,-588
6874,-1832
6875,-926
6876,265
6877,-627
6878,-706
6879,-830
6880,-847
6881,-1569
6882,-1292
6883,-1221
6884,-182
6885,995
6886,-1010
6887,453
6888,-1218
6889,-1024
6890,-1907
6891,-1365
6892,-140
6893,-875
6894,523
6895,-1068
6896,64
6897,107
6898,-1298
6899,361
6900,-887
6901,-1399
6902,-2129
6903,-1238
6904,-1002
6905,1237
6906,-292
6907,375
6908,-1154
6909,-306
6910,-561
6911,-1330
6912,-1322
6913,-650
6914,-2234
6915,-820
6916,-1188
6917,-399
6918,-670
6919,-1708
6920,-311
6921,77
6922,-1345
6923,-554
6924,-100
6925,-1483
6926,-1581
6927,205
6928,-771
6929,-635
6930,433
6931,-49
6932,-345
6933,-1758
6934,-2174
6935,-763
6936,-553
6937,-1140
6938,-1256
6939,161
6940,-1168
6941,-871
6942,-527
6943,224
6944,-663
6945,-983
6946,496
6947,-1001
6948,-331
6949,-647
6950,-176
6951,-1324
6952,-47
6953,-1085
6954,175
6955,-202
6956,-1630
6957,-1217
6958,268
6959,-673
6960,-703
6961,-1199
6962,-1207
6963,-191
6964,-677
6965,43
6966,-2241
6967,-1184
6968,-1098
6969,658
6970,-386
6971,-1019
6972,-1021
6973,459
6974,-649
6975,623
6976,-1744
6977,396
6978,-639
6979,-431
6980,620
6981,-1151
6982,211
6983,128
6984,-158
6985,-311
6986,-621
6987,157
6988,310
6989,-489
6990,-322
6991,-592
6992,-682
6993,99
6994,-1150
6995,-815
6996,-525
6997,61
6998,-1057
6999,-382
7000,368
7001,187
7002,-604
7003,-1456
7004,210
7005,-189
7006,254
7007,-1107
7008,172
7009,-1257
7010,-1712
7011,463
7012,-992
7013,-171
7014,-690
7015,435
7016,-473
7017,983
7018,-912
7019,375
7020,-382
7021,-472
7022,-1538
7023,-2567
7024,-799
7025,-434
7026,-902
7027,-1110
7028,-137
7029,86
7030,-2396
7031,-392
7032,-583
7033,-73
7034,-31
7035,-306
7036,-191
7037,-334
7038,-939
7039,-1285
7040,-36
7041,-113
7042,-1251
7043,-56
7044,-55
7045,-802
7046,-1107
7047,-1767
7048,-157
7049,79
7050,286
7051,-1416
7052,578
7053,-665
7054,-569
7055,149
7056,63
7057,-1204
7058,-940
7059,-682
7060,-261
7061,-833
7062,-31
7063,-1088
7064,-1364
7065,-1750
7066,1022
7067,-213
7068,242
7069,-1618
7070,-1772
7071,-592
7072,-1201
7073,159
7074,-407
7075,-398
7076,-1783
7077,-885
7078,-817
7079,308
7080,-440
7081,41
7082,-175
7083,-2190
7084,-325
7085,-234
7086,-1386
7087,-739
7088,-505
7089,663
7090,-379
7091,55
7092,828
7093,-1547
7094,667
7095,-1146
7096,617
7097,153
7098,-1132
7099,50
7100,-637
7101,-1280
7102,337
7103,-770
7104,-272
7105,361
7106,-1688
7107,-79
7108,-1520
7109,-1108
7110,-201
7111,-1349
7112,-134
7113,-885
7114,-964
7115,-972
7116,487
7117,-882
7118,365
7119,-861
7120,-1718
7121,-414
7122,-190
7123,-1378
7124,-314
7125,-2225
7126,728
7127,-493
7128,-993
7129,-1475
7130,-142
7131,-271
7132,1004
7133,-684
7134,-1092
7135,471
7136,-69
7137,5
7138,60
7139,-294
7140,-988
7141,-900
7142,0
7143,-967
7144,-221
7145,125
7146,-2292
7147,262
7148,401
7149,372
7150,145
7151,-890
7152,-327
7153,315
7154,-120
7155,-502
7156,-946
7157,-310
7158,-1828
7159,-1373
7160,-1237
7161,-1008
7162,-1083
7163,-2134
7164,-722
7165,401
7166,-738
7167,511
7168,208
7169,-1668
7170,-157
7171,-768
7172,515
7173,-1065
7174,-295
7175,452
7176,-871
7177,820
7178,326
7179,21
7180,172
7181,94
7182,-1153
7183,-2399
7184,277
7185,-45
7186,-914
7187,-828
7188,-1152
7189,136
7190,-1990
7191,-1716
7192,-598
7193,102
7194,-1693
7195,-22
7196,-2012
7197,571
7198,-929
7199,144
7200,407
7201,-1580
7202,-31
7203,1035
7204,893
7205,519
7206,-1661
7207,49
7208,-257
7209,-352
7210,-1163
7211,-824
7212,-701
7213,54
7214,-119
7215,-694
7216,-1991
7217,-626
7218,-643
7219,-91
7220,157
7221,-59
7222,-472
7223,-1451
7224,-1697
7225,-229
7226,236
7227,-35
7228,-1750
7229,-648
7230,-941
7231,606
7232,-217
7233,-1150
7234,-1550
7235,-68
7236,-1494
7237,539
7238,315
7239,-417
7240,894
7241,-74
7242,-951
7243,283
7244,-115
7245,-341
7246,-1289
7247,-507
7248,-890
7249,-653
7250,291
7251,-1278
7252,-363
7253,-378
7254,-277
7255,760
7256,-206
7257,-741
7258,142
7259,-253
7260,128
7261,-643
7262,-853
7263,-1759
7264,270
7265,-291
7266,-1018
7267,-912
7268,-688
7269,-127
7270,196
7271,-1684
7272,-446
7273,-1009
7274,-805
7275,-410
7276,-735
7277,-989
7278,-222
7279,741
7280,387
7281,-777
7282,-80
7283,554
7284,-714
7285,-1233
7286,181
7287,-151
7288,-1069
7289,-687
7290,170
7291,-809
7292,312
7293,-322
7294,616
7295,-188
7296,-630
7297,-1046
7298,-102
7299,-1022
7300,-25
7301,-298
7302,-384
7303,-2262
7304,189
7305,615
7306,-869
7307,-1774
7308,210
7309,-247
7310,655
7311,-49
7312,-1941
7313,-1331
7314,371
7315,-1912
7316,-1627
7317,-147
7318,-1022
7319,-448
7320,-1172
7321,-229
7322,786
7323,-572
7324,-1234
7325,-65
7326,-1056
7327,-1251
7328,111
7329,523
7330,-777
7331,-440
7332,-1078
7333,-421
7334,-1221
7335,-529
7336,937
7337,-383
7338,-1048
7339,162
7340,-595
7341,449
7342,-992
7343,-907
7344,-197
7345,-212
7346,-205
7347,-827
7348,29
7349,-273
7350,-597
7351,-1538
7352,1170
7353,-357
7354,731
7355,-1348
7356,-78
7357,-624
7358,-905
7359,207
7360,179
7361,-1476
7362,-317
7363,-479
7364,-1768
7365,-917
7366,-1408
7367,833
7368,-714
7369,-118
7370,46
7371,-93
7372,-310
7373,-459
7374,-911
7375,-1060
7376,121
7377,-980
7378,-2156
7379,439
7380,-177
7381,-1176
7382,-732
7383,-561
7384,-615
7385,-511
7386,-535
7387,58
7388,-817
7389,-109
7390,-738
7391,-569
7392,-480
7393,-233
7394,-95
7395,-188
7396,-819
7397,547
7398,421
7399,-9
7400,-496
7401,-679
7402,-346
7403,-1131
7404,295
7405,-17
7406,122
7407,-1294
7408,-317
7409,-408
7410,-566
7411,-123
7412,-1445
7413,-311
7414,-762
7415,-704
7416,-338
7417,-459
7418,202
7419,-112
7420,-1190
7421,-1986
7422,-973
7423,-1620
7424,-60
7425,45
7426,1069
7427,-1031
7428,-682
7429,-2207
7430,306
7431,-548
7432,30
7433,664
7434,82
7435,-1399
7436,1202
7437,351
7438,-1940
7439,-1450
7440,-906
7441,-1514
7442,660
7443,170
7444,-61
7445,-1697
7446,-841
7447,-798
7448,-1612
7449,-260
7450,-126
7451,-15
7452,1095
7453,-70
7454,-985
7455,-704
7456,863
7457,-1176
7458,174
7459,-1778
7460,-1701
7461,728
7462,-1465
7463,-1108
7464,-414
7465,-721
7466,-457
7467,-198
7468,891
7469,-2198
7470,-458
7471,124
7472,-572
7473,190
7474,-90
7475,-1383
7476,74
7477,-368
7478,-1780
7479,117
7480,503
7481,-879
7482,-585
7483,-480
7484,-1658
7485,-303
7486,-424
7487,-1447
7488,-1012
7489,-947
7490,448
7491,-345
7492,-1401
7493,-1528
7494,446
7495,-1666
7496,316
7497,-93
7498,-841
7499,-1285
7500,-91
7501,-669
7502,70
7503,-1012
7504,-410
7505,-436
7506,-431
7507,-250
7508,-885
7509,-263
7510,-937
7511,-697
7512,-229
7513,-68
7514,-165
7515,402
7516,-563
7517,-136
7518,169
7519,-774
7520,732
7521,-298
7522,434
7523,727
7524,-1441
7525,-367
7526,-9
7527,-1
7528,-71
7529,613
7530,-168
7531,-143
7532,-1140
7533,943
7534,-266
7535,-1006
7536,-1137
7537,-1337
7538,378
7539,573
7540,-146
7541,-1493
7542,615
7543,-949
7544,-400
7545,701
7546,-1090
7547,-2095
7548,-1026
7549,-327
7550,-571
7551,877
7552,-116
7553,511
7554,-986
7555,68
7556,-1637
7557,213
7558,-1566
7559,-1710
7560,-301
7561,88
7562,6
7563,619
7564,-356
7565,-232
7566,-1324
7567,-1718
7568,136
7569,-1115
7570,-1174
7571,447
7572,-458
7573,-906
7574,142
7575,462
7576,-509
7577,705
7578,-1045
7579,-986
7580,-563
7581,-231
7582,76
7583,593
7584,-264
7585,-473
7586,272
7587,-1018
7588,99
7589,238
7590,-499
7591,-513
7592,-391
7593,-1087
7594,-363
7595,-1046
7596,-519
7597,1103
7598,-431
7599,199
7600,-4
7601,-1310
7602,418
7603,-532
7604,-387
7605,-815
7606,-284
7607,807
7608,1024
7609,-1645
7610,-778
7611,-1150
7612,-884
7613,-514
7614,-754
7615,-1056
7616,-613
7617,-950
7618,126
7619,-34
7620,-405
7621,-105
7622,-317
7623,-2296
7624,-2462
7625,-213
7626,-843
7627,236
7628,-321
7629,-514
7630,-304
7631,-796
7632,-1406
7633,-967
7634,-1791
7635,-138
7636,-757
7637,-102
7638,-1028
7639,14
7640,-891
7641,657
7642,-683
7643,-789
7644,-1387
7645,-36
7646,-759
7647,580
7648,-531
7649,-763
7650,118
7651,-620
7652,594
7653,-882
7654,-342
7655,-314
7656,-1359
7657,-622
7658,-243
7659,-341
7660,-1749
7661,-56
7662,527
7663,398
7664,-1054
7665,304
7666,740
7667,-977
7668,-1130
7669,-193
7670,-388
7671,-1081
7672,-1341
7673,-411
7674,-1602
7675,-82
7676,-647
7677,1170
7678,-172
7679,-918
7680,-52
7681,-208
7682,-9
7683,651
7684,-1902
7685,232
7686,-2035
7687,279
7688,-792
7689,-1192
7690,771
7691,-1351
7692,-1931
7693,-2253
7694,-923
7695,111
7696,-303
7697,-1039
7698,-918
7699,129
7700,-555
7701,240
7702,343
7703,-940
7704,-464
7705,-1417
7706,-642
7707,272
7708,591
7709,-1231
7710,-975
7711,-1717
7712,-1047
7713,-2681
7714,-301
7715,79
7716,-448
7717,-2233
7718,-874
7719,259
7720,-208
7721,8
7722,-81
7723,-201
7724,-2004
7725,108
7726,-204
7727,-291
7728,-619
7729,-2033
7730,-85
7731,-467
7732,-219
7733,-898
7734,-917
7735,357
7736,-115
7737,-332
7738,-1075
7739,-267
7740,-1320
7741,-649
7742,423
7743,-821
7744,-96
7745,-1063
7746,-435
7747,-62
7748,137
7749,-356
7750,-140
7751,-2527
7752,-2201
7753,-118
7754,-523
7755,-873
7756,21
7757,142
7758,-606
7759,464
7760,-175
7761,-771
7762,-1934
7763,-318
7764,-1256
7765,-196
7766,327
7767,-172
7768,-604
7769,91
7770,-378
7771,-305
7772,-93
7773,-391
7774,136
7775,-429
7776,-435
7777,-229
7778,-183
7779,-1204
7780,839
7781,-1570
7782,-816
7783,618
7784,-956
7785,758
7786,520
7787,-1144
7788,-1208
7789,-42
7790,-1190
7791,-745
7792,-1368
7793,-281
7794,-806
7795,284
7796,-973
7797,-21
7798,-581
7799,-179
7800,156
7801,-164
7802,-388
7803,-912
7804,458
7805,-640
7806,-22
7807,-637
7808,281
7809,345
7810,135
7811,-98
7812,-394
7813,-1028
7814,853
7815,-197
7816,544
7817,-84
7818,-299
7819,-865
7820,-1312
7821,-2441
7822,-1548
7823,-453
7824,52
7825,-628
7826,353
7827,-480
7828,-879
7829,-741
7830,-370
7831,-538
7832,-227
7833,-2083
7834,-128
7835,491
7836,352
7837,-762
7838,-689
7839,348
7840,-1015
7841,474
7842,-10
7843,-803
7844,14
7845,-465
7846,-1412
7847,750
7848,756
7849,21
7850,300
7851,838
7852,-1016
7853,156
7854,-690
7855,-233
7856,-574
7857,-1117
7858,-500
7859,-549
7860,-1662
7861,112
7862,372
7863,-133
7864,57
7865,-120
7866,-1370
7867,619
7868,-1816
7869,-2112
7870,-661
7871,717
7872,257
7873,697
7874,-1235
7875,1196
7876,-1486
7877,-1852
7878,-375
7879,-1242
7880,-530
7881,-1037
7882,433
7883,988
7884,-1375
7885,-1553
7886,-803
7887,-1378
7888,-142
7889,-369
7890,-455
7891,-1762
7892,-1088
7893,-277
7894,-1401
7895,-764
7896,-387
7897,154
7898,190
7899,-974
7900,-623
7901,-699
7902,151
7903,-198
7904,405
7905,-132
7906,-1
7907,-385
7908,-1212
7909,-1414
7910,845
7911,-185
7912,201
7913,-1508
7914,-1210
7915,-515
7916,-33
7917,365
7918,-127
7919,224
7920,-981
7921,811
7922,-165
7923,-2705
7924,393
7925,-1699
7926,-1216
7927,-1728
7928,-11
7929,384
7930,-1406
7931,315
7932,-556
7933,-1373
7934,-310
7935,-346
7936,-27
7937,-507
7938,450
7939,480
7940,-237
7941,-110
7942,-2659
7943,-832
7944,-1195
7945,-1246
7946,-829
7947,-1522
7948,11
7949,-567
7950,-732
7951,189
7952,1020
7953,-549
7954,-1795
7955,-806
7956,-796
7957,-326
7958,-352
7959,-733
7960,-603
7961,-1847
7962,-852
7963,-960
7964,-1857
7965,-940
7966,-1484
7967,-774
7968,498
7969,-572
7970,-826
7971,-3091
7972,-766
7973,170
7974,-409
7975,-1317
7976,-276
7977,627
7978,-77
7979,-289
7980,-1517
7981,-347
7982,-1465
7983,-836
7984,-615
7985,-213
7986,-321
7987,-159
7988,17
7989,-1570
7990,-1001
7991,-1693
7992,-369
7993,251
7994,-543
7995,253
7996,-656
7997,-1446
7998,235
7999,1009
8000,615
8001,161
8002,34
8003,-2128
8004,-298
8005,-1935
8006,-1054
8007,-1002
8008,208
8009,-1022
8010,-711
8011,251
8012,-817
8013,-1039
8014,-309
8015,-2328
8016,-389
8017,-622
8018,-480
8019,-2285
8020,585
8021,-285
8022,-108
8023,-1320
8024,-2294
8025,-473
8026,-203
8027,-1680
8028,-868
8029,-970
8030,-76
8031,-1172
8032,-1059
8033,-719
8034,41
8035,-598
8036,-606
8037,-870
8038,-292
8039,49
8040,-1393
8041,-380
8042,-1357
8043,202
8044,-1367
8045,-135
8046,-532
8047,-606
8048,-988
8049,194
8050,-661
8051,-1658
8052,-952
8053,-906
8054,-44
8055,-76
8056,-842
8057,-1205
8058,-1004
8059,-758
8060,-40
8061,-2213
8062,-2300
8063,-250
8064,-417
8065,-680
8066,129
8067,-686
8068,130
8069,359
8070,-794
8071,-1148
8072,-1046
8073,22
8074,-1676
8075,-615
8076,67
8077,-477
8078,-1229
8079,333
8080,-527
8081,-962
8082,99
8083,-114
8084,490
8085,-565
8086,-2513
8087,-498
8088,-656
8089,-504
8090,-303
8091,-410
8092,-1006
8093,842
8094,237
8095,-742
8096,-613
8097,-174
8098,582
8099,-1302
8100,434
8101,438
8102,-1319
8103,-936
8104,-1176
8105,-643
8106,-961
8107,-432
8108,340
8109,-1024
8110,-1031
8111,276
8112,-885
8113,-407
8114,-1311
8115,-1198
8116,566
8117,-469
8118,203
8119,-640
8120,-977
8121,-1760
8122,-58
8123,777
8124,-114
8125,-183
8126,-130
8127,426
8128,-1188
8129,-1065
8130,471
8131,229
8132,-949
8133,-375
8134,498
8135,-1445
8136,-698
8137,525
8138,-309
8139,-491
8140,-1117
8141,-973
8142,-606
8143,-1021
8144,-440
8145,-2594
8146,-118
8147,-464
8148,-846
8149,-579
8150,-384
8151,-626
8152,-1021
8153,-986
8154,1229
8155,-502
8156,-921
8157,-329
8158,34
8159,-1628
8160,-628
8161,-1314
8162,-197
8163,-1106
8164,403
8165,843
8166,-585
8167,-299
8168,-155
8169,445
8170,-2171
8171,509
8172,-33
8173,-596
8174,-534
8175,-207
8176,751
8177,700
8178,-261
8179,-657
8180,17
8181,738
8182,617
8183,-173
8184,-131
8185,-165
8186,-1138
8187,-376
8188,5
8189,-133
8190,-1612
8191,492
8192,289
8193,-1899
8194,-1329
8195,-1412
8196,188
8197,-255
8198,-218
8199,-1257
8200,-1207
8201,16
8202,-65
8203,-1108
8204,454
8205,529
8206,-473
8207,-29
8208,147
8209,-1265
8210,-1584
8211,13
8212,-1461
8213,-99
8214,382
8215,28
8216,-542
8217,-1378
8218,-941
8219,582
8220,-447
8221,-675
8222,400
8223,-275
8224,102
8225,342
8226,-1867
8227,-894
8228,-938
8229,-367
8230,-2291
8231,-564
8232,33
8233,-39
8234,-1138
8235,-914
8236,-735
8237,-1642
8238,-273
8239,-420
8240,-816
8241,-257
8242,-192
8243,-120
8244,893
8245,-568
8246,-1189
8247,-1055
8248,-1410
8249,-263
8250,-671
8251,-314
8252,-490
8253,-142
8254,-438
8255,-1925
8256,-651
8257,254
8258,-2153
8259,401
8260,-134
8261,-2452
8262,-723
8263,-1655
8264,-1310
8265,196
8266,704
8267,-150
8268,-187
8269,-1044
8270,942
8271,-251
8272,-1107
8273,-1422
8274,-1001
8275,505
8276,-602
8277,348
8278,-1700
8279,-1702
8280,-458
8281,-303
8282,-433
8283,-958
8284,376
8285,-43
8286,-278
8287,-755
8288,-129
8289,-1721
8290,-1719
8291,-531
8292,79
8293,-774
8294,-473
8295,-2771
8296,-1537
8297,-406
8298,524
8299,-132
8300,-274
8301,-679
8302,-520
8303,-801
8304,-328
8305,-791
8306,-348
8307,725
8308,-1527
8309,-1539
8310,14
8311,-1205
8312,-63
8313,-333
8314,-757
8315,-868
8316,-1129
8317,-656
8318,-512
8319,-452
8320,-289
8321,-1197
8322,-1772
8323,-404
8324,-354
8325,-558
8326,316
8327,696
8328,-778
8329,41
8330,-1536
8331,-1532
8332,-1425
8333,-565
8334,-856
8335,72
8336,-1047
8337,-653
8338,-487
8339,-319
8340,-2282
8341,-402
8342,-1445
8343,46
8344,-1399
8345,-1538
8346,-1553
8347,-2220
8348,-568
8349,-7
8350,-1780
8351,493
8352,-736
8353,531
8354,372
8355,23
8356,-285
8357,-13
8358,-158
8359,-1223
8360,-708
8361,-941
8362,-1018
8363,-1625
8364,-559
8365,-1819
8366,-348
8367,-348
8368,-477
8369,-206
8370,-896
8371,-767
8372,-1303
8373,-571
8374,343
8375,-1361
8376,-948
8377,-571
8378,-206
8379,-456
8380,-285
8381,-612
8382,107
8383,184
8384,-641
8385,-246
8386,-2880
8387,-1476
8388,-1165
8389,-471
8390,-726
8391,689
8392,-145
8393,-176
8394,-2080
8395,-903
8396,-391
8397,-561
8398,-1364
8399,-28
8400,-848
8401,-911
8402,-280
8403,-3493
8404,369
8405,-45
8406,-421
8407,-1394
8408,-726
8409,111
8410,1054
8411,201
8412,137
8413,-461
8414,-1143
8415,-1
8416,-1804
8417,-593
8418,-2110
8419,973
8420,-437
8421,444
8422,-827
8423,-73
8424,-1423
8425,-1425
8426,730
8427,-775
8428,-1029
8429,-56
8430,-535
8431,-451
8432,-825
8433,166
8434,-457
8435,550
8436,264
8437,401
8438,-440
8439,-1781
8440,320
8441,267
8442,-919
8443,-415
8444,-929
8445,-190
8446,252
8447,-1163
8448,-914
8449,-112
8450,615
8451,176
8452,-1034
8453,-1628
8454,-373
8455,405
8456,136
8457,97
8458,-945
8459,-1171
8460,177
8461,-986
8462,-1082
8463,-873
8464,-1150
8465,563
8466,187
8467,280
8468,-298
8469,-407
8470,-848
8471,431
8472,-660
8473,441
8474,57
8475,-152
8476,-874
8477,673
8478,-159
8479,-166
8480,-914
8481,-651
8482,224
8483,-360
8484,-801
8485,101
8486,358
8487,102
8488,-267
8489,-180
8490,-823
8491,-1082
8492,-776
8493,39
8494,724
8495,-2721
8496,-532
8497,107
8498,-977
8499,-242
8500,-1023
8501,-623
8502,892
8503,-1649
8504,-959
8505,-254
8506,-83
8507,-426
8508,66
8509,279
8510,-741
8511,-13
8512,-1489
8513,-1095
8514,-1676
8515,112
8516,-2170
8517,-564
8518,-752
8519,-945
8520,-294
8521,313
8522,-2031
8523,-384
8524,-192
8525,244
8526,104
8527,611
8528,911
8529,744
8530,-1047
8531,-444
8532,-277
8533,281
8534,237
8535,-1024
8536,136
8537,771
8538,401
8539,-792
8540,-904
8541,-34
8542,436
8543,-1007
8544,-687
8545,-1921
8546,392
8547,-449
8548,-1104
8549,-392
8550,-809
8551,76
8552,-611
8553,-483
8554,-1091
8555,-1500
8556,-975
8557,942
8558,303
8559,-1712
8560,-1299
8561,-1640
8562,-1439
8563,-789
8564,-28
8565,-464
8566,324
8567,485
8568,-1858
8569,-1378
8570,200
8571,589
8572,-479
8573,130
8574,906
8575,-595
8576,140
8577,-1115
8578,522
8579,-1526
8580,-469
8581,-110
8582,-408
8583,-318
8584,-513
8585,966
8586,-1546
8587,-509
8588,-200
8589,364
8590,-383
8591,64
8592,202
8593,-553
8594,-730
8595,-244
8596,-90
8597,-227
8598,907
8599,14
8600,-527
8601,-788
8602,-1681
8603,-799
8604,-2199
8605,-1048
8606,254
8607,-2571
8608,-584
8609,-1354
8610,61
8611,-478
8612,-549
8613,-1922
8614,-837
8615,-360
8616,-568
8617,158
8618,-139
8619,-43
8620,65
8621,-1473
8622,-777
8623,-1222
8624,-1670
8625,-887
8626,-1229
8627,-677
8628,212
8629,-1199
8630,-898
8631,-1646
8632,-236
8633,433
8634,-1361
8635,-1399
8636,-82
8637,-336
8638,297
8639,-511
8640,101
8641,-1252
8642,-231
8643,495
8644,-808
8645,-652
8646,-457
8647,-288
8648,-612
8649,-81
8650,286
8651,-946
8652,-597
8653,-620
8654,-1052
8655,-493
8656,-95
8657,-40
8658,-1096
8659,-6
8660,122
8661,-1505
8662,-649
8663,-1370
8664,189
8665,-337
8666,91
8667,-139
8668,548
8669,-134
8670,-879
8671,-475
8672,-366
8673,-771
8674,-414
8675,289
8676,-45
8677,-817
8678,-725
8679,94
8680,-768
8681,1180
8682,-755
8683,-1185
8684,-1760
8685,-1549
8686,-358
8687,36
8688,-1116
8689,635
8690,-408
8691,573
8692,-603
8693,-538
8694,-480
8695,295
8696,-354
8697,-2179
8698,-1254
8699,-1148
8700,113
8701,-698
8702,-289
8703,-1591
8704,-331
8705,1088
8706,-1265
8707,-693
8708,-423
8709,-1063
8710,-468
8711,-412
8712,121
8713,-1302
8714,454
8715,-242
8716,-2436
8717,-1628
8718,-1202
8719,-82
8720,-626
8721,-253
8722,469
8723,-1807
8724,689
8725,-386
8726,-626
8727,738
8728,-62
8729,-308
8730,107
8731,918
8732,-96
8733,-718
8734,596
8735,-1438
8736,-240
8737,214
8738,113
8739,-980
8740,299
8741,222
8742,202
8743,626
8744,501
8745,229
8746,-1844
8747,-279
8748,-427
8749,-1113
8750,-2008
8751,127
8752,-473
8753,332
8754,-1888
8755,-23
8756,-1486
8757,-223
8758,-408
8759,94
8760,-480
8761,223
8762,-1757
8763,-1139
8764,-1967
8765,-2261
8766,-286
8767,-65
8768,-1403
8769,-426
8770,-753
8771,-808
8772,-1343
8773,528
8774,-1877
8775,57
8776,7
8777,272
8778,-31
8779,-1836
8780,898
8781,-1004
8782,-966
8783,-1368
8784,39
8785,-984
8786,-480
8787,-796
8788,-630
8789,-953
8790,-506
8791,-753
8792,-381
8793,-1160
8794,-1846
8795,-861
8796,-574
8797,-202
8798,-29
8799,-476
8800,-1124
8801,-629
8802,499
8803,-417
8804,-362
8805,-1198
8806,-663
8807,695
8808,246
8809,-2048
8810,705
8811,-1092
8812,-555
8813,-806
8814,191
8815,152
8816,-2438
8817,-206
8818,-89
8819,-464
8820,-808
8821,-604
8822,225
8823,644
8824,234
8825,-1037
8826,229
8827,-194
8828,-560
8829,-1254
8830,366
8831,107
8832,-179
8833,-2359
8834,308
8835,33
8836,-391
8837,-502
8838,-672
8839,577
8840,-179
8841,-1135
8842,-444
8843,-550
8844,108
8845,-2496
8846,218
8847,-1148
8848,-531
8849,-1120
8850,-504
8851,269
8852,-683
8853,283
8854,-2612
8855,-2269
8856,-295
8857,-2213
8858,191
8859,-741
8860,451
8861,33
8862,-1034
8863,82
8864,580
8865,-299
8866,-223
8867,-518
8868,-426
8869,-336
8870,-2
8871,-1117
8872,-497
8873,-1204
8874,153
8875,117
8876,-1830
8877,541
8878,-772
8879,149
8880,137
8881,-1125
8882,-1007
8883,192
8884,59
8885,-226
8886,-670
8887,-1446
8888,-263
8889,401
8890,381
8891,-2159
8892,-220
8893,-1444
8894,-1770
8895,1116
8896,-649
8897,-467
8898,-1261
8899,-309
8900,-1943
8901,-763
8902,-910
8903,-1286
8904,-416
8905,-885
8906,656
8907,484
8908,-769
8909,-214
8910,25
8911,-113
8912,-882
8913,-132
8914,89
8915,408
8916,651
8917,-572
8918,300
8919,-807
8920,-43
8921,-2368
8922,895
8923,-168
8924,418
8925,-37
8926,-1860
8927,-1534
8928,-891
8929,-1206
8930,-73
8931,-2828
8932,710
8933,-245
8934,-209
8935,-722
8936,-1667
8937,-639
8938,654
8939,-698
8940,203
8941,-603
8942,18
8943,314
8944,252
8945,-1341
8946,-719
8947,-447
8948,-1260
8949,-1220
8950,11
8951,-2258
8952,-31
8953,233
8954,178
8955,372
8956,-808
8957,-1431
8958,-542
8959,-1033
8960,-712
8961,103
8962,-512
8963,-240
8964,-60
8965,-565
8966,806
8967,-1190
8968,-66
8969,-852
8970,250
8971,-1404
8972,-379
8973,-800
8974,-506
8975,-942
8976,-535
8977,-597
8978,-296
8979,-265
8980,-641
8981,-1107
8982,-1029
8983,358
8984,762
8985,-584
8986,-147
8987,1088
8988,-581
8989,-1576
8990,-457
8991,247
8992,858
8993,-2085
8994,-15
8995,5
8996,75
8997,958
8998,-934
8999,-934
9000,-80
9001,-1811
9002,53
9003,-904
9004,-612
9005,225
9006,908
9007,-361
9008,6
9009,753
9010,57
9011,-233
9012,-716
9013,-585
9014,331
9015,23
9016,-1440
9017,-596
9018,-151
9019,-1538
9020,131
9021,-260
9022,-5
9023,256
9024,-84
9025,-18
9026,535
9027,-645
9028,-1001
9029,36
9030,162
9031,-754
9032,-2327
9033,-191
9034,33
9035,622
9036,-943
9037,-93
9038,-1119
9039,731
9040,-1375
9041,-1192
9042,278
9043,-1622
9044,-1029
9045,-39
9046,-6
9047,-194
9048,520
9049,-1312
9050,-1342
9051,-279
9052,-1782
9053,1025
9054,-176
9055,-407
9056,-298
9057,-236
9058,-528
9059,242
9060,89
9061,17
9062,-1470
9063,451
9064,-1150
9065,-1650
9066,-1832
9067,-1510
9068,662
9069,-370
9070,-401
9071,543
9072,-75
9073,-112
9074,-591
9075,747
9076,562
9077,-596
9078,-785
9079,-823
9080,-641
9081,-1139
9082,361
9083,-871
9084,510
9085,-267
9086,72
9087,990
9088,-575
9089,853
9090,-699
9091,-596
9092,-1151
9093,-1044
9094,-378
9095,-395
9096,-844
9097,-291
9098,65
9099,-132
9100,687
9101,-178
9102,-231
9103,-812
9104,-1682
9105,-779
9106,482
9107,-745
9108,58
9109,-1376
9110,-1046
9111,-990
9112,-648
9113,-505
9114,-259
9115,-1129
9116,60
9117,-235
9118,-297
9119,-112
9120,-1144
9121,-977
9122,-829
9123,151
9124,-1201
9125,-872
9126,-121
9127,485
9128,-1319
9129,-848
9130,-612
9131,-1244
9132,-676
9133,-842
9134,234
9135,-281
9136,-1760
9137,99
9138,-1262
9139,-917
9140,123
9141,286
9142,-494
9143,-579
9144,266
9145,-1554
9146,-364
9147,581
9148,-364
9149,-745
9150,772
9151,-1485
9152,877
9153,-703
9154,134
9155,-424
9156,387
9157,86
9158,-907
9159,-1120
9160,578
9161,-105
9162,-1373
9163,19
9164,-989
9165,316
9166,7
9167,-81
9168,-1476
9169,815
9170,-936
9171,-358
9172,184
9173,-709
9174,-918
9175,-740
9176,-660
9177,-1951
9178,-466
9179,-1592
9180,-831
9181,-1168
9182,84
9183,1
9184,-394
9185,637
9186,-1174
9187,-844
9188,-263
9189,189
9190,691
9191,-7
9192,-2533
9193,260
9194,220
9195,-944
9196,420
9197,-444
9198,-1258
9199,255
9200,-878
9201,-2153
9202,-621
9203,-437
9204,-828
9205,-1904
9206,153
9207,-508
9208,376
9209,-931
9210,-417
9211,-315
9212,170
9213,-112
9214,-620
9215,-883
9216,538
9217,-1568
9218,638
9219,-1868
9220,492
9221,-1186
9222,-654
9223,-315
9224,-1006
9225,-1203
9226,619
9227,-1744
9228,-1259
9229,-175
9230,-385
9231,-284
9232,365
9233,-246
9234,-873
9235,-208
9236,-388
9237,-1793
9238,-278
9239,642
9240,-262
9241,-738
9242,-1540
9243,-995
9244,-2032
9245,570
9246,-656
9247,487
9248,-205
9249,-735
9250,-248
9251,-1066
9252,-1462
9253,-913
9254,-351
9255,-653
9256,-193
9257,294
9258,-609
9259,248
9260,-12
9261,-290
9262,-225
9263,836
9264,23
9265,110
9266,-1486
9267,-577
9268,441
9269,1340
9270,-505
9271,415
9272,-212
9273,-532
9274,-1717
9275,-125
9276,253
9277,-696
9278,179
9279,-1313
9280,-34
9281,-922
9282,-657
9283,-1325
9284,515
9285,-1836
9286,-403
9287,763
9288,-2056
9289,-471
9290,-480
9291,-2116
9292,-285
9293,-534
9294,-769
9295,424
9296,629
9297,-240
9298,-1884
9299,-1364
9300,-1764
9301,-846
9302,-1178
9303,247
9304,-2163
9305,503
9306,-1671
9307,-392
9308,-1308
9309,1224
9310,158
9311,149
9312,657
9313,-172
9314,-468
9315,-231
9316,-168
9317,111
9318,-463
9319,-2257
9320,243
9321,909
9322,-1349
9323,-460
9324,-1332
9325,-799
9326,132
9327,-946
9328,-3
9329,-1799
9330,40
9331,-1905
9332,458
9333,-1867
9334,-1700
9335,-1606
9336,-406
9337,-443
9338,-1683
9339,197
9340,-1203
9341,-1355
9342,-353
9343,-1222
9344,-2075
9345,-1189
9346,648
9347,-1119
9348,-718
9349,185
9350,-410
9351,-62
9352,-228
9353,-1048
9354,-834
9355,-427
9356,-1514
9357,-106
9358,26
9359,-612
9360,-278
9361,-746
9362,-175
9363,-1110
9364,-546
9365,388
9366,-827
9367,-675
9368,-829
9369,-1462
9370,-2315
9371,-1030
9372,-126
9373,-1891
9374,-1259
9375,-490
9376,-467
9377,-778
9378,-2198
9379,-937
9380,-138
9381,26
9382,-1101
9383,-34
9384,-1953
9385,-995
9386,-52
9387,-1477
9388,140
9389,-25
9390,-294
9391,-378
9392,-859
9393,192
9394,-1267
9395,-131
9396,-5
9397,-719
9398,-1561
9399,-1269
9400,-1221
9401,-126
9402,-674
9403,-1137
9404,177
9405,-306
9406,-911
9407,-988
9408,-562
9409,-83
9410,165
9411,214
9412,-659
9413,-80
9414,-189
9415,-1018
9416,604
9417,579
9418,-52
9419,-39
9420,1002
9421,-866
9422,-440
9423,-523
9424,-1699
9425,-1746
9426,-933
9427,-172
9428,-51
9429,-1124
9430,-466
9431,1057
9432,241
9433,-1809
9434,-46
9435,-998
9436,577
9437,16
9438,-1369
9439,-1008
9440,411
9441,-872
9442,-429
9443,-532
9444,-1132
9445,369
9446,-1213
9447,-1325
9448,-734
9449,-656
9450,-1897
9451,-1578
9452,-111
9453,209
9454,118
9455,-968
9456,229
9457,-703
9458,-904
9459,-633
9460,802
9461,-703
9462,412
9463,615
9464,-1098
9465,-143
9466,559
9467,-800
9468,188
9469,-662
9470,271
9471,-39
9472,-587
9473,-1233
9474,-1051
9475,-658
9476,-2993
9477,-16
9478,-837
9479,216
9480,528
9481,-1020
9482,903
9483,-466
9484,535
9485,-653
9486,-1575
9487,-264
9488,-739
9489,-729
9490,-1644
9491,1017
9492,-23
9493,-257
9494,93
9495,6
9496,-1486
9497,-970
9498,379
9499,-1144
9500,-505
9501,-1620
9502,12
9503,400
9504,631
9505,222
9506,-1046
9507,740
9508,-413
9509,-45
9510,-1274
9511,562
9512,-432
9513,-325
9514,719
9515,226
9516,-1512
9517,-236
9518,-2105
9519,-902
9520,-1392
9521,-385
9522,-214
9523,-616
9524,-305
9525,18
9526,-884
9527,-26
9528,-204
9529,-645
9530,39
9531,-1615
9532,156
9533,-1563
9534,-60
9535,330
9536,-211
9537,-420
9538,364
9539,-2279
9540,-1671
9541,-214
9542,-172
9543,-10
9544,-1251
9545,-868
9546,-488
9547,-875
9548,929
9549,721
9550,-1161
9551,763
9552,399
9553,-355
9554,-438
9555,-1393
9556,-144
9557,-2001
9558,-418
9559,43
9560,-1512
9561,333
9562,1020
9563,-52
9564,-70
9565,-1603
9566,-187
9567,-345
9568,315
9569,255
9570,-80
9571,253
9572,-1008
9573,193
9574,-1422
9575,343
9576,-92
9577,286
9578,868
9579,-473
9580,-338
9581,-278
9582,-1512
9583,-1015
9584,894
9585,-1173
9586,-773
9587,-1344
9588,-1698
9589,-1502
9590,-1866
9591,-164
9592,754
9593,384
9594,-2203
9595,25
9596,-1234
9597,-1075
9598,761
9599,-1503
9600,-1594
9601,-330
9602,95
9603,-246
9604,-342
9605,-1120
9606,-499
9607,611
9608,1188
9609,-1019
9610,-724
9611,13
9612,-15
9613,191
9614,-1016
9615,-1163
9616,696
9617,-793
9618,-598
9619,554
9620,-382
9621,-844
9622,-992
9623,-555
9624,-3172
9625,-786
9626,373
9627,-303
9628,129
9629,-1340
9630,-113
9631,-351
9632,261
9633,211
9634,-572
9635,-806
9636,-187
9637,-416
9638,116
9639,-1309
9640,-1352
9641,-533
9642,-1152
9643,-1224
9644,-308
9645,1147
9646,-1089
9647,-552
9648,-1954
9649,-1112
9650,-383
9651,-204
9652,-1659
9653,-1442
9654,-1261
9655,-2161
9656,-1433
9657,-1458
9658,315
9659,116
9660,27
9661,-753
9662,804
9663,-825
9664,-1204
9665,-298
9666,116
9667,12
9668,159
9669,-1838
9670,-1774
9671,248
9672,-1650
9673,-626
9674,-1497
9675,-2839
9676,-160
9677,-2009
9678,-851
9679,-2192
9680,-1059
9681,-513
9682,-709
9683,-676
9684,-219
9685,-532
9686,-187
9687,-1553
9688,-1573
9689,-1838
9690,-658
9691,7
9692,-469
9693,-437
9694,-1389
9695,-795
9696,-656
9697,653
9698,-337
9699,-260
9700,-7
9701,-197
9702,-926
9703,-693
9704,-467
9705,-1478
9706,-4
9707,-121
9708,-1890
9709,602
9710,-1119
9711,17
9712,-1
9713,-670
9714,-1089
9715,-146
9716,518
9717,-556
9718,-1257
9719,-330
9720,-862
9721,-180
9722,-2107
9723,-364
9724,628
9725,-1340
9726,651
9727,-598
9728,-50
9729,313
9730,324
9731,-520
9732,93
9733,-151
9734,486
9735,-1381
9736,-1053
9737,45
9738,161
9739,-479
9740,-716
9741,-868
9742,-1440
9743,-648
9744,-9
9745,-1528
9746,-1323
9747,769
9748,-398
9749,60
9750,131
9751,-371
9752,-517
9753,14
9754,-668
9755,-511
9756,-588
9757,-1501
9758,-936
9759,-1624
9760,-1173
9761,12
9762,-2
9763,14
9764,-479
9765,-1562
9766,-214
9767,900
9768,26
9769,-1574
9770,183
9771,-486
9772,-1366
9773,-437
9774,-1700
9775,-1282
9776,1140
9777,-1274
9778,-820
9779,170
9780,-1476
9781,-414
9782,-1075
9783,-2073
9784,-67
9785,566
9786,110
9787,-607
9788,-956
9789,-1749
9790,323
9791,292
9792,-1498
9793,-1198
9794,45
9795,117
9796,-752
9797,-962
9798,-618
9799,-894
9800,-1668
9801,739
9802,737
9803,-2339
9804,-993
9805,691
9806,51
9807,-1280
9808,-161
9809,-167
9810,352
9811,-152
9812,-1459
9813,71
9814,-517
9815,-760
9816,-582
9817,696
9818,83
9819,-642
9820,-95
9821,155
9822,792
9823,-289
9824,77
9825,-1180
9826,609
9827,-679
9828,-350
9829,-989
9830,-1322
9831,565
9832,-1503
9833,-979
9834,-937
9835,400
9836,146
9837,-303
9838,-1140
9839,-1803
9840,396
9841,-561
9842,-861
9843,-690
9844,-1760
9845,-1450
9846,-1010
9847,-596
9848,11
9849,-628
9850,-773
9851,-1346
9852,280
9853,373
9854,-1339
9855,294
9856,-768
9857,-752
9858,-1374
9859,-503
9860,-119
9861,74
9862,-254
9863,-384
9864,425
9865,-807
9866,-28
9867,-1734
9868,148
9869,433
9870,69
9871,20
9872,28
9873,390
9874,-839
9875,-250
9876,-668
9877,-1360
9878,326
9879,-225
9880,-610
9881,465
9882,-1311
9883,568
9884,285
9885,-193
9886,-276
9887,-544
9888,149
9889,-557
9890,-1473
9891,-757
9892,-384
9893,-554
9894,-598
9895,207
9896,284
9897,100
9898,449
9899,455
9900,-1152
9901,-2238
9902,536
9903,834
9904,-638
9905,-2554
9906,-1096
9907,-616
9908,-773
9909,-238
9910,-807
9911,78
9912,355
9913,94
9914,-1015
9915,-1325
9916,257
9917,-420
9918,-486
9919,-1082
9920,-616
9921,-84
9922,-1031
9923,-1024
9924,497
9925,-291
9926,-2437
9927,159
9928,-509
9929,545
9930,-635
9931,-378
9932,151
9933,-1102
9934,-483
9935,-1426
9936,-301
9937,-1457
9938,-481
9939,-425
9940,534
9941,-1653
9942,508
9943,-899
9944,-67
9945,-821
9946,-430
9947,-1040
9948,-881
9949,-649
9950,-670
9951,-1074
9952,-852
9953,-1058
9954,-241
9955,137
9956,-1354
9957,-141
9958,64
9959,-777
9960,-670
9961,-368
9962,-1071
9963,183
9964,529
9965,-1808
9966,-210
9967,-626
9968,283
9969,-592
9970,57
9971,-41
9972,-408
9973,117
9974,-817
9975,576
9976,-1596
9977,-1205
9978,-845
9979,-2539
9980,30
9981,-1662
9982,249
9983,-1841
9984,24
9985,55
9986,896
9987,-667
9988,-680
9989,-309
9990,442
9991,-920
9992,579
9993,-986
9994,-568
9995,-1845
9996,-720
9997,-829
9998,-502
9999,-708
10000,-245
10001,-1567
10002,-794
10003,-40
10004,-658
10005,-44
10006,-759
10007,439
10008,-1040
10009,-297
10010,89
10011,-795
10012,-581
10013,127
10014,-92
10015,-886
10016,-1058
10017,-403
10018,-1320
10019,-1196
10020,-278
10021,-741
10022,271
10023,-556
10024,-1141
10025,860
10026,-291
10027,786
10028,-149
10029,-235
10030,488
10031,-1248
10032,-452
10033,-1564
10034,97
10035,43
10036,-1892
10037,-1020
10038,-61
10039,-1586
10040,-659
10041,1003
10042,-873
10043,-277
10044,373
10045,-319
10046,64
10047,-449
10048,-1404
10049,-612
10050,248
10051,-543
10052,-1998
10053,-860
10054,-1660
10055,148
10056,-1353
10057,-143
10058,-678
10059,618
10060,-505
10061,510
10062,136
10063,-923
10064,-143
10065,-993
10066,455
10067,-1462
10068,-359
10069,369
10070,-1004
10071,-857
10072,-956
10073,-2666
10074,-1369
10075,4
10076,-319
10077,472
10078,-743
10079,-1201
10080,-432
10081,-458
10082,-1236
10083,-862
10084,314
10085,-69
10086,192
10087,-1031
10088,817
10089,-1237
10090,-1234
10091,-1545
10092,-1772
10093,-294
10094,-1591
10095,1239
10096,-7
10097,-2507
10098,215
10099,-1046
10100,360
10101,-367
10102,-522
10103,-1693
10104,-939
10105,-387
10106,635
10107,-418
10108,-917
10109,-103
10110,-208
10111,-600
10112,-346
10113,-244
10114,-594
10115,-600
10116,-532
10117,-204
10118,-138
10119,-784
10120,-2314
10121,-497
10122,1095
10123,-692
10124,-798
10125,-62
10126,-326
10127,-637
10128,-1523
10129,1119
10130,297
10131,880
10132,-312
10133,-553
10134,-329
10135,-1267
10136,-929
10137,-238
10138,-636
10139,-34
10140,-1342
10141,-362
10142,-1423
10143,28
10144,-514
10145,500
10146,-1425
10147,-1658
10148,568
10149,428
10150,-175
10151,-641
10152,-2856
10153,223
10154,-437
10155,-426
10156,512
10157,-2633
10158,-1274
10159,-1484
10160,355
10161,-928
10162,-592
10163,-809
10164,-3160
10165,23
10166,-540
10167,164
10168,-683
10169,-764
10170,217
10171,-720
10172,-309
10173,-195
10174,-215
10175,-1510
10176,-1144
10177,-1403
10178,-459
10179,-326
10180,-1716
10181,-549
10182,-2764
10183,-1459
10184,-249
10185,136
10186,-333
10187,-664
10188,219
10189,-1136
10190,-334
10191,-380
10192,17
10193,638
10194,-1934
10195,-395
10196,-125
10197,-530
10198,-140
10199,21
10200,241
10201,525
10202,-1121
10203,-815
10204,579
10205,840
10206,-509
10207,-1631
10208,-2481
10209,-703
10210,-454
10211,-312
10212,-838
10213,-700
10214,-3008
10215,-215
10216,-422
10217,-13
10218,-1054
10219,268
10220,208
10221,-988
10222,609
10223,535
10224,-982
10225,65
10226,357
10227,255
10228,10
10229,791
10230,-220
10231,-1042
10232,-1049
10233,21
10234,-1017
10235,286
10236,-1621
10237,-408
10238,97
10239,-742
10240,67
10241,118
10242,14
10243,-330
10244,-201
10245,-488
10246,-526
10247,-1172
10248,-368
10249,-872
10250,57
10251,189
10252,102
10253,-1362
10254,-132
10255,-1341
10256,-320
10257,48
10258,116
10259,668
10260,-2255
10261,-888
10262,-1542
10263,-414
10264,-812
10265,-1073
10266,-1159
10267,-618
10268,140
10269,128
10270,-1452
10271,194
10272,148
10273,-1634
10274,-631
10275,39
10276,216
10277,-1254
10278,-47
10279,-569
10280,-2340
10281,-1961
10282,320
10283,-275
10284,-825
10285,-746
10286,405
10287,-473
10288,-105
10289,-422
10290,-1852
10291,-439
10292,-1383
10293,-331
10294,-565
10295,52
10296,-640
10297,-473
10298,-84
10299,-699
10300,827
10301,-1127
10302,-1096
10303,384
10304,554
10305,-1470
10306,-266
10307,1161
10308,-236
10309,-893
10310,-119
10311,-21
10312,-901
10313,-775
10314,-271
10315,-3179
10316,-95
10317,-119
10318,-886
10319,-1569
10320,-1420
10321,-656
10322,137
10323,-723
10324,-118
10325,-942
10326,-1443
10327,-144
10328,-1386
10329,-599
10330,467
10331,607
10332,-785
10333,-123
10334,27
10335,-131
10336,114
10337,205
10338,-590
10339,-248
10340,-487
10341,610
10342,-1783
10343,-1317
10344,-1124
10345,-1230
10346,87
10347,-1249
10348,-1888
10349,-1707
10350,-238
10351,-92
10352,-98
10353,-907
10354,98
10355,-1313
10356,-957
10357,-934
10358,-269
10359,349
10360,-386
10361,-676
10362,-545
10363,177
10364,-466
10365,-2288
10366,-1372
10367,-197
10368,-418
10369,-1001
10370,162
10371,-1396
10372,-993
10373,-1564
10374,514
10375,-1561
10376,-692
10377,200
10378,441
10379,-243
10380,-285
10381,-315
10382,-720
10383,400
10384,-444
10385,-415
10386,-1292
10387,-1535
10388,-1132
10389,-1384
10390,-1707
10391,429
10392,295
10393,-1057
10394,146
10395,-440
10396,-367
10397,-2000
10398,-368
10399,-93
10400,256
10401,-1518
10402,575
10403,-1717
10404,283
10405,-1080
10406,541
10407,774
10408,112
10409,-1487
10410,-883
10411,-698
10412,-301
10413,-438
10414,-221
10415,-669
10416,-20
10417,-705
10418,-382
10419,-515
10420,-1445
10421,-1489
10422,218
10423,-1404
10424,-530
10425,562
10426,794
10427,-706
10428,-657
10429,400
10430,-751
10431,-1117
10432,-1059
10433,-2077
10434,-743
10435,13
10436,-202
10437,-206
10438,-1650
10439,-503
10440,-674
10441,562
10442,-477
10443,0
10444,-739
10445,-510
10446,174
10447,-869
10448,-846
10449,-686
10450,-1098
10451,390
10452,-912
10453,-138
10454,-678
10455,385
10456,-609
10457,-1610
10458,-826
10459,-328
10460,-221
10461,-1759
10462,-1172
10463,209
10464,-84
10465,11
10466,-381
10467,-1645
10468,-359
10469,-22
10470,-1027
10471,-413
10472,-2367
10473,328
10474,283
10475,-234
10476,674
10477,124
10478,-894
10479,-105
10480,103
10481,-793
10482,-536
10483,353
10484,-928
10485,-214
10486,55
10487,-72
10488,-2612
10489,44
10490,-921
10491,354
10492,556
10493,-1229
10494,-601
10495,-431
10496,-1052
10497,-57
10498,712
10499,661
10500,42
10501,-1194
10502,-313
10503,-199
10504,514
10505,-1042
10506,593
10507,-458
10508,-826
10509,354
10510,-405
10511,477
10512,446
10513,-736
10514,-1646
10515,557
10516,427
10517,-1437
10518,-308
10519,-1552
10520,-359
10521,-234
10522,-1039
10523,-169
10524,-398
10525,-370
10526,-1168
10527,-1043
10528,-1741
10529,243
10530,-1294
10531,-1398
10532,-808
10533,-405
10534,1185
10535,-1255
10536,-379
10537,128
10538,234
10539,438
10540,-581
10541,-496
10542,342
10543,-673
10544,-356
10545,-92
10546,-221
10547,1178
10548,-1193
10549,-525
10550,-380
10551,-1528
10552,-243
10553,-1210
10554,-1296
10555,-568
10556,-33
10557,-1170
10558,-241
10559,-60
10560,-800
10561,-76
10562,-864
10563,42
10564,385
10565,-453
10566,-1361
10567,-1492
10568,-394
10569,20
10570,512
10571,-1404
10572,-99
10573,615
10574,-577
10575,-1842
10576,-1335
10577,352
10578,-122
10579,354
10580,-76
10581,-381
10582,-751
10583,-737
10584,-546
10585,-345
10586,-41
10587,-153
10588,298
10589,-468
10590,42
10591,-1269
10592,549
10593,-678
10594,-2145
10595,-659
10596,-2324
10597,-740
10598,339
10599,-1519
10600,-701
10601,-944
10602,-784
10603,1027
10604,-73
10605,-169
10606,314
10607,-73
10608,-35
10609,-1345
10610,-219
10611,-506
10612,-707
10613,-7
10614,-849
10615,-871
10616,-1231
10617,-493
10618,-542
10619,169
10620,83
10621,-2673
10622,138
10623,-1237
10624,91
10625,-483
10626,-332
10627,235
10628,-977
10629,-876
10630,-237
10631,-282
10632,-151
10633,-928
10634,-1193
10635,-857
10636,-327
10637,16
10638,-737
10639,-1010
10640,493
10641,764
10642,-2790
10643,-1810
10644,190
10645,-444
10646,-720
10647,-80
10648,1088
10649,-2476
10650,-849
10651,854
10652,-370
10653,-60
10654,326
10655,-925
10656,-711
10657,-20
10658,-1080
10659,-767
10660,642
10661,-1037
10662,-1957
10663,577
10664,-398
10665,-261
10666,-264
10667,-8
10668,-265
10669,477
10670,167
10671,-940
10672,-741
10673,-1979
10674,-1226
10675,-1040
10676,-586
10677,-613
10678,-245
10679,-327
10680,-704
10681,-171
10682,-701
10683,618
10684,711
10685,-440
10686,448
10687,-1717
10688,-474
10689,371
10690,812
10691,-713
10692,-1431
10693,-1846
10694,-520
10695,-604
10696,339
10697,352
10698,-130
10699,-2015
10700,-46
10701,-38
10702,-1174
10703,-124
10704,-356
10705,-655
10706,-24
10707,-107
10708,-758
10709,-912
10710,137
10711,1061
10712,-985
10713,-869
10714,-1140
10715,-1222
10716,-779
10717,52
10718,522
10719,-1089
10720,-1058
10721,494
10722,-994
10723,-566
10724,-512
10725,-144
10726,493
10727,136
10728,-362
10729,-1236
10730,872
10731,-379
10732,-846
10733,171
10734,-888
10735,-1172
10736,-1057
10737,-1658
10738,-988
10739,-1058
10740,-1409
10741,294
10742,-904
10743,-25
10744,-288
10745,949
10746,-511
10747,-557
10748,-1750
10749,529
10750,-161
10751,-859
10752,-1533
10753,-810
10754,-275
10755,8
10756,-536
10757,-73
10758,-66
10759,-1036
10760,474
10761,-1005
10762,849
10763,-250
10764,138
10765,-410
10766,-761
10767,-1613
10768,-685
10769,26
10770,-379
10771,-814
10772,478
10773,-149
10774,-186
10775,79
10776,440
10777,-1383
10778,-631
10779,-850
10780,-1694
10781,-1498
10782,269
10783,-1781
10784,-320
10785,-1039
10786,-727
10787,-475
10788,577
10789,-1666
10790,-258
10791,-703
10792,-1153
10793,249
10794,-1171
10795,-1051
10796,-1358
10797,-1518
10798,-559
10799,-960
10800,-1539
10801,-322
10802,-1943
10803,-105
10804,-248
10805,126
10806,360
10807,-445
10808,-389
10809,460
10810,-1017
10811,990
10812,-367
10813,281
10814,-1174
10815,1052
10816,-803
10817,425
10818,-559
10819,1040
10820,-1998
10821,-333
10822,-993
10823,-490
10824,69
10825,-981
10826,-2266
10827,-224
10828,-799
10829,210
10830,-2675
10831,-21
10832,-1092
10833,-759
10834,-2160
10835,-764
10836,135
10837,-1235
10838,36
10839,551
10840,-1192
10841,-1516
10842,-329
10843,-1869
10844,-387
10845,-221
10846,-237
10847,352
10848,-1163
10849,-1015
10850,-335
10851,-1074
10852,-1845
10853,-943
10854,-654
10855,-846
10856,-1329
10857,310
10858,765
10859,222
10860,430
10861,279
10862,-1061
10863,-238
10864,-935
10865,-141
10866,11
10867,-527
10868,-15
10869,200
10870,-862
10871,-1977
10872,-1449
10873,-304
10874,-1105
10875,-1457
10876,-750
10877,-600
10878,-1127
10879,-1124
10880,-477
10881,-1018
10882,-518
10883,656
10884,-202
10885,-1136
10886,264
10887,75
10888,-374
10889,914
10890,-386
10891,438
10892,127
10893,175
10894,-1255
10895,-182
10896,871
10897,-1682
10898,-1563
10899,-795
10900,41
10901,750
10902,-1768
10903,-526
10904,-1576
10905,-528
10906,-340
10907,-920
10908,501
10909,-1584
10910,-607
10911,-1696
10912,-749
10913,-245
10914,-974
10915,-494
10916,58
10917,-283
10918,-1871
10919,-514
10920,-1270
10921,389
10922,-849
10923,91
10924,887
10925,-397
10926,-179
10927,-469
10928,1469
10929,-547
10930,-97
10931,-1506
10932,127
10933,-354
10934,-1199
10935,-974
10936,189
10937,747
10938,-825
10939,-1252
10940,-1104
10941,-776
10942,-2065
10943,-27
10944,-153
10945,-768
10946,-923
10947,-198
10948,-1307
10949,1439
10950,-615
10951,-2125
10952,-820
10953,261
10954,-244
10955,-700
10956,-1225
10957,-1391
10958,-1012
10959,-646
10960,-655
10961,-357
10962,-752
10963,372
10964,891
10965,-775
10966,1001
10967,-1758
10968,32
10969,-747
10970,-571
10971,-607
10972,-180
10973,17
10974,-373
10975,377
10976,-811
10977,-948
10978,-279
10979,-247
10980,-1259
10981,-186
10982,-1781
10983,-1956
10984,-960
10985,90
10986,-385
10987,-846
10988,-1097
10989,-253
10990,-1134
10991,-647
10992,-745
10993,60
10994,529
10995,-1498
10996,84
10997,-571
10998,397
10999,687
11000,400
11001,-459
11002,-426
11003,-1784
11004,-162
11005,-1582
11006,-1647
11007,-306
11008,-291
11009,208
11010,-453
11011,-42
11012,-914
11013,-1030
11014,184
11015,647
11016,282
11017,456
11018,-981
11019,-202
11020,290
11021,-77
11022,277
11023,-258
11024,-148
11025,-1652
11026,-611
11027,-1926
11028,-404
11029,-1750
11030,-870
11031,450
11032,-597
11033,-904
11034,331
11035,331
11036,-295
11037,-566
11038,-588
11039,430
11040,588
11041,-654
11042,-1309
11043,-298
11044,-416
11045,-1011
11046,54
11047,729
11048,-437
11049,-782
11050,-1686
11051,-1153
11052,-908
11053,-590
11054,-1625
11055,-1374
11056,-150
11057,-339
11058,-234
11059,-130
11060,-687
11061,-438
11062,-530
11063,-1754
11064,-1320
11065,-1281
11066,-230
11067,-1131
11068,-789
11069,-46
11070,41
11071,-188
11072,-594
11073,-986
11074,1202
11075,-495
11076,-1073
11077,-321
11078,-1449
11079,-197
11080,595
11081,-893
11082,-210
11083,-1378
11084,368
11085,-557
11086,-404
11087,-867
11088,-464
11089,-1241
11090,-372
11091,232
11092,451
11093,-485
11094,-447
11095,-1791
11096,-2007
11097,-869
11098,1175
11099,-231
11100,-599
11101,-633
11102,387
11103,-505
11104,-1745
11105,-1312
11106,-604
11107,-242
11108,-1240
11109,-889
11110,-1730
11111,145
11112,-274
11113,-960
11114,751
11115,-29
11116,792
11117,623
11118,-1260
11119,-1126
11120,-481
11121,-549
11122,-581
11123,-273
11124,-782
11125,-1830
11126,-607
11127,975
11128,562
11129,-962
11130,-608
11131,354
11132,-1119
11133,-502
11134,-2879
11135,245
11136,-289
11137,-1028
11138,-236
11139,-717
11140,-780
11141,798
11142,-1827
11143,-594
11144,-1801
11145,306
11146,901
11147,36
11148,-118
11149,-495
11150,-1499
11151,-733
11152,-838
11153,-1133
11154,-34
11155,-175
11156,330
11157,-668
11158,-2
11159,-322
11160,-1111
11161,-966
11162,-1542
11163,-614
11164,243
11165,634
11166,-1017
11167,238
11168,477
11169,-1474
11170,-1336
11171,-243
11172,636
11173,-557
11174,33
11175,86
11176,926
11177,-203
11178,-1574
11179,-1578
11180,873
11181,-996
11182,-670
11183,792
11184,-2212
11185,-547
11186,-1379
11187,-1097
11188,-397
11189,-616
11190,-979
11191,-233
11192,-1229
11193,883
11194,-932
11195,-392
11196,-988
11197,918
11198,-478
11199,174
11200,-1525
11201,763
11202,-1074
11203,-225
11204,-357
11205,-45
11206,-756
11207,-888
11208,-632
11209,-709
11210,-427
11211,1041
11212,-917
11213,-1210
11214,214
11215,-1161
11216,309
11217,-599
11218,-1957
11219,-1932
11220,-1279
11221,-784
11222,-330
11223,662
11224,-765
11225,-874
11226,-740
11227,-682
11228,1191
11229,36
11230,-1276
11231,452
11232,-590
11233,-1084
11234,486
11235,-466
11236,-427
11237,-186
11238,666
11239,-399
11240,114
11241,-516
11242,-282
11243,-1040
11244,-37
11245,-644
11246,-251
11247,-570
11248,-712
11249,-1564
11250,-415
11251,-1593
11252,-1402
11253,-610
11254,74
11255,-886
11256,-876
11257,212
11258,-859
11259,-81
11260,-1046
11261,-313
11262,120
11263,-786
11264,-1335
11265,-662
11266,577
11267,-658
11268,-1197
11269,-1138
11270,-41
11271,-1484
11272,-355
11273,223
11274,-1069
11275,-1571
11276,-569
11277,-1622
11278,588
11279,-1283
11280,724
11281,455
11282,-46
11283,509
11284,-332
11285,-102
11286,-131
11287,577
11288,-297
11289,-1641
11290,-1457
11291,-126
11292,-30
11293,289
11294,-1888
11295,1112
11296,-488
11297,968
11298,360
11299,-1250
11300,-139
11301,-33
11302,208
11303,-1946
11304,226
11305,-1179
11306,667
11307,-53
11308,153
11309,537
11310,-217
11311,-1312
11312,-1393
11313,-583
11314,16
11315,-541
11316,623
11317,-861
11318,-1897
11319,280
11320,-202
11321,-634
11322,-1098
11323,1098
11324,-1870
11325,-1889
11326,-1670
11327,-1860
11328,-86
11329,-902
11330,-1129
11331,388
11332,-853
11333,-445
11334,-569
11335,-32
11336,-879
11337,-192
11338,-1465
11339,560
11340,-588
11341,-1891
11342,-1013
11343,262
11344,-211
11345,-93
11346,-139
11347,-1183
11348,-560
11349,516
11350,253
11351,-135
11352,-194
11353,-749
11354,174
11355,383
11356,-1060
11357,261
11358,565
11359,400
11360,-509
11361,-1016
11362,-752
11363,-1182
11364,-1152
11365,41
11366,351
11367,150
11368,-1301
11369,-1065
11370,-981
11371,490
11372,-783
11373,-507
11374,-97
11375,163
11376,-277
11377,-200
11378,-1289
11379,136
11380,-1359
11381,782
11382,70
11383,259
11384,-1016
11385,-517
11386,435
11387,186
11388,-617
11389,-688
11390,-1006
11391,123
11392,-209
11393,-111
11394,-814
11395,-604
11396,-381
11397,-1232
11398,288
11399,-985
11400,-260
11401,-632
11402,239
11403,-1928
11404,-443
11405,-1078
11406,-680
11407,705
11408,430
11409,-531
11410,-1050
11411,-1180
11412,-235
11413,34
11414,-582
11415,-406
11416,190
11417,-1790
11418,103
11419,799
11420,-567
11421,-1503
11422,-249
11423,-778
11424,-268
11425,948
11426,-992
11427,641
11428,-2339
11429,-1327
11430,336
11431,-965
11432,-1291
11433,-118
11434,-269
11435,1081
11436,-2044
11437,-913
11438,-183
11439,-351
11440,-1113
11441,-1493
11442,138
11443,-365
11444,160
11445,-975
11446,804
11447,-499
11448,342
11449,-1901
11450,425
11451,-1008
11452,-276
11453,-482
11454,88
11455,905
11456,609
11457,167
11458,-258
11459,-877
11460,-1204
11461,92
11462,-1298
11463,102
11464,-1320
11465,-446
11466,-461
11467,-382
11468,-84
11469,-1764
11470,-1098
11471,-572
11472,-1050
11473,-420
11474,-2431
11475,-1341
11476,205
11477,-643
11478,-1446
11479,-66
11480,251
11481,-60
11482,471
11483,889
11484,845
11485,-305
11486,-606
11487,52
11488,-967
11489,-520
11490,-1841
11491,477
11492,97
11493,-66
11494,-822
11495,617
11496,-877
11497,-804
11498,-1373
11499,181
11500,319
11501,-1429
11502,-94
11503,965
11504,-1152
11505,354
11506,-933
11507,480
11508,-431
11509,752
11510,-478
11511,-1362
11512,452
11513,-438
11514,-1456
11515,-278
11516,-88
11517,-1560
11518,-1103
11519,-1773
11520,-736
11521,89
11522,411
11523,-549
11524,-431
11525,-1281
11526,-314
11527,-17
11528,121
11529,-2525
11530,-547
11531,-1306
11532,-480
11533,-2093
11534,-548
11535,-977
11536,127
11537,-1315
11538,-839
11539,-676
11540,-280
11541,-2015
11542,-1123
11543,539
11544,-1548
11545,-853
11546,-805
11547,-1946
11548,28
11549,-1240
11550,203
11551,235
11552,-1333
11553,-193
11554,-1284
11555,-1365
11556,-145
11557,-126
11558,-899
11559,-697
11560,-1223
11561,-147
11562,434
11563,565
11564,-530
11565,-701
11566,-1089
11567,566
11568,-889
11569,-1211
11570,-1484
11571,-1
11572,-315
11573,-1090
11574,-218
11575,310
11576,-313
11577,-509
11578,-631
11579,70
11580,-602
11581,51
11582,-74
11583,1015
11584,-312
11585,-485
11586,-524
11587,-805
11588,-1576
11589,514
11590,1041
11591,-912
11592,-1201
11593,-1263
11594,958
11595,-406
11596,-2298
11597,-806
11598,-1075
11599,285
11600,-1505
11601,-129
11602,-467
11603,614
11604,-510
11605,304
11606,-1131
11607,-301
11608,-2409
11609,-936
11610,776
11611,341
11612,-1249
11613,202
11614,-814
11615,120
11616,92
11617,670
11618,-1806
11619,-2353
11620,-2809
11621,-1009
11622,-1203
11623,-407
11624,-1092
11625,-1103
11626,-457
11627,-1331
11628,-71
11629,571
11630,204
11631,649
11632,-267
11633,-1698
11634,-594
11635,12
11636,-264
11637,-2030
11638,-299
11639,-318
11640,-2047
11641,436
11642,-625
11643,109
11644,-218
11645,-2156
11646,-74
11647,-292
11648,-422
11649,-250
11650,-1403
11651,-452
11652,64
11653,-2738
11654,832
11655,-759
11656,-772
11657,-182
11658,559
11659,332
11660,563
11661,-856
11662,-1025
11663,55
11664,-1152
11665,-162
11666,55
11667,-1058
11668,60
11669,-1208
11670,-1499
11671,596
11672,732
11673,-1186
11674,90
11675,681
11676,147
11677,-182
11678,-835
11679,-602
11680,-469
11681,-820
11682,-194
11683,-728
11684,-1702
11685,69
11686,-88
11687,-1658
11688,-675
11689,-1166
11690,-260
11691,-506
11692,-466
11693,-116
11694,-505
11695,410
11696,-1537
11697,-1647
11698,-1212
11699,-1661
11700,-534
11701,168
11702,-51
11703,80
11704,-37
11705,-92
11706,-680
11707,117
11708,-1867
11709,-103
11710,-61
11711,606
11712,-54
11713,-469
11714,-926
11715,-51
11716,-742
11717,29
11718,951
11719,74
11720,-1155
11721,213
11722,-518
11723,78
11724,178
11725,-1923
11726,-735
11727,-683
11728,45
11729,-790
11730,632
11731,-1537
11732,-1131
11733,527
11734,8
11735,-543
11736,-1830
11737,-540
11738,-543
11739,-633
11740,173
11741,207
11742,-2221
11743,-1452
11744,-1335
11745,-715
11746,-609
11747,-86
11748,-1679
11749,-289
11750,-624
11751,-208
11752,-635
11753,366
11754,-1591
11755,-1512
11756,-1270
11757,-859
11758,-677
11759,842
11760,567
11761,-1088
11762,477
11763,-406
11764,-748
11765,-1158
11766,681
11767,-1576
11768,-1148
11769,62
11770,-192
11771,-1205
11772,-240
11773,359
11774,-675
11775,-1370
11776,515
11777,-323
11778,-3154
11779,73
11780,1078
11781,748
11782,53
11783,-1091
11784,300
11785,-261
11786,156
11787,249
11788,-1924
11789,-2420
11790,119
11791,-33
11792,-186
11793,-485
11794,-302
11795,-289
11796,-346
11797,-937
11798,-1052
11799,546
11800,-63
11801,-32
11802,-1664
11803,424
11804,-1320
11805,-1207
11806,-312
11807,-686
11808,-275
11809,630
11810,-1300
11811,-1360
11812,-1669
11813,-1090
11814,-618
11815,312
11816,-1401
11817,-990
11818,-399
11819,-430
11820,88
11821,-729
11822,-1295
11823,-409
11824,-1019
11825,-1014
11826,-258
11827,-826
11828,-136
11829,246
11830,463
11831,-1121
11832,-2337
11833,-1072
11834,-1518
11835,-775
11836,-90
11837,-889
11838,-138
11839,-701
11840,-600
11841,-1260
11842,-818
11843,-237
11844,-1477
11845,-267
11846,-2934
11847,-18
11848,-2784
11849,225
11850,-555
11851,-471
11852,-739
11853,-1498
11854,-375
11855,804
11856,821
11857,-1334
11858,-1483
11859,-2296
11860,-1567
11861,-870
11862,-71
11863,-1817
11864,-270
11865,-1317
11866,-575
11867,-609
11868,-460
11869,98
11870,432
11871,-789
11872,-302
11873,500
11874,-697
11875,-687
11876,-223
11877,-871
11878,165
11879,6
11880,-710
11881,-1268
11882,-1736
11883,-1289
11884,-873
11885,-973
11886,-1084
11887,-1183
11888,-1041
11889,-326
11890,399
11891,-869
11892,-319
11893,-1874
11894,-278
11895,-1103
11896,-1598
11897,-432
11898,-346
11899,737
11900,-503
11901,-1877
11902,-1500
11903,-220
11904,-1328
11905,91
11906,-526
11907,-360
11908,-288
11909,-107
11910,-968
11911,-337
11912,-137
11913,-1302
11914,-1710
11915,981
11916,18
11917,-781
11918,-907
11919,-868
11920,-883
11921,-757
11922,32
11923,-337
11924,-366
11925,-2262
11926,-566
11927,488
11928,-829
11929,-124
11930,-1831
11931,-48
11932,-609
11933,361
11934,375
11935,-818
11936,-614
11937,-482
11938,-49
11939,-605
11940,-214
11941,-30
11942,-965
11943,-57
11944,431
11945,269
11946,-770
11947,-1171
11948,-1862
11949,-780
11950,-1376
11951,-1013
11952,-896
11953,117
11954,-1381
11955,-166
11956,-674
11957,-834
11958,-985
11959,-540
11960,-372
11961,-614
11962,-514
11963,-469
11964,339
11965,-991
11966,-1812
11967,-2053
11968,-2054
11969,-644
11970,-294
11971,-773
11972,-357
11973,-553
11974,-854
11975,-1170
11976,-1517
11977,-287
11978,174
11979,336
11980,-465
11981,288
11982,-135
11983,-1814
11984,-62
11985,-639
11986,612
11987,632
11988,-830
11989,-724
11990,-596
11991,-847
11992,1321
11993,654
11994,866
11995,665
11996,286
11997,297
11998,-232
11999,-570
12000,-1918
12001,1156
12002,166
12003,-290
12004,633
12005,-957
12006,-1591
12007,-27
12008,-534
12009,197
12010,-243
12011,136
12012,-267
12013,-381
12014,635
12015,550
12016,-1431
12017,-451
12018,-1918
12019,73
12020,-272
12021,-1176
12022,-305
12023,266
12024,-188
12025,-833
12026,-897
12027,-1107
12028,-522
12029,-114
12030,-1374
12031,-1504
12032,-1106
12033,-1956
12034,-989
12035,-689
12036,-247
12037,501
12038,-984
12039,-888
12040,-411
12041,77
12042,-1208
12043,-679
12044,-1718
12045,-756
12046,233
12047,197
12048,-78
12049,-1625
12050,58
12051,-1543
12052,-1406
12053,-2563
12054,-1153
12055,925
12056,445
12057,-101
12058,-1239
12059,-1041
12060,-1041
12061,-744
12062,750
12063,-1037
12064,-636
12065,-562
12066,-279
12067,-313
12068,-1384
12069,-1773
12070,-1651
12071,-1263
12072,-314
12073,521
12074,-1108
12075,-1697
12076,-553
12077,1013
12078,-698
12079,-222
12080,-100
12081,-3209
12082,-1559
12083,-378
12084,-1797
12085,-1001
12086,-1101
12087,-1474
12088,-596
12089,-466
12090,-184
12091,295
12092,-770
12093,-903
12094,-194
12095,29
12096,-62
12097,-917
12098,-186
12099,-1221
12100,-748
12101,1174
12102,557
12103,-1283
12104,-585
12105,115
12106,-147
12107,68
12108,-694
12109,-583
12110,-1871
12111,-1674
12112,-630
12113,-165
12114,-451
12115,-1279
12116,-12
12117,151
12118,-2026
12119,-338
12120,-1312
12121,489
12122,-587
12123,-702
12124,-846
12125,-715
12126,-1873
12127,-1515
12128,-1302
12129,-695
12130,-310
12131,-688
12132,-1116
12133,-1721
12134,-1455
12135,-311
12136,-397
12137,-116
12138,147
12139,-1962
12140,-1695
12141,-1431
12142,347
12143,176
12144,-422
12145,-678
12146,-860
12147,643
12148,-505
12149,-206
12150,-811
12151,413
12152,-1000
12153,-747
12154,379
12155,-742
12156,-1696
12157,-2066
12158,-282
12159,-1486
12160,-1336
12161,-1007
12162,-554
12163,-1928
12164,-340
12165,535
12166,395
12167,-536
12168,-1750
12169,-257
12170,-737
12171,-267
12172,-75
12173,-1198
12174,-1689
12175,-744
12176,-792
12177,5
12178,358
12179,766
12180,-871
12181,-493
12182,-2088
12183,-1091
12184,-1431
12185,-1036
12186,-1827
12187,-228
12188,708
12189,-2123
12190,-1319
12191,61
12192,-1204
12193,-642
12194,517
12195,-26
12196,-1047
12197,694
12198,-1334
12199,364
12200,121
12201,152
12202,-3530
12203,-691
12204,102
12205,-608
12206,110
12207,-951
12208,176
12209,-46
12210,-1534
12211,-1222
12212,311
12213,-37
12214,-1330
12215,-1762
12216,-2447
12217,692
12218,-1034
12219,-1745
12220,242
12221,-486
12222,-1028
12223,-223
12224,387
12225,121
12226,450
12227,-583
12228,131
12229,-593
12230,-433
12231,-324
12232,-294
12233,-1088
12234,529
12235,-364
12236,-399
12237,-147
12238,-862
12239,-698
12240,-1871
12241,511
12242,294
12243,-1240
12244,231
12245,777
12246,-259
12247,918
12248,-833
12249,-559
12250,-18
12251,-504
12252,722
12253,-1843
12254,944
12255,-892
12256,173
12257,-916
12258,-1709
12259,-529
12260,61
12261,-1487
12262,298
12263,-685
12264,533
12265,-50
12266,-1537
12267,-845
12268,107
12269,-395
12270,-40
12271,-970
12272,-1237
12273,422
12274,-665
12275,-993
12276,-683
12277,381
12278,790
12279,338
12280,-24
12281,-832
12282,-1904
12283,127
12284,505
12285,93
12286,708
12287,-1870
12288,-47
12289,-651
12290,-820
12291,683
12292,-91
12293,-221
12294,-1381
12295,-1921
12296,262
12297,-120
12298,-162
12299,-508
12300,90
12301,-1
12302,-629
12303,-2379
12304,-1515
12305,-2005
12306,-429
12307,-721
12308,-1506
12309,-1659
12310,-436
12311,-1186
12312,-362
12313,-321
12314,124
12315,-610
12316,3
12317,-1687
12318,-676
12319,-1191
12320,-1522
12321,55
12322,219
12323,-2124
12324,-1696
12325,158
12326,-376
12327,-257
12328,-535
12329,-102
12330,-1052
12331,-55
12332,-1148
12333,-1133
12334,-705
12335,-1230
12336,-788
12337,-1402
12338,-1038
12339,-1195
12340,73
12341,-1490
12342,411
12343,-630
12344,294
12345,-486
12346,289
12347,-945
12348,-533
12349,182
12350,-2121
12351,-853
12352,-1175
12353,210
12354,22
12355,-92
12356,-270
12357,-1006
12358,-204
12359,-119
12360,106
12361,-323
12362,-142
12363,-997
12364,389
12365,-1425
12366,-467
12367,728
12368,-674
12369,-1766
12370,-2104
12371,-1359
12372,349
12373,-764
12374,-1078
12375,379
12376,-338
12377,-736
12378,-1683
12379,67
12380,-1514
12381,-1315
12382,-1040
12383,-494
12384,-450
12385,-765
12386,-747
12387,42
12388,-2112
12389,-1319
12390,-722
12391,-550
12392,-843
12393,55
12394,-920
12395,-862
12396,-263
12397,-999
12398,-379
12399,-1060
12400,-852
12401,-2091
12402,-1851
12403,-544
12404,-961
12405,-3177
12406,-1216
12407,-2312
12408,-667
12409,-264
12410,-113
12411,-22
12412,553
12413,-1188
12414,115
12415,-614
12416,-1224
12417,-455
12418,-549
12419,-1119
12420,-1090
12421,-540
12422,-1680
12423,-393
12424,-1003
12425,-614
12426,-1780
12427,1161
12428,-458
12429,-419
12430,-587
12431,-74
12432,-2547
12433,-122
12434,-1267
12435,-384
12436,-270
12437,-96
12438,681
12439,-188
12440,-1011
12441,357
12442,-1156
12443,-399
12444,186
12445,-251
12446,445
12447,-945
12448,-900
12449,-801
12450,-549
12451,-784
12452,-184
12453,136
12454,659
12455,942
12456,253
12457,-969
12458,378
12459,-128
12460,284
12461,-1170
12462,313
12463,-1119
12464,-819
12465,-2015
12466,-569
12467,553
12468,-429
12469,454
12470,121
12471,139
12472,-2016
12473,319
12474,-65
12475,-454
12476,-262
12477,-956
12478,-208
12479,-219
12480,-537
12481,-192
12482,-1437
12483,-1477
12484,256
12485,-2006
12486,-1075
12487,223
12488,903
12489,-369
12490,-1997
12491,-1660
12492,-505
12493,-1273
12494,-1361
12495,-1445
12496,-1511
12497,154
12498,-1132
12499,973
12500,-521
12501,340
12502,-948
12503,62
12504,533
12505,-860
12506,-1337
12507,-44
12508,581
12509,-169
12510,-681
12511,-824
12512,-1295
12513,89
12514,-545
12515,707
12516,-2008
12517,1107
12518,-1118
12519,961
12520,435
12521,832
12522,386
12523,-717
12524,960
12525,-894
12526,-325
12527,-584
12528,44
12529,-121
12530,-630
12531,-936
12532,229
12533,-967
12534,-161
12535,522
12536,-228
12537,-648
12538,-973
12539,-265
12540,-966
12541,-792
12542,-820
12543,-291
12544,-7
12545,62
12546,-194
12547,-434
12548,-1573
12549,-78
12550,664
12551,-1932
12552,-399
12553,-440
12554,-1841
12555,-1124
12556,-813
12557,-1234
12558,689
12559,-1174
12560,-279
12561,-1467
12562,-977
12563,-2772
12564,-1269
12565,184
12566,-29
12567,669
12568,-165
12569,-461
12570,384
12571,202
12572,-1583
12573,-700
12574,520
12575,-2652
12576,-1660
12577,272
12578,1037
12579,-2450
12580,-571
12581,13
12582,478
12583,-677
12584,-164
12585,-840
12586,-1178
12587,-258
12588,-1141
12589,-139
12590,-1530
12591,-1450
12592,305
12593,-1852
12594,102
12595,96
12596,-44
12597,-529
12598,-850
12599,734
12600,-20
12601,244
12602,479
12603,-468
12604,-1050
12605,226
12606,-1984
12607,256
12608,-546
12609,-886
12610,203
12611,-1346
12612,-129
12613,-1385
12614,-836
12615,-234
12616,472
12617,-663
12618,-1174
12619,1255
12620,-1045
12621,-1593
12622,-2355
12623,102
12624,481
12625,-2024
12626,-147
12627,-516
12628,-1248
12629,353
12630,287
12631,426
12632,975
12633,-1012
12634,-870
12635,66
12636,-2248
12637,-516
12638,-872
12639,-1004
12640,-1137
12641,-1463
12642,482
12643,-696
12644,-12
12645,-941
12646,-968
12647,-91
12648,-338
12649,-992
12650,292
12651,-1462
12652,-756
12653,-1139
12654,-1310
12655,-447
12656,-1250
12657,-1028
12658,-658
12659,-88
12660,-1195
12661,-649
12662,619
12663,701
12664,522
12665,-1109
12666,283
12667,-658
12668,411
12669,-529
12670,149
12671,-1413
12672,-482
12673,-852
12674,-1147
12675,312
12676,-518
12677,-625
12678,225
12679,-1672
12680,188
12681,-739
12682,-1756
12683,-710
12684,-2430
12685,126
12686,333
12687,-99
12688,-1660
12689,317
12690,-644
12691,-547
12692,394
12693,135
12694,-1214
12695,-32
12696,-1924
12697,-456
12698,-272
12699,601
12700,89
12701,-416
12702,-88
12703,-1314
12704,-536
12705,-826
12706,-816
12707,-2243
12708,685
12709,-1058
12710,-425
12711,-983
12712,768
12713,-1409
12714,-302
12715,-211
12716,498
12717,-353
12718,121
12719,97
12720,-252
12721,-789
12722,-176
12723,-767
12724,-874
12725,75
12726,-403
12727,-1220
12728,-57
12729,-2491
12730,289
12731,-404
12732,-1515
12733,65
12734,733
12735,-2282
12736,-222
12737,-1482
12738,-1052
12739,-1006
12740,-720
12741,-1367
12742,-1986
12743,1452
12744,-716
12745,-1046
12746,-122
12747,-559
12748,-257
12749,594
12750,484
12751,648
12752,341
12753,-537
12754,-246
12755,-191
12756,466
12757,-561
12758,-567
12759,-539
12760,-1151
12761,-823
12762,207
12763,-1016
12764,-550
12765,-1138
12766,-560
12767,-55
12768,-1402
12769,-45
12770,-173
12771,433
12772,-705
12773,-598
12774,255
12775,256
12776,-458
12777,-664
12778,-20
12779,7
12780,329
12781,95
12782,-56
12783,475
12784,-309
12785,-1007
12786,-1240
12787,242
12788,-1073
12789,-360
12790,-877
12791,1331
12792,-1260
12793,725
12794,62
12795,-2160
12796,-547
12797,-469
12798,-1958
12799,18
12800,-395
12801,-903
12802,412
12803,-1090
12804,-616
12805,-1516
12806,383
12807,-259
12808,209
12809,-394
12810,-1819
12811,-1255
12812,652
12813,-245
12814,164
12815,-1307
12816,-104
12817,-592
12818,-291
12819,-935
12820,-755
12821,49
12822,-902
12823,-662
12824,-335
12825,-180
12826,-80
12827,-1975
12828,-406
12829,92
12830,-665
12831,-386
12832,946
12833,-217
12834,-867
12835,-110
12836,-337
12837,-103
12838,-150
12839,23
12840,-34
12841,356
12842,-568
12843,-278
12844,20
12845,-1260
12846,-1325
12847,-136
12848,-800
12849,-1007
12850,-1322
12851,-65
12852,-1232
12853,147
12854,-1624
12855,-669
12856,199
12857,-466
12858,-906
12859,-2064
12860,-369
12861,-1503
12862,632
12863,156
12864,1258
12865,-1007
12866,-675
12867,-796
12868,-1602
12869,-153
12870,-1142
12871,-840
12872,-439
12873,231
12874,-217
12875,-293
12876,747
12877,-543
12878,900
12879,-936
12880,8
12881,-267
12882,87
12883,-357
12884,-166
12885,-441
12886,-636
12887,-369
12888,-1205
12889,-58
12890,-739
12891,-73
12892,-814
12893,-6
12894,-669
12895,-366
12896,-1348
12897,-397
12898,-1033
12899,-1541
12900,-546
12901,8
12902,364
12903,-141
12904,71
12905,-207
12906,239
12907,-1766
12908,126
12909,-607
12910,-1594
12911,-1118
12912,-45
12913,-596
12914,168
12915,-1578
12916,-624
12917,-1084
12918,651
12919,268
12920,-993
12921,-521
12922,-367
12923,228
12924,-578
12925,-527
12926,-277
12927,-2344
12928,-134
12929,-1126
12930,684
12931,-1693
12932,715
12933,167
12934,-558
12935,115
12936,-158
12937,-650
12938,369
12939,-743
12940,-701
12941,478
12942,-765
12943,-409
12944,-681
12945,-2066
12946,-468
12947,-1672
12948,-496
12949,-1103
12950,466
12951,-299
12952,-142
12953,252
12954,-816
12955,63
12956,-1459
12957,-842
12958,24
12959,-1180
12960,367
12961,-626
12962,-1131
12963,-1279
12964,-1511
12965,-85
12966,-554
12967,721
12968,-568
12969,-1209
12970,-75
12971,-693
12972,-2135
12973,-1032
12974,691
12975,-77
12976,458
12977,-1107
12978,-563
12979,-81
12980,-1023
12981,66
12982,-1084
12983,-948
12984,108
12985,-552
12986,320
12987,-187
12988,-454
12989,156
12990,-952
12991,-735
12992,-165
12993,-311
12994,-1388
12995,-212
12996,32
12997,-2935
12998,-630
12999,-236
13000,-236
13001,-837
13002,-832
13003,-738
13004,888
13005,-150
13006,-839
13007,-787
13008,20
13009,-1247
13010,-226
13011,-507
13012,233
13013,1013
13014,223
13015,-290
13016,-557
13017,-242
13018,-1315
13019,-157
13020,291
13021,-835
13022,-307
13023,-1450
13024,442
13025,-267
13026,-904
13027,193
13028,-842
13029,40
13030,930
13031,-449
13032,46
13033,-532
13034,-743
13035,-44
13036,-885
13037,224
13038,38
13039,-1804
13040,-759
13041,-761
13042,-1046
13043,-1833
13044,-647
13045,-427
13046,-2504
13047,874
13048,29
13049,-1036
13050,-1148
13051,-483
13052,-1381
13053,-611
13054,-351
13055,-2365
13056,82
13057,-1667
13058,-1415
13059,390
13060,-1216
13061,-1461
13062,-1240
13063,-949
13064,-1017
13065,-1159
13066,404
13067,-1013
13068,742
13069,484
13070,129
13071,-1076
13072,677
13073,-722
13074,-796
13075,9
13076,1008
13077,555
13078,318
13079,-708
13080,-946
13081,-242
13082,71
13083,-2089
13084,-2661
13085,-728
13086,557
13087,-489
13088,40
13089,73
13090,-1135
13091,-478
13092,191
13093,-669
13094,-714
13095,-1317
13096,-1852
13097,-1520
13098,-1351
13099,-1096
13100,219
13101,-904
13102,-1526
13103,115
13104,517
13105,306
13106,-717
13107,-570
13108,-531
13109,-98
13110,-2364
13111,-809
13112,-462
13113,-600
13114,-912
13115,-142
13116,-1352
13117,-922
13118,452
13119,-634
13120,-1264
13121,-381
13122,258
13123,-756
13124,-1840
13125,138
13126,-416
13127,-888
13128,433
13129,-1517
13130,-944
13131,-1261
13132,-147
13133,-293
13134,-305
13135,-191
13136,-200
13137,-175
13138,517
13139,-85
13140,-1425
13141,-590
13142,-619
13143,236
13144,-744
13145,766
13146,-1266
13147,-340
13148,-1198
13149,-401
13150,-1208
13151,-1083
13152,866
13153,-810
13154,-625
13155,-369
13156,-1320
13157,-360
13158,-243
13159,-1014
13160,-317
13161,-1305
13162,586
13163,-540
13164,209
13165,-1759
13166,-1821
13167,63
13168,-323
13169,629
13170,-369
13171,142
13172,-202
13173,-1353
13174,46
13175,-953
13176,82
13177,418
13178,-80
13179,-1599
13180,-98
13181,-707
13182,-660
13183,233
13184,-1190
13185,-1173
13186,531
13187,-220
13188,287
13189,-2755
13190,-1141
13191,125
13192,586
13193,-1062
13194,-857
13195,-319
13196,-1309
13197,389
13198,339
13199,-372
13200,121
13201,-1481
13202,-1860
13203,55
13204,-1338
13205,-2042
13206,-553
13207,-375
13208,-707
13209,-1271
13210,-184
13211,-422
13212,703
13213,-1536
13214,128
13215,-123
13216,-2153
13217,-173
13218,-206
13219,-1125
13220,-793
13221,-927
13222,-739
13223,-449
13224,-72
13225,630
13226,-1123
13227,-1013
13228,-1905
13229,-154
13230,-176
13231,-1330
13232,-1022
13233,-660
13234,-495
13235,-100
13236,-702
13237,-249
13238,-590
13239,-87
13240,-347
13241,-1006
13242,167
13243,-678
13244,-369
13245,-1359
13246,-1627
13247,-191
13248,-1340
13249,-70
13250,-1477
13251,-1130
13252,-1512
13253,-1323
13254,739
13255,-233
13256,-767
13257,613
13258,-199
13259,42
13260,-903
13261,-676
13262,-432
13263,-1569
13264,-962
13265,-1565
13266,-1099
13267,-752
13268,752
13269,-341
13270,-2225
13271,-1794
13272,900
13273,-361
13274,0
13275,683
13276,-224
13277,-1170
13278,345
13279,-2353
13280,-125
13281,-1379
13282,-45
13283,475
13284,802
13285,-1140
13286,736
13287,-383
13288,-1145
13289,-99
13290,-115
13291,-184
13292,340
13293,-222
13294,-1286
13295,-1545
13296,-2094
13297,-48
13298,-597
13299,-795
13300,-1981
13301,476
13302,-52
13303,385
13304,78
13305,181
13306,-18
13307,-626
13308,239
13309,401
13310,-734
13311,216
13312,-729
13313,-1758
13314,-928
13315,672
13316,-1108
13317,100
13318,-610
13319,-688
13320,404
13321,-2499
13322,-566
13323,-111
13324,-449
13325,-911
13326,-792
13327,-1341
13328,-131
13329,133
13330,-646
13331,483
13332,-327
13333,-134
13334,-935
13335,177
13336,-1532
13337,-561
13338,-3
13339,-608
13340,-169
13341,-116
13342,-372
13343,-1281
13344,-364
13345,-328
13346,-587
13347,-670
13348,245
13349,-914
13350,-394
13351,-28
13352,911
13353,-339
13354,-1662
13355,-1065
13356,-935
13357,-2014
13358,-146
13359,524
13360,-923
13361,-2295
13362,-800
13363,-669
13364,-577
13365,537
13366,-682
13367,-1775
13368,-1544
13369,1367
13370,-283
13371,628
13372,-340
13373,-1224
13374,705
13375,-1041
13376,-690
13377,-380
13378,216
13379,-857
13380,-1428
13381,706
13382,55
13383,-1452
13384,258
13385,-1086
13386,-64
13387,440
13388,-1277
13389,-2132
13390,280
13391,-324
13392,-1450
13393,-936
13394,-164
13395,97
13396,-877
13397,1193
13398,-1544
13399,-608
13400,-1143
13401,524
13402,367
13403,-281
13404,160
13405,-2612
13406,56
13407,-1046
13408,-774
13409,-191
13410,-1783
13411,-243
13412,649
13413,-740
13414,-2152
13415,-1977
13416,-761
13417,-1795
13418,-371
13419,-1212
13420,-401
13421,-160
13422,-434
13423,-1878
13424,-1155
13425,-282
13426,129
13427,-1563
13428,639
13429,-1097
13430,720
13431,-344
13432,-556
13433,-1116
13434,-1153
13435,-966
13436,371
13437,-2450
13438,-781
13439,-1896
13440,235
13441,-702
13442,46
13443,-587
13444,380
13445,-1412
13446,418
13447,831
13448,-2218
13449,115
13450,-553
13451,-950
13452,829
13453,385
13454,66
13455,-2839
13456,605
13457,-520
13458,-580
13459,-379
13460,-554
13461,98
13462,366
13463,-1004
13464,607
13465,-657
13466,38
13467,-1206
13468,-374
13469,232
13470,-230
13471,205
13472,-1227
13473,-1216
13474,-344
13475,-1011
13476,-320
13477,-1082
13478,-430
13479,262
13480,262
13481,-263
13482,180
13483,266
13484,-35
13485,261
13486,-443
13487,-2271
13488,-526
13489,-1771
13490,-976
13491,-1498
13492,674
13493,-893
13494,-29
13495,-1202
13496,-836
13497,-291
13498,-345
13499,-580
13500,-475
13501,934
13502,-865
13503,-1272
13504,-381
13505,1041
13506,607
13507,625
13508,-807
13509,-1080
13510,599
13511,-436
13512,743
13513,55
13514,-721
13515,-1571
13516,-219
13517,-682
13518,-458
13519,509
13520,394
13521,-689
13522,-606
13523,42
13524,-944
13525,-1866
13526,-925
13527,-998
13528,-844
13529,-394
13530,-1186
13531,766
13532,-449
13533,-354
13534,803
13535,-205
13536,-1875
13537,-305
13538,494
13539,-220
13540,-1530
13541,-524
13542,7
13543,-948
13544,-831
13545,554
13546,-280
13547,-674
13548,-545
13549,91
13550,-485
13551,392
13552,-574
13553,-347
13554,83
13555,933
13556,-1632
13557,-106
13558,-323
13559,-817
13560,-574
13561,-358
13562,367
13563,-1275
13564,-895
13565,-607
13566,-559
13567,-1651
13568,-751
13569,-239
13570,-465
13571,-752
13572,-2092
13573,58
13574,-934
13575,-557
13576,-1086
13577,626
13578,258
13579,-976
13580,-1707
13581,224
13582,739
13583,-840
13584,-2092
13585,451
13586,-1049
13587,136
13588,470
13589,-299
13590,99
13591,-282
13592,-507
13593,-1128
13594,-1653
13595,-437
13596,-1635
13597,573
13598,-1584
13599,-1412
13600,-231
13601,612
13602,-1329
13603,-1478
13604,-981
13605,-1367
13606,776
13607,-1447
13608,215
13609,994
13610,-1773
13611,-414
13612,-629
13613,-18
13614,-646
13615,-961
13616,-54
13617,-514
13618,-347
13619,217
13620,-1493
13621,410
13622,111
13623,-1430
13624,-2057
13625,-1028
13626,-12
13627,272
13628,-1360
13629,-1212
13630,-177
13631,852
13632,-589
13633,-493
13634,-1084
13635,-399
13636,-604
13637,-832
13638,-712
13639,-44
13640,-920
13641,-185
13642,-551
13643,-1150
13644,-498
13645,-1372
13646,-296
13647,-577
13648,-719
13649,-1250
13650,-27
13651,-742
13652,-860
13653,-1137
13654,-628
13655,-870
13656,-646
13657,-297
13658,-1170
13659,-1323
13660,-46
13661,-451
13662,-472
13663,752
13664,-5
13665,-293
13666,-248
13667,-327
13668,-463
13669,-570
13670,-495
13671,-617
13672,715
13673,-692
13674,-2311
13675,0
13676,-33
13677,-1826
13678,439
13679,-949
13680,294
13681,-1296
13682,-423
13683,-500
13684,196
13685,-1345
13686,268
13687,21
13688,73
13689,496
13690,93
13691,-386
13692,-996
13693,-855
13694,-736
13695,-1584
13696,449
13697,-798
13698,-723
13699,-1009
13700,-2009
13701,-169
13702,-263
13703,-701
13704,176
13705,-341
13706,-1013
13707,-1231
13708,-1259
13709,133
13710,50
13711,627
13712,-236
13713,-1016
13714,-700
13715,-404
13716,-2141
13717,-1574
13718,-1415
13719,-201
13720,806
13721,-574
13722,-1813
13723,-981
13724,-597
13725,-81
13726,-2386
13727,-271
13728,-664
13729,9
13730,-328
13731,-1180
13732,-371
13733,-186
13734,-997
13735,-979
13736,-447
13737,-1137
13738,-324
13739,402
13740,-1022
13741,-243
13742,-624
13743,519
13744,-951
13745,-181
13746,-227
13747,-553
13748,-2239
13749,-1117
13750,1
13751,-555
13752,260
13753,-269
13754,53
13755,-447
13756,34
13757,-1156
13758,-1195
13759,-572
13760,1040
13761,488
13762,-1225
13763,-1680
13764,-275
13765,-419
13766,-645
13767,180
13768,158
13769,-270
13770,-385
13771,181
13772,-267
13773,72
13774,-212
13775,-1349
13776,-780
13777,902
13778,-1062
13779,525
13780,-734
13781,-996
13782,-2218
13783,-187
13784,-235
13785,101
13786,597
13787,-454
13788,370
13789,-996
13790,-109
13791,-1306
13792,12
13793,739
13794,-451
13795,336
13796,-1228
13797,-783
13798,-486
13799,-158
13800,-1326
13801,-1612
13802,-901
13803,-528
13804,-1015
13805,-46
13806,0
13807,-62
13808,-194
13809,-724
13810,274
13811,-766
13812,-233
13813,328
13814,129
13815,264
13816,35
13817,-406
13818,-1071
13819,1153
13820,-1061
13821,59
13822,-130
13823,-531
13824,-324
13825,-522
13826,-478
13827,-1098
13828,-1901
13829,389
13830,353
13831,-693
13832,72
13833,-1703
13834,-290
13835,-322
13836,855
13837,116
13838,283
13839,-329
13840,-984
13841,215
13842,-679
13843,-2510
13844,-1014
13845,-202
13846,-1308
13847,-840
13848,-1104
13849,-693
13850,-798
13851,-1848
13852,-680
13853,227
13854,-1143
13855,263
13856,-1186
13857,-852
13858,-2091
13859,-1093
13860,-34
13861,-443
13862,-1404
13863,-750
13864,-359
13865,-328
13866,-381
13867,-661
13868,250
13869,291
13870,-838
13871,-1022
13872,-577
13873,-1296
13874,426
13875,-1035
13876,760
13877,398
13878,-224
13879,76
13880,-1954
13881,720
13882,574
13883,-728
13884,-1609
13885,-1228
13886,-1213
13887,-1520
13888,-336
13889,-1037
13890,-1836
13891,-116
13892,-1542
13893,-2252
13894,832
13895,-2225
13896,509
13897,-56
13898,-1822
13899,-23
13900,-1352
13901,-806
13902,-648
13903,-98
13904,-2325
13905,-1869
13906,-1009
13907,-723
13908,40
13909,-1193
13910,-1971
13911,-1346
13912,-1106
13913,-697
13914,-8
13915,-772
13916,-177
13917,-991
13918,-450
13919,-73
13920,237
13921,791
13922,-467
13923,-976
13924,-387
13925,16
13926,873
13927,-807
13928,-535
13929,-329
13930,-1669
13931,-764
13932,-1056
13933,-1190
13934,7
13935,130
13936,-158
13937,708
13938,202
13939,138
13940,-1177
13941,-908
13942,-351
13943,-1371
13944,-1113
13945,-403
13946,-1651
13947,-405
13948,-3
13949,-1187
13950,-1149
13951,-846
13952,-559
13953,-314
13954,-469
13955,713
13956,-2670
13957,-44
13958,-1142
13959,-667
13960,-966
13961,-752
13962,-1024
13963,-1495
13964,469
13965,-107
13966,-801
13967,483
13968,-243
13969,-1010
13970,54
13971,-876
13972,-580
13973,-302
13974,-886
13975,306
13976,-566
13977,-974
13978,-657
13979,-545
13980,-58
13981,838
13982,-1653
13983,-2700
13984,-230
13985,253
13986,-1494
13987,475
13988,187
13989,-933
13990,-91
13991,-623
13992,102
13993,-821
13994,-69
13995,-73
13996,-54
13997,-372
13998,-466
13999,-376
14000,-66
14001,-496
14002,-305
14003,-1160
14004,126
14005,79
14006,670
14007,-1398
14008,184
14009,388
14010,309
14011,-705
14012,714
14013,4
14014,-398
14015,-1134
14016,-589
14017,-70
14018,-733
14019,-1
14020,216
14021,892
14022,-342
14023,304
14024,-152
14025,-379
14026,-769
14027,-953
14028,-801
14029,-523
14030,-1367
14031,-702
14032,-1889
14033,-277
14034,-508
14035,-1289
14036,785
14037,-832
14038,-2271
14039,-26
14040,43
14041,443
14042,152
14043,-867
14044,-1589
14045,1044
14046,-162
14047,-954
14048,171
14049,-446
14050,-1063
14051,-717
14052,-1449
14053,-404
14054,-368
14055,-176
14056,-995
14057,-432
14058,-1249
14059,-591
14060,-1213
14061,-1325
14062,-826
14063,-1400
14064,107
14065,-1712
14066,304
14067,-1330
14068,-406
14069,-337
14070,374
14071,-1293
14072,-529
14073,-1030
14074,213
14075,-1689
14076,263
14077,-710
14078,1055
14079,-464
14080,447
14081,-547
14082,-1131
14083,-867
14084,-81
14085,-119
14086,-479
14087,-1360
14088,233
14089,-1631
14090,-987
14091,-1923
14092,523
14093,-977
14094,-75
14095,-611
14096,-1366
14097,-1161
14098,-651
14099,-572
14100,105
14101,-174
14102,84
14103,-14
14104,-1014
14105,-2587
14106,-6
14107,194
14108,201
14109,-1286
14110,-814
14111,-582
14112,-1911
14113,-106
14114,-778
14115,-2149
14116,-812
14117,-578
14118,150
14119,-326
14120,-439
14121,-980
14122,-403
14123,-59
14124,425
14125,10
14126,-930
14127,-317
14128,-918
14129,-764
14130,-1099
14131,-182
14132,-1726
14133,348
14134,-339
14135,274
14136,-365
14137,-81
14138,-264
14139,638
14140,-1473
14141,-1183
14142,3
14143,-91
14144,-1046
14145,-860
14146,-123
14147,-566
14148,649
14149,832
14150,-782
14151,36
14152,-103
14153,125
14154,-638
14155,503
14156,-26
14157,-376
14158,-294
14159,-1059
14160,-366
14161,-877
14162,-2228
14163,-739
14164,-1931
14165,-2077
14166,-850
14167,339
14168,832
14169,-932
14170,-85
14171,-1440
14172,210
14173,-1326
14174,-526
14175,299
14176,-1310
14177,-677
14178,-948
14179,10
14180,-760
14181,-1003
14182,-3
14183,-1482
14184,311
14185,215
14186,-45
14187,-410
14188,-156
14189,-20
14190,540
14191,-331
14192,-2210
14193,-828
14194,-637
14195,-852
14196,136
14197,204
14198,74
14199,-690
14200,-940
14201,-1197
14202,147
14203,-238
14204,-1029
14205,-156
14206,-816
14207,418
14208,-1405
14209,-761
14210,-1840
14211,-684
14212,-1218
14213,-691
14214,119
14215,-1872
14216,-398
14217,-910
14218,-884
14219,580
14220,-2247
14221,-1530
14222,-1060
14223,-1079
14224,-370
14225,-650
14226,-1536
14227,431
14228,726
14229,-1607
14230,-362
14231,-445
14232,-1614
14233,-491
14234,-335
14235,-618
14236,4
14237,58
14238,-669
14239,40
14240,-1360
14241,-1476
14242,286
14243,-62
14244,-2198
14245,-1230
14246,-1044
14247,674
14248,143
14249,-745
14250,-156
14251,561
14252,404
14253,-349
14254,443
14255,-1911
14256,-285
14257,-582
14258,41
14259,-1420
14260,-1675
14261,-1273
14262,-152
14263,228
14264,-602
14265,-586
14266,237
14267,-181
14268,90
14269,15
14270,-1115
14271,-1902
14272,-805
14273,265
14274,-987
14275,825
14276,-1457
14277,-930
14278,-293
14279,188
14280,-100
14281,-649
14282,354
14283,-365
14284,359
14285,-73
14286,-283
14287,-1501
14288,-1035
14289,215
14290,27
14291,443
14292,-405
14293,-548
14294,-335
14295,-368
14296,-336
14297,-413
14298,-430
14299,-671
14300,-1999
14301,272
14302,-947
14303,-4
14304,-863
14305,-641
14306,-609
14307,-1129
14308,8
14309,-1727
14310,-488
14311,-878
14312,-399
14313,-955
14314,863
14315,-1849
14316,-3465
14317,-880
14318,-368
14319,-2250
14320,284
14321,-319
14322,-504
14323,-1075
14324,264
14325,-1490
14326,-442
14327,-1
14328,55
14329,-655
14330,121
14331,6
14332,-997
14333,-102
14334,-104
14335,-728
14336,46
14337,372
14338,-678
14339,-1278
14340,-1554
14341,-516
14342,794
14343,-915
14344,-1365
14345,347
14346,71
14347,603
14348,-266
14349,-768
14350,-1052
14351,475
14352,185
14353,-1975
14354,-878
14355,-252
14356,-1177
14357,-1078
14358,468
14359,-682
14360,-1021
14361,-1631
14362,-365
14363,-1073
14364,351
14365,-416
14366,-1653
14367,-1328
14368,85
14369,846
14370,48
14371,21
14372,-592
14373,-708
14374,-141
14375,-185
14376,-498
14377,-554
14378,-1185
14379,-1085
14380,-456
14381,-892
14382,449
14383,-1277
14384,-180
14385,-1841
14386,-33
14387,-1245
14388,648
14389,-506
14390,-936
14391,882
14392,-847
14393,-1891
14394,-1388
14395,242
14396,-2752
14397,-748
14398,-374
14399,-404
14400,-746
14401,1086
14402,12
14403,-1566
14404,-287
14405,91
14406,-1088
14407,-499
14408,-821
14409,72
14410,-1480
14411,-1094
14412,-611
14413,489
14414,-525
14415,186
14416,-992
14417,-862
14418,-578
14419,-1477
14420,422
14421,-734
14422,-855
14423,680
14424,-1217
14425,-684
14426,-1945
14427,-898
14428,-46
14429,798
14430,-17
14431,149
14432,496
14433,-1156
14434,-563
14435,-1183
14436,-1442
14437,-801
14438,113
14439,796
14440,-698
14441,671
14442,568
14443,947
14444,-375
14445,-651
14446,182
14447,-338
14448,-1683
14449,-357
14450,-122
14451,-1613
14452,-372
14453,-793
14454,202
14455,-1366
14456,18
14457,-893
14458,-658
14459,-38
14460,-692
14461,-6
14462,709
14463,-1091
14464,-792
14465,-931
14466,-1701
14467,-924
14468,338
14469,-154
14470,-1005
14471,-3125
14472,-395
14473,-317
14474,235
14475,-1002
14476,181
14477,-877
14478,47
14479,-837
14480,476
14481,-465
14482,-341
14483,252
14484,177
14485,-531
14486,-540
14487,285
14488,-321
14489,-753
14490,-682
14491,-238
14492,-2737
14493,-1430
14494,-220
14495,-2452
14496,-1416
14497,-487
14498,-1371
14499,46
14500,-625
14501,-538
14502,-1213
14503,-795
14504,609
14505,61
14506,-616
14507,-1503
14508,55
14509,-1246
14510,162
14511,-396
14512,-1786
14513,-567
14514,311
14515,677
14516,-1519
14517,413
14518,-281
14519,-174
14520,644
14521,-93
14522,-530
14523,67
14524,558
14525,-522
14526,328
14527,-522
14528,398
14529,-692
14530,-386
14531,-703
14532,-455
14533,-259
14534,-911
14535,30
14536,-197
14537,-41
14538,-214
14539,-1328
14540,-247
14541,-1310
14542,-1948
14543,-1656
14544,1191
14545,-1411
14546,-1076
14547,-1338
14548,-155
14549,-457
14550,-956
14551,-1144
14552,-1824
14553,-733
14554,-536
14555,-46
14556,-1417
14557,-2052
14558,-329
14559,-1465
14560,-1788
14561,-108
14562,-1312
14563,-500
14564,-1218
14565,-67
14566,-540
14567,-842
14568,-344
14569,355
14570,603
14571,-282
14572,-945
14573,-367
14574,-965
14575,-119
14576,-93
14577,114
14578,102
14579,-2218
14580,-782
14581,-105
14582,22
14583,-345
14584,-863
14585,-1766
14586,-36
14587,-1400
14588,-426
14589,138
14590,-957
14591,152
14592,-1211
14593,-306
14594,-710
14595,556
14596,832
14597,-1602
14598,-573
14599,-549
14600,133
14601,-1436
14602,-997
14603,-764
14604,27
14605,-1571
14606,-933
14607,831
14608,-1183
14609,-582
14610,-886
14611,585
14612,-1250
14613,-267
14614,-875
14615,-1681
14616,-1420
14617,-700
14618,-136
14619,-760
14620,-1204
14621,-1344
14622,-1638
14623,-983
14624,-330
14625,933
14626,-533
14627,-759
14628,41
14629,-352
14630,-523
14631,-708
14632,13
14633,-41
14634,-2550
14635,-328
14636,-182
14637,-762
14638,-375
14639,-408
14640,-966
14641,175
14642,-294
14643,-2602
14644,47
14645,-1728
14646,-1502
14647,-660
14648,-2467
14649,1126
14650,-232
14651,27
14652,79
14653,652
14654,-901
14655,-153
14656,-462
14657,-1556
14658,-994
14659,-646
14660,-650
14661,470
14662,-2129
14663,-876
14664,-539
14665,-1537
14666,-1078
14667,-312
14668,-436
14669,-1005
14670,593
14671,-449
14672,-465
14673,-1034
14674,-1176
14675,-247
14676,-114
14677,-2339
14678,-268
14679,-943
14680,46
14681,-1429
14682,-175
14683,330
14684,-1112
14685,-214
14686,-1344
14687,-168
14688,-818
14689,-602
14690,-788
14691,225
14692,-101
14693,171
14694,-1189
14695,-187
14696,-1150
14697,-261
14698,-794
14699,-1062
14700,34
14701,-298
14702,-944
14703,-2008
14704,-575
14705,485
14706,-2219
14707,-757
14708,188
14709,-1520
14710,252
14711,-433
14712,-526
14713,-1707
14714,618
14715,1
14716,-1412
14717,52
14718,-1247
14719,-1729
14720,-891
14721,130
14722,-687
14723,27
14724,1124
14725,532
14726,-395
14727,-66
14728,-1198
14729,392
14730,555
14731,-1692
14732,-461
14733,-308
14734,166
14735,-925
14736,-1771
14737,1007
14738,149
14739,241
14740,-478
14741,-1739
14742,159
14743,-1327
14744,-992
14745,-1049
14746,-640
14747,-762
14748,-265
14749,-1005
14750,-214
14751,-787
14752,-323
14753,-1101
14754,-1590
14755,956
14756,-1101
14757,-807
14758,-590
14759,-229
14760,-1122
14761,-1266
14762,-256
14763,-633
14764,-2572
14765,309
14766,329
14767,-71
14768,246
14769,-1230
14770,93
14771,-1117
14772,-497
14773,-94
14774,-338
14775,-794
14776,-750
14777,-1067
14778,-1514
14779,-488
14780,-519
14781,-1547
14782,-812
14783,-239
14784,-790
14785,349
14786,-1077
14787,70
14788,-1204
14789,-67
14790,-791
14791,-703
14792,-330
14793,1011
14794,-1589
14795,69
14796,668
14797,723
14798,276
14799,-632
14800,-397
14801,-1594
14802,-58
14803,-857
14804,-1190
14805,-504
14806,159
14807,59
14808,-522
14809,316
14810,138
14811,-461
14812,-1346
14813,-74
14814,363
14815,364
14816,-451
14817,227
14818,952
14819,6
14820,309
14821,-191
14822,-1474
14823,-1019
14824,-286
14825,713
14826,-1024
14827,-749
14828,252
14829,-96
14830,294
14831,-1133
14832,1113
14833,311
14834,-1057
14835,142
14836,-120
14837,-845
14838,-435
14839,-1485
14840,-2110
14841,-519
14842,-2030
14843,-533
14844,6
14845,-554
14846,-2464
14847,-155
14848,-235
14849,-12
14850,427
14851,1378
14852,749
14853,-1495
14854,-924
14855,-397
14856,857
14857,-2155
14858,-779
14859,-217
14860,-258
14861,-481
14862,-650
14863,-298
14864,-346
14865,-421
14866,409
14867,42
14868,-1595
14869,-1699
14870,-365
14871,-1054
14872,8
14873,-41
14874,-365
14875,-989
14876,-834
14877,550
14878,-694
14879,235
14880,-811
14881,-1772
14882,-1365
14883,-927
14884,-1932
14885,-818
14886,107
14887,-805
14888,53
14889,-305
14890,-426
14891,-209
14892,142
14893,-1049
14894,-1013
14895,458
14896,-928
14897,-1258
14898,-24
14899,-441
14900,-3005
14901,-359
14902,-636
14903,-1567
14904,35
14905,-200
14906,281
14907,-1310
14908,-1262
14909,-25
14910,-564
14911,-1517
14912,-442
14913,-625
14914,-1017
14915,30
14916,452
14917,-1662
14918,-161
14919,21
14920,-2
14921,348
14922,-820
14923,-677
14924,-1506
14925,-1552
14926,108
14927,-61
14928,-1442
14929,-1171
14930,-967
14931,155
14932,-1443
14933,-78
14934,-612
14935,-590
14936,-639
14937,-570
14938,676
14939,-1681
14940,-1146
14941,52
14942,-1091
14943,-517
14944,-614
14945,1207
14946,-664
14947,447
14948,-56
14949,-786
14950,427
14951,-181
14952,356
14953,-399
14954,-686
14955,-494
14956,-587
14957,-910
14958,93
14959,-204
14960,-382
14961,862
14962,-1305
14963,20
14964,-730
14965,-524
14966,-724
14967,-1132
14968,-767
14969,1075
14970,-242
14971,-1079
14972,-95
14973,-839
14974,-13
14975,-636
14976,158
14977,96
14978,-66
14979,253
14980,-318
14981,-844
14982,292
14983,-536
14984,-504
14985,-2310
14986,763
14987,-207
14988,-325
14989,-309
14990,291
14991,-1590
14992,-1310
14993,-1530
14994,-76
14995,-948
14996,608
14997,-374
14998,479
14999,-1355
15000,-511
15001,-141
15002,-355
15003,-1140
15004,860
15005,-1266
15006,328
15007,-119
15008,-1167
15009,931
15010,222
15011,-712
15012,-434
15013,-300
15014,253
15015,-601
15016,-1090
15017,-286
15018,-364
15019,-1714
15020,337
15021,1037
15022,-1005
15023,-1127
15024,-528
15025,-807
15026,469
15027,170
15028,-1026
15029,-492
15030,539
15031,-761
15032,478
15033,-961
15034,338
15035,-1123
15036,-168
15037,-1653
15038,364
15039,-809
15040,-1317
15041,-338
15042,-833
15043,-804
15044,-891
15045,-1919
15046,-963
15047,-342
15048,-2458
15049,-1621
15050,-1778
15051,-373
15052,-137
15053,-258
15054,297
15055,-645
15056,-922
15057,-355
15058,-2613
15059,565
15060,-1265
15061,-614
15062,-392
15063,-578
15064,-770
15065,122
15066,-150
15067,-1319
15068,8
15069,215
15070,-1117
15071,-2018
15072,608
15073,-201
15074,586
15075,-560
15076,-366
15077,723
15078,-16
15079,891
15080,-259
15081,-997
15082,-394
15083,-735
15084,394
15085,314
15086,-250
15087,-1129
15088,300
15089,-33
15090,-683
15091,-181
15092,-742
15093,-1133
15094,-1444
15095,-29
15096,180
15097,-1158
15098,-102
15099,-2238
15100,-1315
15101,-750
15102,-2144
15103,-667
15104,-485
15105,864
15106,452
15107,-1258
15108,221
15109,-652
15110,284
15111,-829
15112,-390
15113,-185
15114,-677
15115,-304
15116,-940
15117,-176
15118,16
15119,-426
15120,-592
15121,0
15122,-573
15123,-490
15124,-313
15125,-1519
15126,-1484
15127,207
15128,586
15129,-1246
15130,-731
15131,-301
15132,165
15133,-300
15134,-2000
15135,-157
15136,-331
15137,-420
15138,767
15139,-252
15140,-1515
15141,-231
15142,-942
15143,357
15144,-1921
15145,62
15146,512
15147,-739
15148,-2057
15149,-159
15150,349
15151,257
15152,100
15153,92
15154,-982
15155,-618
15156,-995
15157,438
15158,199
15159,-668
15160,163
15161,-204
15162,-1565
15163,-1167
15164,-105
15165,-1533
15166,1024
15167,-1064
15168,273
15169,-1343
15170,189
15171,-633
15172,515
15173,-256
15174,269
15175,-1072
15176,155
15177,-3195
15178,-865
15179,-2643
15180,-4
15181,-1088
15182,-113
15183,751
15184,-712
15185,12
15186,-644
15187,111
15188,-152
15189,-1706
15190,-921
15191,87
15192,-775
15193,187
15194,-927
15195,-1329
15196,-200
15197,41
15198,358
15199,221
15200,-1941
15201,-333
15202,-941
15203,-327
15204,231
15205,-931
15206,-691
15207,-156
15208,-922
15209,-231
15210,855
15211,-1095
15212,1055
15213,304
15214,-663
15215,-79
15216,-1105
15217,-515
15218,-1162
15219,-425
15220,293
15221,-213
15222,-1542
15223,-2267
15224,42
15225,-623
15226,230
15227,-1175
15228,-141
15229,12
15230,-499
15231,890
15232,-1598
15233,-528
15234,-942
15235,24
15236,-1608
15237,-2248
15238,-96
15239,94
15240,-318
15241,-961
15242,-386
15243,-3
15244,-316
15245,-991
15246,-1190
15247,-164
15248,-297
15249,-701
15250,-1675
15251,-821
15252,-217
15253,-722
15254,-1476
15255,-1041
15256,-598
15257,-1340
15258,-551
15259,-391
15260,-647
15261,382
15262,299
15263,-374
15264,-948
15265,-1924
15266,-341
15267,-587
15268,-1654
15269,-102
15270,458
15271,-1381
15272,-1175
15273,-1571
15274,482
15275,802
15276,-159
15277,-502
15278,-862
15279,-2470
15280,349
15281,-711
15282,399
15283,467
15284,-1914
15285,-1367
15286,711
15287,-941
15288,-854
15289,-767
15290,-766
15291,-345
15292,90
15293,-1134
15294,-216
15295,870
15296,-1
15297,170
15298,-1290
15299,207
15300,841
15301,-628
15302,-1631
15303,643
15304,520
15305,-1380
15306,-2077
15307,-1302
15308,-1223
15309,-221
15310,-749
15311,-577
15312,-432
15313,-1707
15314,95
15315,-1248
15316,8
15317,-1168
15318,-449
15319,208
15320,-655
15321,-738
15322,-80
15323,17
15324,899
15325,-400
15326,-1869
15327,-411
15328,-1380
15329,-328
15330,-810
15331,-512
15332,705
15333,-575
15334,-1436
15335,-982
15336,-564
15337,-446
15338,137
15339,56
15340,-589
15341,-653
15342,-259
15343,373
15344,-47
15345,-866
15346,-652
15347,-225
15348,218
15349,-1395
15350,408
15351,297
15352,-269
15353,-400
15354,-1491
15355,1040
15356,336
15357,381
15358,-976
15359,-695
15360,-304
15361,-1082
15362,-1167
15363,-903
15364,-665
15365,-1886
15366,662
15367,220
15368,-838
15369,-1136
15370,400
15371,-916
15372,-107
15373,-2004
15374,-567
15375,-1170
15376,-851
15377,-315
15378,-610
15379,296
15380,-1312
15381,-518
15382,-1058
15383,-1013
15384,-58
15385,486
15386,-43
15387,-669
15388,-310
15389,-609
15390,-698
15391,-749
15392,-959
15393,-40
15394,309
15395,-976
15396,-358
15397,-720
15398,-1386
15399,-1192
15400,61
15401,-981
15402,211
15403,-146
15404,-1088
15405,-945
15406,-2052
15407,21
15408,-2728
15409,-125
15410,-1512
15411,925
15412,-1652
15413,-236
15414,-2235
15415,-401
15416,248
15417,-1708
15418,-181
15419,-739
15420,-411
15421,-2241
15422,-1020
15423,403
15424,-1228
15425,-727
15426,569
15427,28
15428,-1092
15429,-97
15430,-1544
15431,-947
15432,-1698
15433,128
15434,-280
15435,85
15436,228
15437,-1788
15438,-410
15439,491
15440,305
15441,143
15442,910
15443,-1279
15444,-2324
15445,-969
15446,-1726
15447,-587
15448,-1960
15449,-364
15450,-51
15451,-307
15452,-1306
15453,-587
15454,828
15455,-743
15456,-1589
15457,107
15458,-1190
15459,-1455
15460,-134
15461,-78
15462,-556
15463,452
15464,-425
15465,-1549
15466,-183
15467,185
15468,-1497
15469,592
15470,-1139
15471,-1084
15472,-1058
15473,-478
15474,-930
15475,-977
15476,-235
15477,-1020
15478,-1369
15479,-840
15480,596
15481,-1352
15482,-509
15483,379
15484,895
15485,-276
15486,-389
15487,-1165
15488,798
15489,-965
15490,360
15491,-1033
15492,-1649
15493,-49
15494,-2021
15495,-513
15496,-484
15497,-81
15498,-1545
15499,-807
15500,379
15501,-1718
15502,-1113
15503,-730
15504,-484
15505,-2189
15506,-350
15507,-104
15508,-1115
15509,419
15510,-826
15511,-48
15512,-1185
15513,-678
15514,-1075
15515,191
15516,-427
15517,177
15518,-886
15519,12
15520,289
15521,758
15522,-1306
15523,46
15524,194
15525,-1089
15526,-661
15527,346
15528,-1442
15529,-930
15530,-84
15531,-890
15532,-726
15533,-480
15534,726
15535,-781
15536,-466
15537,345
15538,-232
15539,-742
15540,439
15541,735
15542,-1388
15543,-1211
15544,-1839
15545,97
15546,184
15547,-267
15548,-887
15549,-2506
15550,-2528
15551,-219
15552,-340
15553,-491
15554,-448
15555,-864
15556,-1348
15557,-1674
15558,100
15559,-1455
15560,-1719
15561,-1004
15562,-501
15563,-611
15564,-277
15565,-1845
15566,-436
15567,117
15568,-474
15569,-1540
15570,-165
15571,-1167
15572,-2140
15573,-802
15574,-214
15575,-1060
15576,378
15577,836
15578,-1490
15579,-827
15580,-367
15581,-292
15582,-1748
15583,895
15584,-1204
15585,662
15586,-1145
15587,-725
15588,-481
15589,-1534
15590,-95
15591,-3
15592,-668
15593,-686
15594,-532
15595,-899
15596,430
15597,256
15598,-622
15599,478
15600,-877
15601,-330
15602,-471
15603,1031
15604,186
15605,-1046
15606,-202
15607,-872
15608,-1484
15609,762
15610,32
15611,-1555
15612,-269
15613,-1364
15614,-459
15615,-217
15616,775
15617,332
15618,-1627
15619,-388
15620,-2169
15621,-113
15622,750
15623,-1333
15624,-1068
15625,13
15626,-448
15627,-390
15628,-33
15629,-554
15630,-213
15631,-1
15632,-912
15633,-484
15634,518
15635,-476
15636,226
15637,-563
15638,360
15639,293
15640,-1531
15641,429
15642,-321
15643,-349
15644,308
15645,-517
15646,554
15647,279
15648,-520
15649,489
15650,267
15651,-1208
15652,-138
15653,236
15654,-35
15655,-1020
15656,59
15657,-1964
15658,-893
15659,-379
15660,-616
15661,-856
15662,306
15663,-266
15664,-1776
15665,-340
15666,-228
15667,180
15668,-976
15669,-439
15670,-223
15671,-1599
15672,-227
15673,-1309
15674,57
15675,-1539
15676,-305
15677,654
15678,-894
15679,-432
15680,-1557
15681,-25
15682,-2160
15683,-1096
15684,350
15685,-1963
15686,356
15687,-66
15688,-1818
15689,-587
15690,-660
15691,-2475
15692,-648
15693,-739
15694,-1201
15695,-181
15696,-11
15697,-99
15698,-1213
15699,-1629
15700,-209
15701,-2012
15702,-473
15703,-988
15704,-483
15705,-784
15706,-811
15707,-545
15708,-832
15709,686
15710,-1404
15711,-1260
15712,-750
15713,-863
15714,-206
15715,-826
15716,-506
15717,-508
15718,-376
15719,197
15720,-741
15721,-1716
15722,-1786
15723,216
15724,-744
15725,-446
15726,-350
15727,787
15728,-1259
15729,-755
15730,-551
15731,-794
15732,-206
15733,-719
15734,-1996
15735,-146
15736,-1166
15737,-235
15738,-467
15739,-247
15740,-289
15741,-235
15742,-1465
15743,-1220
15744,5
15745,323
15746,-1227
15747,-136
15748,657
15749,-697
15750,-84
15751,-354
15752,538
15753,482
15754,-278
15755,-1059
15756,26
15757,-572
15758,-578
15759,-370
15760,550
15761,-336
15762,-106
15763,-318
15764,-1306
15765,-1273
15766,191
15767,-225
15768,-1722
15769,-884
15770,-293
15771,138
15772,-171
15773,-989
15774,716
15775,-112
15776,814
15777,-242
15778,-10
15779,-226
15780,-700
15781,-974
15782,-301
15783,-916
15784,-451
15785,-1062
15786,203
15787,-183
15788,-741
15789,-32
15790,-810
15791,-1536
15792,-1249
15793,-164
15794,-1541
15795,-1553
15796,-249
15797,70
15798,-789
15799,-461
15800,168
15801,-1222
15802,-475
15803,-123
15804,-1404
15805,-862
15806,368
15807,477
15808,10
15809,-628
15810,-1519
15811,-289
15812,-227
15813,-379
15814,-1358
15815,-1166
15816,-1674
15817,175
15818,-1134
15819,-1363
15820,-562
15821,182
15822,-89
15823,-998
15824,579
15825,75
15826,201
15827,-680
15828,-454
15829,307
15830,-536
15831,-352
15832,-264
15833,-633
15834,746
15835,-1059
15836,22
15837,-95
15838,-1337
15839,-887
15840,-639
15841,-683
15842,-1180
15843,-1351
15844,358
15845,-1809
15846,-1050
15847,-1016
15848,-1213
15849,-652
15850,-641
15851,-422
15852,-698
15853,-869
15854,-2009
15855,-1908
15856,-5
15857,-809
15858,-1469
15859,222
15860,-947
15861,-2210
15862,-737
15863,1226
15864,-1177
15865,-1373
15866,-680
15867,677
15868,-503
15869,-940
15870,414
15871,-737
15872,-941
15873,-453
15874,-3
15875,-392
15876,-1797
15877,532
15878,25
15879,-600
15880,-514
15881,63
15882,-565
15883,-131
15884,-1041
15885,-1705
15886,-1097
15887,-260
15888,-405
15889,-650
15890,542
15891,-2186
15892,-128
15893,-1445
15894,-790
15895,-99
15896,-854
15897,-596
15898,-52
15899,783
15900,-921
15901,-52
15902,-501
15903,1189
15904,-1120
15905,-167
15906,-250
15907,-707
15908,228
15909,-895
15910,-612
15911,-491
15912,-733
15913,204
15914,-836
15915,-445
15916,-681
15917,-759
15918,571
15919,96
15920,47
15921,467
15922,-661
15923,148
15924,-1105
15925,-798
15926,-613
15927,-803
15928,409
15929,-429
15930,-1846
15931,-2240
15932,-345
15933,-2470
15934,-1039
15935,-1006
15936,-438
15937,-2410
15938,-150
15939,-630
15940,-920
15941,-782
15942,-203
15943,753
15944,-309
15945,801
15946,-157
15947,-1162
15948,891
15949,429
15950,-952
15951,33
15952,-394
15953,-1351
15954,916
15955,-1467
15956,-478
15957,-779
15958,-1410
15959,-487
15960,925
15961,-1599
15962,-439
15963,-331
15964,-1076
15965,-712
15966,-387
15967,115
15968,-1713
15969,-421
15970,-1278
15971,603
15972,-567
15973,-41
15974,-264
15975,-261
15976,570
15977,-263
15978,-1548
15979,-382
15980,-400
15981,456
15982,-131
15983,-1284
15984,-1176
15985,-540
15986,111
15987,-1951
15988,99
15989,66
15990,-546
15991,-91
15992,-1155
15993,-613
15994,-480
15995,-638
15996,-1738
15997,-1675
15998,-290
15999,-204
16000,-1916
16001,-810
16002,-859
16003,-2106
16004,-1107
16005,-563
16006,-1437
16007,-824
16008,242
16009,-1379
16010,-337
16011,-1130
16012,288
16013,-573
16014,-485
16015,-352
16016,18
16017,-302
16018,-1121
16019,35
16020,-757
16021,-186
16022,-59
16023,32
16024,-216
16025,199
16026,-393
16027,-1241
16028,-643
16029,690
16030,-1405
16031,1170
16032,-396
16033,-1582
16034,-480
16035,-1438
16036,-1621
16037,307
16038,-163
16039,-1014
16040,-270
16041,-697
16042,445
16043,-774
16044,-400
16045,-409
16046,489
16047,-3419
16048,-166
16049,-732
16050,-420
16051,539
16052,125
16053,-1553
16054,-1505
16055,-455
16056,-1461
16057,-885
16058,-1171
16059,-443
16060,630
16061,965
16062,-269
16063,-742
16064,178
16065,-156
16066,319
16067,-1154
16068,-777
16069,487
16070,-1784
16071,-1143
16072,-708
16073,-647
16074,-1444
16075,-575
16076,194
16077,-1216
16078,-1074
16079,-1238
16080,-291
16081,-142
16082,-229
16083,-1163
16084,316
16085,-893
16086,-817
16087,-858
16088,-278
16089,1
16090,-1062
16091,-603
16092,-891
16093,555
16094,-731
16095,-357
16096,-365
16097,-624
16098,-230
16099,-1399
16100,-896
16101,-677
16102,699
16103,-909
16104,26
16105,-383
16106,-844
16107,-873
16108,-2063
16109,-1748
16110,-1904
16111,-1404
16112,-1434
16113,-828
16114,-2066
16115,-523
16116,-420
16117,-63
16118,-763
16119,-747
16120,315
16121,-199
16122,-1683
16123,-1637
16124,72
16125,-639
16126,-863
16127,-1346
16128,-663
16129,-137
16130,-809
16131,-837
16132,-308
16133,1097
16134,-488
16135,-1061
16136,173
16137,-1
16138,-1399
16139,167
16140,-1805
16141,-1227
16142,-490
16143,-107
16144,-706
16145,-241
16146,-104
16147,55
16148,947
16149,-1863
16150,-481
16151,974
16152,1032
16153,-418
16154,-1451
16155,-241
16156,-703
16157,-1330
16158,245
16159,894
16160,-389
16161,1065
16162,-254
16163,-644
16164,-1928
16165,-1439
16166,-1093
16167,165
16168,-598
16169,-1060
16170,198
16171,-788
16172,-357
16173,-1901
16174,-574
16175,-737
16176,-145
16177,-451
16178,-566
16179,-1056
16180,-1676
16181,-671
16182,-1082
16183,-94
16184,639
16185,114
16186,159
16187,-894
16188,-914
16189,-899
16190,253
16191,-992
16192,-986
16193,227
16194,-589
16195,-469
16196,-1529
16197,-764
16198,407
16199,-109
16200,296
16201,-781
16202,-2001
16203,-2097
16204,-101
16205,-844
16206,-225
16207,-199
16208,-277
16209,341
16210,-74
16211,-71
16212,-190
16213,99
16214,-825
16215,-1832
16216,-2142
16217,-1056
16218,642
16219,-233
16220,-740
16221,-78
16222,-1750
16223,146
16224,-437
16225,399
16226,36
16227,-186
16228,-2849
16229,257
16230,-1461
16231,-47
16232,-314
16233,211
16234,-2390
16235,-1565
16236,480
16237,346
16238,-563
16239,-1222
16240,266
16241,297
16242,-452
16243,-434
16244,542
16245,175
16246,-1559
16247,-1755
16248,-533
16249,91
16250,-798
16251,318
16252,-505
16253,-1564
16254,-912
16255,342
16256,149
16257,-527
16258,-419
16259,-877
16260,-1495
16261,-168
16262,93
16263,537
16264,-756
16265,189
16266,438
16267,-1163
16268,716
16269,-18
16270,-1937
16271,-466
16272,-172
16273,270
16274,-648
16275,193
16276,73
16277,-1051
16278,-53
16279,-1797
16280,-589
16281,-1488
16282,-1243
16283,-672
16284,-508
16285,-1106
16286,389
16287,410
16288,187
16289,114
16290,-484
16291,-628
16292,-484
16293,-50
16294,-217
16295,702
16296,-413
16297,134
16298,31
16299,-1218
16300,-1079
16301,-76
16302,-427
16303,357
16304,-358
16305,-625
16306,-857
16307,-740
16308,-384
16309,-1089
16310,-1112
16311,-492
16312,18
16313,-560
16314,-1305
16315,-1004
16316,-529
16317,-1608
16318,-358
16319,-887
16320,-1015
16321,-1415
16322,-1173
16323,-105
16324,-600
16325,-2593
16326,-436
16327,520
16328,-553
16329,-594
16330,-1113
16331,-446
16332,-603
16333,1226
16334,-1087
16335,-655
16336,411
16337,-638
16338,394
16339,-443
16340,-1331
16341,-250
16342,-1868
16343,-1294
16344,-1933
16345,-2109
16346,187
16347,927
16348,-1885
16349,-176
16350,-1096
16351,-832
16352,-1163
16353,-118
16354,-649
16355,-1787
16356,-189
16357,-2229
16358,-152
16359,-13
16360,-1718
16361,-1111
16362,-372
16363,366
16364,-1062
16365,-646
16366,-94
16367,-30
16368,-797
16369,-922
16370,-350
16371,-417
16372,-792
16373,450
16374,-1317
16375,720
16376,-943
16377,-838
16378,-340
16379,617
16380,-694
16381,-77
16382,351
16383,-627
16384,-1721
16385,-738
16386,-530
16387,736
16388,134
16389,-1762
16390,-1938
16391,306
16392,31
16393,-626
16394,15
16395,-409
16396,-441
16397,-2178
16398,4
16399,-838
16400,-421
16401,365
16402,4
16403,-435
16404,1093
16405,-694
16406,-886
16407,-942
16408,838
16409,-302
16410,-1012
16411,8
16412,192
16413,-569
16414,-377
16415,466
16416,-475
16417,-1650
16418,274
16419,-480
16420,-451
16421,-1090
16422,-1234
16423,-57
16424,-1309
16425,-1152
16426,-155
16427,-291
16428,-901
16429,-779
16430,-400
16431,70
16432,69
16433,372
16434,-711
16435,-817
16436,-11
16437,-592
16438,886
16439,-274
16440,-2100
16441,290
16442,-2314
16443,-920
16444,-1398
16445,-822
16446,-2327
16447,546
16448,513
16449,-1022
16450,667
16451,139
16452,-873
16453,-980
16454,-13
16455,-633
16456,-722
16457,-535
16458,-1436
16459,-1675
16460,-462
16461,-785
16462,-612
16463,-993
16464,-1848
16465,260
16466,-1204
16467,-316
16468,-1746
16469,-201
16470,-1263
16471,-356
16472,-1344
16473,-681
16474,920
16475,-1673
16476,-115
16477,-814
16478,-685
16479,-1504
16480,-1687
16481,682
16482,-845
16483,-1655
16484,-473
16485,741
16486,-1619
16487,-231
16488,-210
16489,142
16490,-719
16491,-843
16492,-623
16493,-286
16494,42
16495,-1565
16496,82
16497,-264
16498,-325
16499,154
16500,503
16501,-678
16502,-1355
16503,734
16504,-325
16505,-897
16506,-215
16507,-995
16508,193
16509,-1757
16510,-579
16511,937
16512,-1419
16513,-820
16514,-857
16515,-488
16516,-81
16517,-1032
16518,-380
16519,-1690
16520,340
16521,69
16522,-1473
16523,27
16524,-2120
16525,-440
16526,-142
16527,-1273
16528,-367
16529,75
16530,-38
16531,-539
16532,107
16533,510
16534,898
16535,235
16536,-760
16537,-1272
16538,-937
16539,-1778
16540,673
16541,-610
16542,-1037
16543,-2
16544,-949
16545,-247
16546,-1295
16547,-800
16548,-258
16549,193
16550,-322
16551,275
16552,50
16553,643
16554,-7
16555,-55
16556,571
16557,334
16558,-1161
16559,-112
16560,-1870
16561,-1283
16562,-356
16563,-234
16564,139
16565,-398
16566,-2548
16567,-615
16568,152
16569,-215
16570,-246
16571,-1929
16572,-132
16573,-105
16574,322
16575,-318
16576,55
16577,-58
16578,159
16579,-1406
16580,-832
16581,-765
16582,686
16583,-675
16584,110
16585,-407
16586,-2051
16587,-460
16588,-759
16589,-1240
16590,348
16591,-535
16592,-1196
16593,-1248
16594,772
16595,314
16596,-229
16597,1063
16598,-582
16599,-501
16600,893
16601,928
16602,-1996
16603,380
16604,674
16605,-1113
16606,-508
16607,96
16608,-1057
16609,-1028
16610,-1887
16611,-1655
16612,-1128
16613,-538
16614,-1587
16615,-291
16616,-239
16617,-465
16618,-171
16619,-1157
16620,-781
16621,43
16622,-308
16623,-1788
16624,-357
16625,-497
16626,-239
16627,-808
16628,-1850
16629,-854
16630,-1547
16631,136
16632,302
16633,561
16634,-878
16635,-734
16636,-618
16637,-991
16638,-2003
16639,-1604
16640,-695
16641,-577
16642,834
16643,1096
16644,-1083
16645,765
16646,-1623
16647,-1260
16648,-170
16649,154
16650,-1425
16651,-589
16652,-2145
16653,-862
16654,77
16655,-1330
16656,-1209
16657,391
16658,9
16659,-430
16660,-540
16661,-304
16662,-970
16663,117
16664,-605
16665,493
16666,-2658
16667,-576
16668,-2126
16669,-672
16670,-114
16671,253
16672,-1628
16673,-386
16674,-1419
16675,-1617
16676,-1608
16677,99
16678,-101
16679,9
16680,347
16681,-1818
16682,-1015
16683,206
16684,-302
16685,-550
16686,-301
16687,-809
16688,-569
16689,462
16690,-949
16691,1024
16692,-784
16693,236
16694,-402
16695,-244
16696,-320
16697,-489
16698,182
16699,-1141
16700,-695
16701,-128
16702,1369
16703,92
16704,-2171
16705,-1950
16706,635
16707,-189
16708,-732
16709,766
16710,-1872
16711,632
16712,-736
16713,-68
16714,-1176
16715,-1348
16716,-74
16717,-1201
16718,-1644
16719,-349
16720,-1028
16721,86
16722,-1966
16723,-261
16724,-1832
16725,-49
16726,-2183
16727,-925
16728,-503
16729,-108
16730,-568
16731,-339
16732,159
16733,116
16734,-690
16735,659
16736,-63
16737,484
16738,-924
16739,-155
16740,253
16741,375
16742,-571
16743,-256
16744,-1199
16745,-1268
16746,-143
16747,121
16748,-1332
16749,-1136
16750,-301
16751,-554
16752,-146
16753,-848
16754,-640
16755,154
16756,-71
16757,793
16758,-649
16759,324
16760,-1376
16761,756
16762,-610
16763,-257
16764,-76
16765,-491
16766,85
16767,-460
16768,295
16769,-1585
16770,-324
16771,-823
16772,-644
16773,-406
16774,181
16775,-1886
16776,575
16777,-362
16778,738
16779,-154
16780,129
16781,664
16782,46
16783,-275
16784,625
16785,-1300
16786,-421
16787,-241
16788,-540
16789,-709
16790,-562
16791,8
16792,-204
16793,-1192
16794,-1770
16795,-888
16796,-1049
16797,-204
16798,124
16799,812
16800,281
16801,-1051
16802,2
16803,-248
16804,-210
16805,-904
16806,-756
16807,-464
16808,-690
16809,-260
16810,-1423
16811,346
16812,-1167
16813,-148
16814,463
16815,632
16816,-85
16817,-804
16818,-938
16819,287
16820,-213
16821,-12
16822,-653
16823,-795
16824,-1074
16825,-880
16826,281
16827,-1089
16828,-465
16829,-52
16830,-184
16831,-291
16832,-1018
16833,97
16834,-1727
16835,-623
16836,485
16837,-1233
16838,-553
16839,261
16840,-524
16841,-944
16842,-1896
16843,-892
16844,-1437
16845,14
16846,-1078
16847,-1035
16848,-275
16849,-594
16850,-1177
16851,-1055
16852,-1296
16853,-22
16854,-499
16855,-1467
16856,348
16857,247
16858,-569
16859,-1422
16860,-351
16861,-669
16862,-1942
16863,23
16864,-148
16865,-422
16866,432
16867,-725
16868,-1069
16869,-97
16870,-912
16871,-1662
16872,-815
16873,157
16874,327
16875,424
16876,-2080
16877,1060
16878,-1999
16879,-1196
16880,-960
16881,-1074
16882,-1161
16883,-1044
16884,94
16885,-818
16886,104
16887,-860
16888,-5
16889,-1785
16890,-2056
16891,-1331
16892,-945
16893,-360
16894,-1264
16895,-1019
16896,-595
16897,-677
16898,-983
16899,-568
16900,-187
16901,-1307
16902,-140
16903,874
16904,0
16905,-209
16906,-664
16907,892
16908,-546
16909,771
16910,-115
16911,325
16912,-763
16913,-686
16914,-473
16915,-968
16916,-382
16917,20
16918,366
16919,-213
16920,-67
16921,29
16922,-1779
16923,124
16924,845
16925,-1181
16926,413
16927,388
16928,-1028
16929,-1779
16930,-2020
16931,-1512
16932,562
16933,108
16934,-924
16935,-144
16936,-220
16937,-771
16938,-668
16939,-396
16940,423
16941,316
16942,-487
16943,-654
16944,212
16945,-755
16946,-624
16947,-358
16948,152
16949,-1332
16950,-256
16951,1193
16952,18
16953,-469
16954,-1135
16955,-250
16956,-1315
16957,400
16958,-409
16959,-678
16960,14
16961,-215
16962,-1821
16963,-931
16964,406
16965,-2714
16966,441
16967,-618
16968,-903
16969,-984
16970,-96
16971,647
16972,-970
16973,126
16974,615
16975,-661
16976,127
16977,-1039
16978,-914
16979,-1193
16980,-1410
16981,-533
16982,-240
16983,-427
16984,287
16985,-356
16986,383
16987,-458
16988,-583
16989,-223
16990,-351
16991,-178
16992,-1451
16993,-812
16994,-503
16995,-743
16996,-881
16997,-140
16998,171
16999,-8
17000,-257
17001,-82
17002,-1182
17003,547
17004,102
17005,-314
17006,-1594
17007,199
17008,482
17009,-397
17010,-1311
17011,-211
17012,450
17013,-253
17014,-487
17015,367
17016,-519
17017,540
17018,367
17019,79
17020,-145
17021,189
17022,-4
17023,-442
17024,-1658
17025,-477
17026,-108
17027,-171
17028,-372
17029,-265
17030,9
17031,-790
17032,-1256
17033,991
17034,-686
17035,613
17036,-188
17037,-244
17038,-924
17039,-74
17040,-1457
17041,-490
17042,-1343
17043,-1821
17044,76
17045,-314
17046,-1331
17047,-812
17048,-1763
17049,-612
17050,-828
17051,-857
17052,-941
17053,-1211
17054,-241
17055,-226
17056,-976
17057,-878
17058,-467
17059,160
17060,-1233
17061,-57
17062,-1334
17063,355
17064,-323
17065,21
17066,425
17067,-524
17068,818
17069,424
17070,-190
17071,-432
17072,-1289
17073,-1367
17074,-963
17075,206
17076,-599
17077,-1460
17078,-79
17079,-97
17080,-180
17081,-821
17082,-2069
17083,-609
17084,434
17085,-707
17086,-1311
17087,-912
17088,-681
17089,-67
17090,-1041
17091,-1765
17092,646
17093,431
17094,-1906
17095,-1314
17096,182
17097,-755
17098,-1067
17099,-946
17100,-372
17101,-182
17102,-1933
17103,-629
17104,-767
17105,715
17106,-665
17107,-681
17108,-1661
17109,-1982
17110,1334
17111,-1970
17112,486
17113,-1161
17114,-922
17115,-92
17116,-3120
17117,209
17118,-1500
17119,-1180
17120,-1147
17121,-755
17122,304
17123,-838
17124,86
17125,347
17126,-1663
17127,197
17128,343
17129,-999
17130,239
17131,471
17132,-596
17133,-1636
17134,-1570
17135,-338
17136,589
17137,-290
17138,244
17139,160
17140,-1154
17141,-1320
17142,-814
17143,-410
17144,598
17145,-391
17146,-1684
17147,-985
17148,-1583
17149,944
17150,-687
17151,734
17152,-2080
17153,-368
17154,-361
17155,-1194
17156,-795
17157,91
17158,-1612
17159,-364
17160,-757
17161,-825
17162,580
17163,-208
17164,-520
17165,-329
17166,-1237
17167,-1318
17168,-760
17169,461
17170,-621
17171,-248
17172,-1488
17173,-878
17174,-1361
17175,-158
17176,-152
17177,84
17178,-455
17179,-1564
17180,-1417
17181,-816
17182,-211
17183,-96
17184,362
17185,-820
17186,967
17187,171
17188,847
17189,-746
17190,-467
17191,94
17192,-778
17193,119
17194,563
17195,-680
17196,-1844
17197,-1984
17198,-677
17199,-695
17200,-1384
17201,-693
17202,-471
17203,317
17204,104
17205,196
17206,54
17207,-1449
17208,63
17209,563
17210,1414
17211,-753
17212,-23
17213,-419
17214,-151
17215,-1458
17216,-1534
17217,-1273
17218,349
17219,-1544
17220,-1169
17221,-906
17222,-1291
17223,-367
17224,-232
17225,-1307
17226,-2149
17227,-479
17228,-1013
17229,-772
17230,124
17231,-408
17232,-254
17233,103
17234,591
17235,115
17236,21
17237,-991
17238,-519
17239,-1039
17240,-657
17241,-953
17242,306
17243,-57
17244,503
17245,-218
17246,-429
17247,41
17248,-939
17249,-230
17250,-375
17251,715
17252,-1779
17253,473
17254,-1081
17255,-948
17256,1055
17257,-372
17258,-1861
17259,-1380
17260,-874
17261,-274
17262,-590
17263,-798
17264,-480
17265,346
17266,302
17267,-174
17268,-850
17269,-491
17270,-253
17271,-405
17272,432
17273,565
17274,-155
17275,-1238
17276,-569
17277,-684
17278,-383
17279,-1315
17280,-601
17281,589
17282,-102
17283,-1504
17284,-784
17285,-546
17286,102
17287,-45
17288,-155
17289,-909
17290,499
17291,354
17292,-1371
17293,-1267
17294,-582
17295,97
17296,-1529
17297,-460
17298,-971
17299,-1607
17300,-674
17301,-944
17302,-567
17303,-111
17304,-1298
17305,39
17306,441
17307,-2494
17308,306
17309,-254
17310,-231
17311,-1007
17312,-83
17313,-1937
17314,406
17315,278
17316,-874
17317,-1099
17318,264
17319,-335
17320,-1425
17321,-848
17322,-1816
17323,878
17324,242
17325,-1574
17326,-1281
17327,-2370
17328,-1433
17329,-1294
17330,52
17331,20
17332,-844
17333,-4
17334,-1216
17335,-145
17336,-449
17337,-853
17338,366
17339,-536
17340,-505
17341,-640
17342,293
17343,729
17344,-1098
17345,-378
17346,-875
17347,206
17348,710
17349,444
17350,-1232
17351,-210
17352,-262
17353,-235
17354,-96
17355,-894
17356,109
17357,-1320
17358,2
17359,213
17360,-1153
17361,396
17362,-678
17363,-70
17364,-592
17365,-1849
17366,-661
17367,254
17368,-446
17369,-1109
17370,-1362
17371,-310
17372,-48
17373,-1284
17374,-58
17375,-1117
17376,-86
17377,-1111
17378,-108
17379,113
17380,-670
17381,32
17382,-189
17383,-1040
17384,-458
17385,-1985
17386,131
17387,391
17388,-904
17389,467
17390,559
17391,-1888
17392,880
17393,170
17394,964
17395,-107
17396,-1822
17397,-135
17398,-1243
17399,141
17400,-1141
17401,523
17402,-865
17403,-1494
17404,-834
17405,-1032
17406,-1443
17407,-266
17408,-458
17409,-691
17410,-220
17411,588
17412,426
17413,90
17414,-1125
17415,-658
17416,-1631
17417,140
17418,284
17419,459
17420,-821
17421,-242
17422,-1182
17423,-2059
17424,-2038
17425,-259
17426,-995
17427,-1491
17428,153
17429,-644
17430,-413
17431,-1370
17432,-1128
17433,-694
17434,-186
17435,393
17436,-1830
17437,211
17438,-1227
17439,28
17440,-735
17441,-281
17442,759
17443,22
17444,-802
17445,-1581
17446,-1200
17447,-809
17448,-1325
17449,-97
17450,-356
17451,-1386
17452,294
17453,-1745
17454,-595
17455,-639
17456,487
17457,384
17458,-1016
17459,-1850
17460,505
17461,-1031
17462,186
17463,-231
17464,470
17465,821
17466,-330
17467,-162
17468,-327
17469,-610
17470,-713
17471,-228
17472,448
17473,-1138
17474,-896
17475,-225
17476,-641
17477,-127
17478,785
17479,-217
17480,-730
17481,-849
17482,283
17483,-86
17484,-1225
17485,-145
17486,-284
17487,418
17488,-277
17489,-29
17490,339
17491,-1349
17492,-491
17493,-1265
17494,-499
17495,176
17496,226
17497,523
17498,151
17499,-1218
17500,-581
17501,-700
17502,-403
17503,89
17504,-1580
17505,398
17506,-781
17507,82
17508,-931
17509,-2721
17510,-613
17511,-469
17512,-68
17513,-259
17514,448
17515,-54
17516,239
17517,-1096
17518,-1078
17519,214
17520,-1840
17521,-1570
17522,-632
17523,-1403
17524,-1305
17525,368
17526,253
17527,-394
17528,459
17529,-1543
17530,-337
17531,-1345
17532,-582
17533,-769
17534,212
17535,536
17536,-1428
17537,-806
17538,405
17539,-285
17540,186
17541,20
17542,-537
17543,211
17544,-612
17545,-719
17546,-447
17547,-391
17548,79
17549,423
17550,39
17551,-1709
17552,-273
17553,-302
17554,-1521
17555,-1255
17556,-13
17557,-324
17558,-802
17559,-930
17560,-1888
17561,-1249
17562,-930
17563,-2587
17564,-1742
17565,411
17566,-527
17567,-1223
17568,-80
17569,-496
17570,-2108
17571,-897
17572,-950
17573,896
17574,584
17575,-320
17576,389
17577,-111
17578,-45
17579,-860
17580,-110
17581,-228
17582,-762
17583,-691
17584,-1977
17585,-1189
17586,207
17587,-857
17588,-158
17589,-504
17590,-170
17591,407
17592,-751
17593,-32
17594,621
17595,-843
17596,-2571
17597,-728
17598,736
17599,-1416
17600,-871
17601,-105
17602,-421
17603,501
17604,-1602
17605,-1094
17606,-835
17607,191
17608,-206
17609,-360
17610,1033
17611,-1441
17612,434
17613,39
17614,722
17615,2
17616,-1181
17617,180
17618,406
17619,-295
17620,8
17621,-1513
17622,-2572
17623,-1376
17624,-245
17625,-419
17626,-1244
17627,-106
17628,-1656
17629,-1349
17630,-1751
17631,771
17632,663
17633,-768
17634,683
17635,-680
17636,-130
17637,-838
17638,-162
17639,809
17640,-140
17641,-1354
17642,651
17643,-1633
17644,-396
17645,-1398
17646,-999
17647,-859
17648,-1853
17649,-703
17650,251
17651,-1882
17652,-344
17653,-260
17654,-1686
17655,-569
17656,-1666
17657,-1227
17658,-278
17659,-78
17660,149
17661,355
17662,-384
17663,386
17664,56
17665,-1532
17666,-592
17667,-380
17668,-558
17669,-1423
17670,241
17671,478
17672,-807
17673,-324
17674,-647
17675,-432
17676,-19
17677,-910
17678,-471
17679,5
17680,-1562
17681,-231
17682,-1913
17683,-515
17684,-1322
17685,180
17686,556
17687,-551
17688,573
17689,699
17690,-365
17691,-243
17692,547
17693,-478
17694,-1168
17695,-186
17696,-584
17697,47
17698,-809
17699,-772
17700,885
17701,345
17702,-681
17703,-29
17704,-422
17705,93
17706,531
17707,-224
17708,-446
17709,293
17710,-320
17711,-1499
17712,-724
17713,189
17714,-488
17715,-1360
17716,-493
17717,199
17718,755
17719,11
17720,-582
17721,-342
17722,111
17723,-960
17724,-1348
17725,569
17726,-1410
17727,1111
17728,155
17729,-911
17730,335
17731,-176
17732,333
17733,-213
17734,-1900
17735,-1081
17736,-379
17737,-1076
17738,50
17739,84
17740,-243
17741,-1144
17742,-643
17743,-429
17744,-724
17745,-228
17746,-347
17747,-1178
17748,614
17749,-1811
17750,-707
17751,-232
17752,-445
17753,-1967
17754,375
17755,-1201
17756,-521
17757,370
17758,-187
17759,-1358
17760,377
17761,-872
17762,-1012
17763,-402
17764,-1047
17765,-2040
17766,-629
17767,-1053
17768,-248
17769,722
17770,-693
17771,46
17772,-108
17773,-138
17774,-2207
17775,-280
17776,-1296
17777,1105
17778,-1195
17779,422
17780,-1058
17781,642
17782,-1770
17783,-230
17784,-539
17785,-462
17786,285
17787,-2390
17788,-369
17789,-383
17790,-2263
17791,497
17792,-874
17793,544
17794,-685
17795,-668
17796,-269
17797,-779
17798,-420
17799,-2131
17800,-615
17801,-344
17802,-1173
17803,-1461
17804,-1504
17805,-802
17806,-471
17807,548
17808,-477
17809,-1725
17810,-973
17811,924
17812,-813
17813,589
17814,277
17815,-63
17816,824
17817,-2037
17818,-1005
17819,-531
17820,-121
17821,-1003
17822,791
17823,-1499
17824,-2371
17825,781
17826,-687
17827,-719
17828,-54
17829,-1853
17830,-622
17831,-1166
17832,-511
17833,-1178
17834,-36
17835,-140
17836,-1674
17837,-1549
17838,-1854
17839,-508
17840,-71
17841,-2337
17842,-1241
17843,-856
17844,-1819
17845,-451
17846,-647
17847,-2288
17848,-1063
17849,-642
17850,-2305
17851,-416
17852,-352
17853,589
17854,495
17855,-214
17856,-471
17857,181
17858,351
17859,-1162
17860,-606
17861,505
17862,606
17863,-1715
17864,-465
17865,374
17866,-1344
17867,-956
17868,711
17869,-921
17870,-643
17871,-1173
17872,-1063
17873,-545
17874,-1029
17875,254
17876,-80
17877,-97
17878,-1548
17879,-211
17880,-695
17881,687
17882,-977
17883,-1485
17884,-139
17885,743
17886,190
17887,-720
17888,-1474
17889,-1187
17890,-962
17891,-424
17892,-826
17893,-574
17894,-599
17895,-734
17896,-445
17897,-274
17898,-489
17899,607
17900,-828
17901,-272
17902,64
17903,196
17904,170
17905,-161
17906,-359
17907,-1326
17908,-201
17909,452
17910,-107
17911,-2111
17912,1045
17913,829
17914,-860
17915,622
17916,-729
17917,-939
17918,-126
17919,-240
17920,-675
17921,-1154
17922,-307
17923,-1991
17924,-912
17925,-1445
17926,84
17927,-1005
17928,-1288
17929,-324
17930,-258
17931,477
17932,-1088
17933,-120
17934,-517
17935,34
17936,-640
17937,203
17938,417
17939,590
17940,-1375
17941,-2309
17942,326
17943,-160
17944,-995
17945,-1033
17946,-1061
17947,-1760
17948,-529
17949,-1348
17950,-1883
17951,365
17952,-398
17953,-574
17954,-1967
17955,-816
17956,219
17957,-1320
17958,-442
17959,112
17960,-1328
17961,-859
17962,-104
17963,-1008
17964,-887
17965,-1411
17966,-957
17967,385
17968,-1940
17969,1
17970,-1611
17971,-725
17972,-404
17973,178
17974,-931
17975,339
17976,-1904
17977,-1813
17978,-1007
17979,-425
17980,-22
17981,-68
17982,-565
17983,-975
17984,-1082
17985,-669
17986,-221
17987,-498
17988,-299
17989,-214
17990,665
17991,-284
17992,267
17993,-128
17994,-82
17995,750
17996,-42
17997,-724
17998,-565
17999,-226
18000,193
18001,-2227
18002,-1170
18003,49
18004,-337
18005,-1601
18006,-1514
18007,-559
18008,-298
18009,-396
18010,-1410
18011,-192
18012,-848
18013,-1105
18014,-800
18015,754
18016,-237
18017,-1800
18018,-1468
18019,-66
18020,-738
18021,-423
18022,-768
18023,-44
18024,-47
18025,360
18026,842
18027,-377
18028,-1694
18029,-2446
18030,-1237
18031,-18
18032,485
18033,-53
18034,-2041
18035,-1742
18036,-472
18037,-433
18038,-580
18039,-871
18040,-125
18041,-1463
18042,-241
18043,-855
18044,-1429
18045,-293
18046,-268
18047,-1420
18048,-63
18049,270
18050,-966
18051,-332
18052,-1411
18053,-577
18054,-521
18055,-1160
18056,-1474
18057,-788
18058,-533
18059,-309
18060,-1784
18061,6
18062,-389
18063,-479
18064,-727
18065,-187
18066,-909
18067,-1225
18068,-1282
18069,408
18070,591
18071,-164
18072,-371
18073,-27
18074,-510
18075,1160
18076,-1466
18077,-1946
18078,-441
18079,-612
18080,-1625
18081,-586
18082,-1271
18083,207
18084,-242
18085,-1882
18086,-1493
18087,-763
18088,-1257
18089,845
18090,-331
18091,281
18092,-848
18093,295
18094,-245
18095,663
18096,-239
18097,608
18098,-1771
18099,425
18100,-777
18101,-1861
18102,154
18103,477
18104,-132
18105,641
18106,-9
18107,-604
18108,595
18109,-1981
18110,634
18111,642
18112,115
18113,-1350
18114,-308
18115,-822
18116,-993
18117,1478
18118,393
18119,799
18120,-947
18121,-1530
18122,-979
18123,-497
18124,-137
18125,-758
18126,-60
18127,-354
18128,-114
18129,186
18130,-1438
18131,-36
18132,-544
18133,-316
18134,-269
18135,-1233
18136,-78
18137,207
18138,-520
18139,884
18140,-955
18141,-243
18142,325
18143,-366
18144,-212
18145,-968
18146,-771
18147,-1826
18148,-2209
18149,-862
18150,-1822
18151,-340
18152,396
18153,-2220
18154,-1227
18155,65
18156,-2100
18157,-803
18158,-76
18159,-130
18160,1057
18161,-964
18162,208
18163,735
18164,-1203
18165,-1838
18166,-447
18167,-6
18168,-533
18169,-734
18170,-1672
18171,734
18172,-678
18173,-1052
18174,237
18175,-488
18176,-1171
18177,-1977
18178,-1612
18179,-1084
18180,-431
18181,-1606
18182,142
18183,-712
18184,14
18185,597
18186,-416
18187,65
18188,-877
18189,-208
18190,-1359
18191,-994
18192,-205
18193,102
18194,-1087
18195,488
18196,-1433
18197,462
18198,-355
18199,-1881
18200,-1618
18201,16
18202,-216
18203,-616
18204,-1811
18205,51
18206,-811
18207,-1693
18208,519
18209,150
18210,803
18211,1017
18212,-413
18213,-153
18214,-499
18215,-1542
18216,-401
18217,58
18218,-409
18219,218
18220,-613
18221,-342
18222,-1194
18223,-181
18224,-245
18225,-1384
18226,-1465
18227,-2101
18228,-110
18229,-702
18230,-460
18231,-191
18232,4
18233,-122
18234,-237
18235,-480
18236,-92
18237,-1067
18238,-144
18239,-1209
18240,-1768
18241,-1245
18242,766
18243,-710
18244,-261
18245,-261
18246,-725
18247,-385
18248,-97
18249,31
18250,-881
18251,-497
18252,-1098
18253,-142
18254,-448
18255,556
18256,503
18257,-1708
18258,-1029
18259,-341
18260,-143
18261,24
18262,-332
18263,-599
18264,563
18265,-1419
18266,-1126
18267,-808
18268,37
18269,-1111
18270,104
18271,-1471
18272,-1394
18273,-477
18274,-296
18275,-935
18276,-605
18277,296
18278,-870
18279,-1861
18280,-762
18281,-895
18282,-785
18283,-828
18284,-567
18285,457
18286,503
18287,601
18288,-1036
18289,-942
18290,-659
18291,-258
18292,-1798
18293,749
18294,517
18295,-1031
18296,498
18297,758
18298,356
18299,-349
18300,-1474
18301,-585
18302,-1380
18303,-81
18304,-2061
18305,-11
18306,-1258
18307,-2054
18308,411
18309,290
18310,-941
18311,-2385
18312,1024
18313,-902
18314,-1521
18315,-754
18316,-137
18317,-579
18318,-1213
18319,-874
18320,168
18321,62
18322,-290
18323,-324
18324,-796
18325,347
18326,-26
18327,-1066
18328,-258
18329,-1207
18330,-1062
18331,-720
18332,-335
18333,-1129
18334,-99
18335,135
18336,-429
18337,-924
18338,-1580
18339,-1171
18340,-46
18341,35
18342,-1116
18343,-1470
18344,-31
18345,-84
18346,-1503
18347,-146
18348,615
18349,-1568
18350,-299
18351,-805
18352,-1011
18353,-896
18354,-1016
18355,-259
18356,-186
18357,-636
18358,-110
18359,-626
18360,-689
18361,-1334
18362,-679
18363,-921
18364,385
18365,-40
18366,411
18367,-1189
18368,-632
18369,969
18370,-233
18371,-619
18372,-1005
18373,730
18374,-70
18375,-57
18376,-696
18377,-123
18378,-434
18379,-866
18380,-2146
18381,141
18382,17
18383,-840
18384,-721
18385,-2130
18386,-221
18387,-1213
18388,121
18389,-495
18390,87
18391,125
18392,-306
18393,-1138
18394,-552
18395,-2001
18396,-1247
18397,-666
18398,-1349
18399,24
18400,75
18401,52
18402,363
18403,-1012
18404,859
18405,-1154
18406,-2156
18407,518
18408,-803
18409,-564
18410,-1177
18411,-1999
18412,142
18413,50
18414,-692
18415,416
18416,-2527
18417,-792
18418,-104
18419,-191
18420,-305
18421,-1140
18422,644
18423,804
18424,197
18425,916
18426,-241
18427,217
18428,272
18429,897
18430,-370
18431,-930
18432,-737
18433,-800
18434,-1110
18435,-727
18436,-462
18437,-689
18438,21
18439,-1267
18440,-153
18441,806
18442,315
18443,-905
18444,-307
18445,-501
18446,238
18447,-630
18448,-705
18449,-1013
18450,-127
18451,-217
18452,-568
18453,194
18454,-928
18455,-753
18456,-933
18457,-471
18458,-207
18459,-711
18460,-671
18461,477
18462,-2512
18463,-1
18464,-415
18465,-619
18466,-768
18467,-1228
18468,-1262
18469,-342
18470,-371
18471,-1495
18472,-12
18473,-871
18474,230
18475,218
18476,-1837
18477,-106
18478,-527
18479,-1312
18480,1485
18481,-14
18482,-1264
18483,-511
18484,-359
18485,210
18486,-363
18487,-1319
18488,-182
18489,-397
18490,-588
18491,746
18492,-1102
18493,27
18494,-1514
18495,576
18496,-117
18497,-1380
18498,-487
18499,-1946
18500,432
18501,-1076
18502,-920
18503,-919
18504,439
18505,217
18506,-196
18507,-399
18508,373
18509,-1724
18510,554
18511,-688
18512,410
18513,492
18514,-2274
18515,766
18516,677
18517,384
18518,-1495
18519,216
18520,-1775
18521,-317
18522,-260
18523,224
18524,-119
18525,-804
18526,-79
18527,-1717
18528,-900
18529,-483
18530,710
18531,649
18532,250
18533,-678
18534,-998
18535,96
18536,-106
18537,-1672
18538,-885
18539,-1440
18540,-683
18541,-1003
18542,-414
18543,-1229
18544,-974
18545,-5
18546,-508
18547,-1021
18548,-24
18549,-1593
18550,-343
18551,-1209
18552,-1779
18553,-150
18554,133
18555,-580
18556,-2334
18557,283
18558,-544
18559,-391
18560,-754
18561,-580
18562,-1414
18563,-1505
18564,-383
18565,-722
18566,-276
18567,-2435
18568,-1970
18569,-588
18570,-1174
18571,-842
18572,1041
18573,-2482
18574,-367
18575,-1544
18576,-1380
18577,-17
18578,-455
18579,-543
18580,15
18581,47
18582,-1623
18583,-968
18584,-96
18585,-1201
18586,386
18587,-456
18588,222
18589,-1311
18590,-1899
18591,-447
18592,901
18593,-244
18594,-2612
18595,-263
18596,-547
18597,-857
18598,-427
18599,-858
18600,127
18601,-510
18602,-750
18603,-1124
18604,397
18605,-375
18606,-379
18607,-511
18608,-89
18609,265
18610,-2389
18611,193
18612,358
18613,-2121
18614,38
18615,-69
18616,389
18617,-354
18618,-596
18619,-1049
18620,-212
18621,-821
18622,-555
18623,-1147
18624,-966
18625,375
18626,-304
18627,81
18628,-870
18629,-476
18630,312
18631,229
18632,-1553
18633,575
18634,-493
18635,-1590
18636,-123
18637,-617
18638,-1272
18639,-1453
18640,-203
18641,-521
18642,-929
18643,82
18644,-689
18645,67
18646,-1437
18647,-797
18648,-1046
18649,-53
18650,-4
18651,-212
18652,732
18653,-3
18654,-1577
18655,-1273
18656,-468
18657,-438
18658,-1225
18659,-637
18660,846
18661,-1175
18662,45
18663,-963
18664,-7
18665,149
18666,-2
18667,-1213
18668,357
18669,169
18670,-88
18671,-213
18672,635
18673,599
18674,-378
18675,-198
18676,-1055
18677,-343
18678,-4
18679,-560
18680,-239
18681,-660
18682,-1062
18683,-1047
18684,-2008
18685,-161
18686,-2101
18687,-771
18688,826
18689,-218
18690,-1
18691,-465
18692,-351
18693,-1223
18694,580
18695,120
18696,-156
18697,-53
18698,-130
18699,1266
18700,-764
18701,-501
18702,-1022
18703,-997
18704,172
18705,-467
18706,544
18707,-1300
18708,-118
18709,-1903
18710,-9
18711,-3015
18712,-1125
18713,-692
18714,-1767
18715,116
18716,-350
18717,-1908
18718,-391
18719,-362
18720,141
18721,-568
18722,-221
18723,11
18724,-1955
18725,-1601
18726,-708
18727,674
18728,328
18729,-1128
18730,-208
18731,234
18732,-1378
18733,-1193
18734,-332
18735,784
18736,-977
18737,425
18738,-1283
18739,-1133
18740,-506
18741,365
18742,-511
18743,-966
18744,-1041
18745,-679
18746,-128
18747,160
18748,-731
18749,-2200
18750,-2770
18751,306
18752,547
18753,493
18754,0
18755,-101
18756,506
18757,-1684
18758,-879
18759,-1354
18760,-139
18761,-546
18762,554
18763,-1194
18764,-116
18765,-356
18766,-396
18767,650
18768,-466
18769,-1846
18770,38
18771,-2048
18772,-864
18773,-868
18774,-895
18775,3
18776,-455
18777,-332
18778,162
18779,-1553
18780,-277
18781,-846
18782,-948
18783,1116
18784,-508
18785,-473
18786,-771
18787,-1167
18788,-1675
18789,-927
18790,-471
18791,-2377
18792,-627
18793,-1185
18794,-173
18795,518
18796,649
18797,-944
18798,-247
18799,522
18800,-1218
18801,-624
18802,-1432
18803,-7
18804,856
18805,-1340
18806,-2430
18807,772
18808,125
18809,381
18810,-1677
18811,261
18812,-477
18813,-436
18814,224
18815,-627
18816,-436
18817,356
18818,583
18819,-111
18820,91
18821,976
18822,-283
18823,-347
18824,-598
18825,-570
18826,-349
18827,-742
18828,-2090
18829,320
18830,-674
18831,-2183
18832,-105
18833,-578
18834,11
18835,-1172
18836,-1340
18837,-419
18838,-1232
18839,-469
18840,-1054
18841,848
18842,483
18843,-2071
18844,-442
18845,-1981
18846,-310
18847,-1827
18848,443
18849,675
18850,615
18851,-610
18852,29
18853,-1251
18854,939
18855,-441
18856,-24
18857,-594
18858,870
18859,-388
18860,197
18861,272
18862,-782
18863,54
18864,-1183
18865,-290
18866,-546
18867,-1465
18868,-914
18869,377
18870,47
18871,-730
18872,-462
18873,-1002
18874,-201
18875,-1733
18876,-1220
18877,602
18878,-2127
18879,-547
18880,-777
18881,177
18882,-1642
18883,-220
18884,-173
18885,-531
18886,-714
18887,334
18888,-1581
18889,-67
18890,-1867
18891,-1964
18892,1018
18893,-1130
18894,-1266
18895,477
18896,419
18897,-2035
18898,-480
18899,336
18900,-325
18901,-2611
18902,-7
18903,-1934
18904,399
18905,-1854
18906,256
18907,-587
18908,983
18909,-911
18910,-1703
18911,-1501
18912,-169
18913,-1572
18914,247
18915,7
18916,-317
18917,-1532
18918,211
18919,-518
18920,-616
18921,-660
18922,-24
18923,56
18924,-1881
18925,-873
18926,-566
18927,-1392
18928,-313
18929,-1049
18930,384
18931,-301
18932,-1153
18933,19
18934,-945
18935,-211
18936,-151
18937,-1767
18938,385
18939,-407
18940,-481
18941,154
18942,-1073
18943,-3748
18944,696
18945,754
18946,-410
18947,-721
18948,-1150
18949,-399
18950,711
18951,-108
18952,-1019
18953,-377
18954,-1390
18955,509
18956,227
18957,-663
18958,40
18959,-1396
18960,-436
18961,278
18962,-654
18963,-870
18964,-1731
18965,-111
18966,-939
18967,-445
18968,326
18969,-979
18970,684
18971,-1486
18972,-820
18973,-748
18974,-1737
18975,-1191
18976,397
18977,-1195
18978,213
18979,-889
18980,336
18981,124
18982,-139
18983,-205
18984,-550
18985,128
18986,-201
18987,-205
18988,-943
18989,-53
18990,-23
18991,-826
18992,-1354
18993,-933
18994,-1581
18995,-658
18996,-2116
18997,-1296
18998,215
18999,-1301
19000,746
19001,-394
19002,-26
19003,-1774
19004,-807
19005,-59
19006,-180
19007,-993
19008,-714
19009,-1715
19010,831
19011,-1373
19012,-917
19013,-2097
19014,454
19015,-886
19016,-723
19017,-968
19018,595
19019,-1904
19020,-1323
19021,-23
19022,-135
19023,-287
19024,873
19025,-1373
19026,-915
19027,-818
19028,-1503
19029,323
19030,-827
19031,533
19032,-233
19033,-1171
19034,-223
19035,-1328
19036,-1114
19037,-437
19038,-2656
19039,-706
19040,193
19041,-1474
19042,-1049
19043,389
19044,-408
19045,493
19046,-8
19047,-640
19048,-987
19049,-364
19050,-2176
19051,301
19052,-155
19053,610
19054,-595
19055,-339
19056,-1639
19057,-193
19058,110
19059,-678
19060,-1242
19061,298
19062,-902
19063,603
19064,-84
19065,-884
19066,-281
19067,-213
19068,-282
19069,-524
19070,-371
19071,-1772
19072,-736
19073,245
19074,-272
19075,114
19076,401
19077,-1659
19078,-536
19079,41
19080,-2250
19081,-44
19082,-398
19083,-1981
19084,-1263
19085,-1371
19086,-1103
19087,-1693
19088,759
19089,296
19090,-353
19091,396
19092,-644
19093,-645
19094,-37
19095,-672
19096,-1510
19097,-176
19098,-230
19099,1203
19100,-536
19101,-512
19102,537
19103,-1445
19104,-715
19105,27
19106,-1770
19107,-372
19108,120
19109,-752
19110,-101
19111,229
19112,-1416
19113,-100
19114,-1369
19115,-883
19116,773
19117,-472
19118,-810
19119,35
19120,-180
19121,-228
19122,226
19123,-714
19124,-1683
19125,-1083
19126,-1409
19127,-585
19128,457
19129,-682
19130,-208
19131,-595
19132,204
19133,-520
19134,208
19135,883
19136,-614
19137,-232
19138,-829
19139,-495
19140,666
19141,-924
19142,-338
19143,-401
19144,113
19145,246
19146,-892
19147,-57
19148,683
19149,332
19150,-986
19151,8
19152,-1197
19153,-601
19154,-49
19155,-5
19156,-1018
19157,-14
19158,33
19159,1348
19160,1031
19161,388
19162,-2468
19163,-1669
19164,-266
19165,-506
19166,-1089
19167,407
19168,-602
19169,-470
19170,-907
19171,-1038
19172,-750
19173,51
19174,-523
19175,182
19176,-1241
19177,686
19178,-1004
19179,-1178
19180,-1505
19181,-938
19182,-1125
19183,-154
19184,-425
19185,651
19186,-1570
19187,-322
19188,-1695
19189,793
19190,-1358
19191,-472
19192,-38
19193,-493
19194,-88
19195,104
19196,598
19197,-467
19198,294
19199,-216
19200,764
19201,-98
19202,-1745
19203,-469
19204,-910
19205,-957
19206,-691
19207,78
19208,-1244
19209,-1755
19210,-988
19211,-640
19212,-1375
19213,-374
19214,-160
19215,663
19216,-1082
19217,245
19218,203
19219,536
19220,-105
19221,-441
19222,-1750
19223,-1889
19224,-1669
19225,-83
19226,-972
19227,228
19228,156
19229,-699
19230,-2639
19231,-1406
19232,-538
19233,-734
19234,71
19235,-325
19236,-627
19237,22
19238,-178
19239,-701
19240,114
19241,-690
19242,-53
19243,-700
19244,-1594
19245,-2032
19246,-1339
19247,-235
19248,290
19249,-1568
19250,-933
19251,-689
19252,-2186
19253,223
19254,166
19255,66
19256,-1284
19257,834
19258,-142
19259,344
19260,-28
19261,387
19262,43
19263,-179
19264,-582
19265,-283
19266,-2245
19267,-587
19268,196
19269,-874
19270,-845
19271,-557
19272,-1470
19273,-112
19274,849
19275,-591
19276,588
19277,-622
19278,158
19279,-1108
19280,-1030
19281,-1577
19282,-45
19283,162
19284,-277
19285,769
19286,788
19287,-42
19288,260
19289,499
19290,540
19291,-763
19292,-362
19293,14
19294,-1044
19295,510
19296,157
19297,-1552
19298,-65
19299,-812
19300,-447
19301,83
19302,174
19303,-959
19304,-183
19305,810
19306,-282
19307,-679
19308,-1630
19309,-330
19310,-921
19311,581
19312,10
19313,25
19314,-1981
19315,-476
19316,-819
19317,-1231
19318,-435
19319,-1527
19320,-1193
19321,-162
19322,-277
19323,-893
19324,-755
19325,268
19326,-276
19327,-267
19328,-1752
19329,-296
19330,-2305
19331,-896
19332,441
19333,203
19334,-766
19335,-1242
19336,205
19337,-780
19338,-1237
19339,-1933
19340,-858
19341,-971
19342,-230
19343,-684
19344,-882
19345,-850
19346,64
19347,-2046
19348,-29
19349,-824
19350,-1264
19351,-1217
19352,-585
19353,-520
19354,-27
19355,-1388
19356,230
19357,-1777
19358,-446
19359,172
19360,-1156
19361,-1492
19362,-565
19363,103
19364,-1409
19365,-441
19366,-725
19367,-407
19368,482
19369,-3
19370,-942
19371,-2006
19372,-342
19373,-151
19374,563
19375,-257
19376,-1339
19377,-327
19378,-961
19379,-63
19380,183
19381,-1233
19382,-88
19383,-766
19384,-188
19385,275
19386,-17
19387,-853
19388,-1021
19389,-746
19390,-843
19391,-37
19392,205
19393,-1191
19394,-1090
19395,554
19396,-934
19397,-789
19398,-1463
19399,-560
19400,-1120
19401,-190
19402,-924
19403,-528
19404,-444
19405,444
19406,-106
19407,-836
19408,-1405
19409,-1331
19410,-444
19411,-383
19412,-1319
19413,-141
19414,-717
19415,-883
19416,65
19417,647
19418,-1077
19419,-1614
19420,-894
19421,-365
19422,-407
19423,-173
19424,-697
19425,-773
19426,-407
19427,-1182
19428,-841
19429,-2306
19430,-247
19431,-197
19432,-1251
19433,352
19434,115
19435,-828
19436,-1287
19437,-97
19438,-127
19439,-61
19440,-1377
19441,-680
19442,-264
19443,-684
19444,60
19445,-1314
19446,-885
19447,-1256
19448,248
19449,-2285
19450,540
19451,243
19452,-338
19453,-1270
19454,-200
19455,-1767
19456,-456
19457,-325
19458,369
19459,989
19460,118
19461,-229
19462,-2459
19463,-532
19464,-110
19465,310
19466,-464
19467,178
19468,-367
19469,144
19470,-633
19471,-170
19472,-2422
19473,-1178
19474,-1121
19475,-1144
19476,-468
19477,-1834
19478,90
19479,-191
19480,-744
19481,-112
19482,-1142
19483,12
19484,-380
19485,-1498
19486,-1038
19487,-469
19488,-850
19489,-25
19490,133
19491,-1317
19492,182
19493,-957
19494,152
19495,-757
19496,-1509
19497,-180
19498,-2114
19499,169
19500,859
19501,636
19502,-319
19503,528
19504,-1383
19505,-887
19506,-238
19507,-1001
19508,-691
19509,624
19510,-274
19511,-2644
19512,217
19513,-134
19514,-1643
19515,91
19516,-1588
19517,693
19518,-957
19519,-1783
19520,-1097
19521,-1118
19522,-586
19523,-78
19524,-1696
19525,-151
19526,-979
19527,-608
19528,-1371
19529,-515
19530,-482
19531,-223
19532,-791
19533,538
19534,-694
19535,-621
19536,-1068
19537,-1847
19538,-276
19539,-2108
19540,-155
19541,-887
19542,409
19543,-242
19544,-759
19545,13
19546,664
19547,583
19548,-910
19549,9
19550,-521
19551,106
19552,254
19553,-424
19554,101
19555,227
19556,-605
19557,-597
19558,448
19559,-1171
19560,365
19561,108
19562,5
19563,-564
19564,-986
19565,531
19566,-996
19567,-1470
19568,197
19569,-1032
19570,-1084
19571,-790
19572,-1309
19573,-1178
19574,-251
19575,428
19576,-1180
19577,-477
19578,-1445
19579,-411
19580,-2422
19581,-60
19582,-302
19583,162
19584,-582
19585,93
19586,24
19587,-380
19588,-923
19589,-624
19590,-118
19591,-421
19592,-199
19593,85
19594,-173
19595,-785
19596,-1633
19597,539
19598,-669
19599,-111
19600,-190
19601,-1297
19602,537
19603,-706
19604,-359
19605,-664
19606,-1109
19607,-1318
19608,-127
19609,-436
19610,-1084
19611,-1234
19612,-704
19613,-1014
19614,216
19615,-534
19616,-1876
19617,-1477
19618,-435
19619,-844
19620,225
19621,-434
19622,-1545
19623,-122
19624,-772
19625,-722
19626,-2214
19627,-3445
19628,119
19629,-809
19630,-1563
19631,-73
19632,-264
19633,-1141
19634,203
19635,-577
19636,-1306
19637,-758
19638,-1071
19639,-496
19640,-632
19641,-2230
19642,-1185
19643,275
19644,111
19645,201
19646,518
19647,-759
19648,-655
19649,-1222
19650,-515
19651,-1403
19652,-827
19653,-486
19654,673
19655,417
19656,-976
19657,-421
19658,-274
19659,633
19660,329
19661,743
19662,-950
19663,-781
19664,-1498
19665,-1254
19666,-952
19667,-2039
19668,-47
19669,-409
19670,-45
19671,-28
19672,-518
19673,-232
19674,-820
19675,-765
19676,-341
19677,-228
19678,-373
19679,-1366
19680,-284
19681,-525
19682,23
19683,-1230
19684,-352
19685,-294
19686,-438
19687,-261
19688,-451
19689,-639
19690,-366
19691,-639
19692,-1061
19693,-1282
19694,218
19695,-109
19696,-2033
19697,-185
19698,-2118
19699,-1125
19700,214
19701,-14
19702,-306
19703,-385
19704,-1858
19705,-905
19706,-1428
19707,55
19708,-555
19709,-1158
19710,-226
19711,-1077
19712,-831
19713,475
19714,382
19715,1080
19716,-526
19717,-269
19718,246
19719,-1352
19720,384
19721,-708
19722,-1840
19723,365
19724,-760
19725,841
19726,-764
19727,-628
19728,-1260
19729,-1085
19730,-1149
19731,-1795
19732,-201
19733,115
19734,358
19735,-1309
19736,363
19737,-87
19738,-1883
19739,-1436
19740,-120
19741,-441
19742,-102
19743,265
19744,673
19745,526
19746,-702
19747,-622
19748,-215
19749,-764
19750,-232
19751,-1052
19752,-899
19753,-1523
19754,-37
19755,676
19756,-629
19757,-593
19758,-857
19759,-581
19760,-22
19761,-1949
19762,-584
19763,381
19764,-909
19765,479
19766,-236
19767,-1098
19768,-1081
19769,643
19770,-1037
19771,-641
19772,-1518
19773,-1122
19774,-267
19775,-987
19776,-1022
19777,-79
19778,-71
19779,-563
19780,-606
19781,-1111
19782,-301
19783,-241
19784,737
19785,-1462
19786,-784
19787,-1135
19788,514
19789,-411
19790,704
19791,-1290
19792,-739
19793,-2303
19794,-1432
19795,-921
19796,468
19797,-1
19798,247
19799,-600
19800,-506
19801,-1362
19802,-1121
19803,-1880
19804,-131
19805,-649
19806,-1608
19807,-586
19808,-626
19809,60
19810,-1097
19811,-486
19812,-771
19813,-1541
19814,-1010
19815,-618
19816,382
19817,-2661
19818,143
19819,190
19820,-75
19821,153
19822,269
19823,279
19824,-1192
19825,112
19826,-257
19827,682
19828,-1268
19829,-289
19830,-1236
19831,-1373
19832,134
19833,-660
19834,361
19835,-478
19836,-674
19837,-371
19838,-1147
19839,-1280
19840,437
19841,-1838
19842,-551
19843,-105
19844,398
19845,-2000
19846,-776
19847,-83
19848,-616
19849,-1010
19850,-1686
19851,-805
19852,-453
19853,-718
19854,-301
19855,-390
19856,-24
19857,-156
19858,-381
19859,269
19860,198
19861,-187
19862,31
19863,-623
19864,782
19865,901
19866,278
19867,-119
19868,-171
19869,-668
19870,-549
19871,-1794
19872,160
19873,-135
19874,-1339
19875,-1316
19876,-588
19877,15
19878,-1580
19879,-1747
19880,-2
19881,-708
19882,-166
19883,-49
19884,843
19885,309
19886,411
19887,-1603
19888,-726
19889,-311
19890,-16
19891,-1128
19892,-2762
19893,-1101
19894,-1363
19895,-1111
19896,-2522
19897,1035
19898,216
19899,-975
19900,-1201
19901,-395
19902,-910
19903,470
19904,-1267
19905,-470
19906,-1465
19907,-102
19908,-1330
19909,-760
19910,-1054
19911,-1595
19912,-27
19913,-579
19914,-445
19915,426
19916,-1740
19917,-928
19918,-259
19919,-468
19920,-854
19921,-1122
19922,-47
19923,-445
19924,-1219
19925,-1775
19926,901
19927,-2409
19928,-73
19929,-208
19930,450
19931,545
19932,-1483
19933,-951
19934,-900
19935,419
19936,163
19937,-2166
19938,-419
19939,-594
19940,-317
19941,-414
19942,-1457
19943,-1171
19944,-148
19945,-475
19946,-365
19947,620
19948,-422
19949,-3200
19950,666
19951,71
19952,-394
19953,-639
19954,344
19955,-557
19956,-962
19957,-852
19958,79
19959,-410
19960,-1415
19961,-600
19962,375
19963,-3012
19964,-752
19965,-962
19966,480
19967,109
19968,-487
19969,-82
19970,-1597
19971,-361
19972,-195
19973,-1288
19974,-249
19975,-133
19976,-597
19977,-849
19978,684
19979,-1687
19980,6
19981,-623
19982,-1802
19983,-508
19984,-235
19985,-919
19986,-713
19987,-173
19988,-508
19989,-1678
19990,-283
19991,172
19992,-156
19993,307
19994,-1670
19995,-888
19996,-786
19997,-283
19998,-1075
19999,-1243
