sample,lucro
0,1124
1,2274
2,1203
3,346
4,-486
5,1538
6,1598
7,1238
8,-335
9,1478
10,308
11,1317
12,955
13,765
14,395
15,1400
16,457
17,1212
18,603
19,1652
20,2003
21,-911
22,-66
23,-106
24,-277
25,1285
26,2004
27,279
28,128
29,-299
30,957
31,-100
32,-282
33,431
34,-41
35,-617
36,-61
37,1322
38,-90
39,313
40,946
41,1792
42,508
43,1109
44,1763
45,867
46,273
47,1269
48,1241
49,1285
50,-977
51,367
52,901
53,1419
54,943
55,-819
56,310
57,1389
58,837
59,-96
60,1118
61,1311
62,2293
63,1544
64,-624
65,1063
66,773
67,1566
68,1868
69,491
70,-221
71,-832
72,656
73,1049
74,383
75,1957
76,1349
77,-4
78,1240
79,-1532
80,2370
81,1086
82,997
83,220
84,212
85,862
86,-64
87,895
88,1108
89,1076
90,600
91,-376
92,-511
93,41
94,1886
95,1260
96,5
97,346
98,-281
99,-914
100,1123
101,742
102,751
103,756
104,107
105,1401
106,699
107,439
108,624
109,779
110,795
111,43
112,301
113,254
114,1173
115,-406
116,862
117,820
118,248
119,495
120,788
121,953
122,1686
123,1113
124,439
125,868
126,1611
127,580
128,-211
129,791
130,1634
131,838
132,1251
133,1024
134,491
135,792
136,-546
137,818
138,484
139,837
140,1622
141,23
142,2040
143,1027
144,545
145,117
146,313
147,547
148,1166
149,708
150,95
151,1035
152,511
153,851
154,1441
155,547
156,772
157,285
158,-301
159,137
160,1340
161,-119
162,159
163,-390
164,1475
165,611
166,1016
167,-402
168,1250
169,917
170,-63
171,1366
172,561
173,1435
174,1442
175,642
176,496
177,-238
178,873
179,1620
180,562
181,297
182,991
183,463
184,1041
185,1504
186,1468
187,1593
188,306
189,300
190,-831
191,428
192,1109
193,278
194,228
195,1409
196,1390
197,267
198,1498
199,1363
200,757
201,-448
202,561
203,437
204,-25
205,466
206,1179
207,846
208,1348
209,831
210,1283
211,218
212,1045
213,791
214,499
215,1162
216,279
217,1255
218,2034
219,1435
220,594
221,189
222,1521
223,527
224,1793
225,317
226,953
227,792
228,-28
229,-249
230,277
231,1122
232,847
233,-837
234,1618
235,906
236,700
237,727
238,59
239,935
240,449
241,886
242,1429
243,922
244,-150
245,1289
246,310
247,-94
248,321
249,-187
250,903
251,1326
252,1255
253,1108
254,-44
255,-235
256,611
257,1050
258,700
259,225
260,1054
261,219
262,1988
263,1179
264,1681
265,570
266,936
267,631
268,1074
269,479
270,-819
271,905
272,824
273,1264
274,1021
275,865
276,744
277,1409
278,678
279,1794
280,-87
281,521
282,-496
283,584
284,1877
285,652
286,1279
287,790
288,1206
289,532
290,67
291,811
292,682
293,-701
294,60
295,-211
296,351
297,729
298,-194
299,120
300,369
301,687
302,1110
303,689
304,1066
305,710
306,478
307,58
308,1795
309,635
310,80
311,988
312,-453
313,1042
314,554
315,1511
316,752
317,945
318,670
319,318
320,1473
321,1288
322,-32
323,194
324,66
325,-170
326,88
327,-236
328,1251
329,830
330,1160
331,1542
332,-676
333,1735
334,689
335,-824
336,1233
337,467
338,1691
339,1071
340,399
341,1059
342,569
343,611
344,885
345,-874
346,1201
347,1567
348,261
349,-76
350,1325
351,301
352,1333
353,963
354,1406
355,-165
356,-653
357,1690
358,445
359,773
360,329
361,1058
362,817
363,-434
364,1295
365,767
366,562
367,958
368,1433
369,1110
370,612
371,856
372,200
373,1925
374,-80
375,169
376,538
377,1722
378,430
379,1062
380,672
381,-133
382,50
383,938
384,725
385,931
386,1339
387,804
388,231
389,1078
390,324
391,394
392,1362
393,1709
394,2091
395,803
396,1661
397,580
398,-367
399,625
400,943
401,512
402,1234
403,1332
404,988
405,1668
406,1027
407,290
408,628
409,759
410,177
411,1085
412,1083
413,424
414,1844
415,15
416,1226
417,1308
418,1008
419,80
420,309
421,786
422,-312
423,140
424,343
425,1018
426,352
427,534
428,784
429,-547
430,313
431,733
432,879
433,1107
434,926
435,382
436,172
437,427
438,1007
439,1008
440,1430
441,1036
442,333
443,1263
444,130
445,-387
446,917
447,850
448,1519
449,-1250
450,626
451,348
452,1400
453,322
454,302
455,1394
456,773
457,264
458,416
459,1021
460,788
461,1989
462,191
463,521
464,1048
465,1950
466,1704
467,869
468,-260
469,1136
470,156
471,853
472,-184
473,87
474,1740
475,1037
476,-75
477,479
478,1084
479,132
480,374
481,959
482,426
483,402
484,913
485,1614
486,-291
487,600
488,874
489,72
490,1409
491,-858
492,467
493,1363
494,-233
495,1853
496,1480
497,-289
498,-92
499,1028
500,470
501,1360
502,248
503,-334
504,101
505,594
506,412
507,1229
508,496
509,428
510,-202
511,-755
512,1580
513,70
514,655
515,1342
516,830
517,347
518,878
519,303
520,1407
521,1192
522,296
523,1418
524,931
525,-762
526,-176
527,1346
528,1263
529,588
530,721
531,450
532,723
533,-101
534,364
535,1603
536,-343
537,990
538,493
539,142
540,-309
541,1685
542,1545
543,849
544,185
545,960
546,792
547,249
548,670
549,274
550,606
551,592
552,934
553,1445
554,1270
555,606
556,-42
557,1456
558,1341
559,883
560,818
561,609
562,725
563,-334
564,1276
565,1303
566,1502
567,1722
568,637
569,262
570,935
571,771
572,1015
573,-62
574,1251
575,1278
576,-469
577,-401
578,1432
579,2067
580,609
581,1119
582,947
583,501
584,1245
585,958
586,1098
587,845
588,1635
589,663
590,867
591,1206
592,709
593,-1176
594,203
595,48
596,1077
597,447
598,1257
599,212
600,1086
601,1262
602,-125
603,1426
604,216
605,568
606,1244
607,1680
608,-817
609,945
610,626
611,1059
612,317
613,938
614,825
615,1164
616,80
617,548
618,1100
619,1271
620,519
621,1117
622,212
623,1456
624,1139
625,827
626,-410
627,666
628,-68
629,1501
630,755
631,920
632,1830
633,1405
634,1286
635,703
636,318
637,582
638,426
639,-886
640,408
641,146
642,-479
643,1290
644,854
645,221
646,-352
647,1319
648,321
649,845
650,1549
651,1046
652,-645
653,663
654,-267
655,660
656,65
657,1328
658,186
659,1486
660,449
661,179
662,204
663,1004
664,1155
665,1022
666,508
667,326
668,734
669,70
670,802
671,1652
672,838
673,2421
674,-222
675,1000
676,1163
677,657
678,1413
679,1466
680,920
681,1126
682,183
683,1632
684,24
685,774
686,1151
687,1027
688,1572
689,326
690,2245
691,1493
692,276
693,1761
694,569
695,724
696,479
697,2037
698,666
699,883
700,1479
701,910
702,1594
703,917
704,395
705,-43
706,1332
707,1090
708,979
709,280
710,713
711,473
712,1302
713,1294
714,1115
715,-83
716,486
717,2104
718,357
719,353
720,718
721,453
722,1097
723,226
724,465
725,1519
726,955
727,1370
728,-1019
729,1077
730,441
731,1676
732,1884
733,1155
734,872
735,1230
736,-583
737,35
738,1331
739,208
740,1000
741,1034
742,1290
743,1957
744,-748
745,447
746,234
747,1263
748,836
749,330
750,255
751,873
752,606
753,679
754,1456
755,518
756,495
757,1580
758,466
759,680
760,619
761,136
762,-405
763,1293
764,1258
765,-370
766,133
767,1161
768,997
769,1309
770,1523
771,1177
772,-585
773,-13
774,685
775,1417
776,-215
777,941
778,-156
779,105
780,774
781,1216
782,913
783,-416
784,1141
785,468
786,347
787,614
788,387
789,1123
790,367
791,308
792,1044
793,1199
794,630
795,1275
796,179
797,1020
798,955
799,1493
800,986
801,949
802,788
803,203
804,774
805,317
806,1497
807,948
808,1450
809,-78
810,1289
811,593
812,452
813,-112
814,720
815,1417
816,188
817,826
818,1514
819,1022
820,430
821,1358
822,-627
823,211
824,1402
825,1328
826,471
827,336
828,377
829,1684
830,274
831,389
832,-905
833,489
834,864
835,753
836,638
837,573
838,1243
839,496
840,387
841,1008
842,352
843,-945
844,494
845,-502
846,131
847,842
848,-113
849,1337
850,397
851,-4
852,-114
853,1010
854,1242
855,1899
856,1706
857,1028
858,-86
859,-26
860,1165
861,1455
862,933
863,944
864,165
865,362
866,1441
867,1375
868,1106
869,916
870,736
871,626
872,139
873,175
874,1404
875,734
876,1100
877,669
878,53
879,-94
880,1204
881,954
882,203
883,574
884,810
885,1086
886,281
887,88
888,1237
889,1526
890,540
891,99
892,-308
893,237
894,490
895,1643
896,857
897,171
898,1312
899,1469
900,1426
901,545
902,1147
903,623
904,1126
905,570
906,803
907,1494
908,933
909,1088
910,1713
911,682
912,1253
913,818
914,1484
915,307
916,953
917,-216
918,697
919,970
920,-61
921,261
922,648
923,252
924,941
925,1958
926,1405
927,351
928,452
929,1312
930,-381
931,679
932,763
933,110
934,2066
935,1656
936,8
937,1175
938,1265
939,1471
940,175
941,1855
942,395
943,397
944,660
945,916
946,754
947,-10
948,374
949,963
950,229
951,333
952,1474
953,905
954,455
955,643
956,607
957,492
958,1326
959,1107
960,1604
961,904
962,343
963,1603
964,1395
965,-180
966,263
967,1623
968,817
969,517
970,939
971,1230
972,494
973,-168
974,1292
975,400
976,1187
977,837
978,503
979,362
980,540
981,1304
982,443
983,1714
984,-334
985,1510
986,1894
987,1677
988,1633
989,921
990,1193
991,560
992,222
993,-418
994,-212
995,1246
996,-632
997,412
998,1186
999,1335
1000,1090
1001,1174
1002,1269
1003,474
1004,654
1005,-143
1006,1538
1007,1687
1008,1124
1009,677
1010,598
1011,645
1012,-361
1013,1147
1014,1899
1015,1403
1016,312
1017,-881
1018,70
1019,159
1020,1706
1021,764
1022,801
1023,2028
1024,130
1025,-443
1026,48
1027,503
1028,1612
1029,617
1030,-406
1031,1038
1032,1300
1033,617
1034,972
1035,1810
1036,586
1037,953
1038,890
1039,1039
1040,-505
1041,916
1042,458
1043,1333
1044,1211
1045,740
1046,2126
1047,170
1048,290
1049,1928
1050,35
1051,1454
1052,1619
1053,87
1054,831
1055,1733
1056,-497
1057,593
1058,729
1059,278
1060,238
1061,846
1062,1221
1063,984
1064,2087
1065,-344
1066,371
1067,817
1068,667
1069,655
1070,1015
1071,582
1072,1031
1073,1542
1074,214
1075,1295
1076,503
1077,1339
1078,1180
1079,313
1080,2013
1081,778
1082,861
1083,1040
1084,1331
1085,1184
1086,1291
1087,321
1088,285
1089,-165
1090,1868
1091,678
1092,46
1093,736
1094,1067
1095,1187
1096,1518
1097,264
1098,1084
1099,310
1100,334
1101,678
1102,1389
1103,574
1104,433
1105,-671
1106,424
1107,2176
1108,1755
1109,-81
1110,1339
1111,216
1112,970
1113,433
1114,210
1115,376
1116,1580
1117,626
1118,1752
1119,-963
1120,668
1121,1559
1122,1395
1123,1473
1124,-44
1125,-65
1126,1316
1127,1367
1128,991
1129,474
1130,148
1131,1671
1132,1428
1133,-532
1134,1080
1135,78
1136,846
1137,-140
1138,-632
1139,-501
1140,686
1141,985
1142,724
1143,927
1144,29
1145,962
1146,64
1147,138
1148,1568
1149,921
1150,126
1151,1129
1152,-214
1153,795
1154,756
1155,1232
1156,902
1157,1507
1158,894
1159,323
1160,997
1161,1063
1162,6
1163,1947
1164,696
1165,1000
1166,213
1167,394
1168,523
1169,1412
1170,1111
1171,-211
1172,-47
1173,1063
1174,938
1175,1011
1176,678
1177,1498
1178,369
1179,1199
1180,168
1181,297
1182,1010
1183,414
1184,1217
1185,1046
1186,-396
1187,535
1188,63
1189,485
1190,4
1191,435
1192,1175
1193,-305
1194,629
1195,923
1196,1012
1197,-98
1198,236
1199,1154
1200,1692
1201,538
1202,147
1203,1319
1204,-414
1205,1415
1206,1825
1207,281
1208,408
1209,965
1210,818
1211,1427
1212,-668
1213,565
1214,-465
1215,1264
1216,1215
1217,612
1218,1114
1219,752
1220,1650
1221,531
1222,664
1223,693
1224,73
1225,113
1226,178
1227,251
1228,2
1229,-532
1230,1216
1231,340
1232,-221
1233,-97
1234,1653
1235,-45
1236,-408
1237,1254
1238,485
1239,1364
1240,393
1241,595
1242,1823
1243,1276
1244,381
1245,105
1246,777
1247,-44
1248,-494
1249,659
1250,1961
1251,788
1252,718
1253,704
1254,196
1255,882
1256,-115
1257,789
1258,1695
1259,1121
1260,579
1261,275
1262,-241
1263,72
1264,1196
1265,385
1266,-188
1267,821
1268,1018
1269,396
1270,984
1271,1671
1272,465
1273,824
1274,605
1275,262
1276,493
1277,494
1278,465
1279,43
1280,-149
1281,-604
1282,374
1283,1575
1284,1667
1285,942
1286,406
1287,882
1288,634
1289,1964
1290,862
1291,97
1292,766
1293,902
1294,272
1295,1539
1296,114
1297,554
1298,352
1299,-230
1300,1179
1301,907
1302,1324
1303,-643
1304,885
1305,1129
1306,232
1307,1308
1308,657
1309,-482
1310,257
1311,1414
1312,1584
1313,959
1314,1363
1315,-280
1316,1054
1317,1011
1318,1119
1319,325
1320,1446
1321,-462
1322,1061
1323,1200
1324,-242
1325,707
1326,977
1327,1483
1328,1227
1329,1262
1330,947
1331,507
1332,1120
1333,101
1334,756
1335,1749
1336,1187
1337,-960
1338,721
1339,215
1340,818
1341,1050
1342,1252
1343,-121
1344,764
1345,1110
1346,1312
1347,641
1348,848
1349,1144
1350,425
1351,-129
1352,299
1353,1028
1354,489
1355,263
1356,778
1357,899
1358,1351
1359,-66
1360,225
1361,961
1362,838
1363,-158
1364,843
1365,1280
1366,668
1367,-583
1368,929
1369,1087
1370,1297
1371,733
1372,44
1373,1125
1374,1005
1375,755
1376,-252
1377,951
1378,1383
1379,1271
1380,1723
1381,778
1382,868
1383,1754
1384,1370
1385,450
1386,1720
1387,-93
1388,354
1389,227
1390,1249
1391,-1031
1392,1188
1393,518
1394,-345
1395,-475
1396,1221
1397,389
1398,999
1399,198
1400,153
1401,493
1402,1430
1403,432
1404,-12
1405,294
1406,-306
1407,186
1408,-132
1409,928
1410,1129
1411,935
1412,1750
1413,800
1414,109
1415,-556
1416,849
1417,293
1418,1705
1419,1636
1420,1127
1421,1368
1422,1162
1423,721
1424,1688
1425,814
1426,258
1427,530
1428,294
1429,1336
1430,1019
1431,1777
1432,-22
1433,-507
1434,1639
1435,-409
1436,1463
1437,713
1438,1375
1439,411
1440,1805
1441,570
1442,611
1443,1443
1444,987
1445,82
1446,1722
1447,876
1448,669
1449,603
1450,-63
1451,-559
1452,-770
1453,1282
1454,493
1455,1552
1456,-563
1457,382
1458,67
1459,613
1460,1185
1461,682
1462,479
1463,1092
1464,202
1465,1737
1466,575
1467,981
1468,810
1469,1873
1470,83
1471,-81
1472,-79
1473,1130
1474,1165
1475,1108
1476,1565
1477,-420
1478,342
1479,348
1480,676
1481,1210
1482,-690
1483,241
1484,1123
1485,1617
1486,1124
1487,1381
1488,-158
1489,515
1490,336
1491,1594
1492,1050
1493,1301
1494,924
1495,182
1496,625
1497,214
1498,1051
1499,192
1500,-823
1501,-1376
1502,-591
1503,234
1504,-135
1505,949
1506,633
1507,-66
1508,963
1509,335
1510,672
1511,632
1512,1181
1513,1502
1514,598
1515,1840
1516,1014
1517,749
1518,966
1519,-52
1520,-542
1521,671
1522,985
1523,1397
1524,576
1525,1439
1526,1020
1527,221
1528,162
1529,520
1530,2125
1531,180
1532,454
1533,-1032
1534,1106
1535,799
1536,1121
1537,1136
1538,174
1539,-263
1540,421
1541,558
1542,990
1543,665
1544,1551
1545,571
1546,1131
1547,1605
1548,32
1549,1308
1550,762
1551,1080
1552,130
1553,1415
1554,210
1555,987
1556,802
1557,666
1558,1555
1559,1728
1560,881
1561,178
1562,899
1563,727
1564,-445
1565,242
1566,576
1567,849
1568,758
1569,147
1570,1163
1571,-164
1572,807
1573,306
1574,-1761
1575,1047
1576,1621
1577,1806
1578,878
1579,-133
1580,742
1581,1013
1582,672
1583,1782
1584,1608
1585,671
1586,237
1587,1555
1588,-155
1589,897
1590,574
1591,501
1592,122
1593,149
1594,1322
1595,2109
1596,1943
1597,-237
1598,99
1599,1296
1600,396
1601,397
1602,966
1603,1302
1604,-52
1605,1131
1606,333
1607,1716
1608,870
1609,1071
1610,1664
1611,228
1612,654
1613,1260
1614,-65
1615,274
1616,582
1617,849
1618,1139
1619,227
1620,1418
1621,1491
1622,527
1623,543
1624,1036
1625,1073
1626,666
1627,1156
1628,454
1629,196
1630,1772
1631,-1298
1632,2264
1633,-706
1634,-56
1635,1200
1636,1129
1637,921
1638,1087
1639,-2392
1640,762
1641,1355
1642,-647
1643,1092
1644,76
1645,268
1646,1671
1647,642
1648,874
1649,481
1650,-687
1651,1490
1652,1943
1653,718
1654,889
1655,1063
1656,667
1657,909
1658,1188
1659,141
1660,347
1661,2043
1662,506
1663,269
1664,1066
1665,1216
1666,584
1667,1535
1668,484
1669,1114
1670,1345
1671,-198
1672,39
1673,500
1674,-763
1675,824
1676,198
1677,-288
1678,1276
1679,1311
1680,190
1681,1189
1682,473
1683,959
1684,1904
1685,1094
1686,587
1687,1540
1688,734
1689,515
1690,1090
1691,1497
1692,78
1693,1542
1694,69
1695,-47
1696,447
1697,818
1698,807
1699,258
1700,-230
1701,727
1702,732
1703,1282
1704,960
1705,-632
1706,142
1707,558
1708,564
1709,861
1710,1277
1711,1206
1712,921
1713,579
1714,578
1715,345
1716,125
1717,1452
1718,1502
1719,37
1720,1488
1721,21
1722,743
1723,734
1724,718
1725,666
1726,836
1727,142
1728,591
1729,429
1730,202
1731,-681
1732,922
1733,-1428
1734,-203
1735,464
1736,112
1737,-370
1738,-233
1739,-298
1740,403
1741,405
1742,1488
1743,1014
1744,1067
1745,201
1746,419
1747,129
1748,341
1749,785
1750,497
1751,985
1752,357
1753,188
1754,308
1755,805
1756,509
1757,-2019
1758,480
1759,23
1760,1456
1761,915
1762,1614
1763,201
1764,19
1765,1762
1766,1232
1767,1674
1768,754
1769,792
1770,1028
1771,21
1772,1026
1773,660
1774,281
1775,1091
1776,1072
1777,1631
1778,-64
1779,166
1780,1256
1781,934
1782,1459
1783,319
1784,965
1785,1513
1786,847
1787,512
1788,-1287
1789,966
1790,1499
1791,912
1792,293
1793,327
1794,649
1795,589
1796,1335
1797,940
1798,836
1799,-19
1800,844
1801,1330
1802,832
1803,398
1804,971
1805,543
1806,1009
1807,460
1808,1414
1809,412
1810,1094
1811,1438
1812,-247
1813,898
1814,644
1815,776
1816,605
1817,264
1818,899
1819,437
1820,822
1821,360
1822,1209
1823,-49
1824,1079
1825,1384
1826,1560
1827,975
1828,1604
1829,644
1830,2073
1831,-914
1832,1024
1833,915
1834,-480
1835,-510
1836,955
1837,996
1838,1578
1839,1405
1840,694
1841,1284
1842,21
1843,584
1844,500
1845,738
1846,110
1847,707
1848,1042
1849,85
1850,200
1851,-614
1852,1560
1853,1937
1854,700
1855,-1309
1856,1181
1857,1445
1858,844
1859,409
1860,996
1861,429
1862,808
1863,376
1864,1598
1865,782
1866,1447
1867,1840
1868,320
1869,167
1870,1158
1871,170
1872,1464
1873,1262
1874,1527
1875,771
1876,-107
1877,898
1878,-190
1879,579
1880,1372
1881,1096
1882,598
1883,393
1884,992
1885,551
1886,424
1887,1315
1888,-1139
1889,731
1890,546
1891,1093
1892,718
1893,835
1894,1088
1895,486
1896,1167
1897,-150
1898,196
1899,-409
1900,1289
1901,832
1902,519
1903,81
1904,-256
1905,852
1906,1594
1907,-396
1908,-249
1909,888
1910,801
1911,1320
1912,895
1913,-918
1914,-201
1915,714
1916,-97
1917,524
1918,1039
1919,1353
1920,1
1921,307
1922,1470
1923,406
1924,1280
1925,578
1926,1174
1927,350
1928,149
1929,900
1930,1285
1931,1113
1932,790
1933,934
1934,692
1935,267
1936,1177
1937,1109
1938,-116
1939,1184
1940,295
1941,717
1942,1271
1943,394
1944,-748
1945,1221
1946,869
1947,-366
1948,271
1949,1
1950,103
1951,1001
1952,1402
1953,-293
1954,593
1955,1365
1956,1616
1957,600
1958,269
1959,360
1960,792
1961,769
1962,-157
1963,97
1964,-534
1965,614
1966,1558
1967,1212
1968,77
1969,839
1970,42
1971,625
1972,1100
1973,212
1974,-453
1975,-65
1976,-408
1977,1474
1978,1181
1979,466
1980,-1420
1981,1526
1982,808
1983,247
1984,914
1985,968
1986,292
1987,656
1988,684
1989,1307
1990,1171
1991,1352
1992,217
1993,-260
1994,-366
1995,649
1996,1044
1997,567
1998,855
1999,941
2000,494
2001,-323
2002,254
2003,253
2004,1352
2005,827
2006,-175
2007,118
2008,1645
2009,764
2010,1179
2011,-181
2012,1442
2013,1230
2014,731
2015,770
2016,2233
2017,641
2018,827
2019,1631
2020,-204
2021,446
2022,1929
2023,162
2024,216
2025,726
2026,648
2027,297
2028,912
2029,435
2030,435
2031,38
2032,665
2033,1291
2034,698
2035,1482
2036,961
2037,172
2038,1188
2039,622
2040,900
2041,435
2042,835
2043,1604
2044,847
2045,1360
2046,495
2047,744
2048,1519
2049,1529
2050,61
2051,790
2052,532
2053,1012
2054,1521
2055,246
2056,1438
2057,719
2058,0
2059,1601
2060,1351
2061,130
2062,475
2063,1674
2064,475
2065,1613
2066,520
2067,1513
2068,1153
2069,12
2070,-551
2071,1681
2072,132
2073,-92
2074,1064
2075,1265
2076,-817
2077,439
2078,9
2079,1762
2080,148
2081,269
2082,433
2083,859
2084,198
2085,1509
2086,935
2087,994
2088,1295
2089,412
2090,1209
2091,718
2092,623
2093,34
2094,772
2095,342
2096,863
2097,1048
2098,599
2099,-523
2100,1081
2101,781
2102,1485
2103,331
2104,96
2105,930
2106,648
2107,725
2108,663
2109,947
2110,1316
2111,1519
2112,1134
2113,223
2114,690
2115,1331
2116,1125
2117,1498
2118,732
2119,40
2120,1905
2121,353
2122,1498
2123,677
2124,1624
2125,456
2126,-844
2127,949
2128,-443
2129,1023
2130,496
2131,437
2132,146
2133,688
2134,1407
2135,276
2136,715
2137,782
2138,736
2139,794
2140,2094
2141,124
2142,1110
2143,753
2144,173
2145,1531
2146,676
2147,-557
2148,1765
2149,-366
2150,860
2151,885
2152,1039
2153,991
2154,1331
2155,823
2156,-269
2157,1526
2158,483
2159,1668
2160,1515
2161,837
2162,897
2163,1528
2164,49
2165,-298
2166,-156
2167,882
2168,175
2169,1070
2170,1318
2171,434
2172,-213
2173,1596
2174,979
2175,638
2176,924
2177,1303
2178,486
2179,1169
2180,-71
2181,793
2182,630
2183,1327
2184,-44
2185,115
2186,241
2187,678
2188,286
2189,903
2190,1352
2191,693
2192,732
2193,634
2194,826
2195,959
2196,1432
2197,736
2198,-323
2199,237
2200,1047
2201,1748
2202,526
2203,482
2204,1182
2205,506
2206,433
2207,260
2208,1401
2209,-42
2210,1240
2211,1059
2212,350
2213,1240
2214,567
2215,-283
2216,735
2217,1394
2218,144
2219,-79
2220,928
2221,564
2222,1277
2223,-466
2224,-98
2225,-357
2226,468
2227,1955
2228,296
2229,496
2230,885
2231,-170
2232,547
2233,1052
2234,999
2235,619
2236,467
2237,1306
2238,947
2239,1223
2240,207
2241,1355
2242,372
2243,460
2244,934
2245,1464
2246,1004
2247,-55
2248,999
2249,1708
2250,1314
2251,253
2252,73
2253,975
2254,1315
2255,-154
2256,309
2257,700
2258,1588
2259,1246
2260,1009
2261,-68
2262,424
2263,-107
2264,647
2265,374
2266,-174
2267,1550
2268,1007
2269,362
2270,-285
2271,376
2272,1095
2273,904
2274,1049
2275,86
2276,788
2277,-776
2278,739
2279,196
2280,-650
2281,1707
2282,1178
2283,659
2284,301
2285,948
2286,-997
2287,450
2288,1063
2289,1315
2290,-249
2291,969
2292,1359
2293,1390
2294,444
2295,969
2296,1076
2297,472
2298,1712
2299,891
2300,214
2301,1052
2302,1490
2303,1075
2304,1814
2305,-144
2306,1058
2307,1611
2308,315
2309,850
2310,1205
2311,2260
2312,267
2313,900
2314,997
2315,722
2316,251
2317,1237
2318,214
2319,591
2320,416
2321,-362
2322,87
2323,948
2324,709
2325,1587
2326,-310
2327,822
2328,1106
2329,-364
2330,404
2331,909
2332,1027
2333,1186
2334,716
2335,1792
2336,916
2337,2122
2338,551
2339,1213
2340,1148
2341,1078
2342,-499
2343,-6
2344,199
2345,-165
2346,659
2347,822
2348,950
2349,1501
2350,-1097
2351,1243
2352,1213
2353,1397
2354,1622
2355,993
2356,1207
2357,615
2358,394
2359,511
2360,-185
2361,763
2362,1391
2363,1087
2364,915
2365,60
2366,750
2367,1865
2368,848
2369,770
2370,1199
2371,142
2372,1098
2373,1433
2374,969
2375,579
2376,800
2377,79
2378,325
2379,90
2380,-246
2381,484
2382,-75
2383,-34
2384,1078
2385,1049
2386,1271
2387,530
2388,43
2389,985
2390,1325
2391,277
2392,-55
2393,592
2394,1316
2395,-498
2396,-16
2397,788
2398,1404
2399,1015
2400,873
2401,478
2402,-78
2403,393
2404,996
2405,1030
2406,-507
2407,1298
2408,-339
2409,1077
2410,1273
2411,783
2412,1028
2413,-34
2414,-499
2415,602
2416,-103
2417,940
2418,206
2419,210
2420,192
2421,103
2422,1286
2423,668
2424,428
2425,1257
2426,1300
2427,719
2428,-746
2429,1621
2430,651
2431,707
2432,392
2433,1936
2434,311
2435,856
2436,852
2437,1860
2438,-122
2439,358
2440,974
2441,486
2442,1141
2443,1770
2444,576
2445,349
2446,1209
2447,605
2448,799
2449,1698
2450,451
2451,1923
2452,1227
2453,744
2454,1050
2455,865
2456,816
2457,1443
2458,-112
2459,1134
2460,597
2461,1232
2462,813
2463,1418
2464,1961
2465,-497
2466,1676
2467,315
2468,1166
2469,323
2470,39
2471,1143
2472,1580
2473,951
2474,463
2475,1499
2476,987
2477,1083
2478,1328
2479,-81
2480,1048
2481,617
2482,1186
2483,1087
2484,389
2485,1055
2486,778
2487,512
2488,3
2489,584
2490,705
2491,1745
2492,480
2493,1177
2494,821
2495,688
2496,229
2497,1541
2498,1940
2499,1046
2500,666
2501,-609
2502,921
2503,1549
2504,-214
2505,-379
2506,1916
2507,428
2508,-47
2509,628
2510,1279
2511,2123
2512,735
2513,661
2514,423
2515,-71
2516,-167
2517,1535
2518,1058
2519,734
2520,1486
2521,421
2522,1386
2523,-350
2524,881
2525,777
2526,787
2527,1555
2528,535
2529,322
2530,935
2531,880
2532,1137
2533,515
2534,405
2535,110
2536,402
2537,235
2538,-313
2539,473
2540,564
2541,294
2542,981
2543,459
2544,1016
2545,813
2546,1625
2547,-88
2548,1511
2549,877
2550,-584
2551,399
2552,727
2553,170
2554,374
2555,873
2556,594
2557,1310
2558,1192
2559,1366
2560,1254
2561,1815
2562,590
2563,-824
2564,889
2565,525
2566,425
2567,777
2568,-84
2569,1288
2570,60
2571,647
2572,1106
2573,345
2574,570
2575,1077
2576,554
2577,1401
2578,1585
2579,425
2580,325
2581,191
2582,434
2583,239
2584,783
2585,151
2586,703
2587,661
2588,1213
2589,-58
2590,1944
2591,-400
2592,1530
2593,193
2594,466
2595,1492
2596,1629
2597,1444
2598,1707
2599,743
2600,701
2601,396
2602,1125
2603,-60
2604,-89
2605,711
2606,994
2607,1183
2608,1484
2609,1262
2610,1583
2611,1147
2612,1060
2613,1081
2614,814
2615,216
2616,686
2617,622
2618,-682
2619,1282
2620,362
2621,637
2622,-712
2623,1065
2624,1556
2625,717
2626,1084
2627,-530
2628,-251
2629,793
2630,1173
2631,514
2632,1053
2633,366
2634,-203
2635,-18
2636,1869
2637,452
2638,800
2639,1839
2640,281
2641,957
2642,938
2643,843
2644,-502
2645,845
2646,1064
2647,-72
2648,652
2649,448
2650,1165
2651,471
2652,461
2653,569
2654,1368
2655,832
2656,-243
2657,338
2658,211
2659,893
2660,951
2661,804
2662,980
2663,247
2664,1637
2665,-187
2666,-487
2667,-8
2668,-733
2669,107
2670,555
2671,600
2672,814
2673,1202
2674,136
2675,1252
2676,1086
2677,-4
2678,772
2679,191
2680,288
2681,900
2682,393
2683,906
2684,991
2685,912
2686,182
2687,1133
2688,1706
2689,404
2690,175
2691,950
2692,1357
2693,285
2694,1874
2695,-114
2696,1373
2697,-799
2698,936
2699,1039
2700,87
2701,-268
2702,1061
2703,1062
2704,1111
2705,1438
2706,-119
2707,-963
2708,1339
2709,1327
2710,1681
2711,940
2712,1289
2713,69
2714,954
2715,782
2716,1169
2717,-11
2718,-15
2719,959
2720,1112
2721,1268
2722,804
2723,18
2724,-168
2725,868
2726,293
2727,2092
2728,610
2729,714
2730,1478
2731,1251
2732,759
2733,1097
2734,999
2735,1665
2736,131
2737,49
2738,1468
2739,537
2740,1728
2741,-427
2742,631
2743,38
2744,929
2745,1371
2746,434
2747,-477
2748,1287
2749,1225
2750,330
2751,1312
2752,1402
2753,1678
2754,621
2755,960
2756,441
2757,1522
2758,1003
2759,1129
2760,1001
2761,593
2762,660
2763,650
2764,568
2765,824
2766,1126
2767,766
2768,-383
2769,1922
2770,440
2771,1669
2772,1299
2773,812
2774,640
2775,1086
2776,632
2777,-104
2778,89
2779,1110
2780,447
2781,840
2782,1136
2783,1458
2784,725
2785,1626
2786,1952
2787,-252
2788,1154
2789,250
2790,783
2791,773
2792,729
2793,82
2794,-182
2795,-409
2796,999
2797,894
2798,485
2799,506
2800,1172
2801,-1843
2802,760
2803,1305
2804,486
2805,1066
2806,251
2807,1363
2808,-183
2809,1556
2810,1627
2811,1103
2812,1581
2813,204
2814,921
2815,168
2816,1404
2817,370
2818,627
2819,241
2820,652
2821,-526
2822,547
2823,261
2824,1494
2825,217
2826,340
2827,1653
2828,-674
2829,858
2830,406
2831,1107
2832,-105
2833,1188
2834,-186
2835,1408
2836,1420
2837,828
2838,643
2839,1534
2840,1033
2841,824
2842,60
2843,1384
2844,960
2845,998
2846,862
2847,1023
2848,624
2849,1069
2850,387
2851,-170
2852,-124
2853,1274
2854,1095
2855,-513
2856,-84
2857,-999
2858,894
2859,927
2860,416
2861,1778
2862,-46
2863,1412
2864,366
2865,917
2866,1121
2867,1230
2868,859
2869,84
2870,1476
2871,-1098
2872,664
2873,1032
2874,750
2875,1133
2876,1475
2877,49
2878,-388
2879,1516
2880,-91
2881,672
2882,-389
2883,613
2884,-427
2885,721
2886,337
2887,1096
2888,672
2889,133
2890,1048
2891,-135
2892,293
2893,1438
2894,483
2895,1133
2896,41
2897,796
2898,1427
2899,593
2900,1472
2901,-67
2902,1840
2903,997
2904,999
2905,1072
2906,698
2907,1084
2908,1047
2909,1129
2910,1190
2911,218
2912,993
2913,327
2914,-63
2915,1738
2916,623
2917,901
2918,1519
2919,-504
2920,1321
2921,1211
2922,1064
2923,600
2924,19
2925,1172
2926,-557
2927,-128
2928,430
2929,405
2930,-332
2931,963
2932,-353
2933,702
2934,972
2935,1363
2936,770
2937,87
2938,721
2939,-163
2940,1172
2941,1163
2942,652
2943,1348
2944,1316
2945,1802
2946,355
2947,884
2948,425
2949,1587
2950,14
2951,-813
2952,1151
2953,1037
2954,-205
2955,1055
2956,696
2957,534
2958,1012
2959,1338
2960,162
2961,471
2962,651
2963,1164
2964,-342
2965,180
2966,1055
2967,-267
2968,60
2969,1338
2970,-183
2971,179
2972,789
2973,465
2974,1009
2975,1199
2976,1405
2977,1806
2978,1044
2979,458
2980,797
2981,1287
2982,1156
2983,1468
2984,1215
2985,667
2986,986
2987,-105
2988,742
2989,-609
2990,-799
2991,394
2992,893
2993,360
2994,1058
2995,98
2996,-254
2997,2032
2998,538
2999,601
3000,655
3001,-70
3002,1756
3003,1021
3004,963
3005,-224
3006,-240
3007,811
3008,535
3009,1061
3010,131
3011,483
3012,-91
3013,830
3014,786
3015,528
3016,179
3017,1469
3018,1029
3019,130
3020,1956
3021,1942
3022,17
3023,621
3024,397
3025,529
3026,941
3027,1531
3028,-318
3029,1840
3030,-520
3031,1043
3032,710
3033,1146
3034,256
3035,1283
3036,-39
3037,324
3038,917
3039,255
3040,667
3041,1516
3042,892
3043,570
3044,1153
3045,686
3046,507
3047,219
3048,925
3049,1742
3050,-802
3051,1315
3052,570
3053,803
3054,-632
3055,1561
3056,1411
3057,553
3058,910
3059,1061
3060,940
3061,232
3062,1188
3063,1102
3064,875
3065,1345
3066,665
3067,1203
3068,1111
3069,987
3070,867
3071,1438
3072,602
3073,1151
3074,891
3075,926
3076,189
3077,-383
3078,1284
3079,1259
3080,1516
3081,1401
3082,1568
3083,364
3084,781
3085,-98
3086,1180
3087,724
3088,1306
3089,1366
3090,1102
3091,235
3092,404
3093,1030
3094,1072
3095,156
3096,632
3097,451
3098,1765
3099,902
3100,325
3101,1523
3102,355
3103,226
3104,1080
3105,566
3106,418
3107,-220
3108,1506
3109,683
3110,1016
3111,1325
3112,-1126
3113,-1405
3114,498
3115,571
3116,840
3117,-1014
3118,-177
3119,-337
3120,802
3121,982
3122,56
3123,1057
3124,2064
3125,82
3126,937
3127,921
3128,424
3129,1076
3130,1265
3131,161
3132,1161
3133,860
3134,849
3135,1559
3136,-766
3137,1602
3138,818
3139,79
3140,524
3141,1267
3142,1370
3143,253
3144,7
3145,883
3146,749
3147,681
3148,533
3149,774
3150,-514
3151,283
3152,555
3153,1022
3154,1737
3155,115
3156,916
3157,20
3158,348
3159,839
3160,1291
3161,1284
3162,295
3163,740
3164,921
3165,1806
3166,340
3167,1633
3168,-449
3169,583
3170,1377
3171,-451
3172,362
3173,47
3174,715
3175,389
3176,904
3177,680
3178,674
3179,295
3180,1236
3181,230
3182,127
3183,459
3184,854
3185,273
3186,1463
3187,271
3188,-101
3189,1289
3190,-344
3191,1036
3192,100
3193,1595
3194,851
3195,1058
3196,-898
3197,669
3198,873
3199,287
3200,1379
3201,374
3202,455
3203,982
3204,297
3205,1393
3206,-1156
3207,802
3208,307
3209,1370
3210,1774
3211,187
3212,607
3213,1599
3214,424
3215,393
3216,557
3217,-537
3218,430
3219,-430
3220,1671
3221,1508
3222,1556
3223,312
3224,733
3225,597
3226,964
3227,380
3228,1140
3229,351
3230,582
3231,1123
3232,357
3233,723
3234,839
3235,438
3236,2073
3237,-511
3238,852
3239,1394
3240,1073
3241,861
3242,437
3243,872
3244,-160
3245,976
3246,891
3247,1350
3248,916
3249,1472
3250,1445
3251,-106
3252,603
3253,919
3254,-565
3255,1473
3256,1148
3257,894
3258,693
3259,740
3260,-520
3261,1009
3262,730
3263,191
3264,-223
3265,1428
3266,933
3267,1030
3268,703
3269,989
3270,797
3271,595
3272,1532
3273,725
3274,1401
3275,634
3276,767
3277,927
3278,-480
3279,-497
3280,765
3281,1483
3282,1149
3283,473
3284,562
3285,1930
3286,1240
3287,-31
3288,-56
3289,1258
3290,1201
3291,726
3292,729
3293,1335
3294,310
3295,-43
3296,1094
3297,981
3298,648
3299,742
3300,-522
3301,952
3302,69
3303,1407
3304,1412
3305,578
3306,1202
3307,-65
3308,1531
3309,-973
3310,917
3311,1321
3312,1419
3313,1475
3314,519
3315,702
3316,1151
3317,869
3318,-164
3319,1437
3320,790
3321,662
3322,357
3323,90
3324,541
3325,247
3326,896
3327,1021
3328,1083
3329,906
3330,-545
3331,1013
3332,605
3333,502
3334,-81
3335,-71
3336,995
3337,276
3338,1318
3339,1395
3340,409
3341,928
3342,-249
3343,-112
3344,591
3345,1833
3346,-541
3347,1337
3348,1000
3349,-638
3350,837
3351,728
3352,934
3353,839
3354,89
3355,902
3356,900
3357,1264
3358,-210
3359,884
3360,979
3361,1981
3362,1426
3363,-20
3364,308
3365,1149
3366,1197
3367,1616
3368,1361
3369,177
3370,1629
3371,621
3372,-160
3373,745
3374,1001
3375,273
3376,-447
3377,-483
3378,1190
3379,-41
3380,918
3381,632
3382,1240
3383,-1104
3384,743
3385,668
3386,834
3387,-232
3388,1050
3389,882
3390,470
3391,106
3392,865
3393,778
3394,728
3395,315
3396,698
3397,-394
3398,867
3399,1765
3400,1050
3401,1266
3402,1454
3403,93
3404,1734
3405,26
3406,726
3407,212
3408,-602
3409,563
3410,-367
3411,1137
3412,1407
3413,762
3414,-18
3415,-125
3416,1322
3417,1755
3418,673
3419,814
3420,600
3421,1066
3422,-410
3423,1523
3424,1077
3425,-826
3426,386
3427,2069
3428,782
3429,156
3430,116
3431,781
3432,673
3433,1178
3434,891
3435,-246
3436,1443
3437,680
3438,1777
3439,893
3440,332
3441,886
3442,1569
3443,849
3444,-465
3445,399
3446,873
3447,712
3448,-5
3449,724
3450,1149
3451,-218
3452,1272
3453,1406
3454,512
3455,1305
3456,618
3457,1392
3458,-137
3459,991
3460,1635
3461,1310
3462,528
3463,1595
3464,1511
3465,829
3466,-952
3467,1673
3468,1370
3469,1401
3470,-116
3471,1071
3472,521
3473,622
3474,330
3475,1176
3476,1628
3477,-454
3478,1389
3479,492
3480,1246
3481,1741
3482,937
3483,621
3484,1077
3485,1
3486,1396
3487,1153
3488,971
3489,218
3490,784
3491,1739
3492,351
3493,701
3494,-494
3495,291
3496,351
3497,1752
3498,1070
3499,526
3500,777
3501,1607
3502,1053
3503,1446
3504,1818
3505,507
3506,1350
3507,131
3508,1348
3509,1645
3510,-69
3511,843
3512,44
3513,1099
3514,627
3515,166
3516,718
3517,-56
3518,1110
3519,292
3520,1190
3521,-3
3522,-179
3523,974
3524,1358
3525,927
3526,1679
3527,1232
3528,589
3529,1050
3530,725
3531,-505
3532,1241
3533,924
3534,1594
3535,825
3536,1171
3537,-876
3538,1608
3539,841
3540,1625
3541,-32
3542,-1008
3543,1680
3544,97
3545,572
3546,979
3547,378
3548,358
3549,1069
3550,308
3551,1630
3552,811
3553,1053
3554,1885
3555,1190
3556,390
3557,860
3558,487
3559,744
3560,1491
3561,1204
3562,296
3563,1710
3564,1222
3565,1556
3566,829
3567,1022
3568,-389
3569,1043
3570,830
3571,1278
3572,243
3573,1411
3574,903
3575,533
3576,979
3577,171
3578,593
3579,559
3580,909
3581,161
3582,341
3583,11
3584,1135
3585,875
3586,656
3587,1020
3588,31
3589,633
3590,941
3591,1596
3592,-1129
3593,1093
3594,1432
3595,1076
3596,-706
3597,734
3598,1143
3599,929
3600,940
3601,1363
3602,383
3603,373
3604,1473
3605,337
3606,53
3607,1493
3608,900
3609,643
3610,627
3611,1775
3612,-833
3613,1881
3614,631
3615,-112
3616,618
3617,-68
3618,955
3619,529
3620,290
3621,1084
3622,410
3623,677
3624,1191
3625,1358
3626,404
3627,1822
3628,595
3629,393
3630,-323
3631,362
3632,338
3633,1433
3634,855
3635,1877
3636,-140
3637,-370
3638,-631
3639,996
3640,1369
3641,800
3642,1655
3643,447
3644,930
3645,941
3646,880
3647,490
3648,481
3649,-436
3650,-470
3651,-511
3652,238
3653,-222
3654,593
3655,1707
3656,1722
3657,-167
3658,2073
3659,692
3660,-101
3661,-1807
3662,986
3663,403
3664,-63
3665,1935
3666,85
3667,1298
3668,969
3669,-139
3670,1403
3671,1088
3672,740
3673,1647
3674,788
3675,216
3676,1230
3677,1317
3678,754
3679,966
3680,711
3681,95
3682,1283
3683,1296
3684,-86
3685,-6
3686,2071
3687,-123
3688,1587
3689,1413
3690,119
3691,1044
3692,208
3693,752
3694,1093
3695,847
3696,928
3697,545
3698,915
3699,1112
3700,1018
3701,1612
3702,-272
3703,96
3704,289
3705,-31
3706,-697
3707,646
3708,-737
3709,534
3710,953
3711,726
3712,780
3713,-164
3714,726
3715,-351
3716,629
3717,138
3718,1211
3719,1126
3720,97
3721,706
3722,-309
3723,-208
3724,-239
3725,452
3726,604
3727,968
3728,1443
3729,-437
3730,1180
3731,1121
3732,12
3733,1513
3734,688
3735,628
3736,120
3737,1197
3738,1092
3739,1104
3740,1459
3741,-340
3742,-962
3743,10
3744,782
3745,5
3746,548
3747,1289
3748,1022
3749,-92
3750,245
3751,971
3752,686
3753,366
3754,783
3755,324
3756,657
3757,1395
3758,480
3759,-393
3760,-496
3761,843
3762,822
3763,949
3764,464
3765,286
3766,1495
3767,-84
3768,845
3769,759
3770,764
3771,-592
3772,439
3773,1134
3774,391
3775,977
3776,1879
3777,824
3778,966
3779,795
3780,303
3781,1162
3782,971
3783,979
3784,1440
3785,999
3786,1416
3787,-761
3788,1147
3789,377
3790,1399
3791,298
3792,613
3793,-404
3794,1407
3795,-679
3796,-506
3797,1684
3798,-497
3799,348
3800,534
3801,-137
3802,-98
3803,88
3804,-900
3805,1344
3806,534
3807,-561
3808,1521
3809,825
3810,1409
3811,434
3812,1712
3813,441
3814,239
3815,1170
3816,-579
3817,1297
3818,-24
3819,1089
3820,493
3821,707
3822,542
3823,6
3824,785
3825,427
3826,1589
3827,1168
3828,-474
3829,213
3830,662
3831,771
3832,-305
3833,1302
3834,-140
3835,473
3836,1064
3837,671
3838,1447
3839,1513
3840,-21
3841,731
3842,1117
3843,205
3844,1227
3845,602
3846,855
3847,639
3848,189
3849,142
3850,610
3851,271
3852,482
3853,1160
3854,2423
3855,1081
3856,-800
3857,1670
3858,-244
3859,113
3860,1365
3861,477
3862,-131
3863,1747
3864,1828
3865,-251
3866,-561
3867,943
3868,1361
3869,199
3870,497
3871,-52
3872,1208
3873,1585
3874,1339
3875,914
3876,-187
3877,1405
3878,2100
3879,-228
3880,1058
3881,185
3882,1354
3883,627
3884,373
3885,392
3886,1261
3887,1020
3888,-618
3889,618
3890,276
3891,1196
3892,201
3893,-410
3894,462
3895,1170
3896,538
3897,29
3898,342
3899,1134
3900,667
3901,1109
3902,1098
3903,12
3904,1367
3905,933
3906,750
3907,998
3908,896
3909,-948
3910,-548
3911,1684
3912,1291
3913,1218
3914,1962
3915,-511
3916,553
3917,-125
3918,499
3919,1713
3920,1333
3921,904
3922,57
3923,93
3924,317
3925,1175
3926,453
3927,1657
3928,362
3929,555
3930,-734
3931,908
3932,618
3933,536
3934,422
3935,554
3936,1409
3937,822
3938,659
3939,217
3940,710
3941,-320
3942,402
3943,911
3944,697
3945,1343
3946,1323
3947,-1168
3948,-767
3949,1002
3950,1223
3951,-1225
3952,824
3953,381
3954,-77
3955,210
3956,-208
3957,100
3958,-278
3959,-42
3960,33
3961,623
3962,53
3963,221
3964,730
3965,790
3966,310
3967,-93
3968,1116
3969,779
3970,1796
3971,610
3972,826
3973,735
3974,-245
3975,1077
3976,340
3977,747
3978,1449
3979,1539
3980,1231
3981,-641
3982,1823
3983,473
3984,454
3985,1128
3986,1017
3987,1718
3988,-34
3989,920
3990,358
3991,1245
3992,830
3993,559
3994,-347
3995,943
3996,-362
3997,1248
3998,865
3999,1617
4000,998
4001,241
4002,1337
4003,537
4004,1385
4005,1604
4006,1781
4007,1246
4008,1021
4009,856
4010,850
4011,1242
4012,272
4013,1128
4014,330
4015,1049
4016,328
4017,839
4018,438
4019,1201
4020,-1248
4021,778
4022,727
4023,376
4024,830
4025,1633
4026,1483
4027,1057
4028,1746
4029,1141
4030,1644
4031,1270
4032,896
4033,1245
4034,498
4035,1665
4036,661
4037,1006
4038,108
4039,727
4040,701
4041,-102
4042,1514
4043,360
4044,-666
4045,1351
4046,215
4047,-129
4048,1141
4049,1585
4050,1301
4051,350
4052,-4
4053,413
4054,233
4055,1587
4056,300
4057,911
4058,424
4059,935
4060,544
4061,-472
4062,1210
4063,178
4064,504
4065,923
4066,581
4067,1408
4068,779
4069,2185
4070,1528
4071,1255
4072,1177
4073,1814
4074,-254
4075,326
4076,1147
4077,729
4078,248
4079,777
4080,1194
4081,1330
4082,114
4083,179
4084,275
4085,380
4086,103
4087,1259
4088,952
4089,1193
4090,731
4091,1818
4092,923
4093,765
4094,668
4095,467
4096,1615
4097,194
4098,502
4099,718
4100,1136
4101,-806
4102,442
4103,1333
4104,954
4105,454
4106,-21
4107,1195
4108,811
4109,1097
4110,1696
4111,1279
4112,1786
4113,421
4114,674
4115,841
4116,963
4117,200
4118,271
4119,-334
4120,333
4121,1131
4122,1589
4123,1090
4124,-2
4125,1910
4126,899
4127,1616
4128,1186
4129,879
4130,851
4131,1143
4132,687
4133,216
4134,-1089
4135,1152
4136,-441
4137,489
4138,1428
4139,57
4140,133
4141,552
4142,400
4143,305
4144,1288
4145,1279
4146,1749
4147,823
4148,571
4149,-890
4150,1505
4151,1169
4152,230
4153,1131
4154,1607
4155,1280
4156,710
4157,840
4158,327
4159,505
4160,37
4161,853
4162,155
4163,1073
4164,1008
4165,715
4166,886
4167,-315
4168,622
4169,1769
4170,-37
4171,1036
4172,-316
4173,208
4174,363
4175,661
4176,1713
4177,835
4178,970
4179,113
4180,381
4181,911
4182,574
4183,1065
4184,-852
4185,991
4186,571
4187,-687
4188,1208
4189,740
4190,406
4191,1422
4192,1273
4193,355
4194,-52
4195,1254
4196,37
4197,1217
4198,-119
4199,800
4200,626
4201,1126
4202,1638
4203,382
4204,620
4205,-68
4206,1441
4207,529
4208,705
4209,-224
4210,1460
4211,1627
4212,677
4213,181
4214,342
4215,-480
4216,1560
4217,629
4218,587
4219,-73
4220,320
4221,882
4222,358
4223,455
4224,361
4225,526
4226,1144
4227,921
4228,561
4229,928
4230,952
4231,1683
4232,913
4233,1057
4234,746
4235,879
4236,1134
4237,1791
4238,1154
4239,839
4240,1224
4241,1318
4242,-25
4243,-120
4244,910
4245,767
4246,830
4247,1180
4248,1105
4249,939
4250,-885
4251,1833
4252,1429
4253,1534
4254,1432
4255,1036
4256,1438
4257,1184
4258,926
4259,1306
4260,1778
4261,701
4262,138
4263,595
4264,437
4265,809
4266,580
4267,321
4268,832
4269,1641
4270,938
4271,-798
4272,551
4273,104
4274,986
4275,270
4276,1364
4277,198
4278,1362
4279,1139
4280,904
4281,2198
4282,1333
4283,230
4284,-544
4285,254
4286,-280
4287,957
4288,-402
4289,819
4290,1677
4291,1024
4292,962
4293,1432
4294,-11
4295,3
4296,1249
4297,183
4298,745
4299,682
4300,792
4301,-129
4302,446
4303,1150
4304,494
4305,712
4306,770
4307,1043
4308,941
4309,310
4310,664
4311,939
4312,-157
4313,-1083
4314,1652
4315,293
4316,831
4317,1612
4318,1708
4319,1362
4320,1295
4321,788
4322,125
4323,1473
4324,49
4325,985
4326,204
4327,198
4328,1364
4329,-117
4330,1029
4331,-93
4332,535
4333,1933
4334,1029
4335,1661
4336,390
4337,-499
4338,1697
4339,1223
4340,640
4341,-66
4342,-668
4343,1328
4344,879
4345,410
4346,1247
4347,745
4348,706
4349,-86
4350,1095
4351,1498
4352,1532
4353,-167
4354,500
4355,-217
4356,1676
4357,1049
4358,628
4359,537
4360,1335
4361,-12
4362,1149
4363,1031
4364,394
4365,1140
4366,-244
4367,732
4368,122
4369,-251
4370,2079
4371,962
4372,-188
4373,1779
4374,844
4375,621
4376,263
4377,2006
4378,1302
4379,516
4380,1059
4381,617
4382,1277
4383,509
4384,286
4385,1245
4386,581
4387,1555
4388,732
4389,791
4390,1290
4391,425
4392,-53
4393,1104
4394,1628
4395,1043
4396,1458
4397,1173
4398,387
4399,1506
4400,1148
4401,-344
4402,759
4403,-22
4404,733
4405,1411
4406,227
4407,-270
4408,1321
4409,291
4410,1552
4411,-28
4412,378
4413,987
4414,-228
4415,-41
4416,523
4417,622
4418,1351
4419,1321
4420,770
4421,940
4422,1577
4423,406
4424,862
4425,611
4426,200
4427,1331
4428,1397
4429,461
4430,720
4431,788
4432,555
4433,336
4434,205
4435,814
4436,1982
4437,-153
4438,1080
4439,899
4440,1452
4441,1158
4442,-1147
4443,1303
4444,1395
4445,541
4446,1044
4447,-124
4448,904
4449,1748
4450,1701
4451,1469
4452,-459
4453,-613
4454,678
4455,2132
4456,-663
4457,2018
4458,1016
4459,805
4460,1141
4461,1794
4462,-1021
4463,612
4464,-611
4465,576
4466,1012
4467,1418
4468,1316
4469,500
4470,2148
4471,1251
4472,-393
4473,1720
4474,778
4475,992
4476,1183
4477,2069
4478,510
4479,1550
4480,1148
4481,607
4482,1403
4483,1494
4484,-115
4485,574
4486,878
4487,378
4488,1361
4489,270
4490,791
4491,1443
4492,892
4493,1084
4494,1687
4495,-206
4496,1644
4497,1379
4498,641
4499,306
4500,2465
4501,790
4502,1244
4503,1070
4504,-338
4505,285
4506,-87
4507,-142
4508,205
4509,1243
4510,541
4511,712
4512,952
4513,921
4514,158
4515,-12
4516,1819
4517,1551
4518,536
4519,1692
4520,1335
4521,1457
4522,437
4523,725
4524,1253
4525,426
4526,1131
4527,1854
4528,1347
4529,-686
4530,1624
4531,459
4532,81
4533,1474
4534,1137
4535,1255
4536,1301
4537,162
4538,1623
4539,1051
4540,-267
4541,619
4542,737
4543,1128
4544,-94
4545,238
4546,1068
4547,740
4548,-121
4549,1923
4550,1362
4551,12
4552,405
4553,93
4554,1048
4555,1150
4556,1760
4557,1149
4558,304
4559,1228
4560,452
4561,290
4562,886
4563,1387
4564,936
4565,-317
4566,148
4567,2032
4568,178
4569,1462
4570,1078
4571,-45
4572,913
4573,1295
4574,559
4575,150
4576,224
4577,605
4578,379
4579,1654
4580,1157
4581,601
4582,1016
4583,1328
4584,1485
4585,1743
4586,1000
4587,1030
4588,1396
4589,270
4590,935
4591,674
4592,168
4593,33
4594,1349
4595,655
4596,900
4597,1523
4598,1517
4599,696
4600,1446
4601,878
4602,999
4603,83
4604,997
4605,237
4606,1144
4607,1114
4608,1261
4609,2040
4610,1141
4611,-134
4612,1364
4613,820
4614,671
4615,1532
4616,1125
4617,-608
4618,1768
4619,599
4620,371
4621,672
4622,756
4623,1315
4624,913
4625,1748
4626,584
4627,330
4628,253
4629,782
4630,556
4631,1424
4632,1071
4633,791
4634,-301
4635,1312
4636,310
4637,951
4638,1098
4639,-141
4640,2113
4641,-352
4642,879
4643,824
4644,1470
4645,111
4646,1910
4647,305
4648,130
4649,793
4650,624
4651,1275
4652,1884
4653,-594
4654,973
4655,-386
4656,1000
4657,567
4658,540
4659,1146
4660,755
4661,451
4662,1
4663,1274
4664,554
4665,-372
4666,-359
4667,55
4668,638
4669,757
4670,1232
4671,799
4672,27
4673,1015
4674,-565
4675,225
4676,894
4677,1341
4678,-156
4679,-261
4680,993
4681,529
4682,849
4683,972
4684,259
4685,1183
4686,232
4687,1520
4688,-49
4689,984
4690,-215
4691,-343
4692,383
4693,1118
4694,1332
4695,342
4696,-813
4697,718
4698,-37
4699,851
4700,1133
4701,1415
4702,457
4703,351
4704,110
4705,1350
4706,848
4707,955
4708,-145
4709,910
4710,1176
4711,1115
4712,576
4713,1759
4714,258
4715,202
4716,1041
4717,889
4718,1352
4719,567
4720,137
4721,142
4722,835
4723,561
4724,1548
4725,1006
4726,1521
4727,465
4728,1010
4729,10
4730,48
4731,962
4732,1467
4733,463
4734,1438
4735,215
4736,1079
4737,1918
4738,991
4739,1311
4740,542
4741,790
4742,879
4743,72
4744,538
4745,114
4746,88
4747,325
4748,1211
4749,223
4750,523
4751,1525
4752,1436
4753,1755
4754,1703
4755,-204
4756,1643
4757,1209
4758,1225
4759,105
4760,864
4761,1387
4762,896
4763,-1010
4764,245
4765,372
4766,1208
4767,-414
4768,948
4769,970
4770,152
4771,1182
4772,938
4773,2028
4774,-151
4775,1837
4776,958
4777,1343
4778,789
4779,1470
4780,937
4781,1469
4782,328
4783,578
4784,1622
4785,-570
4786,-313
4787,1093
4788,1082
4789,844
4790,1334
4791,442
4792,851
4793,1078
4794,829
4795,974
4796,30
4797,1445
4798,891
4799,379
4800,658
4801,-251
4802,802
4803,1594
4804,-709
4805,1275
4806,304
4807,1414
4808,494
4809,645
4810,1546
4811,2018
4812,1493
4813,1096
4814,688
4815,1028
4816,1469
4817,32
4818,1425
4819,1453
4820,1003
4821,884
4822,1106
4823,1954
4824,306
4825,-143
4826,1377
4827,157
4828,294
4829,-265
4830,-245
4831,717
4832,-190
4833,-782
4834,883
4835,829
4836,660
4837,548
4838,1568
4839,924
4840,856
4841,845
4842,951
4843,174
4844,-236
4845,-440
4846,691
4847,826
4848,-207
4849,169
4850,614
4851,-128
4852,418
4853,829
4854,1621
4855,-287
4856,-306
4857,1341
4858,1304
4859,1015
4860,728
4861,7
4862,1356
4863,935
4864,-589
4865,1206
4866,1425
4867,387
4868,934
4869,2207
4870,746
4871,345
4872,-354
4873,2019
4874,559
4875,1153
4876,-121
4877,1710
4878,950
4879,1632
4880,-424
4881,988
4882,2242
4883,821
4884,1027
4885,985
4886,854
4887,203
4888,1570
4889,742
4890,1895
4891,810
4892,492
4893,318
4894,309
4895,-1103
4896,622
4897,539
4898,173
4899,616
4900,52
4901,1382
4902,417
4903,1328
4904,-65
4905,-969
4906,-124
4907,713
4908,575
4909,1629
4910,615
4911,1170
4912,793
4913,1207
4914,26
4915,1786
4916,-255
4917,582
4918,334
4919,66
4920,909
4921,753
4922,960
4923,42
4924,-427
4925,613
4926,-762
4927,638
4928,1338
4929,682
4930,1008
4931,404
4932,1724
4933,762
4934,1307
4935,441
4936,-270
4937,1447
4938,-865
4939,1145
4940,334
4941,1459
4942,455
4943,1324
4944,932
4945,430
4946,1240
4947,-126
4948,86
4949,1350
4950,1204
4951,870
4952,1420
4953,781
4954,775
4955,269
4956,200
4957,2094
4958,998
4959,599
4960,1215
4961,813
4962,797
4963,1224
4964,954
4965,692
4966,1023
4967,1560
4968,1228
4969,712
4970,332
4971,1189
4972,910
4973,-459
4974,411
4975,285
4976,1013
4977,589
4978,96
4979,954
4980,781
4981,700
4982,-515
4983,580
4984,1561
4985,1314
4986,800
4987,1727
4988,727
4989,-955
4990,1031
4991,-430
4992,305
4993,316
4994,1341
4995,1312
4996,223
4997,712
4998,1637
4999,1165
5000,25
5001,1230
5002,103
5003,1258
5004,1245
5005,582
5006,1585
5007,1042
5008,-638
5009,1407
5010,590
5011,467
5012,103
5013,647
5014,462
5015,1181
5016,-991
5017,655
5018,1791
5019,1019
5020,1679
5021,278
5022,646
5023,832
5024,1397
5025,628
5026,75
5027,645
5028,189
5029,1779
5030,753
5031,2061
5032,-3
5033,1077
5034,278
5035,93
5036,111
5037,295
5038,-118
5039,704
5040,763
5041,1241
5042,975
5043,935
5044,853
5045,289
5046,915
5047,639
5048,379
5049,662
5050,289
5051,979
5052,506
5053,1063
5054,69
5055,741
5056,451
5057,1066
5058,348
5059,-378
5060,1488
5061,456
5062,740
5063,-19
5064,900
5065,75
5066,860
5067,1769
5068,863
5069,1002
5070,275
5071,1463
5072,825
5073,622
5074,1158
5075,455
5076,1273
5077,1677
5078,1300
5079,1395
5080,294
5081,326
5082,1388
5083,907
5084,-386
5085,1377
5086,425
5087,537
5088,988
5089,463
5090,566
5091,2012
5092,313
5093,783
5094,1233
5095,1382
5096,1577
5097,224
5098,-190
5099,939
5100,936
5101,1132
5102,54
5103,-409
5104,1175
5105,1185
5106,1922
5107,1794
5108,-469
5109,1203
5110,824
5111,1804
5112,530
5113,-760
5114,-224
5115,1283
5116,400
5117,641
5118,1395
5119,1197
5120,253
5121,643
5122,14
5123,2061
5124,761
5125,394
5126,363
5127,-542
5128,328
5129,1502
5130,-62
5131,250
5132,795
5133,1556
5134,1584
5135,1502
5136,1115
5137,1990
5138,-98
5139,1293
5140,1406
5141,500
5142,2052
5143,383
5144,640
5145,704
5146,-151
5147,360
5148,1002
5149,414
5150,-1524
5151,89
5152,311
5153,1211
5154,839
5155,951
5156,1359
5157,1137
5158,1337
5159,935
5160,704
5161,933
5162,52
5163,-358
5164,1472
5165,1050
5166,1480
5167,50
5168,430
5169,322
5170,1289
5171,985
5172,675
5173,727
5174,1049
5175,983
5176,1531
5177,1030
5178,317
5179,336
5180,1342
5181,437
5182,874
5183,512
5184,-73
5185,1260
5186,791
5187,1363
5188,980
5189,1943
5190,2044
5191,655
5192,-766
5193,91
5194,1209
5195,1064
5196,1629
5197,970
5198,681
5199,1352
5200,266
5201,984
5202,1419
5203,1309
5204,1055
5205,1579
5206,876
5207,1783
5208,-59
5209,1516
5210,-180
5211,968
5212,346
5213,913
5214,-183
5215,403
5216,1568
5217,228
5218,486
5219,1566
5220,277
5221,383
5222,366
5223,1496
5224,496
5225,2325
5226,831
5227,732
5228,1534
5229,283
5230,1715
5231,1148
5232,1353
5233,1209
5234,914
5235,1659
5236,1321
5237,729
5238,-821
5239,38
5240,632
5241,-712
5242,1412
5243,937
5244,1198
5245,881
5246,-880
5247,179
5248,139
5249,766
5250,431
5251,1330
5252,1196
5253,1052
5254,1109
5255,1376
5256,1138
5257,1130
5258,1234
5259,560
5260,359
5261,1373
5262,376
5263,637
5264,932
5265,1230
5266,1592
5267,2003
5268,40
5269,808
5270,295
5271,713
5272,732
5273,1503
5274,1022
5275,762
5276,-541
5277,157
5278,518
5279,1371
5280,1170
5281,-294
5282,362
5283,758
5284,882
5285,-477
5286,510
5287,259
5288,1507
5289,651
5290,827
5291,874
5292,-671
5293,926
5294,-107
5295,-600
5296,151
5297,484
5298,640
5299,1589
5300,1104
5301,642
5302,-546
5303,2193
5304,94
5305,380
5306,123
5307,145
5308,995
5309,716
5310,-31
5311,-415
5312,744
5313,674
5314,1217
5315,1622
5316,893
5317,1114
5318,179
5319,800
5320,961
5321,644
5322,917
5323,274
5324,304
5325,1122
5326,756
5327,1082
5328,1865
5329,956
5330,699
5331,-170
5332,1211
5333,829
5334,679
5335,359
5336,1455
5337,1470
5338,1124
5339,449
5340,-300
5341,550
5342,856
5343,161
5344,261
5345,743
5346,300
5347,400
5348,1490
5349,770
5350,-805
5351,622
5352,1497
5353,308
5354,2067
5355,-286
5356,440
5357,355
5358,625
5359,557
5360,1022
5361,732
5362,505
5363,-248
5364,119
5365,1198
5366,1187
5367,81
5368,948
5369,1416
5370,1350
5371,-373
5372,1326
5373,1261
5374,934
5375,586
5376,1262
5377,1125
5378,1207
5379,1410
5380,1563
5381,1427
5382,820
5383,912
5384,1142
5385,1510
5386,1309
5387,731
5388,-466
5389,915
5390,1164
5391,901
5392,732
5393,1064
5394,-137
5395,221
5396,546
5397,-63
5398,1615
5399,869
5400,900
5401,1271
5402,-68
5403,964
5404,701
5405,493
5406,1729
5407,1546
5408,640
5409,596
5410,1406
5411,-878
5412,196
5413,978
5414,400
5415,-1156
5416,1466
5417,1005
5418,389
5419,46
5420,104
5421,541
5422,1220
5423,1154
5424,292
5425,-102
5426,-104
5427,-114
5428,1860
5429,429
5430,832
5431,1082
5432,1275
5433,1610
5434,1284
5435,1287
5436,560
5437,-114
5438,2204
5439,363
5440,830
5441,1057
5442,82
5443,1505
5444,-617
5445,989
5446,305
5447,696
5448,544
5449,-147
5450,89
5451,1029
5452,855
5453,1389
5454,1219
5455,524
5456,716
5457,265
5458,620
5459,893
5460,-868
5461,-313
5462,744
5463,1016
5464,1375
5465,783
5466,965
5467,-931
5468,772
5469,-192
5470,1101
5471,668
5472,243
5473,878
5474,1369
5475,462
5476,966
5477,1079
5478,569
5479,891
5480,1423
5481,594
5482,394
5483,784
5484,1179
5485,63
5486,-583
5487,1792
5488,996
5489,930
5490,1009
5491,-1006
5492,805
5493,670
5494,-97
5495,27
5496,742
5497,1363
5498,636
5499,650
5500,1259
5501,1504
5502,634
5503,898
5504,479
5505,130
5506,793
5507,1032
5508,-602
5509,564
5510,1074
5511,1073
5512,943
5513,1484
5514,444
5515,1532
5516,103
5517,1174
5518,406
5519,419
5520,-861
5521,1204
5522,1897
5523,-663
5524,-167
5525,1582
5526,858
5527,446
5528,1029
5529,774
5530,138
5531,626
5532,896
5533,1018
5534,998
5535,335
5536,1082
5537,363
5538,992
5539,750
5540,147
5541,718
5542,970
5543,1481
5544,1309
5545,624
5546,329
5547,1876
5548,683
5549,230
5550,243
5551,-443
5552,706
5553,832
5554,-257
5555,622
5556,-353
5557,496
5558,953
5559,1023
5560,52
5561,445
5562,802
5563,952
5564,-730
5565,656
5566,-564
5567,334
5568,1171
5569,1486
5570,930
5571,1169
5572,868
5573,669
5574,1435
5575,1344
5576,918
5577,1161
5578,1327
5579,1093
5580,664
5581,1711
5582,1286
5583,681
5584,47
5585,306
5586,-123
5587,831
5588,181
5589,1294
5590,31
5591,-482
5592,320
5593,1672
5594,933
5595,1254
5596,1464
5597,1076
5598,823
5599,978
5600,147
5601,205
5602,856
5603,564
5604,1154
5605,383
5606,976
5607,347
5608,-36
5609,1205
5610,1155
5611,1846
5612,1245
5613,-207
5614,793
5615,752
5616,1649
5617,1053
5618,641
5619,1171
5620,500
5621,1128
5622,1730
5623,812
5624,818
5625,49
5626,1076
5627,1116
5628,-214
5629,425
5630,1196
5631,1353
5632,-142
5633,1766
5634,-831
5635,1240
5636,564
5637,869
5638,1576
5639,227
5640,-519
5641,53
5642,905
5643,1476
5644,383
5645,1400
5646,1336
5647,1381
5648,302
5649,-1212
5650,742
5651,463
5652,-400
5653,264
5654,-6
5655,645
5656,661
5657,676
5658,1064
5659,963
5660,531
5661,1053
5662,1480
5663,1027
5664,132
5665,1211
5666,540
5667,1094
5668,768
5669,259
5670,1375
5671,532
5672,-17
5673,1484
5674,493
5675,860
5676,2083
5677,413
5678,1794
5679,384
5680,973
5681,1105
5682,1660
5683,-525
5684,793
5685,859
5686,-486
5687,852
5688,1379
5689,1072
5690,-459
5691,1943
5692,347
5693,1380
5694,846
5695,43
5696,1917
5697,1564
5698,1620
5699,483
5700,999
5701,1077
5702,1240
5703,1213
5704,697
5705,692
5706,1966
5707,1244
5708,466
5709,1384
5710,-321
5711,-535
5712,-186
5713,1400
5714,891
5715,582
5716,741
5717,1365
5718,-276
5719,1152
5720,1765
5721,306
5722,704
5723,924
5724,1425
5725,771
5726,672
5727,221
5728,471
5729,398
5730,-75
5731,1094
5732,1046
5733,730
5734,426
5735,943
5736,772
5737,855
5738,150
5739,815
5740,773
5741,1215
5742,1018
5743,735
5744,882
5745,-68
5746,527
5747,58
5748,273
5749,624
5750,944
5751,975
5752,703
5753,249
5754,-496
5755,1312
5756,391
5757,207
5758,1065
5759,1824
5760,-463
5761,1666
5762,893
5763,-163
5764,462
5765,851
5766,183
5767,1304
5768,645
5769,886
5770,1568
5771,1036
5772,217
5773,758
5774,100
5775,863
5776,910
5777,1962
5778,1270
5779,1772
5780,869
5781,-112
5782,507
5783,144
5784,578
5785,1566
5786,480
5787,1566
5788,1396
5789,1438
5790,657
5791,-137
5792,1645
5793,1234
5794,1466
5795,1418
5796,210
5797,1276
5798,-1044
5799,1710
5800,102
5801,1280
5802,326
5803,351
5804,1063
5805,1440
5806,562
5807,-1325
5808,1267
5809,864
5810,667
5811,968
5812,259
5813,1570
5814,22
5815,419
5816,-440
5817,283
5818,1201
5819,1448
5820,-474
5821,1372
5822,1052
5823,974
5824,217
5825,877
5826,-143
5827,401
5828,492
5829,184
5830,698
5831,1236
5832,868
5833,659
5834,1231
5835,955
5836,-89
5837,437
5838,607
5839,1404
5840,-554
5841,868
5842,1418
5843,-592
5844,1186
5845,116
5846,1269
5847,-481
5848,-715
5849,-189
5850,773
5851,899
5852,436
5853,1273
5854,1177
5855,-37
5856,-391
5857,487
5858,274
5859,640
5860,928
5861,368
5862,706
5863,683
5864,-272
5865,135
5866,792
5867,-1788
5868,1925
5869,-627
5870,-218
5871,399
5872,29
5873,1027
5874,467
5875,1124
5876,261
5877,745
5878,1569
5879,688
5880,1290
5881,790
5882,539
5883,-17
5884,1463
5885,465
5886,1227
5887,591
5888,662
5889,-188
5890,88
5891,1252
5892,61
5893,813
5894,-748
5895,473
5896,510
5897,829
5898,1312
5899,-83
5900,840
5901,371
5902,827
5903,1201
5904,2147
5905,-195
5906,1296
5907,1292
5908,619
5909,-215
5910,1392
5911,1144
5912,-833
5913,910
5914,803
5915,1155
5916,1494
5917,717
5918,563
5919,1521
5920,316
5921,1019
5922,232
5923,478
5924,-644
5925,1436
5926,956
5927,-543
5928,394
5929,-43
5930,1012
5931,316
5932,1216
5933,969
5934,1939
5935,910
5936,658
5937,803
5938,159
5939,298
5940,762
5941,1205
5942,1149
5943,674
5944,999
5945,845
5946,1287
5947,-377
5948,1594
5949,2374
5950,-356
5951,784
5952,919
5953,-10
5954,1235
5955,1461
5956,740
5957,1155
5958,804
5959,685
5960,986
5961,366
5962,23
5963,1097
5964,1308
5965,-746
5966,679
5967,208
5968,866
5969,493
5970,775
5971,357
5972,363
5973,464
5974,157
5975,589
5976,-170
5977,1615
5978,584
5979,276
5980,622
5981,1328
5982,870
5983,-568
5984,-1145
5985,1133
5986,627
5987,1133
5988,483
5989,-326
5990,673
5991,711
5992,1043
5993,176
5994,231
5995,821
5996,-161
5997,1355
5998,-487
5999,1411
6000,-27
6001,505
6002,1483
6003,-62
6004,1264
6005,311
6006,-513
6007,616
6008,108
6009,514
6010,812
6011,1111
6012,1868
6013,1226
6014,-486
6015,-705
6016,1579
6017,661
6018,1290
6019,203
6020,325
6021,970
6022,774
6023,355
6024,395
6025,-303
6026,380
6027,805
6028,722
6029,495
6030,1251
6031,1100
6032,930
6033,1390
6034,-1490
6035,-484
6036,1700
6037,545
6038,767
6039,2046
6040,484
6041,851
6042,437
6043,1657
6044,1000
6045,982
6046,682
6047,-479
6048,1682
6049,-200
6050,-218
6051,1469
6052,1368
6053,1263
6054,1295
6055,744
6056,-216
6057,1012
6058,-25
6059,341
6060,1032
6061,906
6062,826
6063,679
6064,1430
6065,1278
6066,1226
6067,276
6068,176
6069,587
6070,-419
6071,492
6072,1070
6073,1171
6074,384
6075,739
6076,1880
6077,642
6078,1030
6079,53
6080,202
6081,1355
6082,1337
6083,1410
6084,328
6085,1084
6086,1542
6087,1579
6088,64
6089,107
6090,793
6091,230
6092,-474
6093,678
6094,-212
6095,1040
6096,317
6097,462
6098,693
6099,968
6100,1440
6101,868
6102,509
6103,1067
6104,794
6105,1502
6106,328
6107,580
6108,191
6109,-22
6110,378
6111,926
6112,-173
6113,643
6114,1262
6115,408
6116,1398
6117,1508
6118,1492
6119,638
6120,1449
6121,703
6122,1232
6123,149
6124,338
6125,264
6126,1001
6127,608
6128,390
6129,1148
6130,-343
6131,8
6132,1416
6133,1553
6134,1447
6135,1245
6136,230
6137,1116
6138,974
6139,505
6140,-189
6141,-416
6142,-185
6143,433
6144,268
6145,656
6146,659
6147,-79
6148,858
6149,1087
6150,-448
6151,35
6152,-299
6153,929
6154,1611
6155,782
6156,697
6157,1084
6158,1212
6159,875
6160,832
6161,1427
6162,1040
6163,708
6164,1282
6165,35
6166,421
6167,107
6168,1390
6169,107
6170,785
6171,-574
6172,1537
6173,808
6174,249
6175,525
6176,971
6177,537
6178,379
6179,138
6180,36
6181,-250
6182,1326
6183,1378
6184,1176
6185,820
6186,1758
6187,18
6188,1069
6189,703
6190,1091
6191,1633
6192,1257
6193,1119
6194,906
6195,599
6196,625
6197,1176
6198,371
6199,524
6200,1135
6201,599
6202,1065
6203,1302
6204,995
6205,1636
6206,554
6207,1377
6208,697
6209,-151
6210,1197
6211,1427
6212,841
6213,1454
6214,116
6215,601
6216,-527
6217,1265
6218,661
6219,-208
6220,1004
6221,372
6222,432
6223,504
6224,928
6225,1719
6226,1009
6227,1171
6228,478
6229,679
6230,1058
6231,1043
6232,668
6233,143
6234,1646
6235,277
6236,642
6237,589
6238,1019
6239,945
6240,1180
6241,688
6242,667
6243,656
6244,946
6245,-77
6246,59
6247,589
6248,-355
6249,37
6250,-204
6251,1283
6252,-312
6253,720
6254,1863
6255,34
6256,1081
6257,1402
6258,885
6259,-106
6260,1211
6261,-336
6262,281
6263,1181
6264,-82
6265,659
6266,1870
6267,481
6268,-328
6269,1803
6270,1017
6271,593
6272,348
6273,519
6274,839
6275,833
6276,-130
6277,1306
6278,264
6279,409
6280,1425
6281,1309
6282,1124
6283,-228
6284,1333
6285,621
6286,735
6287,122
6288,1493
6289,423
6290,160
6291,-64
6292,1289
6293,94
6294,1305
6295,270
6296,1349
6297,933
6298,519
6299,-364
6300,381
6301,271
6302,1124
6303,1659
6304,13
6305,478
6306,-770
6307,1232
6308,615
6309,1533
6310,205
6311,339
6312,133
6313,518
6314,148
6315,642
6316,1160
6317,960
6318,507
6319,1043
6320,1291
6321,-111
6322,1209
6323,441
6324,710
6325,-805
6326,477
6327,967
6328,1108
6329,405
6330,371
6331,304
6332,1225
6333,1511
6334,454
6335,577
6336,1096
6337,456
6338,1033
6339,1322
6340,-263
6341,851
6342,-518
6343,638
6344,-230
6345,1365
6346,1420
6347,749
6348,287
6349,-322
6350,872
6351,757
6352,112
6353,728
6354,737
6355,1387
6356,164
6357,1786
6358,-588
6359,1457
6360,1293
6361,1135
6362,564
6363,355
6364,1365
6365,794
6366,514
6367,-489
6368,335
6369,842
6370,36
6371,-176
6372,-1270
6373,2106
6374,1424
6375,1026
6376,675
6377,-180
6378,1462
6379,758
6380,348
6381,-371
6382,521
6383,149
6384,854
6385,777
6386,261
6387,1676
6388,284
6389,1145
6390,-749
6391,905
6392,952
6393,1356
6394,219
6395,769
6396,814
6397,845
6398,328
6399,1312
6400,-41
6401,1307
6402,-136
6403,188
6404,660
6405,952
6406,536
6407,429
6408,361
6409,-61
6410,1234
6411,-770
6412,1533
6413,607
6414,-180
6415,860
6416,1422
6417,1096
6418,-291
6419,-286
6420,510
6421,-177
6422,1225
6423,737
6424,-292
6425,1139
6426,610
6427,992
6428,1275
6429,1429
6430,753
6431,-22
6432,-133
6433,1142
6434,1274
6435,443
6436,948
6437,844
6438,417
6439,1486
6440,695
6441,80
6442,890
6443,1690
6444,38
6445,-261
6446,1481
6447,847
6448,-146
6449,1041
6450,486
6451,714
6452,1083
6453,549
6454,303
6455,977
6456,560
6457,1156
6458,-304
6459,215
6460,1317
6461,808
6462,325
6463,911
6464,-692
6465,407
6466,890
6467,1089
6468,363
6469,262
6470,1027
6471,-250
6472,1507
6473,1248
6474,956
6475,914
6476,211
6477,472
6478,1332
6479,1432
6480,569
6481,1502
6482,820
6483,1609
6484,-224
6485,-653
6486,589
6487,455
6488,290
6489,399
6490,801
6491,780
6492,-55
6493,124
6494,1712
6495,1428
6496,-125
6497,1325
6498,1448
6499,1951
6500,1172
6501,1401
6502,1309
6503,1552
6504,1024
6505,695
6506,146
6507,1240
6508,-1294
6509,742
6510,1085
6511,382
6512,443
6513,783
6514,893
6515,596
6516,948
6517,1260
6518,201
6519,-167
6520,368
6521,740
6522,-16
6523,768
6524,988
6525,1383
6526,1053
6527,587
6528,697
6529,1386
6530,-52
6531,-410
6532,1528
6533,555
6534,1432
6535,-29
6536,254
6537,104
6538,660
6539,1075
6540,1196
6541,1170
6542,154
6543,-115
6544,1268
6545,251
6546,2201
6547,-50
6548,682
6549,-2
6550,-528
6551,233
6552,1503
6553,1810
6554,400
6555,-713
6556,527
6557,1689
6558,665
6559,865
6560,1443
6561,357
6562,1114
6563,580
6564,977
6565,1534
6566,899
6567,-713
6568,-179
6569,96
6570,1030
6571,1176
6572,1513
6573,1058
6574,866
6575,242
6576,1045
6577,1317
6578,820
6579,54
6580,1739
6581,855
6582,767
6583,57
6584,664
6585,-198
6586,218
6587,1257
6588,-1146
6589,1711
6590,316
6591,-305
6592,-166
6593,-706
6594,1945
6595,-100
6596,1367
6597,1467
6598,492
6599,646
6600,901
6601,-240
6602,1140
6603,298
6604,715
6605,794
6606,17
6607,535
6608,410
6609,371
6610,1190
6611,1747
6612,725
6613,1451
6614,1811
6615,281
6616,1147
6617,1091
6618,-456
6619,-85
6620,932
6621,451
6622,77
6623,684
6624,652
6625,1182
6626,1076
6627,-522
6628,-425
6629,2056
6630,565
6631,1104
6632,389
6633,717
6634,1518
6635,799
6636,1545
6637,403
6638,455
6639,-896
6640,507
6641,-175
6642,1442
6643,262
6644,836
6645,-732
6646,313
6647,887
6648,1727
6649,-289
6650,673
6651,-65
6652,1244
6653,137
6654,604
6655,-80
6656,401
6657,1424
6658,-28
6659,508
6660,311
6661,658
6662,1673
6663,1062
6664,832
6665,398
6666,1364
6667,550
6668,682
6669,1351
6670,1114
6671,558
6672,774
6673,652
6674,229
6675,-1324
6676,-41
6677,1863
6678,914
6679,873
6680,685
6681,1827
6682,779
6683,339
6684,650
6685,508
6686,275
6687,-646
6688,1402
6689,1051
6690,1086
6691,899
6692,928
6693,1413
6694,-681
6695,487
6696,370
6697,701
6698,1430
6699,638
6700,1260
6701,1494
6702,1031
6703,1468
6704,120
6705,562
6706,721
6707,367
6708,1348
6709,526
6710,868
6711,1364
6712,1022
6713,173
6714,1228
6715,102
6716,1070
6717,1369
6718,902
6719,1110
6720,1036
6721,1111
6722,511
6723,1931
6724,536
6725,359
6726,1177
6727,727
6728,1076
6729,1376
6730,-349
6731,1337
6732,257
6733,-595
6734,1920
6735,874
6736,919
6737,1356
6738,1927
6739,854
6740,593
6741,-175
6742,-113
6743,1319
6744,475
6745,1588
6746,1297
6747,570
6748,664
6749,726
6750,1924
6751,1299
6752,656
6753,759
6754,681
6755,-116
6756,823
6757,1301
6758,1068
6759,222
6760,889
6761,1251
6762,849
6763,1061
6764,985
6765,736
6766,-179
6767,1848
6768,1355
6769,-1114
6770,305
6771,1344
6772,775
6773,1372
6774,-294
6775,-130
6776,758
6777,-69
6778,853
6779,915
6780,310
6781,314
6782,-807
6783,303
6784,657
6785,331
6786,-632
6787,1760
6788,1288
6789,-442
6790,1352
6791,493
6792,683
6793,1114
6794,-41
6795,2281
6796,969
6797,-207
6798,-665
6799,1164
6800,802
6801,1178
6802,677
6803,881
6804,-596
6805,772
6806,1895
6807,1269
6808,-83
6809,1441
6810,432
6811,1130
6812,803
6813,397
6814,1440
6815,799
6816,1249
6817,878
6818,1175
6819,1574
6820,-243
6821,224
6822,880
6823,56
6824,-498
6825,1063
6826,1482
6827,-231
6828,193
6829,-168
6830,1401
6831,880
6832,-227
6833,898
6834,349
6835,999
6836,153
6837,-460
6838,13
6839,46
6840,488
6841,1271
6842,1230
6843,1283
6844,1548
6845,1050
6846,1109
6847,542
6848,994
6849,325
6850,284
6851,571
6852,908
6853,870
6854,-82
6855,163
6856,-364
6857,610
6858,1281
6859,629
6860,1152
6861,1192
6862,1231
6863,680
6864,1102
6865,1779
6866,1649
6867,1049
6868,1324
6869,1151
6870,1259
6871,1019
6872,1176
6873,539
6874,55
6875,398
6876,1573
6877,867
6878,13
6879,-30
6880,120
6881,-169
6882,285
6883,-20
6884,647
6885,1668
6886,303
6887,1451
6888,163
6889,53
6890,-763
6891,-218
6892,790
6893,310
6894,1334
6895,61
6896,1157
6897,870
6898,322
6899,867
6900,100
6901,210
6902,-323
6903,-205
6904,160
6905,1822
6906,1088
6907,1468
6908,-184
6909,246
6910,306
6911,-249
6912,-169
6913,1154
6914,-758
6915,332
6916,40
6917,1077
6918,1104
6919,-183
6920,661
6921,775
6922,-339
6923,814
6924,841
6925,22
6926,-436
6927,1008
6928,365
6929,933
6930,1381
6931,1353
6932,1153
6933,51
6934,-703
6935,83
6936,866
6937,499
6938,179
6939,1031
6940,264
6941,690
6942,606
6943,1519
6944,993
6945,442
6946,1351
6947,331
6948,910
6949,807
6950,1007
6951,140
6952,338
6953,-173
6954,1242
6955,972
6956,175
6957,351
6958,1405
6959,305
6960,695
6961,427
6962,155
6963,842
6964,483
6965,742
6966,-715
6967,-15
6968,-14
6969,1593
6970,697
6971,463
6972,91
6973,1621
6974,648
6975,1545
6976,-507
6977,1590
6978,587
6979,291
6980,1293
6981,463
6982,1374
6983,984
6984,1109
6985,1035
6986,383
6987,1325
6988,1044
6989,1101
6990,914
6991,920
6992,981
6993,1004
6994,9
6995,49
6996,1000
6997,1041
6998,318
6999,1180
7000,1004
7001,883
7002,185
7003,-90
7004,1703
7005,853
7006,1510
7007,206
7008,1587
7009,-47
7010,134
7011,1554
7012,-33
7013,1164
7014,851
7015,1504
7016,868
7017,1741
7018,351
7019,1923
7020,495
7021,803
7022,351
7023,-610
7024,114
7025,942
7026,241
7027,51
7028,731
7029,1038
7030,-897
7031,702
7032,632
7033,1243
7034,1493
7035,1178
7036,1077
7037,859
7038,43
7039,-411
7040,821
7041,751
7042,711
7043,1170
7044,592
7045,348
7046,433
7047,-577
7048,912
7049,840
7050,1567
7051,-178
7052,1364
7053,210
7054,553
7055,451
7056,848
7057,-243
7058,315
7059,413
7060,645
7061,715
7062,1767
7063,315
7064,220
7065,69
7066,1678
7067,1150
7068,1110
7069,-536
7070,-593
7071,845
7072,372
7073,1233
7074,753
7075,1088
7076,-568
7077,32
7078,774
7079,1705
7080,542
7081,1101
7082,776
7083,-697
7084,879
7085,639
7086,-171
7087,576
7088,510
7089,1903
7090,730
7091,1528
7092,1589
7093,-305
7094,1591
7095,22
7096,1685
7097,1680
7098,-227
7099,740
7100,1065
7101,291
7102,1753
7103,700
7104,1226
7105,1806
7106,-45
7107,1374
7108,-43
7109,-307
7110,1025
7111,471
7112,780
7113,565
7114,205
7115,363
7116,1258
7117,-127
7118,1177
7119,558
7120,-188
7121,1002
7122,604
7123,-224
7124,823
7125,-313
7126,1579
7127,551
7128,229
7129,115
7130,828
7131,829
7132,1737
7133,560
7134,33
7135,1359
7136,1371
7137,727
7138,955
7139,544
7140,173
7141,305
7142,965
7143,563
7144,1400
7145,1682
7146,-1069
7147,1173
7148,1430
7149,1204
7150,976
7151,316
7152,1061
7153,1284
7154,899
7155,1248
7156,779
7157,708
7158,-330
7159,97
7160,133
7161,120
7162,710
7163,-739
7164,505
7165,1133
7166,952
7167,1756
7168,1258
7169,-376
7170,819
7171,649
7172,1454
7173,310
7174,371
7175,1591
7176,243
7177,1857
7178,1436
7179,471
7180,1304
7181,1223
7182,336
7183,-1055
7184,1641
7185,682
7186,-100
7187,533
7188,215
7189,1980
7190,-578
7191,-482
7192,597
7193,1355
7194,94
7195,1047
7196,-575
7197,1139
7198,461
7199,1125
7200,1559
7201,-207
7202,882
7203,1583
7204,1675
7205,1259
7206,-192
7207,734
7208,947
7209,1023
7210,104
7211,464
7212,417
7213,1201
7214,863
7215,592
7216,-566
7217,401
7218,1122
7219,589
7220,1773
7221,946
7222,565
7223,-264
7224,-562
7225,951
7226,1378
7227,1126
7228,-665
7229,455
7230,887
7231,1152
7232,1092
7233,70
7234,-394
7235,951
7236,-235
7237,1485
7238,1335
7239,245
7240,1788
7241,842
7242,-154
7243,1738
7244,1331
7245,847
7246,215
7247,672
7248,219
7249,850
7250,949
7251,-337
7252,1084
7253,544
7254,570
7255,1577
7256,910
7257,774
7258,1500
7259,632
7260,1835
7261,451
7262,332
7263,-128
7264,1190
7265,936
7266,212
7267,433
7268,418
7269,725
7270,1174
7271,36
7272,1114
7273,205
7274,694
7275,1114
7276,778
7277,980
7278,494
7279,1156
7280,1365
7281,702
7282,1575
7283,1671
7284,691
7285,266
7286,1467
7287,1129
7288,-62
7289,553
7290,1085
7291,281
7292,1334
7293,968
7294,1499
7295,788
7296,464
7297,602
7298,1342
7299,194
7300,935
7301,940
7302,1111
7303,-395
7304,1482
7305,1921
7306,532
7307,-131
7308,920
7309,997
7310,1343
7311,1493
7312,-386
7313,-121
7314,1798
7315,-324
7316,88
7317,1139
7318,78
7319,794
7320,257
7321,888
7322,1825
7323,1213
7324,564
7325,875
7326,755
7327,-243
7328,1147
7329,1956
7330,247
7331,845
7332,406
7333,661
7334,458
7335,1018
7336,1602
7337,628
7338,73
7339,887
7340,729
7341,1142
7342,-226
7343,379
7344,1004
7345,620
7346,575
7347,525
7348,1154
7349,1005
7350,420
7351,20
7352,1652
7353,1188
7354,1919
7355,479
7356,997
7357,410
7358,449
7359,1218
7360,999
7361,322
7362,1268
7363,1015
7364,108
7365,655
7366,-10
7367,1365
7368,1047
7369,810
7370,1167
7371,1314
7372,703
7373,1008
7374,221
7375,-118
7376,1308
7377,429
7378,-502
7379,1333
7380,788
7381,929
7382,377
7383,155
7384,802
7385,636
7386,129
7387,944
7388,624
7389,1291
7390,709
7391,592
7392,727
7393,1448
7394,946
7395,672
7396,499
7397,1666
7398,1238
7399,1308
7400,334
7401,722
7402,380
7403,626
7404,1299
7405,1144
7406,934
7407,-449
7408,671
7409,1071
7410,943
7411,804
7412,-332
7413,834
7414,712
7415,469
7416,630
7417,1121
7418,1201
7419,1028
7420,315
7421,-312
7422,-271
7423,71
7424,820
7425,1380
7426,1721
7427,162
7428,642
7429,-324
7430,1230
7431,709
7432,1081
7433,1914
7434,1151
7435,-413
7436,1935
7437,1201
7438,-170
7439,-82
7440,248
7441,65
7442,1733
7443,1091
7444,975
7445,-501
7446,395
7447,492
7448,-714
7449,984
7450,1275
7451,1331
7452,1232
7453,1245
7454,327
7455,46
7456,1636
7457,-89
7458,1326
7459,-717
7460,-195
7461,1690
7462,-116
7463,250
7464,996
7465,705
7466,1423
7467,543
7468,2190
7469,-518
7470,948
7471,1162
7472,594
7473,1199
7474,1097
7475,-14
7476,1419
7477,332
7478,171
7479,942
7480,1951
7481,549
7482,575
7483,1333
7484,-303
7485,1004
7486,567
7487,58
7488,201
7489,196
7490,1531
7491,832
7492,-159
7493,-205
7494,1629
7495,-376
7496,1359
7497,1593
7498,781
7499,177
7500,1438
7501,246
7502,1036
7503,507
7504,973
7505,566
7506,1002
7507,954
7508,146
7509,1029
7510,242
7511,445
7512,632
7513,615
7514,763
7515,1115
7516,1052
7517,816
7518,890
7519,243
7520,1104
7521,936
7522,1627
7523,1221
7524,361
7525,1091
7526,1097
7527,950
7528,855
7529,1773
7530,1581
7531,935
7532,166
7533,1637
7534,920
7535,481
7536,91
7537,-84
7538,1669
7539,1730
7540,1205
7541,-127
7542,1608
7543,270
7544,1208
7545,1923
7546,-24
7547,-328
7548,138
7549,1200
7550,1009
7551,1660
7552,575
7553,1489
7554,-53
7555,1143
7556,-396
7557,1215
7558,269
7559,-301
7560,922
7561,1033
7562,949
7563,1430
7564,1230
7565,859
7566,107
7567,429
7568,1021
7569,121
7570,171
7571,994
7572,1035
7573,663
7574,829
7575,1338
7576,341
7577,1876
7578,358
7579,309
7580,697
7581,730
7582,999
7583,1312
7584,674
7585,449
7586,1310
7587,512
7588,1285
7589,1111
7590,989
7591,1296
7592,596
7593,404
7594,602
7595,167
7596,1116
7597,1936
7598,950
7599,1264
7600,1451
7601,-157
7602,1513
7603,1034
7604,1062
7605,667
7606,518
7607,1771
7608,1851
7609,-206
7610,524
7611,565
7612,693
7613,1119
7614,480
7615,284
7616,920
7617,447
7618,1419
7619,702
7620,855
7621,1004
7622,855
7623,-392
7624,-1530
7625,393
7626,642
7627,1302
7628,1094
7629,854
7630,603
7631,486
7632,-49
7633,17
7634,-52
7635,1265
7636,343
7637,925
7638,-417
7639,1138
7640,462
7641,1435
7642,738
7643,427
7644,-340
7645,1157
7646,1262
7647,1824
7648,644
7649,41
7650,1167
7651,726
7652,1474
7653,451
7654,597
7655,1134
7656,43
7657,872
7658,809
7659,1004
7660,44
7661,833
7662,1819
7663,1345
7664,149
7665,1578
7666,1588
7667,304
7668,481
7669,1395
7670,1115
7671,28
7672,-206
7673,959
7674,414
7675,747
7676,842
7677,2443
7678,630
7679,124
7680,881
7681,1209
7682,1323
7683,1078
7684,-94
7685,934
7686,-604
7687,1105
7688,855
7689,-238
7690,1649
7691,148
7692,-570
7693,-767
7694,476
7695,1023
7696,846
7697,341
7698,341
7699,959
7700,787
7701,1256
7702,940
7703,414
7704,882
7705,143
7706,248
7707,1202
7708,1425
7709,101
7710,-58
7711,-206
7712,-299
7713,-928
7714,738
7715,1352
7716,683
7717,-580
7718,518
7719,967
7720,915
7721,964
7722,750
7723,945
7724,-821
7725,1185
7726,872
7727,589
7728,775
7729,-723
7730,1229
7731,1026
7732,1088
7733,697
7734,273
7735,1845
7736,1716
7737,1402
7738,844
7739,916
7740,5
7741,952
7742,1131
7743,518
7744,1118
7745,192
7746,562
7747,943
7748,1251
7749,544
7750,996
7751,-1080
7752,-494
7753,1026
7754,1000
7755,689
7756,1030
7757,1332
7758,1012
7759,1542
7760,1160
7761,570
7762,-607
7763,933
7764,267
7765,542
7766,1311
7767,1147
7768,539
7769,767
7770,922
7771,813
7772,1049
7773,540
7774,1384
7775,794
7776,752
7777,873
7778,1259
7779,952
7780,1714
7781,275
7782,862
7783,1485
7784,277
7785,1416
7786,1481
7787,-215
7788,-58
7789,752
7790,112
7791,589
7792,25
7793,1151
7794,745
7795,1623
7796,40
7797,1258
7798,1044
7799,972
7800,878
7801,739
7802,907
7803,-28
7804,1266
7805,508
7806,1055
7807,638
7808,1134
7809,1027
7810,1104
7811,1189
7812,475
7813,490
7814,1913
7815,783
7816,1298
7817,1046
7818,941
7819,249
7820,-6
7821,-1385
7822,46
7823,1007
7824,1528
7825,604
7826,1106
7827,706
7828,750
7829,701
7830,688
7831,1375
7832,683
7833,-1012
7834,983
7835,1385
7836,1379
7837,563
7838,266
7839,1348
7840,405
7841,1543
7842,1154
7843,137
7844,1339
7845,673
7846,-270
7847,1796
7848,1564
7849,1032
7850,1580
7851,1870
7852,603
7853,814
7854,352
7855,728
7856,620
7857,550
7858,706
7859,510
7860,298
7861,1137
7862,1456
7863,469
7864,1072
7865,1155
7866,149
7867,1224
7868,-44
7869,-301
7870,270
7871,1581
7872,1381
7873,1571
7874,511
7875,1687
7876,8
7877,-322
7878,1041
7879,1
7880,824
7881,631
7882,1159
7883,1904
7884,-325
7885,-147
7886,592
7887,68
7888,731
7889,857
7890,1061
7891,-77
7892,338
7893,1281
7894,-135
7895,437
7896,801
7897,1517
7898,1247
7899,362
7900,724
7901,309
7902,1055
7903,1065
7904,1428
7905,1008
7906,766
7907,494
7908,-60
7909,-100
7910,1873
7911,773
7912,1080
7913,-185
7914,144
7915,970
7916,1150
7917,1396
7918,931
7919,836
7920,263
7921,1452
7922,1070
7923,-983
7924,1287
7925,194
7926,280
7927,249
7928,1319
7929,1539
7930,-172
7931,1058
7932,567
7933,390
7934,465
7935,627
7936,1110
7937,605
7938,1469
7939,1347
7940,541
7941,1074
7942,-1071
7943,265
7944,70
7945,241
7946,484
7947,-488
7948,966
7949,627
7950,467
7951,1243
7952,1697
7953,838
7954,-14
7955,674
7956,1058
7957,997
7958,577
7959,456
7960,130
7961,-537
7962,534
7963,895
7964,-577
7965,146
7966,175
7967,437
7968,1564
7969,1253
7970,471
7971,-1433
7972,640
7973,1025
7974,577
7975,170
7976,927
7977,1372
7978,1024
7979,1041
7980,-50
7981,758
7982,79
7983,526
7984,549
7985,769
7986,1228
7987,946
7988,694
7989,-318
7990,46
7991,-105
7992,953
7993,1260
7994,396
7995,1091
7996,622
7997,-163
7998,999
7999,2596
8000,1736
8001,1608
8002,1443
8003,-301
8004,553
8005,-513
8006,676
8007,357
8008,1471
8009,347
8010,284
8011,1435
8012,1193
8013,158
8014,764
8015,-869
8016,682
8017,392
8018,509
8019,-49
8020,1770
8021,1122
8022,1219
8023,198
8024,-1339
8025,369
8026,1242
8027,211
8028,374
8029,488
8030,1204
8031,183
8032,398
8033,951
8034,1357
8035,546
8036,293
8037,499
8038,687
8039,1465
8040,-172
8041,937
8042,170
8043,685
8044,1
8045,1388
8046,426
8047,1089
8048,188
8049,1117
8050,607
8051,-202
8052,237
8053,902
8054,889
8055,1540
8056,245
8057,-122
8058,10
8059,269
8060,1223
8061,-492
8062,-521
8063,768
8064,753
8065,770
8066,952
8067,683
8068,889
8069,1091
8070,1119
8071,273
8072,404
8073,1549
8074,-282
8075,236
8076,872
8077,1196
8078,47
8079,1146
8080,1160
8081,110
8082,1145
8083,1195
8084,1746
8085,1055
8086,-1373
8087,494
8088,417
8089,832
8090,492
8091,1132
8092,947
8093,1833
8094,1694
8095,857
8096,486
8097,929
8098,1859
8099,-42
8100,1229
8101,1938
8102,493
8103,762
8104,292
8105,883
8106,29
8107,909
8108,1202
8109,512
8110,-122
8111,1322
8112,744
8113,740
8114,-91
8115,-62
8116,1549
8117,453
8118,1602
8119,799
8120,-152
8121,-641
8122,1042
8123,1799
8124,1065
8125,1305
8126,1270
8127,1321
8128,474
8129,184
8130,1241
8131,1074
8132,358
8133,746
8134,1240
8135,-147
8136,617
8137,1170
8138,1321
8139,593
8140,220
8141,1065
8142,1044
8143,639
8144,899
8145,-831
8146,937
8147,993
8148,223
8149,1051
8150,920
8151,1141
8152,462
8153,-27
8154,1960
8155,616
8156,115
8157,1020
8158,1155
8159,-341
8160,829
8161,175
8162,710
8163,401
8164,1368
8165,1790
8166,894
8167,1150
8168,911
8169,1408
8170,-722
8171,2057
8172,1043
8173,472
8174,888
8175,797
8176,1626
8177,1464
8178,965
8179,621
8180,983
8181,1253
8182,1564
8183,863
8184,1414
8185,927
8186,73
8187,703
8188,967
8189,639
8190,-87
8191,1266
8192,1299
8193,-548
8194,159
8195,-261
8196,1261
8197,701
8198,1086
8199,-364
8200,297
8201,1268
8202,1047
8203,215
8204,1630
8205,1494
8206,1179
8207,1132
8208,1719
8209,-15
8210,469
8211,1272
8212,-611
8213,1167
8214,828
8215,1358
8216,674
8217,212
8218,407
8219,1326
8220,716
8221,426
8222,1192
8223,979
8224,1071
8225,1219
8226,-357
8227,270
8228,387
8229,1046
8230,-181
8231,402
8232,965
8233,359
8234,299
8235,-49
8236,1004
8237,-428
8238,747
8239,1263
8240,348
8241,878
8242,914
8243,825
8244,1424
8245,738
8246,-22
8247,510
8248,-29
8249,805
8250,354
8251,1027
8252,456
8253,1694
8254,850
8255,-408
8256,974
8257,1351
8258,-642
8259,1617
8260,640
8261,-1151
8262,676
8263,-83
8264,165
8265,1175
8266,1593
8267,481
8268,1110
8269,448
8270,1808
8271,442
8272,59
8273,-72
8274,292
8275,1308
8276,-52
8277,1300
8278,-169
8279,100
8280,518
8281,1320
8282,656
8283,622
8284,1037
8285,700
8286,660
8287,640
8288,1089
8289,-575
8290,-556
8291,530
8292,1756
8293,311
8294,601
8295,-1407
8296,-128
8297,1145
8298,1356
8299,1186
8300,1643
8301,333
8302,999
8303,550
8304,997
8305,182
8306,548
8307,1445
8308,-262
8309,19
8310,898
8311,-113
8312,1256
8313,952
8314,706
8315,590
8316,20
8317,451
8318,550
8319,1042
8320,810
8321,199
8322,-500
8323,689
8324,657
8325,503
8326,1166
8327,1487
8328,1116
8329,846
8330,-58
8331,-261
8332,183
8333,713
8334,73
8335,1231
8336,326
8337,202
8338,467
8339,674
8340,-904
8341,1280
8342,-149
8343,772
8344,-265
8345,182
8346,-79
8347,-634
8348,614
8349,780
8350,-200
8351,1658
8352,577
8353,1321
8354,1311
8355,1042
8356,666
8357,1256
8358,1566
8359,-122
8360,658
8361,454
8362,68
8363,-7
8364,411
8365,-195
8366,1030
8367,501
8368,766
8369,957
8370,260
8371,674
8372,370
8373,696
8374,1144
8375,-157
8376,138
8377,601
8378,481
8379,720
8380,716
8381,320
8382,1636
8383,1176
8384,344
8385,903
8386,-1432
8387,196
8388,202
8389,1117
8390,94
8391,1639
8392,905
8393,1095
8394,-548
8395,802
8396,719
8397,551
8398,-273
8399,877
8400,227
8401,440
8402,332
8403,-1595
8404,1508
8405,718
8406,1367
8407,-225
8408,724
8409,1415
8410,1990
8411,1025
8412,656
8413,440
8414,350
8415,1479
8416,-248
8417,1191
8418,-369
8419,1391
8420,680
8421,1807
8422,865
8423,1601
8424,52
8425,-221
8426,2208
8427,341
8428,930
8429,1091
8430,259
8431,1030
8432,173
8433,1180
8434,1085
8435,1284
8436,1479
8437,1156
8438,571
8439,-180
8440,1337
8441,1891
8442,118
8443,864
8444,835
8445,1457
8446,1202
8447,57
8448,917
8449,1135
8450,1526
8451,1186
8452,370
8453,-401
8454,698
8455,1574
8456,1127
8457,963
8458,219
8459,651
8460,1084
8461,498
8462,362
8463,1307
8464,210
8465,1477
8466,1647
8467,1348
8468,664
8469,902
8470,322
8471,1883
8472,758
8473,1106
8474,1281
8475,1025
8476,823
8477,1496
8478,926
8479,791
8480,385
8481,230
8482,1003
8483,770
8484,1160
8485,1794
8486,936
8487,1157
8488,878
8489,1187
8490,650
8491,407
8492,511
8493,818
8494,1676
8495,-1164
8496,1060
8497,1143
8498,517
8499,618
8500,346
8501,374
8502,2047
8503,-275
8504,177
8505,836
8506,575
8507,892
8508,708
8509,1191
8510,807
8511,664
8512,21
8513,58
8514,-254
8515,1223
8516,-545
8517,445
8518,366
8519,1031
8520,1355
8521,1701
8522,-681
8523,1356
8524,1093
8525,1345
8526,1334
8527,1698
8528,1905
8529,1309
8530,314
8531,797
8532,980
8533,1174
8534,1223
8535,259
8536,1163
8537,1451
8538,1615
8539,669
8540,601
8541,1276
8542,1279
8543,381
8544,317
8545,-642
8546,1235
8547,1054
8548,170
8549,869
8550,238
8551,1261
8552,251
8553,373
8554,548
8555,-14
8556,214
8557,1619
8558,944
8559,-87
8560,191
8561,-28
8562,-93
8563,416
8564,1231
8565,358
8566,1025
8567,1744
8568,-316
8569,388
8570,1527
8571,1689
8572,923
8573,1604
8574,1514
8575,483
8576,1165
8577,149
8578,1272
8579,-204
8580,450
8581,1121
8582,956
8583,922
8584,861
8585,2046
8586,-322
8587,687
8588,957
8589,1452
8590,564
8591,1048
8592,1347
8593,577
8594,322
8595,770
8596,775
8597,914
8598,1178
8599,1172
8600,834
8601,239
8602,-53
8603,876
8604,-855
8605,48
8606,896
8607,-1108
8608,1283
8609,-227
8610,1223
8611,1091
8612,878
8613,-288
8614,178
8615,842
8616,594
8617,1201
8618,1129
8619,1095
8620,970
8621,-207
8622,503
8623,505
8624,3
8625,777
8626,66
8627,765
8628,1464
8629,214
8630,555
8631,-712
8632,727
8633,1764
8634,-81
8635,145
8636,1323
8637,994
8638,1059
8639,435
8640,1418
8641,277
8642,1312
8643,1500
8644,816
8645,738
8646,1003
8647,906
8648,974
8649,801
8650,1487
8651,464
8652,685
8653,580
8654,-216
8655,541
8656,1244
8657,1064
8658,756
8659,1304
8660,1348
8661,91
8662,728
8663,131
8664,1178
8665,1143
8666,1173
8667,1228
8668,1484
8669,1041
8670,297
8671,784
8672,419
8673,565
8674,1151
8675,1270
8676,846
8677,625
8678,179
8679,1440
8680,715
8681,1957
8682,162
8683,191
8684,-221
8685,-1
8686,826
8687,1350
8688,213
8689,1261
8690,1220
8691,1417
8692,547
8693,281
8694,256
8695,1168
8696,584
8697,-610
8698,320
8699,20
8700,1557
8701,755
8702,594
8703,-414
8704,751
8705,1644
8706,-111
8707,681
8708,801
8709,573
8710,513
8711,808
8712,1046
8713,195
8714,1565
8715,1038
8716,-1164
8717,-97
8718,108
8719,1388
8720,517
8721,657
8722,1632
8723,-306
8724,1697
8725,793
8726,503
8727,1592
8728,1406
8729,839
8730,1550
8731,2283
8732,884
8733,567
8734,1742
8735,-96
8736,1122
8737,1387
8738,1204
8739,583
8740,1178
8741,1061
8742,1689
8743,1445
8744,1230
8745,1342
8746,-169
8747,937
8748,733
8749,127
8750,-592
8751,1165
8752,784
8753,1606
8754,-474
8755,1097
8756,98
8757,1264
8758,857
8759,1165
8760,642
8761,1187
8762,-56
8763,-71
8764,-489
8765,-583
8766,1080
8767,923
8768,98
8769,1042
8770,284
8771,176
8772,105
8773,1558
8774,-592
8775,982
8776,1254
8777,1112
8778,1068
8779,-833
8780,1341
8781,606
8782,429
8783,133
8784,1157
8785,483
8786,895
8787,459
8788,259
8789,-203
8790,324
8791,514
8792,977
8793,-34
8794,-561
8795,557
8796,908
8797,1288
8798,1366
8799,723
8800,416
8801,862
8802,1364
8803,267
8804,512
8805,82
8806,352
8807,1575
8808,1368
8809,-208
8810,2040
8811,640
8812,775
8813,524
8814,1106
8815,1432
8816,-1080
8817,1108
8818,855
8819,1185
8820,491
8821,565
8822,806
8823,1407
8824,1097
8825,630
8826,1269
8827,863
8828,514
8829,-68
8830,1431
8831,910
8832,1012
8833,-739
8834,1402
8835,1084
8836,845
8837,363
8838,875
8839,1193
8840,631
8841,533
8842,986
8843,769
8844,1141
8845,-490
8846,1759
8847,419
8848,643
8849,-6
8850,1410
8851,981
8852,231
8853,1286
8854,-1223
8855,-193
8856,997
8857,-670
8858,980
8859,618
8860,1551
8861,1394
8862,581
8863,1287
8864,1579
8865,895
8866,1399
8867,856
8868,1060
8869,1120
8870,937
8871,419
8872,1031
8873,311
8874,1444
8875,745
8876,-449
8877,1701
8878,302
8879,1145
8880,1037
8881,285
8882,492
8883,1181
8884,1326
8885,680
8886,835
8887,154
8888,775
8889,1284
8890,1200
8891,-844
8892,827
8893,269
8894,-591
8895,1841
8896,425
8897,520
8898,120
8899,1195
8900,-861
8901,983
8902,-67
8903,276
8904,485
8905,489
8906,1750
8907,1499
8908,19
8909,918
8910,921
8911,1093
8912,555
8913,928
8914,840
8915,1213
8916,1435
8917,549
8918,753
8919,698
8920,787
8921,-992
8922,1808
8923,667
8924,1425
8925,1230
8926,-763
8927,373
8928,196
8929,384
8930,476
8931,-1157
8932,1706
8933,1256
8934,1052
8935,278
8936,-311
8937,246
8938,1786
8939,1045
8940,1252
8941,308
8942,1328
8943,1507
8944,1040
8945,-273
8946,809
8947,418
8948,16
8949,704
8950,1182
8951,-575
8952,922
8953,1716
8954,1323
8955,1043
8956,419
8957,-654
8958,1068
8959,747
8960,555
8961,1802
8962,327
8963,1010
8964,639
8965,1354
8966,1429
8967,283
8968,810
8969,472
8970,1511
8971,-89
8972,803
8973,300
8974,637
8975,416
8976,982
8977,620
8978,705
8979,615
8980,728
8981,201
8982,281
8983,1407
8984,1564
8985,1014
8986,915
8987,1620
8988,835
8989,179
8990,695
8991,1181
8992,1591
8993,-530
8994,1287
8995,1054
8996,922
8997,1703
8998,-84
8999,646
9000,1720
9001,-246
9002,1346
9003,530
9004,232
9005,1111
9006,1524
9007,897
9008,1235
9009,1656
9010,1414
9011,1105
9012,477
9013,997
9014,1786
9015,1435
9016,340
9017,774
9018,839
9019,93
9020,1035
9021,1073
9022,1572
9023,952
9024,1317
9025,1420
9026,1846
9027,900
9028,178
9029,938
9030,1399
9031,618
9032,-837
9033,950
9034,817
9035,1946
9036,0
9037,300
9038,78
9039,1452
9040,144
9041,469
9042,856
9043,-731
9044,570
9045,1063
9046,993
9047,781
9048,1797
9049,-54
9050,-67
9051,1162
9052,-204
9053,2195
9054,1234
9055,837
9056,1004
9057,745
9058,709
9059,931
9060,891
9061,1195
9062,251
9063,994
9064,-54
9065,480
9066,-52
9067,-234
9068,1462
9069,449
9070,927
9071,1747
9072,991
9073,814
9074,471
9075,1505
9076,1249
9077,530
9078,778
9079,568
9080,516
9081,466
9082,1216
9083,29
9084,1635
9085,792
9086,1504
9087,1677
9088,603
9089,1716
9090,268
9091,487
9092,-221
9093,-135
9094,1096
9095,1339
9096,276
9097,727
9098,1235
9099,1292
9100,1890
9101,981
9102,720
9103,480
9104,-450
9105,649
9106,1818
9107,784
9108,1138
9109,-222
9110,-72
9111,464
9112,875
9113,278
9114,787
9115,166
9116,1453
9117,962
9118,1257
9119,785
9120,137
9121,937
9122,586
9123,1273
9124,124
9125,31
9126,840
9127,1239
9128,45
9129,720
9130,751
9131,632
9132,723
9133,665
9134,922
9135,796
9136,-279
9137,940
9138,5
9139,803
9140,1091
9141,1354
9142,784
9143,354
9144,1194
9145,-86
9146,653
9147,1763
9148,535
9149,568
9150,1636
9151,274
9152,1478
9153,468
9154,1216
9155,704
9156,1187
9157,1704
9158,45
9159,312
9160,1108
9161,473
9162,593
9163,925
9164,305
9165,1081
9166,898
9167,896
9168,-41
9169,1770
9170,760
9171,765
9172,1298
9173,405
9174,-39
9175,724
9176,464
9177,-75
9178,1012
9179,-194
9180,845
9181,77
9182,1131
9183,1694
9184,1246
9185,1498
9186,124
9187,213
9188,830
9189,1412
9190,1363
9191,966
9192,-1051
9193,819
9194,1191
9195,391
9196,1494
9197,743
9198,315
9199,1627
9200,422
9201,-485
9202,352
9203,474
9204,431
9205,-160
9206,637
9207,1300
9208,797
9209,55
9210,574
9211,1012
9212,1141
9213,1273
9214,249
9215,492
9216,1138
9217,140
9218,1798
9219,-372
9220,1715
9221,647
9222,1012
9223,519
9224,392
9225,338
9226,1738
9227,23
9228,-45
9229,1169
9230,657
9231,732
9232,1220
9233,924
9234,372
9235,1084
9236,776
9237,-376
9238,1243
9239,1930
9240,739
9241,414
9242,-342
9243,436
9244,-63
9245,1695
9246,703
9247,1230
9248,1311
9249,816
9250,674
9251,165
9252,-424
9253,719
9254,673
9255,712
9256,1012
9257,939
9258,1058
9259,958
9260,1238
9261,698
9262,837
9263,1533
9264,1447
9265,732
9266,-241
9267,387
9268,1511
9269,1974
9270,382
9271,1150
9272,913
9273,234
9274,-631
9275,960
9276,1237
9277,957
9278,1190
9279,351
9280,1178
9281,551
9282,318
9283,143
9284,1118
9285,-32
9286,458
9287,1435
9288,-244
9289,935
9290,599
9291,-755
9292,1616
9293,790
9294,42
9295,1779
9296,2052
9297,1228
9298,-465
9299,337
9300,-440
9301,867
9302,659
9303,1446
9304,-379
9305,1114
9306,87
9307,804
9308,-4
9309,2015
9310,1133
9311,1671
9312,1476
9313,712
9314,932
9315,837
9316,1319
9317,1385
9318,513
9319,-456
9320,1563
9321,1875
9322,663
9323,1628
9324,-236
9325,568
9326,1103
9327,305
9328,1375
9329,-623
9330,1085
9331,-325
9332,1957
9333,-474
9334,-208
9335,-158
9336,641
9337,804
9338,-505
9339,1326
9340,136
9341,-108
9342,1110
9343,-339
9344,-514
9345,547
9346,1678
9347,440
9348,273
9349,1238
9350,419
9351,1055
9352,1060
9353,342
9354,725
9355,873
9356,-217
9357,1042
9358,857
9359,196
9360,499
9361,578
9362,1289
9363,-77
9364,663
9365,1680
9366,529
9367,363
9368,64
9369,30
9370,-609
9371,422
9372,791
9373,-521
9374,-95
9375,857
9376,487
9377,689
9378,121
9379,853
9380,591
9381,1019
9382,783
9383,829
9384,-584
9385,68
9386,842
9387,-552
9388,1503
9389,1101
9390,610
9391,1237
9392,369
9393,1031
9394,72
9395,1461
9396,916
9397,1066
9398,-92
9399,397
9400,720
9401,1702
9402,517
9403,226
9404,1252
9405,802
9406,261
9407,241
9408,807
9409,1067
9410,1266
9411,1025
9412,730
9413,1105
9414,936
9415,479
9416,1251
9417,1847
9418,1316
9419,1333
9420,2033
9421,90
9422,546
9423,922
9424,200
9425,-179
9426,769
9427,986
9428,1241
9429,-79
9430,655
9431,2065
9432,1161
9433,-152
9434,649
9435,502
9436,1928
9437,1245
9438,0
9439,437
9440,1459
9441,247
9442,690
9443,564
9444,98
9445,1174
9446,543
9447,-63
9448,337
9449,434
9450,-154
9451,168
9452,1125
9453,1199
9454,936
9455,353
9456,1146
9457,521
9458,315
9459,761
9460,1712
9461,373
9462,1512
9463,2124
9464,721
9465,1188
9466,1815
9467,157
9468,1800
9469,292
9470,1024
9471,1171
9472,556
9473,290
9474,335
9475,1143
9476,-1267
9477,756
9478,587
9479,1110
9480,1215
9481,447
9482,1705
9483,876
9484,1335
9485,1022
9486,-217
9487,837
9488,910
9489,228
9490,182
9491,1796
9492,1462
9493,1189
9494,1334
9495,702
9496,-84
9497,626
9498,1233
9499,939
9500,619
9501,-228
9502,1092
9503,1579
9504,1371
9505,1253
9506,1009
9507,1051
9508,530
9509,1354
9510,34
9511,1447
9512,491
9513,686
9514,1521
9515,1239
9516,62
9517,1269
9518,-570
9519,1015
9520,-718
9521,790
9522,1195
9523,568
9524,661
9525,1211
9526,312
9527,1098
9528,1150
9529,70
9530,960
9531,-264
9532,1223
9533,325
9534,1156
9535,1284
9536,1218
9537,594
9538,1292
9539,-671
9540,-604
9541,743
9542,896
9543,1354
9544,494
9545,597
9546,621
9547,671
9548,1659
9549,1725
9550,489
9551,1790
9552,1226
9553,1362
9554,678
9555,22
9556,1204
9557,-648
9558,761
9559,1363
9560,70
9561,1043
9562,1941
9563,1170
9564,602
9565,-418
9566,619
9567,980
9568,1533
9569,904
9570,760
9571,946
9572,141
9573,1117
9574,45
9575,1349
9576,685
9577,1302
9578,1794
9579,288
9580,932
9581,952
9582,-372
9583,243
9584,1992
9585,390
9586,551
9587,266
9588,-198
9589,-85
9590,-401
9591,1377
9592,1220
9593,1040
9594,-445
9595,782
9596,325
9597,161
9598,1131
9599,-239
9600,-420
9601,811
9602,752
9603,667
9604,1188
9605,768
9606,988
9607,1334
9608,1971
9609,659
9610,159
9611,1105
9612,881
9613,962
9614,411
9615,269
9616,1761
9617,760
9618,345
9619,1491
9620,1355
9621,591
9622,771
9623,380
9624,-1226
9625,310
9626,1576
9627,959
9628,1031
9629,319
9630,596
9631,978
9632,1134
9633,1157
9634,620
9635,685
9636,1301
9637,798
9638,1682
9639,-206
9640,-418
9641,698
9642,605
9643,307
9644,520
9645,2094
9646,699
9647,705
9648,27
9649,573
9650,599
9651,1005
9652,-744
9653,-260
9654,39
9655,-945
9656,-261
9657,43
9658,1676
9659,955
9660,1461
9661,550
9662,1823
9663,555
9664,97
9665,813
9666,1152
9667,880
9668,1462
9669,-686
9670,-329
9671,1161
9672,-268
9673,210
9674,373
9675,-1198
9676,820
9677,-284
9678,566
9679,-208
9680,390
9681,493
9682,446
9683,563
9684,1318
9685,933
9686,675
9687,16
9688,-215
9689,-319
9690,1017
9691,1406
9692,642
9693,937
9694,485
9695,-184
9696,1056
9697,1697
9698,1428
9699,498
9700,1265
9701,957
9702,344
9703,617
9704,761
9705,-287
9706,1463
9707,956
9708,-634
9709,1207
9710,467
9711,1539
9712,1161
9713,829
9714,24
9715,505
9716,1500
9717,582
9718,55
9719,669
9720,408
9721,717
9722,-339
9723,602
9724,1560
9725,-258
9726,1280
9727,743
9728,1058
9729,1032
9730,1215
9731,1009
9732,1056
9733,1416
9734,1371
9735,643
9736,136
9737,1416
9738,912
9739,576
9740,546
9741,378
9742,-326
9743,445
9744,981
9745,-85
9746,-52
9747,1556
9748,723
9749,1405
9750,1421
9751,555
9752,864
9753,1390
9754,357
9755,220
9756,775
9757,-205
9758,271
9759,-252
9760,300
9761,1306
9762,1116
9763,1143
9764,590
9765,-427
9766,1038
9767,1620
9768,1345
9769,-446
9770,1637
9771,302
9772,-542
9773,1347
9774,-314
9775,-124
9776,2088
9777,-211
9778,637
9779,1475
9780,356
9781,820
9782,289
9783,-469
9784,998
9785,1350
9786,1223
9787,983
9788,317
9789,-493
9790,1415
9791,1472
9792,229
9793,580
9794,1309
9795,1434
9796,404
9797,548
9798,394
9799,1014
9800,-425
9801,1871
9802,1241
9803,-184
9804,88
9805,1209
9806,1249
9807,611
9808,1377
9809,682
9810,1295
9811,1005
9812,-121
9813,1393
9814,507
9815,889
9816,700
9817,1569
9818,1178
9819,568
9820,1524
9821,1645
9822,1133
9823,857
9824,1340
9825,344
9826,1479
9827,1202
9828,967
9829,447
9830,-504
9831,1340
9832,429
9833,331
9834,736
9835,1118
9836,1619
9837,606
9838,65
9839,-290
9840,1349
9841,550
9842,483
9843,886
9844,-672
9845,318
9846,286
9847,632
9848,1318
9849,656
9850,240
9851,431
9852,1356
9853,1492
9854,2
9855,1302
9856,622
9857,764
9858,397
9859,1027
9860,717
9861,1438
9862,906
9863,521
9864,1205
9865,404
9866,428
9867,-390
9868,1001
9869,1695
9870,997
9871,960
9872,1242
9873,1361
9874,457
9875,937
9876,526
9877,-175
9878,1458
9879,903
9880,518
9881,1459
9882,66
9883,762
9884,1669
9885,953
9886,1221
9887,930
9888,1733
9889,691
9890,-67
9891,379
9892,1258
9893,895
9894,804
9895,1184
9896,1390
9897,1556
9898,1212
9899,1385
9900,354
9901,-633
9902,1368
9903,1753
9904,282
9905,-1000
9906,-45
9907,1004
9908,455
9909,1426
9910,972
9911,1529
9912,1456
9913,1635
9914,398
9915,-36
9916,1161
9917,879
9918,629
9919,-183
9920,642
9921,919
9922,507
9923,198
9924,1343
9925,1245
9926,-988
9927,1387
9928,96
9929,1454
9930,538
9931,1157
9932,1315
9933,-219
9934,1255
9935,144
9936,1212
9937,78
9938,566
9939,1137
9940,1452
9941,-418
9942,1417
9943,174
9944,1201
9945,128
9946,693
9947,467
9948,1034
9949,629
9950,692
9951,417
9952,363
9953,576
9954,1368
9955,1177
9956,313
9957,898
9958,688
9959,405
9960,377
9961,255
9962,213
9963,1376
9964,1458
9965,-446
9966,669
9967,744
9968,1759
9969,688
9970,1270
9971,961
9972,631
9973,899
9974,658
9975,1696
9976,-113
9977,35
9978,710
9979,-1217
9980,977
9981,189
9982,1075
9983,301
9984,846
9985,1134
9986,1390
9987,618
9988,585
9989,501
9990,1555
9991,347
9992,1889
9993,47
9994,838
9995,-423
9996,824
9997,559
9998,965
9999,443
10000,699
10001,-226
10002,148
10003,1417
10004,912
10005,889
10006,170
10007,1022
10008,176
10009,972
10010,1012
10011,826
10012,741
10013,1136
10014,1552
10015,571
10016,190
10017,802
10018,133
10019,166
10020,749
10021,397
10022,1238
10023,354
10024,211
10025,1403
10026,1031
10027,1770
10028,1109
10029,1019
10030,1174
10031,257
10032,553
10033,-394
10034,1337
10035,1297
10036,-37
10037,625
10038,894
10039,-70
10040,160
10041,2043
10042,1096
10043,474
10044,937
10045,725
10046,1188
10047,770
10048,524
10049,569
10050,740
10051,423
10052,-644
10053,685
10054,-371
10055,1512
10056,92
10057,826
10058,634
10059,1652
10060,827
10061,1452
10062,1539
10063,243
10064,1172
10065,298
10066,1401
10067,-370
10068,721
10069,1093
10070,267
10071,661
10072,445
10073,-579
10074,119
10075,1058
10076,956
10077,1664
10078,889
10079,-264
10080,633
10081,645
10082,14
10083,640
10084,1316
10085,814
10086,1925
10087,485
10088,1716
10089,389
10090,-56
10091,-505
10092,-576
10093,884
10094,29
10095,1915
10096,1161
10097,-912
10098,1491
10099,-56
10100,1734
10101,782
10102,937
10103,4
10104,388
10105,1013
10106,1482
10107,749
10108,728
10109,1025
10110,1214
10111,225
10112,753
10113,696
10114,873
10115,613
10116,587
10117,1185
10118,1177
10119,273
10120,-630
10121,889
10122,2002
10123,519
10124,507
10125,827
10126,1065
10127,486
10128,173
10129,1805
10130,1410
10131,1626
10132,726
10133,1159
10134,799
10135,-89
10136,580
10137,466
10138,267
10139,798
10140,692
10141,1133
10142,244
10143,1212
10144,758
10145,1245
10146,-392
10147,513
10148,1164
10149,1239
10150,1093
10151,556
10152,-1480
10153,1343
10154,1012
10155,676
10156,1269
10157,-1163
10158,-146
10159,-286
10160,1637
10161,30
10162,928
10163,696
10164,-1430
10165,1119
10166,855
10167,1466
10168,438
10169,194
10170,1204
10171,766
10172,791
10173,962
10174,924
10175,-370
10176,-33
10177,182
10178,943
10179,1269
10180,-159
10181,811
10182,-1087
10183,-86
10184,1354
10185,1279
10186,1234
10187,276
10188,530
10189,198
10190,875
10191,749
10192,1417
10193,1909
10194,16
10195,681
10196,1079
10197,1215
10198,608
10199,1441
10200,1101
10201,1431
10202,296
10203,434
10204,1358
10205,1882
10206,509
10207,-141
10208,-1090
10209,157
10210,486
10211,975
10212,568
10213,620
10214,-1248
10215,1114
10216,570
10217,1036
10218,648
10219,1643
10220,1192
10221,243
10222,1514
10223,1674
10224,278
10225,604
10226,1560
10227,1161
10228,1426
10229,1749
10230,893
10231,104
10232,455
10233,964
10234,82
10235,1654
10236,-131
10237,638
10238,1079
10239,419
10240,1283
10241,914
10242,1046
10243,1280
10244,892
10245,991
10246,528
10247,131
10248,868
10249,64
10250,1209
10251,1398
10252,1403
10253,-539
10254,1321
10255,-69
10256,966
10257,1061
10258,1000
10259,1522
10260,-993
10261,572
10262,-426
10263,197
10264,571
10265,562
10266,-104
10267,447
10268,1423
10269,1267
10270,322
10271,1314
10272,1448
10273,-343
10274,525
10275,946
10276,781
10277,194
10278,1235
10279,712
10280,-937
10281,-480
10282,1842
10283,1028
10284,109
10285,439
10286,1295
10287,828
10288,1350
10289,1093
10290,-523
10291,487
10292,-288
10293,737
10294,882
10295,1222
10296,720
10297,619
10298,1429
10299,883
10300,1735
10301,146
10302,497
10303,1204
10304,1249
10305,99
10306,877
10307,1805
10308,582
10309,89
10310,997
10311,1175
10312,81
10313,372
10314,656
10315,-1305
10316,546
10317,1226
10318,-51
10319,-189
10320,99
10321,436
10322,1011
10323,602
10324,741
10325,465
10326,-626
10327,1031
10328,-250
10329,1007
10330,1610
10331,1772
10332,864
10333,881
10334,1096
10335,716
10336,1306
10337,1817
10338,331
10339,776
10340,1149
10341,1851
10342,-630
10343,556
10344,217
10345,659
10346,1151
10347,363
10348,-597
10349,-13
10350,1182
10351,964
10352,718
10353,249
10354,714
10355,-16
10356,390
10357,266
10358,1216
10359,1532
10360,913
10361,252
10362,542
10363,1293
10364,670
10365,-920
10366,-120
10367,878
10368,695
10369,587
10370,1326
10371,244
10372,23
10373,-354
10374,1696
10375,-518
10376,414
10377,820
10378,1345
10379,990
10380,1017
10381,589
10382,187
10383,797
10384,967
10385,866
10386,-79
10387,36
10388,-195
10389,-251
10390,-196
10391,1519
10392,1629
10393,656
10394,1286
10395,484
10396,654
10397,-886
10398,796
10399,595
10400,1443
10401,42
10402,1621
10403,221
10404,1038
10405,480
10406,1540
10407,1624
10408,999
10409,-211
10410,712
10411,320
10412,1345
10413,1033
10414,1423
10415,274
10416,1151
10417,675
10418,1406
10419,1072
10420,165
10421,-156
10422,919
10423,-57
10424,787
10425,1033
10426,1501
10427,392
10428,757
10429,1572
10430,429
10431,88
10432,567
10433,-338
10434,45
10435,994
10436,527
10437,1320
10438,74
10439,1057
10440,578
10441,1513
10442,1049
10443,971
10444,1012
10445,810
10446,1031
10447,238
10448,601
10449,751
10450,66
10451,1426
10452,-75
10453,735
10454,750
10455,1377
10456,632
10457,-394
10458,253
10459,1058
10460,858
10461,-620
10462,-82
10463,1580
10464,1220
10465,1056
10466,1132
10467,-429
10468,988
10469,1312
10470,717
10471,929
10472,-749
10473,1327
10474,1221
10475,1203
10476,1121
10477,1298
10478,279
10479,599
10480,1157
10481,756
10482,861
10483,1232
10484,283
10485,1040
10486,1084
10487,1050
10488,-881
10489,1060
10490,448
10491,1436
10492,1420
10493,607
10494,744
10495,842
10496,189
10497,737
10498,1606
10499,1456
10500,919
10501,-274
10502,602
10503,380
10504,1124
10505,350
10506,1853
10507,954
10508,420
10509,1256
10510,424
10511,1320
10512,1553
10513,1050
10514,-529
10515,1512
10516,1187
10517,143
10518,479
10519,227
10520,966
10521,1597
10522,204
10523,747
10524,453
10525,933
10526,788
10527,-146
10528,-688
10529,1019
10530,491
10531,247
10532,436
10533,660
10534,1609
10535,-374
10536,905
10537,1616
10538,1278
10539,1281
10540,525
10541,503
10542,1339
10543,764
10544,636
10545,1196
10546,1566
10547,1989
10548,296
10549,597
10550,957
10551,-518
10552,1125
10553,488
10554,-119
10555,860
10556,1583
10557,126
10558,843
10559,1366
10560,138
10561,1080
10562,562
10563,1303
10564,1572
10565,687
10566,-130
10567,191
10568,589
10569,1370
10570,1711
10571,76
10572,1209
10573,1331
10574,489
10575,-795
10576,240
10577,1193
10578,1251
10579,1121
10580,1034
10581,310
10582,202
10583,470
10584,750
10585,1060
10586,1588
10587,812
10588,1527
10589,877
10590,1134
10591,440
10592,986
10593,425
10594,-725
10595,396
10596,-802
10597,360
10598,1476
10599,-203
10600,822
10601,774
10602,704
10603,2391
10604,1485
10605,1240
10606,1537
10607,970
10608,919
10609,215
10610,573
10611,692
10612,482
10613,716
10614,63
10615,669
10616,14
10617,713
10618,934
10619,1086
10620,954
10621,-1291
10622,1037
10623,592
10624,968
10625,657
10626,578
10627,1364
10628,457
10629,45
10630,1070
10631,1249
10632,700
10633,216
10634,362
10635,118
10636,619
10637,1422
10638,466
10639,355
10640,1611
10641,1836
10642,-713
10643,-203
10644,1290
10645,160
10646,483
10647,1375
10648,1880
10649,-885
10650,536
10651,1451
10652,866
10653,1176
10654,1340
10655,-187
10656,244
10657,1099
10658,530
10659,557
10660,1726
10661,162
10662,-460
10663,1246
10664,577
10665,1209
10666,1067
10667,1381
10668,899
10669,1129
10670,1243
10671,11
10672,925
10673,-667
10674,744
10675,114
10676,283
10677,843
10678,911
10679,825
10680,558
10681,1150
10682,314
10683,1856
10684,1533
10685,675
10686,1214
10687,-9
10688,530
10689,1804
10690,1481
10691,115
10692,-276
10693,-636
10694,520
10695,786
10696,1614
10697,1371
10698,1132
10699,-777
10700,811
10701,1210
10702,252
10703,755
10704,555
10705,167
10706,646
10707,778
10708,216
10709,897
10710,1483
10711,1856
10712,66
10713,279
10714,324
10715,164
10716,220
10717,893
10718,1562
10719,363
10720,665
10721,1489
10722,715
10723,304
10724,70
10725,920
10726,1707
10727,890
10728,569
10729,126
10730,1627
10731,715
10732,60
10733,865
10734,534
10735,-137
10736,844
10737,-378
10738,-66
10739,810
10740,-20
10741,1284
10742,139
10743,1122
10744,1220
10745,1745
10746,521
10747,199
10748,126
10749,1522
10750,1132
10751,415
10752,299
10753,-129
10754,886
10755,1027
10756,-135
10757,499
10758,1092
10759,380
10760,1601
10761,371
10762,1566
10763,956
10764,642
10765,659
10766,679
10767,-573
10768,230
10769,956
10770,1067
10771,1210
10772,1453
10773,709
10774,806
10775,957
10776,1315
10777,-171
10778,515
10779,610
10780,-382
10781,-172
10782,1189
10783,-390
10784,955
10785,929
10786,800
10787,735
10788,1603
10789,-571
10790,876
10791,579
10792,80
10793,1201
10794,276
10795,119
10796,86
10797,236
10798,549
10799,303
10800,-63
10801,868
10802,249
10803,999
10804,1060
10805,1032
10806,1851
10807,840
10808,884
10809,1581
10810,-63
10811,1858
10812,1143
10813,1408
10814,-362
10815,2240
10816,492
10817,1933
10818,595
10819,2038
10820,-61
10821,933
10822,25
10823,1265
10824,1284
10825,402
10826,-565
10827,831
10828,741
10829,1089
10830,-902
10831,1750
10832,293
10833,608
10834,-578
10835,514
10836,982
10837,225
10838,1442
10839,1606
10840,168
10841,537
10842,909
10843,-511
10844,936
10845,937
10846,1338
10847,1106
10848,-158
10849,143
10850,563
10851,362
10852,-70
10853,614
10854,320
10855,245
10856,-363
10857,1143
10858,1551
10859,1364
10860,1200
10861,1538
10862,418
10863,893
10864,541
10865,651
10866,978
10867,690
10868,1196
10869,997
10870,396
10871,-697
10872,-112
10873,869
10874,103
10875,-10
10876,1271
10877,448
10878,558
10879,590
10880,1256
10881,316
10882,1155
10883,947
10884,1182
10885,232
10886,1218
10887,1186
10888,1485
10889,1759
10890,1055
10891,1962
10892,1254
10893,1075
10894,296
10895,566
10896,1435
10897,-65
10898,251
10899,404
10900,1491
10901,1690
10902,-320
10903,646
10904,-193
10905,640
10906,981
10907,-114
10908,1240
10909,-30
10910,522
10911,-169
10912,371
10913,700
10914,394
10915,888
10916,1222
10917,909
10918,-168
10919,928
10920,728
10921,1060
10922,131
10923,1431
10924,1631
10925,776
10926,1050
10927,797
10928,1974
10929,742
10930,771
10931,-169
10932,1034
10933,797
10934,-72
10935,97
10936,1108
10937,1401
10938,31
10939,391
10940,1020
10941,254
10942,-706
10943,1391
10944,1338
10945,1343
10946,105
10947,998
10948,144
10949,2049
10950,761
10951,-125
10952,98
10953,1498
10954,680
10955,415
10956,90
10957,422
10958,50
10959,677
10960,662
10961,625
10962,357
10963,1480
10964,1678
10965,263
10966,1709
10967,104
10968,1226
10969,564
10970,932
10971,386
10972,1068
10973,1337
10974,969
10975,1308
10976,363
10977,370
10978,965
10979,867
10980,1
10981,1041
10982,-407
10983,63
10984,412
10985,1020
10986,1218
10987,432
10988,78
10989,1221
10990,246
10991,838
10992,595
10993,1471
10994,1332
10995,-305
10996,813
10997,946
10998,1488
10999,1809
11000,1086
11001,798
11002,1259
11003,69
11004,906
11005,467
11006,-25
11007,286
11008,977
11009,1710
11010,826
11011,686
11012,356
11013,354
11014,1180
11015,1525
11016,1231
11017,1687
11018,109
11019,766
11020,1367
11021,1246
11022,1315
11023,719
11024,1181
11025,63
11026,656
11027,-531
11028,962
11029,-430
11030,418
11031,1361
11032,347
11033,395
11034,1364
11035,1804
11036,1300
11037,643
11038,1587
11039,1271
11040,1870
11041,338
11042,-388
11043,463
11044,1043
11045,482
11046,1298
11047,1600
11048,819
11049,767
11050,-169
11051,307
11052,425
11053,205
11054,-56
11055,182
11056,1128
11057,723
11058,1112
11059,1410
11060,467
11061,873
11062,775
11063,-370
11064,-209
11065,-313
11066,682
11067,292
11068,833
11069,608
11070,1436
11071,1103
11072,990
11073,-416
11074,1782
11075,484
11076,29
11077,950
11078,-157
11079,1033
11080,1617
11081,842
11082,889
11083,-59
11084,1711
11085,692
11086,643
11087,71
11088,814
11089,102
11090,877
11091,1192
11092,1512
11093,505
11094,847
11095,312
11096,-491
11097,786
11098,1850
11099,884
11100,856
11101,265
11102,1074
11103,494
11104,87
11105,14
11106,958
11107,1290
11108,-12
11109,556
11110,-528
11111,1363
11112,1225
11113,443
11114,1940
11115,1125
11116,1727
11117,1168
11118,157
11119,755
11120,289
11121,1089
11122,879
11123,1112
11124,628
11125,-717
11126,721
11127,1706
11128,1551
11129,250
11130,960
11131,1596
11132,227
11133,562
11134,-981
11135,1612
11136,1122
11137,367
11138,751
11139,425
11140,340
11141,1952
11142,61
11143,490
11144,-45
11145,1452
11146,1940
11147,1155
11148,1131
11149,284
11150,149
11151,394
11152,393
11153,-225
11154,1163
11155,1220
11156,1152
11157,721
11158,1630
11159,815
11160,202
11161,915
11162,-30
11163,673
11164,1329
11165,1035
11166,132
11167,1250
11168,1362
11169,513
11170,-113
11171,1188
11172,1703
11173,616
11174,789
11175,1018
11176,1057
11177,986
11178,198
11179,-137
11180,2095
11181,201
11182,161
11183,1952
11184,-787
11185,911
11186,85
11187,-238
11188,657
11189,857
11190,199
11191,742
11192,509
11193,1386
11194,565
11195,800
11196,354
11197,1260
11198,780
11199,1158
11200,-165
11201,1278
11202,100
11203,1025
11204,1156
11205,694
11206,331
11207,694
11208,1131
11209,695
11210,200
11211,1771
11212,556
11213,199
11214,1341
11215,386
11216,1025
11217,715
11218,233
11219,-668
11220,389
11221,525
11222,688
11223,2154
11224,141
11225,136
11226,547
11227,711
11228,1937
11229,1122
11230,382
11231,1555
11232,683
11233,441
11234,1605
11235,692
11236,1188
11237,1040
11238,1570
11239,517
11240,998
11241,535
11242,1177
11243,543
11244,865
11245,1177
11246,470
11247,521
11248,416
11249,-230
11250,738
11251,477
11252,-386
11253,404
11254,920
11255,601
11256,494
11257,1029
11258,580
11259,1048
11260,71
11261,974
11262,1202
11263,510
11264,229
11265,979
11266,1439
11267,520
11268,475
11269,543
11270,1089
11271,-124
11272,960
11273,1121
11274,247
11275,2
11276,523
11277,484
11278,1252
11279,-164
11280,1350
11281,839
11282,1359
11283,1305
11284,713
11285,1086
11286,644
11287,1532
11288,624
11289,-275
11290,-118
11291,951
11292,904
11293,1442
11294,-635
11295,1693
11296,1008
11297,1635
11298,1120
11299,544
11300,661
11301,1152
11302,1157
11303,-626
11304,1323
11305,22
11306,1730
11307,1208
11308,923
11309,1326
11310,879
11311,257
11312,118
11313,537
11314,1132
11315,259
11316,1453
11317,628
11318,-179
11319,1103
11320,1102
11321,213
11322,290
11323,1829
11324,-147
11325,-410
11326,-257
11327,-169
11328,453
11329,770
11330,619
11331,1190
11332,490
11333,644
11334,937
11335,1447
11336,548
11337,876
11338,-358
11339,1367
11340,782
11341,-60
11342,348
11343,1316
11344,1265
11345,890
11346,984
11347,-253
11348,364
11349,1968
11350,1246
11351,1279
11352,825
11353,450
11354,1044
11355,1380
11356,241
11357,1167
11358,1488
11359,1547
11360,476
11361,-75
11362,632
11363,230
11364,-154
11365,1378
11366,918
11367,940
11368,-268
11369,483
11370,464
11371,1169
11372,296
11373,774
11374,945
11375,1494
11376,1023
11377,1300
11378,-62
11379,1161
11380,113
11381,1555
11382,2103
11383,1702
11384,-11
11385,918
11386,1450
11387,1430
11388,260
11389,338
11390,150
11391,1062
11392,1096
11393,1224
11394,722
11395,835
11396,1008
11397,-81
11398,1248
11399,27
11400,917
11401,552
11402,1133
11403,106
11404,647
11405,371
11406,223
11407,1527
11408,1169
11409,500
11410,938
11411,34
11412,847
11413,1632
11414,979
11415,949
11416,1203
11417,-85
11418,978
11419,1607
11420,341
11421,-96
11422,952
11423,520
11424,712
11425,1328
11426,639
11427,2109
11428,-617
11429,-34
11430,1175
11431,727
11432,261
11433,1164
11434,621
11435,1480
11436,-658
11437,379
11438,1096
11439,423
11440,20
11441,95
11442,1049
11443,505
11444,1000
11445,316
11446,1957
11447,627
11448,781
11449,-257
11450,1299
11451,296
11452,825
11453,368
11454,1316
11455,1545
11456,1233
11457,1158
11458,742
11459,805
11460,363
11461,1189
11462,-23
11463,1671
11464,406
11465,680
11466,444
11467,818
11468,1348
11469,-148
11470,104
11471,981
11472,-258
11473,657
11474,-888
11475,7
11476,1357
11477,352
11478,412
11479,983
11480,1799
11481,1122
11482,1175
11483,1424
11484,1337
11485,704
11486,906
11487,1101
11488,415
11489,400
11490,-196
11491,1398
11492,1253
11493,1172
11494,969
11495,1751
11496,445
11497,551
11498,622
11499,1484
11500,1092
11501,188
11502,1024
11503,1806
11504,267
11505,924
11506,231
11507,1247
11508,428
11509,1263
11510,530
11511,342
11512,1446
11513,487
11514,-259
11515,934
11516,681
11517,221
11518,590
11519,-461
11520,91
11521,996
11522,1052
11523,698
11524,753
11525,720
11526,1183
11527,1288
11528,1087
11529,-728
11530,812
11531,402
11532,743
11533,-752
11534,601
11535,-130
11536,1155
11537,-87
11538,-46
11539,682
11540,518
11541,-512
11542,793
11543,1626
11544,-554
11545,462
11546,123
11547,-712
11548,804
11549,-8
11550,938
11551,1672
11552,246
11553,803
11554,373
11555,-297
11556,1120
11557,880
11558,399
11559,877
11560,311
11561,494
11562,1473
11563,1682
11564,141
11565,828
11566,309
11567,1748
11568,1025
11569,272
11570,48
11571,866
11572,1226
11573,310
11574,1432
11575,1160
11576,813
11577,680
11578,625
11579,1031
11580,717
11581,1243
11582,1614
11583,1974
11584,666
11585,1339
11586,303
11587,50
11588,168
11589,1562
11590,1747
11591,185
11592,8
11593,184
11594,1655
11595,640
11596,-245
11597,326
11598,257
11599,1236
11600,128
11601,1242
11602,746
11603,1510
11604,928
11605,1023
11606,474
11607,729
11608,-845
11609,743
11610,2023
11611,1213
11612,340
11613,1221
11614,513
11615,1374
11616,1000
11617,1943
11618,-342
11619,-997
11620,-1109
11621,761
11622,470
11623,766
11624,756
11625,420
11626,865
11627,264
11628,1288
11629,1550
11630,652
11631,1512
11632,835
11633,-165
11634,745
11635,1259
11636,629
11637,-295
11638,470
11639,924
11640,-935
11641,1831
11642,622
11643,1062
11644,1662
11645,-866
11646,1190
11647,593
11648,702
11649,563
11650,762
11651,427
11652,1308
11653,-947
11654,1916
11655,543
11656,705
11657,994
11658,1401
11659,953
11660,1560
11661,226
11662,338
11663,898
11664,329
11665,960
11666,956
11667,821
11668,1259
11669,213
11670,18
11671,1561
11672,1655
11673,-19
11674,723
11675,1493
11676,1264
11677,770
11678,83
11679,706
11680,599
11681,326
11682,738
11683,502
11684,-460
11685,896
11686,1027
11687,-241
11688,913
11689,319
11690,428
11691,1228
11692,479
11693,918
11694,828
11695,1353
11696,85
11697,374
11698,197
11699,-510
11700,873
11701,1149
11702,1386
11703,997
11704,780
11705,605
11706,411
11707,1259
11708,-602
11709,524
11710,661
11711,1074
11712,822
11713,808
11714,98
11715,764
11716,690
11717,1238
11718,1609
11719,1245
11720,672
11721,1304
11722,896
11723,901
11724,1114
11725,-262
11726,851
11727,367
11728,867
11729,515
11730,1743
11731,-18
11732,426
11733,1848
11734,1432
11735,974
11736,-136
11737,766
11738,738
11739,110
11740,918
11741,1186
11742,-632
11743,-72
11744,357
11745,567
11746,198
11747,1158
11748,-199
11749,1110
11750,541
11751,862
11752,493
11753,846
11754,15
11755,-454
11756,54
11757,169
11758,625
11759,1844
11760,1753
11761,778
11762,1203
11763,693
11764,637
11765,519
11766,2138
11767,87
11768,416
11769,974
11770,1120
11771,415
11772,1202
11773,1093
11774,800
11775,187
11776,1562
11777,1107
11778,-1611
11779,1369
11780,2035
11781,1271
11782,1450
11783,459
11784,1043
11785,992
11786,1452
11787,1506
11788,-516
11789,-281
11790,1338
11791,934
11792,685
11793,1009
11794,905
11795,706
11796,557
11797,244
11798,631
11799,1222
11800,798
11801,910
11802,-127
11803,1208
11804,398
11805,375
11806,718
11807,228
11808,1220
11809,1660
11810,-26
11811,-508
11812,-675
11813,330
11814,1012
11815,1891
11816,212
11817,146
11818,794
11819,1000
11820,1246
11821,1043
11822,-399
11823,638
11824,334
11825,176
11826,1171
11827,818
11828,1380
11829,995
11830,2028
11831,21
11832,-659
11833,-87
11834,-434
11835,233
11836,1065
11837,536
11838,1430
11839,493
11840,884
11841,473
11842,431
11843,973
11844,-334
11845,963
11846,-1472
11847,1520
11848,-954
11849,825
11850,580
11851,614
11852,425
11853,-456
11854,888
11855,2180
11856,2168
11857,80
11858,608
11859,-772
11860,-2
11861,857
11862,1051
11863,1
11864,300
11865,684
11866,718
11867,677
11868,766
11869,1318
11870,1286
11871,154
11872,1256
11873,1559
11874,793
11875,897
11876,857
11877,-132
11878,1027
11879,1279
11880,972
11881,372
11882,-348
11883,309
11884,505
11885,320
11886,234
11887,349
11888,301
11889,1351
11890,1250
11891,-186
11892,637
11893,-91
11894,1105
11895,312
11896,-356
11897,657
11898,464
11899,1409
11900,1051
11901,-198
11902,-98
11903,1125
11904,227
11905,999
11906,767
11907,1330
11908,932
11909,1054
11910,384
11911,647
11912,1169
11913,290
11914,-269
11915,2011
11916,1003
11917,592
11918,352
11919,300
11920,227
11921,599
11922,1422
11923,711
11924,557
11925,-508
11926,559
11927,1139
11928,418
11929,1082
11930,-115
11931,1259
11932,483
11933,1398
11934,1667
11935,426
11936,628
11937,982
11938,716
11939,643
11940,1574
11941,1237
11942,617
11943,1103
11944,1912
11945,1113
11946,92
11947,180
11948,-193
11949,447
11950,-60
11951,357
11952,-15
11953,1201
11954,246
11955,954
11956,663
11957,573
11958,-23
11959,655
11960,570
11961,961
11962,362
11963,766
11964,1571
11965,373
11966,-375
11967,-537
11968,-804
11969,712
11970,646
11971,442
11972,604
11973,482
11974,284
11975,113
11976,153
11977,955
11978,1169
11979,1424
11980,876
11981,1255
11982,528
11983,265
11984,1210
11985,272
11986,1418
11987,1762
11988,741
11989,69
11990,1211
11991,252
11992,1892
11993,2012
11994,1916
11995,1624
11996,958
11997,1280
11998,965
11999,679
12000,-897
12001,1569
12002,1197
12003,676
12004,1442
12005,744
12006,156
12007,1348
12008,795
12009,1187
12010,606
12011,1073
12012,731
12013,736
12014,1488
12015,1237
12016,73
12017,683
12018,-349
12019,1396
12020,1013
12021,323
12022,737
12023,1052
12024,670
12025,645
12026,750
12027,180
12028,630
12029,1677
12030,-87
12031,147
12032,69
12033,-294
12034,58
12035,711
12036,481
12037,2083
12038,-32
12039,640
12040,650
12041,700
12042,183
12043,734
12044,-5
12045,79
12046,1158
12047,1693
12048,753
12049,47
12050,894
12051,-455
12052,86
12053,-1144
12054,110
12055,1427
12056,1193
12057,973
12058,6
12059,-419
12060,400
12061,347
12062,1908
12063,944
12064,224
12065,721
12066,994
12067,1088
12068,-372
12069,-275
12070,133
12071,314
12072,1251
12073,1433
12074,85
12075,-325
12076,195
12077,1909
12078,1175
12079,1516
12080,810
12081,-1241
12082,145
12083,1053
12084,-329
12085,-156
12086,382
12087,-290
12088,664
12089,519
12090,756
12091,972
12092,472
12093,884
12094,934
12095,1599
12096,1167
12097,167
12098,483
12099,-308
12100,352
12101,1659
12102,1645
12103,169
12104,687
12105,1162
12106,1130
12107,656
12108,607
12109,739
12110,-572
12111,202
12112,508
12113,737
12114,987
12115,-209
12116,1050
12117,1980
12118,-339
12119,610
12120,330
12121,1461
12122,437
12123,890
12124,811
12125,735
12126,-207
12127,149
12128,195
12129,765
12130,1175
12131,798
12132,163
12133,-546
12134,-232
12135,979
12136,858
12137,674
12138,1123
12139,-20
12140,-334
12141,54
12142,1424
12143,1432
12144,976
12145,274
12146,786
12147,1754
12148,482
12149,1290
12150,528
12151,1776
12152,203
12153,418
12154,1103
12155,-6
12156,-222
12157,-210
12158,1044
12159,-651
12160,-295
12161,227
12162,1016
12163,-421
12164,757
12165,1978
12166,767
12167,612
12168,73
12169,790
12170,779
12171,579
12172,1334
12173,-49
12174,-356
12175,1042
12176,494
12177,1574
12178,1660
12179,1464
12180,673
12181,1063
12182,-567
12183,639
12184,-269
12185,558
12186,-232
12187,1126
12188,1232
12189,-178
12190,-68
12191,1214
12192,624
12193,392
12194,1810
12195,1118
12196,188
12197,1170
12198,-239
12199,1217
12200,956
12201,1250
12202,-1796
12203,557
12204,916
12205,558
12206,1039
12207,538
12208,1082
12209,956
12210,-15
12211,-419
12212,1230
12213,1229
12214,181
12215,-437
12216,-742
12217,1799
12218,75
12219,-290
12220,1749
12221,1119
12222,406
12223,909
12224,1903
12225,1019
12226,1321
12227,655
12228,870
12229,934
12230,944
12231,1306
12232,757
12233,244
12234,1562
12235,1257
12236,521
12237,850
12238,760
12239,517
12240,-487
12241,1331
12242,1336
12243,239
12244,1800
12245,1554
12246,1054
12247,1726
12248,497
12249,1042
12250,775
12251,628
12252,1220
12253,-739
12254,1880
12255,435
12256,895
12257,355
12258,76
12259,951
12260,994
12261,145
12262,1438
12263,612
12264,2038
12265,1497
12266,5
12267,336
12268,857
12269,660
12270,1368
12271,42
12272,-325
12273,1643
12274,821
12275,-74
12276,803
12277,1295
12278,1712
12279,1179
12280,778
12281,884
12282,-514
12283,1211
12284,1448
12285,1200
12286,1311
12287,-126
12288,1104
12289,259
12290,547
12291,1460
12292,725
12293,615
12294,105
12295,-533
12296,1062
12297,1095
12298,877
12299,664
12300,1682
12301,1319
12302,751
12303,-859
12304,79
12305,-954
12306,388
12307,719
12308,-185
12309,-491
12310,598
12311,101
12312,722
12313,703
12314,1558
12315,412
12316,824
12317,-437
12318,591
12319,-70
12320,117
12321,1499
12322,1510
12323,-1009
12324,-670
12325,1319
12326,735
12327,881
12328,1015
12329,1203
12330,990
12331,665
12332,-254
12333,452
12334,1088
12335,486
12336,317
12337,-348
12338,454
12339,-18
12340,1247
12341,-289
12342,1688
12343,787
12344,1616
12345,627
12346,1354
12347,-133
12348,646
12349,1643
12350,-591
12351,407
12352,343
12353,894
12354,1024
12355,1024
12356,571
12357,207
12358,1321
12359,1058
12360,1092
12361,617
12362,1243
12363,450
12364,1392
12365,537
12366,793
12367,1428
12368,717
12369,-529
12370,-1110
12371,25
12372,1148
12373,139
12374,322
12375,1115
12376,976
12377,419
12378,-307
12379,1182
12380,-296
12381,92
12382,553
12383,992
12384,546
12385,711
12386,935
12387,1008
12388,-587
12389,-14
12390,946
12391,1023
12392,414
12393,1219
12394,416
12395,725
12396,1479
12397,220
12398,247
12399,499
12400,114
12401,-986
12402,-231
12403,865
12404,342
12405,-1439
12406,414
12407,-641
12408,1278
12409,1214
12410,902
12411,784
12412,1617
12413,60
12414,998
12415,779
12416,448
12417,754
12418,336
12419,95
12420,346
12421,348
12422,-233
12423,995
12424,408
12425,637
12426,-206
12427,1809
12428,848
12429,766
12430,132
12431,1161
12432,-563
12433,631
12434,151
12435,999
12436,1142
12437,476
12438,1169
12439,697
12440,221
12441,1487
12442,228
12443,561
12444,1166
12445,768
12446,1372
12447,880
12448,417
12449,706
12450,1027
12451,854
12452,608
12453,1131
12454,1434
12455,1937
12456,924
12457,208
12458,1205
12459,1137
12460,1698
12461,-413
12462,1793
12463,620
12464,189
12465,-501
12466,727
12467,1365
12468,1049
12469,1148
12470,934
12471,903
12472,126
12473,1010
12474,963
12475,791
12476,831
12477,53
12478,1199
12479,1211
12480,913
12481,1236
12482,-195
12483,-302
12484,1255
12485,-522
12486,202
12487,1358
12488,2542
12489,766
12490,-222
12491,-321
12492,705
12493,492
12494,443
12495,-118
12496,-58
12497,1828
12498,255
12499,1850
12500,691
12501,962
12502,523
12503,1344
12504,1202
12505,418
12506,-81
12507,560
12508,1288
12509,772
12510,205
12511,958
12512,-37
12513,1418
12514,906
12515,2175
12516,-181
12517,1786
12518,320
12519,1911
12520,1488
12521,1968
12522,1685
12523,455
12524,1708
12525,-164
12526,440
12527,621
12528,1706
12529,640
12530,1002
12531,-29
12532,832
12533,181
12534,977
12535,1227
12536,555
12537,691
12538,251
12539,702
12540,365
12541,797
12542,792
12543,1166
12544,1512
12545,1788
12546,497
12547,391
12548,118
12549,1133
12550,1874
12551,-125
12552,314
12553,756
12554,-44
12555,119
12556,607
12557,194
12558,1586
12559,357
12560,964
12561,244
12562,204
12563,-1175
12564,287
12565,1018
12566,1304
12567,1456
12568,772
12569,317
12570,1458
12571,1602
12572,-299
12573,777
12574,1432
12575,-815
12576,-175
12577,1082
12578,1795
12579,-1053
12580,726
12581,947
12582,1200
12583,669
12584,797
12585,817
12586,209
12587,682
12588,320
12589,926
12590,235
12591,138
12592,1176
12593,-829
12594,1020
12595,761
12596,1147
12597,791
12598,865
12599,1587
12600,1034
12601,1073
12602,1320
12603,418
12604,707
12605,735
12606,-381
12607,974
12608,674
12609,921
12610,925
12611,487
12612,670
12613,53
12614,626
12615,986
12616,1146
12617,559
12618,597
12619,2353
12620,282
12621,101
12622,-1120
12623,1281
12624,1544
12625,-872
12626,549
12627,768
12628,-8
12629,1223
12630,714
12631,1229
12632,2152
12633,282
12634,460
12635,887
12636,-427
12637,787
12638,301
12639,-199
12640,302
12641,666
12642,1164
12643,988
12644,1247
12645,783
12646,1059
12647,569
12648,534
12649,332
12650,1516
12651,-357
12652,-20
12653,-8
12654,113
12655,788
12656,363
12657,32
12658,-8
12659,858
12660,445
12661,634
12662,1885
12663,1975
12664,1869
12665,53
12666,1551
12667,829
12668,1125
12669,985
12670,874
12671,705
12672,854
12673,433
12674,675
12675,1690
12676,960
12677,169
12678,928
12679,86
12680,684
12681,922
12682,-489
12683,315
12684,-616
12685,1250
12686,983
12687,1077
12688,-545
12689,1129
12690,100
12691,319
12692,1642
12693,1221
12694,-13
12695,1063
12696,-252
12697,1035
12698,756
12699,1198
12700,992
12701,775
12702,984
12703,494
12704,828
12705,12
12706,353
12707,-1000
12708,1682
12709,-190
12710,1062
12711,404
12712,1404
12713,13
12714,884
12715,1263
12716,1591
12717,1111
12718,1108
12719,1463
12720,889
12721,445
12722,720
12723,605
12724,182
12725,1038
12726,864
12727,447
12728,1413
12729,-974
12730,1030
12731,541
12732,343
12733,1160
12734,1451
12735,-409
12736,1011
12737,-179
12738,233
12739,29
12740,650
12741,369
12742,-181
12743,2289
12744,716
12745,9
12746,1059
12747,963
12748,961
12749,2173
12750,2231
12751,1502
12752,1600
12753,999
12754,1034
12755,804
12756,1548
12757,866
12758,491
12759,902
12760,258
12761,524
12762,1443
12763,-96
12764,653
12765,330
12766,643
12767,1023
12768,203
12769,477
12770,1010
12771,1475
12772,1027
12773,473
12774,1357
12775,841
12776,472
12777,403
12778,567
12779,952
12780,2118
12781,1016
12782,1232
12783,1541
12784,704
12785,169
12786,-467
12787,1699
12788,326
12789,1125
12790,633
12791,1906
12792,22
12793,1995
12794,1288
12795,-794
12796,477
12797,460
12798,-720
12799,1329
12800,801
12801,252
12802,2035
12803,256
12804,298
12805,652
12806,854
12807,940
12808,932
12809,813
12810,-630
12811,202
12812,1344
12813,726
12814,1166
12815,556
12816,981
12817,460
12818,695
12819,281
12820,369
12821,776
12822,570
12823,945
12824,820
12825,1040
12826,1026
12827,-843
12828,812
12829,1092
12830,738
12831,723
12832,1788
12833,891
12834,891
12835,820
12836,1130
12837,831
12838,947
12839,1172
12840,789
12841,1429
12842,426
12843,790
12844,693
12845,110
12846,476
12847,1403
12848,311
12849,435
12850,360
12851,997
12852,89
12853,1039
12854,-405
12855,966
12856,1265
12857,1247
12858,827
12859,-320
12860,926
12861,41
12862,1359
12863,1282
12864,1757
12865,3
12866,945
12867,357
12868,411
12869,871
12870,214
12871,-1
12872,795
12873,1189
12874,1184
12875,891
12876,1704
12877,806
12878,1649
12879,238
12880,1191
12881,776
12882,1170
12883,1296
12884,946
12885,144
12886,855
12887,538
12888,-396
12889,1431
12890,767
12891,1623
12892,7
12893,745
12894,430
12895,897
12896,-59
12897,883
12898,199
12899,197
12900,167
12901,1337
12902,1359
12903,1242
12904,1391
12905,1213
12906,1071
12907,83
12908,1256
12909,622
12910,-241
12911,367
12912,1523
12913,623
12914,752
12915,60
12916,596
12917,-159
12918,1606
12919,1925
12920,446
12921,669
12922,214
12923,1872
12924,765
12925,496
12926,1236
12927,-688
12928,919
12929,262
12930,1411
12931,-395
12932,1890
12933,1122
12934,983
12935,1518
12936,1265
12937,509
12938,1036
12939,505
12940,666
12941,1090
12942,483
12943,282
12944,889
12945,-943
12946,831
12947,18
12948,853
12949,364
12950,1894
12951,533
12952,851
12953,1065
12954,1049
12955,731
12956,178
12957,486
12958,586
12959,12
12960,929
12961,1263
12962,490
12963,126
12964,-364
12965,1363
12966,620
12967,1297
12968,284
12969,662
12970,1125
12971,385
12972,-801
12973,477
12974,1766
12975,1309
12976,1160
12977,671
12978,1253
12979,846
12980,605
12981,1248
12982,357
12983,222
12984,1366
12985,966
12986,1250
12987,729
12988,848
12989,1084
12990,169
12991,461
12992,1216
12993,839
12994,-35
12995,927
12996,1063
12997,-1199
12998,716
12999,1541
13000,984
13001,696
13002,582
13003,482
13004,1346
13005,1292
13006,623
13007,358
13008,884
13009,590
13010,1280
13011,1429
13012,1582
13013,1314
13014,774
13015,715
13016,681
13017,873
13018,-225
13019,1039
13020,1025
13021,1080
13022,1219
13023,-206
13024,1209
13025,875
13026,445
13027,1862
13028,380
13029,1134
13030,1562
13031,659
13032,727
13033,837
13034,943
13035,1172
13036,261
13037,1832
13038,1080
13039,-520
13040,383
13041,539
13042,241
13043,-416
13044,1190
13045,1110
13046,-1193
13047,2018
13048,1257
13049,270
13050,409
13051,539
13052,153
13053,474
13054,974
13055,-821
13056,1059
13057,-749
13058,-37
13059,1152
13060,599
13061,-363
13062,427
13063,145
13064,238
13065,453
13066,1486
13067,469
13068,2045
13069,1365
13070,1074
13071,685
13072,1600
13073,713
13074,479
13075,592
13076,1229
13077,1379
13078,1339
13079,466
13080,866
13081,538
13082,662
13083,-164
13084,-1262
13085,346
13086,1587
13087,1004
13088,1224
13089,1397
13090,700
13091,397
13092,1459
13093,633
13094,439
13095,246
13096,-803
13097,-287
13098,-4
13099,427
13100,1541
13101,552
13102,-132
13103,1163
13104,1666
13105,1118
13106,450
13107,467
13108,435
13109,829
13110,-777
13111,190
13112,565
13113,1111
13114,600
13115,596
13116,-223
13117,296
13118,1073
13119,561
13120,8
13121,738
13122,1512
13123,728
13124,-441
13125,1175
13126,404
13127,708
13128,1130
13129,-337
13130,612
13131,492
13132,794
13133,859
13134,734
13135,1297
13136,638
13137,1094
13138,1339
13139,718
13140,127
13141,678
13142,90
13143,1541
13144,504
13145,1635
13146,435
13147,995
13148,-295
13149,812
13150,291
13151,523
13152,1218
13153,413
13154,490
13155,416
13156,-131
13157,822
13158,702
13159,206
13160,834
13161,473
13162,1533
13163,847
13164,1285
13165,-309
13166,-651
13167,736
13168,1397
13169,1265
13170,331
13171,1158
13172,1338
13173,13
13174,797
13175,15
13176,1098
13177,1290
13178,876
13179,511
13180,1323
13181,685
13182,764
13183,1644
13184,361
13185,441
13186,1652
13187,667
13188,1354
13189,-1244
13190,295
13191,1088
13192,1546
13193,129
13194,358
13195,837
13196,685
13197,1016
13198,1479
13199,320
13200,1382
13201,113
13202,1
13203,893
13204,59
13205,-457
13206,504
13207,924
13208,916
13209,178
13210,1464
13211,908
13212,1601
13213,491
13214,1032
13215,1283
13216,-1172
13217,1002
13218,1186
13219,454
13220,648
13221,570
13222,447
13223,906
13224,1211
13225,1651
13226,561
13227,-456
13228,-679
13229,963
13230,1188
13231,46
13232,453
13233,169
13234,861
13235,1139
13236,425
13237,909
13238,632
13239,1428
13240,1263
13241,104
13242,994
13243,303
13244,357
13245,329
13246,-352
13247,560
13248,-61
13249,821
13250,-320
13251,325
13252,80
13253,202
13254,2055
13255,980
13256,733
13257,1453
13258,824
13259,973
13260,58
13261,84
13262,687
13263,-428
13264,-73
13265,-153
13266,575
13267,119
13268,1171
13269,1035
13270,-1136
13271,-542
13272,1416
13273,728
13274,1251
13275,1955
13276,477
13277,279
13278,1307
13279,-957
13280,989
13281,-149
13282,1048
13283,1506
13284,1571
13285,766
13286,1453
13287,928
13288,81
13289,696
13290,585
13291,989
13292,1354
13293,1086
13294,-146
13295,26
13296,-772
13297,1233
13298,624
13299,529
13300,-487
13301,1059
13302,936
13303,1335
13304,1361
13305,1499
13306,1474
13307,1040
13308,1446
13309,1365
13310,597
13311,1287
13312,375
13313,-146
13314,647
13315,1355
13316,529
13317,1365
13318,570
13319,561
13320,1352
13321,-808
13322,964
13323,923
13324,1173
13325,364
13326,515
13327,-137
13328,715
13329,876
13330,164
13331,1338
13332,1015
13333,1301
13334,297
13335,834
13336,-29
13337,550
13338,857
13339,313
13340,815
13341,1036
13342,802
13343,259
13344,551
13345,1071
13346,1091
13347,1231
13348,1009
13349,456
13350,564
13351,1250
13352,1713
13353,889
13354,-153
13355,92
13356,695
13357,-407
13358,1229
13359,1491
13360,491
13361,-703
13362,361
13363,525
13364,868
13365,1440
13366,871
13367,-171
13368,-210
13369,1701
13370,1380
13371,1129
13372,1050
13373,569
13374,1280
13375,43
13376,581
13377,529
13378,1325
13379,677
13380,-273
13381,1825
13382,828
13383,35
13384,1665
13385,452
13386,663
13387,1180
13388,311
13389,-679
13390,1378
13391,793
13392,-637
13393,603
13394,746
13395,595
13396,166
13397,1705
13398,-59
13399,186
13400,77
13401,1136
13402,1056
13403,766
13404,1339
13405,-1099
13406,1332
13407,220
13408,494
13409,1364
13410,-30
13411,939
13412,1435
13413,117
13414,107
13415,-326
13416,64
13417,-703
13418,583
13419,437
13420,799
13421,466
13422,1128
13423,-136
13424,248
13425,1125
13426,1418
13427,-51
13428,1752
13429,77
13430,1776
13431,1336
13432,519
13433,804
13434,-247
13435,141
13436,953
13437,-636
13438,402
13439,-295
13440,1463
13441,455
13442,1450
13443,790
13444,1107
13445,211
13446,1149
13447,1926
13448,-283
13449,1204
13450,950
13451,314
13452,1689
13453,1168
13454,1025
13455,-884
13456,1455
13457,607
13458,886
13459,607
13460,540
13461,1405
13462,1697
13463,447
13464,1388
13465,656
13466,809
13467,213
13468,1316
13469,1618
13470,1211
13471,1495
13472,117
13473,-91
13474,895
13475,96
13476,1395
13477,577
13478,415
13479,1267
13480,1412
13481,692
13482,1291
13483,1499
13484,1258
13485,1278
13486,542
13487,-455
13488,758
13489,209
13490,297
13491,-252
13492,1572
13493,904
13494,658
13495,57
13496,512
13497,472
13498,1001
13499,846
13500,718
13501,1810
13502,145
13503,-366
13504,1051
13505,1886
13506,1485
13507,1341
13508,706
13509,171
13510,1197
13511,1219
13512,1265
13513,1497
13514,766
13515,-48
13516,753
13517,1446
13518,471
13519,1643
13520,1913
13521,355
13522,140
13523,828
13524,234
13525,-153
13526,457
13527,181
13528,399
13529,482
13530,-76
13531,1069
13532,823
13533,846
13534,1804
13535,1283
13536,-542
13537,429
13538,857
13539,437
13540,-293
13541,621
13542,941
13543,358
13544,379
13545,1392
13546,739
13547,1032
13548,682
13549,1322
13550,720
13551,2041
13552,259
13553,1072
13554,1108
13555,1716
13556,-392
13557,1203
13558,1024
13559,816
13560,428
13561,847
13562,1719
13563,453
13564,619
13565,646
13566,759
13567,-677
13568,424
13569,844
13570,1118
13571,1063
13572,-745
13573,1062
13574,623
13575,1174
13576,-316
13577,1392
13578,1167
13579,178
13580,-259
13581,966
13582,1813
13583,155
13584,-595
13585,1186
13586,679
13587,772
13588,1385
13589,1118
13590,1428
13591,536
13592,424
13593,-106
13594,-664
13595,660
13596,-522
13597,1269
13598,-193
13599,-155
13600,993
13601,1151
13602,-54
13603,-538
13604,543
13605,-184
13606,1566
13607,-178
13608,1548
13609,1512
13610,-229
13611,813
13612,606
13613,1094
13614,1174
13615,400
13616,1245
13617,636
13618,653
13619,1707
13620,141
13621,1291
13622,952
13623,-83
13624,-356
13625,115
13626,1104
13627,1490
13628,225
13629,-169
13630,978
13631,1836
13632,648
13633,659
13634,272
13635,1128
13636,990
13637,580
13638,58
13639,1271
13640,376
13641,884
13642,990
13643,490
13644,198
13645,358
13646,1001
13647,1052
13648,86
13649,553
13650,709
13651,611
13652,341
13653,501
13654,646
13655,845
13656,504
13657,984
13658,380
13659,580
13660,699
13661,963
13662,574
13663,1241
13664,816
13665,478
13666,813
13667,778
13668,458
13669,143
13670,230
13671,1185
13672,1617
13673,710
13674,-596
13675,871
13676,1368
13677,42
13678,1091
13679,246
13680,1437
13681,199
13682,420
13683,539
13684,1532
13685,372
13686,1636
13687,1052
13688,1271
13689,1344
13690,2229
13691,930
13692,553
13693,446
13694,540
13695,-274
13696,1129
13697,632
13698,343
13699,557
13700,-279
13701,1312
13702,666
13703,171
13704,1360
13705,1270
13706,256
13707,-149
13708,135
13709,1448
13710,1260
13711,976
13712,1084
13713,271
13714,463
13715,851
13716,-799
13717,593
13718,205
13719,1112
13720,1533
13721,884
13722,-376
13723,253
13724,627
13725,1329
13726,-1085
13727,1107
13728,1186
13729,1228
13730,947
13731,161
13732,1370
13733,483
13734,651
13735,517
13736,662
13737,198
13738,601
13739,1474
13740,201
13741,1101
13742,698
13743,1560
13744,460
13745,758
13746,734
13747,627
13748,-445
13749,795
13750,962
13751,1172
13752,1234
13753,954
13754,1141
13755,1276
13756,1547
13757,358
13758,199
13759,805
13760,1642
13761,1461
13762,171
13763,-142
13764,1064
13765,1142
13766,587
13767,1413
13768,1401
13769,963
13770,607
13771,1272
13772,1267
13773,1282
13774,510
13775,190
13776,552
13777,2093
13778,231
13779,1369
13780,590
13781,85
13782,-637
13783,1301
13784,964
13785,1385
13786,992
13787,536
13788,885
13789,456
13790,871
13791,587
13792,1164
13793,1887
13794,926
13795,1009
13796,454
13797,582
13798,882
13799,1130
13800,135
13801,-23
13802,785
13803,1108
13804,-36
13805,963
13806,1776
13807,1098
13808,1034
13809,777
13810,888
13811,454
13812,916
13813,1469
13814,1051
13815,1282
13816,1197
13817,623
13818,69
13819,1735
13820,423
13821,1369
13822,1165
13823,290
13824,791
13825,291
13826,399
13827,374
13828,-662
13829,1054
13830,1416
13831,815
13832,1247
13833,-585
13834,862
13835,1004
13836,1964
13837,1287
13838,1553
13839,723
13840,691
13841,1206
13842,229
13843,-332
13844,394
13845,790
13846,-307
13847,570
13848,-357
13849,770
13850,296
13851,-553
13852,466
13853,1225
13854,-223
13855,1004
13856,-18
13857,547
13858,-843
13859,769
13860,964
13861,992
13862,-654
13863,328
13864,970
13865,782
13866,745
13867,178
13868,1343
13869,1312
13870,576
13871,-165
13872,727
13873,-70
13874,1443
13875,305
13876,1568
13877,1464
13878,707
13879,1100
13880,-118
13881,1603
13882,2148
13883,614
13884,-175
13885,-146
13886,157
13887,585
13888,1062
13889,272
13890,-133
13891,1034
13892,-272
13893,-809
13894,1465
13895,-915
13896,1272
13897,670
13898,-151
13899,1167
13900,-383
13901,620
13902,668
13903,853
13904,-549
13905,-129
13906,1082
13907,177
13908,981
13909,576
13910,-264
13911,292
13912,65
13913,761
13914,1371
13915,326
13916,847
13917,294
13918,644
13919,1134
13920,1379
13921,1684
13922,970
13923,560
13924,1065
13925,935
13926,1683
13927,860
13928,426
13929,766
13930,-597
13931,225
13932,200
13933,-241
13934,979
13935,987
13936,956
13937,1584
13938,1128
13939,1216
13940,-33
13941,777
13942,1096
13943,44
13944,132
13945,1141
13946,-516
13947,1216
13948,840
13949,287
13950,345
13951,395
13952,757
13953,1000
13954,475
13955,1411
13956,-1290
13957,672
13958,563
13959,265
13960,557
13961,247
13962,403
13963,321
13964,1880
13965,948
13966,77
13967,1741
13968,756
13969,88
13970,1237
13971,571
13972,1389
13973,888
13974,65
13975,1548
13976,1115
13977,153
13978,493
13979,679
13980,692
13981,1704
13982,-372
13983,-1216
13984,925
13985,696
13986,50
13987,1578
13988,1354
13989,503
13990,881
13991,555
13992,943
13993,460
13994,767
13995,865
13996,833
13997,895
13998,824
13999,1105
14000,932
14001,891
14002,744
14003,346
14004,1755
14005,1041
14006,1077
14007,326
14008,1000
14009,1141
14010,1812
14011,458
14012,1626
14013,1099
14014,544
14015,411
14016,420
14017,508
14018,192
14019,1273
14020,1023
14021,1681
14022,1132
14023,1532
14024,1231
14025,1090
14026,368
14027,325
14028,244
14029,356
14030,-217
14031,655
14032,-527
14033,1601
14034,708
14035,300
14036,1380
14037,449
14038,-231
14039,1035
14040,1504
14041,1478
14042,1088
14043,432
14044,-443
14045,1532
14046,1114
14047,492
14048,966
14049,890
14050,405
14051,802
14052,-325
14053,1070
14054,463
14055,984
14056,461
14057,903
14058,-97
14059,445
14060,-249
14061,72
14062,633
14063,-543
14064,896
14065,-358
14066,1627
14067,140
14068,654
14069,715
14070,1155
14071,-272
14072,322
14073,124
14074,1538
14075,-240
14076,1366
14077,347
14078,1838
14079,638
14080,1164
14081,1101
14082,471
14083,1131
14084,1750
14085,908
14086,871
14087,-345
14088,1306
14089,-117
14090,291
14091,111
14092,1918
14093,1085
14094,580
14095,910
14096,-225
14097,-29
14098,404
14099,687
14100,780
14101,891
14102,1053
14103,814
14104,361
14105,-548
14106,1016
14107,1726
14108,1108
14109,-132
14110,588
14111,223
14112,-216
14113,854
14114,-292
14115,-404
14116,475
14117,731
14118,1212
14119,979
14120,395
14121,405
14122,435
14123,888
14124,1570
14125,1546
14126,400
14127,961
14128,552
14129,773
14130,649
14131,947
14132,12
14133,1274
14134,990
14135,1629
14136,868
14137,1163
14138,511
14139,1614
14140,125
14141,-3
14142,1353
14143,902
14144,403
14145,726
14146,1207
14147,1143
14148,1744
14149,1854
14150,-25
14151,1604
14152,870
14153,1307
14154,1197
14155,1924
14156,1176
14157,602
14158,901
14159,769
14160,691
14161,540
14162,-593
14163,721
14164,-721
14165,-514
14166,25
14167,1776
14168,2094
14169,368
14170,1335
14171,260
14172,1618
14173,43
14174,548
14175,1344
14176,-339
14177,1083
14178,446
14179,1013
14180,120
14181,-426
14182,1501
14183,-351
14184,937
14185,1635
14186,1110
14187,517
14188,342
14189,1237
14190,894
14191,870
14192,-776
14193,803
14194,1009
14195,369
14196,1213
14197,1441
14198,914
14199,278
14200,735
14201,81
14202,974
14203,1196
14204,463
14205,1350
14206,465
14207,1251
14208,346
14209,464
14210,-311
14211,234
14212,310
14213,715
14214,1145
14215,-240
14216,747
14217,793
14218,710
14219,1781
14220,-902
14221,-380
14222,54
14223,651
14224,1034
14225,651
14226,-597
14227,1445
14228,1567
14229,133
14230,944
14231,562
14232,226
14233,793
14234,721
14235,489
14236,864
14237,1645
14238,1019
14239,1233
14240,-158
14241,29
14242,1443
14243,1102
14244,-781
14245,619
14246,428
14247,1760
14248,1297
14249,293
14250,746
14251,1625
14252,1409
14253,1394
14254,1918
14255,-795
14256,1238
14257,631
14258,650
14259,-270
14260,-56
14261,-462
14262,1523
14263,1080
14264,846
14265,1291
14266,828
14267,1673
14268,1008
14269,639
14270,11
14271,-589
14272,575
14273,1366
14274,24
14275,1903
14276,-206
14277,581
14278,1217
14279,992
14280,1006
14281,283
14282,1026
14283,611
14284,1171
14285,915
14286,992
14287,402
14288,378
14289,1501
14290,1147
14291,1851
14292,1179
14293,825
14294,614
14295,935
14296,846
14297,638
14298,538
14299,170
14300,-607
14301,1178
14302,-302
14303,855
14304,812
14305,341
14306,19
14307,-197
14308,1094
14309,-255
14310,954
14311,196
14312,909
14313,481
14314,1480
14315,75
14316,-1530
14317,71
14318,532
14319,-666
14320,1326
14321,959
14322,470
14323,30
14324,1021
14325,-415
14326,694
14327,1502
14328,1144
14329,838
14330,881
14331,1087
14332,1124
14333,986
14334,888
14335,340
14336,1090
14337,1397
14338,908
14339,-147
14340,-3
14341,523
14342,1430
14343,-6
14344,302
14345,1231
14346,1110
14347,1760
14348,1040
14349,109
14350,437
14351,1666
14352,1209
14353,-413
14354,383
14355,625
14356,-125
14357,284
14358,1240
14359,386
14360,16
14361,-196
14362,1136
14363,9
14364,1586
14365,759
14366,-387
14367,261
14368,1268
14369,2002
14370,945
14371,1377
14372,1013
14373,797
14374,1253
14375,981
14376,384
14377,807
14378,90
14379,336
14380,1443
14381,175
14382,1396
14383,149
14384,1156
14385,-370
14386,1096
14387,115
14388,1117
14389,640
14390,465
14391,1498
14392,638
14393,-249
14394,-207
14395,1309
14396,-1044
14397,753
14398,650
14399,678
14400,650
14401,1853
14402,1185
14403,58
14404,928
14405,1345
14406,377
14407,956
14408,780
14409,847
14410,-197
14411,202
14412,533
14413,1594
14414,952
14415,1308
14416,462
14417,141
14418,1275
14419,-179
14420,853
14421,141
14422,96
14423,1633
14424,252
14425,472
14426,-817
14427,853
14428,1257
14429,1698
14430,1231
14431,1003
14432,927
14433,299
14434,551
14435,-360
14436,-169
14437,321
14438,1317
14439,2082
14440,990
14441,1367
14442,1497
14443,1405
14444,1146
14445,786
14446,1570
14447,914
14448,6
14449,1386
14450,951
14451,-272
14452,1353
14453,401
14454,691
14455,-122
14456,1789
14457,581
14458,537
14459,764
14460,63
14461,1305
14462,1705
14463,446
14464,404
14465,329
14466,-98
14467,312
14468,971
14469,962
14470,651
14471,-1702
14472,699
14473,1009
14474,1030
14475,324
14476,1263
14477,209
14478,845
14479,754
14480,1185
14481,887
14482,1177
14483,1220
14484,891
14485,271
14486,693
14487,1192
14488,820
14489,676
14490,407
14491,268
14492,-605
14493,-191
14494,700
14495,-720
14496,202
14497,1029
14498,210
14499,1592
14500,661
14501,645
14502,586
14503,777
14504,1543
14505,1298
14506,686
14507,187
14508,1476
14509,-193
14510,1538
14511,628
14512,-350
14513,920
14514,1463
14515,1006
14516,41
14517,1427
14518,872
14519,861
14520,1674
14521,1254
14522,1109
14523,779
14524,1986
14525,704
14526,1531
14527,452
14528,1226
14529,755
14530,635
14531,835
14532,1124
14533,1223
14534,430
14535,1356
14536,753
14537,1252
14538,968
14539,103
14540,707
14541,878
14542,-149
14543,-533
14544,1862
14545,-211
14546,-138
14547,245
14548,820
14549,471
14550,330
14551,580
14552,-115
14553,985
14554,914
14555,809
14556,167
14557,-623
14558,1385
14559,-173
14560,-227
14561,1055
14562,-64
14563,1177
14564,432
14565,1033
14566,681
14567,528
14568,1000
14569,1338
14570,1574
14571,914
14572,376
14573,545
14574,261
14575,1258
14576,787
14577,1581
14578,1248
14579,-626
14580,688
14581,1330
14582,745
14583,657
14584,385
14585,-896
14586,1295
14587,-175
14588,677
14589,1634
14590,813
14591,865
14592,335
14593,807
14594,789
14595,1761
14596,1306
14597,37
14598,920
14599,435
14600,1538
14601,133
14602,491
14603,406
14604,1203
14605,-348
14606,282
14607,1600
14608,-7
14609,482
14610,886
14611,1812
14612,141
14613,1198
14614,593
14615,-268
14616,-27
14617,374
14618,1107
14619,408
14620,169
14621,437
14622,-177
14623,947
14624,858
14625,1494
14626,1238
14627,1162
14628,822
14629,587
14630,486
14631,954
14632,623
14633,528
14634,-1011
14635,728
14636,894
14637,641
14638,823
14639,925
14640,195
14641,1035
14642,868
14643,-625
14644,1235
14645,-245
14646,-27
14647,422
14648,-271
14649,1946
14650,713
14651,1247
14652,1274
14653,1864
14654,346
14655,1180
14656,494
14657,-1
14658,165
14659,389
14660,476
14661,1172
14662,-176
14663,232
14664,593
14665,60
14666,258
14667,779
14668,1042
14669,397
14670,1819
14671,528
14672,464
14673,128
14674,-191
14675,1171
14676,1169
14677,-1104
14678,1277
14679,273
14680,1029
14681,359
14682,891
14683,765
14684,761
14685,870
14686,326
14687,911
14688,116
14689,530
14690,618
14691,855
14692,823
14693,1168
14694,-129
14695,1396
14696,-188
14697,813
14698,368
14699,439
14700,1099
14701,724
14702,102
14703,-309
14704,611
14705,985
14706,-654
14707,588
14708,866
14709,-366
14710,927
14711,741
14712,649
14713,-808
14714,1987
14715,948
14716,-220
14717,1020
14718,489
14719,-223
14720,236
14721,1422
14722,955
14723,1081
14724,2193
14725,2060
14726,1013
14727,1273
14728,51
14729,1565
14730,1392
14731,-293
14732,701
14733,748
14734,1274
14735,446
14736,-325
14737,1751
14738,657
14739,589
14740,1076
14741,-226
14742,1691
14743,13
14744,265
14745,584
14746,404
14747,224
14748,878
14749,687
14750,1292
14751,587
14752,990
14753,46
14754,-151
14755,1430
14756,-212
14757,66
14758,1176
14759,441
14760,150
14761,458
14762,1361
14763,675
14764,-1143
14765,1493
14766,1196
14767,1188
14768,938
14769,-58
14770,1174
14771,258
14772,924
14773,801
14774,824
14775,706
14776,818
14777,479
14778,-117
14779,909
14780,935
14781,-567
14782,1257
14783,1313
14784,251
14785,679
14786,102
14787,1241
14788,-196
14789,947
14790,835
14791,85
14792,1074
14793,1768
14794,-45
14795,1145
14796,1508
14797,1898
14798,1222
14799,785
14800,767
14801,-378
14802,658
14803,549
14804,250
14805,953
14806,1227
14807,706
14808,656
14809,968
14810,1112
14811,693
14812,480
14813,818
14814,1206
14815,1512
14816,331
14817,1016
14818,1721
14819,1468
14820,1247
14821,1094
14822,189
14823,493
14824,338
14825,1715
14826,94
14827,889
14828,1415
14829,1258
14830,1255
14831,375
14832,1670
14833,1619
14834,48
14835,1140
14836,714
14837,638
14838,983
14839,-88
14840,-637
14841,1057
14842,-1046
14843,431
14844,1030
14845,441
14846,-759
14847,914
14848,868
14849,941
14850,1421
14851,1595
14852,1806
14853,-40
14854,1218
14855,446
14856,1392
14857,-588
14858,860
14859,902
14860,645
14861,505
14862,955
14863,1236
14864,1671
14865,1059
14866,1409
14867,1355
14868,-48
14869,-134
14870,821
14871,1132
14872,1464
14873,2020
14874,980
14875,463
14876,138
14877,1559
14878,854
14879,1131
14880,639
14881,196
14882,102
14883,462
14884,-565
14885,499
14886,1290
14887,430
14888,1160
14889,664
14890,787
14891,522
14892,1068
14893,338
14894,37
14895,1406
14896,414
14897,32
14898,1526
14899,903
14900,-1207
14901,322
14902,1026
14903,-326
14904,1412
14905,1284
14906,1465
14907,29
14908,-64
14909,1078
14910,199
14911,261
14912,1029
14913,595
14914,177
14915,1206
14916,908
14917,273
14918,1283
14919,919
14920,1028
14921,945
14922,62
14923,249
14924,-234
14925,-620
14926,1198
14927,1056
14928,-146
14929,577
14930,265
14931,797
14932,400
14933,1168
14934,614
14935,745
14936,942
14937,182
14938,1589
14939,-377
14940,-580
14941,1392
14942,610
14943,1254
14944,879
14945,1814
14946,674
14947,1353
14948,860
14949,305
14950,1740
14951,945
14952,1395
14953,967
14954,1056
14955,927
14956,1378
14957,569
14958,1333
14959,1288
14960,1214
14961,1447
14962,87
14963,1380
14964,659
14965,779
14966,-193
14967,465
14968,-1
14969,1680
14970,767
14971,106
14972,829
14973,579
14974,1265
14975,927
14976,1023
14977,743
14978,679
14979,1210
14980,701
14981,-3
14982,1113
14983,255
14984,720
14985,-356
14986,1592
14987,1091
14988,752
14989,742
14990,1474
14991,8
14992,74
14993,132
14994,617
14995,532
14996,1989
14997,612
14998,1456
14999,-33
15000,320
15001,1120
15002,686
15003,164
15004,1819
15005,384
15006,1525
15007,1058
15008,-75
15009,1730
15010,1389
15011,892
15012,445
15013,953
15014,1070
15015,264
15016,454
15017,723
15018,669
15019,-246
15020,1673
15021,1791
15022,619
15023,761
15024,647
15025,615
15026,1681
15027,1056
15028,180
15029,1143
15030,1325
15031,722
15032,890
15033,655
15034,1347
15035,445
15036,1163
15037,-589
15038,1240
15039,610
15040,-303
15041,1430
15042,667
15043,345
15044,1141
15045,-377
15046,616
15047,604
15048,-1085
15049,-133
15050,-134
15051,684
15052,841
15053,1236
15054,1587
15055,344
15056,575
15057,730
15058,-1169
15059,1991
15060,159
15061,589
15062,835
15063,995
15064,417
15065,1038
15066,869
15067,158
15068,1252
15069,1017
15070,-62
15071,-315
15072,1686
15073,967
15074,1254
15075,478
15076,1321
15077,1660
15078,1055
15079,1603
15080,1506
15081,352
15082,469
15083,474
15084,1021
15085,980
15086,913
15087,258
15088,1405
15089,1359
15090,685
15091,751
15092,187
15093,378
15094,51
15095,1083
15096,1466
15097,175
15098,1177
15099,-367
15100,-439
15101,447
15102,-422
15103,609
15104,536
15105,1836
15106,1526
15107,177
15108,1701
15109,560
15110,1561
15111,863
15112,854
15113,1385
15114,392
15115,1028
15116,695
15117,1046
15118,1207
15119,831
15120,458
15121,1606
15122,884
15123,445
15124,1170
15125,-64
15126,-20
15127,1568
15128,1545
15129,-85
15130,785
15131,1009
15132,1176
15133,678
15134,-643
15135,685
15136,1179
15137,1090
15138,1700
15139,760
15140,92
15141,787
15142,299
15143,1081
15144,-417
15145,1207
15146,1851
15147,937
15148,-535
15149,1050
15150,1349
15151,1108
15152,1200
15153,1150
15154,423
15155,285
15156,355
15157,1450
15158,1385
15159,881
15160,938
15161,1059
15162,-230
15163,611
15164,760
15165,-290
15166,1695
15167,685
15168,1261
15169,216
15170,1275
15171,598
15172,1134
15173,828
15174,1248
15175,-128
15176,1168
15177,-1346
15178,479
15179,-832
15180,1110
15181,697
15182,440
15183,2209
15184,401
15185,680
15186,452
15187,1290
15188,1531
15189,-172
15190,163
15191,713
15192,699
15193,1194
15194,153
15195,363
15196,714
15197,1565
15198,786
15199,840
15200,-246
15201,1239
15202,187
15203,1222
15204,1285
15205,597
15206,-28
15207,1208
15208,-23
15209,827
15210,1635
15211,428
15212,1744
15213,1211
15214,392
15215,1647
15216,125
15217,1007
15218,-327
15219,824
15220,1082
15221,1303
15222,-168
15223,-473
15224,1296
15225,814
15226,1022
15227,99
15228,889
15229,1323
15230,671
15231,1610
15232,262
15233,794
15234,447
15235,950
15236,-182
15237,-715
15238,1611
15239,1085
15240,1079
15241,558
15242,1049
15243,612
15244,846
15245,397
15246,21
15247,989
15248,528
15249,774
15250,-458
15251,202
15252,755
15253,548
15254,119
15255,245
15256,397
15257,299
15258,161
15259,938
15260,1014
15261,1461
15262,1123
15263,597
15264,523
15265,-555
15266,1131
15267,456
15268,132
15269,1129
15270,1724
15271,239
15272,4
15273,251
15274,1262
15275,1958
15276,979
15277,420
15278,413
15279,-799
15280,1147
15281,473
15282,1577
15283,1418
15284,-781
15285,-157
15286,1261
15287,409
15288,499
15289,569
15290,290
15291,586
15292,1391
15293,-10
15294,514
15295,1851
15296,878
15297,893
15298,44
15299,1653
15300,2028
15301,549
15302,-237
15303,1505
15304,1852
15305,175
15306,-565
15307,-75
15308,358
15309,641
15310,862
15311,667
15312,485
15313,-146
15314,1106
15315,27
15316,890
15317,-48
15318,177
15319,810
15320,230
15321,634
15322,1116
15323,1376
15324,1869
15325,759
15326,-347
15327,1205
15328,-116
15329,892
15330,6
15331,382
15332,1558
15333,1231
15334,20
15335,282
15336,876
15337,689
15338,1260
15339,1305
15340,491
15341,187
15342,1562
15343,1422
15344,736
15345,577
15346,443
15347,1123
15348,1489
15349,-3
15350,974
15351,1549
15352,819
15353,676
15354,-204
15355,1518
15356,1564
15357,1743
15358,118
15359,543
15360,800
15361,226
15362,12
15363,283
15364,326
15365,-587
15366,1405
15367,1400
15368,-207
15369,354
15370,1161
15371,-15
15372,1214
15373,-766
15374,292
15375,270
15376,408
15377,643
15378,421
15379,1207
15380,159
15381,458
15382,400
15383,20
15384,938
15385,1706
15386,1407
15387,700
15388,932
15389,284
15390,553
15391,1065
15392,242
15393,1080
15394,1607
15395,-50
15396,1271
15397,318
15398,-339
15399,-79
15400,828
15401,293
15402,1232
15403,1163
15404,390
15405,383
15406,-272
15407,945
15408,-1043
15409,714
15410,187
15411,2139
15412,-82
15413,757
15414,-417
15415,541
15416,1022
15417,135
15418,1346
15419,847
15420,1129
15421,-829
15422,477
15423,1442
15424,334
15425,532
15426,1302
15427,1234
15428,417
15429,930
15430,110
15431,221
15432,109
15433,1269
15434,1518
15435,1208
15436,887
15437,-336
15438,918
15439,1189
15440,1239
15441,1326
15442,1485
15443,-411
15444,-553
15445,179
15446,-375
15447,429
15448,-746
15449,798
15450,1116
15451,1015
15452,-400
15453,943
15454,1489
15455,642
15456,146
15457,1295
15458,1006
15459,-158
15460,714
15461,978
15462,453
15463,1500
15464,778
15465,-175
15466,512
15467,1119
15468,-526
15469,1063
15470,720
15471,-141
15472,210
15473,678
15474,663
15475,297
15476,660
15477,-51
15478,-127
15479,528
15480,1626
15481,400
15482,1283
15483,1445
15484,1421
15485,157
15486,654
15487,-170
15488,1890
15489,193
15490,1177
15491,508
15492,-204
15493,1422
15494,-528
15495,752
15496,563
15497,807
15498,424
15499,654
15500,1833
15501,-10
15502,377
15503,565
15504,439
15505,-57
15506,858
15507,894
15508,-37
15509,1570
15510,511
15511,1059
15512,261
15513,549
15514,740
15515,879
15516,762
15517,1434
15518,207
15519,1482
15520,1097
15521,1809
15522,55
15523,560
15524,1250
15525,856
15526,577
15527,975
15528,-516
15529,375
15530,1270
15531,405
15532,154
15533,402
15534,1429
15535,733
15536,536
15537,809
15538,1027
15539,416
15540,1676
15541,1705
15542,107
15543,504
15544,-247
15545,1258
15546,1308
15547,767
15548,-98
15549,-665
15550,-925
15551,1049
15552,585
15553,588
15554,983
15555,437
15556,-145
15557,-699
15558,1005
15559,-32
15560,-285
15561,751
15562,377
15563,887
15564,1142
15565,-849
15566,704
15567,1044
15568,1107
15569,-507
15570,559
15571,631
15572,-60
15573,760
15574,1020
15575,250
15576,1431
15577,1966
15578,-70
15579,488
15580,1180
15581,477
15582,-105
15583,1936
15584,-230
15585,1391
15586,313
15587,388
15588,1165
15589,-467
15590,1109
15591,1226
15592,954
15593,174
15594,952
15595,445
15596,2002
15597,1643
15598,635
15599,1567
15600,403
15601,786
15602,588
15603,1445
15604,1145
15605,624
15606,462
15607,271
15608,-4
15609,1579
15610,1146
15611,-226
15612,903
15613,235
15614,774
15615,880
15616,1636
15617,1691
15618,-17
15619,1283
15620,-277
15621,654
15622,2048
15623,-371
15624,316
15625,1171
15626,867
15627,628
15628,943
15629,540
15630,439
15631,1310
15632,15
15633,729
15634,1215
15635,936
15636,1384
15637,1125
15638,1354
15639,1102
15640,-149
15641,1066
15642,1054
15643,916
15644,1399
15645,1004
15646,1606
15647,1647
15648,694
15649,1386
15650,1265
15651,-347
15652,1549
15653,1281
15654,1028
15655,66
15656,1066
15657,-299
15658,684
15659,785
15660,416
15661,285
15662,1271
15663,701
15664,17
15665,706
15666,1161
15667,1031
15668,249
15669,637
15670,898
15671,181
15672,744
15673,597
15674,1164
15675,82
15676,1082
15677,1771
15678,144
15679,732
15680,191
15681,980
15682,-521
15683,116
15684,947
15685,-540
15686,1499
15687,1252
15688,-157
15689,890
15690,652
15691,-986
15692,846
15693,635
15694,50
15695,1327
15696,1046
15697,949
15698,101
15699,-55
15700,1179
15701,-643
15702,873
15703,371
15704,482
15705,594
15706,346
15707,832
15708,386
15709,1180
15710,-247
15711,-221
15712,896
15713,540
15714,1317
15715,325
15716,435
15717,993
15718,1441
15719,1478
15720,367
15721,75
15722,-322
15723,984
15724,520
15725,438
15726,944
15727,1561
15728,154
15729,813
15730,1103
15731,270
15732,1094
15733,695
15734,-618
15735,1155
15736,507
15737,535
15738,769
15739,523
15740,1172
15741,815
15742,525
15743,206
15744,655
15745,1335
15746,173
15747,1055
15748,1802
15749,303
15750,1109
15751,716
15752,1592
15753,1374
15754,675
15755,985
15756,1315
15757,865
15758,472
15759,1120
15760,1569
15761,900
15762,934
15763,976
15764,-346
15765,635
15766,1204
15767,1288
15768,-463
15769,172
15770,725
15771,947
15772,713
15773,256
15774,1494
15775,1508
15776,1564
15777,742
15778,555
15779,449
15780,271
15781,219
15782,831
15783,146
15784,493
15785,411
15786,1146
15787,1253
15788,490
15789,896
15790,1250
15791,415
15792,617
15793,971
15794,202
15795,-365
15796,749
15797,503
15798,771
15799,679
15800,683
15801,56
15802,589
15803,742
15804,263
15805,499
15806,1360
15807,909
15808,762
15809,481
15810,184
15811,336
15812,592
15813,716
15814,-478
15815,121
15816,-683
15817,1000
15818,303
15819,-53
15820,640
15821,1411
15822,822
15823,-2
15824,1551
15825,1007
15826,1393
15827,251
15828,719
15829,965
15830,873
15831,704
15832,880
15833,75
15834,1677
15835,256
15836,1016
15837,1441
15838,805
15839,41
15840,85
15841,460
15842,48
15843,323
15844,1302
15845,-402
15846,543
15847,356
15848,663
15849,504
15850,636
15851,527
15852,705
15853,236
15854,-46
15855,-281
15856,1429
15857,874
15858,193
15859,1264
15860,684
15861,-369
15862,746
15863,1908
15864,22
15865,559
15866,376
15867,1723
15868,594
15869,214
15870,1128
15871,387
15872,414
15873,1219
15874,1412
15875,773
15876,-402
15877,1445
15878,1378
15879,648
15880,594
15881,945
15882,690
15883,1058
15884,-42
15885,-449
15886,389
15887,600
15888,470
15889,478
15890,1497
15891,-368
15892,1123
15893,286
15894,569
15895,788
15896,293
15897,661
15898,1046
15899,1904
15900,501
15901,971
15902,1054
15903,1812
15904,-120
15905,1123
15906,757
15907,25
15908,1100
15909,332
15910,676
15911,156
15912,751
15913,1251
15914,269
15915,721
15916,490
15917,456
15918,2045
15919,938
15920,893
15921,1393
15922,199
15923,1201
15924,234
15925,597
15926,705
15927,167
15928,1476
15929,908
15930,-469
15931,-248
15932,765
15933,-1122
15934,251
15935,202
15936,676
15937,-1054
15938,843
15939,754
15940,368
15941,104
15942,1021
15943,1446
15944,605
15945,1974
15946,1037
15947,247
15948,1478
15949,1172
15950,438
15951,1117
15952,741
15953,12
15954,1905
15955,300
15956,839
15957,748
15958,-257
15959,1438
15960,1678
15961,52
15962,693
15963,885
15964,242
15965,1024
15966,993
15967,1505
15968,-215
15969,1143
15970,71
15971,1665
15972,488
15973,1227
15974,651
15975,717
15976,1745
15977,882
15978,173
15979,983
15980,1106
15981,1602
15982,1414
15983,-393
15984,490
15985,499
15986,1284
15987,-732
15988,1336
15989,1383
15990,828
15991,1685
15992,639
15993,535
15994,1063
15995,593
15996,-384
15997,-176
15998,1150
15999,950
16000,-419
16001,458
16002,492
16003,-161
16004,162
16005,720
16006,-4
16007,624
16008,1257
16009,176
16010,855
16011,167
16012,1040
16013,956
16014,885
16015,936
16016,1293
16017,1309
16018,132
16019,806
16020,643
16021,877
16022,1319
16023,959
16024,1414
16025,1032
16026,778
16027,463
16028,432
16029,1632
16030,368
16031,1671
16032,1142
16033,-299
16034,866
16035,128
16036,283
16037,1416
16038,1093
16039,227
16040,599
16041,1256
16042,1066
16043,282
16044,688
16045,450
16046,968
16047,-1355
16048,848
16049,951
16050,833
16051,1473
16052,1210
16053,-192
16054,-299
16055,780
16056,573
16057,165
16058,38
16059,348
16060,1942
16061,1296
16062,894
16063,697
16064,1319
16065,1390
16066,1206
16067,260
16068,459
16069,1577
16070,-470
16071,-37
16072,445
16073,1038
16074,98
16075,532
16076,1414
16077,-61
16078,381
16079,300
16080,1044
16081,840
16082,1228
16083,362
16084,1442
16085,731
16086,56
16087,707
16088,1328
16089,799
16090,287
16091,814
16092,715
16093,1638
16094,273
16095,1449
16096,626
16097,655
16098,1070
16099,282
16100,156
16101,477
16102,1415
16103,277
16104,1009
16105,519
16106,485
16107,629
16108,-283
16109,-565
16110,-27
16111,-227
16112,195
16113,847
16114,-875
16115,404
16116,1179
16117,949
16118,612
16119,427
16120,1372
16121,1079
16122,-287
16123,25
16124,1191
16125,524
16126,232
16127,266
16128,911
16129,1099
16130,79
16131,288
16132,1174
16133,2116
16134,276
16135,305
16136,1350
16137,1051
16138,69
16139,1373
16140,-771
16141,-80
16142,982
16143,1243
16144,447
16145,1480
16146,904
16147,1203
16148,1602
16149,-771
16150,568
16151,1618
16152,1731
16153,528
16154,2
16155,1114
16156,955
16157,-62
16158,1880
16159,1614
16160,1183
16161,2056
16162,1074
16163,551
16164,-517
16165,-76
16166,196
16167,1346
16168,1072
16169,732
16170,1143
16171,323
16172,945
16173,-261
16174,774
16175,471
16176,158
16177,712
16178,802
16179,352
16180,-136
16181,420
16182,698
16183,666
16184,1527
16185,1440
16186,1153
16187,-13
16188,298
16189,687
16190,1356
16191,447
16192,262
16193,1292
16194,634
16195,797
16196,626
16197,548
16198,1220
16199,1454
16200,1125
16201,828
16202,-282
16203,-455
16204,834
16205,-26
16206,962
16207,1308
16208,795
16209,1020
16210,1014
16211,1292
16212,675
16213,1306
16214,535
16215,190
16216,-856
16217,173
16218,1573
16219,1370
16220,556
16221,1150
16222,-276
16223,1312
16224,453
16225,1694
16226,1092
16227,1170
16228,-1543
16229,1106
16230,122
16231,1640
16232,943
16233,908
16234,-909
16235,-97
16236,1563
16237,1288
16238,728
16239,217
16240,1440
16241,1124
16242,647
16243,339
16244,1634
16245,899
16246,-561
16247,-533
16248,1178
16249,813
16250,361
16251,913
16252,827
16253,-367
16254,400
16255,1365
16256,1509
16257,300
16258,427
16259,365
16260,-100
16261,542
16262,1267
16263,1910
16264,938
16265,1349
16266,1611
16267,199
16268,1852
16269,1189
16270,49
16271,560
16272,699
16273,1048
16274,689
16275,1466
16276,1498
16277,317
16278,988
16279,-166
16280,339
16281,-260
16282,393
16283,685
16284,967
16285,109
16286,1956
16287,1283
16288,897
16289,1082
16290,835
16291,437
16292,817
16293,1403
16294,530
16295,2133
16296,752
16297,1643
16298,730
16299,209
16300,569
16301,1195
16302,846
16303,1244
16304,763
16305,694
16306,181
16307,621
16308,805
16309,56
16310,497
16311,609
16312,777
16313,652
16314,107
16315,-108
16316,1119
16317,177
16318,670
16319,885
16320,535
16321,-497
16322,129
16323,777
16324,443
16325,-1177
16326,388
16327,1237
16328,834
16329,836
16330,78
16331,1084
16332,207
16333,1605
16334,353
16335,445
16336,1521
16337,494
16338,1808
16339,804
16340,-134
16341,1233
16342,-420
16343,162
16344,-470
16345,-755
16346,990
16347,1436
16348,-82
16349,739
16350,270
16351,316
16352,585
16353,1177
16354,617
16355,-397
16356,866
16357,-579
16358,1154
16359,789
16360,-193
16361,466
16362,621
16363,1707
16364,509
16365,923
16366,1077
16367,1360
16368,822
16369,338
16370,1357
16371,781
16372,419
16373,1017
16374,-53
16375,1470
16376,140
16377,241
16378,1263
16379,1755
16380,474
16381,970
16382,1470
16383,497
16384,-332
16385,495
16386,839
16387,1623
16388,1073
16389,-98
16390,-455
16391,1111
16392,976
16393,553
16394,1461
16395,658
16396,1063
16397,-657
16398,952
16399,445
16400,383
16401,1053
16402,755
16403,1302
16404,1674
16405,1010
16406,792
16407,327
16408,1525
16409,439
16410,498
16411,1053
16412,1215
16413,633
16414,678
16415,1506
16416,1081
16417,-282
16418,1405
16419,376
16420,775
16421,-9
16422,-78
16423,848
16424,-190
16425,55
16426,788
16427,975
16428,719
16429,560
16430,1160
16431,939
16432,1677
16433,1227
16434,774
16435,482
16436,657
16437,107
16438,1611
16439,293
16440,-457
16441,1419
16442,-184
16443,639
16444,43
16445,828
16446,-578
16447,1710
16448,1486
16449,1143
16450,1774
16451,1295
16452,715
16453,729
16454,990
16455,657
16456,178
16457,511
16458,236
16459,-79
16460,799
16461,716
16462,227
16463,784
16464,-679
16465,1008
16466,107
16467,999
16468,30
16469,1041
16470,527
16471,1018
16472,725
16473,214
16474,1688
16475,79
16476,583
16477,438
16478,457
16479,-506
16480,-667
16481,1809
16482,528
16483,-279
16484,227
16485,1531
16486,-7
16487,1054
16488,1067
16489,1198
16490,229
16491,299
16492,277
16493,1173
16494,1132
16495,-241
16496,1439
16497,1036
16498,1271
16499,880
16500,1365
16501,731
16502,-146
16503,1821
16504,856
16505,260
16506,1137
16507,345
16508,1311
16509,-353
16510,574
16511,2191
16512,776
16513,492
16514,100
16515,596
16516,433
16517,705
16518,926
16519,174
16520,1490
16521,1003
16522,641
16523,1038
16524,-662
16525,547
16526,975
16527,215
16528,968
16529,949
16530,1219
16531,522
16532,1129
16533,1268
16534,1771
16535,1117
16536,677
16537,130
16538,-229
16539,19
16540,1468
16541,583
16542,164
16543,1376
16544,170
16545,851
16546,-76
16547,537
16548,691
16549,1276
16550,1090
16551,1593
16552,1643
16553,1455
16554,1277
16555,1538
16556,1331
16557,877
16558,75
16559,580
16560,-60
16561,-436
16562,417
16563,733
16564,993
16565,614
16566,-849
16567,511
16568,1393
16569,1675
16570,908
16571,-46
16572,1050
16573,963
16574,1148
16575,612
16576,917
16577,1212
16578,1392
16579,360
16580,431
16581,177
16582,1737
16583,794
16584,1384
16585,916
16586,-488
16587,731
16588,-47
16589,208
16590,1540
16591,937
16592,94
16593,-406
16594,1633
16595,1061
16596,955
16597,1795
16598,479
16599,909
16600,1477
16601,1799
16602,-355
16603,1473
16604,1123
16605,78
16606,798
16607,1410
16608,383
16609,-59
16610,-990
16611,50
16612,658
16613,233
16614,-570
16615,1154
16616,1330
16617,879
16618,767
16619,308
16620,227
16621,579
16622,682
16623,-270
16624,991
16625,868
16626,1404
16627,365
16628,-680
16629,940
16630,-151
16631,1175
16632,1905
16633,1648
16634,-65
16635,54
16636,635
16637,185
16638,-896
16639,-152
16640,613
16641,407
16642,1894
16643,1701
16644,47
16645,1283
16646,-467
16647,-192
16648,1261
16649,1164
16650,-642
16651,801
16652,-976
16653,667
16654,1228
16655,-141
16656,136
16657,1453
16658,953
16659,1051
16660,1069
16661,1044
16662,175
16663,1629
16664,131
16665,1851
16666,-995
16667,508
16668,-495
16669,473
16670,1075
16671,1308
16672,-575
16673,811
16674,-225
16675,337
16676,-203
16677,1481
16678,995
16679,1239
16680,1212
16681,-173
16682,436
16683,1250
16684,998
16685,668
16686,545
16687,471
16688,675
16689,1081
16690,522
16691,1918
16692,296
16693,1138
16694,582
16695,648
16696,1215
16697,1357
16698,1223
16699,816
16700,532
16701,729
16702,2213
16703,1385
16704,-859
16705,-244
16706,1150
16707,1068
16708,401
16709,1464
16710,-474
16711,1411
16712,1028
16713,942
16714,-76
16715,173
16716,819
16717,143
16718,-441
16719,863
16720,421
16721,1587
16722,-528
16723,412
16724,177
16725,1514
16726,-601
16727,899
16728,309
16729,1228
16730,262
16731,1124
16732,1123
16733,1002
16734,812
16735,1967
16736,1265
16737,1614
16738,113
16739,1202
16740,1942
16741,1582
16742,676
16743,629
16744,669
16745,605
16746,850
16747,1356
16748,647
16749,181
16750,478
16751,730
16752,1219
16753,195
16754,600
16755,1255
16756,839
16757,1519
16758,825
16759,962
16760,184
16761,1927
16762,990
16763,1509
16764,993
16765,515
16766,1135
16767,972
16768,1255
16769,-104
16770,1023
16771,982
16772,801
16773,362
16774,1273
16775,-542
16776,1826
16777,1572
16778,1427
16779,1255
16780,1302
16781,1303
16782,1273
16783,730
16784,1295
16785,157
16786,697
16787,1244
16788,1084
16789,1006
16790,576
16791,667
16792,741
16793,13
16794,-431
16795,-7
16796,242
16797,1401
16798,1776
16799,1468
16800,1227
16801,588
16802,1484
16803,1091
16804,819
16805,131
16806,894
16807,733
16808,1164
16809,429
16810,-124
16811,1495
16812,143
16813,1284
16814,1348
16815,1702
16816,915
16817,587
16818,400
16819,1414
16820,534
16821,700
16822,1276
16823,468
16824,420
16825,378
16826,1601
16827,190
16828,682
16829,1363
16830,1294
16831,888
16832,-41
16833,969
16834,-269
16835,242
16836,1355
16837,40
16838,478
16839,1212
16840,582
16841,864
16842,-341
16843,663
16844,288
16845,931
16846,159
16847,766
16848,1045
16849,489
16850,-22
16851,666
16852,460
16853,1288
16854,482
16855,95
16856,1238
16857,1375
16858,787
16859,-439
16860,722
16861,428
16862,-247
16863,948
16864,973
16865,1070
16866,1835
16867,762
16868,518
16869,902
16870,310
16871,-220
16872,372
16873,1074
16874,1093
16875,1032
16876,-51
16877,2013
16878,-358
16879,221
16880,530
16881,28
16882,53
16883,610
16884,992
16885,381
16886,668
16887,687
16888,1399
16889,-174
16890,-785
16891,454
16892,762
16893,765
16894,80
16895,585
16896,539
16897,534
16898,406
16899,614
16900,911
16901,30
16902,909
16903,1564
16904,1226
16905,796
16906,683
16907,1718
16908,794
16909,1835
16910,1301
16911,1212
16912,204
16913,529
16914,1380
16915,527
16916,748
16917,816
16918,917
16919,1166
16920,1030
16921,1377
16922,-613
16923,1025
16924,2057
16925,-265
16926,1470
16927,1340
16928,-181
16929,-145
16930,-479
16931,249
16932,1224
16933,1900
16934,199
16935,725
16936,1382
16937,622
16938,576
16939,497
16940,1559
16941,1797
16942,310
16943,608
16944,1089
16945,448
16946,1291
16947,594
16948,1551
16949,383
16950,714
16951,1784
16952,1058
16953,698
16954,78
16955,1202
16956,-211
16957,1352
16958,655
16959,425
16960,1149
16961,1130
16962,-403
16963,499
16964,1230
16965,-1277
16966,568
16967,659
16968,-139
16969,-117
16970,1119
16971,1466
16972,450
16973,1747
16974,1402
16975,800
16976,1378
16977,418
16978,803
16979,554
16980,-254
16981,672
16982,787
16983,763
16984,1428
16985,647
16986,1274
16987,945
16988,992
16989,710
16990,1209
16991,1003
16992,33
16993,603
16994,729
16995,714
16996,906
16997,1263
16998,817
16999,974
17000,1197
17001,931
17002,194
17003,1579
17004,960
17005,732
17006,106
17007,1349
17008,1229
17009,1066
17010,-234
17011,957
17012,1319
17013,1452
17014,1192
17015,1635
17016,645
17017,1746
17018,767
17019,1414
17020,875
17021,966
17022,1660
17023,613
17024,520
17025,957
17026,1312
17027,1006
17028,1044
17029,1201
17030,1173
17031,920
17032,5
17033,1760
17034,617
17035,1234
17036,862
17037,872
17038,530
17039,971
17040,-429
17041,771
17042,-379
17043,-90
17044,1596
17045,860
17046,-100
17047,920
17048,-320
17049,131
17050,846
17051,320
17052,546
17053,374
17054,797
17055,939
17056,839
17057,580
17058,914
17059,903
17060,35
17061,1162
17062,224
17063,1393
17064,1223
17065,1255
17066,1241
17067,631
17068,1644
17069,960
17070,1232
17071,766
17072,199
17073,288
17074,199
17075,1191
17076,784
17077,-440
17078,733
17079,1353
17080,708
17081,644
17082,-892
17083,662
17084,971
17085,177
17086,17
17087,315
17088,597
17089,569
17090,278
17091,-402
17092,1568
17093,1444
17094,-740
17095,339
17096,1548
17097,1000
17098,393
17099,446
17100,914
17101,962
17102,-902
17103,942
17104,281
17105,1337
17106,747
17107,1074
17108,-87
17109,-743
17110,1967
17111,-478
17112,1865
17113,256
17114,434
17115,745
17116,-1233
17117,1329
17118,485
17119,661
17120,298
17121,899
17122,1116
17123,165
17124,1219
17125,1296
17126,-15
17127,1367
17128,1542
17129,371
17130,1308
17131,1628
17132,152
17133,-385
17134,-192
17135,1133
17136,1546
17137,714
17138,1217
17139,1099
17140,-4
17141,-398
17142,150
17143,229
17144,1236
17145,439
17146,-233
17147,-62
17148,-368
17149,1757
17150,602
17151,1421
17152,-253
17153,544
17154,1208
17155,459
17156,722
17157,943
17158,-355
17159,614
17160,237
17161,599
17162,1637
17163,1068
17164,713
17165,591
17166,510
17167,95
17168,355
17169,1518
17170,575
17171,1178
17172,255
17173,473
17174,128
17175,1094
17176,1109
17177,984
17178,455
17179,-296
17180,-145
17181,653
17182,857
17183,914
17184,1111
17185,86
17186,1562
17187,1251
17188,2078
17189,710
17190,1181
17191,938
17192,394
17193,1245
17194,1491
17195,901
17196,-790
17197,202
17198,671
17199,679
17200,401
17201,936
17202,1023
17203,752
17204,1378
17205,1352
17206,1031
17207,-268
17208,1059
17209,1583
17210,2011
17211,329
17212,1199
17213,834
17214,658
17215,-60
17216,208
17217,139
17218,1368
17219,164
17220,83
17221,375
17222,-90
17223,721
17224,1128
17225,121
17226,-528
17227,346
17228,882
17229,883
17230,1134
17231,803
17232,844
17233,584
17234,1847
17235,980
17236,1361
17237,291
17238,642
17239,120
17240,763
17241,622
17242,1327
17243,656
17244,1438
17245,1546
17246,259
17247,1434
17248,789
17249,717
17250,1031
17251,1460
17252,-169
17253,973
17254,565
17255,436
17256,1677
17257,1387
17258,-144
17259,-2
17260,1003
17261,1131
17262,893
17263,764
17264,750
17265,981
17266,1604
17267,1238
17268,107
17269,790
17270,596
17271,1157
17272,1420
17273,1335
17274,1147
17275,184
17276,482
17277,156
17278,1803
17279,-125
17280,1052
17281,1304
17282,1084
17283,-100
17284,1252
17285,1026
17286,1422
17287,976
17288,1065
17289,265
17290,1261
17291,1322
17292,-67
17293,-248
17294,859
17295,1463
17296,412
17297,885
17298,234
17299,-30
17300,1161
17301,-97
17302,93
17303,826
17304,-41
17305,1142
17306,1476
17307,-504
17308,1627
17309,820
17310,580
17311,389
17312,1124
17313,-193
17314,1338
17315,1072
17316,38
17317,190
17318,1273
17319,811
17320,142
17321,303
17322,-353
17323,1488
17324,1537
17325,-43
17326,-132
17327,-898
17328,-344
17329,553
17330,1586
17331,949
17332,657
17333,1170
17334,-49
17335,1024
17336,770
17337,131
17338,983
17339,1042
17340,1371
17341,545
17342,1013
17343,1283
17344,433
17345,894
17346,858
17347,903
17348,1273
17349,1529
17350,174
17351,1172
17352,1190
17353,1214
17354,1020
17355,-75
17356,672
17357,613
17358,1279
17359,842
17360,257
17361,1108
17362,228
17363,507
17364,73
17365,173
17366,1031
17367,1343
17368,657
17369,252
17370,-166
17371,966
17372,911
17373,-239
17374,863
17375,258
17376,1021
17377,232
17378,1011
17379,1204
17380,715
17381,1281
17382,841
17383,-162
17384,469
17385,-80
17386,1408
17387,1528
17388,449
17389,1673
17390,1505
17391,-34
17392,1889
17393,1090
17394,1665
17395,938
17396,-1
17397,1013
17398,178
17399,1029
17400,683
17401,1411
17402,209
17403,-205
17404,330
17405,486
17406,10
17407,953
17408,1337
17409,516
17410,1141
17411,1845
17412,1535
17413,1396
17414,463
17415,855
17416,-274
17417,1440
17418,732
17419,1617
17420,743
17421,673
17422,280
17423,-537
17424,-705
17425,973
17426,484
17427,-188
17428,1171
17429,586
17430,564
17431,2
17432,116
17433,467
17434,858
17435,926
17436,13
17437,1525
17438,340
17439,1033
17440,431
17441,733
17442,1983
17443,1055
17444,338
17445,-380
17446,442
17447,630
17448,145
17449,812
17450,1199
17451,-176
17452,1591
17453,-218
17454,797
17455,723
17456,1200
17457,970
17458,372
17459,-405
17460,1658
17461,240
17462,1081
17463,749
17464,1400
17465,1270
17466,744
17467,835
17468,1049
17469,509
17470,385
17471,878
17472,1781
17473,-142
17474,788
17475,1234
17476,790
17477,603
17478,1236
17479,949
17480,759
17481,67
17482,1553
17483,1356
17484,111
17485,876
17486,827
17487,1180
17488,1179
17489,861
17490,1162
17491,212
17492,329
17493,-293
17494,1020
17495,1293
17496,1429
17497,1447
17498,1291
17499,589
17500,659
17501,716
17502,421
17503,931
17504,-177
17505,1821
17506,796
17507,1050
17508,101
17509,-799
17510,733
17511,605
17512,1480
17513,1024
17514,1426
17515,1125
17516,827
17517,311
17518,108
17519,1070
17520,-528
17521,-292
17522,555
17523,108
17524,-65
17525,1340
17526,1360
17527,286
17528,1766
17529,-19
17530,474
17531,198
17532,252
17533,233
17534,1340
17535,1208
17536,-111
17537,53
17538,1466
17539,858
17540,1134
17541,744
17542,987
17543,1607
17544,622
17545,663
17546,1062
17547,618
17548,1113
17549,1461
17550,875
17551,-717
17552,914
17553,537
17554,-251
17555,-188
17556,1553
17557,967
17558,904
17559,656
17560,-235
17561,325
17562,466
17563,-977
17564,141
17565,1350
17566,756
17567,-52
17568,899
17569,874
17570,-279
17571,766
17572,497
17573,1626
17574,1730
17575,495
17576,1074
17577,715
17578,1027
17579,316
17580,666
17581,1084
17582,585
17583,774
17584,-130
17585,274
17586,1385
17587,512
17588,556
17589,479
17590,868
17591,1453
17592,188
17593,1204
17594,1730
17595,278
17596,-1117
17597,960
17598,1488
17599,73
17600,833
17601,1073
17602,1240
17603,1228
17604,-428
17605,502
17606,1142
17607,1040
17608,1152
17609,619
17610,1689
17611,26
17612,1234
17613,1429
17614,1462
17615,1091
17616,345
17617,1285
17618,1662
17619,915
17620,882
17621,-101
17622,-696
17623,716
17624,447
17625,1001
17626,211
17627,1233
17628,-521
17629,207
17630,-121
17631,1427
17632,1696
17633,617
17634,1533
17635,423
17636,950
17637,548
17638,888
17639,1615
17640,1056
17641,667
17642,1086
17643,544
17644,968
17645,-48
17646,430
17647,468
17648,-404
17649,816
17650,1175
17651,-751
17652,935
17653,1004
17654,-14
17655,233
17656,34
17657,466
17658,740
17659,1080
17660,1453
17661,1862
17662,1006
17663,1541
17664,794
17665,-52
17666,800
17667,685
17668,488
17669,433
17670,1115
17671,1561
17672,588
17673,858
17674,395
17675,1144
17676,1032
17677,335
17678,609
17679,1468
17680,-48
17681,709
17682,145
17683,451
17684,27
17685,1005
17686,1985
17687,774
17688,1651
17689,1641
17690,668
17691,649
17692,1228
17693,703
17694,352
17695,803
17696,1243
17697,1111
17698,266
17699,720
17700,1631
17701,1565
17702,1074
17703,911
17704,1210
17705,865
17706,1780
17707,840
17708,824
17709,1148
17710,799
17711,-538
17712,940
17713,1441
17714,1180
17715,228
17716,646
17717,976
17718,1683
17719,939
17720,1247
17721,462
17722,869
17723,468
17724,-475
17725,1306
17726,204
17727,2032
17728,1415
17729,1069
17730,1402
17731,750
17732,1180
17733,463
17734,-391
17735,863
17736,253
17737,381
17738,1328
17739,1366
17740,827
17741,-108
17742,972
17743,957
17744,761
17745,1039
17746,641
17747,180
17748,1748
17749,-36
17750,469
17751,1102
17752,1063
17753,-479
17754,994
17755,590
17756,1053
17757,1614
17758,1189
17759,-143
17760,1296
17761,308
17762,156
17763,1263
17764,813
17765,-686
17766,1366
17767,476
17768,1215
17769,1697
17770,505
17771,1239
17772,1153
17773,1162
17774,-1219
17775,245
17776,437
17777,2069
17778,608
17779,1311
17780,213
17781,1294
17782,-259
17783,866
17784,448
17785,185
17786,905
17787,-329
17788,1272
17789,541
17790,-275
17791,1020
17792,588
17793,1007
17794,375
17795,615
17796,868
17797,419
17798,692
17799,-1000
17800,634
17801,498
17802,153
17803,-12
17804,-41
17805,344
17806,666
17807,1378
17808,777
17809,303
17810,-1
17811,1994
17812,271
17813,1825
17814,1733
17815,728
17816,1343
17817,-697
17818,35
17819,455
17820,1076
17821,-39
17822,2102
17823,-389
17824,-854
17825,1715
17826,439
17827,619
17828,1715
17829,-465
17830,457
17831,442
17832,866
17833,221
17834,1418
17835,1114
17836,-401
17837,-97
17838,-228
17839,809
17840,769
17841,-649
17842,11
17843,638
17844,437
17845,475
17846,1007
17847,-644
17848,263
17849,509
17850,-852
17851,882
17852,941
17853,1618
17854,1583
17855,986
17856,357
17857,1192
17858,1207
17859,483
17860,455
17861,1494
17862,1281
17863,-325
17864,458
17865,1103
17866,219
17867,190
17868,1603
17869,1048
17870,876
17871,436
17872,-6
17873,772
17874,608
17875,1201
17876,1036
17877,1263
17878,192
17879,948
17880,634
17881,1298
17882,418
17883,-52
17884,952
17885,1417
17886,616
17887,234
17888,-285
17889,-147
17890,-287
17891,891
17892,553
17893,643
17894,1079
17895,828
17896,1012
17897,1319
17898,372
17899,1220
17900,480
17901,902
17902,893
17903,1391
17904,1730
17905,956
17906,629
17907,89
17908,1141
17909,938
17910,760
17911,-555
17912,1569
17913,1495
17914,327
17915,1709
17916,113
17917,579
17918,1006
17919,591
17920,180
17921,734
17922,390
17923,-574
17924,561
17925,-448
17926,904
17927,451
17928,-248
17929,590
17930,1142
17931,991
17932,381
17933,1438
17934,1002
17935,1323
17936,1045
17937,1491
17938,1460
17939,1444
17940,75
17941,-953
17942,1319
17943,1113
17944,160
17945,51
17946,461
17947,50
17948,908
17949,32
17950,-123
17951,1385
17952,1535
17953,1058
17954,-205
17955,583
17956,1120
17957,232
17958,641
17959,1411
17960,191
17961,901
17962,1037
17963,449
17964,-237
17965,98
17966,346
17967,837
17968,-834
17969,1189
17970,-31
17971,438
17972,875
17973,1539
17974,610
17975,1712
17976,-137
17977,4
17978,-94
17979,929
17980,1353
17981,714
17982,545
17983,778
17984,-188
17985,1207
17986,1099
17987,901
17988,1018
17989,1174
17990,1454
17991,612
17992,1170
17993,909
17994,600
17995,1562
17996,1328
17997,958
17998,783
17999,777
18000,1487
18001,-673
18002,219
18003,953
18004,589
18005,-53
18006,234
18007,693
18008,950
18009,633
18010,-211
18011,1162
18012,331
18013,3
18014,256
18015,1546
18016,792
18017,-923
18018,-20
18019,1160
18020,493
18021,1060
18022,1023
18023,927
18024,789
18025,1361
18026,1291
18027,552
18028,-420
18029,-853
18030,487
18031,825
18032,1709
18033,1225
18034,-293
18035,-520
18036,680
18037,546
18038,830
18039,162
18040,1392
18041,24
18042,1245
18043,169
18044,338
18045,741
18046,1020
18047,708
18048,776
18049,1674
18050,132
18051,1063
18052,-50
18053,757
18054,785
18055,399
18056,220
18057,842
18058,1245
18059,1512
18060,-638
18061,1469
18062,794
18063,565
18064,604
18065,1163
18066,387
18067,252
18068,648
18069,1489
18070,1637
18071,929
18072,836
18073,930
18074,324
18075,2037
18076,374
18077,-309
18078,752
18079,415
18080,163
18081,702
18082,-91
18083,959
18084,1087
18085,-239
18086,-570
18087,420
18088,-350
18089,1534
18090,1020
18091,1365
18092,291
18093,1446
18094,966
18095,1818
18096,756
18097,1470
18098,-576
18099,1130
18100,95
18101,-277
18102,1233
18103,1121
18104,1131
18105,1874
18106,1009
18107,90
18108,1665
18109,-417
18110,1733
18111,1990
18112,1371
18113,454
18114,1021
18115,665
18116,-58
18117,1735
18118,1136
18119,1727
18120,608
18121,249
18122,-138
18123,1106
18124,593
18125,458
18126,828
18127,1219
18128,867
18129,1232
18130,516
18131,1550
18132,910
18133,1064
18134,706
18135,72
18136,830
18137,1153
18138,1209
18139,1434
18140,416
18141,1165
18142,1376
18143,882
18144,481
18145,605
18146,436
18147,-65
18148,-459
18149,-130
18150,-278
18151,1143
18152,1810
18153,-801
18154,258
18155,1067
18156,-910
18157,687
18158,896
18159,990
18160,2028
18161,97
18162,923
18163,1662
18164,199
18165,-341
18166,756
18167,1433
18168,886
18169,753
18170,-217
18171,1373
18172,662
18173,833
18174,1127
18175,724
18176,61
18177,-393
18178,-43
18179,205
18180,958
18181,-149
18182,908
18183,582
18184,1258
18185,1601
18186,688
18187,1334
18188,848
18189,350
18190,195
18191,869
18192,648
18193,859
18194,213
18195,1276
18196,-179
18197,1529
18198,900
18199,-186
18200,350
18201,1606
18202,878
18203,395
18204,-63
18205,1140
18206,69
18207,-597
18208,1013
18209,1601
18210,1334
18211,1489
18212,545
18213,638
18214,624
18215,-105
18216,668
18217,1770
18218,659
18219,1209
18220,591
18221,1108
18222,310
18223,1074
18224,779
18225,-47
18226,-43
18227,-607
18228,1008
18229,827
18230,653
18231,813
18232,1093
18233,871
18234,644
18235,633
18236,1765
18237,434
18238,1682
18239,-263
18240,153
18241,562
18242,1767
18243,664
18244,1215
18245,771
18246,655
18247,690
18248,1175
18249,978
18250,193
18251,630
18252,508
18253,892
18254,231
18255,1517
18256,1617
18257,-265
18258,358
18259,862
18260,991
18261,1457
18262,885
18263,537
18264,1346
18265,250
18266,198
18267,665
18268,982
18269,-202
18270,622
18271,-60
18272,552
18273,832
18274,651
18275,675
18276,347
18277,1394
18278,308
18279,-230
18280,-105
18281,603
18282,279
18283,422
18284,517
18285,1236
18286,1224
18287,1302
18288,142
18289,866
18290,649
18291,901
18292,57
18293,1819
18294,1262
18295,109
18296,1574
18297,1864
18298,1253
18299,842
18300,215
18301,747
18302,-203
18303,863
18304,-627
18305,1131
18306,12
18307,-890
18308,1260
18309,1793
18310,228
18311,-647
18312,1654
18313,403
18314,133
18315,929
18316,1475
18317,591
18318,306
18319,555
18320,1115
18321,1315
18322,797
18323,765
18324,164
18325,1598
18326,906
18327,830
18328,1465
18329,-49
18330,488
18331,637
18332,1157
18333,231
18334,553
18335,1344
18336,360
18337,106
18338,-263
18339,225
18340,1282
18341,996
18342,372
18343,338
18344,697
18345,807
18346,-267
18347,569
18348,1720
18349,217
18350,931
18351,257
18352,-108
18353,113
18354,263
18355,739
18356,589
18357,1059
18358,1004
18359,597
18360,665
18361,204
18362,871
18363,490
18364,1533
18365,1066
18366,1313
18367,357
18368,289
18369,1588
18370,1368
18371,408
18372,1075
18373,1389
18374,542
18375,1227
18376,195
18377,501
18378,1259
18379,316
18380,-619
18381,1442
18382,1157
18383,643
18384,1312
18385,-632
18386,933
18387,468
18388,1120
18389,713
18390,1066
18391,958
18392,920
18393,262
18394,737
18395,-178
18396,-3
18397,629
18398,276
18399,783
18400,966
18401,754
18402,1915
18403,708
18404,1779
18405,263
18406,-369
18407,1428
18408,314
18409,883
18410,51
18411,-921
18412,2128
18413,1468
18414,1010
18415,1401
18416,-730
18417,407
18418,1329
18419,713
18420,490
18421,481
18422,1881
18423,1462
18424,1255
18425,2030
18426,579
18427,1393
18428,1089
18429,1652
18430,1067
18431,332
18432,836
18433,48
18434,570
18435,73
18436,1277
18437,720
18438,979
18439,-138
18440,721
18441,1836
18442,1612
18443,620
18444,1007
18445,1060
18446,1440
18447,349
18448,238
18449,-47
18450,964
18451,893
18452,479
18453,1392
18454,585
18455,639
18456,572
18457,399
18458,1122
18459,903
18460,1033
18461,1376
18462,-998
18463,1256
18464,250
18465,347
18466,895
18467,193
18468,671
18469,471
18470,694
18471,-112
18472,950
18473,762
18474,1041
18475,1172
18476,-359
18477,818
18478,888
18479,58
18480,2091
18481,840
18482,242
18483,842
18484,704
18485,1140
18486,929
18487,-29
18488,765
18489,629
18490,297
18491,1900
18492,528
18493,1607
18494,431
18495,1797
18496,882
18497,292
18498,931
18499,-177
18500,1055
18501,389
18502,399
18503,22
18504,1091
18505,1521
18506,1222
18507,637
18508,1524
18509,-524
18510,1278
18511,618
18512,1970
18513,1303
18514,-944
18515,1829
18516,1650
18517,1322
18518,-192
18519,1108
18520,-79
18521,1665
18522,1393
18523,1402
18524,741
18525,688
18526,829
18527,-566
18528,560
18529,502
18530,1512
18531,1223
18532,1593
18533,587
18534,721
18535,983
18536,768
18537,-671
18538,185
18539,58
18540,686
18541,-79
18542,572
18543,692
18544,211
18545,793
18546,529
18547,779
18548,855
18549,-182
18550,772
18551,-410
18552,-269
18553,1161
18554,1258
18555,1168
18556,-1027
18557,849
18558,880
18559,1311
18560,451
18561,441
18562,-209
18563,-301
18564,709
18565,496
18566,1075
18567,-788
18568,-521
18569,987
18570,-51
18571,-5
18572,1995
18573,-901
18574,971
18575,44
18576,236
18577,922
18578,418
18579,1057
18580,1100
18581,1018
18582,-190
18583,179
18584,666
18585,-409
18586,1112
18587,584
18588,1230
18589,68
18590,-916
18591,1057
18592,1864
18593,997
18594,-1202
18595,860
18596,683
18597,290
18598,1019
18599,385
18600,1080
18601,415
18602,457
18603,771
18604,1317
18605,414
18606,1396
18607,423
18608,994
18609,920
18610,-839
18611,1624
18612,1196
18613,-24
18614,891
18615,996
18616,1442
18617,576
18618,1199
18619,771
18620,882
18621,825
18622,264
18623,-43
18624,-75
18625,1079
18626,699
18627,1644
18628,297
18629,1109
18630,1236
18631,1097
18632,-84
18633,1713
18634,827
18635,174
18636,1339
18637,607
18638,-1
18639,101
18640,988
18641,1062
18642,519
18643,1068
18644,1256
18645,623
18646,60
18647,485
18648,310
18649,987
18650,826
18651,1703
18652,1410
18653,1069
18654,-205
18655,854
18656,700
18657,1000
18658,71
18659,494
18660,1487
18661,-183
18662,1509
18663,150
18664,638
18665,1292
18666,1542
18667,585
18668,1488
18669,1136
18670,898
18671,511
18672,1033
18673,1129
18674,638
18675,875
18676,205
18677,525
18678,1037
18679,706
18680,682
18681,666
18682,-343
18683,531
18684,-446
18685,667
18686,-36
18687,782
18688,1481
18689,883
18690,1126
18691,690
18692,269
18693,376
18694,1583
18695,1172
18696,1107
18697,960
18698,827
18699,2134
18700,137
18701,952
18702,549
18703,506
18704,1259
18705,582
18706,1361
18707,230
18708,916
18709,-540
18710,1208
18711,-818
18712,-153
18713,531
18714,-378
18715,1238
18716,889
18717,-559
18718,503
18719,934
18720,1409
18721,538
18722,908
18723,1488
18724,-725
18725,-270
18726,838
18727,1005
18728,704
18729,496
18730,1130
18731,1270
18732,-460
18733,125
18734,1150
18735,1422
18736,546
18737,1598
18738,-271
18739,263
18740,-179
18741,1388
18742,-41
18743,-31
18744,234
18745,1245
18746,693
18747,1099
18748,992
18749,-608
18750,-1488
18751,1253
18752,1454
18753,1398
18754,1159
18755,977
18756,1251
18757,-164
18758,114
18759,120
18760,836
18761,609
18762,1273
18763,385
18764,1175
18765,566
18766,1095
18767,1305
18768,847
18769,-519
18770,1164
18771,-589
18772,74
18773,852
18774,373
18775,729
18776,763
18777,1263
18778,1373
18779,323
18780,468
18781,519
18782,180
18783,1832
18784,430
18785,739
18786,183
18787,104
18788,-384
18789,712
18790,1298
18791,-894
18792,712
18793,-58
18794,980
18795,1596
18796,1698
18797,74
18798,1293
18799,1385
18800,775
18801,288
18802,-339
18803,1182
18804,1785
18805,66
18806,-1153
18807,1223
18808,777
18809,1268
18810,-209
18811,1067
18812,977
18813,618
18814,1509
18815,933
18816,1117
18817,1463
18818,1504
18819,1838
18820,1083
18821,1845
18822,881
18823,939
18824,957
18825,563
18826,843
18827,669
18828,-429
18829,1248
18830,909
18831,-868
18832,646
18833,532
18834,997
18835,478
18836,249
18837,951
18838,-322
18839,1147
18840,429
18841,1844
18842,1592
18843,-870
18844,1113
18845,-217
18846,359
18847,-292
18848,1298
18849,1400
18850,1404
18851,695
18852,1281
18853,345
18854,1810
18855,628
18856,1026
18857,229
18858,1382
18859,977
18860,1466
18861,1328
18862,326
18863,1224
18864,126
18865,685
18866,568
18867,-216
18868,877
18869,1549
18870,1692
18871,367
18872,871
18873,759
18874,616
18875,136
18876,-151
18877,1247
18878,-376
18879,1081
18880,291
18881,1350
18882,-90
18883,963
18884,762
18885,249
18886,641
18887,1400
18888,-366
18889,1320
18890,-588
18891,-479
18892,1826
18893,786
18894,316
18895,1818
18896,1875
18897,-624
18898,1458
18899,1267
18900,452
18901,-960
18902,860
18903,-324
18904,1154
18905,-35
18906,1299
18907,946
18908,1879
18909,827
18910,-20
18911,393
18912,917
18913,-311
18914,1271
18915,1116
18916,828
18917,61
18918,1205
18919,1294
18920,554
18921,689
18922,822
18923,869
18924,-666
18925,207
18926,726
18927,543
18928,682
18929,110
18930,1191
18931,986
18932,133
18933,1066
18934,629
18935,1234
18936,690
18937,44
18938,1463
18939,99
18940,666
18941,1939
18942,326
18943,-2033
18944,1565
18945,1773
18946,538
18947,511
18948,142
18949,1078
18950,1322
18951,1594
18952,355
18953,414
18954,511
18955,924
18956,1682
18957,655
18958,998
18959,251
18960,840
18961,1213
18962,781
18963,516
18964,-356
18965,911
18966,658
18967,662
18968,946
18969,114
18970,2028
18971,-628
18972,377
18973,647
18974,-463
18975,275
18976,1380
18977,-158
18978,1505
18979,677
18980,1364
18981,1228
18982,1037
18983,899
18984,681
18985,964
18986,1635
18987,558
18988,212
18989,888
18990,1157
18991,201
18992,298
18993,278
18994,-313
18995,616
18996,-982
18997,-197
18998,1073
18999,-179
19000,1475
19001,483
19002,988
19003,28
19004,1279
19005,1103
19006,1035
19007,181
19008,301
19009,-62
19010,1326
19011,253
19012,415
19013,-579
19014,889
19015,-75
19016,639
19017,29
19018,1165
19019,-171
19020,-162
19021,1169
19022,806
19023,843
19024,1471
19025,-43
19026,165
19027,389
19028,-2
19029,1288
19030,591
19031,1477
19032,1220
19033,219
19034,908
19035,561
19036,-94
19037,1095
19038,-730
19039,526
19040,1166
19041,-40
19042,265
19043,1400
19044,695
19045,1539
19046,1068
19047,353
19048,732
19049,1000
19050,-726
19051,1213
19052,1190
19053,1527
19054,831
19055,994
19056,107
19057,715
19058,1102
19059,691
19060,106
19061,1204
19062,621
19063,1725
19064,1243
19065,810
19066,976
19067,538
19068,1479
19069,423
19070,1295
19071,-215
19072,733
19073,1570
19074,554
19075,918
19076,1225
19077,-251
19078,942
19079,839
19080,-645
19081,1499
19082,835
19083,-365
19084,-286
19085,-300
19086,479
19087,-391
19088,1652
19089,1654
19090,730
19091,1866
19092,847
19093,650
19094,1213
19095,359
19096,108
19097,590
19098,1139
19099,2184
19100,697
19101,365
19102,1351
19103,191
19104,481
19105,1237
19106,-7
19107,716
19108,1248
19109,641
19110,1437
19111,1799
19112,-317
19113,1004
19114,517
19115,163
19116,1371
19117,947
19118,666
19119,887
19120,1137
19121,907
19122,1084
19123,626
19124,-365
19125,137
19126,-158
19127,1098
19128,1415
19129,666
19130,801
19131,827
19132,812
19133,488
19134,1122
19135,1992
19136,794
19137,1032
19138,262
19139,321
19140,1319
19141,148
19142,782
19143,576
19144,1018
19145,1060
19146,342
19147,808
19148,1510
19149,1296
19150,-104
19151,943
19152,212
19153,591
19154,1370
19155,1796
19156,541
19157,1018
19158,1200
19159,1769
19160,1598
19161,1160
19162,-976
19163,-263
19164,903
19165,525
19166,391
19167,1531
19168,322
19169,717
19170,337
19171,131
19172,451
19173,1103
19174,1037
19175,648
19176,149
19177,1366
19178,-14
19179,-134
19180,285
19181,478
19182,76
19183,940
19184,1219
19185,1578
19186,10
19187,908
19188,-287
19189,1728
19190,106
19191,636
19192,975
19193,719
19194,848
19195,738
19196,1951
19197,642
19198,1349
19199,956
19200,1776
19201,1454
19202,-478
19203,414
19204,616
19205,67
19206,467
19207,1309
19208,-156
19209,-201
19210,607
19211,414
19212,233
19213,554
19214,1267
19215,1840
19216,315
19217,1622
19218,1406
19219,1543
19220,982
19221,486
19222,-457
19223,-293
19224,-317
19225,958
19226,129
19227,1344
19228,1250
19229,742
19230,-1271
19231,133
19232,689
19233,123
19234,1222
19235,1029
19236,780
19237,1118
19238,1172
19239,401
19240,870
19241,268
19242,665
19243,940
19244,-11
19245,-276
19246,195
19247,1103
19248,1348
19249,-65
19250,447
19251,374
19252,-526
19253,1036
19254,1577
19255,1075
19256,-233
19257,1253
19258,910
19259,1240
19260,1528
19261,1795
19262,1046
19263,891
19264,495
19265,814
19266,-781
19267,765
19268,612
19269,1102
19270,107
19271,596
19272,-178
19273,990
19274,1405
19275,967
19276,1162
19277,407
19278,1261
19279,111
19280,300
19281,-296
19282,1003
19283,781
19284,1163
19285,1688
19286,1615
19287,1029
19288,1662
19289,1395
19290,1554
19291,449
19292,676
19293,834
19294,150
19295,1551
19296,1483
19297,152
19298,1075
19299,891
19300,686
19301,1491
19302,1255
19303,567
19304,440
19305,1605
19306,979
19307,535
19308,443
19309,799
19310,931
19311,1200
19312,1415
19313,1339
19314,-606
19315,818
19316,621
19317,410
19318,766
19319,146
19320,108
19321,1157
19322,564
19323,110
19324,205
19325,1274
19326,1207
19327,405
19328,-86
19329,1435
19330,-282
19331,787
19332,1358
19333,1115
19334,296
19335,-312
19336,1446
19337,-84
19338,605
19339,-820
19340,520
19341,323
19342,794
19343,575
19344,316
19345,196
19346,1304
19347,-663
19348,918
19349,238
19350,389
19351,354
19352,798
19353,929
19354,857
19355,-94
19356,988
19357,-508
19358,935
19359,1267
19360,235
19361,-101
19362,859
19363,747
19364,-94
19365,591
19366,684
19367,1047
19368,1657
19369,1193
19370,766
19371,-331
19372,385
19373,1174
19374,2207
19375,926
19376,-32
19377,856
19378,292
19379,673
19380,1000
19381,80
19382,1041
19383,729
19384,439
19385,1259
19386,1032
19387,610
19388,428
19389,-87
19390,552
19391,669
19392,935
19393,-311
19394,251
19395,1604
19396,285
19397,-10
19398,341
19399,549
19400,898
19401,1286
19402,601
19403,875
19404,1100
19405,1032
19406,1582
19407,814
19408,-391
19409,259
19410,230
19411,1177
19412,424
19413,1427
19414,152
19415,835
19416,1277
19417,1606
19418,889
19419,-102
19420,323
19421,1054
19422,270
19423,1065
19424,1035
19425,997
19426,1113
19427,214
19428,706
19429,-1007
19430,1235
19431,641
19432,809
19433,1446
19434,1222
19435,545
19436,723
19437,1250
19438,1270
19439,814
19440,16
19441,1007
19442,525
19443,545
19444,1224
19445,-8
19446,285
19447,-89
19448,1158
19449,-894
19450,1499
19451,1486
19452,583
19453,-23
19454,664
19455,31
19456,815
19457,894
19458,1366
19459,1690
19460,937
19461,1274
19462,-1015
19463,398
19464,1257
19465,1578
19466,819
19467,1207
19468,1170
19469,931
19470,250
19471,954
19472,-658
19473,283
19474,273
19475,249
19476,760
19477,-55
19478,1054
19479,1286
19480,621
19481,1124
19482,179
19483,1109
19484,441
19485,-125
19486,219
19487,904
19488,698
19489,1068
19490,1206
19491,324
19492,876
19493,-30
19494,1144
19495,975
19496,-9
19497,555
19498,-707
19499,1769
19500,1071
19501,1489
19502,1105
19503,1828
19504,25
19505,90
19506,469
19507,470
19508,420
19509,1185
19510,1255
19511,-1166
19512,1233
19513,962
19514,103
19515,1018
19516,-135
19517,1193
19518,463
19519,-190
19520,336
19521,280
19522,703
19523,531
19524,-259
19525,800
19526,522
19527,550
19528,130
19529,938
19530,1010
19531,1316
19532,232
19533,1633
19534,430
19535,259
19536,77
19537,-360
19538,929
19539,-16
19540,1126
19541,876
19542,1395
19543,904
19544,572
19545,947
19546,1972
19547,1402
19548,150
19549,1250
19550,1153
19551,1049
19552,1353
19553,540
19554,1155
19555,835
19556,438
19557,674
19558,1238
19559,-242
19560,1374
19561,1239
19562,956
19563,865
19564,356
19565,1275
19566,521
19567,175
19568,1294
19569,418
19570,257
19571,1123
19572,-80
19573,495
19574,922
19575,1163
19576,310
19577,1412
19578,-157
19579,589
19580,-1002
19581,1324
19582,1281
19583,1471
19584,906
19585,1068
19586,1000
19587,761
19588,170
19589,832
19590,927
19591,946
19592,1130
19593,1222
19594,1179
19595,588
19596,-378
19597,1578
19598,429
19599,855
19600,854
19601,-225
19602,1515
19603,538
19604,703
19605,765
19606,178
19607,381
19608,794
19609,601
19610,127
19611,146
19612,1006
19613,344
19614,1424
19615,1244
19616,-663
19617,-532
19618,290
19619,401
19620,1363
19621,757
19622,-394
19623,868
19624,120
19625,721
19626,-458
19627,-2065
19628,585
19629,657
19630,95
19631,743
19632,1283
19633,367
19634,1165
19635,807
19636,-74
19637,975
19638,-196
19639,804
19640,991
19641,-103
19642,-296
19643,1554
19644,1396
19645,1222
19646,1721
19647,255
19648,438
19649,-244
19650,584
19651,-280
19652,413
19653,1096
19654,1839
19655,1153
19656,677
19657,904
19658,561
19659,1709
19660,1121
19661,1559
19662,426
19663,456
19664,-52
19665,-341
19666,-71
19667,13
19668,821
19669,668
19670,1185
19671,1246
19672,420
19673,733
19674,876
19675,429
19676,1230
19677,1337
19678,1061
19679,237
19680,730
19681,1238
19682,1087
19683,-260
19684,799
19685,999
19686,817
19687,556
19688,680
19689,823
19690,591
19691,334
19692,660
19693,-238
19694,1027
19695,778
19696,-311
19697,682
19698,-131
19699,325
19700,1794
19701,1423
19702,1239
19703,1103
19704,94
19705,-76
19706,-81
19707,996
19708,390
19709,236
19710,1375
19711,566
19712,687
19713,1576
19714,1283
19715,1926
19716,1457
19717,900
19718,1618
19719,-12
19720,1407
19721,211
19722,-33
19723,1504
19724,1031
19725,1300
19726,493
19727,1324
19728,24
19729,339
19730,535
19731,104
19732,976
19733,1159
19734,1631
19735,-162
19736,1275
19737,1052
19738,-404
19739,96
19740,611
19741,578
19742,1233
19743,1061
19744,1985
19745,1987
19746,358
19747,734
19748,846
19749,464
19750,633
19751,-37
19752,643
19753,207
19754,496
19755,1896
19756,36
19757,982
19758,394
19759,1201
19760,1711
19761,-847
19762,1019
19763,1042
19764,321
19765,1099
19766,917
19767,220
19768,460
19769,1912
19770,565
19771,409
19772,-121
19773,772
19774,785
19775,739
19776,64
19777,822
19778,843
19779,807
19780,1128
19781,336
19782,1025
19783,1247
19784,1470
19785,-130
19786,884
19787,142
19788,1270
19789,621
19790,1711
19791,187
19792,370
19793,-841
19794,-369
19795,357
19796,1269
19797,674
19798,1397
19799,1122
19800,1182
19801,-328
19802,843
19803,-310
19804,1238
19805,794
19806,-373
19807,781
19808,892
19809,785
19810,30
19811,802
19812,261
19813,-131
19814,357
19815,790
19816,1213
19817,-458
19818,919
19819,1144
19820,1386
19821,1227
19822,1477
19823,1296
19824,222
19825,931
19826,872
19827,1444
19828,367
19829,890
19830,257
19831,-307
19832,1191
19833,845
19834,1247
19835,260
19836,647
19837,607
19838,496
19839,221
19840,1167
19841,-674
19842,576
19843,584
19844,1719
19845,-306
19846,843
19847,1245
19848,626
19849,-51
19850,-565
19851,796
19852,778
19853,872
19854,1035
19855,1009
19856,1215
19857,1076
19858,501
19859,1027
19860,1495
19861,1076
19862,1095
19863,390
19864,1419
19865,1421
19866,1235
19867,937
19868,589
19869,72
19870,684
19871,-561
19872,1019
19873,1160
19874,264
19875,225
19876,833
19877,812
19878,-125
19879,-437
19880,940
19881,999
19882,949
19883,683
19884,2155
19885,1594
19886,1255
19887,-465
19888,849
19889,903
19890,1292
19891,1003
19892,-1175
19893,-17
19894,406
19895,387
19896,-982
19897,1655
19898,1375
19899,-3
19900,-71
19901,839
19902,538
19903,1866
19904,16
19905,738
19906,138
19907,874
19908,314
19909,579
19910,397
19911,-291
19912,961
19913,1266
19914,755
19915,1190
19916,-307
19917,703
19918,863
19919,955
19920,404
19921,429
19922,553
19923,1257
19924,-81
19925,-90
19926,2061
19927,-817
19928,954
19929,669
19930,1774
19931,1621
19932,-291
19933,909
19934,511
19935,1349
19936,1257
19937,-767
19938,784
19939,905
19940,244
19941,1126
19942,-6
19943,-67
19944,1098
19945,956
19946,970
19947,1063
19948,1112
19949,-1775
19950,1687
19951,1183
19952,906
19953,1052
19954,978
19955,320
19956,346
19957,760
19958,864
19959,1002
19960,177
19961,325
19962,1061
19963,-909
19964,150
19965,299
19966,1044
19967,1174
19968,854
19969,876
19970,-467
19971,913
19972,653
19973,267
19974,917
19975,1037
19976,599
19977,375
19978,1558
19979,-182
19980,1116
19981,543
19982,140
19983,767
19984,1105
19985,421
19986,184
19987,733
19988,392
19989,-483
19990,615
19991,1037
19992,1250
19993,1402
19994,-353
19995,-23
19996,738
19997,1021
19998,-52
19999,-4
