sample,best_lucro
0,1124
1,2274
2,2274
3,2274
4,2274
5,2274
6,2274
7,2274
8,2274
9,2274
10,2274
11,2274
12,2274
13,2274
14,2274
15,2274
16,2274
17,2274
18,2274
19,2274
20,2274
21,2274
22,2274
23,2274
24,2274
25,2274
26,2274
27,2274
28,2274
29,2274
30,2274
31,2274
32,2274
33,2274
34,2274
35,2274
36,2274
37,2274
38,2274
39,2274
40,2274
41,2274
42,2274
43,2274
44,2274
45,2274
46,2274
47,2274
48,2274
49,2274
50,2274
51,2274
52,2274
53,2274
54,2274
55,2274
56,2274
57,2274
58,2274
59,2274
60,2274
61,2274
62,2293
63,2293
64,2293
65,2293
66,2293
67,2293
68,2293
69,2293
70,2293
71,2293
72,2293
73,2293
74,2293
75,2293
76,2293
77,2293
78,2293
79,2293
80,2370
81,2370
82,2370
83,2370
84,2370
85,2370
86,2370
87,2370
88,2370
89,2370
90,2370
91,2370
92,2370
93,2370
94,2370
95,2370
96,2370
97,2370
98,2370
99,2370
100,2370
101,2370
102,2370
103,2370
104,2370
105,2370
106,2370
107,2370
108,2370
109,2370
110,2370
111,2370
112,2370
113,2370
114,2370
115,2370
116,2370
117,2370
118,2370
119,2370
120,2370
121,2370
122,2370
123,2370
124,2370
125,2370
126,2370
127,2370
128,2370
129,2370
130,2370
131,2370
132,2370
133,2370
134,2370
135,2370
136,2370
137,2370
138,2370
139,2370
140,2370
141,2370
142,2370
143,2370
144,2370
145,2370
146,2370
147,2370
148,2370
149,2370
150,2370
151,2370
152,2370
153,2370
154,2370
155,2370
156,2370
157,2370
158,2370
159,2370
160,2370
161,2370
162,2370
163,2370
164,2370
165,2370
166,2370
167,2370
168,2370
169,2370
170,2370
171,2370
172,2370
173,2370
174,2370
175,2370
176,2370
177,2370
178,2370
179,2370
180,2370
181,2370
182,2370
183,2370
184,2370
185,2370
186,2370
187,2370
188,2370
189,2370
190,2370
191,2370
192,2370
193,2370
194,2370
195,2370
196,2370
197,2370
198,2370
199,2370
200,2370
201,2370
202,2370
203,2370
204,2370
205,2370
206,2370
207,2370
208,2370
209,2370
210,2370
211,2370
212,2370
213,2370
214,2370
215,2370
216,2370
217,2370
218,2370
219,2370
220,2370
221,2370
222,2370
223,2370
224,2370
225,2370
226,2370
227,2370
228,2370
229,2370
230,2370
231,2370
232,2370
233,2370
234,2370
235,2370
236,2370
237,2370
238,2370
239,2370
240,2370
241,2370
242,2370
243,2370
244,2370
245,2370
246,2370
247,2370
248,2370
249,2370
250,2370
251,2370
252,2370
253,2370
254,2370
255,2370
256,2370
257,2370
258,2370
259,2370
260,2370
261,2370
262,2370
263,2370
264,2370
265,2370
266,2370
267,2370
268,2370
269,2370
270,2370
271,2370
272,2370
273,2370
274,2370
275,2370
276,2370
277,2370
278,2370
279,2370
280,2370
281,2370
282,2370
283,2370
284,2370
285,2370
286,2370
287,2370
288,2370
289,2370
290,2370
291,2370
292,2370
293,2370
294,2370
295,2370
296,2370
297,2370
298,2370
299,2370
300,2370
301,2370
302,2370
303,2370
304,2370
305,2370
306,2370
307,2370
308,2370
309,2370
310,2370
311,2370
312,2370
313,2370
314,2370
315,2370
316,2370
317,2370
318,2370
319,2370
320,2370
321,2370
322,2370
323,2370
324,2370
325,2370
326,2370
327,2370
328,2370
329,2370
330,2370
331,2370
332,2370
333,2370
334,2370
335,2370
336,2370
337,2370
338,2370
339,2370
340,2370
341,2370
342,2370
343,2370
344,2370
345,2370
346,2370
347,2370
348,2370
349,2370
350,2370
351,2370
352,2370
353,2370
354,2370
355,2370
356,2370
357,2370
358,2370
359,2370
360,2370
361,2370
362,2370
363,2370
364,2370
365,2370
366,2370
367,2370
368,2370
369,2370
370,2370
371,2370
372,2370
373,2370
374,2370
375,2370
376,2370
377,2370
378,2370
379,2370
380,2370
381,2370
382,2370
383,2370
384,2370
385,2370
386,2370
387,2370
388,2370
389,2370
390,2370
391,2370
392,2370
393,2370
394,2370
395,2370
396,2370
397,2370
398,2370
399,2370
400,2370
401,2370
402,2370
403,2370
404,2370
405,2370
406,2370
407,2370
408,2370
409,2370
410,2370
411,2370
412,2370
413,2370
414,2370
415,2370
416,2370
417,2370
418,2370
419,2370
420,2370
421,2370
422,2370
423,2370
424,2370
425,2370
426,2370
427,2370
428,2370
429,2370
430,2370
431,2370
432,2370
433,2370
434,2370
435,2370
436,2370
437,2370
438,2370
439,2370
440,2370
441,2370
442,2370
443,2370
444,2370
445,2370
446,2370
447,2370
448,2370
449,2370
450,2370
451,2370
452,2370
453,2370
454,2370
455,2370
456,2370
457,2370
458,2370
459,2370
460,2370
461,2370
462,2370
463,2370
464,2370
465,2370
466,2370
467,2370
468,2370
469,2370
470,2370
471,2370
472,2370
473,2370
474,2370
475,2370
476,2370
477,2370
478,2370
479,2370
480,2370
481,2370
482,2370
483,2370
484,2370
485,2370
486,2370
487,2370
488,2370
489,2370
490,2370
491,2370
492,2370
493,2370
494,2370
495,2370
496,2370
497,2370
498,2370
499,2370
500,2370
501,2370
502,2370
503,2370
504,2370
505,2370
506,2370
507,2370
508,2370
509,2370
510,2370
511,2370
512,2370
513,2370
514,2370
515,2370
516,2370
517,2370
518,2370
519,2370
520,2370
521,2370
522,2370
523,2370
524,2370
525,2370
526,2370
527,2370
528,2370
529,2370
530,2370
531,2370
532,2370
533,2370
534,2370
535,2370
536,2370
537,2370
538,2370
539,2370
540,2370
541,2370
542,2370
543,2370
544,2370
545,2370
546,2370
547,2370
548,2370
549,2370
550,2370
551,2370
552,2370
553,2370
554,2370
555,2370
556,2370
557,2370
558,2370
559,2370
560,2370
561,2370
562,2370
563,2370
564,2370
565,2370
566,2370
567,2370
568,2370
569,2370
570,2370
571,2370
572,2370
573,2370
574,2370
575,2370
576,2370
577,2370
578,2370
579,2370
580,2370
581,2370
582,2370
583,2370
584,2370
585,2370
586,2370
587,2370
588,2370
589,2370
590,2370
591,2370
592,2370
593,2370
594,2370
595,2370
596,2370
597,2370
598,2370
599,2370
600,2370
601,2370
602,2370
603,2370
604,2370
605,2370
606,2370
607,2370
608,2370
609,2370
610,2370
611,2370
612,2370
613,2370
614,2370
615,2370
616,2370
617,2370
618,2370
619,2370
620,2370
621,2370
622,2370
623,2370
624,2370
625,2370
626,2370
627,2370
628,2370
629,2370
630,2370
631,2370
632,2370
633,2370
634,2370
635,2370
636,2370
637,2370
638,2370
639,2370
640,2370
641,2370
642,2370
643,2370
644,2370
645,2370
646,2370
647,2370
648,2370
649,2370
650,2370
651,2370
652,2370
653,2370
654,2370
655,2370
656,2370
657,2370
658,2370
659,2370
660,2370
661,2370
662,2370
663,2370
664,2370
665,2370
666,2370
667,2370
668,2370
669,2370
670,2370
671,2370
672,2370
673,2421
674,2421
675,2421
676,2421
677,2421
678,2421
679,2421
680,2421
681,2421
682,2421
683,2421
684,2421
685,2421
686,2421
687,2421
688,2421
689,2421
690,2421
691,2421
692,2421
693,2421
694,2421
695,2421
696,2421
697,2421
698,2421
699,2421
700,2421
701,2421
702,2421
703,2421
704,2421
705,2421
706,2421
707,2421
708,2421
709,2421
710,2421
711,2421
712,2421
713,2421
714,2421
715,2421
716,2421
717,2421
718,2421
719,2421
720,2421
721,2421
722,2421
723,2421
724,2421
725,2421
726,2421
727,2421
728,2421
729,2421
730,2421
731,2421
732,2421
733,2421
734,2421
735,2421
736,2421
737,2421
738,2421
739,2421
740,2421
741,2421
742,2421
743,2421
744,2421
745,2421
746,2421
747,2421
748,2421
749,2421
750,2421
751,2421
752,2421
753,2421
754,2421
755,2421
756,2421
757,2421
758,2421
759,2421
760,2421
761,2421
762,2421
763,2421
764,2421
765,2421
766,2421
767,2421
768,2421
769,2421
770,2421
771,2421
772,2421
773,2421
774,2421
775,2421
776,2421
777,2421
778,2421
779,2421
780,2421
781,2421
782,2421
783,2421
784,2421
785,2421
786,2421
787,2421
788,2421
789,2421
790,2421
791,2421
792,2421
793,2421
794,2421
795,2421
796,2421
797,2421
798,2421
799,2421
800,2421
801,2421
802,2421
803,2421
804,2421
805,2421
806,2421
807,2421
808,2421
809,2421
810,2421
811,2421
812,2421
813,2421
814,2421
815,2421
816,2421
817,2421
818,2421
819,2421
820,2421
821,2421
822,2421
823,2421
824,2421
825,2421
826,2421
827,2421
828,2421
829,2421
830,2421
831,2421
832,2421
833,2421
834,2421
835,2421
836,2421
837,2421
838,2421
839,2421
840,2421
841,2421
842,2421
843,2421
844,2421
845,2421
846,2421
847,2421
848,2421
849,2421
850,2421
851,2421
852,2421
853,2421
854,2421
855,2421
856,2421
857,2421
858,2421
859,2421
860,2421
861,2421
862,2421
863,2421
864,2421
865,2421
866,2421
867,2421
868,2421
869,2421
870,2421
871,2421
872,2421
873,2421
874,2421
875,2421
876,2421
877,2421
878,2421
879,2421
880,2421
881,2421
882,2421
883,2421
884,2421
885,2421
886,2421
887,2421
888,2421
889,2421
890,2421
891,2421
892,2421
893,2421
894,2421
895,2421
896,2421
897,2421
898,2421
899,2421
900,2421
901,2421
902,2421
903,2421
904,2421
905,2421
906,2421
907,2421
908,2421
909,2421
910,2421
911,2421
912,2421
913,2421
914,2421
915,2421
916,2421
917,2421
918,2421
919,2421
920,2421
921,2421
922,2421
923,2421
924,2421
925,2421
926,2421
927,2421
928,2421
929,2421
930,2421
931,2421
932,2421
933,2421
934,2421
935,2421
936,2421
937,2421
938,2421
939,2421
940,2421
941,2421
942,2421
943,2421
944,2421
945,2421
946,2421
947,2421
948,2421
949,2421
950,2421
951,2421
952,2421
953,2421
954,2421
955,2421
956,2421
957,2421
958,2421
959,2421
960,2421
961,2421
962,2421
963,2421
964,2421
965,2421
966,2421
967,2421
968,2421
969,2421
970,2421
971,2421
972,2421
973,2421
974,2421
975,2421
976,2421
977,2421
978,2421
979,2421
980,2421
981,2421
982,2421
983,2421
984,2421
985,2421
986,2421
987,2421
988,2421
989,2421
990,2421
991,2421
992,2421
993,2421
994,2421
995,2421
996,2421
997,2421
998,2421
999,2421
1000,2421
1001,2421
1002,2421
1003,2421
1004,2421
1005,2421
1006,2421
1007,2421
1008,2421
1009,2421
1010,2421
1011,2421
1012,2421
1013,2421
1014,2421
1015,2421
1016,2421
1017,2421
1018,2421
1019,2421
1020,2421
1021,2421
1022,2421
1023,2421
1024,2421
1025,2421
1026,2421
1027,2421
1028,2421
1029,2421
1030,2421
1031,2421
1032,2421
1033,2421
1034,2421
1035,2421
1036,2421
1037,2421
1038,2421
1039,2421
1040,2421
1041,2421
1042,2421
1043,2421
1044,2421
1045,2421
1046,2421
1047,2421
1048,2421
1049,2421
1050,2421
1051,2421
1052,2421
1053,2421
1054,2421
1055,2421
1056,2421
1057,2421
1058,2421
1059,2421
1060,2421
1061,2421
1062,2421
1063,2421
1064,2421
1065,2421
1066,2421
1067,2421
1068,2421
1069,2421
1070,2421
1071,2421
1072,2421
1073,2421
1074,2421
1075,2421
1076,2421
1077,2421
1078,2421
1079,2421
1080,2421
1081,2421
1082,2421
1083,2421
1084,2421
1085,2421
1086,2421
1087,2421
1088,2421
1089,2421
1090,2421
1091,2421
1092,2421
1093,2421
1094,2421
1095,2421
1096,2421
1097,2421
1098,2421
1099,2421
1100,2421
1101,2421
1102,2421
1103,2421
1104,2421
1105,2421
1106,2421
1107,2421
1108,2421
1109,2421
1110,2421
1111,2421
1112,2421
1113,2421
1114,2421
1115,2421
1116,2421
1117,2421
1118,2421
1119,2421
1120,2421
1121,2421
1122,2421
1123,2421
1124,2421
1125,2421
1126,2421
1127,2421
1128,2421
1129,2421
1130,2421
1131,2421
1132,2421
1133,2421
1134,2421
1135,2421
1136,2421
1137,2421
1138,2421
1139,2421
1140,2421
1141,2421
1142,2421
1143,2421
1144,2421
1145,2421
1146,2421
1147,2421
1148,2421
1149,2421
1150,2421
1151,2421
1152,2421
1153,2421
1154,2421
1155,2421
1156,2421
1157,2421
1158,2421
1159,2421
1160,2421
1161,2421
1162,2421
1163,2421
1164,2421
1165,2421
1166,2421
1167,2421
1168,2421
1169,2421
1170,2421
1171,2421
1172,2421
1173,2421
1174,2421
1175,2421
1176,2421
1177,2421
1178,2421
1179,2421
1180,2421
1181,2421
1182,2421
1183,2421
1184,2421
1185,2421
1186,2421
1187,2421
1188,2421
1189,2421
1190,2421
1191,2421
1192,2421
1193,2421
1194,2421
1195,2421
1196,2421
1197,2421
1198,2421
1199,2421
1200,2421
1201,2421
1202,2421
1203,2421
1204,2421
1205,2421
1206,2421
1207,2421
1208,2421
1209,2421
1210,2421
1211,2421
1212,2421
1213,2421
1214,2421
1215,2421
1216,2421
1217,2421
1218,2421
1219,2421
1220,2421
1221,2421
1222,2421
1223,2421
1224,2421
1225,2421
1226,2421
1227,2421
1228,2421
1229,2421
1230,2421
1231,2421
1232,2421
1233,2421
1234,2421
1235,2421
1236,2421
1237,2421
1238,2421
1239,2421
1240,2421
1241,2421
1242,2421
1243,2421
1244,2421
1245,2421
1246,2421
1247,2421
1248,2421
1249,2421
1250,2421
1251,2421
1252,2421
1253,2421
1254,2421
1255,2421
1256,2421
1257,2421
1258,2421
1259,2421
1260,2421
1261,2421
1262,2421
1263,2421
1264,2421
1265,2421
1266,2421
1267,2421
1268,2421
1269,2421
1270,2421
1271,2421
1272,2421
1273,2421
1274,2421
1275,2421
1276,2421
1277,2421
1278,2421
1279,2421
1280,2421
1281,2421
1282,2421
1283,2421
1284,2421
1285,2421
1286,2421
1287,2421
1288,2421
1289,2421
1290,2421
1291,2421
1292,2421
1293,2421
1294,2421
1295,2421
1296,2421
1297,2421
1298,2421
1299,2421
1300,2421
1301,2421
1302,2421
1303,2421
1304,2421
1305,2421
1306,2421
1307,2421
1308,2421
1309,2421
1310,2421
1311,2421
1312,2421
1313,2421
1314,2421
1315,2421
1316,2421
1317,2421
1318,2421
1319,2421
1320,2421
1321,2421
1322,2421
1323,2421
1324,2421
1325,2421
1326,2421
1327,2421
1328,2421
1329,2421
1330,2421
1331,2421
1332,2421
1333,2421
1334,2421
1335,2421
1336,2421
1337,2421
1338,2421
1339,2421
1340,2421
1341,2421
1342,2421
1343,2421
1344,2421
1345,2421
1346,2421
1347,2421
1348,2421
1349,2421
1350,2421
1351,2421
1352,2421
1353,2421
1354,2421
1355,2421
1356,2421
1357,2421
1358,2421
1359,2421
1360,2421
1361,2421
1362,2421
1363,2421
1364,2421
1365,2421
1366,2421
1367,2421
1368,2421
1369,2421
1370,2421
1371,2421
1372,2421
1373,2421
1374,2421
1375,2421
1376,2421
1377,2421
1378,2421
1379,2421
1380,2421
1381,2421
1382,2421
1383,2421
1384,2421
1385,2421
1386,2421
1387,2421
1388,2421
1389,2421
1390,2421
1391,2421
1392,2421
1393,2421
1394,2421
1395,2421
1396,2421
1397,2421
1398,2421
1399,2421
1400,2421
1401,2421
1402,2421
1403,2421
1404,2421
1405,2421
1406,2421
1407,2421
1408,2421
1409,2421
1410,2421
1411,2421
1412,2421
1413,2421
1414,2421
1415,2421
1416,2421
1417,2421
1418,2421
1419,2421
1420,2421
1421,2421
1422,2421
1423,2421
1424,2421
1425,2421
1426,2421
1427,2421
1428,2421
1429,2421
1430,2421
1431,2421
1432,2421
1433,2421
1434,2421
1435,2421
1436,2421
1437,2421
1438,2421
1439,2421
1440,2421
1441,2421
1442,2421
1443,2421
1444,2421
1445,2421
1446,2421
1447,2421
1448,2421
1449,2421
1450,2421
1451,2421
1452,2421
1453,2421
1454,2421
1455,2421
1456,2421
1457,2421
1458,2421
1459,2421
1460,2421
1461,2421
1462,2421
1463,2421
1464,2421
1465,2421
1466,2421
1467,2421
1468,2421
1469,2421
1470,2421
1471,2421
1472,2421
1473,2421
1474,2421
1475,2421
1476,2421
1477,2421
1478,2421
1479,2421
1480,2421
1481,2421
1482,2421
1483,2421
1484,2421
1485,2421
1486,2421
1487,2421
1488,2421
1489,2421
1490,2421
1491,2421
1492,2421
1493,2421
1494,2421
1495,2421
1496,2421
1497,2421
1498,2421
1499,2421
1500,2421
1501,2421
1502,2421
1503,2421
1504,2421
1505,2421
1506,2421
1507,2421
1508,2421
1509,2421
1510,2421
1511,2421
1512,2421
1513,2421
1514,2421
1515,2421
1516,2421
1517,2421
1518,2421
1519,2421
1520,2421
1521,2421
1522,2421
1523,2421
1524,2421
1525,2421
1526,2421
1527,2421
1528,2421
1529,2421
1530,2421
1531,2421
1532,2421
1533,2421
1534,2421
1535,2421
1536,2421
1537,2421
1538,2421
1539,2421
1540,2421
1541,2421
1542,2421
1543,2421
1544,2421
1545,2421
1546,2421
1547,2421
1548,2421
1549,2421
1550,2421
1551,2421
1552,2421
1553,2421
1554,2421
1555,2421
1556,2421
1557,2421
1558,2421
1559,2421
1560,2421
1561,2421
1562,2421
1563,2421
1564,2421
1565,2421
1566,2421
1567,2421
1568,2421
1569,2421
1570,2421
1571,2421
1572,2421
1573,2421
1574,2421
1575,2421
1576,2421
1577,2421
1578,2421
1579,2421
1580,2421
1581,2421
1582,2421
1583,2421
1584,2421
1585,2421
1586,2421
1587,2421
1588,2421
1589,2421
1590,2421
1591,2421
1592,2421
1593,2421
1594,2421
1595,2421
1596,2421
1597,2421
1598,2421
1599,2421
1600,2421
1601,2421
1602,2421
1603,2421
1604,2421
1605,2421
1606,2421
1607,2421
1608,2421
1609,2421
1610,2421
1611,2421
1612,2421
1613,2421
1614,2421
1615,2421
1616,2421
1617,2421
1618,2421
1619,2421
1620,2421
1621,2421
1622,2421
1623,2421
1624,2421
1625,2421
1626,2421
1627,2421
1628,2421
1629,2421
1630,2421
1631,2421
1632,2421
1633,2421
1634,2421
1635,2421
1636,2421
1637,2421
1638,2421
1639,2421
1640,2421
1641,2421
1642,2421
1643,2421
1644,2421
1645,2421
1646,2421
1647,2421
1648,2421
1649,2421
1650,2421
1651,2421
1652,2421
1653,2421
1654,2421
1655,2421
1656,2421
1657,2421
1658,2421
1659,2421
1660,2421
1661,2421
1662,2421
1663,2421
1664,2421
1665,2421
1666,2421
1667,2421
1668,2421
1669,2421
1670,2421
1671,2421
1672,2421
1673,2421
1674,2421
1675,2421
1676,2421
1677,2421
1678,2421
1679,2421
1680,2421
1681,2421
1682,2421
1683,2421
1684,2421
1685,2421
1686,2421
1687,2421
1688,2421
1689,2421
1690,2421
1691,2421
1692,2421
1693,2421
1694,2421
1695,2421
1696,2421
1697,2421
1698,2421
1699,2421
1700,2421
1701,2421
1702,2421
1703,2421
1704,2421
1705,2421
1706,2421
1707,2421
1708,2421
1709,2421
1710,2421
1711,2421
1712,2421
1713,2421
1714,2421
1715,2421
1716,2421
1717,2421
1718,2421
1719,2421
1720,2421
1721,2421
1722,2421
1723,2421
1724,2421
1725,2421
1726,2421
1727,2421
1728,2421
1729,2421
1730,2421
1731,2421
1732,2421
1733,2421
1734,2421
1735,2421
1736,2421
1737,2421
1738,2421
1739,2421
1740,2421
1741,2421
1742,2421
1743,2421
1744,2421
1745,2421
1746,2421
1747,2421
1748,2421
1749,2421
1750,2421
1751,2421
1752,2421
1753,2421
1754,2421
1755,2421
1756,2421
1757,2421
1758,2421
1759,2421
1760,2421
1761,2421
1762,2421
1763,2421
1764,2421
1765,2421
1766,2421
1767,2421
1768,2421
1769,2421
1770,2421
1771,2421
1772,2421
1773,2421
1774,2421
1775,2421
1776,2421
1777,2421
1778,2421
1779,2421
1780,2421
1781,2421
1782,2421
1783,2421
1784,2421
1785,2421
1786,2421
1787,2421
1788,2421
1789,2421
1790,2421
1791,2421
1792,2421
1793,2421
1794,2421
1795,2421
1796,2421
1797,2421
1798,2421
1799,2421
1800,2421
1801,2421
1802,2421
1803,2421
1804,2421
1805,2421
1806,2421
1807,2421
1808,2421
1809,2421
1810,2421
1811,2421
1812,2421
1813,2421
1814,2421
1815,2421
1816,2421
1817,2421
1818,2421
1819,2421
1820,2421
1821,2421
1822,2421
1823,2421
1824,2421
1825,2421
1826,2421
1827,2421
1828,2421
1829,2421
1830,2421
1831,2421
1832,2421
1833,2421
1834,2421
1835,2421
1836,2421
1837,2421
1838,2421
1839,2421
1840,2421
1841,2421
1842,2421
1843,2421
1844,2421
1845,2421
1846,2421
1847,2421
1848,2421
1849,2421
1850,2421
1851,2421
1852,2421
1853,2421
1854,2421
1855,2421
1856,2421
1857,2421
1858,2421
1859,2421
1860,2421
1861,2421
1862,2421
1863,2421
1864,2421
1865,2421
1866,2421
1867,2421
1868,2421
1869,2421
1870,2421
1871,2421
1872,2421
1873,2421
1874,2421
1875,2421
1876,2421
1877,2421
1878,2421
1879,2421
1880,2421
1881,2421
1882,2421
1883,2421
1884,2421
1885,2421
1886,2421
1887,2421
1888,2421
1889,2421
1890,2421
1891,2421
1892,2421
1893,2421
1894,2421
1895,2421
1896,2421
1897,2421
1898,2421
1899,2421
1900,2421
1901,2421
1902,2421
1903,2421
1904,2421
1905,2421
1906,2421
1907,2421
1908,2421
1909,2421
1910,2421
1911,2421
1912,2421
1913,2421
1914,2421
1915,2421
1916,2421
1917,2421
1918,2421
1919,2421
1920,2421
1921,2421
1922,2421
1923,2421
1924,2421
1925,2421
1926,2421
1927,2421
1928,2421
1929,2421
1930,2421
1931,2421
1932,2421
1933,2421
1934,2421
1935,2421
1936,2421
1937,2421
1938,2421
1939,2421
1940,2421
1941,2421
1942,2421
1943,2421
1944,2421
1945,2421
1946,2421
1947,2421
1948,2421
1949,2421
1950,2421
1951,2421
1952,2421
1953,2421
1954,2421
1955,2421
1956,2421
1957,2421
1958,2421
1959,2421
1960,2421
1961,2421
1962,2421
1963,2421
1964,2421
1965,2421
1966,2421
1967,2421
1968,2421
1969,2421
1970,2421
1971,2421
1972,2421
1973,2421
1974,2421
1975,2421
1976,2421
1977,2421
1978,2421
1979,2421
1980,2421
1981,2421
1982,2421
1983,2421
1984,2421
1985,2421
1986,2421
1987,2421
1988,2421
1989,2421
1990,2421
1991,2421
1992,2421
1993,2421
1994,2421
1995,2421
1996,2421
1997,2421
1998,2421
1999,2421
2000,2421
2001,2421
2002,2421
2003,2421
2004,2421
2005,2421
2006,2421
2007,2421
2008,2421
2009,2421
2010,2421
2011,2421
2012,2421
2013,2421
2014,2421
2015,2421
2016,2421
2017,2421
2018,2421
2019,2421
2020,2421
2021,2421
2022,2421
2023,2421
2024,2421
2025,2421
2026,2421
2027,2421
2028,2421
2029,2421
2030,2421
2031,2421
2032,2421
2033,2421
2034,2421
2035,2421
2036,2421
2037,2421
2038,2421
2039,2421
2040,2421
2041,2421
2042,2421
2043,2421
2044,2421
2045,2421
2046,2421
2047,2421
2048,2421
2049,2421
2050,2421
2051,2421
2052,2421
2053,2421
2054,2421
2055,2421
2056,2421
2057,2421
2058,2421
2059,2421
2060,2421
2061,2421
2062,2421
2063,2421
2064,2421
2065,2421
2066,2421
2067,2421
2068,2421
2069,2421
2070,2421
2071,2421
2072,2421
2073,2421
2074,2421
2075,2421
2076,2421
2077,2421
2078,2421
2079,2421
2080,2421
2081,2421
2082,2421
2083,2421
2084,2421
2085,2421
2086,2421
2087,2421
2088,2421
2089,2421
2090,2421
2091,2421
2092,2421
2093,2421
2094,2421
2095,2421
2096,2421
2097,2421
2098,2421
2099,2421
2100,2421
2101,2421
2102,2421
2103,2421
2104,2421
2105,2421
2106,2421
2107,2421
2108,2421
2109,2421
2110,2421
2111,2421
2112,2421
2113,2421
2114,2421
2115,2421
2116,2421
2117,2421
2118,2421
2119,2421
2120,2421
2121,2421
2122,2421
2123,2421
2124,2421
2125,2421
2126,2421
2127,2421
2128,2421
2129,2421
2130,2421
2131,2421
2132,2421
2133,2421
2134,2421
2135,2421
2136,2421
2137,2421
2138,2421
2139,2421
2140,2421
2141,2421
2142,2421
2143,2421
2144,2421
2145,2421
2146,2421
2147,2421
2148,2421
2149,2421
2150,2421
2151,2421
2152,2421
2153,2421
2154,2421
2155,2421
2156,2421
2157,2421
2158,2421
2159,2421
2160,2421
2161,2421
2162,2421
2163,2421
2164,2421
2165,2421
2166,2421
2167,2421
2168,2421
2169,2421
2170,2421
2171,2421
2172,2421
2173,2421
2174,2421
2175,2421
2176,2421
2177,2421
2178,2421
2179,2421
2180,2421
2181,2421
2182,2421
2183,2421
2184,2421
2185,2421
2186,2421
2187,2421
2188,2421
2189,2421
2190,2421
2191,2421
2192,2421
2193,2421
2194,2421
2195,2421
2196,2421
2197,2421
2198,2421
2199,2421
2200,2421
2201,2421
2202,2421
2203,2421
2204,2421
2205,2421
2206,2421
2207,2421
2208,2421
2209,2421
2210,2421
2211,2421
2212,2421
2213,2421
2214,2421
2215,2421
2216,2421
2217,2421
2218,2421
2219,2421
2220,2421
2221,2421
2222,2421
2223,2421
2224,2421
2225,2421
2226,2421
2227,2421
2228,2421
2229,2421
2230,2421
2231,2421
2232,2421
2233,2421
2234,2421
2235,2421
2236,2421
2237,2421
2238,2421
2239,2421
2240,2421
2241,2421
2242,2421
2243,2421
2244,2421
2245,2421
2246,2421
2247,2421
2248,2421
2249,2421
2250,2421
2251,2421
2252,2421
2253,2421
2254,2421
2255,2421
2256,2421
2257,2421
2258,2421
2259,2421
2260,2421
2261,2421
2262,2421
2263,2421
2264,2421
2265,2421
2266,2421
2267,2421
2268,2421
2269,2421
2270,2421
2271,2421
2272,2421
2273,2421
2274,2421
2275,2421
2276,2421
2277,2421
2278,2421
2279,2421
2280,2421
2281,2421
2282,2421
2283,2421
2284,2421
2285,2421
2286,2421
2287,2421
2288,2421
2289,2421
2290,2421
2291,2421
2292,2421
2293,2421
2294,2421
2295,2421
2296,2421
2297,2421
2298,2421
2299,2421
2300,2421
2301,2421
2302,2421
2303,2421
2304,2421
2305,2421
2306,2421
2307,2421
2308,2421
2309,2421
2310,2421
2311,2421
2312,2421
2313,2421
2314,2421
2315,2421
2316,2421
2317,2421
2318,2421
2319,2421
2320,2421
2321,2421
2322,2421
2323,2421
2324,2421
2325,2421
2326,2421
2327,2421
2328,2421
2329,2421
2330,2421
2331,2421
2332,2421
2333,2421
2334,2421
2335,2421
2336,2421
2337,2421
2338,2421
2339,2421
2340,2421
2341,2421
2342,2421
2343,2421
2344,2421
2345,2421
2346,2421
2347,2421
2348,2421
2349,2421
2350,2421
2351,2421
2352,2421
2353,2421
2354,2421
2355,2421
2356,2421
2357,2421
2358,2421
2359,2421
2360,2421
2361,2421
2362,2421
2363,2421
2364,2421
2365,2421
2366,2421
2367,2421
2368,2421
2369,2421
2370,2421
2371,2421
2372,2421
2373,2421
2374,2421
2375,2421
2376,2421
2377,2421
2378,2421
2379,2421
2380,2421
2381,2421
2382,2421
2383,2421
2384,2421
2385,2421
2386,2421
2387,2421
2388,2421
2389,2421
2390,2421
2391,2421
2392,2421
2393,2421
2394,2421
2395,2421
2396,2421
2397,2421
2398,2421
2399,2421
2400,2421
2401,2421
2402,2421
2403,2421
2404,2421
2405,2421
2406,2421
2407,2421
2408,2421
2409,2421
2410,2421
2411,2421
2412,2421
2413,2421
2414,2421
2415,2421
2416,2421
2417,2421
2418,2421
2419,2421
2420,2421
2421,2421
2422,2421
2423,2421
2424,2421
2425,2421
2426,2421
2427,2421
2428,2421
2429,2421
2430,2421
2431,2421
2432,2421
2433,2421
2434,2421
2435,2421
2436,2421
2437,2421
2438,2421
2439,2421
2440,2421
2441,2421
2442,2421
2443,2421
2444,2421
2445,2421
2446,2421
2447,2421
2448,2421
2449,2421
2450,2421
2451,2421
2452,2421
2453,2421
2454,2421
2455,2421
2456,2421
2457,2421
2458,2421
2459,2421
2460,2421
2461,2421
2462,2421
2463,2421
2464,2421
2465,2421
2466,2421
2467,2421
2468,2421
2469,2421
2470,2421
2471,2421
2472,2421
2473,2421
2474,2421
2475,2421
2476,2421
2477,2421
2478,2421
2479,2421
2480,2421
2481,2421
2482,2421
2483,2421
2484,2421
2485,2421
2486,2421
2487,2421
2488,2421
2489,2421
2490,2421
2491,2421
2492,2421
2493,2421
2494,2421
2495,2421
2496,2421
2497,2421
2498,2421
2499,2421
2500,2421
2501,2421
2502,2421
2503,2421
2504,2421
2505,2421
2506,2421
2507,2421
2508,2421
2509,2421
2510,2421
2511,2421
2512,2421
2513,2421
2514,2421
2515,2421
2516,2421
2517,2421
2518,2421
2519,2421
2520,2421
2521,2421
2522,2421
2523,2421
2524,2421
2525,2421
2526,2421
2527,2421
2528,2421
2529,2421
2530,2421
2531,2421
2532,2421
2533,2421
2534,2421
2535,2421
2536,2421
2537,2421
2538,2421
2539,2421
2540,2421
2541,2421
2542,2421
2543,2421
2544,2421
2545,2421
2546,2421
2547,2421
2548,2421
2549,2421
2550,2421
2551,2421
2552,2421
2553,2421
2554,2421
2555,2421
2556,2421
2557,2421
2558,2421
2559,2421
2560,2421
2561,2421
2562,2421
2563,2421
2564,2421
2565,2421
2566,2421
2567,2421
2568,2421
2569,2421
2570,2421
2571,2421
2572,2421
2573,2421
2574,2421
2575,2421
2576,2421
2577,2421
2578,2421
2579,2421
2580,2421
2581,2421
2582,2421
2583,2421
2584,2421
2585,2421
2586,2421
2587,2421
2588,2421
2589,2421
2590,2421
2591,2421
2592,2421
2593,2421
2594,2421
2595,2421
2596,2421
2597,2421
2598,2421
2599,2421
2600,2421
2601,2421
2602,2421
2603,2421
2604,2421
2605,2421
2606,2421
2607,2421
2608,2421
2609,2421
2610,2421
2611,2421
2612,2421
2613,2421
2614,2421
2615,2421
2616,2421
2617,2421
2618,2421
2619,2421
2620,2421
2621,2421
2622,2421
2623,2421
2624,2421
2625,2421
2626,2421
2627,2421
2628,2421
2629,2421
2630,2421
2631,2421
2632,2421
2633,2421
2634,2421
2635,2421
2636,2421
2637,2421
2638,2421
2639,2421
2640,2421
2641,2421
2642,2421
2643,2421
2644,2421
2645,2421
2646,2421
2647,2421
2648,2421
2649,2421
2650,2421
2651,2421
2652,2421
2653,2421
2654,2421
2655,2421
2656,2421
2657,2421
2658,2421
2659,2421
2660,2421
2661,2421
2662,2421
2663,2421
2664,2421
2665,2421
2666,2421
2667,2421
2668,2421
2669,2421
2670,2421
2671,2421
2672,2421
2673,2421
2674,2421
2675,2421
2676,2421
2677,2421
2678,2421
2679,2421
2680,2421
2681,2421
2682,2421
2683,2421
2684,2421
2685,2421
2686,2421
2687,2421
2688,2421
2689,2421
2690,2421
2691,2421
2692,2421
2693,2421
2694,2421
2695,2421
2696,2421
2697,2421
2698,2421
2699,2421
2700,2421
2701,2421
2702,2421
2703,2421
2704,2421
2705,2421
2706,2421
2707,2421
2708,2421
2709,2421
2710,2421
2711,2421
2712,2421
2713,2421
2714,2421
2715,2421
2716,2421
2717,2421
2718,2421
2719,2421
2720,2421
2721,2421
2722,2421
2723,2421
2724,2421
2725,2421
2726,2421
2727,2421
2728,2421
2729,2421
2730,2421
2731,2421
2732,2421
2733,2421
2734,2421
2735,2421
2736,2421
2737,2421
2738,2421
2739,2421
2740,2421
2741,2421
2742,2421
2743,2421
2744,2421
2745,2421
2746,2421
2747,2421
2748,2421
2749,2421
2750,2421
2751,2421
2752,2421
2753,2421
2754,2421
2755,2421
2756,2421
2757,2421
2758,2421
2759,2421
2760,2421
2761,2421
2762,2421
2763,2421
2764,2421
2765,2421
2766,2421
2767,2421
2768,2421
2769,2421
2770,2421
2771,2421
2772,2421
2773,2421
2774,2421
2775,2421
2776,2421
2777,2421
2778,2421
2779,2421
2780,2421
2781,2421
2782,2421
2783,2421
2784,2421
2785,2421
2786,2421
2787,2421
2788,2421
2789,2421
2790,2421
2791,2421
2792,2421
2793,2421
2794,2421
2795,2421
2796,2421
2797,2421
2798,2421
2799,2421
2800,2421
2801,2421
2802,2421
2803,2421
2804,2421
2805,2421
2806,2421
2807,2421
2808,2421
2809,2421
2810,2421
2811,2421
2812,2421
2813,2421
2814,2421
2815,2421
2816,2421
2817,2421
2818,2421
2819,2421
2820,2421
2821,2421
2822,2421
2823,2421
2824,2421
2825,2421
2826,2421
2827,2421
2828,2421
2829,2421
2830,2421
2831,2421
2832,2421
2833,2421
2834,2421
2835,2421
2836,2421
2837,2421
2838,2421
2839,2421
2840,2421
2841,2421
2842,2421
2843,2421
2844,2421
2845,2421
2846,2421
2847,2421
2848,2421
2849,2421
2850,2421
2851,2421
2852,2421
2853,2421
2854,2421
2855,2421
2856,2421
2857,2421
2858,2421
2859,2421
2860,2421
2861,2421
2862,2421
2863,2421
2864,2421
2865,2421
2866,2421
2867,2421
2868,2421
2869,2421
2870,2421
2871,2421
2872,2421
2873,2421
2874,2421
2875,2421
2876,2421
2877,2421
2878,2421
2879,2421
2880,2421
2881,2421
2882,2421
2883,2421
2884,2421
2885,2421
2886,2421
2887,2421
2888,2421
2889,2421
2890,2421
2891,2421
2892,2421
2893,2421
2894,2421
2895,2421
2896,2421
2897,2421
2898,2421
2899,2421
2900,2421
2901,2421
2902,2421
2903,2421
2904,2421
2905,2421
2906,2421
2907,2421
2908,2421
2909,2421
2910,2421
2911,2421
2912,2421
2913,2421
2914,2421
2915,2421
2916,2421
2917,2421
2918,2421
2919,2421
2920,2421
2921,2421
2922,2421
2923,2421
2924,2421
2925,2421
2926,2421
2927,2421
2928,2421
2929,2421
2930,2421
2931,2421
2932,2421
2933,2421
2934,2421
2935,2421
2936,2421
2937,2421
2938,2421
2939,2421
2940,2421
2941,2421
2942,2421
2943,2421
2944,2421
2945,2421
2946,2421
2947,2421
2948,2421
2949,2421
2950,2421
2951,2421
2952,2421
2953,2421
2954,2421
2955,2421
2956,2421
2957,2421
2958,2421
2959,2421
2960,2421
2961,2421
2962,2421
2963,2421
2964,2421
2965,2421
2966,2421
2967,2421
2968,2421
2969,2421
2970,2421
2971,2421
2972,2421
2973,2421
2974,2421
2975,2421
2976,2421
2977,2421
2978,2421
2979,2421
2980,2421
2981,2421
2982,2421
2983,2421
2984,2421
2985,2421
2986,2421
2987,2421
2988,2421
2989,2421
2990,2421
2991,2421
2992,2421
2993,2421
2994,2421
2995,2421
2996,2421
2997,2421
2998,2421
2999,2421
3000,2421
3001,2421
3002,2421
3003,2421
3004,2421
3005,2421
3006,2421
3007,2421
3008,2421
3009,2421
3010,2421
3011,2421
3012,2421
3013,2421
3014,2421
3015,2421
3016,2421
3017,2421
3018,2421
3019,2421
3020,2421
3021,2421
3022,2421
3023,2421
3024,2421
3025,2421
3026,2421
3027,2421
3028,2421
3029,2421
3030,2421
3031,2421
3032,2421
3033,2421
3034,2421
3035,2421
3036,2421
3037,2421
3038,2421
3039,2421
3040,2421
3041,2421
3042,2421
3043,2421
3044,2421
3045,2421
3046,2421
3047,2421
3048,2421
3049,2421
3050,2421
3051,2421
3052,2421
3053,2421
3054,2421
3055,2421
3056,2421
3057,2421
3058,2421
3059,2421
3060,2421
3061,2421
3062,2421
3063,2421
3064,2421
3065,2421
3066,2421
3067,2421
3068,2421
3069,2421
3070,2421
3071,2421
3072,2421
3073,2421
3074,2421
3075,2421
3076,2421
3077,2421
3078,2421
3079,2421
3080,2421
3081,2421
3082,2421
3083,2421
3084,2421
3085,2421
3086,2421
3087,2421
3088,2421
3089,2421
3090,2421
3091,2421
3092,2421
3093,2421
3094,2421
3095,2421
3096,2421
3097,2421
3098,2421
3099,2421
3100,2421
3101,2421
3102,2421
3103,2421
3104,2421
3105,2421
3106,2421
3107,2421
3108,2421
3109,2421
3110,2421
3111,2421
3112,2421
3113,2421
3114,2421
3115,2421
3116,2421
3117,2421
3118,2421
3119,2421
3120,2421
3121,2421
3122,2421
3123,2421
3124,2421
3125,2421
3126,2421
3127,2421
3128,2421
3129,2421
3130,2421
3131,2421
3132,2421
3133,2421
3134,2421
3135,2421
3136,2421
3137,2421
3138,2421
3139,2421
3140,2421
3141,2421
3142,2421
3143,2421
3144,2421
3145,2421
3146,2421
3147,2421
3148,2421
3149,2421
3150,2421
3151,2421
3152,2421
3153,2421
3154,2421
3155,2421
3156,2421
3157,2421
3158,2421
3159,2421
3160,2421
3161,2421
3162,2421
3163,2421
3164,2421
3165,2421
3166,2421
3167,2421
3168,2421
3169,2421
3170,2421
3171,2421
3172,2421
3173,2421
3174,2421
3175,2421
3176,2421
3177,2421
3178,2421
3179,2421
3180,2421
3181,2421
3182,2421
3183,2421
3184,2421
3185,2421
3186,2421
3187,2421
3188,2421
3189,2421
3190,2421
3191,2421
3192,2421
3193,2421
3194,2421
3195,2421
3196,2421
3197,2421
3198,2421
3199,2421
3200,2421
3201,2421
3202,2421
3203,2421
3204,2421
3205,2421
3206,2421
3207,2421
3208,2421
3209,2421
3210,2421
3211,2421
3212,2421
3213,2421
3214,2421
3215,2421
3216,2421
3217,2421
3218,2421
3219,2421
3220,2421
3221,2421
3222,2421
3223,2421
3224,2421
3225,2421
3226,2421
3227,2421
3228,2421
3229,2421
3230,2421
3231,2421
3232,2421
3233,2421
3234,2421
3235,2421
3236,2421
3237,2421
3238,2421
3239,2421
3240,2421
3241,2421
3242,2421
3243,2421
3244,2421
3245,2421
3246,2421
3247,2421
3248,2421
3249,2421
3250,2421
3251,2421
3252,2421
3253,2421
3254,2421
3255,2421
3256,2421
3257,2421
3258,2421
3259,2421
3260,2421
3261,2421
3262,2421
3263,2421
3264,2421
3265,2421
3266,2421
3267,2421
3268,2421
3269,2421
3270,2421
3271,2421
3272,2421
3273,2421
3274,2421
3275,2421
3276,2421
3277,2421
3278,2421
3279,2421
3280,2421
3281,2421
3282,2421
3283,2421
3284,2421
3285,2421
3286,2421
3287,2421
3288,2421
3289,2421
3290,2421
3291,2421
3292,2421
3293,2421
3294,2421
3295,2421
3296,2421
3297,2421
3298,2421
3299,2421
3300,2421
3301,2421
3302,2421
3303,2421
3304,2421
3305,2421
3306,2421
3307,2421
3308,2421
3309,2421
3310,2421
3311,2421
3312,2421
3313,2421
3314,2421
3315,2421
3316,2421
3317,2421
3318,2421
3319,2421
3320,2421
3321,2421
3322,2421
3323,2421
3324,2421
3325,2421
3326,2421
3327,2421
3328,2421
3329,2421
3330,2421
3331,2421
3332,2421
3333,2421
3334,2421
3335,2421
3336,2421
3337,2421
3338,2421
3339,2421
3340,2421
3341,2421
3342,2421
3343,2421
3344,2421
3345,2421
3346,2421
3347,2421
3348,2421
3349,2421
3350,2421
3351,2421
3352,2421
3353,2421
3354,2421
3355,2421
3356,2421
3357,2421
3358,2421
3359,2421
3360,2421
3361,2421
3362,2421
3363,2421
3364,2421
3365,2421
3366,2421
3367,2421
3368,2421
3369,2421
3370,2421
3371,2421
3372,2421
3373,2421
3374,2421
3375,2421
3376,2421
3377,2421
3378,2421
3379,2421
3380,2421
3381,2421
3382,2421
3383,2421
3384,2421
3385,2421
3386,2421
3387,2421
3388,2421
3389,2421
3390,2421
3391,2421
3392,2421
3393,2421
3394,2421
3395,2421
3396,2421
3397,2421
3398,2421
3399,2421
3400,2421
3401,2421
3402,2421
3403,2421
3404,2421
3405,2421
3406,2421
3407,2421
3408,2421
3409,2421
3410,2421
3411,2421
3412,2421
3413,2421
3414,2421
3415,2421
3416,2421
3417,2421
3418,2421
3419,2421
3420,2421
3421,2421
3422,2421
3423,2421
3424,2421
3425,2421
3426,2421
3427,2421
3428,2421
3429,2421
3430,2421
3431,2421
3432,2421
3433,2421
3434,2421
3435,2421
3436,2421
3437,2421
3438,2421
3439,2421
3440,2421
3441,2421
3442,2421
3443,2421
3444,2421
3445,2421
3446,2421
3447,2421
3448,2421
3449,2421
3450,2421
3451,2421
3452,2421
3453,2421
3454,2421
3455,2421
3456,2421
3457,2421
3458,2421
3459,2421
3460,2421
3461,2421
3462,2421
3463,2421
3464,2421
3465,2421
3466,2421
3467,2421
3468,2421
3469,2421
3470,2421
3471,2421
3472,2421
3473,2421
3474,2421
3475,2421
3476,2421
3477,2421
3478,2421
3479,2421
3480,2421
3481,2421
3482,2421
3483,2421
3484,2421
3485,2421
3486,2421
3487,2421
3488,2421
3489,2421
3490,2421
3491,2421
3492,2421
3493,2421
3494,2421
3495,2421
3496,2421
3497,2421
3498,2421
3499,2421
3500,2421
3501,2421
3502,2421
3503,2421
3504,2421
3505,2421
3506,2421
3507,2421
3508,2421
3509,2421
3510,2421
3511,2421
3512,2421
3513,2421
3514,2421
3515,2421
3516,2421
3517,2421
3518,2421
3519,2421
3520,2421
3521,2421
3522,2421
3523,2421
3524,2421
3525,2421
3526,2421
3527,2421
3528,2421
3529,2421
3530,2421
3531,2421
3532,2421
3533,2421
3534,2421
3535,2421
3536,2421
3537,2421
3538,2421
3539,2421
3540,2421
3541,2421
3542,2421
3543,2421
3544,2421
3545,2421
3546,2421
3547,2421
3548,2421
3549,2421
3550,2421
3551,2421
3552,2421
3553,2421
3554,2421
3555,2421
3556,2421
3557,2421
3558,2421
3559,2421
3560,2421
3561,2421
3562,2421
3563,2421
3564,2421
3565,2421
3566,2421
3567,2421
3568,2421
3569,2421
3570,2421
3571,2421
3572,2421
3573,2421
3574,2421
3575,2421
3576,2421
3577,2421
3578,2421
3579,2421
3580,2421
3581,2421
3582,2421
3583,2421
3584,2421
3585,2421
3586,2421
3587,2421
3588,2421
3589,2421
3590,2421
3591,2421
3592,2421
3593,2421
3594,2421
3595,2421
3596,2421
3597,2421
3598,2421
3599,2421
3600,2421
3601,2421
3602,2421
3603,2421
3604,2421
3605,2421
3606,2421
3607,2421
3608,2421
3609,2421
3610,2421
3611,2421
3612,2421
3613,2421
3614,2421
3615,2421
3616,2421
3617,2421
3618,2421
3619,2421
3620,2421
3621,2421
3622,2421
3623,2421
3624,2421
3625,2421
3626,2421
3627,2421
3628,2421
3629,2421
3630,2421
3631,2421
3632,2421
3633,2421
3634,2421
3635,2421
3636,2421
3637,2421
3638,2421
3639,2421
3640,2421
3641,2421
3642,2421
3643,2421
3644,2421
3645,2421
3646,2421
3647,2421
3648,2421
3649,2421
3650,2421
3651,2421
3652,2421
3653,2421
3654,2421
3655,2421
3656,2421
3657,2421
3658,2421
3659,2421
3660,2421
3661,2421
3662,2421
3663,2421
3664,2421
3665,2421
3666,2421
3667,2421
3668,2421
3669,2421
3670,2421
3671,2421
3672,2421
3673,2421
3674,2421
3675,2421
3676,2421
3677,2421
3678,2421
3679,2421
3680,2421
3681,2421
3682,2421
3683,2421
3684,2421
3685,2421
3686,2421
3687,2421
3688,2421
3689,2421
3690,2421
3691,2421
3692,2421
3693,2421
3694,2421
3695,2421
3696,2421
3697,2421
3698,2421
3699,2421
3700,2421
3701,2421
3702,2421
3703,2421
3704,2421
3705,2421
3706,2421
3707,2421
3708,2421
3709,2421
3710,2421
3711,2421
3712,2421
3713,2421
3714,2421
3715,2421
3716,2421
3717,2421
3718,2421
3719,2421
3720,2421
3721,2421
3722,2421
3723,2421
3724,2421
3725,2421
3726,2421
3727,2421
3728,2421
3729,2421
3730,2421
3731,2421
3732,2421
3733,2421
3734,2421
3735,2421
3736,2421
3737,2421
3738,2421
3739,2421
3740,2421
3741,2421
3742,2421
3743,2421
3744,2421
3745,2421
3746,2421
3747,2421
3748,2421
3749,2421
3750,2421
3751,2421
3752,2421
3753,2421
3754,2421
3755,2421
3756,2421
3757,2421
3758,2421
3759,2421
3760,2421
3761,2421
3762,2421
3763,2421
3764,2421
3765,2421
3766,2421
3767,2421
3768,2421
3769,2421
3770,2421
3771,2421
3772,2421
3773,2421
3774,2421
3775,2421
3776,2421
3777,2421
3778,2421
3779,2421
3780,2421
3781,2421
3782,2421
3783,2421
3784,2421
3785,2421
3786,2421
3787,2421
3788,2421
3789,2421
3790,2421
3791,2421
3792,2421
3793,2421
3794,2421
3795,2421
3796,2421
3797,2421
3798,2421
3799,2421
3800,2421
3801,2421
3802,2421
3803,2421
3804,2421
3805,2421
3806,2421
3807,2421
3808,2421
3809,2421
3810,2421
3811,2421
3812,2421
3813,2421
3814,2421
3815,2421
3816,2421
3817,2421
3818,2421
3819,2421
3820,2421
3821,2421
3822,2421
3823,2421
3824,2421
3825,2421
3826,2421
3827,2421
3828,2421
3829,2421
3830,2421
3831,2421
3832,2421
3833,2421
3834,2421
3835,2421
3836,2421
3837,2421
3838,2421
3839,2421
3840,2421
3841,2421
3842,2421
3843,2421
3844,2421
3845,2421
3846,2421
3847,2421
3848,2421
3849,2421
3850,2421
3851,2421
3852,2421
3853,2421
3854,2423
3855,2423
3856,2423
3857,2423
3858,2423
3859,2423
3860,2423
3861,2423
3862,2423
3863,2423
3864,2423
3865,2423
3866,2423
3867,2423
3868,2423
3869,2423
3870,2423
3871,2423
3872,2423
3873,2423
3874,2423
3875,2423
3876,2423
3877,2423
3878,2423
3879,2423
3880,2423
3881,2423
3882,2423
3883,2423
3884,2423
3885,2423
3886,2423
3887,2423
3888,2423
3889,2423
3890,2423
3891,2423
3892,2423
3893,2423
3894,2423
3895,2423
3896,2423
3897,2423
3898,2423
3899,2423
3900,2423
3901,2423
3902,2423
3903,2423
3904,2423
3905,2423
3906,2423
3907,2423
3908,2423
3909,2423
3910,2423
3911,2423
3912,2423
3913,2423
3914,2423
3915,2423
3916,2423
3917,2423
3918,2423
3919,2423
3920,2423
3921,2423
3922,2423
3923,2423
3924,2423
3925,2423
3926,2423
3927,2423
3928,2423
3929,2423
3930,2423
3931,2423
3932,2423
3933,2423
3934,2423
3935,2423
3936,2423
3937,2423
3938,2423
3939,2423
3940,2423
3941,2423
3942,2423
3943,2423
3944,2423
3945,2423
3946,2423
3947,2423
3948,2423
3949,2423
3950,2423
3951,2423
3952,2423
3953,2423
3954,2423
3955,2423
3956,2423
3957,2423
3958,2423
3959,2423
3960,2423
3961,2423
3962,2423
3963,2423
3964,2423
3965,2423
3966,2423
3967,2423
3968,2423
3969,2423
3970,2423
3971,2423
3972,2423
3973,2423
3974,2423
3975,2423
3976,2423
3977,2423
3978,2423
3979,2423
3980,2423
3981,2423
3982,2423
3983,2423
3984,2423
3985,2423
3986,2423
3987,2423
3988,2423
3989,2423
3990,2423
3991,2423
3992,2423
3993,2423
3994,2423
3995,2423
3996,2423
3997,2423
3998,2423
3999,2423
4000,2423
4001,2423
4002,2423
4003,2423
4004,2423
4005,2423
4006,2423
4007,2423
4008,2423
4009,2423
4010,2423
4011,2423
4012,2423
4013,2423
4014,2423
4015,2423
4016,2423
4017,2423
4018,2423
4019,2423
4020,2423
4021,2423
4022,2423
4023,2423
4024,2423
4025,2423
4026,2423
4027,2423
4028,2423
4029,2423
4030,2423
4031,2423
4032,2423
4033,2423
4034,2423
4035,2423
4036,2423
4037,2423
4038,2423
4039,2423
4040,2423
4041,2423
4042,2423
4043,2423
4044,2423
4045,2423
4046,2423
4047,2423
4048,2423
4049,2423
4050,2423
4051,2423
4052,2423
4053,2423
4054,2423
4055,2423
4056,2423
4057,2423
4058,2423
4059,2423
4060,2423
4061,2423
4062,2423
4063,2423
4064,2423
4065,2423
4066,2423
4067,2423
4068,2423
4069,2423
4070,2423
4071,2423
4072,2423
4073,2423
4074,2423
4075,2423
4076,2423
4077,2423
4078,2423
4079,2423
4080,2423
4081,2423
4082,2423
4083,2423
4084,2423
4085,2423
4086,2423
4087,2423
4088,2423
4089,2423
4090,2423
4091,2423
4092,2423
4093,2423
4094,2423
4095,2423
4096,2423
4097,2423
4098,2423
4099,2423
4100,2423
4101,2423
4102,2423
4103,2423
4104,2423
4105,2423
4106,2423
4107,2423
4108,2423
4109,2423
4110,2423
4111,2423
4112,2423
4113,2423
4114,2423
4115,2423
4116,2423
4117,2423
4118,2423
4119,2423
4120,2423
4121,2423
4122,2423
4123,2423
4124,2423
4125,2423
4126,2423
4127,2423
4128,2423
4129,2423
4130,2423
4131,2423
4132,2423
4133,2423
4134,2423
4135,2423
4136,2423
4137,2423
4138,2423
4139,2423
4140,2423
4141,2423
4142,2423
4143,2423
4144,2423
4145,2423
4146,2423
4147,2423
4148,2423
4149,2423
4150,2423
4151,2423
4152,2423
4153,2423
4154,2423
4155,2423
4156,2423
4157,2423
4158,2423
4159,2423
4160,2423
4161,2423
4162,2423
4163,2423
4164,2423
4165,2423
4166,2423
4167,2423
4168,2423
4169,2423
4170,2423
4171,2423
4172,2423
4173,2423
4174,2423
4175,2423
4176,2423
4177,2423
4178,2423
4179,2423
4180,2423
4181,2423
4182,2423
4183,2423
4184,2423
4185,2423
4186,2423
4187,2423
4188,2423
4189,2423
4190,2423
4191,2423
4192,2423
4193,2423
4194,2423
4195,2423
4196,2423
4197,2423
4198,2423
4199,2423
4200,2423
4201,2423
4202,2423
4203,2423
4204,2423
4205,2423
4206,2423
4207,2423
4208,2423
4209,2423
4210,2423
4211,2423
4212,2423
4213,2423
4214,2423
4215,2423
4216,2423
4217,2423
4218,2423
4219,2423
4220,2423
4221,2423
4222,2423
4223,2423
4224,2423
4225,2423
4226,2423
4227,2423
4228,2423
4229,2423
4230,2423
4231,2423
4232,2423
4233,2423
4234,2423
4235,2423
4236,2423
4237,2423
4238,2423
4239,2423
4240,2423
4241,2423
4242,2423
4243,2423
4244,2423
4245,2423
4246,2423
4247,2423
4248,2423
4249,2423
4250,2423
4251,2423
4252,2423
4253,2423
4254,2423
4255,2423
4256,2423
4257,2423
4258,2423
4259,2423
4260,2423
4261,2423
4262,2423
4263,2423
4264,2423
4265,2423
4266,2423
4267,2423
4268,2423
4269,2423
4270,2423
4271,2423
4272,2423
4273,2423
4274,2423
4275,2423
4276,2423
4277,2423
4278,2423
4279,2423
4280,2423
4281,2423
4282,2423
4283,2423
4284,2423
4285,2423
4286,2423
4287,2423
4288,2423
4289,2423
4290,2423
4291,2423
4292,2423
4293,2423
4294,2423
4295,2423
4296,2423
4297,2423
4298,2423
4299,2423
4300,2423
4301,2423
4302,2423
4303,2423
4304,2423
4305,2423
4306,2423
4307,2423
4308,2423
4309,2423
4310,2423
4311,2423
4312,2423
4313,2423
4314,2423
4315,2423
4316,2423
4317,2423
4318,2423
4319,2423
4320,2423
4321,2423
4322,2423
4323,2423
4324,2423
4325,2423
4326,2423
4327,2423
4328,2423
4329,2423
4330,2423
4331,2423
4332,2423
4333,2423
4334,2423
4335,2423
4336,2423
4337,2423
4338,2423
4339,2423
4340,2423
4341,2423
4342,2423
4343,2423
4344,2423
4345,2423
4346,2423
4347,2423
4348,2423
4349,2423
4350,2423
4351,2423
4352,2423
4353,2423
4354,2423
4355,2423
4356,2423
4357,2423
4358,2423
4359,2423
4360,2423
4361,2423
4362,2423
4363,2423
4364,2423
4365,2423
4366,2423
4367,2423
4368,2423
4369,2423
4370,2423
4371,2423
4372,2423
4373,2423
4374,2423
4375,2423
4376,2423
4377,2423
4378,2423
4379,2423
4380,2423
4381,2423
4382,2423
4383,2423
4384,2423
4385,2423
4386,2423
4387,2423
4388,2423
4389,2423
4390,2423
4391,2423
4392,2423
4393,2423
4394,2423
4395,2423
4396,2423
4397,2423
4398,2423
4399,2423
4400,2423
4401,2423
4402,2423
4403,2423
4404,2423
4405,2423
4406,2423
4407,2423
4408,2423
4409,2423
4410,2423
4411,2423
4412,2423
4413,2423
4414,2423
4415,2423
4416,2423
4417,2423
4418,2423
4419,2423
4420,2423
4421,2423
4422,2423
4423,2423
4424,2423
4425,2423
4426,2423
4427,2423
4428,2423
4429,2423
4430,2423
4431,2423
4432,2423
4433,2423
4434,2423
4435,2423
4436,2423
4437,2423
4438,2423
4439,2423
4440,2423
4441,2423
4442,2423
4443,2423
4444,2423
4445,2423
4446,2423
4447,2423
4448,2423
4449,2423
4450,2423
4451,2423
4452,2423
4453,2423
4454,2423
4455,2423
4456,2423
4457,2423
4458,2423
4459,2423
4460,2423
4461,2423
4462,2423
4463,2423
4464,2423
4465,2423
4466,2423
4467,2423
4468,2423
4469,2423
4470,2423
4471,2423
4472,2423
4473,2423
4474,2423
4475,2423
4476,2423
4477,2423
4478,2423
4479,2423
4480,2423
4481,2423
4482,2423
4483,2423
4484,2423
4485,2423
4486,2423
4487,2423
4488,2423
4489,2423
4490,2423
4491,2423
4492,2423
4493,2423
4494,2423
4495,2423
4496,2423
4497,2423
4498,2423
4499,2423
4500,2465
4501,2465
4502,2465
4503,2465
4504,2465
4505,2465
4506,2465
4507,2465
4508,2465
4509,2465
4510,2465
4511,2465
4512,2465
4513,2465
4514,2465
4515,2465
4516,2465
4517,2465
4518,2465
4519,2465
4520,2465
4521,2465
4522,2465
4523,2465
4524,2465
4525,2465
4526,2465
4527,2465
4528,2465
4529,2465
4530,2465
4531,2465
4532,2465
4533,2465
4534,2465
4535,2465
4536,2465
4537,2465
4538,2465
4539,2465
4540,2465
4541,2465
4542,2465
4543,2465
4544,2465
4545,2465
4546,2465
4547,2465
4548,2465
4549,2465
4550,2465
4551,2465
4552,2465
4553,2465
4554,2465
4555,2465
4556,2465
4557,2465
4558,2465
4559,2465
4560,2465
4561,2465
4562,2465
4563,2465
4564,2465
4565,2465
4566,2465
4567,2465
4568,2465
4569,2465
4570,2465
4571,2465
4572,2465
4573,2465
4574,2465
4575,2465
4576,2465
4577,2465
4578,2465
4579,2465
4580,2465
4581,2465
4582,2465
4583,2465
4584,2465
4585,2465
4586,2465
4587,2465
4588,2465
4589,2465
4590,2465
4591,2465
4592,2465
4593,2465
4594,2465
4595,2465
4596,2465
4597,2465
4598,2465
4599,2465
4600,2465
4601,2465
4602,2465
4603,2465
4604,2465
4605,2465
4606,2465
4607,2465
4608,2465
4609,2465
4610,2465
4611,2465
4612,2465
4613,2465
4614,2465
4615,2465
4616,2465
4617,2465
4618,2465
4619,2465
4620,2465
4621,2465
4622,2465
4623,2465
4624,2465
4625,2465
4626,2465
4627,2465
4628,2465
4629,2465
4630,2465
4631,2465
4632,2465
4633,2465
4634,2465
4635,2465
4636,2465
4637,2465
4638,2465
4639,2465
4640,2465
4641,2465
4642,2465
4643,2465
4644,2465
4645,2465
4646,2465
4647,2465
4648,2465
4649,2465
4650,2465
4651,2465
4652,2465
4653,2465
4654,2465
4655,2465
4656,2465
4657,2465
4658,2465
4659,2465
4660,2465
4661,2465
4662,2465
4663,2465
4664,2465
4665,2465
4666,2465
4667,2465
4668,2465
4669,2465
4670,2465
4671,2465
4672,2465
4673,2465
4674,2465
4675,2465
4676,2465
4677,2465
4678,2465
4679,2465
4680,2465
4681,2465
4682,2465
4683,2465
4684,2465
4685,2465
4686,2465
4687,2465
4688,2465
4689,2465
4690,2465
4691,2465
4692,2465
4693,2465
4694,2465
4695,2465
4696,2465
4697,2465
4698,2465
4699,2465
4700,2465
4701,2465
4702,2465
4703,2465
4704,2465
4705,2465
4706,2465
4707,2465
4708,2465
4709,2465
4710,2465
4711,2465
4712,2465
4713,2465
4714,2465
4715,2465
4716,2465
4717,2465
4718,2465
4719,2465
4720,2465
4721,2465
4722,2465
4723,2465
4724,2465
4725,2465
4726,2465
4727,2465
4728,2465
4729,2465
4730,2465
4731,2465
4732,2465
4733,2465
4734,2465
4735,2465
4736,2465
4737,2465
4738,2465
4739,2465
4740,2465
4741,2465
4742,2465
4743,2465
4744,2465
4745,2465
4746,2465
4747,2465
4748,2465
4749,2465
4750,2465
4751,2465
4752,2465
4753,2465
4754,2465
4755,2465
4756,2465
4757,2465
4758,2465
4759,2465
4760,2465
4761,2465
4762,2465
4763,2465
4764,2465
4765,2465
4766,2465
4767,2465
4768,2465
4769,2465
4770,2465
4771,2465
4772,2465
4773,2465
4774,2465
4775,2465
4776,2465
4777,2465
4778,2465
4779,2465
4780,2465
4781,2465
4782,2465
4783,2465
4784,2465
4785,2465
4786,2465
4787,2465
4788,2465
4789,2465
4790,2465
4791,2465
4792,2465
4793,2465
4794,2465
4795,2465
4796,2465
4797,2465
4798,2465
4799,2465
4800,2465
4801,2465
4802,2465
4803,2465
4804,2465
4805,2465
4806,2465
4807,2465
4808,2465
4809,2465
4810,2465
4811,2465
4812,2465
4813,2465
4814,2465
4815,2465
4816,2465
4817,2465
4818,2465
4819,2465
4820,2465
4821,2465
4822,2465
4823,2465
4824,2465
4825,2465
4826,2465
4827,2465
4828,2465
4829,2465
4830,2465
4831,2465
4832,2465
4833,2465
4834,2465
4835,2465
4836,2465
4837,2465
4838,2465
4839,2465
4840,2465
4841,2465
4842,2465
4843,2465
4844,2465
4845,2465
4846,2465
4847,2465
4848,2465
4849,2465
4850,2465
4851,2465
4852,2465
4853,2465
4854,2465
4855,2465
4856,2465
4857,2465
4858,2465
4859,2465
4860,2465
4861,2465
4862,2465
4863,2465
4864,2465
4865,2465
4866,2465
4867,2465
4868,2465
4869,2465
4870,2465
4871,2465
4872,2465
4873,2465
4874,2465
4875,2465
4876,2465
4877,2465
4878,2465
4879,2465
4880,2465
4881,2465
4882,2465
4883,2465
4884,2465
4885,2465
4886,2465
4887,2465
4888,2465
4889,2465
4890,2465
4891,2465
4892,2465
4893,2465
4894,2465
4895,2465
4896,2465
4897,2465
4898,2465
4899,2465
4900,2465
4901,2465
4902,2465
4903,2465
4904,2465
4905,2465
4906,2465
4907,2465
4908,2465
4909,2465
4910,2465
4911,2465
4912,2465
4913,2465
4914,2465
4915,2465
4916,2465
4917,2465
4918,2465
4919,2465
4920,2465
4921,2465
4922,2465
4923,2465
4924,2465
4925,2465
4926,2465
4927,2465
4928,2465
4929,2465
4930,2465
4931,2465
4932,2465
4933,2465
4934,2465
4935,2465
4936,2465
4937,2465
4938,2465
4939,2465
4940,2465
4941,2465
4942,2465
4943,2465
4944,2465
4945,2465
4946,2465
4947,2465
4948,2465
4949,2465
4950,2465
4951,2465
4952,2465
4953,2465
4954,2465
4955,2465
4956,2465
4957,2465
4958,2465
4959,2465
4960,2465
4961,2465
4962,2465
4963,2465
4964,2465
4965,2465
4966,2465
4967,2465
4968,2465
4969,2465
4970,2465
4971,2465
4972,2465
4973,2465
4974,2465
4975,2465
4976,2465
4977,2465
4978,2465
4979,2465
4980,2465
4981,2465
4982,2465
4983,2465
4984,2465
4985,2465
4986,2465
4987,2465
4988,2465
4989,2465
4990,2465
4991,2465
4992,2465
4993,2465
4994,2465
4995,2465
4996,2465
4997,2465
4998,2465
4999,2465
5000,2465
5001,2465
5002,2465
5003,2465
5004,2465
5005,2465
5006,2465
5007,2465
5008,2465
5009,2465
5010,2465
5011,2465
5012,2465
5013,2465
5014,2465
5015,2465
5016,2465
5017,2465
5018,2465
5019,2465
5020,2465
5021,2465
5022,2465
5023,2465
5024,2465
5025,2465
5026,2465
5027,2465
5028,2465
5029,2465
5030,2465
5031,2465
5032,2465
5033,2465
5034,2465
5035,2465
5036,2465
5037,2465
5038,2465
5039,2465
5040,2465
5041,2465
5042,2465
5043,2465
5044,2465
5045,2465
5046,2465
5047,2465
5048,2465
5049,2465
5050,2465
5051,2465
5052,2465
5053,2465
5054,2465
5055,2465
5056,2465
5057,2465
5058,2465
5059,2465
5060,2465
5061,2465
5062,2465
5063,2465
5064,2465
5065,2465
5066,2465
5067,2465
5068,2465
5069,2465
5070,2465
5071,2465
5072,2465
5073,2465
5074,2465
5075,2465
5076,2465
5077,2465
5078,2465
5079,2465
5080,2465
5081,2465
5082,2465
5083,2465
5084,2465
5085,2465
5086,2465
5087,2465
5088,2465
5089,2465
5090,2465
5091,2465
5092,2465
5093,2465
5094,2465
5095,2465
5096,2465
5097,2465
5098,2465
5099,2465
5100,2465
5101,2465
5102,2465
5103,2465
5104,2465
5105,2465
5106,2465
5107,2465
5108,2465
5109,2465
5110,2465
5111,2465
5112,2465
5113,2465
5114,2465
5115,2465
5116,2465
5117,2465
5118,2465
5119,2465
5120,2465
5121,2465
5122,2465
5123,2465
5124,2465
5125,2465
5126,2465
5127,2465
5128,2465
5129,2465
5130,2465
5131,2465
5132,2465
5133,2465
5134,2465
5135,2465
5136,2465
5137,2465
5138,2465
5139,2465
5140,2465
5141,2465
5142,2465
5143,2465
5144,2465
5145,2465
5146,2465
5147,2465
5148,2465
5149,2465
5150,2465
5151,2465
5152,2465
5153,2465
5154,2465
5155,2465
5156,2465
5157,2465
5158,2465
5159,2465
5160,2465
5161,2465
5162,2465
5163,2465
5164,2465
5165,2465
5166,2465
5167,2465
5168,2465
5169,2465
5170,2465
5171,2465
5172,2465
5173,2465
5174,2465
5175,2465
5176,2465
5177,2465
5178,2465
5179,2465
5180,2465
5181,2465
5182,2465
5183,2465
5184,2465
5185,2465
5186,2465
5187,2465
5188,2465
5189,2465
5190,2465
5191,2465
5192,2465
5193,2465
5194,2465
5195,2465
5196,2465
5197,2465
5198,2465
5199,2465
5200,2465
5201,2465
5202,2465
5203,2465
5204,2465
5205,2465
5206,2465
5207,2465
5208,2465
5209,2465
5210,2465
5211,2465
5212,2465
5213,2465
5214,2465
5215,2465
5216,2465
5217,2465
5218,2465
5219,2465
5220,2465
5221,2465
5222,2465
5223,2465
5224,2465
5225,2465
5226,2465
5227,2465
5228,2465
5229,2465
5230,2465
5231,2465
5232,2465
5233,2465
5234,2465
5235,2465
5236,2465
5237,2465
5238,2465
5239,2465
5240,2465
5241,2465
5242,2465
5243,2465
5244,2465
5245,2465
5246,2465
5247,2465
5248,2465
5249,2465
5250,2465
5251,2465
5252,2465
5253,2465
5254,2465
5255,2465
5256,2465
5257,2465
5258,2465
5259,2465
5260,2465
5261,2465
5262,2465
5263,2465
5264,2465
5265,2465
5266,2465
5267,2465
5268,2465
5269,2465
5270,2465
5271,2465
5272,2465
5273,2465
5274,2465
5275,2465
5276,2465
5277,2465
5278,2465
5279,2465
5280,2465
5281,2465
5282,2465
5283,2465
5284,2465
5285,2465
5286,2465
5287,2465
5288,2465
5289,2465
5290,2465
5291,2465
5292,2465
5293,2465
5294,2465
5295,2465
5296,2465
5297,2465
5298,2465
5299,2465
5300,2465
5301,2465
5302,2465
5303,2465
5304,2465
5305,2465
5306,2465
5307,2465
5308,2465
5309,2465
5310,2465
5311,2465
5312,2465
5313,2465
5314,2465
5315,2465
5316,2465
5317,2465
5318,2465
5319,2465
5320,2465
5321,2465
5322,2465
5323,2465
5324,2465
5325,2465
5326,2465
5327,2465
5328,2465
5329,2465
5330,2465
5331,2465
5332,2465
5333,2465
5334,2465
5335,2465
5336,2465
5337,2465
5338,2465
5339,2465
5340,2465
5341,2465
5342,2465
5343,2465
5344,2465
5345,2465
5346,2465
5347,2465
5348,2465
5349,2465
5350,2465
5351,2465
5352,2465
5353,2465
5354,2465
5355,2465
5356,2465
5357,2465
5358,2465
5359,2465
5360,2465
5361,2465
5362,2465
5363,2465
5364,2465
5365,2465
5366,2465
5367,2465
5368,2465
5369,2465
5370,2465
5371,2465
5372,2465
5373,2465
5374,2465
5375,2465
5376,2465
5377,2465
5378,2465
5379,2465
5380,2465
5381,2465
5382,2465
5383,2465
5384,2465
5385,2465
5386,2465
5387,2465
5388,2465
5389,2465
5390,2465
5391,2465
5392,2465
5393,2465
5394,2465
5395,2465
5396,2465
5397,2465
5398,2465
5399,2465
5400,2465
5401,2465
5402,2465
5403,2465
5404,2465
5405,2465
5406,2465
5407,2465
5408,2465
5409,2465
5410,2465
5411,2465
5412,2465
5413,2465
5414,2465
5415,2465
5416,2465
5417,2465
5418,2465
5419,2465
5420,2465
5421,2465
5422,2465
5423,2465
5424,2465
5425,2465
5426,2465
5427,2465
5428,2465
5429,2465
5430,2465
5431,2465
5432,2465
5433,2465
5434,2465
5435,2465
5436,2465
5437,2465
5438,2465
5439,2465
5440,2465
5441,2465
5442,2465
5443,2465
5444,2465
5445,2465
5446,2465
5447,2465
5448,2465
5449,2465
5450,2465
5451,2465
5452,2465
5453,2465
5454,2465
5455,2465
5456,2465
5457,2465
5458,2465
5459,2465
5460,2465
5461,2465
5462,2465
5463,2465
5464,2465
5465,2465
5466,2465
5467,2465
5468,2465
5469,2465
5470,2465
5471,2465
5472,2465
5473,2465
5474,2465
5475,2465
5476,2465
5477,2465
5478,2465
5479,2465
5480,2465
5481,2465
5482,2465
5483,2465
5484,2465
5485,2465
5486,2465
5487,2465
5488,2465
5489,2465
5490,2465
5491,2465
5492,2465
5493,2465
5494,2465
5495,2465
5496,2465
5497,2465
5498,2465
5499,2465
5500,2465
5501,2465
5502,2465
5503,2465
5504,2465
5505,2465
5506,2465
5507,2465
5508,2465
5509,2465
5510,2465
5511,2465
5512,2465
5513,2465
5514,2465
5515,2465
5516,2465
5517,2465
5518,2465
5519,2465
5520,2465
5521,2465
5522,2465
5523,2465
5524,2465
5525,2465
5526,2465
5527,2465
5528,2465
5529,2465
5530,2465
5531,2465
5532,2465
5533,2465
5534,2465
5535,2465
5536,2465
5537,2465
5538,2465
5539,2465
5540,2465
5541,2465
5542,2465
5543,2465
5544,2465
5545,2465
5546,2465
5547,2465
5548,2465
5549,2465
5550,2465
5551,2465
5552,2465
5553,2465
5554,2465
5555,2465
5556,2465
5557,2465
5558,2465
5559,2465
5560,2465
5561,2465
5562,2465
5563,2465
5564,2465
5565,2465
5566,2465
5567,2465
5568,2465
5569,2465
5570,2465
5571,2465
5572,2465
5573,2465
5574,2465
5575,2465
5576,2465
5577,2465
5578,2465
5579,2465
5580,2465
5581,2465
5582,2465
5583,2465
5584,2465
5585,2465
5586,2465
5587,2465
5588,2465
5589,2465
5590,2465
5591,2465
5592,2465
5593,2465
5594,2465
5595,2465
5596,2465
5597,2465
5598,2465
5599,2465
5600,2465
5601,2465
5602,2465
5603,2465
5604,2465
5605,2465
5606,2465
5607,2465
5608,2465
5609,2465
5610,2465
5611,2465
5612,2465
5613,2465
5614,2465
5615,2465
5616,2465
5617,2465
5618,2465
5619,2465
5620,2465
5621,2465
5622,2465
5623,2465
5624,2465
5625,2465
5626,2465
5627,2465
5628,2465
5629,2465
5630,2465
5631,2465
5632,2465
5633,2465
5634,2465
5635,2465
5636,2465
5637,2465
5638,2465
5639,2465
5640,2465
5641,2465
5642,2465
5643,2465
5644,2465
5645,2465
5646,2465
5647,2465
5648,2465
5649,2465
5650,2465
5651,2465
5652,2465
5653,2465
5654,2465
5655,2465
5656,2465
5657,2465
5658,2465
5659,2465
5660,2465
5661,2465
5662,2465
5663,2465
5664,2465
5665,2465
5666,2465
5667,2465
5668,2465
5669,2465
5670,2465
5671,2465
5672,2465
5673,2465
5674,2465
5675,2465
5676,2465
5677,2465
5678,2465
5679,2465
5680,2465
5681,2465
5682,2465
5683,2465
5684,2465
5685,2465
5686,2465
5687,2465
5688,2465
5689,2465
5690,2465
5691,2465
5692,2465
5693,2465
5694,2465
5695,2465
5696,2465
5697,2465
5698,2465
5699,2465
5700,2465
5701,2465
5702,2465
5703,2465
5704,2465
5705,2465
5706,2465
5707,2465
5708,2465
5709,2465
5710,2465
5711,2465
5712,2465
5713,2465
5714,2465
5715,2465
5716,2465
5717,2465
5718,2465
5719,2465
5720,2465
5721,2465
5722,2465
5723,2465
5724,2465
5725,2465
5726,2465
5727,2465
5728,2465
5729,2465
5730,2465
5731,2465
5732,2465
5733,2465
5734,2465
5735,2465
5736,2465
5737,2465
5738,2465
5739,2465
5740,2465
5741,2465
5742,2465
5743,2465
5744,2465
5745,2465
5746,2465
5747,2465
5748,2465
5749,2465
5750,2465
5751,2465
5752,2465
5753,2465
5754,2465
5755,2465
5756,2465
5757,2465
5758,2465
5759,2465
5760,2465
5761,2465
5762,2465
5763,2465
5764,2465
5765,2465
5766,2465
5767,2465
5768,2465
5769,2465
5770,2465
5771,2465
5772,2465
5773,2465
5774,2465
5775,2465
5776,2465
5777,2465
5778,2465
5779,2465
5780,2465
5781,2465
5782,2465
5783,2465
5784,2465
5785,2465
5786,2465
5787,2465
5788,2465
5789,2465
5790,2465
5791,2465
5792,2465
5793,2465
5794,2465
5795,2465
5796,2465
5797,2465
5798,2465
5799,2465
5800,2465
5801,2465
5802,2465
5803,2465
5804,2465
5805,2465
5806,2465
5807,2465
5808,2465
5809,2465
5810,2465
5811,2465
5812,2465
5813,2465
5814,2465
5815,2465
5816,2465
5817,2465
5818,2465
5819,2465
5820,2465
5821,2465
5822,2465
5823,2465
5824,2465
5825,2465
5826,2465
5827,2465
5828,2465
5829,2465
5830,2465
5831,2465
5832,2465
5833,2465
5834,2465
5835,2465
5836,2465
5837,2465
5838,2465
5839,2465
5840,2465
5841,2465
5842,2465
5843,2465
5844,2465
5845,2465
5846,2465
5847,2465
5848,2465
5849,2465
5850,2465
5851,2465
5852,2465
5853,2465
5854,2465
5855,2465
5856,2465
5857,2465
5858,2465
5859,2465
5860,2465
5861,2465
5862,2465
5863,2465
5864,2465
5865,2465
5866,2465
5867,2465
5868,2465
5869,2465
5870,2465
5871,2465
5872,2465
5873,2465
5874,2465
5875,2465
5876,2465
5877,2465
5878,2465
5879,2465
5880,2465
5881,2465
5882,2465
5883,2465
5884,2465
5885,2465
5886,2465
5887,2465
5888,2465
5889,2465
5890,2465
5891,2465
5892,2465
5893,2465
5894,2465
5895,2465
5896,2465
5897,2465
5898,2465
5899,2465
5900,2465
5901,2465
5902,2465
5903,2465
5904,2465
5905,2465
5906,2465
5907,2465
5908,2465
5909,2465
5910,2465
5911,2465
5912,2465
5913,2465
5914,2465
5915,2465
5916,2465
5917,2465
5918,2465
5919,2465
5920,2465
5921,2465
5922,2465
5923,2465
5924,2465
5925,2465
5926,2465
5927,2465
5928,2465
5929,2465
5930,2465
5931,2465
5932,2465
5933,2465
5934,2465
5935,2465
5936,2465
5937,2465
5938,2465
5939,2465
5940,2465
5941,2465
5942,2465
5943,2465
5944,2465
5945,2465
5946,2465
5947,2465
5948,2465
5949,2465
5950,2465
5951,2465
5952,2465
5953,2465
5954,2465
5955,2465
5956,2465
5957,2465
5958,2465
5959,2465
5960,2465
5961,2465
5962,2465
5963,2465
5964,2465
5965,2465
5966,2465
5967,2465
5968,2465
5969,2465
5970,2465
5971,2465
5972,2465
5973,2465
5974,2465
5975,2465
5976,2465
5977,2465
5978,2465
5979,2465
5980,2465
5981,2465
5982,2465
5983,2465
5984,2465
5985,2465
5986,2465
5987,2465
5988,2465
5989,2465
5990,2465
5991,2465
5992,2465
5993,2465
5994,2465
5995,2465
5996,2465
5997,2465
5998,2465
5999,2465
6000,2465
6001,2465
6002,2465
6003,2465
6004,2465
6005,2465
6006,2465
6007,2465
6008,2465
6009,2465
6010,2465
6011,2465
6012,2465
6013,2465
6014,2465
6015,2465
6016,2465
6017,2465
6018,2465
6019,2465
6020,2465
6021,2465
6022,2465
6023,2465
6024,2465
6025,2465
6026,2465
6027,2465
6028,2465
6029,2465
6030,2465
6031,2465
6032,2465
6033,2465
6034,2465
6035,2465
6036,2465
6037,2465
6038,2465
6039,2465
6040,2465
6041,2465
6042,2465
6043,2465
6044,2465
6045,2465
6046,2465
6047,2465
6048,2465
6049,2465
6050,2465
6051,2465
6052,2465
6053,2465
6054,2465
6055,2465
6056,2465
6057,2465
6058,2465
6059,2465
6060,2465
6061,2465
6062,2465
6063,2465
6064,2465
6065,2465
6066,2465
6067,2465
6068,2465
6069,2465
6070,2465
6071,2465
6072,2465
6073,2465
6074,2465
6075,2465
6076,2465
6077,2465
6078,2465
6079,2465
6080,2465
6081,2465
6082,2465
6083,2465
6084,2465
6085,2465
6086,2465
6087,2465
6088,2465
6089,2465
6090,2465
6091,2465
6092,2465
6093,2465
6094,2465
6095,2465
6096,2465
6097,2465
6098,2465
6099,2465
6100,2465
6101,2465
6102,2465
6103,2465
6104,2465
6105,2465
6106,2465
6107,2465
6108,2465
6109,2465
6110,2465
6111,2465
6112,2465
6113,2465
6114,2465
6115,2465
6116,2465
6117,2465
6118,2465
6119,2465
6120,2465
6121,2465
6122,2465
6123,2465
6124,2465
6125,2465
6126,2465
6127,2465
6128,2465
6129,2465
6130,2465
6131,2465
6132,2465
6133,2465
6134,2465
6135,2465
6136,2465
6137,2465
6138,2465
6139,2465
6140,2465
6141,2465
6142,2465
6143,2465
6144,2465
6145,2465
6146,2465
6147,2465
6148,2465
6149,2465
6150,2465
6151,2465
6152,2465
6153,2465
6154,2465
6155,2465
6156,2465
6157,2465
6158,2465
6159,2465
6160,2465
6161,2465
6162,2465
6163,2465
6164,2465
6165,2465
6166,2465
6167,2465
6168,2465
6169,2465
6170,2465
6171,2465
6172,2465
6173,2465
6174,2465
6175,2465
6176,2465
6177,2465
6178,2465
6179,2465
6180,2465
6181,2465
6182,2465
6183,2465
6184,2465
6185,2465
6186,2465
6187,2465
6188,2465
6189,2465
6190,2465
6191,2465
6192,2465
6193,2465
6194,2465
6195,2465
6196,2465
6197,2465
6198,2465
6199,2465
6200,2465
6201,2465
6202,2465
6203,2465
6204,2465
6205,2465
6206,2465
6207,2465
6208,2465
6209,2465
6210,2465
6211,2465
6212,2465
6213,2465
6214,2465
6215,2465
6216,2465
6217,2465
6218,2465
6219,2465
6220,2465
6221,2465
6222,2465
6223,2465
6224,2465
6225,2465
6226,2465
6227,2465
6228,2465
6229,2465
6230,2465
6231,2465
6232,2465
6233,2465
6234,2465
6235,2465
6236,2465
6237,2465
6238,2465
6239,2465
6240,2465
6241,2465
6242,2465
6243,2465
6244,2465
6245,2465
6246,2465
6247,2465
6248,2465
6249,2465
6250,2465
6251,2465
6252,2465
6253,2465
6254,2465
6255,2465
6256,2465
6257,2465
6258,2465
6259,2465
6260,2465
6261,2465
6262,2465
6263,2465
6264,2465
6265,2465
6266,2465
6267,2465
6268,2465
6269,2465
6270,2465
6271,2465
6272,2465
6273,2465
6274,2465
6275,2465
6276,2465
6277,2465
6278,2465
6279,2465
6280,2465
6281,2465
6282,2465
6283,2465
6284,2465
6285,2465
6286,2465
6287,2465
6288,2465
6289,2465
6290,2465
6291,2465
6292,2465
6293,2465
6294,2465
6295,2465
6296,2465
6297,2465
6298,2465
6299,2465
6300,2465
6301,2465
6302,2465
6303,2465
6304,2465
6305,2465
6306,2465
6307,2465
6308,2465
6309,2465
6310,2465
6311,2465
6312,2465
6313,2465
6314,2465
6315,2465
6316,2465
6317,2465
6318,2465
6319,2465
6320,2465
6321,2465
6322,2465
6323,2465
6324,2465
6325,2465
6326,2465
6327,2465
6328,2465
6329,2465
6330,2465
6331,2465
6332,2465
6333,2465
6334,2465
6335,2465
6336,2465
6337,2465
6338,2465
6339,2465
6340,2465
6341,2465
6342,2465
6343,2465
6344,2465
6345,2465
6346,2465
6347,2465
6348,2465
6349,2465
6350,2465
6351,2465
6352,2465
6353,2465
6354,2465
6355,2465
6356,2465
6357,2465
6358,2465
6359,2465
6360,2465
6361,2465
6362,2465
6363,2465
6364,2465
6365,2465
6366,2465
6367,2465
6368,2465
6369,2465
6370,2465
6371,2465
6372,2465
6373,2465
6374,2465
6375,2465
6376,2465
6377,2465
6378,2465
6379,2465
6380,2465
6381,2465
6382,2465
6383,2465
6384,2465
6385,2465
6386,2465
6387,2465
6388,2465
6389,2465
6390,2465
6391,2465
6392,2465
6393,2465
6394,2465
6395,2465
6396,2465
6397,2465
6398,2465
6399,2465
6400,2465
6401,2465
6402,2465
6403,2465
6404,2465
6405,2465
6406,2465
6407,2465
6408,2465
6409,2465
6410,2465
6411,2465
6412,2465
6413,2465
6414,2465
6415,2465
6416,2465
6417,2465
6418,2465
6419,2465
6420,2465
6421,2465
6422,2465
6423,2465
6424,2465
6425,2465
6426,2465
6427,2465
6428,2465
6429,2465
6430,2465
6431,2465
6432,2465
6433,2465
6434,2465
6435,2465
6436,2465
6437,2465
6438,2465
6439,2465
6440,2465
6441,2465
6442,2465
6443,2465
6444,2465
6445,2465
6446,2465
6447,2465
6448,2465
6449,2465
6450,2465
6451,2465
6452,2465
6453,2465
6454,2465
6455,2465
6456,2465
6457,2465
6458,2465
6459,2465
6460,2465
6461,2465
6462,2465
6463,2465
6464,2465
6465,2465
6466,2465
6467,2465
6468,2465
6469,2465
6470,2465
6471,2465
6472,2465
6473,2465
6474,2465
6475,2465
6476,2465
6477,2465
6478,2465
6479,2465
6480,2465
6481,2465
6482,2465
6483,2465
6484,2465
6485,2465
6486,2465
6487,2465
6488,2465
6489,2465
6490,2465
6491,2465
6492,2465
6493,2465
6494,2465
6495,2465
6496,2465
6497,2465
6498,2465
6499,2465
6500,2465
6501,2465
6502,2465
6503,2465
6504,2465
6505,2465
6506,2465
6507,2465
6508,2465
6509,2465
6510,2465
6511,2465
6512,2465
6513,2465
6514,2465
6515,2465
6516,2465
6517,2465
6518,2465
6519,2465
6520,2465
6521,2465
6522,2465
6523,2465
6524,2465
6525,2465
6526,2465
6527,2465
6528,2465
6529,2465
6530,2465
6531,2465
6532,2465
6533,2465
6534,2465
6535,2465
6536,2465
6537,2465
6538,2465
6539,2465
6540,2465
6541,2465
6542,2465
6543,2465
6544,2465
6545,2465
6546,2465
6547,2465
6548,2465
6549,2465
6550,2465
6551,2465
6552,2465
6553,2465
6554,2465
6555,2465
6556,2465
6557,2465
6558,2465
6559,2465
6560,2465
6561,2465
6562,2465
6563,2465
6564,2465
6565,2465
6566,2465
6567,2465
6568,2465
6569,2465
6570,2465
6571,2465
6572,2465
6573,2465
6574,2465
6575,2465
6576,2465
6577,2465
6578,2465
6579,2465
6580,2465
6581,2465
6582,2465
6583,2465
6584,2465
6585,2465
6586,2465
6587,2465
6588,2465
6589,2465
6590,2465
6591,2465
6592,2465
6593,2465
6594,2465
6595,2465
6596,2465
6597,2465
6598,2465
6599,2465
6600,2465
6601,2465
6602,2465
6603,2465
6604,2465
6605,2465
6606,2465
6607,2465
6608,2465
6609,2465
6610,2465
6611,2465
6612,2465
6613,2465
6614,2465
6615,2465
6616,2465
6617,2465
6618,2465
6619,2465
6620,2465
6621,2465
6622,2465
6623,2465
6624,2465
6625,2465
6626,2465
6627,2465
6628,2465
6629,2465
6630,2465
6631,2465
6632,2465
6633,2465
6634,2465
6635,2465
6636,2465
6637,2465
6638,2465
6639,2465
6640,2465
6641,2465
6642,2465
6643,2465
6644,2465
6645,2465
6646,2465
6647,2465
6648,2465
6649,2465
6650,2465
6651,2465
6652,2465
6653,2465
6654,2465
6655,2465
6656,2465
6657,2465
6658,2465
6659,2465
6660,2465
6661,2465
6662,2465
6663,2465
6664,2465
6665,2465
6666,2465
6667,2465
6668,2465
6669,2465
6670,2465
6671,2465
6672,2465
6673,2465
6674,2465
6675,2465
6676,2465
6677,2465
6678,2465
6679,2465
6680,2465
6681,2465
6682,2465
6683,2465
6684,2465
6685,2465
6686,2465
6687,2465
6688,2465
6689,2465
6690,2465
6691,2465
6692,2465
6693,2465
6694,2465
6695,2465
6696,2465
6697,2465
6698,2465
6699,2465
6700,2465
6701,2465
6702,2465
6703,2465
6704,2465
6705,2465
6706,2465
6707,2465
6708,2465
6709,2465
6710,2465
6711,2465
6712,2465
6713,2465
6714,2465
6715,2465
6716,2465
6717,2465
6718,2465
6719,2465
6720,2465
6721,2465
6722,2465
6723,2465
6724,2465
6725,2465
6726,2465
6727,2465
6728,2465
6729,2465
6730,2465
6731,2465
6732,2465
6733,2465
6734,2465
6735,2465
6736,2465
6737,2465
6738,2465
6739,2465
6740,2465
6741,2465
6742,2465
6743,2465
6744,2465
6745,2465
6746,2465
6747,2465
6748,2465
6749,2465
6750,2465
6751,2465
6752,2465
6753,2465
6754,2465
6755,2465
6756,2465
6757,2465
6758,2465
6759,2465
6760,2465
6761,2465
6762,2465
6763,2465
6764,2465
6765,2465
6766,2465
6767,2465
6768,2465
6769,2465
6770,2465
6771,2465
6772,2465
6773,2465
6774,2465
6775,2465
6776,2465
6777,2465
6778,2465
6779,2465
6780,2465
6781,2465
6782,2465
6783,2465
6784,2465
6785,2465
6786,2465
6787,2465
6788,2465
6789,2465
6790,2465
6791,2465
6792,2465
6793,2465
6794,2465
6795,2465
6796,2465
6797,2465
6798,2465
6799,2465
6800,2465
6801,2465
6802,2465
6803,2465
6804,2465
6805,2465
6806,2465
6807,2465
6808,2465
6809,2465
6810,2465
6811,2465
6812,2465
6813,2465
6814,2465
6815,2465
6816,2465
6817,2465
6818,2465
6819,2465
6820,2465
6821,2465
6822,2465
6823,2465
6824,2465
6825,2465
6826,2465
6827,2465
6828,2465
6829,2465
6830,2465
6831,2465
6832,2465
6833,2465
6834,2465
6835,2465
6836,2465
6837,2465
6838,2465
6839,2465
6840,2465
6841,2465
6842,2465
6843,2465
6844,2465
6845,2465
6846,2465
6847,2465
6848,2465
6849,2465
6850,2465
6851,2465
6852,2465
6853,2465
6854,2465
6855,2465
6856,2465
6857,2465
6858,2465
6859,2465
6860,2465
6861,2465
6862,2465
6863,2465
6864,2465
6865,2465
6866,2465
6867,2465
6868,2465
6869,2465
6870,2465
6871,2465
6872,2465
6873,2465
6874,2465
6875,2465
6876,2465
6877,2465
6878,2465
6879,2465
6880,2465
6881,2465
6882,2465
6883,2465
6884,2465
6885,2465
6886,2465
6887,2465
6888,2465
6889,2465
6890,2465
6891,2465
6892,2465
6893,2465
6894,2465
6895,2465
6896,2465
6897,2465
6898,2465
6899,2465
6900,2465
6901,2465
6902,2465
6903,2465
6904,2465
6905,2465
6906,2465
6907,2465
6908,2465
6909,2465
6910,2465
6911,2465
6912,2465
6913,2465
6914,2465
6915,2465
6916,2465
6917,2465
6918,2465
6919,2465
6920,2465
6921,2465
6922,2465
6923,2465
6924,2465
6925,2465
6926,2465
6927,2465
6928,2465
6929,2465
6930,2465
6931,2465
6932,2465
6933,2465
6934,2465
6935,2465
6936,2465
6937,2465
6938,2465
6939,2465
6940,2465
6941,2465
6942,2465
6943,2465
6944,2465
6945,2465
6946,2465
6947,2465
6948,2465
6949,2465
6950,2465
6951,2465
6952,2465
6953,2465
6954,2465
6955,2465
6956,2465
6957,2465
6958,2465
6959,2465
6960,2465
6961,2465
6962,2465
6963,2465
6964,2465
6965,2465
6966,2465
6967,2465
6968,2465
6969,2465
6970,2465
6971,2465
6972,2465
6973,2465
6974,2465
6975,2465
6976,2465
6977,2465
6978,2465
6979,2465
6980,2465
6981,2465
6982,2465
6983,2465
6984,2465
6985,2465
6986,2465
6987,2465
6988,2465
6989,2465
6990,2465
6991,2465
6992,2465
6993,2465
6994,2465
6995,2465
6996,2465
6997,2465
6998,2465
6999,2465
7000,2465
7001,2465
7002,2465
7003,2465
7004,2465
7005,2465
7006,2465
7007,2465
7008,2465
7009,2465
7010,2465
7011,2465
7012,2465
7013,2465
7014,2465
7015,2465
7016,2465
7017,2465
7018,2465
7019,2465
7020,2465
7021,2465
7022,2465
7023,2465
7024,2465
7025,2465
7026,2465
7027,2465
7028,2465
7029,2465
7030,2465
7031,2465
7032,2465
7033,2465
7034,2465
7035,2465
7036,2465
7037,2465
7038,2465
7039,2465
7040,2465
7041,2465
7042,2465
7043,2465
7044,2465
7045,2465
7046,2465
7047,2465
7048,2465
7049,2465
7050,2465
7051,2465
7052,2465
7053,2465
7054,2465
7055,2465
7056,2465
7057,2465
7058,2465
7059,2465
7060,2465
7061,2465
7062,2465
7063,2465
7064,2465
7065,2465
7066,2465
7067,2465
7068,2465
7069,2465
7070,2465
7071,2465
7072,2465
7073,2465
7074,2465
7075,2465
7076,2465
7077,2465
7078,2465
7079,2465
7080,2465
7081,2465
7082,2465
7083,2465
7084,2465
7085,2465
7086,2465
7087,2465
7088,2465
7089,2465
7090,2465
7091,2465
7092,2465
7093,2465
7094,2465
7095,2465
7096,2465
7097,2465
7098,2465
7099,2465
7100,2465
7101,2465
7102,2465
7103,2465
7104,2465
7105,2465
7106,2465
7107,2465
7108,2465
7109,2465
7110,2465
7111,2465
7112,2465
7113,2465
7114,2465
7115,2465
7116,2465
7117,2465
7118,2465
7119,2465
7120,2465
7121,2465
7122,2465
7123,2465
7124,2465
7125,2465
7126,2465
7127,2465
7128,2465
7129,2465
7130,2465
7131,2465
7132,2465
7133,2465
7134,2465
7135,2465
7136,2465
7137,2465
7138,2465
7139,2465
7140,2465
7141,2465
7142,2465
7143,2465
7144,2465
7145,2465
7146,2465
7147,2465
7148,2465
7149,2465
7150,2465
7151,2465
7152,2465
7153,2465
7154,2465
7155,2465
7156,2465
7157,2465
7158,2465
7159,2465
7160,2465
7161,2465
7162,2465
7163,2465
7164,2465
7165,2465
7166,2465
7167,2465
7168,2465
7169,2465
7170,2465
7171,2465
7172,2465
7173,2465
7174,2465
7175,2465
7176,2465
7177,2465
7178,2465
7179,2465
7180,2465
7181,2465
7182,2465
7183,2465
7184,2465
7185,2465
7186,2465
7187,2465
7188,2465
7189,2465
7190,2465
7191,2465
7192,2465
7193,2465
7194,2465
7195,2465
7196,2465
7197,2465
7198,2465
7199,2465
7200,2465
7201,2465
7202,2465
7203,2465
7204,2465
7205,2465
7206,2465
7207,2465
7208,2465
7209,2465
7210,2465
7211,2465
7212,2465
7213,2465
7214,2465
7215,2465
7216,2465
7217,2465
7218,2465
7219,2465
7220,2465
7221,2465
7222,2465
7223,2465
7224,2465
7225,2465
7226,2465
7227,2465
7228,2465
7229,2465
7230,2465
7231,2465
7232,2465
7233,2465
7234,2465
7235,2465
7236,2465
7237,2465
7238,2465
7239,2465
7240,2465
7241,2465
7242,2465
7243,2465
7244,2465
7245,2465
7246,2465
7247,2465
7248,2465
7249,2465
7250,2465
7251,2465
7252,2465
7253,2465
7254,2465
7255,2465
7256,2465
7257,2465
7258,2465
7259,2465
7260,2465
7261,2465
7262,2465
7263,2465
7264,2465
7265,2465
7266,2465
7267,2465
7268,2465
7269,2465
7270,2465
7271,2465
7272,2465
7273,2465
7274,2465
7275,2465
7276,2465
7277,2465
7278,2465
7279,2465
7280,2465
7281,2465
7282,2465
7283,2465
7284,2465
7285,2465
7286,2465
7287,2465
7288,2465
7289,2465
7290,2465
7291,2465
7292,2465
7293,2465
7294,2465
7295,2465
7296,2465
7297,2465
7298,2465
7299,2465
7300,2465
7301,2465
7302,2465
7303,2465
7304,2465
7305,2465
7306,2465
7307,2465
7308,2465
7309,2465
7310,2465
7311,2465
7312,2465
7313,2465
7314,2465
7315,2465
7316,2465
7317,2465
7318,2465
7319,2465
7320,2465
7321,2465
7322,2465
7323,2465
7324,2465
7325,2465
7326,2465
7327,2465
7328,2465
7329,2465
7330,2465
7331,2465
7332,2465
7333,2465
7334,2465
7335,2465
7336,2465
7337,2465
7338,2465
7339,2465
7340,2465
7341,2465
7342,2465
7343,2465
7344,2465
7345,2465
7346,2465
7347,2465
7348,2465
7349,2465
7350,2465
7351,2465
7352,2465
7353,2465
7354,2465
7355,2465
7356,2465
7357,2465
7358,2465
7359,2465
7360,2465
7361,2465
7362,2465
7363,2465
7364,2465
7365,2465
7366,2465
7367,2465
7368,2465
7369,2465
7370,2465
7371,2465
7372,2465
7373,2465
7374,2465
7375,2465
7376,2465
7377,2465
7378,2465
7379,2465
7380,2465
7381,2465
7382,2465
7383,2465
7384,2465
7385,2465
7386,2465
7387,2465
7388,2465
7389,2465
7390,2465
7391,2465
7392,2465
7393,2465
7394,2465
7395,2465
7396,2465
7397,2465
7398,2465
7399,2465
7400,2465
7401,2465
7402,2465
7403,2465
7404,2465
7405,2465
7406,2465
7407,2465
7408,2465
7409,2465
7410,2465
7411,2465
7412,2465
7413,2465
7414,2465
7415,2465
7416,2465
7417,2465
7418,2465
7419,2465
7420,2465
7421,2465
7422,2465
7423,2465
7424,2465
7425,2465
7426,2465
7427,2465
7428,2465
7429,2465
7430,2465
7431,2465
7432,2465
7433,2465
7434,2465
7435,2465
7436,2465
7437,2465
7438,2465
7439,2465
7440,2465
7441,2465
7442,2465
7443,2465
7444,2465
7445,2465
7446,2465
7447,2465
7448,2465
7449,2465
7450,2465
7451,2465
7452,2465
7453,2465
7454,2465
7455,2465
7456,2465
7457,2465
7458,2465
7459,2465
7460,2465
7461,2465
7462,2465
7463,2465
7464,2465
7465,2465
7466,2465
7467,2465
7468,2465
7469,2465
7470,2465
7471,2465
7472,2465
7473,2465
7474,2465
7475,2465
7476,2465
7477,2465
7478,2465
7479,2465
7480,2465
7481,2465
7482,2465
7483,2465
7484,2465
7485,2465
7486,2465
7487,2465
7488,2465
7489,2465
7490,2465
7491,2465
7492,2465
7493,2465
7494,2465
7495,2465
7496,2465
7497,2465
7498,2465
7499,2465
7500,2465
7501,2465
7502,2465
7503,2465
7504,2465
7505,2465
7506,2465
7507,2465
7508,2465
7509,2465
7510,2465
7511,2465
7512,2465
7513,2465
7514,2465
7515,2465
7516,2465
7517,2465
7518,2465
7519,2465
7520,2465
7521,2465
7522,2465
7523,2465
7524,2465
7525,2465
7526,2465
7527,2465
7528,2465
7529,2465
7530,2465
7531,2465
7532,2465
7533,2465
7534,2465
7535,2465
7536,2465
7537,2465
7538,2465
7539,2465
7540,2465
7541,2465
7542,2465
7543,2465
7544,2465
7545,2465
7546,2465
7547,2465
7548,2465
7549,2465
7550,2465
7551,2465
7552,2465
7553,2465
7554,2465
7555,2465
7556,2465
7557,2465
7558,2465
7559,2465
7560,2465
7561,2465
7562,2465
7563,2465
7564,2465
7565,2465
7566,2465
7567,2465
7568,2465
7569,2465
7570,2465
7571,2465
7572,2465
7573,2465
7574,2465
7575,2465
7576,2465
7577,2465
7578,2465
7579,2465
7580,2465
7581,2465
7582,2465
7583,2465
7584,2465
7585,2465
7586,2465
7587,2465
7588,2465
7589,2465
7590,2465
7591,2465
7592,2465
7593,2465
7594,2465
7595,2465
7596,2465
7597,2465
7598,2465
7599,2465
7600,2465
7601,2465
7602,2465
7603,2465
7604,2465
7605,2465
7606,2465
7607,2465
7608,2465
7609,2465
7610,2465
7611,2465
7612,2465
7613,2465
7614,2465
7615,2465
7616,2465
7617,2465
7618,2465
7619,2465
7620,2465
7621,2465
7622,2465
7623,2465
7624,2465
7625,2465
7626,2465
7627,2465
7628,2465
7629,2465
7630,2465
7631,2465
7632,2465
7633,2465
7634,2465
7635,2465
7636,2465
7637,2465
7638,2465
7639,2465
7640,2465
7641,2465
7642,2465
7643,2465
7644,2465
7645,2465
7646,2465
7647,2465
7648,2465
7649,2465
7650,2465
7651,2465
7652,2465
7653,2465
7654,2465
7655,2465
7656,2465
7657,2465
7658,2465
7659,2465
7660,2465
7661,2465
7662,2465
7663,2465
7664,2465
7665,2465
7666,2465
7667,2465
7668,2465
7669,2465
7670,2465
7671,2465
7672,2465
7673,2465
7674,2465
7675,2465
7676,2465
7677,2465
7678,2465
7679,2465
7680,2465
7681,2465
7682,2465
7683,2465
7684,2465
7685,2465
7686,2465
7687,2465
7688,2465
7689,2465
7690,2465
7691,2465
7692,2465
7693,2465
7694,2465
7695,2465
7696,2465
7697,2465
7698,2465
7699,2465
7700,2465
7701,2465
7702,2465
7703,2465
7704,2465
7705,2465
7706,2465
7707,2465
7708,2465
7709,2465
7710,2465
7711,2465
7712,2465
7713,2465
7714,2465
7715,2465
7716,2465
7717,2465
7718,2465
7719,2465
7720,2465
7721,2465
7722,2465
7723,2465
7724,2465
7725,2465
7726,2465
7727,2465
7728,2465
7729,2465
7730,2465
7731,2465
7732,2465
7733,2465
7734,2465
7735,2465
7736,2465
7737,2465
7738,2465
7739,2465
7740,2465
7741,2465
7742,2465
7743,2465
7744,2465
7745,2465
7746,2465
7747,2465
7748,2465
7749,2465
7750,2465
7751,2465
7752,2465
7753,2465
7754,2465
7755,2465
7756,2465
7757,2465
7758,2465
7759,2465
7760,2465
7761,2465
7762,2465
7763,2465
7764,2465
7765,2465
7766,2465
7767,2465
7768,2465
7769,2465
7770,2465
7771,2465
7772,2465
7773,2465
7774,2465
7775,2465
7776,2465
7777,2465
7778,2465
7779,2465
7780,2465
7781,2465
7782,2465
7783,2465
7784,2465
7785,2465
7786,2465
7787,2465
7788,2465
7789,2465
7790,2465
7791,2465
7792,2465
7793,2465
7794,2465
7795,2465
7796,2465
7797,2465
7798,2465
7799,2465
7800,2465
7801,2465
7802,2465
7803,2465
7804,2465
7805,2465
7806,2465
7807,2465
7808,2465
7809,2465
7810,2465
7811,2465
7812,2465
7813,2465
7814,2465
7815,2465
7816,2465
7817,2465
7818,2465
7819,2465
7820,2465
7821,2465
7822,2465
7823,2465
7824,2465
7825,2465
7826,2465
7827,2465
7828,2465
7829,2465
7830,2465
7831,2465
7832,2465
7833,2465
7834,2465
7835,2465
7836,2465
7837,2465
7838,2465
7839,2465
7840,2465
7841,2465
7842,2465
7843,2465
7844,2465
7845,2465
7846,2465
7847,2465
7848,2465
7849,2465
7850,2465
7851,2465
7852,2465
7853,2465
7854,2465
7855,2465
7856,2465
7857,2465
7858,2465
7859,2465
7860,2465
7861,2465
7862,2465
7863,2465
7864,2465
7865,2465
7866,2465
7867,2465
7868,2465
7869,2465
7870,2465
7871,2465
7872,2465
7873,2465
7874,2465
7875,2465
7876,2465
7877,2465
7878,2465
7879,2465
7880,2465
7881,2465
7882,2465
7883,2465
7884,2465
7885,2465
7886,2465
7887,2465
7888,2465
7889,2465
7890,2465
7891,2465
7892,2465
7893,2465
7894,2465
7895,2465
7896,2465
7897,2465
7898,2465
7899,2465
7900,2465
7901,2465
7902,2465
7903,2465
7904,2465
7905,2465
7906,2465
7907,2465
7908,2465
7909,2465
7910,2465
7911,2465
7912,2465
7913,2465
7914,2465
7915,2465
7916,2465
7917,2465
7918,2465
7919,2465
7920,2465
7921,2465
7922,2465
7923,2465
7924,2465
7925,2465
7926,2465
7927,2465
7928,2465
7929,2465
7930,2465
7931,2465
7932,2465
7933,2465
7934,2465
7935,2465
7936,2465
7937,2465
7938,2465
7939,2465
7940,2465
7941,2465
7942,2465
7943,2465
7944,2465
7945,2465
7946,2465
7947,2465
7948,2465
7949,2465
7950,2465
7951,2465
7952,2465
7953,2465
7954,2465
7955,2465
7956,2465
7957,2465
7958,2465
7959,2465
7960,2465
7961,2465
7962,2465
7963,2465
7964,2465
7965,2465
7966,2465
7967,2465
7968,2465
7969,2465
7970,2465
7971,2465
7972,2465
7973,2465
7974,2465
7975,2465
7976,2465
7977,2465
7978,2465
7979,2465
7980,2465
7981,2465
7982,2465
7983,2465
7984,2465
7985,2465
7986,2465
7987,2465
7988,2465
7989,2465
7990,2465
7991,2465
7992,2465
7993,2465
7994,2465
7995,2465
7996,2465
7997,2465
7998,2465
7999,2596
8000,2596
8001,2596
8002,2596
8003,2596
8004,2596
8005,2596
8006,2596
8007,2596
8008,2596
8009,2596
8010,2596
8011,2596
8012,2596
8013,2596
8014,2596
8015,2596
8016,2596
8017,2596
8018,2596
8019,2596
8020,2596
8021,2596
8022,2596
8023,2596
8024,2596
8025,2596
8026,2596
8027,2596
8028,2596
8029,2596
8030,2596
8031,2596
8032,2596
8033,2596
8034,2596
8035,2596
8036,2596
8037,2596
8038,2596
8039,2596
8040,2596
8041,2596
8042,2596
8043,2596
8044,2596
8045,2596
8046,2596
8047,2596
8048,2596
8049,2596
8050,2596
8051,2596
8052,2596
8053,2596
8054,2596
8055,2596
8056,2596
8057,2596
8058,2596
8059,2596
8060,2596
8061,2596
8062,2596
8063,2596
8064,2596
8065,2596
8066,2596
8067,2596
8068,2596
8069,2596
8070,2596
8071,2596
8072,2596
8073,2596
8074,2596
8075,2596
8076,2596
8077,2596
8078,2596
8079,2596
8080,2596
8081,2596
8082,2596
8083,2596
8084,2596
8085,2596
8086,2596
8087,2596
8088,2596
8089,2596
8090,2596
8091,2596
8092,2596
8093,2596
8094,2596
8095,2596
8096,2596
8097,2596
8098,2596
8099,2596
8100,2596
8101,2596
8102,2596
8103,2596
8104,2596
8105,2596
8106,2596
8107,2596
8108,2596
8109,2596
8110,2596
8111,2596
8112,2596
8113,2596
8114,2596
8115,2596
8116,2596
8117,2596
8118,2596
8119,2596
8120,2596
8121,2596
8122,2596
8123,2596
8124,2596
8125,2596
8126,2596
8127,2596
8128,2596
8129,2596
8130,2596
8131,2596
8132,2596
8133,2596
8134,2596
8135,2596
8136,2596
8137,2596
8138,2596
8139,2596
8140,2596
8141,2596
8142,2596
8143,2596
8144,2596
8145,2596
8146,2596
8147,2596
8148,2596
8149,2596
8150,2596
8151,2596
8152,2596
8153,2596
8154,2596
8155,2596
8156,2596
8157,2596
8158,2596
8159,2596
8160,2596
8161,2596
8162,2596
8163,2596
8164,2596
8165,2596
8166,2596
8167,2596
8168,2596
8169,2596
8170,2596
8171,2596
8172,2596
8173,2596
8174,2596
8175,2596
8176,2596
8177,2596
8178,2596
8179,2596
8180,2596
8181,2596
8182,2596
8183,2596
8184,2596
8185,2596
8186,2596
8187,2596
8188,2596
8189,2596
8190,2596
8191,2596
8192,2596
8193,2596
8194,2596
8195,2596
8196,2596
8197,2596
8198,2596
8199,2596
8200,2596
8201,2596
8202,2596
8203,2596
8204,2596
8205,2596
8206,2596
8207,2596
8208,2596
8209,2596
8210,2596
8211,2596
8212,2596
8213,2596
8214,2596
8215,2596
8216,2596
8217,2596
8218,2596
8219,2596
8220,2596
8221,2596
8222,2596
8223,2596
8224,2596
8225,2596
8226,2596
8227,2596
8228,2596
8229,2596
8230,2596
8231,2596
8232,2596
8233,2596
8234,2596
8235,2596
8236,2596
8237,2596
8238,2596
8239,2596
8240,2596
8241,2596
8242,2596
8243,2596
8244,2596
8245,2596
8246,2596
8247,2596
8248,2596
8249,2596
8250,2596
8251,2596
8252,2596
8253,2596
8254,2596
8255,2596
8256,2596
8257,2596
8258,2596
8259,2596
8260,2596
8261,2596
8262,2596
8263,2596
8264,2596
8265,2596
8266,2596
8267,2596
8268,2596
8269,2596
8270,2596
8271,2596
8272,2596
8273,2596
8274,2596
8275,2596
8276,2596
8277,2596
8278,2596
8279,2596
8280,2596
8281,2596
8282,2596
8283,2596
8284,2596
8285,2596
8286,2596
8287,2596
8288,2596
8289,2596
8290,2596
8291,2596
8292,2596
8293,2596
8294,2596
8295,2596
8296,2596
8297,2596
8298,2596
8299,2596
8300,2596
8301,2596
8302,2596
8303,2596
8304,2596
8305,2596
8306,2596
8307,2596
8308,2596
8309,2596
8310,2596
8311,2596
8312,2596
8313,2596
8314,2596
8315,2596
8316,2596
8317,2596
8318,2596
8319,2596
8320,2596
8321,2596
8322,2596
8323,2596
8324,2596
8325,2596
8326,2596
8327,2596
8328,2596
8329,2596
8330,2596
8331,2596
8332,2596
8333,2596
8334,2596
8335,2596
8336,2596
8337,2596
8338,2596
8339,2596
8340,2596
8341,2596
8342,2596
8343,2596
8344,2596
8345,2596
8346,2596
8347,2596
8348,2596
8349,2596
8350,2596
8351,2596
8352,2596
8353,2596
8354,2596
8355,2596
8356,2596
8357,2596
8358,2596
8359,2596
8360,2596
8361,2596
8362,2596
8363,2596
8364,2596
8365,2596
8366,2596
8367,2596
8368,2596
8369,2596
8370,2596
8371,2596
8372,2596
8373,2596
8374,2596
8375,2596
8376,2596
8377,2596
8378,2596
8379,2596
8380,2596
8381,2596
8382,2596
8383,2596
8384,2596
8385,2596
8386,2596
8387,2596
8388,2596
8389,2596
8390,2596
8391,2596
8392,2596
8393,2596
8394,2596
8395,2596
8396,2596
8397,2596
8398,2596
8399,2596
8400,2596
8401,2596
8402,2596
8403,2596
8404,2596
8405,2596
8406,2596
8407,2596
8408,2596
8409,2596
8410,2596
8411,2596
8412,2596
8413,2596
8414,2596
8415,2596
8416,2596
8417,2596
8418,2596
8419,2596
8420,2596
8421,2596
8422,2596
8423,2596
8424,2596
8425,2596
8426,2596
8427,2596
8428,2596
8429,2596
8430,2596
8431,2596
8432,2596
8433,2596
8434,2596
8435,2596
8436,2596
8437,2596
8438,2596
8439,2596
8440,2596
8441,2596
8442,2596
8443,2596
8444,2596
8445,2596
8446,2596
8447,2596
8448,2596
8449,2596
8450,2596
8451,2596
8452,2596
8453,2596
8454,2596
8455,2596
8456,2596
8457,2596
8458,2596
8459,2596
8460,2596
8461,2596
8462,2596
8463,2596
8464,2596
8465,2596
8466,2596
8467,2596
8468,2596
8469,2596
8470,2596
8471,2596
8472,2596
8473,2596
8474,2596
8475,2596
8476,2596
8477,2596
8478,2596
8479,2596
8480,2596
8481,2596
8482,2596
8483,2596
8484,2596
8485,2596
8486,2596
8487,2596
8488,2596
8489,2596
8490,2596
8491,2596
8492,2596
8493,2596
8494,2596
8495,2596
8496,2596
8497,2596
8498,2596
8499,2596
8500,2596
8501,2596
8502,2596
8503,2596
8504,2596
8505,2596
8506,2596
8507,2596
8508,2596
8509,2596
8510,2596
8511,2596
8512,2596
8513,2596
8514,2596
8515,2596
8516,2596
8517,2596
8518,2596
8519,2596
8520,2596
8521,2596
8522,2596
8523,2596
8524,2596
8525,2596
8526,2596
8527,2596
8528,2596
8529,2596
8530,2596
8531,2596
8532,2596
8533,2596
8534,2596
8535,2596
8536,2596
8537,2596
8538,2596
8539,2596
8540,2596
8541,2596
8542,2596
8543,2596
8544,2596
8545,2596
8546,2596
8547,2596
8548,2596
8549,2596
8550,2596
8551,2596
8552,2596
8553,2596
8554,2596
8555,2596
8556,2596
8557,2596
8558,2596
8559,2596
8560,2596
8561,2596
8562,2596
8563,2596
8564,2596
8565,2596
8566,2596
8567,2596
8568,2596
8569,2596
8570,2596
8571,2596
8572,2596
8573,2596
8574,2596
8575,2596
8576,2596
8577,2596
8578,2596
8579,2596
8580,2596
8581,2596
8582,2596
8583,2596
8584,2596
8585,2596
8586,2596
8587,2596
8588,2596
8589,2596
8590,2596
8591,2596
8592,2596
8593,2596
8594,2596
8595,2596
8596,2596
8597,2596
8598,2596
8599,2596
8600,2596
8601,2596
8602,2596
8603,2596
8604,2596
8605,2596
8606,2596
8607,2596
8608,2596
8609,2596
8610,2596
8611,2596
8612,2596
8613,2596
8614,2596
8615,2596
8616,2596
8617,2596
8618,2596
8619,2596
8620,2596
8621,2596
8622,2596
8623,2596
8624,2596
8625,2596
8626,2596
8627,2596
8628,2596
8629,2596
8630,2596
8631,2596
8632,2596
8633,2596
8634,2596
8635,2596
8636,2596
8637,2596
8638,2596
8639,2596
8640,2596
8641,2596
8642,2596
8643,2596
8644,2596
8645,2596
8646,2596
8647,2596
8648,2596
8649,2596
8650,2596
8651,2596
8652,2596
8653,2596
8654,2596
8655,2596
8656,2596
8657,2596
8658,2596
8659,2596
8660,2596
8661,2596
8662,2596
8663,2596
8664,2596
8665,2596
8666,2596
8667,2596
8668,2596
8669,2596
8670,2596
8671,2596
8672,2596
8673,2596
8674,2596
8675,2596
8676,2596
8677,2596
8678,2596
8679,2596
8680,2596
8681,2596
8682,2596
8683,2596
8684,2596
8685,2596
8686,2596
8687,2596
8688,2596
8689,2596
8690,2596
8691,2596
8692,2596
8693,2596
8694,2596
8695,2596
8696,2596
8697,2596
8698,2596
8699,2596
8700,2596
8701,2596
8702,2596
8703,2596
8704,2596
8705,2596
8706,2596
8707,2596
8708,2596
8709,2596
8710,2596
8711,2596
8712,2596
8713,2596
8714,2596
8715,2596
8716,2596
8717,2596
8718,2596
8719,2596
8720,2596
8721,2596
8722,2596
8723,2596
8724,2596
8725,2596
8726,2596
8727,2596
8728,2596
8729,2596
8730,2596
8731,2596
8732,2596
8733,2596
8734,2596
8735,2596
8736,2596
8737,2596
8738,2596
8739,2596
8740,2596
8741,2596
8742,2596
8743,2596
8744,2596
8745,2596
8746,2596
8747,2596
8748,2596
8749,2596
8750,2596
8751,2596
8752,2596
8753,2596
8754,2596
8755,2596
8756,2596
8757,2596
8758,2596
8759,2596
8760,2596
8761,2596
8762,2596
8763,2596
8764,2596
8765,2596
8766,2596
8767,2596
8768,2596
8769,2596
8770,2596
8771,2596
8772,2596
8773,2596
8774,2596
8775,2596
8776,2596
8777,2596
8778,2596
8779,2596
8780,2596
8781,2596
8782,2596
8783,2596
8784,2596
8785,2596
8786,2596
8787,2596
8788,2596
8789,2596
8790,2596
8791,2596
8792,2596
8793,2596
8794,2596
8795,2596
8796,2596
8797,2596
8798,2596
8799,2596
8800,2596
8801,2596
8802,2596
8803,2596
8804,2596
8805,2596
8806,2596
8807,2596
8808,2596
8809,2596
8810,2596
8811,2596
8812,2596
8813,2596
8814,2596
8815,2596
8816,2596
8817,2596
8818,2596
8819,2596
8820,2596
8821,2596
8822,2596
8823,2596
8824,2596
8825,2596
8826,2596
8827,2596
8828,2596
8829,2596
8830,2596
8831,2596
8832,2596
8833,2596
8834,2596
8835,2596
8836,2596
8837,2596
8838,2596
8839,2596
8840,2596
8841,2596
8842,2596
8843,2596
8844,2596
8845,2596
8846,2596
8847,2596
8848,2596
8849,2596
8850,2596
8851,2596
8852,2596
8853,2596
8854,2596
8855,2596
8856,2596
8857,2596
8858,2596
8859,2596
8860,2596
8861,2596
8862,2596
8863,2596
8864,2596
8865,2596
8866,2596
8867,2596
8868,2596
8869,2596
8870,2596
8871,2596
8872,2596
8873,2596
8874,2596
8875,2596
8876,2596
8877,2596
8878,2596
8879,2596
8880,2596
8881,2596
8882,2596
8883,2596
8884,2596
8885,2596
8886,2596
8887,2596
8888,2596
8889,2596
8890,2596
8891,2596
8892,2596
8893,2596
8894,2596
8895,2596
8896,2596
8897,2596
8898,2596
8899,2596
8900,2596
8901,2596
8902,2596
8903,2596
8904,2596
8905,2596
8906,2596
8907,2596
8908,2596
8909,2596
8910,2596
8911,2596
8912,2596
8913,2596
8914,2596
8915,2596
8916,2596
8917,2596
8918,2596
8919,2596
8920,2596
8921,2596
8922,2596
8923,2596
8924,2596
8925,2596
8926,2596
8927,2596
8928,2596
8929,2596
8930,2596
8931,2596
8932,2596
8933,2596
8934,2596
8935,2596
8936,2596
8937,2596
8938,2596
8939,2596
8940,2596
8941,2596
8942,2596
8943,2596
8944,2596
8945,2596
8946,2596
8947,2596
8948,2596
8949,2596
8950,2596
8951,2596
8952,2596
8953,2596
8954,2596
8955,2596
8956,2596
8957,2596
8958,2596
8959,2596
8960,2596
8961,2596
8962,2596
8963,2596
8964,2596
8965,2596
8966,2596
8967,2596
8968,2596
8969,2596
8970,2596
8971,2596
8972,2596
8973,2596
8974,2596
8975,2596
8976,2596
8977,2596
8978,2596
8979,2596
8980,2596
8981,2596
8982,2596
8983,2596
8984,2596
8985,2596
8986,2596
8987,2596
8988,2596
8989,2596
8990,2596
8991,2596
8992,2596
8993,2596
8994,2596
8995,2596
8996,2596
8997,2596
8998,2596
8999,2596
9000,2596
9001,2596
9002,2596
9003,2596
9004,2596
9005,2596
9006,2596
9007,2596
9008,2596
9009,2596
9010,2596
9011,2596
9012,2596
9013,2596
9014,2596
9015,2596
9016,2596
9017,2596
9018,2596
9019,2596
9020,2596
9021,2596
9022,2596
9023,2596
9024,2596
9025,2596
9026,2596
9027,2596
9028,2596
9029,2596
9030,2596
9031,2596
9032,2596
9033,2596
9034,2596
9035,2596
9036,2596
9037,2596
9038,2596
9039,2596
9040,2596
9041,2596
9042,2596
9043,2596
9044,2596
9045,2596
9046,2596
9047,2596
9048,2596
9049,2596
9050,2596
9051,2596
9052,2596
9053,2596
9054,2596
9055,2596
9056,2596
9057,2596
9058,2596
9059,2596
9060,2596
9061,2596
9062,2596
9063,2596
9064,2596
9065,2596
9066,2596
9067,2596
9068,2596
9069,2596
9070,2596
9071,2596
9072,2596
9073,2596
9074,2596
9075,2596
9076,2596
9077,2596
9078,2596
9079,2596
9080,2596
9081,2596
9082,2596
9083,2596
9084,2596
9085,2596
9086,2596
9087,2596
9088,2596
9089,2596
9090,2596
9091,2596
9092,2596
9093,2596
9094,2596
9095,2596
9096,2596
9097,2596
9098,2596
9099,2596
9100,2596
9101,2596
9102,2596
9103,2596
9104,2596
9105,2596
9106,2596
9107,2596
9108,2596
9109,2596
9110,2596
9111,2596
9112,2596
9113,2596
9114,2596
9115,2596
9116,2596
9117,2596
9118,2596
9119,2596
9120,2596
9121,2596
9122,2596
9123,2596
9124,2596
9125,2596
9126,2596
9127,2596
9128,2596
9129,2596
9130,2596
9131,2596
9132,2596
9133,2596
9134,2596
9135,2596
9136,2596
9137,2596
9138,2596
9139,2596
9140,2596
9141,2596
9142,2596
9143,2596
9144,2596
9145,2596
9146,2596
9147,2596
9148,2596
9149,2596
9150,2596
9151,2596
9152,2596
9153,2596
9154,2596
9155,2596
9156,2596
9157,2596
9158,2596
9159,2596
9160,2596
9161,2596
9162,2596
9163,2596
9164,2596
9165,2596
9166,2596
9167,2596
9168,2596
9169,2596
9170,2596
9171,2596
9172,2596
9173,2596
9174,2596
9175,2596
9176,2596
9177,2596
9178,2596
9179,2596
9180,2596
9181,2596
9182,2596
9183,2596
9184,2596
9185,2596
9186,2596
9187,2596
9188,2596
9189,2596
9190,2596
9191,2596
9192,2596
9193,2596
9194,2596
9195,2596
9196,2596
9197,2596
9198,2596
9199,2596
9200,2596
9201,2596
9202,2596
9203,2596
9204,2596
9205,2596
9206,2596
9207,2596
9208,2596
9209,2596
9210,2596
9211,2596
9212,2596
9213,2596
9214,2596
9215,2596
9216,2596
9217,2596
9218,2596
9219,2596
9220,2596
9221,2596
9222,2596
9223,2596
9224,2596
9225,2596
9226,2596
9227,2596
9228,2596
9229,2596
9230,2596
9231,2596
9232,2596
9233,2596
9234,2596
9235,2596
9236,2596
9237,2596
9238,2596
9239,2596
9240,2596
9241,2596
9242,2596
9243,2596
9244,2596
9245,2596
9246,2596
9247,2596
9248,2596
9249,2596
9250,2596
9251,2596
9252,2596
9253,2596
9254,2596
9255,2596
9256,2596
9257,2596
9258,2596
9259,2596
9260,2596
9261,2596
9262,2596
9263,2596
9264,2596
9265,2596
9266,2596
9267,2596
9268,2596
9269,2596
9270,2596
9271,2596
9272,2596
9273,2596
9274,2596
9275,2596
9276,2596
9277,2596
9278,2596
9279,2596
9280,2596
9281,2596
9282,2596
9283,2596
9284,2596
9285,2596
9286,2596
9287,2596
9288,2596
9289,2596
9290,2596
9291,2596
9292,2596
9293,2596
9294,2596
9295,2596
9296,2596
9297,2596
9298,2596
9299,2596
9300,2596
9301,2596
9302,2596
9303,2596
9304,2596
9305,2596
9306,2596
9307,2596
9308,2596
9309,2596
9310,2596
9311,2596
9312,2596
9313,2596
9314,2596
9315,2596
9316,2596
9317,2596
9318,2596
9319,2596
9320,2596
9321,2596
9322,2596
9323,2596
9324,2596
9325,2596
9326,2596
9327,2596
9328,2596
9329,2596
9330,2596
9331,2596
9332,2596
9333,2596
9334,2596
9335,2596
9336,2596
9337,2596
9338,2596
9339,2596
9340,2596
9341,2596
9342,2596
9343,2596
9344,2596
9345,2596
9346,2596
9347,2596
9348,2596
9349,2596
9350,2596
9351,2596
9352,2596
9353,2596
9354,2596
9355,2596
9356,2596
9357,2596
9358,2596
9359,2596
9360,2596
9361,2596
9362,2596
9363,2596
9364,2596
9365,2596
9366,2596
9367,2596
9368,2596
9369,2596
9370,2596
9371,2596
9372,2596
9373,2596
9374,2596
9375,2596
9376,2596
9377,2596
9378,2596
9379,2596
9380,2596
9381,2596
9382,2596
9383,2596
9384,2596
9385,2596
9386,2596
9387,2596
9388,2596
9389,2596
9390,2596
9391,2596
9392,2596
9393,2596
9394,2596
9395,2596
9396,2596
9397,2596
9398,2596
9399,2596
9400,2596
9401,2596
9402,2596
9403,2596
9404,2596
9405,2596
9406,2596
9407,2596
9408,2596
9409,2596
9410,2596
9411,2596
9412,2596
9413,2596
9414,2596
9415,2596
9416,2596
9417,2596
9418,2596
9419,2596
9420,2596
9421,2596
9422,2596
9423,2596
9424,2596
9425,2596
9426,2596
9427,2596
9428,2596
9429,2596
9430,2596
9431,2596
9432,2596
9433,2596
9434,2596
9435,2596
9436,2596
9437,2596
9438,2596
9439,2596
9440,2596
9441,2596
9442,2596
9443,2596
9444,2596
9445,2596
9446,2596
9447,2596
9448,2596
9449,2596
9450,2596
9451,2596
9452,2596
9453,2596
9454,2596
9455,2596
9456,2596
9457,2596
9458,2596
9459,2596
9460,2596
9461,2596
9462,2596
9463,2596
9464,2596
9465,2596
9466,2596
9467,2596
9468,2596
9469,2596
9470,2596
9471,2596
9472,2596
9473,2596
9474,2596
9475,2596
9476,2596
9477,2596
9478,2596
9479,2596
9480,2596
9481,2596
9482,2596
9483,2596
9484,2596
9485,2596
9486,2596
9487,2596
9488,2596
9489,2596
9490,2596
9491,2596
9492,2596
9493,2596
9494,2596
9495,2596
9496,2596
9497,2596
9498,2596
9499,2596
9500,2596
9501,2596
9502,2596
9503,2596
9504,2596
9505,2596
9506,2596
9507,2596
9508,2596
9509,2596
9510,2596
9511,2596
9512,2596
9513,2596
9514,2596
9515,2596
9516,2596
9517,2596
9518,2596
9519,2596
9520,2596
9521,2596
9522,2596
9523,2596
9524,2596
9525,2596
9526,2596
9527,2596
9528,2596
9529,2596
9530,2596
9531,2596
9532,2596
9533,2596
9534,2596
9535,2596
9536,2596
9537,2596
9538,2596
9539,2596
9540,2596
9541,2596
9542,2596
9543,2596
9544,2596
9545,2596
9546,2596
9547,2596
9548,2596
9549,2596
9550,2596
9551,2596
9552,2596
9553,2596
9554,2596
9555,2596
9556,2596
9557,2596
9558,2596
9559,2596
9560,2596
9561,2596
9562,2596
9563,2596
9564,2596
9565,2596
9566,2596
9567,2596
9568,2596
9569,2596
9570,2596
9571,2596
9572,2596
9573,2596
9574,2596
9575,2596
9576,2596
9577,2596
9578,2596
9579,2596
9580,2596
9581,2596
9582,2596
9583,2596
9584,2596
9585,2596
9586,2596
9587,2596
9588,2596
9589,2596
9590,2596
9591,2596
9592,2596
9593,2596
9594,2596
9595,2596
9596,2596
9597,2596
9598,2596
9599,2596
9600,2596
9601,2596
9602,2596
9603,2596
9604,2596
9605,2596
9606,2596
9607,2596
9608,2596
9609,2596
9610,2596
9611,2596
9612,2596
9613,2596
9614,2596
9615,2596
9616,2596
9617,2596
9618,2596
9619,2596
9620,2596
9621,2596
9622,2596
9623,2596
9624,2596
9625,2596
9626,2596
9627,2596
9628,2596
9629,2596
9630,2596
9631,2596
9632,2596
9633,2596
9634,2596
9635,2596
9636,2596
9637,2596
9638,2596
9639,2596
9640,2596
9641,2596
9642,2596
9643,2596
9644,2596
9645,2596
9646,2596
9647,2596
9648,2596
9649,2596
9650,2596
9651,2596
9652,2596
9653,2596
9654,2596
9655,2596
9656,2596
9657,2596
9658,2596
9659,2596
9660,2596
9661,2596
9662,2596
9663,2596
9664,2596
9665,2596
9666,2596
9667,2596
9668,2596
9669,2596
9670,2596
9671,2596
9672,2596
9673,2596
9674,2596
9675,2596
9676,2596
9677,2596
9678,2596
9679,2596
9680,2596
9681,2596
9682,2596
9683,2596
9684,2596
9685,2596
9686,2596
9687,2596
9688,2596
9689,2596
9690,2596
9691,2596
9692,2596
9693,2596
9694,2596
9695,2596
9696,2596
9697,2596
9698,2596
9699,2596
9700,2596
9701,2596
9702,2596
9703,2596
9704,2596
9705,2596
9706,2596
9707,2596
9708,2596
9709,2596
9710,2596
9711,2596
9712,2596
9713,2596
9714,2596
9715,2596
9716,2596
9717,2596
9718,2596
9719,2596
9720,2596
9721,2596
9722,2596
9723,2596
9724,2596
9725,2596
9726,2596
9727,2596
9728,2596
9729,2596
9730,2596
9731,2596
9732,2596
9733,2596
9734,2596
9735,2596
9736,2596
9737,2596
9738,2596
9739,2596
9740,2596
9741,2596
9742,2596
9743,2596
9744,2596
9745,2596
9746,2596
9747,2596
9748,2596
9749,2596
9750,2596
9751,2596
9752,2596
9753,2596
9754,2596
9755,2596
9756,2596
9757,2596
9758,2596
9759,2596
9760,2596
9761,2596
9762,2596
9763,2596
9764,2596
9765,2596
9766,2596
9767,2596
9768,2596
9769,2596
9770,2596
9771,2596
9772,2596
9773,2596
9774,2596
9775,2596
9776,2596
9777,2596
9778,2596
9779,2596
9780,2596
9781,2596
9782,2596
9783,2596
9784,2596
9785,2596
9786,2596
9787,2596
9788,2596
9789,2596
9790,2596
9791,2596
9792,2596
9793,2596
9794,2596
9795,2596
9796,2596
9797,2596
9798,2596
9799,2596
9800,2596
9801,2596
9802,2596
9803,2596
9804,2596
9805,2596
9806,2596
9807,2596
9808,2596
9809,2596
9810,2596
9811,2596
9812,2596
9813,2596
9814,2596
9815,2596
9816,2596
9817,2596
9818,2596
9819,2596
9820,2596
9821,2596
9822,2596
9823,2596
9824,2596
9825,2596
9826,2596
9827,2596
9828,2596
9829,2596
9830,2596
9831,2596
9832,2596
9833,2596
9834,2596
9835,2596
9836,2596
9837,2596
9838,2596
9839,2596
9840,2596
9841,2596
9842,2596
9843,2596
9844,2596
9845,2596
9846,2596
9847,2596
9848,2596
9849,2596
9850,2596
9851,2596
9852,2596
9853,2596
9854,2596
9855,2596
9856,2596
9857,2596
9858,2596
9859,2596
9860,2596
9861,2596
9862,2596
9863,2596
9864,2596
9865,2596
9866,2596
9867,2596
9868,2596
9869,2596
9870,2596
9871,2596
9872,2596
9873,2596
9874,2596
9875,2596
9876,2596
9877,2596
9878,2596
9879,2596
9880,2596
9881,2596
9882,2596
9883,2596
9884,2596
9885,2596
9886,2596
9887,2596
9888,2596
9889,2596
9890,2596
9891,2596
9892,2596
9893,2596
9894,2596
9895,2596
9896,2596
9897,2596
9898,2596
9899,2596
9900,2596
9901,2596
9902,2596
9903,2596
9904,2596
9905,2596
9906,2596
9907,2596
9908,2596
9909,2596
9910,2596
9911,2596
9912,2596
9913,2596
9914,2596
9915,2596
9916,2596
9917,2596
9918,2596
9919,2596
9920,2596
9921,2596
9922,2596
9923,2596
9924,2596
9925,2596
9926,2596
9927,2596
9928,2596
9929,2596
9930,2596
9931,2596
9932,2596
9933,2596
9934,2596
9935,2596
9936,2596
9937,2596
9938,2596
9939,2596
9940,2596
9941,2596
9942,2596
9943,2596
9944,2596
9945,2596
9946,2596
9947,2596
9948,2596
9949,2596
9950,2596
9951,2596
9952,2596
9953,2596
9954,2596
9955,2596
9956,2596
9957,2596
9958,2596
9959,2596
9960,2596
9961,2596
9962,2596
9963,2596
9964,2596
9965,2596
9966,2596
9967,2596
9968,2596
9969,2596
9970,2596
9971,2596
9972,2596
9973,2596
9974,2596
9975,2596
9976,2596
9977,2596
9978,2596
9979,2596
9980,2596
9981,2596
9982,2596
9983,2596
9984,2596
9985,2596
9986,2596
9987,2596
9988,2596
9989,2596
9990,2596
9991,2596
9992,2596
9993,2596
9994,2596
9995,2596
9996,2596
9997,2596
9998,2596
9999,2596
10000,2596
10001,2596
10002,2596
10003,2596
10004,2596
10005,2596
10006,2596
10007,2596
10008,2596
10009,2596
10010,2596
10011,2596
10012,2596
10013,2596
10014,2596
10015,2596
10016,2596
10017,2596
10018,2596
10019,2596
10020,2596
10021,2596
10022,2596
10023,2596
10024,2596
10025,2596
10026,2596
10027,2596
10028,2596
10029,2596
10030,2596
10031,2596
10032,2596
10033,2596
10034,2596
10035,2596
10036,2596
10037,2596
10038,2596
10039,2596
10040,2596
10041,2596
10042,2596
10043,2596
10044,2596
10045,2596
10046,2596
10047,2596
10048,2596
10049,2596
10050,2596
10051,2596
10052,2596
10053,2596
10054,2596
10055,2596
10056,2596
10057,2596
10058,2596
10059,2596
10060,2596
10061,2596
10062,2596
10063,2596
10064,2596
10065,2596
10066,2596
10067,2596
10068,2596
10069,2596
10070,2596
10071,2596
10072,2596
10073,2596
10074,2596
10075,2596
10076,2596
10077,2596
10078,2596
10079,2596
10080,2596
10081,2596
10082,2596
10083,2596
10084,2596
10085,2596
10086,2596
10087,2596
10088,2596
10089,2596
10090,2596
10091,2596
10092,2596
10093,2596
10094,2596
10095,2596
10096,2596
10097,2596
10098,2596
10099,2596
10100,2596
10101,2596
10102,2596
10103,2596
10104,2596
10105,2596
10106,2596
10107,2596
10108,2596
10109,2596
10110,2596
10111,2596
10112,2596
10113,2596
10114,2596
10115,2596
10116,2596
10117,2596
10118,2596
10119,2596
10120,2596
10121,2596
10122,2596
10123,2596
10124,2596
10125,2596
10126,2596
10127,2596
10128,2596
10129,2596
10130,2596
10131,2596
10132,2596
10133,2596
10134,2596
10135,2596
10136,2596
10137,2596
10138,2596
10139,2596
10140,2596
10141,2596
10142,2596
10143,2596
10144,2596
10145,2596
10146,2596
10147,2596
10148,2596
10149,2596
10150,2596
10151,2596
10152,2596
10153,2596
10154,2596
10155,2596
10156,2596
10157,2596
10158,2596
10159,2596
10160,2596
10161,2596
10162,2596
10163,2596
10164,2596
10165,2596
10166,2596
10167,2596
10168,2596
10169,2596
10170,2596
10171,2596
10172,2596
10173,2596
10174,2596
10175,2596
10176,2596
10177,2596
10178,2596
10179,2596
10180,2596
10181,2596
10182,2596
10183,2596
10184,2596
10185,2596
10186,2596
10187,2596
10188,2596
10189,2596
10190,2596
10191,2596
10192,2596
10193,2596
10194,2596
10195,2596
10196,2596
10197,2596
10198,2596
10199,2596
10200,2596
10201,2596
10202,2596
10203,2596
10204,2596
10205,2596
10206,2596
10207,2596
10208,2596
10209,2596
10210,2596
10211,2596
10212,2596
10213,2596
10214,2596
10215,2596
10216,2596
10217,2596
10218,2596
10219,2596
10220,2596
10221,2596
10222,2596
10223,2596
10224,2596
10225,2596
10226,2596
10227,2596
10228,2596
10229,2596
10230,2596
10231,2596
10232,2596
10233,2596
10234,2596
10235,2596
10236,2596
10237,2596
10238,2596
10239,2596
10240,2596
10241,2596
10242,2596
10243,2596
10244,2596
10245,2596
10246,2596
10247,2596
10248,2596
10249,2596
10250,2596
10251,2596
10252,2596
10253,2596
10254,2596
10255,2596
10256,2596
10257,2596
10258,2596
10259,2596
10260,2596
10261,2596
10262,2596
10263,2596
10264,2596
10265,2596
10266,2596
10267,2596
10268,2596
10269,2596
10270,2596
10271,2596
10272,2596
10273,2596
10274,2596
10275,2596
10276,2596
10277,2596
10278,2596
10279,2596
10280,2596
10281,2596
10282,2596
10283,2596
10284,2596
10285,2596
10286,2596
10287,2596
10288,2596
10289,2596
10290,2596
10291,2596
10292,2596
10293,2596
10294,2596
10295,2596
10296,2596
10297,2596
10298,2596
10299,2596
10300,2596
10301,2596
10302,2596
10303,2596
10304,2596
10305,2596
10306,2596
10307,2596
10308,2596
10309,2596
10310,2596
10311,2596
10312,2596
10313,2596
10314,2596
10315,2596
10316,2596
10317,2596
10318,2596
10319,2596
10320,2596
10321,2596
10322,2596
10323,2596
10324,2596
10325,2596
10326,2596
10327,2596
10328,2596
10329,2596
10330,2596
10331,2596
10332,2596
10333,2596
10334,2596
10335,2596
10336,2596
10337,2596
10338,2596
10339,2596
10340,2596
10341,2596
10342,2596
10343,2596
10344,2596
10345,2596
10346,2596
10347,2596
10348,2596
10349,2596
10350,2596
10351,2596
10352,2596
10353,2596
10354,2596
10355,2596
10356,2596
10357,2596
10358,2596
10359,2596
10360,2596
10361,2596
10362,2596
10363,2596
10364,2596
10365,2596
10366,2596
10367,2596
10368,2596
10369,2596
10370,2596
10371,2596
10372,2596
10373,2596
10374,2596
10375,2596
10376,2596
10377,2596
10378,2596
10379,2596
10380,2596
10381,2596
10382,2596
10383,2596
10384,2596
10385,2596
10386,2596
10387,2596
10388,2596
10389,2596
10390,2596
10391,2596
10392,2596
10393,2596
10394,2596
10395,2596
10396,2596
10397,2596
10398,2596
10399,2596
10400,2596
10401,2596
10402,2596
10403,2596
10404,2596
10405,2596
10406,2596
10407,2596
10408,2596
10409,2596
10410,2596
10411,2596
10412,2596
10413,2596
10414,2596
10415,2596
10416,2596
10417,2596
10418,2596
10419,2596
10420,2596
10421,2596
10422,2596
10423,2596
10424,2596
10425,2596
10426,2596
10427,2596
10428,2596
10429,2596
10430,2596
10431,2596
10432,2596
10433,2596
10434,2596
10435,2596
10436,2596
10437,2596
10438,2596
10439,2596
10440,2596
10441,2596
10442,2596
10443,2596
10444,2596
10445,2596
10446,2596
10447,2596
10448,2596
10449,2596
10450,2596
10451,2596
10452,2596
10453,2596
10454,2596
10455,2596
10456,2596
10457,2596
10458,2596
10459,2596
10460,2596
10461,2596
10462,2596
10463,2596
10464,2596
10465,2596
10466,2596
10467,2596
10468,2596
10469,2596
10470,2596
10471,2596
10472,2596
10473,2596
10474,2596
10475,2596
10476,2596
10477,2596
10478,2596
10479,2596
10480,2596
10481,2596
10482,2596
10483,2596
10484,2596
10485,2596
10486,2596
10487,2596
10488,2596
10489,2596
10490,2596
10491,2596
10492,2596
10493,2596
10494,2596
10495,2596
10496,2596
10497,2596
10498,2596
10499,2596
10500,2596
10501,2596
10502,2596
10503,2596
10504,2596
10505,2596
10506,2596
10507,2596
10508,2596
10509,2596
10510,2596
10511,2596
10512,2596
10513,2596
10514,2596
10515,2596
10516,2596
10517,2596
10518,2596
10519,2596
10520,2596
10521,2596
10522,2596
10523,2596
10524,2596
10525,2596
10526,2596
10527,2596
10528,2596
10529,2596
10530,2596
10531,2596
10532,2596
10533,2596
10534,2596
10535,2596
10536,2596
10537,2596
10538,2596
10539,2596
10540,2596
10541,2596
10542,2596
10543,2596
10544,2596
10545,2596
10546,2596
10547,2596
10548,2596
10549,2596
10550,2596
10551,2596
10552,2596
10553,2596
10554,2596
10555,2596
10556,2596
10557,2596
10558,2596
10559,2596
10560,2596
10561,2596
10562,2596
10563,2596
10564,2596
10565,2596
10566,2596
10567,2596
10568,2596
10569,2596
10570,2596
10571,2596
10572,2596
10573,2596
10574,2596
10575,2596
10576,2596
10577,2596
10578,2596
10579,2596
10580,2596
10581,2596
10582,2596
10583,2596
10584,2596
10585,2596
10586,2596
10587,2596
10588,2596
10589,2596
10590,2596
10591,2596
10592,2596
10593,2596
10594,2596
10595,2596
10596,2596
10597,2596
10598,2596
10599,2596
10600,2596
10601,2596
10602,2596
10603,2596
10604,2596
10605,2596
10606,2596
10607,2596
10608,2596
10609,2596
10610,2596
10611,2596
10612,2596
10613,2596
10614,2596
10615,2596
10616,2596
10617,2596
10618,2596
10619,2596
10620,2596
10621,2596
10622,2596
10623,2596
10624,2596
10625,2596
10626,2596
10627,2596
10628,2596
10629,2596
10630,2596
10631,2596
10632,2596
10633,2596
10634,2596
10635,2596
10636,2596
10637,2596
10638,2596
10639,2596
10640,2596
10641,2596
10642,2596
10643,2596
10644,2596
10645,2596
10646,2596
10647,2596
10648,2596
10649,2596
10650,2596
10651,2596
10652,2596
10653,2596
10654,2596
10655,2596
10656,2596
10657,2596
10658,2596
10659,2596
10660,2596
10661,2596
10662,2596
10663,2596
10664,2596
10665,2596
10666,2596
10667,2596
10668,2596
10669,2596
10670,2596
10671,2596
10672,2596
10673,2596
10674,2596
10675,2596
10676,2596
10677,2596
10678,2596
10679,2596
10680,2596
10681,2596
10682,2596
10683,2596
10684,2596
10685,2596
10686,2596
10687,2596
10688,2596
10689,2596
10690,2596
10691,2596
10692,2596
10693,2596
10694,2596
10695,2596
10696,2596
10697,2596
10698,2596
10699,2596
10700,2596
10701,2596
10702,2596
10703,2596
10704,2596
10705,2596
10706,2596
10707,2596
10708,2596
10709,2596
10710,2596
10711,2596
10712,2596
10713,2596
10714,2596
10715,2596
10716,2596
10717,2596
10718,2596
10719,2596
10720,2596
10721,2596
10722,2596
10723,2596
10724,2596
10725,2596
10726,2596
10727,2596
10728,2596
10729,2596
10730,2596
10731,2596
10732,2596
10733,2596
10734,2596
10735,2596
10736,2596
10737,2596
10738,2596
10739,2596
10740,2596
10741,2596
10742,2596
10743,2596
10744,2596
10745,2596
10746,2596
10747,2596
10748,2596
10749,2596
10750,2596
10751,2596
10752,2596
10753,2596
10754,2596
10755,2596
10756,2596
10757,2596
10758,2596
10759,2596
10760,2596
10761,2596
10762,2596
10763,2596
10764,2596
10765,2596
10766,2596
10767,2596
10768,2596
10769,2596
10770,2596
10771,2596
10772,2596
10773,2596
10774,2596
10775,2596
10776,2596
10777,2596
10778,2596
10779,2596
10780,2596
10781,2596
10782,2596
10783,2596
10784,2596
10785,2596
10786,2596
10787,2596
10788,2596
10789,2596
10790,2596
10791,2596
10792,2596
10793,2596
10794,2596
10795,2596
10796,2596
10797,2596
10798,2596
10799,2596
10800,2596
10801,2596
10802,2596
10803,2596
10804,2596
10805,2596
10806,2596
10807,2596
10808,2596
10809,2596
10810,2596
10811,2596
10812,2596
10813,2596
10814,2596
10815,2596
10816,2596
10817,2596
10818,2596
10819,2596
10820,2596
10821,2596
10822,2596
10823,2596
10824,2596
10825,2596
10826,2596
10827,2596
10828,2596
10829,2596
10830,2596
10831,2596
10832,2596
10833,2596
10834,2596
10835,2596
10836,2596
10837,2596
10838,2596
10839,2596
10840,2596
10841,2596
10842,2596
10843,2596
10844,2596
10845,2596
10846,2596
10847,2596
10848,2596
10849,2596
10850,2596
10851,2596
10852,2596
10853,2596
10854,2596
10855,2596
10856,2596
10857,2596
10858,2596
10859,2596
10860,2596
10861,2596
10862,2596
10863,2596
10864,2596
10865,2596
10866,2596
10867,2596
10868,2596
10869,2596
10870,2596
10871,2596
10872,2596
10873,2596
10874,2596
10875,2596
10876,2596
10877,2596
10878,2596
10879,2596
10880,2596
10881,2596
10882,2596
10883,2596
10884,2596
10885,2596
10886,2596
10887,2596
10888,2596
10889,2596
10890,2596
10891,2596
10892,2596
10893,2596
10894,2596
10895,2596
10896,2596
10897,2596
10898,2596
10899,2596
10900,2596
10901,2596
10902,2596
10903,2596
10904,2596
10905,2596
10906,2596
10907,2596
10908,2596
10909,2596
10910,2596
10911,2596
10912,2596
10913,2596
10914,2596
10915,2596
10916,2596
10917,2596
10918,2596
10919,2596
10920,2596
10921,2596
10922,2596
10923,2596
10924,2596
10925,2596
10926,2596
10927,2596
10928,2596
10929,2596
10930,2596
10931,2596
10932,2596
10933,2596
10934,2596
10935,2596
10936,2596
10937,2596
10938,2596
10939,2596
10940,2596
10941,2596
10942,2596
10943,2596
10944,2596
10945,2596
10946,2596
10947,2596
10948,2596
10949,2596
10950,2596
10951,2596
10952,2596
10953,2596
10954,2596
10955,2596
10956,2596
10957,2596
10958,2596
10959,2596
10960,2596
10961,2596
10962,2596
10963,2596
10964,2596
10965,2596
10966,2596
10967,2596
10968,2596
10969,2596
10970,2596
10971,2596
10972,2596
10973,2596
10974,2596
10975,2596
10976,2596
10977,2596
10978,2596
10979,2596
10980,2596
10981,2596
10982,2596
10983,2596
10984,2596
10985,2596
10986,2596
10987,2596
10988,2596
10989,2596
10990,2596
10991,2596
10992,2596
10993,2596
10994,2596
10995,2596
10996,2596
10997,2596
10998,2596
10999,2596
11000,2596
11001,2596
11002,2596
11003,2596
11004,2596
11005,2596
11006,2596
11007,2596
11008,2596
11009,2596
11010,2596
11011,2596
11012,2596
11013,2596
11014,2596
11015,2596
11016,2596
11017,2596
11018,2596
11019,2596
11020,2596
11021,2596
11022,2596
11023,2596
11024,2596
11025,2596
11026,2596
11027,2596
11028,2596
11029,2596
11030,2596
11031,2596
11032,2596
11033,2596
11034,2596
11035,2596
11036,2596
11037,2596
11038,2596
11039,2596
11040,2596
11041,2596
11042,2596
11043,2596
11044,2596
11045,2596
11046,2596
11047,2596
11048,2596
11049,2596
11050,2596
11051,2596
11052,2596
11053,2596
11054,2596
11055,2596
11056,2596
11057,2596
11058,2596
11059,2596
11060,2596
11061,2596
11062,2596
11063,2596
11064,2596
11065,2596
11066,2596
11067,2596
11068,2596
11069,2596
11070,2596
11071,2596
11072,2596
11073,2596
11074,2596
11075,2596
11076,2596
11077,2596
11078,2596
11079,2596
11080,2596
11081,2596
11082,2596
11083,2596
11084,2596
11085,2596
11086,2596
11087,2596
11088,2596
11089,2596
11090,2596
11091,2596
11092,2596
11093,2596
11094,2596
11095,2596
11096,2596
11097,2596
11098,2596
11099,2596
11100,2596
11101,2596
11102,2596
11103,2596
11104,2596
11105,2596
11106,2596
11107,2596
11108,2596
11109,2596
11110,2596
11111,2596
11112,2596
11113,2596
11114,2596
11115,2596
11116,2596
11117,2596
11118,2596
11119,2596
11120,2596
11121,2596
11122,2596
11123,2596
11124,2596
11125,2596
11126,2596
11127,2596
11128,2596
11129,2596
11130,2596
11131,2596
11132,2596
11133,2596
11134,2596
11135,2596
11136,2596
11137,2596
11138,2596
11139,2596
11140,2596
11141,2596
11142,2596
11143,2596
11144,2596
11145,2596
11146,2596
11147,2596
11148,2596
11149,2596
11150,2596
11151,2596
11152,2596
11153,2596
11154,2596
11155,2596
11156,2596
11157,2596
11158,2596
11159,2596
11160,2596
11161,2596
11162,2596
11163,2596
11164,2596
11165,2596
11166,2596
11167,2596
11168,2596
11169,2596
11170,2596
11171,2596
11172,2596
11173,2596
11174,2596
11175,2596
11176,2596
11177,2596
11178,2596
11179,2596
11180,2596
11181,2596
11182,2596
11183,2596
11184,2596
11185,2596
11186,2596
11187,2596
11188,2596
11189,2596
11190,2596
11191,2596
11192,2596
11193,2596
11194,2596
11195,2596
11196,2596
11197,2596
11198,2596
11199,2596
11200,2596
11201,2596
11202,2596
11203,2596
11204,2596
11205,2596
11206,2596
11207,2596
11208,2596
11209,2596
11210,2596
11211,2596
11212,2596
11213,2596
11214,2596
11215,2596
11216,2596
11217,2596
11218,2596
11219,2596
11220,2596
11221,2596
11222,2596
11223,2596
11224,2596
11225,2596
11226,2596
11227,2596
11228,2596
11229,2596
11230,2596
11231,2596
11232,2596
11233,2596
11234,2596
11235,2596
11236,2596
11237,2596
11238,2596
11239,2596
11240,2596
11241,2596
11242,2596
11243,2596
11244,2596
11245,2596
11246,2596
11247,2596
11248,2596
11249,2596
11250,2596
11251,2596
11252,2596
11253,2596
11254,2596
11255,2596
11256,2596
11257,2596
11258,2596
11259,2596
11260,2596
11261,2596
11262,2596
11263,2596
11264,2596
11265,2596
11266,2596
11267,2596
11268,2596
11269,2596
11270,2596
11271,2596
11272,2596
11273,2596
11274,2596
11275,2596
11276,2596
11277,2596
11278,2596
11279,2596
11280,2596
11281,2596
11282,2596
11283,2596
11284,2596
11285,2596
11286,2596
11287,2596
11288,2596
11289,2596
11290,2596
11291,2596
11292,2596
11293,2596
11294,2596
11295,2596
11296,2596
11297,2596
11298,2596
11299,2596
11300,2596
11301,2596
11302,2596
11303,2596
11304,2596
11305,2596
11306,2596
11307,2596
11308,2596
11309,2596
11310,2596
11311,2596
11312,2596
11313,2596
11314,2596
11315,2596
11316,2596
11317,2596
11318,2596
11319,2596
11320,2596
11321,2596
11322,2596
11323,2596
11324,2596
11325,2596
11326,2596
11327,2596
11328,2596
11329,2596
11330,2596
11331,2596
11332,2596
11333,2596
11334,2596
11335,2596
11336,2596
11337,2596
11338,2596
11339,2596
11340,2596
11341,2596
11342,2596
11343,2596
11344,2596
11345,2596
11346,2596
11347,2596
11348,2596
11349,2596
11350,2596
11351,2596
11352,2596
11353,2596
11354,2596
11355,2596
11356,2596
11357,2596
11358,2596
11359,2596
11360,2596
11361,2596
11362,2596
11363,2596
11364,2596
11365,2596
11366,2596
11367,2596
11368,2596
11369,2596
11370,2596
11371,2596
11372,2596
11373,2596
11374,2596
11375,2596
11376,2596
11377,2596
11378,2596
11379,2596
11380,2596
11381,2596
11382,2596
11383,2596
11384,2596
11385,2596
11386,2596
11387,2596
11388,2596
11389,2596
11390,2596
11391,2596
11392,2596
11393,2596
11394,2596
11395,2596
11396,2596
11397,2596
11398,2596
11399,2596
11400,2596
11401,2596
11402,2596
11403,2596
11404,2596
11405,2596
11406,2596
11407,2596
11408,2596
11409,2596
11410,2596
11411,2596
11412,2596
11413,2596
11414,2596
11415,2596
11416,2596
11417,2596
11418,2596
11419,2596
11420,2596
11421,2596
11422,2596
11423,2596
11424,2596
11425,2596
11426,2596
11427,2596
11428,2596
11429,2596
11430,2596
11431,2596
11432,2596
11433,2596
11434,2596
11435,2596
11436,2596
11437,2596
11438,2596
11439,2596
11440,2596
11441,2596
11442,2596
11443,2596
11444,2596
11445,2596
11446,2596
11447,2596
11448,2596
11449,2596
11450,2596
11451,2596
11452,2596
11453,2596
11454,2596
11455,2596
11456,2596
11457,2596
11458,2596
11459,2596
11460,2596
11461,2596
11462,2596
11463,2596
11464,2596
11465,2596
11466,2596
11467,2596
11468,2596
11469,2596
11470,2596
11471,2596
11472,2596
11473,2596
11474,2596
11475,2596
11476,2596
11477,2596
11478,2596
11479,2596
11480,2596
11481,2596
11482,2596
11483,2596
11484,2596
11485,2596
11486,2596
11487,2596
11488,2596
11489,2596
11490,2596
11491,2596
11492,2596
11493,2596
11494,2596
11495,2596
11496,2596
11497,2596
11498,2596
11499,2596
11500,2596
11501,2596
11502,2596
11503,2596
11504,2596
11505,2596
11506,2596
11507,2596
11508,2596
11509,2596
11510,2596
11511,2596
11512,2596
11513,2596
11514,2596
11515,2596
11516,2596
11517,2596
11518,2596
11519,2596
11520,2596
11521,2596
11522,2596
11523,2596
11524,2596
11525,2596
11526,2596
11527,2596
11528,2596
11529,2596
11530,2596
11531,2596
11532,2596
11533,2596
11534,2596
11535,2596
11536,2596
11537,2596
11538,2596
11539,2596
11540,2596
11541,2596
11542,2596
11543,2596
11544,2596
11545,2596
11546,2596
11547,2596
11548,2596
11549,2596
11550,2596
11551,2596
11552,2596
11553,2596
11554,2596
11555,2596
11556,2596
11557,2596
11558,2596
11559,2596
11560,2596
11561,2596
11562,2596
11563,2596
11564,2596
11565,2596
11566,2596
11567,2596
11568,2596
11569,2596
11570,2596
11571,2596
11572,2596
11573,2596
11574,2596
11575,2596
11576,2596
11577,2596
11578,2596
11579,2596
11580,2596
11581,2596
11582,2596
11583,2596
11584,2596
11585,2596
11586,2596
11587,2596
11588,2596
11589,2596
11590,2596
11591,2596
11592,2596
11593,2596
11594,2596
11595,2596
11596,2596
11597,2596
11598,2596
11599,2596
11600,2596
11601,2596
11602,2596
11603,2596
11604,2596
11605,2596
11606,2596
11607,2596
11608,2596
11609,2596
11610,2596
11611,2596
11612,2596
11613,2596
11614,2596
11615,2596
11616,2596
11617,2596
11618,2596
11619,2596
11620,2596
11621,2596
11622,2596
11623,2596
11624,2596
11625,2596
11626,2596
11627,2596
11628,2596
11629,2596
11630,2596
11631,2596
11632,2596
11633,2596
11634,2596
11635,2596
11636,2596
11637,2596
11638,2596
11639,2596
11640,2596
11641,2596
11642,2596
11643,2596
11644,2596
11645,2596
11646,2596
11647,2596
11648,2596
11649,2596
11650,2596
11651,2596
11652,2596
11653,2596
11654,2596
11655,2596
11656,2596
11657,2596
11658,2596
11659,2596
11660,2596
11661,2596
11662,2596
11663,2596
11664,2596
11665,2596
11666,2596
11667,2596
11668,2596
11669,2596
11670,2596
11671,2596
11672,2596
11673,2596
11674,2596
11675,2596
11676,2596
11677,2596
11678,2596
11679,2596
11680,2596
11681,2596
11682,2596
11683,2596
11684,2596
11685,2596
11686,2596
11687,2596
11688,2596
11689,2596
11690,2596
11691,2596
11692,2596
11693,2596
11694,2596
11695,2596
11696,2596
11697,2596
11698,2596
11699,2596
11700,2596
11701,2596
11702,2596
11703,2596
11704,2596
11705,2596
11706,2596
11707,2596
11708,2596
11709,2596
11710,2596
11711,2596
11712,2596
11713,2596
11714,2596
11715,2596
11716,2596
11717,2596
11718,2596
11719,2596
11720,2596
11721,2596
11722,2596
11723,2596
11724,2596
11725,2596
11726,2596
11727,2596
11728,2596
11729,2596
11730,2596
11731,2596
11732,2596
11733,2596
11734,2596
11735,2596
11736,2596
11737,2596
11738,2596
11739,2596
11740,2596
11741,2596
11742,2596
11743,2596
11744,2596
11745,2596
11746,2596
11747,2596
11748,2596
11749,2596
11750,2596
11751,2596
11752,2596
11753,2596
11754,2596
11755,2596
11756,2596
11757,2596
11758,2596
11759,2596
11760,2596
11761,2596
11762,2596
11763,2596
11764,2596
11765,2596
11766,2596
11767,2596
11768,2596
11769,2596
11770,2596
11771,2596
11772,2596
11773,2596
11774,2596
11775,2596
11776,2596
11777,2596
11778,2596
11779,2596
11780,2596
11781,2596
11782,2596
11783,2596
11784,2596
11785,2596
11786,2596
11787,2596
11788,2596
11789,2596
11790,2596
11791,2596
11792,2596
11793,2596
11794,2596
11795,2596
11796,2596
11797,2596
11798,2596
11799,2596
11800,2596
11801,2596
11802,2596
11803,2596
11804,2596
11805,2596
11806,2596
11807,2596
11808,2596
11809,2596
11810,2596
11811,2596
11812,2596
11813,2596
11814,2596
11815,2596
11816,2596
11817,2596
11818,2596
11819,2596
11820,2596
11821,2596
11822,2596
11823,2596
11824,2596
11825,2596
11826,2596
11827,2596
11828,2596
11829,2596
11830,2596
11831,2596
11832,2596
11833,2596
11834,2596
11835,2596
11836,2596
11837,2596
11838,2596
11839,2596
11840,2596
11841,2596
11842,2596
11843,2596
11844,2596
11845,2596
11846,2596
11847,2596
11848,2596
11849,2596
11850,2596
11851,2596
11852,2596
11853,2596
11854,2596
11855,2596
11856,2596
11857,2596
11858,2596
11859,2596
11860,2596
11861,2596
11862,2596
11863,2596
11864,2596
11865,2596
11866,2596
11867,2596
11868,2596
11869,2596
11870,2596
11871,2596
11872,2596
11873,2596
11874,2596
11875,2596
11876,2596
11877,2596
11878,2596
11879,2596
11880,2596
11881,2596
11882,2596
11883,2596
11884,2596
11885,2596
11886,2596
11887,2596
11888,2596
11889,2596
11890,2596
11891,2596
11892,2596
11893,2596
11894,2596
11895,2596
11896,2596
11897,2596
11898,2596
11899,2596
11900,2596
11901,2596
11902,2596
11903,2596
11904,2596
11905,2596
11906,2596
11907,2596
11908,2596
11909,2596
11910,2596
11911,2596
11912,2596
11913,2596
11914,2596
11915,2596
11916,2596
11917,2596
11918,2596
11919,2596
11920,2596
11921,2596
11922,2596
11923,2596
11924,2596
11925,2596
11926,2596
11927,2596
11928,2596
11929,2596
11930,2596
11931,2596
11932,2596
11933,2596
11934,2596
11935,2596
11936,2596
11937,2596
11938,2596
11939,2596
11940,2596
11941,2596
11942,2596
11943,2596
11944,2596
11945,2596
11946,2596
11947,2596
11948,2596
11949,2596
11950,2596
11951,2596
11952,2596
11953,2596
11954,2596
11955,2596
11956,2596
11957,2596
11958,2596
11959,2596
11960,2596
11961,2596
11962,2596
11963,2596
11964,2596
11965,2596
11966,2596
11967,2596
11968,2596
11969,2596
11970,2596
11971,2596
11972,2596
11973,2596
11974,2596
11975,2596
11976,2596
11977,2596
11978,2596
11979,2596
11980,2596
11981,2596
11982,2596
11983,2596
11984,2596
11985,2596
11986,2596
11987,2596
11988,2596
11989,2596
11990,2596
11991,2596
11992,2596
11993,2596
11994,2596
11995,2596
11996,2596
11997,2596
11998,2596
11999,2596
12000,2596
12001,2596
12002,2596
12003,2596
12004,2596
12005,2596
12006,2596
12007,2596
12008,2596
12009,2596
12010,2596
12011,2596
12012,2596
12013,2596
12014,2596
12015,2596
12016,2596
12017,2596
12018,2596
12019,2596
12020,2596
12021,2596
12022,2596
12023,2596
12024,2596
12025,2596
12026,2596
12027,2596
12028,2596
12029,2596
12030,2596
12031,2596
12032,2596
12033,2596
12034,2596
12035,2596
12036,2596
12037,2596
12038,2596
12039,2596
12040,2596
12041,2596
12042,2596
12043,2596
12044,2596
12045,2596
12046,2596
12047,2596
12048,2596
12049,2596
12050,2596
12051,2596
12052,2596
12053,2596
12054,2596
12055,2596
12056,2596
12057,2596
12058,2596
12059,2596
12060,2596
12061,2596
12062,2596
12063,2596
12064,2596
12065,2596
12066,2596
12067,2596
12068,2596
12069,2596
12070,2596
12071,2596
12072,2596
12073,2596
12074,2596
12075,2596
12076,2596
12077,2596
12078,2596
12079,2596
12080,2596
12081,2596
12082,2596
12083,2596
12084,2596
12085,2596
12086,2596
12087,2596
12088,2596
12089,2596
12090,2596
12091,2596
12092,2596
12093,2596
12094,2596
12095,2596
12096,2596
12097,2596
12098,2596
12099,2596
12100,2596
12101,2596
12102,2596
12103,2596
12104,2596
12105,2596
12106,2596
12107,2596
12108,2596
12109,2596
12110,2596
12111,2596
12112,2596
12113,2596
12114,2596
12115,2596
12116,2596
12117,2596
12118,2596
12119,2596
12120,2596
12121,2596
12122,2596
12123,2596
12124,2596
12125,2596
12126,2596
12127,2596
12128,2596
12129,2596
12130,2596
12131,2596
12132,2596
12133,2596
12134,2596
12135,2596
12136,2596
12137,2596
12138,2596
12139,2596
12140,2596
12141,2596
12142,2596
12143,2596
12144,2596
12145,2596
12146,2596
12147,2596
12148,2596
12149,2596
12150,2596
12151,2596
12152,2596
12153,2596
12154,2596
12155,2596
12156,2596
12157,2596
12158,2596
12159,2596
12160,2596
12161,2596
12162,2596
12163,2596
12164,2596
12165,2596
12166,2596
12167,2596
12168,2596
12169,2596
12170,2596
12171,2596
12172,2596
12173,2596
12174,2596
12175,2596
12176,2596
12177,2596
12178,2596
12179,2596
12180,2596
12181,2596
12182,2596
12183,2596
12184,2596
12185,2596
12186,2596
12187,2596
12188,2596
12189,2596
12190,2596
12191,2596
12192,2596
12193,2596
12194,2596
12195,2596
12196,2596
12197,2596
12198,2596
12199,2596
12200,2596
12201,2596
12202,2596
12203,2596
12204,2596
12205,2596
12206,2596
12207,2596
12208,2596
12209,2596
12210,2596
12211,2596
12212,2596
12213,2596
12214,2596
12215,2596
12216,2596
12217,2596
12218,2596
12219,2596
12220,2596
12221,2596
12222,2596
12223,2596
12224,2596
12225,2596
12226,2596
12227,2596
12228,2596
12229,2596
12230,2596
12231,2596
12232,2596
12233,2596
12234,2596
12235,2596
12236,2596
12237,2596
12238,2596
12239,2596
12240,2596
12241,2596
12242,2596
12243,2596
12244,2596
12245,2596
12246,2596
12247,2596
12248,2596
12249,2596
12250,2596
12251,2596
12252,2596
12253,2596
12254,2596
12255,2596
12256,2596
12257,2596
12258,2596
12259,2596
12260,2596
12261,2596
12262,2596
12263,2596
12264,2596
12265,2596
12266,2596
12267,2596
12268,2596
12269,2596
12270,2596
12271,2596
12272,2596
12273,2596
12274,2596
12275,2596
12276,2596
12277,2596
12278,2596
12279,2596
12280,2596
12281,2596
12282,2596
12283,2596
12284,2596
12285,2596
12286,2596
12287,2596
12288,2596
12289,2596
12290,2596
12291,2596
12292,2596
12293,2596
12294,2596
12295,2596
12296,2596
12297,2596
12298,2596
12299,2596
12300,2596
12301,2596
12302,2596
12303,2596
12304,2596
12305,2596
12306,2596
12307,2596
12308,2596
12309,2596
12310,2596
12311,2596
12312,2596
12313,2596
12314,2596
12315,2596
12316,2596
12317,2596
12318,2596
12319,2596
12320,2596
12321,2596
12322,2596
12323,2596
12324,2596
12325,2596
12326,2596
12327,2596
12328,2596
12329,2596
12330,2596
12331,2596
12332,2596
12333,2596
12334,2596
12335,2596
12336,2596
12337,2596
12338,2596
12339,2596
12340,2596
12341,2596
12342,2596
12343,2596
12344,2596
12345,2596
12346,2596
12347,2596
12348,2596
12349,2596
12350,2596
12351,2596
12352,2596
12353,2596
12354,2596
12355,2596
12356,2596
12357,2596
12358,2596
12359,2596
12360,2596
12361,2596
12362,2596
12363,2596
12364,2596
12365,2596
12366,2596
12367,2596
12368,2596
12369,2596
12370,2596
12371,2596
12372,2596
12373,2596
12374,2596
12375,2596
12376,2596
12377,2596
12378,2596
12379,2596
12380,2596
12381,2596
12382,2596
12383,2596
12384,2596
12385,2596
12386,2596
12387,2596
12388,2596
12389,2596
12390,2596
12391,2596
12392,2596
12393,2596
12394,2596
12395,2596
12396,2596
12397,2596
12398,2596
12399,2596
12400,2596
12401,2596
12402,2596
12403,2596
12404,2596
12405,2596
12406,2596
12407,2596
12408,2596
12409,2596
12410,2596
12411,2596
12412,2596
12413,2596
12414,2596
12415,2596
12416,2596
12417,2596
12418,2596
12419,2596
12420,2596
12421,2596
12422,2596
12423,2596
12424,2596
12425,2596
12426,2596
12427,2596
12428,2596
12429,2596
12430,2596
12431,2596
12432,2596
12433,2596
12434,2596
12435,2596
12436,2596
12437,2596
12438,2596
12439,2596
12440,2596
12441,2596
12442,2596
12443,2596
12444,2596
12445,2596
12446,2596
12447,2596
12448,2596
12449,2596
12450,2596
12451,2596
12452,2596
12453,2596
12454,2596
12455,2596
12456,2596
12457,2596
12458,2596
12459,2596
12460,2596
12461,2596
12462,2596
12463,2596
12464,2596
12465,2596
12466,2596
12467,2596
12468,2596
12469,2596
12470,2596
12471,2596
12472,2596
12473,2596
12474,2596
12475,2596
12476,2596
12477,2596
12478,2596
12479,2596
12480,2596
12481,2596
12482,2596
12483,2596
12484,2596
12485,2596
12486,2596
12487,2596
12488,2596
12489,2596
12490,2596
12491,2596
12492,2596
12493,2596
12494,2596
12495,2596
12496,2596
12497,2596
12498,2596
12499,2596
12500,2596
12501,2596
12502,2596
12503,2596
12504,2596
12505,2596
12506,2596
12507,2596
12508,2596
12509,2596
12510,2596
12511,2596
12512,2596
12513,2596
12514,2596
12515,2596
12516,2596
12517,2596
12518,2596
12519,2596
12520,2596
12521,2596
12522,2596
12523,2596
12524,2596
12525,2596
12526,2596
12527,2596
12528,2596
12529,2596
12530,2596
12531,2596
12532,2596
12533,2596
12534,2596
12535,2596
12536,2596
12537,2596
12538,2596
12539,2596
12540,2596
12541,2596
12542,2596
12543,2596
12544,2596
12545,2596
12546,2596
12547,2596
12548,2596
12549,2596
12550,2596
12551,2596
12552,2596
12553,2596
12554,2596
12555,2596
12556,2596
12557,2596
12558,2596
12559,2596
12560,2596
12561,2596
12562,2596
12563,2596
12564,2596
12565,2596
12566,2596
12567,2596
12568,2596
12569,2596
12570,2596
12571,2596
12572,2596
12573,2596
12574,2596
12575,2596
12576,2596
12577,2596
12578,2596
12579,2596
12580,2596
12581,2596
12582,2596
12583,2596
12584,2596
12585,2596
12586,2596
12587,2596
12588,2596
12589,2596
12590,2596
12591,2596
12592,2596
12593,2596
12594,2596
12595,2596
12596,2596
12597,2596
12598,2596
12599,2596
12600,2596
12601,2596
12602,2596
12603,2596
12604,2596
12605,2596
12606,2596
12607,2596
12608,2596
12609,2596
12610,2596
12611,2596
12612,2596
12613,2596
12614,2596
12615,2596
12616,2596
12617,2596
12618,2596
12619,2596
12620,2596
12621,2596
12622,2596
12623,2596
12624,2596
12625,2596
12626,2596
12627,2596
12628,2596
12629,2596
12630,2596
12631,2596
12632,2596
12633,2596
12634,2596
12635,2596
12636,2596
12637,2596
12638,2596
12639,2596
12640,2596
12641,2596
12642,2596
12643,2596
12644,2596
12645,2596
12646,2596
12647,2596
12648,2596
12649,2596
12650,2596
12651,2596
12652,2596
12653,2596
12654,2596
12655,2596
12656,2596
12657,2596
12658,2596
12659,2596
12660,2596
12661,2596
12662,2596
12663,2596
12664,2596
12665,2596
12666,2596
12667,2596
12668,2596
12669,2596
12670,2596
12671,2596
12672,2596
12673,2596
12674,2596
12675,2596
12676,2596
12677,2596
12678,2596
12679,2596
12680,2596
12681,2596
12682,2596
12683,2596
12684,2596
12685,2596
12686,2596
12687,2596
12688,2596
12689,2596
12690,2596
12691,2596
12692,2596
12693,2596
12694,2596
12695,2596
12696,2596
12697,2596
12698,2596
12699,2596
12700,2596
12701,2596
12702,2596
12703,2596
12704,2596
12705,2596
12706,2596
12707,2596
12708,2596
12709,2596
12710,2596
12711,2596
12712,2596
12713,2596
12714,2596
12715,2596
12716,2596
12717,2596
12718,2596
12719,2596
12720,2596
12721,2596
12722,2596
12723,2596
12724,2596
12725,2596
12726,2596
12727,2596
12728,2596
12729,2596
12730,2596
12731,2596
12732,2596
12733,2596
12734,2596
12735,2596
12736,2596
12737,2596
12738,2596
12739,2596
12740,2596
12741,2596
12742,2596
12743,2596
12744,2596
12745,2596
12746,2596
12747,2596
12748,2596
12749,2596
12750,2596
12751,2596
12752,2596
12753,2596
12754,2596
12755,2596
12756,2596
12757,2596
12758,2596
12759,2596
12760,2596
12761,2596
12762,2596
12763,2596
12764,2596
12765,2596
12766,2596
12767,2596
12768,2596
12769,2596
12770,2596
12771,2596
12772,2596
12773,2596
12774,2596
12775,2596
12776,2596
12777,2596
12778,2596
12779,2596
12780,2596
12781,2596
12782,2596
12783,2596
12784,2596
12785,2596
12786,2596
12787,2596
12788,2596
12789,2596
12790,2596
12791,2596
12792,2596
12793,2596
12794,2596
12795,2596
12796,2596
12797,2596
12798,2596
12799,2596
12800,2596
12801,2596
12802,2596
12803,2596
12804,2596
12805,2596
12806,2596
12807,2596
12808,2596
12809,2596
12810,2596
12811,2596
12812,2596
12813,2596
12814,2596
12815,2596
12816,2596
12817,2596
12818,2596
12819,2596
12820,2596
12821,2596
12822,2596
12823,2596
12824,2596
12825,2596
12826,2596
12827,2596
12828,2596
12829,2596
12830,2596
12831,2596
12832,2596
12833,2596
12834,2596
12835,2596
12836,2596
12837,2596
12838,2596
12839,2596
12840,2596
12841,2596
12842,2596
12843,2596
12844,2596
12845,2596
12846,2596
12847,2596
12848,2596
12849,2596
12850,2596
12851,2596
12852,2596
12853,2596
12854,2596
12855,2596
12856,2596
12857,2596
12858,2596
12859,2596
12860,2596
12861,2596
12862,2596
12863,2596
12864,2596
12865,2596
12866,2596
12867,2596
12868,2596
12869,2596
12870,2596
12871,2596
12872,2596
12873,2596
12874,2596
12875,2596
12876,2596
12877,2596
12878,2596
12879,2596
12880,2596
12881,2596
12882,2596
12883,2596
12884,2596
12885,2596
12886,2596
12887,2596
12888,2596
12889,2596
12890,2596
12891,2596
12892,2596
12893,2596
12894,2596
12895,2596
12896,2596
12897,2596
12898,2596
12899,2596
12900,2596
12901,2596
12902,2596
12903,2596
12904,2596
12905,2596
12906,2596
12907,2596
12908,2596
12909,2596
12910,2596
12911,2596
12912,2596
12913,2596
12914,2596
12915,2596
12916,2596
12917,2596
12918,2596
12919,2596
12920,2596
12921,2596
12922,2596
12923,2596
12924,2596
12925,2596
12926,2596
12927,2596
12928,2596
12929,2596
12930,2596
12931,2596
12932,2596
12933,2596
12934,2596
12935,2596
12936,2596
12937,2596
12938,2596
12939,2596
12940,2596
12941,2596
12942,2596
12943,2596
12944,2596
12945,2596
12946,2596
12947,2596
12948,2596
12949,2596
12950,2596
12951,2596
12952,2596
12953,2596
12954,2596
12955,2596
12956,2596
12957,2596
12958,2596
12959,2596
12960,2596
12961,2596
12962,2596
12963,2596
12964,2596
12965,2596
12966,2596
12967,2596
12968,2596
12969,2596
12970,2596
12971,2596
12972,2596
12973,2596
12974,2596
12975,2596
12976,2596
12977,2596
12978,2596
12979,2596
12980,2596
12981,2596
12982,2596
12983,2596
12984,2596
12985,2596
12986,2596
12987,2596
12988,2596
12989,2596
12990,2596
12991,2596
12992,2596
12993,2596
12994,2596
12995,2596
12996,2596
12997,2596
12998,2596
12999,2596
13000,2596
13001,2596
13002,2596
13003,2596
13004,2596
13005,2596
13006,2596
13007,2596
13008,2596
13009,2596
13010,2596
13011,2596
13012,2596
13013,2596
13014,2596
13015,2596
13016,2596
13017,2596
13018,2596
13019,2596
13020,2596
13021,2596
13022,2596
13023,2596
13024,2596
13025,2596
13026,2596
13027,2596
13028,2596
13029,2596
13030,2596
13031,2596
13032,2596
13033,2596
13034,2596
13035,2596
13036,2596
13037,2596
13038,2596
13039,2596
13040,2596
13041,2596
13042,2596
13043,2596
13044,2596
13045,2596
13046,2596
13047,2596
13048,2596
13049,2596
13050,2596
13051,2596
13052,2596
13053,2596
13054,2596
13055,2596
13056,2596
13057,2596
13058,2596
13059,2596
13060,2596
13061,2596
13062,2596
13063,2596
13064,2596
13065,2596
13066,2596
13067,2596
13068,2596
13069,2596
13070,2596
13071,2596
13072,2596
13073,2596
13074,2596
13075,2596
13076,2596
13077,2596
13078,2596
13079,2596
13080,2596
13081,2596
13082,2596
13083,2596
13084,2596
13085,2596
13086,2596
13087,2596
13088,2596
13089,2596
13090,2596
13091,2596
13092,2596
13093,2596
13094,2596
13095,2596
13096,2596
13097,2596
13098,2596
13099,2596
13100,2596
13101,2596
13102,2596
13103,2596
13104,2596
13105,2596
13106,2596
13107,2596
13108,2596
13109,2596
13110,2596
13111,2596
13112,2596
13113,2596
13114,2596
13115,2596
13116,2596
13117,2596
13118,2596
13119,2596
13120,2596
13121,2596
13122,2596
13123,2596
13124,2596
13125,2596
13126,2596
13127,2596
13128,2596
13129,2596
13130,2596
13131,2596
13132,2596
13133,2596
13134,2596
13135,2596
13136,2596
13137,2596
13138,2596
13139,2596
13140,2596
13141,2596
13142,2596
13143,2596
13144,2596
13145,2596
13146,2596
13147,2596
13148,2596
13149,2596
13150,2596
13151,2596
13152,2596
13153,2596
13154,2596
13155,2596
13156,2596
13157,2596
13158,2596
13159,2596
13160,2596
13161,2596
13162,2596
13163,2596
13164,2596
13165,2596
13166,2596
13167,2596
13168,2596
13169,2596
13170,2596
13171,2596
13172,2596
13173,2596
13174,2596
13175,2596
13176,2596
13177,2596
13178,2596
13179,2596
13180,2596
13181,2596
13182,2596
13183,2596
13184,2596
13185,2596
13186,2596
13187,2596
13188,2596
13189,2596
13190,2596
13191,2596
13192,2596
13193,2596
13194,2596
13195,2596
13196,2596
13197,2596
13198,2596
13199,2596
13200,2596
13201,2596
13202,2596
13203,2596
13204,2596
13205,2596
13206,2596
13207,2596
13208,2596
13209,2596
13210,2596
13211,2596
13212,2596
13213,2596
13214,2596
13215,2596
13216,2596
13217,2596
13218,2596
13219,2596
13220,2596
13221,2596
13222,2596
13223,2596
13224,2596
13225,2596
13226,2596
13227,2596
13228,2596
13229,2596
13230,2596
13231,2596
13232,2596
13233,2596
13234,2596
13235,2596
13236,2596
13237,2596
13238,2596
13239,2596
13240,2596
13241,2596
13242,2596
13243,2596
13244,2596
13245,2596
13246,2596
13247,2596
13248,2596
13249,2596
13250,2596
13251,2596
13252,2596
13253,2596
13254,2596
13255,2596
13256,2596
13257,2596
13258,2596
13259,2596
13260,2596
13261,2596
13262,2596
13263,2596
13264,2596
13265,2596
13266,2596
13267,2596
13268,2596
13269,2596
13270,2596
13271,2596
13272,2596
13273,2596
13274,2596
13275,2596
13276,2596
13277,2596
13278,2596
13279,2596
13280,2596
13281,2596
13282,2596
13283,2596
13284,2596
13285,2596
13286,2596
13287,2596
13288,2596
13289,2596
13290,2596
13291,2596
13292,2596
13293,2596
13294,2596
13295,2596
13296,2596
13297,2596
13298,2596
13299,2596
13300,2596
13301,2596
13302,2596
13303,2596
13304,2596
13305,2596
13306,2596
13307,2596
13308,2596
13309,2596
13310,2596
13311,2596
13312,2596
13313,2596
13314,2596
13315,2596
13316,2596
13317,2596
13318,2596
13319,2596
13320,2596
13321,2596
13322,2596
13323,2596
13324,2596
13325,2596
13326,2596
13327,2596
13328,2596
13329,2596
13330,2596
13331,2596
13332,2596
13333,2596
13334,2596
13335,2596
13336,2596
13337,2596
13338,2596
13339,2596
13340,2596
13341,2596
13342,2596
13343,2596
13344,2596
13345,2596
13346,2596
13347,2596
13348,2596
13349,2596
13350,2596
13351,2596
13352,2596
13353,2596
13354,2596
13355,2596
13356,2596
13357,2596
13358,2596
13359,2596
13360,2596
13361,2596
13362,2596
13363,2596
13364,2596
13365,2596
13366,2596
13367,2596
13368,2596
13369,2596
13370,2596
13371,2596
13372,2596
13373,2596
13374,2596
13375,2596
13376,2596
13377,2596
13378,2596
13379,2596
13380,2596
13381,2596
13382,2596
13383,2596
13384,2596
13385,2596
13386,2596
13387,2596
13388,2596
13389,2596
13390,2596
13391,2596
13392,2596
13393,2596
13394,2596
13395,2596
13396,2596
13397,2596
13398,2596
13399,2596
13400,2596
13401,2596
13402,2596
13403,2596
13404,2596
13405,2596
13406,2596
13407,2596
13408,2596
13409,2596
13410,2596
13411,2596
13412,2596
13413,2596
13414,2596
13415,2596
13416,2596
13417,2596
13418,2596
13419,2596
13420,2596
13421,2596
13422,2596
13423,2596
13424,2596
13425,2596
13426,2596
13427,2596
13428,2596
13429,2596
13430,2596
13431,2596
13432,2596
13433,2596
13434,2596
13435,2596
13436,2596
13437,2596
13438,2596
13439,2596
13440,2596
13441,2596
13442,2596
13443,2596
13444,2596
13445,2596
13446,2596
13447,2596
13448,2596
13449,2596
13450,2596
13451,2596
13452,2596
13453,2596
13454,2596
13455,2596
13456,2596
13457,2596
13458,2596
13459,2596
13460,2596
13461,2596
13462,2596
13463,2596
13464,2596
13465,2596
13466,2596
13467,2596
13468,2596
13469,2596
13470,2596
13471,2596
13472,2596
13473,2596
13474,2596
13475,2596
13476,2596
13477,2596
13478,2596
13479,2596
13480,2596
13481,2596
13482,2596
13483,2596
13484,2596
13485,2596
13486,2596
13487,2596
13488,2596
13489,2596
13490,2596
13491,2596
13492,2596
13493,2596
13494,2596
13495,2596
13496,2596
13497,2596
13498,2596
13499,2596
13500,2596
13501,2596
13502,2596
13503,2596
13504,2596
13505,2596
13506,2596
13507,2596
13508,2596
13509,2596
13510,2596
13511,2596
13512,2596
13513,2596
13514,2596
13515,2596
13516,2596
13517,2596
13518,2596
13519,2596
13520,2596
13521,2596
13522,2596
13523,2596
13524,2596
13525,2596
13526,2596
13527,2596
13528,2596
13529,2596
13530,2596
13531,2596
13532,2596
13533,2596
13534,2596
13535,2596
13536,2596
13537,2596
13538,2596
13539,2596
13540,2596
13541,2596
13542,2596
13543,2596
13544,2596
13545,2596
13546,2596
13547,2596
13548,2596
13549,2596
13550,2596
13551,2596
13552,2596
13553,2596
13554,2596
13555,2596
13556,2596
13557,2596
13558,2596
13559,2596
13560,2596
13561,2596
13562,2596
13563,2596
13564,2596
13565,2596
13566,2596
13567,2596
13568,2596
13569,2596
13570,2596
13571,2596
13572,2596
13573,2596
13574,2596
13575,2596
13576,2596
13577,2596
13578,2596
13579,2596
13580,2596
13581,2596
13582,2596
13583,2596
13584,2596
13585,2596
13586,2596
13587,2596
13588,2596
13589,2596
13590,2596
13591,2596
13592,2596
13593,2596
13594,2596
13595,2596
13596,2596
13597,2596
13598,2596
13599,2596
13600,2596
13601,2596
13602,2596
13603,2596
13604,2596
13605,2596
13606,2596
13607,2596
13608,2596
13609,2596
13610,2596
13611,2596
13612,2596
13613,2596
13614,2596
13615,2596
13616,2596
13617,2596
13618,2596
13619,2596
13620,2596
13621,2596
13622,2596
13623,2596
13624,2596
13625,2596
13626,2596
13627,2596
13628,2596
13629,2596
13630,2596
13631,2596
13632,2596
13633,2596
13634,2596
13635,2596
13636,2596
13637,2596
13638,2596
13639,2596
13640,2596
13641,2596
13642,2596
13643,2596
13644,2596
13645,2596
13646,2596
13647,2596
13648,2596
13649,2596
13650,2596
13651,2596
13652,2596
13653,2596
13654,2596
13655,2596
13656,2596
13657,2596
13658,2596
13659,2596
13660,2596
13661,2596
13662,2596
13663,2596
13664,2596
13665,2596
13666,2596
13667,2596
13668,2596
13669,2596
13670,2596
13671,2596
13672,2596
13673,2596
13674,2596
13675,2596
13676,2596
13677,2596
13678,2596
13679,2596
13680,2596
13681,2596
13682,2596
13683,2596
13684,2596
13685,2596
13686,2596
13687,2596
13688,2596
13689,2596
13690,2596
13691,2596
13692,2596
13693,2596
13694,2596
13695,2596
13696,2596
13697,2596
13698,2596
13699,2596
13700,2596
13701,2596
13702,2596
13703,2596
13704,2596
13705,2596
13706,2596
13707,2596
13708,2596
13709,2596
13710,2596
13711,2596
13712,2596
13713,2596
13714,2596
13715,2596
13716,2596
13717,2596
13718,2596
13719,2596
13720,2596
13721,2596
13722,2596
13723,2596
13724,2596
13725,2596
13726,2596
13727,2596
13728,2596
13729,2596
13730,2596
13731,2596
13732,2596
13733,2596
13734,2596
13735,2596
13736,2596
13737,2596
13738,2596
13739,2596
13740,2596
13741,2596
13742,2596
13743,2596
13744,2596
13745,2596
13746,2596
13747,2596
13748,2596
13749,2596
13750,2596
13751,2596
13752,2596
13753,2596
13754,2596
13755,2596
13756,2596
13757,2596
13758,2596
13759,2596
13760,2596
13761,2596
13762,2596
13763,2596
13764,2596
13765,2596
13766,2596
13767,2596
13768,2596
13769,2596
13770,2596
13771,2596
13772,2596
13773,2596
13774,2596
13775,2596
13776,2596
13777,2596
13778,2596
13779,2596
13780,2596
13781,2596
13782,2596
13783,2596
13784,2596
13785,2596
13786,2596
13787,2596
13788,2596
13789,2596
13790,2596
13791,2596
13792,2596
13793,2596
13794,2596
13795,2596
13796,2596
13797,2596
13798,2596
13799,2596
13800,2596
13801,2596
13802,2596
13803,2596
13804,2596
13805,2596
13806,2596
13807,2596
13808,2596
13809,2596
13810,2596
13811,2596
13812,2596
13813,2596
13814,2596
13815,2596
13816,2596
13817,2596
13818,2596
13819,2596
13820,2596
13821,2596
13822,2596
13823,2596
13824,2596
13825,2596
13826,2596
13827,2596
13828,2596
13829,2596
13830,2596
13831,2596
13832,2596
13833,2596
13834,2596
13835,2596
13836,2596
13837,2596
13838,2596
13839,2596
13840,2596
13841,2596
13842,2596
13843,2596
13844,2596
13845,2596
13846,2596
13847,2596
13848,2596
13849,2596
13850,2596
13851,2596
13852,2596
13853,2596
13854,2596
13855,2596
13856,2596
13857,2596
13858,2596
13859,2596
13860,2596
13861,2596
13862,2596
13863,2596
13864,2596
13865,2596
13866,2596
13867,2596
13868,2596
13869,2596
13870,2596
13871,2596
13872,2596
13873,2596
13874,2596
13875,2596
13876,2596
13877,2596
13878,2596
13879,2596
13880,2596
13881,2596
13882,2596
13883,2596
13884,2596
13885,2596
13886,2596
13887,2596
13888,2596
13889,2596
13890,2596
13891,2596
13892,2596
13893,2596
13894,2596
13895,2596
13896,2596
13897,2596
13898,2596
13899,2596
13900,2596
13901,2596
13902,2596
13903,2596
13904,2596
13905,2596
13906,2596
13907,2596
13908,2596
13909,2596
13910,2596
13911,2596
13912,2596
13913,2596
13914,2596
13915,2596
13916,2596
13917,2596
13918,2596
13919,2596
13920,2596
13921,2596
13922,2596
13923,2596
13924,2596
13925,2596
13926,2596
13927,2596
13928,2596
13929,2596
13930,2596
13931,2596
13932,2596
13933,2596
13934,2596
13935,2596
13936,2596
13937,2596
13938,2596
13939,2596
13940,2596
13941,2596
13942,2596
13943,2596
13944,2596
13945,2596
13946,2596
13947,2596
13948,2596
13949,2596
13950,2596
13951,2596
13952,2596
13953,2596
13954,2596
13955,2596
13956,2596
13957,2596
13958,2596
13959,2596
13960,2596
13961,2596
13962,2596
13963,2596
13964,2596
13965,2596
13966,2596
13967,2596
13968,2596
13969,2596
13970,2596
13971,2596
13972,2596
13973,2596
13974,2596
13975,2596
13976,2596
13977,2596
13978,2596
13979,2596
13980,2596
13981,2596
13982,2596
13983,2596
13984,2596
13985,2596
13986,2596
13987,2596
13988,2596
13989,2596
13990,2596
13991,2596
13992,2596
13993,2596
13994,2596
13995,2596
13996,2596
13997,2596
13998,2596
13999,2596
14000,2596
14001,2596
14002,2596
14003,2596
14004,2596
14005,2596
14006,2596
14007,2596
14008,2596
14009,2596
14010,2596
14011,2596
14012,2596
14013,2596
14014,2596
14015,2596
14016,2596
14017,2596
14018,2596
14019,2596
14020,2596
14021,2596
14022,2596
14023,2596
14024,2596
14025,2596
14026,2596
14027,2596
14028,2596
14029,2596
14030,2596
14031,2596
14032,2596
14033,2596
14034,2596
14035,2596
14036,2596
14037,2596
14038,2596
14039,2596
14040,2596
14041,2596
14042,2596
14043,2596
14044,2596
14045,2596
14046,2596
14047,2596
14048,2596
14049,2596
14050,2596
14051,2596
14052,2596
14053,2596
14054,2596
14055,2596
14056,2596
14057,2596
14058,2596
14059,2596
14060,2596
14061,2596
14062,2596
14063,2596
14064,2596
14065,2596
14066,2596
14067,2596
14068,2596
14069,2596
14070,2596
14071,2596
14072,2596
14073,2596
14074,2596
14075,2596
14076,2596
14077,2596
14078,2596
14079,2596
14080,2596
14081,2596
14082,2596
14083,2596
14084,2596
14085,2596
14086,2596
14087,2596
14088,2596
14089,2596
14090,2596
14091,2596
14092,2596
14093,2596
14094,2596
14095,2596
14096,2596
14097,2596
14098,2596
14099,2596
14100,2596
14101,2596
14102,2596
14103,2596
14104,2596
14105,2596
14106,2596
14107,2596
14108,2596
14109,2596
14110,2596
14111,2596
14112,2596
14113,2596
14114,2596
14115,2596
14116,2596
14117,2596
14118,2596
14119,2596
14120,2596
14121,2596
14122,2596
14123,2596
14124,2596
14125,2596
14126,2596
14127,2596
14128,2596
14129,2596
14130,2596
14131,2596
14132,2596
14133,2596
14134,2596
14135,2596
14136,2596
14137,2596
14138,2596
14139,2596
14140,2596
14141,2596
14142,2596
14143,2596
14144,2596
14145,2596
14146,2596
14147,2596
14148,2596
14149,2596
14150,2596
14151,2596
14152,2596
14153,2596
14154,2596
14155,2596
14156,2596
14157,2596
14158,2596
14159,2596
14160,2596
14161,2596
14162,2596
14163,2596
14164,2596
14165,2596
14166,2596
14167,2596
14168,2596
14169,2596
14170,2596
14171,2596
14172,2596
14173,2596
14174,2596
14175,2596
14176,2596
14177,2596
14178,2596
14179,2596
14180,2596
14181,2596
14182,2596
14183,2596
14184,2596
14185,2596
14186,2596
14187,2596
14188,2596
14189,2596
14190,2596
14191,2596
14192,2596
14193,2596
14194,2596
14195,2596
14196,2596
14197,2596
14198,2596
14199,2596
14200,2596
14201,2596
14202,2596
14203,2596
14204,2596
14205,2596
14206,2596
14207,2596
14208,2596
14209,2596
14210,2596
14211,2596
14212,2596
14213,2596
14214,2596
14215,2596
14216,2596
14217,2596
14218,2596
14219,2596
14220,2596
14221,2596
14222,2596
14223,2596
14224,2596
14225,2596
14226,2596
14227,2596
14228,2596
14229,2596
14230,2596
14231,2596
14232,2596
14233,2596
14234,2596
14235,2596
14236,2596
14237,2596
14238,2596
14239,2596
14240,2596
14241,2596
14242,2596
14243,2596
14244,2596
14245,2596
14246,2596
14247,2596
14248,2596
14249,2596
14250,2596
14251,2596
14252,2596
14253,2596
14254,2596
14255,2596
14256,2596
14257,2596
14258,2596
14259,2596
14260,2596
14261,2596
14262,2596
14263,2596
14264,2596
14265,2596
14266,2596
14267,2596
14268,2596
14269,2596
14270,2596
14271,2596
14272,2596
14273,2596
14274,2596
14275,2596
14276,2596
14277,2596
14278,2596
14279,2596
14280,2596
14281,2596
14282,2596
14283,2596
14284,2596
14285,2596
14286,2596
14287,2596
14288,2596
14289,2596
14290,2596
14291,2596
14292,2596
14293,2596
14294,2596
14295,2596
14296,2596
14297,2596
14298,2596
14299,2596
14300,2596
14301,2596
14302,2596
14303,2596
14304,2596
14305,2596
14306,2596
14307,2596
14308,2596
14309,2596
14310,2596
14311,2596
14312,2596
14313,2596
14314,2596
14315,2596
14316,2596
14317,2596
14318,2596
14319,2596
14320,2596
14321,2596
14322,2596
14323,2596
14324,2596
14325,2596
14326,2596
14327,2596
14328,2596
14329,2596
14330,2596
14331,2596
14332,2596
14333,2596
14334,2596
14335,2596
14336,2596
14337,2596
14338,2596
14339,2596
14340,2596
14341,2596
14342,2596
14343,2596
14344,2596
14345,2596
14346,2596
14347,2596
14348,2596
14349,2596
14350,2596
14351,2596
14352,2596
14353,2596
14354,2596
14355,2596
14356,2596
14357,2596
14358,2596
14359,2596
14360,2596
14361,2596
14362,2596
14363,2596
14364,2596
14365,2596
14366,2596
14367,2596
14368,2596
14369,2596
14370,2596
14371,2596
14372,2596
14373,2596
14374,2596
14375,2596
14376,2596
14377,2596
14378,2596
14379,2596
14380,2596
14381,2596
14382,2596
14383,2596
14384,2596
14385,2596
14386,2596
14387,2596
14388,2596
14389,2596
14390,2596
14391,2596
14392,2596
14393,2596
14394,2596
14395,2596
14396,2596
14397,2596
14398,2596
14399,2596
14400,2596
14401,2596
14402,2596
14403,2596
14404,2596
14405,2596
14406,2596
14407,2596
14408,2596
14409,2596
14410,2596
14411,2596
14412,2596
14413,2596
14414,2596
14415,2596
14416,2596
14417,2596
14418,2596
14419,2596
14420,2596
14421,2596
14422,2596
14423,2596
14424,2596
14425,2596
14426,2596
14427,2596
14428,2596
14429,2596
14430,2596
14431,2596
14432,2596
14433,2596
14434,2596
14435,2596
14436,2596
14437,2596
14438,2596
14439,2596
14440,2596
14441,2596
14442,2596
14443,2596
14444,2596
14445,2596
14446,2596
14447,2596
14448,2596
14449,2596
14450,2596
14451,2596
14452,2596
14453,2596
14454,2596
14455,2596
14456,2596
14457,2596
14458,2596
14459,2596
14460,2596
14461,2596
14462,2596
14463,2596
14464,2596
14465,2596
14466,2596
14467,2596
14468,2596
14469,2596
14470,2596
14471,2596
14472,2596
14473,2596
14474,2596
14475,2596
14476,2596
14477,2596
14478,2596
14479,2596
14480,2596
14481,2596
14482,2596
14483,2596
14484,2596
14485,2596
14486,2596
14487,2596
14488,2596
14489,2596
14490,2596
14491,2596
14492,2596
14493,2596
14494,2596
14495,2596
14496,2596
14497,2596
14498,2596
14499,2596
14500,2596
14501,2596
14502,2596
14503,2596
14504,2596
14505,2596
14506,2596
14507,2596
14508,2596
14509,2596
14510,2596
14511,2596
14512,2596
14513,2596
14514,2596
14515,2596
14516,2596
14517,2596
14518,2596
14519,2596
14520,2596
14521,2596
14522,2596
14523,2596
14524,2596
14525,2596
14526,2596
14527,2596
14528,2596
14529,2596
14530,2596
14531,2596
14532,2596
14533,2596
14534,2596
14535,2596
14536,2596
14537,2596
14538,2596
14539,2596
14540,2596
14541,2596
14542,2596
14543,2596
14544,2596
14545,2596
14546,2596
14547,2596
14548,2596
14549,2596
14550,2596
14551,2596
14552,2596
14553,2596
14554,2596
14555,2596
14556,2596
14557,2596
14558,2596
14559,2596
14560,2596
14561,2596
14562,2596
14563,2596
14564,2596
14565,2596
14566,2596
14567,2596
14568,2596
14569,2596
14570,2596
14571,2596
14572,2596
14573,2596
14574,2596
14575,2596
14576,2596
14577,2596
14578,2596
14579,2596
14580,2596
14581,2596
14582,2596
14583,2596
14584,2596
14585,2596
14586,2596
14587,2596
14588,2596
14589,2596
14590,2596
14591,2596
14592,2596
14593,2596
14594,2596
14595,2596
14596,2596
14597,2596
14598,2596
14599,2596
14600,2596
14601,2596
14602,2596
14603,2596
14604,2596
14605,2596
14606,2596
14607,2596
14608,2596
14609,2596
14610,2596
14611,2596
14612,2596
14613,2596
14614,2596
14615,2596
14616,2596
14617,2596
14618,2596
14619,2596
14620,2596
14621,2596
14622,2596
14623,2596
14624,2596
14625,2596
14626,2596
14627,2596
14628,2596
14629,2596
14630,2596
14631,2596
14632,2596
14633,2596
14634,2596
14635,2596
14636,2596
14637,2596
14638,2596
14639,2596
14640,2596
14641,2596
14642,2596
14643,2596
14644,2596
14645,2596
14646,2596
14647,2596
14648,2596
14649,2596
14650,2596
14651,2596
14652,2596
14653,2596
14654,2596
14655,2596
14656,2596
14657,2596
14658,2596
14659,2596
14660,2596
14661,2596
14662,2596
14663,2596
14664,2596
14665,2596
14666,2596
14667,2596
14668,2596
14669,2596
14670,2596
14671,2596
14672,2596
14673,2596
14674,2596
14675,2596
14676,2596
14677,2596
14678,2596
14679,2596
14680,2596
14681,2596
14682,2596
14683,2596
14684,2596
14685,2596
14686,2596
14687,2596
14688,2596
14689,2596
14690,2596
14691,2596
14692,2596
14693,2596
14694,2596
14695,2596
14696,2596
14697,2596
14698,2596
14699,2596
14700,2596
14701,2596
14702,2596
14703,2596
14704,2596
14705,2596
14706,2596
14707,2596
14708,2596
14709,2596
14710,2596
14711,2596
14712,2596
14713,2596
14714,2596
14715,2596
14716,2596
14717,2596
14718,2596
14719,2596
14720,2596
14721,2596
14722,2596
14723,2596
14724,2596
14725,2596
14726,2596
14727,2596
14728,2596
14729,2596
14730,2596
14731,2596
14732,2596
14733,2596
14734,2596
14735,2596
14736,2596
14737,2596
14738,2596
14739,2596
14740,2596
14741,2596
14742,2596
14743,2596
14744,2596
14745,2596
14746,2596
14747,2596
14748,2596
14749,2596
14750,2596
14751,2596
14752,2596
14753,2596
14754,2596
14755,2596
14756,2596
14757,2596
14758,2596
14759,2596
14760,2596
14761,2596
14762,2596
14763,2596
14764,2596
14765,2596
14766,2596
14767,2596
14768,2596
14769,2596
14770,2596
14771,2596
14772,2596
14773,2596
14774,2596
14775,2596
14776,2596
14777,2596
14778,2596
14779,2596
14780,2596
14781,2596
14782,2596
14783,2596
14784,2596
14785,2596
14786,2596
14787,2596
14788,2596
14789,2596
14790,2596
14791,2596
14792,2596
14793,2596
14794,2596
14795,2596
14796,2596
14797,2596
14798,2596
14799,2596
14800,2596
14801,2596
14802,2596
14803,2596
14804,2596
14805,2596
14806,2596
14807,2596
14808,2596
14809,2596
14810,2596
14811,2596
14812,2596
14813,2596
14814,2596
14815,2596
14816,2596
14817,2596
14818,2596
14819,2596
14820,2596
14821,2596
14822,2596
14823,2596
14824,2596
14825,2596
14826,2596
14827,2596
14828,2596
14829,2596
14830,2596
14831,2596
14832,2596
14833,2596
14834,2596
14835,2596
14836,2596
14837,2596
14838,2596
14839,2596
14840,2596
14841,2596
14842,2596
14843,2596
14844,2596
14845,2596
14846,2596
14847,2596
14848,2596
14849,2596
14850,2596
14851,2596
14852,2596
14853,2596
14854,2596
14855,2596
14856,2596
14857,2596
14858,2596
14859,2596
14860,2596
14861,2596
14862,2596
14863,2596
14864,2596
14865,2596
14866,2596
14867,2596
14868,2596
14869,2596
14870,2596
14871,2596
14872,2596
14873,2596
14874,2596
14875,2596
14876,2596
14877,2596
14878,2596
14879,2596
14880,2596
14881,2596
14882,2596
14883,2596
14884,2596
14885,2596
14886,2596
14887,2596
14888,2596
14889,2596
14890,2596
14891,2596
14892,2596
14893,2596
14894,2596
14895,2596
14896,2596
14897,2596
14898,2596
14899,2596
14900,2596
14901,2596
14902,2596
14903,2596
14904,2596
14905,2596
14906,2596
14907,2596
14908,2596
14909,2596
14910,2596
14911,2596
14912,2596
14913,2596
14914,2596
14915,2596
14916,2596
14917,2596
14918,2596
14919,2596
14920,2596
14921,2596
14922,2596
14923,2596
14924,2596
14925,2596
14926,2596
14927,2596
14928,2596
14929,2596
14930,2596
14931,2596
14932,2596
14933,2596
14934,2596
14935,2596
14936,2596
14937,2596
14938,2596
14939,2596
14940,2596
14941,2596
14942,2596
14943,2596
14944,2596
14945,2596
14946,2596
14947,2596
14948,2596
14949,2596
14950,2596
14951,2596
14952,2596
14953,2596
14954,2596
14955,2596
14956,2596
14957,2596
14958,2596
14959,2596
14960,2596
14961,2596
14962,2596
14963,2596
14964,2596
14965,2596
14966,2596
14967,2596
14968,2596
14969,2596
14970,2596
14971,2596
14972,2596
14973,2596
14974,2596
14975,2596
14976,2596
14977,2596
14978,2596
14979,2596
14980,2596
14981,2596
14982,2596
14983,2596
14984,2596
14985,2596
14986,2596
14987,2596
14988,2596
14989,2596
14990,2596
14991,2596
14992,2596
14993,2596
14994,2596
14995,2596
14996,2596
14997,2596
14998,2596
14999,2596
15000,2596
15001,2596
15002,2596
15003,2596
15004,2596
15005,2596
15006,2596
15007,2596
15008,2596
15009,2596
15010,2596
15011,2596
15012,2596
15013,2596
15014,2596
15015,2596
15016,2596
15017,2596
15018,2596
15019,2596
15020,2596
15021,2596
15022,2596
15023,2596
15024,2596
15025,2596
15026,2596
15027,2596
15028,2596
15029,2596
15030,2596
15031,2596
15032,2596
15033,2596
15034,2596
15035,2596
15036,2596
15037,2596
15038,2596
15039,2596
15040,2596
15041,2596
15042,2596
15043,2596
15044,2596
15045,2596
15046,2596
15047,2596
15048,2596
15049,2596
15050,2596
15051,2596
15052,2596
15053,2596
15054,2596
15055,2596
15056,2596
15057,2596
15058,2596
15059,2596
15060,2596
15061,2596
15062,2596
15063,2596
15064,2596
15065,2596
15066,2596
15067,2596
15068,2596
15069,2596
15070,2596
15071,2596
15072,2596
15073,2596
15074,2596
15075,2596
15076,2596
15077,2596
15078,2596
15079,2596
15080,2596
15081,2596
15082,2596
15083,2596
15084,2596
15085,2596
15086,2596
15087,2596
15088,2596
15089,2596
15090,2596
15091,2596
15092,2596
15093,2596
15094,2596
15095,2596
15096,2596
15097,2596
15098,2596
15099,2596
15100,2596
15101,2596
15102,2596
15103,2596
15104,2596
15105,2596
15106,2596
15107,2596
15108,2596
15109,2596
15110,2596
15111,2596
15112,2596
15113,2596
15114,2596
15115,2596
15116,2596
15117,2596
15118,2596
15119,2596
15120,2596
15121,2596
15122,2596
15123,2596
15124,2596
15125,2596
15126,2596
15127,2596
15128,2596
15129,2596
15130,2596
15131,2596
15132,2596
15133,2596
15134,2596
15135,2596
15136,2596
15137,2596
15138,2596
15139,2596
15140,2596
15141,2596
15142,2596
15143,2596
15144,2596
15145,2596
15146,2596
15147,2596
15148,2596
15149,2596
15150,2596
15151,2596
15152,2596
15153,2596
15154,2596
15155,2596
15156,2596
15157,2596
15158,2596
15159,2596
15160,2596
15161,2596
15162,2596
15163,2596
15164,2596
15165,2596
15166,2596
15167,2596
15168,2596
15169,2596
15170,2596
15171,2596
15172,2596
15173,2596
15174,2596
15175,2596
15176,2596
15177,2596
15178,2596
15179,2596
15180,2596
15181,2596
15182,2596
15183,2596
15184,2596
15185,2596
15186,2596
15187,2596
15188,2596
15189,2596
15190,2596
15191,2596
15192,2596
15193,2596
15194,2596
15195,2596
15196,2596
15197,2596
15198,2596
15199,2596
15200,2596
15201,2596
15202,2596
15203,2596
15204,2596
15205,2596
15206,2596
15207,2596
15208,2596
15209,2596
15210,2596
15211,2596
15212,2596
15213,2596
15214,2596
15215,2596
15216,2596
15217,2596
15218,2596
15219,2596
15220,2596
15221,2596
15222,2596
15223,2596
15224,2596
15225,2596
15226,2596
15227,2596
15228,2596
15229,2596
15230,2596
15231,2596
15232,2596
15233,2596
15234,2596
15235,2596
15236,2596
15237,2596
15238,2596
15239,2596
15240,2596
15241,2596
15242,2596
15243,2596
15244,2596
15245,2596
15246,2596
15247,2596
15248,2596
15249,2596
15250,2596
15251,2596
15252,2596
15253,2596
15254,2596
15255,2596
15256,2596
15257,2596
15258,2596
15259,2596
15260,2596
15261,2596
15262,2596
15263,2596
15264,2596
15265,2596
15266,2596
15267,2596
15268,2596
15269,2596
15270,2596
15271,2596
15272,2596
15273,2596
15274,2596
15275,2596
15276,2596
15277,2596
15278,2596
15279,2596
15280,2596
15281,2596
15282,2596
15283,2596
15284,2596
15285,2596
15286,2596
15287,2596
15288,2596
15289,2596
15290,2596
15291,2596
15292,2596
15293,2596
15294,2596
15295,2596
15296,2596
15297,2596
15298,2596
15299,2596
15300,2596
15301,2596
15302,2596
15303,2596
15304,2596
15305,2596
15306,2596
15307,2596
15308,2596
15309,2596
15310,2596
15311,2596
15312,2596
15313,2596
15314,2596
15315,2596
15316,2596
15317,2596
15318,2596
15319,2596
15320,2596
15321,2596
15322,2596
15323,2596
15324,2596
15325,2596
15326,2596
15327,2596
15328,2596
15329,2596
15330,2596
15331,2596
15332,2596
15333,2596
15334,2596
15335,2596
15336,2596
15337,2596
15338,2596
15339,2596
15340,2596
15341,2596
15342,2596
15343,2596
15344,2596
15345,2596
15346,2596
15347,2596
15348,2596
15349,2596
15350,2596
15351,2596
15352,2596
15353,2596
15354,2596
15355,2596
15356,2596
15357,2596
15358,2596
15359,2596
15360,2596
15361,2596
15362,2596
15363,2596
15364,2596
15365,2596
15366,2596
15367,2596
15368,2596
15369,2596
15370,2596
15371,2596
15372,2596
15373,2596
15374,2596
15375,2596
15376,2596
15377,2596
15378,2596
15379,2596
15380,2596
15381,2596
15382,2596
15383,2596
15384,2596
15385,2596
15386,2596
15387,2596
15388,2596
15389,2596
15390,2596
15391,2596
15392,2596
15393,2596
15394,2596
15395,2596
15396,2596
15397,2596
15398,2596
15399,2596
15400,2596
15401,2596
15402,2596
15403,2596
15404,2596
15405,2596
15406,2596
15407,2596
15408,2596
15409,2596
15410,2596
15411,2596
15412,2596
15413,2596
15414,2596
15415,2596
15416,2596
15417,2596
15418,2596
15419,2596
15420,2596
15421,2596
15422,2596
15423,2596
15424,2596
15425,2596
15426,2596
15427,2596
15428,2596
15429,2596
15430,2596
15431,2596
15432,2596
15433,2596
15434,2596
15435,2596
15436,2596
15437,2596
15438,2596
15439,2596
15440,2596
15441,2596
15442,2596
15443,2596
15444,2596
15445,2596
15446,2596
15447,2596
15448,2596
15449,2596
15450,2596
15451,2596
15452,2596
15453,2596
15454,2596
15455,2596
15456,2596
15457,2596
15458,2596
15459,2596
15460,2596
15461,2596
15462,2596
15463,2596
15464,2596
15465,2596
15466,2596
15467,2596
15468,2596
15469,2596
15470,2596
15471,2596
15472,2596
15473,2596
15474,2596
15475,2596
15476,2596
15477,2596
15478,2596
15479,2596
15480,2596
15481,2596
15482,2596
15483,2596
15484,2596
15485,2596
15486,2596
15487,2596
15488,2596
15489,2596
15490,2596
15491,2596
15492,2596
15493,2596
15494,2596
15495,2596
15496,2596
15497,2596
15498,2596
15499,2596
15500,2596
15501,2596
15502,2596
15503,2596
15504,2596
15505,2596
15506,2596
15507,2596
15508,2596
15509,2596
15510,2596
15511,2596
15512,2596
15513,2596
15514,2596
15515,2596
15516,2596
15517,2596
15518,2596
15519,2596
15520,2596
15521,2596
15522,2596
15523,2596
15524,2596
15525,2596
15526,2596
15527,2596
15528,2596
15529,2596
15530,2596
15531,2596
15532,2596
15533,2596
15534,2596
15535,2596
15536,2596
15537,2596
15538,2596
15539,2596
15540,2596
15541,2596
15542,2596
15543,2596
15544,2596
15545,2596
15546,2596
15547,2596
15548,2596
15549,2596
15550,2596
15551,2596
15552,2596
15553,2596
15554,2596
15555,2596
15556,2596
15557,2596
15558,2596
15559,2596
15560,2596
15561,2596
15562,2596
15563,2596
15564,2596
15565,2596
15566,2596
15567,2596
15568,2596
15569,2596
15570,2596
15571,2596
15572,2596
15573,2596
15574,2596
15575,2596
15576,2596
15577,2596
15578,2596
15579,2596
15580,2596
15581,2596
15582,2596
15583,2596
15584,2596
15585,2596
15586,2596
15587,2596
15588,2596
15589,2596
15590,2596
15591,2596
15592,2596
15593,2596
15594,2596
15595,2596
15596,2596
15597,2596
15598,2596
15599,2596
15600,2596
15601,2596
15602,2596
15603,2596
15604,2596
15605,2596
15606,2596
15607,2596
15608,2596
15609,2596
15610,2596
15611,2596
15612,2596
15613,2596
15614,2596
15615,2596
15616,2596
15617,2596
15618,2596
15619,2596
15620,2596
15621,2596
15622,2596
15623,2596
15624,2596
15625,2596
15626,2596
15627,2596
15628,2596
15629,2596
15630,2596
15631,2596
15632,2596
15633,2596
15634,2596
15635,2596
15636,2596
15637,2596
15638,2596
15639,2596
15640,2596
15641,2596
15642,2596
15643,2596
15644,2596
15645,2596
15646,2596
15647,2596
15648,2596
15649,2596
15650,2596
15651,2596
15652,2596
15653,2596
15654,2596
15655,2596
15656,2596
15657,2596
15658,2596
15659,2596
15660,2596
15661,2596
15662,2596
15663,2596
15664,2596
15665,2596
15666,2596
15667,2596
15668,2596
15669,2596
15670,2596
15671,2596
15672,2596
15673,2596
15674,2596
15675,2596
15676,2596
15677,2596
15678,2596
15679,2596
15680,2596
15681,2596
15682,2596
15683,2596
15684,2596
15685,2596
15686,2596
15687,2596
15688,2596
15689,2596
15690,2596
15691,2596
15692,2596
15693,2596
15694,2596
15695,2596
15696,2596
15697,2596
15698,2596
15699,2596
15700,2596
15701,2596
15702,2596
15703,2596
15704,2596
15705,2596
15706,2596
15707,2596
15708,2596
15709,2596
15710,2596
15711,2596
15712,2596
15713,2596
15714,2596
15715,2596
15716,2596
15717,2596
15718,2596
15719,2596
15720,2596
15721,2596
15722,2596
15723,2596
15724,2596
15725,2596
15726,2596
15727,2596
15728,2596
15729,2596
15730,2596
15731,2596
15732,2596
15733,2596
15734,2596
15735,2596
15736,2596
15737,2596
15738,2596
15739,2596
15740,2596
15741,2596
15742,2596
15743,2596
15744,2596
15745,2596
15746,2596
15747,2596
15748,2596
15749,2596
15750,2596
15751,2596
15752,2596
15753,2596
15754,2596
15755,2596
15756,2596
15757,2596
15758,2596
15759,2596
15760,2596
15761,2596
15762,2596
15763,2596
15764,2596
15765,2596
15766,2596
15767,2596
15768,2596
15769,2596
15770,2596
15771,2596
15772,2596
15773,2596
15774,2596
15775,2596
15776,2596
15777,2596
15778,2596
15779,2596
15780,2596
15781,2596
15782,2596
15783,2596
15784,2596
15785,2596
15786,2596
15787,2596
15788,2596
15789,2596
15790,2596
15791,2596
15792,2596
15793,2596
15794,2596
15795,2596
15796,2596
15797,2596
15798,2596
15799,2596
15800,2596
15801,2596
15802,2596
15803,2596
15804,2596
15805,2596
15806,2596
15807,2596
15808,2596
15809,2596
15810,2596
15811,2596
15812,2596
15813,2596
15814,2596
15815,2596
15816,2596
15817,2596
15818,2596
15819,2596
15820,2596
15821,2596
15822,2596
15823,2596
15824,2596
15825,2596
15826,2596
15827,2596
15828,2596
15829,2596
15830,2596
15831,2596
15832,2596
15833,2596
15834,2596
15835,2596
15836,2596
15837,2596
15838,2596
15839,2596
15840,2596
15841,2596
15842,2596
15843,2596
15844,2596
15845,2596
15846,2596
15847,2596
15848,2596
15849,2596
15850,2596
15851,2596
15852,2596
15853,2596
15854,2596
15855,2596
15856,2596
15857,2596
15858,2596
15859,2596
15860,2596
15861,2596
15862,2596
15863,2596
15864,2596
15865,2596
15866,2596
15867,2596
15868,2596
15869,2596
15870,2596
15871,2596
15872,2596
15873,2596
15874,2596
15875,2596
15876,2596
15877,2596
15878,2596
15879,2596
15880,2596
15881,2596
15882,2596
15883,2596
15884,2596
15885,2596
15886,2596
15887,2596
15888,2596
15889,2596
15890,2596
15891,2596
15892,2596
15893,2596
15894,2596
15895,2596
15896,2596
15897,2596
15898,2596
15899,2596
15900,2596
15901,2596
15902,2596
15903,2596
15904,2596
15905,2596
15906,2596
15907,2596
15908,2596
15909,2596
15910,2596
15911,2596
15912,2596
15913,2596
15914,2596
15915,2596
15916,2596
15917,2596
15918,2596
15919,2596
15920,2596
15921,2596
15922,2596
15923,2596
15924,2596
15925,2596
15926,2596
15927,2596
15928,2596
15929,2596
15930,2596
15931,2596
15932,2596
15933,2596
15934,2596
15935,2596
15936,2596
15937,2596
15938,2596
15939,2596
15940,2596
15941,2596
15942,2596
15943,2596
15944,2596
15945,2596
15946,2596
15947,2596
15948,2596
15949,2596
15950,2596
15951,2596
15952,2596
15953,2596
15954,2596
15955,2596
15956,2596
15957,2596
15958,2596
15959,2596
15960,2596
15961,2596
15962,2596
15963,2596
15964,2596
15965,2596
15966,2596
15967,2596
15968,2596
15969,2596
15970,2596
15971,2596
15972,2596
15973,2596
15974,2596
15975,2596
15976,2596
15977,2596
15978,2596
15979,2596
15980,2596
15981,2596
15982,2596
15983,2596
15984,2596
15985,2596
15986,2596
15987,2596
15988,2596
15989,2596
15990,2596
15991,2596
15992,2596
15993,2596
15994,2596
15995,2596
15996,2596
15997,2596
15998,2596
15999,2596
16000,2596
16001,2596
16002,2596
16003,2596
16004,2596
16005,2596
16006,2596
16007,2596
16008,2596
16009,2596
16010,2596
16011,2596
16012,2596
16013,2596
16014,2596
16015,2596
16016,2596
16017,2596
16018,2596
16019,2596
16020,2596
16021,2596
16022,2596
16023,2596
16024,2596
16025,2596
16026,2596
16027,2596
16028,2596
16029,2596
16030,2596
16031,2596
16032,2596
16033,2596
16034,2596
16035,2596
16036,2596
16037,2596
16038,2596
16039,2596
16040,2596
16041,2596
16042,2596
16043,2596
16044,2596
16045,2596
16046,2596
16047,2596
16048,2596
16049,2596
16050,2596
16051,2596
16052,2596
16053,2596
16054,2596
16055,2596
16056,2596
16057,2596
16058,2596
16059,2596
16060,2596
16061,2596
16062,2596
16063,2596
16064,2596
16065,2596
16066,2596
16067,2596
16068,2596
16069,2596
16070,2596
16071,2596
16072,2596
16073,2596
16074,2596
16075,2596
16076,2596
16077,2596
16078,2596
16079,2596
16080,2596
16081,2596
16082,2596
16083,2596
16084,2596
16085,2596
16086,2596
16087,2596
16088,2596
16089,2596
16090,2596
16091,2596
16092,2596
16093,2596
16094,2596
16095,2596
16096,2596
16097,2596
16098,2596
16099,2596
16100,2596
16101,2596
16102,2596
16103,2596
16104,2596
16105,2596
16106,2596
16107,2596
16108,2596
16109,2596
16110,2596
16111,2596
16112,2596
16113,2596
16114,2596
16115,2596
16116,2596
16117,2596
16118,2596
16119,2596
16120,2596
16121,2596
16122,2596
16123,2596
16124,2596
16125,2596
16126,2596
16127,2596
16128,2596
16129,2596
16130,2596
16131,2596
16132,2596
16133,2596
16134,2596
16135,2596
16136,2596
16137,2596
16138,2596
16139,2596
16140,2596
16141,2596
16142,2596
16143,2596
16144,2596
16145,2596
16146,2596
16147,2596
16148,2596
16149,2596
16150,2596
16151,2596
16152,2596
16153,2596
16154,2596
16155,2596
16156,2596
16157,2596
16158,2596
16159,2596
16160,2596
16161,2596
16162,2596
16163,2596
16164,2596
16165,2596
16166,2596
16167,2596
16168,2596
16169,2596
16170,2596
16171,2596
16172,2596
16173,2596
16174,2596
16175,2596
16176,2596
16177,2596
16178,2596
16179,2596
16180,2596
16181,2596
16182,2596
16183,2596
16184,2596
16185,2596
16186,2596
16187,2596
16188,2596
16189,2596
16190,2596
16191,2596
16192,2596
16193,2596
16194,2596
16195,2596
16196,2596
16197,2596
16198,2596
16199,2596
16200,2596
16201,2596
16202,2596
16203,2596
16204,2596
16205,2596
16206,2596
16207,2596
16208,2596
16209,2596
16210,2596
16211,2596
16212,2596
16213,2596
16214,2596
16215,2596
16216,2596
16217,2596
16218,2596
16219,2596
16220,2596
16221,2596
16222,2596
16223,2596
16224,2596
16225,2596
16226,2596
16227,2596
16228,2596
16229,2596
16230,2596
16231,2596
16232,2596
16233,2596
16234,2596
16235,2596
16236,2596
16237,2596
16238,2596
16239,2596
16240,2596
16241,2596
16242,2596
16243,2596
16244,2596
16245,2596
16246,2596
16247,2596
16248,2596
16249,2596
16250,2596
16251,2596
16252,2596
16253,2596
16254,2596
16255,2596
16256,2596
16257,2596
16258,2596
16259,2596
16260,2596
16261,2596
16262,2596
16263,2596
16264,2596
16265,2596
16266,2596
16267,2596
16268,2596
16269,2596
16270,2596
16271,2596
16272,2596
16273,2596
16274,2596
16275,2596
16276,2596
16277,2596
16278,2596
16279,2596
16280,2596
16281,2596
16282,2596
16283,2596
16284,2596
16285,2596
16286,2596
16287,2596
16288,2596
16289,2596
16290,2596
16291,2596
16292,2596
16293,2596
16294,2596
16295,2596
16296,2596
16297,2596
16298,2596
16299,2596
16300,2596
16301,2596
16302,2596
16303,2596
16304,2596
16305,2596
16306,2596
16307,2596
16308,2596
16309,2596
16310,2596
16311,2596
16312,2596
16313,2596
16314,2596
16315,2596
16316,2596
16317,2596
16318,2596
16319,2596
16320,2596
16321,2596
16322,2596
16323,2596
16324,2596
16325,2596
16326,2596
16327,2596
16328,2596
16329,2596
16330,2596
16331,2596
16332,2596
16333,2596
16334,2596
16335,2596
16336,2596
16337,2596
16338,2596
16339,2596
16340,2596
16341,2596
16342,2596
16343,2596
16344,2596
16345,2596
16346,2596
16347,2596
16348,2596
16349,2596
16350,2596
16351,2596
16352,2596
16353,2596
16354,2596
16355,2596
16356,2596
16357,2596
16358,2596
16359,2596
16360,2596
16361,2596
16362,2596
16363,2596
16364,2596
16365,2596
16366,2596
16367,2596
16368,2596
16369,2596
16370,2596
16371,2596
16372,2596
16373,2596
16374,2596
16375,2596
16376,2596
16377,2596
16378,2596
16379,2596
16380,2596
16381,2596
16382,2596
16383,2596
16384,2596
16385,2596
16386,2596
16387,2596
16388,2596
16389,2596
16390,2596
16391,2596
16392,2596
16393,2596
16394,2596
16395,2596
16396,2596
16397,2596
16398,2596
16399,2596
16400,2596
16401,2596
16402,2596
16403,2596
16404,2596
16405,2596
16406,2596
16407,2596
16408,2596
16409,2596
16410,2596
16411,2596
16412,2596
16413,2596
16414,2596
16415,2596
16416,2596
16417,2596
16418,2596
16419,2596
16420,2596
16421,2596
16422,2596
16423,2596
16424,2596
16425,2596
16426,2596
16427,2596
16428,2596
16429,2596
16430,2596
16431,2596
16432,2596
16433,2596
16434,2596
16435,2596
16436,2596
16437,2596
16438,2596
16439,2596
16440,2596
16441,2596
16442,2596
16443,2596
16444,2596
16445,2596
16446,2596
16447,2596
16448,2596
16449,2596
16450,2596
16451,2596
16452,2596
16453,2596
16454,2596
16455,2596
16456,2596
16457,2596
16458,2596
16459,2596
16460,2596
16461,2596
16462,2596
16463,2596
16464,2596
16465,2596
16466,2596
16467,2596
16468,2596
16469,2596
16470,2596
16471,2596
16472,2596
16473,2596
16474,2596
16475,2596
16476,2596
16477,2596
16478,2596
16479,2596
16480,2596
16481,2596
16482,2596
16483,2596
16484,2596
16485,2596
16486,2596
16487,2596
16488,2596
16489,2596
16490,2596
16491,2596
16492,2596
16493,2596
16494,2596
16495,2596
16496,2596
16497,2596
16498,2596
16499,2596
16500,2596
16501,2596
16502,2596
16503,2596
16504,2596
16505,2596
16506,2596
16507,2596
16508,2596
16509,2596
16510,2596
16511,2596
16512,2596
16513,2596
16514,2596
16515,2596
16516,2596
16517,2596
16518,2596
16519,2596
16520,2596
16521,2596
16522,2596
16523,2596
16524,2596
16525,2596
16526,2596
16527,2596
16528,2596
16529,2596
16530,2596
16531,2596
16532,2596
16533,2596
16534,2596
16535,2596
16536,2596
16537,2596
16538,2596
16539,2596
16540,2596
16541,2596
16542,2596
16543,2596
16544,2596
16545,2596
16546,2596
16547,2596
16548,2596
16549,2596
16550,2596
16551,2596
16552,2596
16553,2596
16554,2596
16555,2596
16556,2596
16557,2596
16558,2596
16559,2596
16560,2596
16561,2596
16562,2596
16563,2596
16564,2596
16565,2596
16566,2596
16567,2596
16568,2596
16569,2596
16570,2596
16571,2596
16572,2596
16573,2596
16574,2596
16575,2596
16576,2596
16577,2596
16578,2596
16579,2596
16580,2596
16581,2596
16582,2596
16583,2596
16584,2596
16585,2596
16586,2596
16587,2596
16588,2596
16589,2596
16590,2596
16591,2596
16592,2596
16593,2596
16594,2596
16595,2596
16596,2596
16597,2596
16598,2596
16599,2596
16600,2596
16601,2596
16602,2596
16603,2596
16604,2596
16605,2596
16606,2596
16607,2596
16608,2596
16609,2596
16610,2596
16611,2596
16612,2596
16613,2596
16614,2596
16615,2596
16616,2596
16617,2596
16618,2596
16619,2596
16620,2596
16621,2596
16622,2596
16623,2596
16624,2596
16625,2596
16626,2596
16627,2596
16628,2596
16629,2596
16630,2596
16631,2596
16632,2596
16633,2596
16634,2596
16635,2596
16636,2596
16637,2596
16638,2596
16639,2596
16640,2596
16641,2596
16642,2596
16643,2596
16644,2596
16645,2596
16646,2596
16647,2596
16648,2596
16649,2596
16650,2596
16651,2596
16652,2596
16653,2596
16654,2596
16655,2596
16656,2596
16657,2596
16658,2596
16659,2596
16660,2596
16661,2596
16662,2596
16663,2596
16664,2596
16665,2596
16666,2596
16667,2596
16668,2596
16669,2596
16670,2596
16671,2596
16672,2596
16673,2596
16674,2596
16675,2596
16676,2596
16677,2596
16678,2596
16679,2596
16680,2596
16681,2596
16682,2596
16683,2596
16684,2596
16685,2596
16686,2596
16687,2596
16688,2596
16689,2596
16690,2596
16691,2596
16692,2596
16693,2596
16694,2596
16695,2596
16696,2596
16697,2596
16698,2596
16699,2596
16700,2596
16701,2596
16702,2596
16703,2596
16704,2596
16705,2596
16706,2596
16707,2596
16708,2596
16709,2596
16710,2596
16711,2596
16712,2596
16713,2596
16714,2596
16715,2596
16716,2596
16717,2596
16718,2596
16719,2596
16720,2596
16721,2596
16722,2596
16723,2596
16724,2596
16725,2596
16726,2596
16727,2596
16728,2596
16729,2596
16730,2596
16731,2596
16732,2596
16733,2596
16734,2596
16735,2596
16736,2596
16737,2596
16738,2596
16739,2596
16740,2596
16741,2596
16742,2596
16743,2596
16744,2596
16745,2596
16746,2596
16747,2596
16748,2596
16749,2596
16750,2596
16751,2596
16752,2596
16753,2596
16754,2596
16755,2596
16756,2596
16757,2596
16758,2596
16759,2596
16760,2596
16761,2596
16762,2596
16763,2596
16764,2596
16765,2596
16766,2596
16767,2596
16768,2596
16769,2596
16770,2596
16771,2596
16772,2596
16773,2596
16774,2596
16775,2596
16776,2596
16777,2596
16778,2596
16779,2596
16780,2596
16781,2596
16782,2596
16783,2596
16784,2596
16785,2596
16786,2596
16787,2596
16788,2596
16789,2596
16790,2596
16791,2596
16792,2596
16793,2596
16794,2596
16795,2596
16796,2596
16797,2596
16798,2596
16799,2596
16800,2596
16801,2596
16802,2596
16803,2596
16804,2596
16805,2596
16806,2596
16807,2596
16808,2596
16809,2596
16810,2596
16811,2596
16812,2596
16813,2596
16814,2596
16815,2596
16816,2596
16817,2596
16818,2596
16819,2596
16820,2596
16821,2596
16822,2596
16823,2596
16824,2596
16825,2596
16826,2596
16827,2596
16828,2596
16829,2596
16830,2596
16831,2596
16832,2596
16833,2596
16834,2596
16835,2596
16836,2596
16837,2596
16838,2596
16839,2596
16840,2596
16841,2596
16842,2596
16843,2596
16844,2596
16845,2596
16846,2596
16847,2596
16848,2596
16849,2596
16850,2596
16851,2596
16852,2596
16853,2596
16854,2596
16855,2596
16856,2596
16857,2596
16858,2596
16859,2596
16860,2596
16861,2596
16862,2596
16863,2596
16864,2596
16865,2596
16866,2596
16867,2596
16868,2596
16869,2596
16870,2596
16871,2596
16872,2596
16873,2596
16874,2596
16875,2596
16876,2596
16877,2596
16878,2596
16879,2596
16880,2596
16881,2596
16882,2596
16883,2596
16884,2596
16885,2596
16886,2596
16887,2596
16888,2596
16889,2596
16890,2596
16891,2596
16892,2596
16893,2596
16894,2596
16895,2596
16896,2596
16897,2596
16898,2596
16899,2596
16900,2596
16901,2596
16902,2596
16903,2596
16904,2596
16905,2596
16906,2596
16907,2596
16908,2596
16909,2596
16910,2596
16911,2596
16912,2596
16913,2596
16914,2596
16915,2596
16916,2596
16917,2596
16918,2596
16919,2596
16920,2596
16921,2596
16922,2596
16923,2596
16924,2596
16925,2596
16926,2596
16927,2596
16928,2596
16929,2596
16930,2596
16931,2596
16932,2596
16933,2596
16934,2596
16935,2596
16936,2596
16937,2596
16938,2596
16939,2596
16940,2596
16941,2596
16942,2596
16943,2596
16944,2596
16945,2596
16946,2596
16947,2596
16948,2596
16949,2596
16950,2596
16951,2596
16952,2596
16953,2596
16954,2596
16955,2596
16956,2596
16957,2596
16958,2596
16959,2596
16960,2596
16961,2596
16962,2596
16963,2596
16964,2596
16965,2596
16966,2596
16967,2596
16968,2596
16969,2596
16970,2596
16971,2596
16972,2596
16973,2596
16974,2596
16975,2596
16976,2596
16977,2596
16978,2596
16979,2596
16980,2596
16981,2596
16982,2596
16983,2596
16984,2596
16985,2596
16986,2596
16987,2596
16988,2596
16989,2596
16990,2596
16991,2596
16992,2596
16993,2596
16994,2596
16995,2596
16996,2596
16997,2596
16998,2596
16999,2596
17000,2596
17001,2596
17002,2596
17003,2596
17004,2596
17005,2596
17006,2596
17007,2596
17008,2596
17009,2596
17010,2596
17011,2596
17012,2596
17013,2596
17014,2596
17015,2596
17016,2596
17017,2596
17018,2596
17019,2596
17020,2596
17021,2596
17022,2596
17023,2596
17024,2596
17025,2596
17026,2596
17027,2596
17028,2596
17029,2596
17030,2596
17031,2596
17032,2596
17033,2596
17034,2596
17035,2596
17036,2596
17037,2596
17038,2596
17039,2596
17040,2596
17041,2596
17042,2596
17043,2596
17044,2596
17045,2596
17046,2596
17047,2596
17048,2596
17049,2596
17050,2596
17051,2596
17052,2596
17053,2596
17054,2596
17055,2596
17056,2596
17057,2596
17058,2596
17059,2596
17060,2596
17061,2596
17062,2596
17063,2596
17064,2596
17065,2596
17066,2596
17067,2596
17068,2596
17069,2596
17070,2596
17071,2596
17072,2596
17073,2596
17074,2596
17075,2596
17076,2596
17077,2596
17078,2596
17079,2596
17080,2596
17081,2596
17082,2596
17083,2596
17084,2596
17085,2596
17086,2596
17087,2596
17088,2596
17089,2596
17090,2596
17091,2596
17092,2596
17093,2596
17094,2596
17095,2596
17096,2596
17097,2596
17098,2596
17099,2596
17100,2596
17101,2596
17102,2596
17103,2596
17104,2596
17105,2596
17106,2596
17107,2596
17108,2596
17109,2596
17110,2596
17111,2596
17112,2596
17113,2596
17114,2596
17115,2596
17116,2596
17117,2596
17118,2596
17119,2596
17120,2596
17121,2596
17122,2596
17123,2596
17124,2596
17125,2596
17126,2596
17127,2596
17128,2596
17129,2596
17130,2596
17131,2596
17132,2596
17133,2596
17134,2596
17135,2596
17136,2596
17137,2596
17138,2596
17139,2596
17140,2596
17141,2596
17142,2596
17143,2596
17144,2596
17145,2596
17146,2596
17147,2596
17148,2596
17149,2596
17150,2596
17151,2596
17152,2596
17153,2596
17154,2596
17155,2596
17156,2596
17157,2596
17158,2596
17159,2596
17160,2596
17161,2596
17162,2596
17163,2596
17164,2596
17165,2596
17166,2596
17167,2596
17168,2596
17169,2596
17170,2596
17171,2596
17172,2596
17173,2596
17174,2596
17175,2596
17176,2596
17177,2596
17178,2596
17179,2596
17180,2596
17181,2596
17182,2596
17183,2596
17184,2596
17185,2596
17186,2596
17187,2596
17188,2596
17189,2596
17190,2596
17191,2596
17192,2596
17193,2596
17194,2596
17195,2596
17196,2596
17197,2596
17198,2596
17199,2596
17200,2596
17201,2596
17202,2596
17203,2596
17204,2596
17205,2596
17206,2596
17207,2596
17208,2596
17209,2596
17210,2596
17211,2596
17212,2596
17213,2596
17214,2596
17215,2596
17216,2596
17217,2596
17218,2596
17219,2596
17220,2596
17221,2596
17222,2596
17223,2596
17224,2596
17225,2596
17226,2596
17227,2596
17228,2596
17229,2596
17230,2596
17231,2596
17232,2596
17233,2596
17234,2596
17235,2596
17236,2596
17237,2596
17238,2596
17239,2596
17240,2596
17241,2596
17242,2596
17243,2596
17244,2596
17245,2596
17246,2596
17247,2596
17248,2596
17249,2596
17250,2596
17251,2596
17252,2596
17253,2596
17254,2596
17255,2596
17256,2596
17257,2596
17258,2596
17259,2596
17260,2596
17261,2596
17262,2596
17263,2596
17264,2596
17265,2596
17266,2596
17267,2596
17268,2596
17269,2596
17270,2596
17271,2596
17272,2596
17273,2596
17274,2596
17275,2596
17276,2596
17277,2596
17278,2596
17279,2596
17280,2596
17281,2596
17282,2596
17283,2596
17284,2596
17285,2596
17286,2596
17287,2596
17288,2596
17289,2596
17290,2596
17291,2596
17292,2596
17293,2596
17294,2596
17295,2596
17296,2596
17297,2596
17298,2596
17299,2596
17300,2596
17301,2596
17302,2596
17303,2596
17304,2596
17305,2596
17306,2596
17307,2596
17308,2596
17309,2596
17310,2596
17311,2596
17312,2596
17313,2596
17314,2596
17315,2596
17316,2596
17317,2596
17318,2596
17319,2596
17320,2596
17321,2596
17322,2596
17323,2596
17324,2596
17325,2596
17326,2596
17327,2596
17328,2596
17329,2596
17330,2596
17331,2596
17332,2596
17333,2596
17334,2596
17335,2596
17336,2596
17337,2596
17338,2596
17339,2596
17340,2596
17341,2596
17342,2596
17343,2596
17344,2596
17345,2596
17346,2596
17347,2596
17348,2596
17349,2596
17350,2596
17351,2596
17352,2596
17353,2596
17354,2596
17355,2596
17356,2596
17357,2596
17358,2596
17359,2596
17360,2596
17361,2596
17362,2596
17363,2596
17364,2596
17365,2596
17366,2596
17367,2596
17368,2596
17369,2596
17370,2596
17371,2596
17372,2596
17373,2596
17374,2596
17375,2596
17376,2596
17377,2596
17378,2596
17379,2596
17380,2596
17381,2596
17382,2596
17383,2596
17384,2596
17385,2596
17386,2596
17387,2596
17388,2596
17389,2596
17390,2596
17391,2596
17392,2596
17393,2596
17394,2596
17395,2596
17396,2596
17397,2596
17398,2596
17399,2596
17400,2596
17401,2596
17402,2596
17403,2596
17404,2596
17405,2596
17406,2596
17407,2596
17408,2596
17409,2596
17410,2596
17411,2596
17412,2596
17413,2596
17414,2596
17415,2596
17416,2596
17417,2596
17418,2596
17419,2596
17420,2596
17421,2596
17422,2596
17423,2596
17424,2596
17425,2596
17426,2596
17427,2596
17428,2596
17429,2596
17430,2596
17431,2596
17432,2596
17433,2596
17434,2596
17435,2596
17436,2596
17437,2596
17438,2596
17439,2596
17440,2596
17441,2596
17442,2596
17443,2596
17444,2596
17445,2596
17446,2596
17447,2596
17448,2596
17449,2596
17450,2596
17451,2596
17452,2596
17453,2596
17454,2596
17455,2596
17456,2596
17457,2596
17458,2596
17459,2596
17460,2596
17461,2596
17462,2596
17463,2596
17464,2596
17465,2596
17466,2596
17467,2596
17468,2596
17469,2596
17470,2596
17471,2596
17472,2596
17473,2596
17474,2596
17475,2596
17476,2596
17477,2596
17478,2596
17479,2596
17480,2596
17481,2596
17482,2596
17483,2596
17484,2596
17485,2596
17486,2596
17487,2596
17488,2596
17489,2596
17490,2596
17491,2596
17492,2596
17493,2596
17494,2596
17495,2596
17496,2596
17497,2596
17498,2596
17499,2596
17500,2596
17501,2596
17502,2596
17503,2596
17504,2596
17505,2596
17506,2596
17507,2596
17508,2596
17509,2596
17510,2596
17511,2596
17512,2596
17513,2596
17514,2596
17515,2596
17516,2596
17517,2596
17518,2596
17519,2596
17520,2596
17521,2596
17522,2596
17523,2596
17524,2596
17525,2596
17526,2596
17527,2596
17528,2596
17529,2596
17530,2596
17531,2596
17532,2596
17533,2596
17534,2596
17535,2596
17536,2596
17537,2596
17538,2596
17539,2596
17540,2596
17541,2596
17542,2596
17543,2596
17544,2596
17545,2596
17546,2596
17547,2596
17548,2596
17549,2596
17550,2596
17551,2596
17552,2596
17553,2596
17554,2596
17555,2596
17556,2596
17557,2596
17558,2596
17559,2596
17560,2596
17561,2596
17562,2596
17563,2596
17564,2596
17565,2596
17566,2596
17567,2596
17568,2596
17569,2596
17570,2596
17571,2596
17572,2596
17573,2596
17574,2596
17575,2596
17576,2596
17577,2596
17578,2596
17579,2596
17580,2596
17581,2596
17582,2596
17583,2596
17584,2596
17585,2596
17586,2596
17587,2596
17588,2596
17589,2596
17590,2596
17591,2596
17592,2596
17593,2596
17594,2596
17595,2596
17596,2596
17597,2596
17598,2596
17599,2596
17600,2596
17601,2596
17602,2596
17603,2596
17604,2596
17605,2596
17606,2596
17607,2596
17608,2596
17609,2596
17610,2596
17611,2596
17612,2596
17613,2596
17614,2596
17615,2596
17616,2596
17617,2596
17618,2596
17619,2596
17620,2596
17621,2596
17622,2596
17623,2596
17624,2596
17625,2596
17626,2596
17627,2596
17628,2596
17629,2596
17630,2596
17631,2596
17632,2596
17633,2596
17634,2596
17635,2596
17636,2596
17637,2596
17638,2596
17639,2596
17640,2596
17641,2596
17642,2596
17643,2596
17644,2596
17645,2596
17646,2596
17647,2596
17648,2596
17649,2596
17650,2596
17651,2596
17652,2596
17653,2596
17654,2596
17655,2596
17656,2596
17657,2596
17658,2596
17659,2596
17660,2596
17661,2596
17662,2596
17663,2596
17664,2596
17665,2596
17666,2596
17667,2596
17668,2596
17669,2596
17670,2596
17671,2596
17672,2596
17673,2596
17674,2596
17675,2596
17676,2596
17677,2596
17678,2596
17679,2596
17680,2596
17681,2596
17682,2596
17683,2596
17684,2596
17685,2596
17686,2596
17687,2596
17688,2596
17689,2596
17690,2596
17691,2596
17692,2596
17693,2596
17694,2596
17695,2596
17696,2596
17697,2596
17698,2596
17699,2596
17700,2596
17701,2596
17702,2596
17703,2596
17704,2596
17705,2596
17706,2596
17707,2596
17708,2596
17709,2596
17710,2596
17711,2596
17712,2596
17713,2596
17714,2596
17715,2596
17716,2596
17717,2596
17718,2596
17719,2596
17720,2596
17721,2596
17722,2596
17723,2596
17724,2596
17725,2596
17726,2596
17727,2596
17728,2596
17729,2596
17730,2596
17731,2596
17732,2596
17733,2596
17734,2596
17735,2596
17736,2596
17737,2596
17738,2596
17739,2596
17740,2596
17741,2596
17742,2596
17743,2596
17744,2596
17745,2596
17746,2596
17747,2596
17748,2596
17749,2596
17750,2596
17751,2596
17752,2596
17753,2596
17754,2596
17755,2596
17756,2596
17757,2596
17758,2596
17759,2596
17760,2596
17761,2596
17762,2596
17763,2596
17764,2596
17765,2596
17766,2596
17767,2596
17768,2596
17769,2596
17770,2596
17771,2596
17772,2596
17773,2596
17774,2596
17775,2596
17776,2596
17777,2596
17778,2596
17779,2596
17780,2596
17781,2596
17782,2596
17783,2596
17784,2596
17785,2596
17786,2596
17787,2596
17788,2596
17789,2596
17790,2596
17791,2596
17792,2596
17793,2596
17794,2596
17795,2596
17796,2596
17797,2596
17798,2596
17799,2596
17800,2596
17801,2596
17802,2596
17803,2596
17804,2596
17805,2596
17806,2596
17807,2596
17808,2596
17809,2596
17810,2596
17811,2596
17812,2596
17813,2596
17814,2596
17815,2596
17816,2596
17817,2596
17818,2596
17819,2596
17820,2596
17821,2596
17822,2596
17823,2596
17824,2596
17825,2596
17826,2596
17827,2596
17828,2596
17829,2596
17830,2596
17831,2596
17832,2596
17833,2596
17834,2596
17835,2596
17836,2596
17837,2596
17838,2596
17839,2596
17840,2596
17841,2596
17842,2596
17843,2596
17844,2596
17845,2596
17846,2596
17847,2596
17848,2596
17849,2596
17850,2596
17851,2596
17852,2596
17853,2596
17854,2596
17855,2596
17856,2596
17857,2596
17858,2596
17859,2596
17860,2596
17861,2596
17862,2596
17863,2596
17864,2596
17865,2596
17866,2596
17867,2596
17868,2596
17869,2596
17870,2596
17871,2596
17872,2596
17873,2596
17874,2596
17875,2596
17876,2596
17877,2596
17878,2596
17879,2596
17880,2596
17881,2596
17882,2596
17883,2596
17884,2596
17885,2596
17886,2596
17887,2596
17888,2596
17889,2596
17890,2596
17891,2596
17892,2596
17893,2596
17894,2596
17895,2596
17896,2596
17897,2596
17898,2596
17899,2596
17900,2596
17901,2596
17902,2596
17903,2596
17904,2596
17905,2596
17906,2596
17907,2596
17908,2596
17909,2596
17910,2596
17911,2596
17912,2596
17913,2596
17914,2596
17915,2596
17916,2596
17917,2596
17918,2596
17919,2596
17920,2596
17921,2596
17922,2596
17923,2596
17924,2596
17925,2596
17926,2596
17927,2596
17928,2596
17929,2596
17930,2596
17931,2596
17932,2596
17933,2596
17934,2596
17935,2596
17936,2596
17937,2596
17938,2596
17939,2596
17940,2596
17941,2596
17942,2596
17943,2596
17944,2596
17945,2596
17946,2596
17947,2596
17948,2596
17949,2596
17950,2596
17951,2596
17952,2596
17953,2596
17954,2596
17955,2596
17956,2596
17957,2596
17958,2596
17959,2596
17960,2596
17961,2596
17962,2596
17963,2596
17964,2596
17965,2596
17966,2596
17967,2596
17968,2596
17969,2596
17970,2596
17971,2596
17972,2596
17973,2596
17974,2596
17975,2596
17976,2596
17977,2596
17978,2596
17979,2596
17980,2596
17981,2596
17982,2596
17983,2596
17984,2596
17985,2596
17986,2596
17987,2596
17988,2596
17989,2596
17990,2596
17991,2596
17992,2596
17993,2596
17994,2596
17995,2596
17996,2596
17997,2596
17998,2596
17999,2596
18000,2596
18001,2596
18002,2596
18003,2596
18004,2596
18005,2596
18006,2596
18007,2596
18008,2596
18009,2596
18010,2596
18011,2596
18012,2596
18013,2596
18014,2596
18015,2596
18016,2596
18017,2596
18018,2596
18019,2596
18020,2596
18021,2596
18022,2596
18023,2596
18024,2596
18025,2596
18026,2596
18027,2596
18028,2596
18029,2596
18030,2596
18031,2596
18032,2596
18033,2596
18034,2596
18035,2596
18036,2596
18037,2596
18038,2596
18039,2596
18040,2596
18041,2596
18042,2596
18043,2596
18044,2596
18045,2596
18046,2596
18047,2596
18048,2596
18049,2596
18050,2596
18051,2596
18052,2596
18053,2596
18054,2596
18055,2596
18056,2596
18057,2596
18058,2596
18059,2596
18060,2596
18061,2596
18062,2596
18063,2596
18064,2596
18065,2596
18066,2596
18067,2596
18068,2596
18069,2596
18070,2596
18071,2596
18072,2596
18073,2596
18074,2596
18075,2596
18076,2596
18077,2596
18078,2596
18079,2596
18080,2596
18081,2596
18082,2596
18083,2596
18084,2596
18085,2596
18086,2596
18087,2596
18088,2596
18089,2596
18090,2596
18091,2596
18092,2596
18093,2596
18094,2596
18095,2596
18096,2596
18097,2596
18098,2596
18099,2596
18100,2596
18101,2596
18102,2596
18103,2596
18104,2596
18105,2596
18106,2596
18107,2596
18108,2596
18109,2596
18110,2596
18111,2596
18112,2596
18113,2596
18114,2596
18115,2596
18116,2596
18117,2596
18118,2596
18119,2596
18120,2596
18121,2596
18122,2596
18123,2596
18124,2596
18125,2596
18126,2596
18127,2596
18128,2596
18129,2596
18130,2596
18131,2596
18132,2596
18133,2596
18134,2596
18135,2596
18136,2596
18137,2596
18138,2596
18139,2596
18140,2596
18141,2596
18142,2596
18143,2596
18144,2596
18145,2596
18146,2596
18147,2596
18148,2596
18149,2596
18150,2596
18151,2596
18152,2596
18153,2596
18154,2596
18155,2596
18156,2596
18157,2596
18158,2596
18159,2596
18160,2596
18161,2596
18162,2596
18163,2596
18164,2596
18165,2596
18166,2596
18167,2596
18168,2596
18169,2596
18170,2596
18171,2596
18172,2596
18173,2596
18174,2596
18175,2596
18176,2596
18177,2596
18178,2596
18179,2596
18180,2596
18181,2596
18182,2596
18183,2596
18184,2596
18185,2596
18186,2596
18187,2596
18188,2596
18189,2596
18190,2596
18191,2596
18192,2596
18193,2596
18194,2596
18195,2596
18196,2596
18197,2596
18198,2596
18199,2596
18200,2596
18201,2596
18202,2596
18203,2596
18204,2596
18205,2596
18206,2596
18207,2596
18208,2596
18209,2596
18210,2596
18211,2596
18212,2596
18213,2596
18214,2596
18215,2596
18216,2596
18217,2596
18218,2596
18219,2596
18220,2596
18221,2596
18222,2596
18223,2596
18224,2596
18225,2596
18226,2596
18227,2596
18228,2596
18229,2596
18230,2596
18231,2596
18232,2596
18233,2596
18234,2596
18235,2596
18236,2596
18237,2596
18238,2596
18239,2596
18240,2596
18241,2596
18242,2596
18243,2596
18244,2596
18245,2596
18246,2596
18247,2596
18248,2596
18249,2596
18250,2596
18251,2596
18252,2596
18253,2596
18254,2596
18255,2596
18256,2596
18257,2596
18258,2596
18259,2596
18260,2596
18261,2596
18262,2596
18263,2596
18264,2596
18265,2596
18266,2596
18267,2596
18268,2596
18269,2596
18270,2596
18271,2596
18272,2596
18273,2596
18274,2596
18275,2596
18276,2596
18277,2596
18278,2596
18279,2596
18280,2596
18281,2596
18282,2596
18283,2596
18284,2596
18285,2596
18286,2596
18287,2596
18288,2596
18289,2596
18290,2596
18291,2596
18292,2596
18293,2596
18294,2596
18295,2596
18296,2596
18297,2596
18298,2596
18299,2596
18300,2596
18301,2596
18302,2596
18303,2596
18304,2596
18305,2596
18306,2596
18307,2596
18308,2596
18309,2596
18310,2596
18311,2596
18312,2596
18313,2596
18314,2596
18315,2596
18316,2596
18317,2596
18318,2596
18319,2596
18320,2596
18321,2596
18322,2596
18323,2596
18324,2596
18325,2596
18326,2596
18327,2596
18328,2596
18329,2596
18330,2596
18331,2596
18332,2596
18333,2596
18334,2596
18335,2596
18336,2596
18337,2596
18338,2596
18339,2596
18340,2596
18341,2596
18342,2596
18343,2596
18344,2596
18345,2596
18346,2596
18347,2596
18348,2596
18349,2596
18350,2596
18351,2596
18352,2596
18353,2596
18354,2596
18355,2596
18356,2596
18357,2596
18358,2596
18359,2596
18360,2596
18361,2596
18362,2596
18363,2596
18364,2596
18365,2596
18366,2596
18367,2596
18368,2596
18369,2596
18370,2596
18371,2596
18372,2596
18373,2596
18374,2596
18375,2596
18376,2596
18377,2596
18378,2596
18379,2596
18380,2596
18381,2596
18382,2596
18383,2596
18384,2596
18385,2596
18386,2596
18387,2596
18388,2596
18389,2596
18390,2596
18391,2596
18392,2596
18393,2596
18394,2596
18395,2596
18396,2596
18397,2596
18398,2596
18399,2596
18400,2596
18401,2596
18402,2596
18403,2596
18404,2596
18405,2596
18406,2596
18407,2596
18408,2596
18409,2596
18410,2596
18411,2596
18412,2596
18413,2596
18414,2596
18415,2596
18416,2596
18417,2596
18418,2596
18419,2596
18420,2596
18421,2596
18422,2596
18423,2596
18424,2596
18425,2596
18426,2596
18427,2596
18428,2596
18429,2596
18430,2596
18431,2596
18432,2596
18433,2596
18434,2596
18435,2596
18436,2596
18437,2596
18438,2596
18439,2596
18440,2596
18441,2596
18442,2596
18443,2596
18444,2596
18445,2596
18446,2596
18447,2596
18448,2596
18449,2596
18450,2596
18451,2596
18452,2596
18453,2596
18454,2596
18455,2596
18456,2596
18457,2596
18458,2596
18459,2596
18460,2596
18461,2596
18462,2596
18463,2596
18464,2596
18465,2596
18466,2596
18467,2596
18468,2596
18469,2596
18470,2596
18471,2596
18472,2596
18473,2596
18474,2596
18475,2596
18476,2596
18477,2596
18478,2596
18479,2596
18480,2596
18481,2596
18482,2596
18483,2596
18484,2596
18485,2596
18486,2596
18487,2596
18488,2596
18489,2596
18490,2596
18491,2596
18492,2596
18493,2596
18494,2596
18495,2596
18496,2596
18497,2596
18498,2596
18499,2596
18500,2596
18501,2596
18502,2596
18503,2596
18504,2596
18505,2596
18506,2596
18507,2596
18508,2596
18509,2596
18510,2596
18511,2596
18512,2596
18513,2596
18514,2596
18515,2596
18516,2596
18517,2596
18518,2596
18519,2596
18520,2596
18521,2596
18522,2596
18523,2596
18524,2596
18525,2596
18526,2596
18527,2596
18528,2596
18529,2596
18530,2596
18531,2596
18532,2596
18533,2596
18534,2596
18535,2596
18536,2596
18537,2596
18538,2596
18539,2596
18540,2596
18541,2596
18542,2596
18543,2596
18544,2596
18545,2596
18546,2596
18547,2596
18548,2596
18549,2596
18550,2596
18551,2596
18552,2596
18553,2596
18554,2596
18555,2596
18556,2596
18557,2596
18558,2596
18559,2596
18560,2596
18561,2596
18562,2596
18563,2596
18564,2596
18565,2596
18566,2596
18567,2596
18568,2596
18569,2596
18570,2596
18571,2596
18572,2596
18573,2596
18574,2596
18575,2596
18576,2596
18577,2596
18578,2596
18579,2596
18580,2596
18581,2596
18582,2596
18583,2596
18584,2596
18585,2596
18586,2596
18587,2596
18588,2596
18589,2596
18590,2596
18591,2596
18592,2596
18593,2596
18594,2596
18595,2596
18596,2596
18597,2596
18598,2596
18599,2596
18600,2596
18601,2596
18602,2596
18603,2596
18604,2596
18605,2596
18606,2596
18607,2596
18608,2596
18609,2596
18610,2596
18611,2596
18612,2596
18613,2596
18614,2596
18615,2596
18616,2596
18617,2596
18618,2596
18619,2596
18620,2596
18621,2596
18622,2596
18623,2596
18624,2596
18625,2596
18626,2596
18627,2596
18628,2596
18629,2596
18630,2596
18631,2596
18632,2596
18633,2596
18634,2596
18635,2596
18636,2596
18637,2596
18638,2596
18639,2596
18640,2596
18641,2596
18642,2596
18643,2596
18644,2596
18645,2596
18646,2596
18647,2596
18648,2596
18649,2596
18650,2596
18651,2596
18652,2596
18653,2596
18654,2596
18655,2596
18656,2596
18657,2596
18658,2596
18659,2596
18660,2596
18661,2596
18662,2596
18663,2596
18664,2596
18665,2596
18666,2596
18667,2596
18668,2596
18669,2596
18670,2596
18671,2596
18672,2596
18673,2596
18674,2596
18675,2596
18676,2596
18677,2596
18678,2596
18679,2596
18680,2596
18681,2596
18682,2596
18683,2596
18684,2596
18685,2596
18686,2596
18687,2596
18688,2596
18689,2596
18690,2596
18691,2596
18692,2596
18693,2596
18694,2596
18695,2596
18696,2596
18697,2596
18698,2596
18699,2596
18700,2596
18701,2596
18702,2596
18703,2596
18704,2596
18705,2596
18706,2596
18707,2596
18708,2596
18709,2596
18710,2596
18711,2596
18712,2596
18713,2596
18714,2596
18715,2596
18716,2596
18717,2596
18718,2596
18719,2596
18720,2596
18721,2596
18722,2596
18723,2596
18724,2596
18725,2596
18726,2596
18727,2596
18728,2596
18729,2596
18730,2596
18731,2596
18732,2596
18733,2596
18734,2596
18735,2596
18736,2596
18737,2596
18738,2596
18739,2596
18740,2596
18741,2596
18742,2596
18743,2596
18744,2596
18745,2596
18746,2596
18747,2596
18748,2596
18749,2596
18750,2596
18751,2596
18752,2596
18753,2596
18754,2596
18755,2596
18756,2596
18757,2596
18758,2596
18759,2596
18760,2596
18761,2596
18762,2596
18763,2596
18764,2596
18765,2596
18766,2596
18767,2596
18768,2596
18769,2596
18770,2596
18771,2596
18772,2596
18773,2596
18774,2596
18775,2596
18776,2596
18777,2596
18778,2596
18779,2596
18780,2596
18781,2596
18782,2596
18783,2596
18784,2596
18785,2596
18786,2596
18787,2596
18788,2596
18789,2596
18790,2596
18791,2596
18792,2596
18793,2596
18794,2596
18795,2596
18796,2596
18797,2596
18798,2596
18799,2596
18800,2596
18801,2596
18802,2596
18803,2596
18804,2596
18805,2596
18806,2596
18807,2596
18808,2596
18809,2596
18810,2596
18811,2596
18812,2596
18813,2596
18814,2596
18815,2596
18816,2596
18817,2596
18818,2596
18819,2596
18820,2596
18821,2596
18822,2596
18823,2596
18824,2596
18825,2596
18826,2596
18827,2596
18828,2596
18829,2596
18830,2596
18831,2596
18832,2596
18833,2596
18834,2596
18835,2596
18836,2596
18837,2596
18838,2596
18839,2596
18840,2596
18841,2596
18842,2596
18843,2596
18844,2596
18845,2596
18846,2596
18847,2596
18848,2596
18849,2596
18850,2596
18851,2596
18852,2596
18853,2596
18854,2596
18855,2596
18856,2596
18857,2596
18858,2596
18859,2596
18860,2596
18861,2596
18862,2596
18863,2596
18864,2596
18865,2596
18866,2596
18867,2596
18868,2596
18869,2596
18870,2596
18871,2596
18872,2596
18873,2596
18874,2596
18875,2596
18876,2596
18877,2596
18878,2596
18879,2596
18880,2596
18881,2596
18882,2596
18883,2596
18884,2596
18885,2596
18886,2596
18887,2596
18888,2596
18889,2596
18890,2596
18891,2596
18892,2596
18893,2596
18894,2596
18895,2596
18896,2596
18897,2596
18898,2596
18899,2596
18900,2596
18901,2596
18902,2596
18903,2596
18904,2596
18905,2596
18906,2596
18907,2596
18908,2596
18909,2596
18910,2596
18911,2596
18912,2596
18913,2596
18914,2596
18915,2596
18916,2596
18917,2596
18918,2596
18919,2596
18920,2596
18921,2596
18922,2596
18923,2596
18924,2596
18925,2596
18926,2596
18927,2596
18928,2596
18929,2596
18930,2596
18931,2596
18932,2596
18933,2596
18934,2596
18935,2596
18936,2596
18937,2596
18938,2596
18939,2596
18940,2596
18941,2596
18942,2596
18943,2596
18944,2596
18945,2596
18946,2596
18947,2596
18948,2596
18949,2596
18950,2596
18951,2596
18952,2596
18953,2596
18954,2596
18955,2596
18956,2596
18957,2596
18958,2596
18959,2596
18960,2596
18961,2596
18962,2596
18963,2596
18964,2596
18965,2596
18966,2596
18967,2596
18968,2596
18969,2596
18970,2596
18971,2596
18972,2596
18973,2596
18974,2596
18975,2596
18976,2596
18977,2596
18978,2596
18979,2596
18980,2596
18981,2596
18982,2596
18983,2596
18984,2596
18985,2596
18986,2596
18987,2596
18988,2596
18989,2596
18990,2596
18991,2596
18992,2596
18993,2596
18994,2596
18995,2596
18996,2596
18997,2596
18998,2596
18999,2596
19000,2596
19001,2596
19002,2596
19003,2596
19004,2596
19005,2596
19006,2596
19007,2596
19008,2596
19009,2596
19010,2596
19011,2596
19012,2596
19013,2596
19014,2596
19015,2596
19016,2596
19017,2596
19018,2596
19019,2596
19020,2596
19021,2596
19022,2596
19023,2596
19024,2596
19025,2596
19026,2596
19027,2596
19028,2596
19029,2596
19030,2596
19031,2596
19032,2596
19033,2596
19034,2596
19035,2596
19036,2596
19037,2596
19038,2596
19039,2596
19040,2596
19041,2596
19042,2596
19043,2596
19044,2596
19045,2596
19046,2596
19047,2596
19048,2596
19049,2596
19050,2596
19051,2596
19052,2596
19053,2596
19054,2596
19055,2596
19056,2596
19057,2596
19058,2596
19059,2596
19060,2596
19061,2596
19062,2596
19063,2596
19064,2596
19065,2596
19066,2596
19067,2596
19068,2596
19069,2596
19070,2596
19071,2596
19072,2596
19073,2596
19074,2596
19075,2596
19076,2596
19077,2596
19078,2596
19079,2596
19080,2596
19081,2596
19082,2596
19083,2596
19084,2596
19085,2596
19086,2596
19087,2596
19088,2596
19089,2596
19090,2596
19091,2596
19092,2596
19093,2596
19094,2596
19095,2596
19096,2596
19097,2596
19098,2596
19099,2596
19100,2596
19101,2596
19102,2596
19103,2596
19104,2596
19105,2596
19106,2596
19107,2596
19108,2596
19109,2596
19110,2596
19111,2596
19112,2596
19113,2596
19114,2596
19115,2596
19116,2596
19117,2596
19118,2596
19119,2596
19120,2596
19121,2596
19122,2596
19123,2596
19124,2596
19125,2596
19126,2596
19127,2596
19128,2596
19129,2596
19130,2596
19131,2596
19132,2596
19133,2596
19134,2596
19135,2596
19136,2596
19137,2596
19138,2596
19139,2596
19140,2596
19141,2596
19142,2596
19143,2596
19144,2596
19145,2596
19146,2596
19147,2596
19148,2596
19149,2596
19150,2596
19151,2596
19152,2596
19153,2596
19154,2596
19155,2596
19156,2596
19157,2596
19158,2596
19159,2596
19160,2596
19161,2596
19162,2596
19163,2596
19164,2596
19165,2596
19166,2596
19167,2596
19168,2596
19169,2596
19170,2596
19171,2596
19172,2596
19173,2596
19174,2596
19175,2596
19176,2596
19177,2596
19178,2596
19179,2596
19180,2596
19181,2596
19182,2596
19183,2596
19184,2596
19185,2596
19186,2596
19187,2596
19188,2596
19189,2596
19190,2596
19191,2596
19192,2596
19193,2596
19194,2596
19195,2596
19196,2596
19197,2596
19198,2596
19199,2596
19200,2596
19201,2596
19202,2596
19203,2596
19204,2596
19205,2596
19206,2596
19207,2596
19208,2596
19209,2596
19210,2596
19211,2596
19212,2596
19213,2596
19214,2596
19215,2596
19216,2596
19217,2596
19218,2596
19219,2596
19220,2596
19221,2596
19222,2596
19223,2596
19224,2596
19225,2596
19226,2596
19227,2596
19228,2596
19229,2596
19230,2596
19231,2596
19232,2596
19233,2596
19234,2596
19235,2596
19236,2596
19237,2596
19238,2596
19239,2596
19240,2596
19241,2596
19242,2596
19243,2596
19244,2596
19245,2596
19246,2596
19247,2596
19248,2596
19249,2596
19250,2596
19251,2596
19252,2596
19253,2596
19254,2596
19255,2596
19256,2596
19257,2596
19258,2596
19259,2596
19260,2596
19261,2596
19262,2596
19263,2596
19264,2596
19265,2596
19266,2596
19267,2596
19268,2596
19269,2596
19270,2596
19271,2596
19272,2596
19273,2596
19274,2596
19275,2596
19276,2596
19277,2596
19278,2596
19279,2596
19280,2596
19281,2596
19282,2596
19283,2596
19284,2596
19285,2596
19286,2596
19287,2596
19288,2596
19289,2596
19290,2596
19291,2596
19292,2596
19293,2596
19294,2596
19295,2596
19296,2596
19297,2596
19298,2596
19299,2596
19300,2596
19301,2596
19302,2596
19303,2596
19304,2596
19305,2596
19306,2596
19307,2596
19308,2596
19309,2596
19310,2596
19311,2596
19312,2596
19313,2596
19314,2596
19315,2596
19316,2596
19317,2596
19318,2596
19319,2596
19320,2596
19321,2596
19322,2596
19323,2596
19324,2596
19325,2596
19326,2596
19327,2596
19328,2596
19329,2596
19330,2596
19331,2596
19332,2596
19333,2596
19334,2596
19335,2596
19336,2596
19337,2596
19338,2596
19339,2596
19340,2596
19341,2596
19342,2596
19343,2596
19344,2596
19345,2596
19346,2596
19347,2596
19348,2596
19349,2596
19350,2596
19351,2596
19352,2596
19353,2596
19354,2596
19355,2596
19356,2596
19357,2596
19358,2596
19359,2596
19360,2596
19361,2596
19362,2596
19363,2596
19364,2596
19365,2596
19366,2596
19367,2596
19368,2596
19369,2596
19370,2596
19371,2596
19372,2596
19373,2596
19374,2596
19375,2596
19376,2596
19377,2596
19378,2596
19379,2596
19380,2596
19381,2596
19382,2596
19383,2596
19384,2596
19385,2596
19386,2596
19387,2596
19388,2596
19389,2596
19390,2596
19391,2596
19392,2596
19393,2596
19394,2596
19395,2596
19396,2596
19397,2596
19398,2596
19399,2596
19400,2596
19401,2596
19402,2596
19403,2596
19404,2596
19405,2596
19406,2596
19407,2596
19408,2596
19409,2596
19410,2596
19411,2596
19412,2596
19413,2596
19414,2596
19415,2596
19416,2596
19417,2596
19418,2596
19419,2596
19420,2596
19421,2596
19422,2596
19423,2596
19424,2596
19425,2596
19426,2596
19427,2596
19428,2596
19429,2596
19430,2596
19431,2596
19432,2596
19433,2596
19434,2596
19435,2596
19436,2596
19437,2596
19438,2596
19439,2596
19440,2596
19441,2596
19442,2596
19443,2596
19444,2596
19445,2596
19446,2596
19447,2596
19448,2596
19449,2596
19450,2596
19451,2596
19452,2596
19453,2596
19454,2596
19455,2596
19456,2596
19457,2596
19458,2596
19459,2596
19460,2596
19461,2596
19462,2596
19463,2596
19464,2596
19465,2596
19466,2596
19467,2596
19468,2596
19469,2596
19470,2596
19471,2596
19472,2596
19473,2596
19474,2596
19475,2596
19476,2596
19477,2596
19478,2596
19479,2596
19480,2596
19481,2596
19482,2596
19483,2596
19484,2596
19485,2596
19486,2596
19487,2596
19488,2596
19489,2596
19490,2596
19491,2596
19492,2596
19493,2596
19494,2596
19495,2596
19496,2596
19497,2596
19498,2596
19499,2596
19500,2596
19501,2596
19502,2596
19503,2596
19504,2596
19505,2596
19506,2596
19507,2596
19508,2596
19509,2596
19510,2596
19511,2596
19512,2596
19513,2596
19514,2596
19515,2596
19516,2596
19517,2596
19518,2596
19519,2596
19520,2596
19521,2596
19522,2596
19523,2596
19524,2596
19525,2596
19526,2596
19527,2596
19528,2596
19529,2596
19530,2596
19531,2596
19532,2596
19533,2596
19534,2596
19535,2596
19536,2596
19537,2596
19538,2596
19539,2596
19540,2596
19541,2596
19542,2596
19543,2596
19544,2596
19545,2596
19546,2596
19547,2596
19548,2596
19549,2596
19550,2596
19551,2596
19552,2596
19553,2596
19554,2596
19555,2596
19556,2596
19557,2596
19558,2596
19559,2596
19560,2596
19561,2596
19562,2596
19563,2596
19564,2596
19565,2596
19566,2596
19567,2596
19568,2596
19569,2596
19570,2596
19571,2596
19572,2596
19573,2596
19574,2596
19575,2596
19576,2596
19577,2596
19578,2596
19579,2596
19580,2596
19581,2596
19582,2596
19583,2596
19584,2596
19585,2596
19586,2596
19587,2596
19588,2596
19589,2596
19590,2596
19591,2596
19592,2596
19593,2596
19594,2596
19595,2596
19596,2596
19597,2596
19598,2596
19599,2596
19600,2596
19601,2596
19602,2596
19603,2596
19604,2596
19605,2596
19606,2596
19607,2596
19608,2596
19609,2596
19610,2596
19611,2596
19612,2596
19613,2596
19614,2596
19615,2596
19616,2596
19617,2596
19618,2596
19619,2596
19620,2596
19621,2596
19622,2596
19623,2596
19624,2596
19625,2596
19626,2596
19627,2596
19628,2596
19629,2596
19630,2596
19631,2596
19632,2596
19633,2596
19634,2596
19635,2596
19636,2596
19637,2596
19638,2596
19639,2596
19640,2596
19641,2596
19642,2596
19643,2596
19644,2596
19645,2596
19646,2596
19647,2596
19648,2596
19649,2596
19650,2596
19651,2596
19652,2596
19653,2596
19654,2596
19655,2596
19656,2596
19657,2596
19658,2596
19659,2596
19660,2596
19661,2596
19662,2596
19663,2596
19664,2596
19665,2596
19666,2596
19667,2596
19668,2596
19669,2596
19670,2596
19671,2596
19672,2596
19673,2596
19674,2596
19675,2596
19676,2596
19677,2596
19678,2596
19679,2596
19680,2596
19681,2596
19682,2596
19683,2596
19684,2596
19685,2596
19686,2596
19687,2596
19688,2596
19689,2596
19690,2596
19691,2596
19692,2596
19693,2596
19694,2596
19695,2596
19696,2596
19697,2596
19698,2596
19699,2596
19700,2596
19701,2596
19702,2596
19703,2596
19704,2596
19705,2596
19706,2596
19707,2596
19708,2596
19709,2596
19710,2596
19711,2596
19712,2596
19713,2596
19714,2596
19715,2596
19716,2596
19717,2596
19718,2596
19719,2596
19720,2596
19721,2596
19722,2596
19723,2596
19724,2596
19725,2596
19726,2596
19727,2596
19728,2596
19729,2596
19730,2596
19731,2596
19732,2596
19733,2596
19734,2596
19735,2596
19736,2596
19737,2596
19738,2596
19739,2596
19740,2596
19741,2596
19742,2596
19743,2596
19744,2596
19745,2596
19746,2596
19747,2596
19748,2596
19749,2596
19750,2596
19751,2596
19752,2596
19753,2596
19754,2596
19755,2596
19756,2596
19757,2596
19758,2596
19759,2596
19760,2596
19761,2596
19762,2596
19763,2596
19764,2596
19765,2596
19766,2596
19767,2596
19768,2596
19769,2596
19770,2596
19771,2596
19772,2596
19773,2596
19774,2596
19775,2596
19776,2596
19777,2596
19778,2596
19779,2596
19780,2596
19781,2596
19782,2596
19783,2596
19784,2596
19785,2596
19786,2596
19787,2596
19788,2596
19789,2596
19790,2596
19791,2596
19792,2596
19793,2596
19794,2596
19795,2596
19796,2596
19797,2596
19798,2596
19799,2596
19800,2596
19801,2596
19802,2596
19803,2596
19804,2596
19805,2596
19806,2596
19807,2596
19808,2596
19809,2596
19810,2596
19811,2596
19812,2596
19813,2596
19814,2596
19815,2596
19816,2596
19817,2596
19818,2596
19819,2596
19820,2596
19821,2596
19822,2596
19823,2596
19824,2596
19825,2596
19826,2596
19827,2596
19828,2596
19829,2596
19830,2596
19831,2596
19832,2596
19833,2596
19834,2596
19835,2596
19836,2596
19837,2596
19838,2596
19839,2596
19840,2596
19841,2596
19842,2596
19843,2596
19844,2596
19845,2596
19846,2596
19847,2596
19848,2596
19849,2596
19850,2596
19851,2596
19852,2596
19853,2596
19854,2596
19855,2596
19856,2596
19857,2596
19858,2596
19859,2596
19860,2596
19861,2596
19862,2596
19863,2596
19864,2596
19865,2596
19866,2596
19867,2596
19868,2596
19869,2596
19870,2596
19871,2596
19872,2596
19873,2596
19874,2596
19875,2596
19876,2596
19877,2596
19878,2596
19879,2596
19880,2596
19881,2596
19882,2596
19883,2596
19884,2596
19885,2596
19886,2596
19887,2596
19888,2596
19889,2596
19890,2596
19891,2596
19892,2596
19893,2596
19894,2596
19895,2596
19896,2596
19897,2596
19898,2596
19899,2596
19900,2596
19901,2596
19902,2596
19903,2596
19904,2596
19905,2596
19906,2596
19907,2596
19908,2596
19909,2596
19910,2596
19911,2596
19912,2596
19913,2596
19914,2596
19915,2596
19916,2596
19917,2596
19918,2596
19919,2596
19920,2596
19921,2596
19922,2596
19923,2596
19924,2596
19925,2596
19926,2596
19927,2596
19928,2596
19929,2596
19930,2596
19931,2596
19932,2596
19933,2596
19934,2596
19935,2596
19936,2596
19937,2596
19938,2596
19939,2596
19940,2596
19941,2596
19942,2596
19943,2596
19944,2596
19945,2596
19946,2596
19947,2596
19948,2596
19949,2596
19950,2596
19951,2596
19952,2596
19953,2596
19954,2596
19955,2596
19956,2596
19957,2596
19958,2596
19959,2596
19960,2596
19961,2596
19962,2596
19963,2596
19964,2596
19965,2596
19966,2596
19967,2596
19968,2596
19969,2596
19970,2596
19971,2596
19972,2596
19973,2596
19974,2596
19975,2596
19976,2596
19977,2596
19978,2596
19979,2596
19980,2596
19981,2596
19982,2596
19983,2596
19984,2596
19985,2596
19986,2596
19987,2596
19988,2596
19989,2596
19990,2596
19991,2596
19992,2596
19993,2596
19994,2596
19995,2596
19996,2596
19997,2596
19998,2596
19999,2596
