sample,best_lucro
0,1838
1,2500
2,2500
3,3188
4,3188
5,3188
6,3188
7,3188
8,3188
9,3188
10,3188
11,3188
12,3188
13,3188
14,3188
15,3298
16,3298
17,3476
18,3476
19,3476
20,3476
21,3476
22,3476
23,3476
24,3476
25,3476
26,3476
27,3767
28,3767
29,3767
30,3767
31,3767
32,3767
33,3767
34,3767
35,3944
36,3944
37,3944
38,3944
39,3944
40,3944
41,3944
42,3944
43,3944
44,3944
45,3944
46,3944
47,3944
48,3944
49,3944
50,3944
51,3944
52,3944
53,3944
54,3944
55,3944
56,3944
57,3944
58,3944
59,3944
60,3944
61,3944
62,3944
63,3944
64,3944
65,3944
66,3944
67,3944
68,3944
69,3944
70,3944
71,3944
72,3944
73,3944
74,3944
75,3944
76,3944
77,3944
78,3944
79,4487
80,4487
81,4487
82,4487
83,4487
84,4487
85,4487
86,4487
87,4487
88,4487
89,4487
90,4487
91,4487
92,4487
93,4487
94,4487
95,4487
96,4487
97,4487
98,4487
99,4487
100,4487
101,4487
102,4487
103,4487
104,4487
105,4487
106,4487
107,4487
108,4487
109,4487
110,4487
111,4487
112,4487
113,4487
114,4487
115,4487
116,4487
117,4487
118,4487
119,4487
120,4487
121,4487
122,4487
123,4487
124,4487
125,4487
126,4487
127,4487
128,4487
129,4487
130,4487
131,4487
132,4487
133,4487
134,4487
135,4487
136,4487
137,4487
138,4487
139,4487
140,4487
141,4487
142,4487
143,4487
144,4487
145,4487
146,4487
147,4487
148,4487
149,4487
150,4487
151,4487
152,4487
153,4487
154,4487
155,4487
156,4487
157,4487
158,4487
159,4487
160,4487
161,4487
162,4487
163,4487
164,4487
165,4487
166,4487
167,4487
168,4487
169,4487
170,4487
171,4487
172,4487
173,4487
174,4487
175,4487
176,4487
177,4487
178,4487
179,4487
180,4487
181,4487
182,4487
183,4487
184,4487
185,4487
186,4487
187,4487
188,4487
189,4487
190,4487
191,4487
192,4487
193,4487
194,4487
195,4487
196,4487
197,4487
198,4487
199,4487
200,4487
201,4487
202,4487
203,4487
204,4487
205,4487
206,4487
207,4487
208,4487
209,4487
210,4487
211,4487
212,4487
213,4487
214,4487
215,4487
216,4487
217,4487
218,4487
219,4487
220,4487
221,4487
222,4487
223,4487
224,4487
225,4487
226,4487
227,4487
228,4487
229,4487
230,4487
231,4487
232,4487
233,4487
234,4487
235,4487
236,4487
237,4487
238,4487
239,4487
240,4487
241,4487
242,4487
243,4487
244,4487
245,4487
246,4487
247,4487
248,4487
249,4487
250,4487
251,4487
252,4487
253,4487
254,4487
255,4487
256,4487
257,4487
258,4487
259,4487
260,4487
261,4487
262,4487
263,4487
264,4487
265,4487
266,4487
267,4487
268,4487
269,4487
270,4487
271,4487
272,4487
273,4487
274,4487
275,4487
276,4487
277,4487
278,4487
279,4487
280,4487
281,4487
282,4487
283,4487
284,4487
285,4487
286,4487
287,4487
288,4487
289,4487
290,4487
291,4487
292,4487
293,4487
294,4487
295,4487
296,4487
297,4487
298,4487
299,4487
300,4487
301,4487
302,4487
303,4487
304,4487
305,4487
306,4487
307,4487
308,4487
309,4487
310,4487
311,4487
312,4487
313,4487
314,4487
315,4487
316,4487
317,4487
318,4487
319,4487
320,4487
321,4487
322,4487
323,4487
324,4487
325,4487
326,4487
327,4487
328,4487
329,4487
330,4487
331,4487
332,4487
333,4487
334,4487
335,4487
336,4487
337,4487
338,4487
339,4487
340,4487
341,4487
342,4487
343,4487
344,4487
345,4487
346,4487
347,4487
348,4487
349,4487
350,4487
351,4487
352,4487
353,4487
354,4487
355,4487
356,4487
357,4487
358,4487
359,4487
360,4487
361,4487
362,4487
363,4487
364,4487
365,4487
366,4487
367,4487
368,4487
369,4487
370,4487
371,4487
372,4487
373,4487
374,4487
375,4487
376,4487
377,4487
378,4487
379,4487
380,4487
381,4487
382,4487
383,4487
384,4487
385,4487
386,4487
387,4487
388,4487
389,4487
390,4487
391,4487
392,4487
393,4487
394,4487
395,4487
396,4487
397,4487
398,4487
399,4487
400,4487
401,4487
402,4487
403,4487
404,4487
405,4487
406,4487
407,4487
408,4487
409,4487
410,4487
411,4487
412,4487
413,4487
414,4487
415,4487
416,4487
417,4487
418,4487
419,4487
420,4487
421,4487
422,4487
423,4487
424,4487
425,4487
426,4487
427,4487
428,4487
429,4487
430,4487
431,4487
432,4487
433,4487
434,4487
435,4487
436,4487
437,4487
438,4487
439,4487
440,4487
441,4487
442,4487
443,4487
444,4487
445,4487
446,4487
447,4487
448,4487
449,4487
450,4487
451,4487
452,4487
453,4487
454,4487
455,4487
456,4487
457,4487
458,4487
459,4487
460,4487
461,4487
462,4487
463,4487
464,4487
465,4487
466,4487
467,4487
468,4487
469,4487
470,4487
471,4487
472,4487
473,4487
474,4487
475,4487
476,4487
477,4487
478,4487
479,4487
480,4487
481,4487
482,4487
483,4487
484,4487
485,4487
486,4487
487,4487
488,4487
489,4487
490,4487
491,4487
492,4487
493,4487
494,4487
495,4487
496,4487
497,4487
498,4487
499,4487
500,4487
501,4487
502,4487
503,4487
504,4487
505,4487
506,4487
507,4487
508,4487
509,4487
510,4487
511,4487
512,4487
513,4487
514,4487
515,4487
516,4487
517,4487
518,4487
519,4487
520,4487
521,4487
522,4487
523,4487
524,4487
525,4487
526,4487
527,4487
528,4487
529,4487
530,4487
531,4487
532,4487
533,4487
534,4487
535,4487
536,4487
537,4487
538,4487
539,4487
540,4487
541,4487
542,4487
543,4487
544,4487
545,4487
546,4487
547,4487
548,4487
549,4487
550,4487
551,4487
552,4487
553,4487
554,4487
555,4487
556,4487
557,4487
558,4487
559,4487
560,4487
561,4487
562,4487
563,4487
564,4487
565,4487
566,4487
567,4487
568,4487
569,4487
570,4487
571,4487
572,4487
573,4487
574,4487
575,4487
576,4487
577,4487
578,4487
579,4487
580,4487
581,4487
582,4487
583,4487
584,4487
585,4487
586,4487
587,4487
588,4487
589,4487
590,4487
591,4487
592,4487
593,4487
594,4487
595,4487
596,4487
597,4487
598,4487
599,4487
600,4487
601,4487
602,4487
603,4487
604,4487
605,4487
606,4487
607,4487
608,4487
609,4487
610,4487
611,4487
612,4487
613,4487
614,4487
615,4487
616,4487
617,4487
618,4487
619,4487
620,4487
621,4487
622,4487
623,4487
624,4487
625,4487
626,4487
627,4487
628,4487
629,4487
630,4487
631,4487
632,4487
633,4487
634,4487
635,4487
636,4487
637,4487
638,4487
639,4487
640,4487
641,4487
642,4487
643,4487
644,4487
645,4487
646,4487
647,4487
648,4487
649,4487
650,4487
651,4487
652,4487
653,4487
654,4487
655,4487
656,4487
657,4487
658,4487
659,4487
660,4487
661,4487
662,4487
663,4487
664,4487
665,4487
666,4487
667,4487
668,4487
669,4487
670,4487
671,4487
672,4487
673,4487
674,4487
675,4487
676,4487
677,4487
678,4487
679,4487
680,4487
681,4487
682,4487
683,4487
684,4487
685,4487
686,4487
687,4487
688,4487
689,4487
690,4487
691,4487
692,4487
693,4487
694,4487
695,4487
696,4487
697,4487
698,4487
699,4487
700,4487
701,4487
702,4487
703,4487
704,4487
705,4487
706,4487
707,4487
708,4487
709,4487
710,4487
711,4487
712,4487
713,4487
714,4487
715,4487
716,4487
717,4487
718,4487
719,4487
720,4487
721,4487
722,4487
723,4487
724,4487
725,4487
726,4487
727,4487
728,4487
729,4487
730,4487
731,4487
732,4487
733,4487
734,4487
735,4487
736,4487
737,4487
738,4487
739,4487
740,4487
741,4487
742,4487
743,4487
744,4487
745,4487
746,4487
747,4487
748,4487
749,4487
750,4487
751,4487
752,4487
753,4487
754,4487
755,4487
756,4487
757,4487
758,4487
759,4487
760,4487
761,4487
762,4487
763,4487
764,4487
765,4487
766,4487
767,4487
768,4487
769,4487
770,4487
771,4487
772,4487
773,4487
774,4487
775,4487
776,4487
777,4487
778,4487
779,4487
780,4487
781,4487
782,4487
783,4487
784,4487
785,4487
786,4487
787,4487
788,4487
789,4487
790,4487
791,4487
792,4487
793,4487
794,4487
795,4487
796,4487
797,4487
798,4487
799,4487
800,4487
801,4487
802,4487
803,4487
804,4487
805,4487
806,4487
807,4487
808,4487
809,4487
810,4487
811,4487
812,4487
813,4487
814,4487
815,4487
816,4487
817,4487
818,4487
819,4487
820,4487
821,4487
822,4487
823,4487
824,4487
825,4487
826,4487
827,4487
828,4487
829,4487
830,4487
831,4487
832,4487
833,4487
834,4487
835,4487
836,4487
837,4487
838,4487
839,4487
840,4487
841,4487
842,4487
843,4487
844,4487
845,4487
846,4487
847,4487
848,4487
849,4487
850,4487
851,4487
852,4487
853,4487
854,4487
855,4487
856,4487
857,4487
858,4487
859,4487
860,4487
861,4487
862,4487
863,4487
864,4487
865,4487
866,4487
867,4487
868,4487
869,4487
870,4487
871,4487
872,4487
873,4487
874,4487
875,4487
876,4487
877,4487
878,4487
879,4487
880,4487
881,4487
882,4487
883,4487
884,4487
885,4487
886,4487
887,4487
888,4487
889,4487
890,4487
891,4487
892,4487
893,4487
894,4487
895,4487
896,4487
897,4487
898,4487
899,4487
900,4487
901,4487
902,4487
903,4487
904,4487
905,4487
906,4487
907,4487
908,4487
909,4487
910,4487
911,4487
912,4487
913,4487
914,4487
915,4487
916,4487
917,4487
918,4487
919,4487
920,4487
921,4487
922,4487
923,4487
924,4487
925,4487
926,4487
927,4487
928,4487
929,4487
930,4487
931,4487
932,4487
933,4487
934,4487
935,4487
936,4487
937,4487
938,4487
939,4487
940,4487
941,4487
942,4487
943,4487
944,4487
945,4487
946,4487
947,4487
948,4487
949,4487
950,4487
951,4487
952,4487
953,4487
954,4487
955,4487
956,4487
957,4487
958,4487
959,4487
960,4487
961,4487
962,4487
963,4487
964,4487
965,4487
966,4487
967,4487
968,4487
969,4487
970,4487
971,4487
972,4487
973,4487
974,4487
975,4487
976,4487
977,4487
978,4487
979,4487
980,4487
981,4487
982,4487
983,4487
984,4487
985,4487
986,4487
987,4487
988,4487
989,4487
990,4487
991,4487
992,4487
993,4487
994,4487
995,4487
996,4487
997,4487
998,4487
999,4487
1000,4487
1001,4487
1002,4487
1003,4487
1004,4487
1005,4487
1006,4487
1007,4487
1008,4487
1009,4487
1010,4487
1011,4487
1012,4487
1013,4487
1014,4487
1015,4487
1016,4487
1017,4487
1018,4487
1019,4487
1020,4487
1021,4487
1022,4487
1023,4487
1024,4487
1025,4487
1026,4487
1027,4487
1028,4487
1029,4487
1030,4487
1031,4487
1032,4487
1033,4487
1034,4487
1035,4487
1036,4487
1037,4487
1038,4487
1039,4487
1040,4487
1041,4487
1042,4487
1043,4487
1044,4487
1045,4487
1046,4487
1047,4487
1048,4487
1049,4487
1050,4487
1051,4487
1052,4487
1053,4487
1054,4487
1055,4487
1056,4487
1057,4487
1058,4487
1059,4487
1060,4487
1061,4487
1062,4487
1063,4487
1064,4487
1065,4487
1066,4487
1067,4487
1068,4487
1069,4487
1070,4487
1071,4487
1072,4487
1073,4487
1074,4487
1075,4487
1076,4487
1077,4487
1078,4487
1079,4487
1080,4487
1081,4487
1082,4487
1083,4487
1084,4487
1085,4487
1086,4487
1087,4487
1088,4487
1089,4487
1090,4487
1091,4487
1092,4487
1093,4487
1094,4487
1095,4487
1096,4487
1097,4487
1098,4487
1099,4487
1100,4487
1101,4487
1102,4487
1103,4487
1104,4487
1105,4487
1106,4487
1107,4487
1108,4487
1109,4487
1110,4487
1111,4487
1112,4487
1113,4487
1114,4487
1115,4487
1116,4487
1117,4487
1118,4487
1119,4487
1120,4487
1121,4487
1122,4487
1123,4487
1124,4487
1125,4487
1126,4487
1127,4487
1128,4487
1129,4487
1130,4487
1131,4487
1132,4487
1133,4487
1134,4487
1135,4487
1136,4487
1137,4487
1138,4487
1139,4487
1140,4487
1141,4487
1142,4487
1143,4487
1144,4487
1145,4487
1146,4487
1147,4487
1148,4487
1149,4487
1150,4487
1151,4487
1152,4487
1153,4487
1154,4487
1155,4487
1156,4487
1157,4487
1158,4487
1159,4487
1160,4487
1161,4487
1162,4487
1163,4487
1164,4487
1165,4487
1166,4487
1167,4487
1168,4487
1169,4487
1170,4487
1171,4487
1172,4487
1173,4487
1174,4487
1175,4487
1176,4487
1177,4487
1178,4487
1179,4487
1180,4487
1181,4487
1182,4487
1183,4487
1184,4487
1185,4487
1186,4487
1187,4487
1188,4487
1189,4487
1190,4487
1191,4487
1192,4487
1193,4487
1194,4487
1195,4487
1196,4487
1197,4487
1198,4487
1199,4487
1200,4487
1201,4487
1202,4487
1203,4487
1204,4487
1205,4487
1206,4487
1207,4487
1208,4487
1209,4487
1210,4487
1211,4487
1212,4487
1213,4487
1214,4487
1215,4487
1216,4487
1217,4487
1218,4487
1219,4487
1220,4487
1221,4487
1222,4487
1223,4487
1224,4487
1225,4487
1226,4487
1227,4487
1228,4487
1229,4487
1230,4487
1231,4487
1232,4487
1233,4487
1234,4487
1235,4487
1236,4487
1237,4487
1238,4487
1239,4487
1240,4487
1241,4487
1242,4487
1243,4487
1244,4487
1245,4487
1246,4487
1247,4487
1248,4487
1249,4487
1250,4487
1251,4487
1252,4487
1253,4487
1254,4487
1255,4487
1256,4487
1257,4487
1258,4487
1259,4487
1260,4487
1261,4487
1262,4487
1263,4487
1264,4487
1265,4487
1266,4487
1267,4487
1268,4487
1269,4487
1270,4487
1271,4487
1272,4487
1273,4487
1274,4487
1275,4487
1276,4487
1277,4487
1278,4487
1279,4487
1280,4487
1281,4487
1282,4487
1283,4487
1284,4487
1285,4487
1286,4487
1287,4487
1288,4487
1289,4487
1290,4487
1291,4487
1292,4487
1293,4487
1294,4487
1295,4487
1296,4487
1297,4487
1298,4487
1299,4487
1300,4487
1301,4487
1302,4487
1303,4487
1304,4487
1305,4487
1306,4487
1307,4487
1308,4487
1309,4487
1310,4487
1311,4487
1312,4487
1313,4487
1314,4487
1315,4487
1316,4487
1317,4487
1318,4487
1319,4487
1320,4487
1321,4487
1322,4487
1323,4487
1324,4487
1325,4487
1326,4487
1327,4487
1328,4487
1329,4487
1330,4487
1331,4487
1332,4487
1333,4487
1334,4487
1335,4487
1336,4487
1337,4487
1338,4487
1339,4487
1340,4487
1341,4487
1342,4487
1343,4487
1344,4487
1345,4487
1346,4487
1347,4487
1348,4487
1349,4487
1350,4487
1351,4487
1352,4487
1353,4487
1354,4487
1355,4487
1356,4487
1357,4487
1358,4487
1359,4487
1360,4487
1361,4487
1362,4487
1363,4487
1364,4487
1365,4487
1366,4487
1367,4487
1368,4487
1369,4487
1370,4487
1371,4487
1372,4487
1373,4487
1374,4487
1375,4487
1376,4487
1377,4487
1378,4487
1379,4487
1380,4487
1381,4487
1382,4487
1383,4487
1384,4487
1385,4487
1386,4487
1387,4487
1388,4487
1389,4487
1390,4487
1391,4487
1392,4487
1393,4487
1394,4487
1395,4487
1396,4487
1397,4487
1398,4487
1399,4487
1400,4487
1401,4487
1402,4487
1403,4487
1404,4487
1405,4487
1406,4487
1407,4487
1408,4487
1409,4487
1410,4487
1411,4487
1412,4487
1413,4487
1414,4487
1415,4487
1416,4487
1417,4487
1418,4487
1419,4487
1420,4487
1421,4487
1422,4487
1423,4487
1424,4487
1425,4487
1426,4487
1427,4487
1428,4487
1429,4487
1430,4487
1431,4487
1432,4487
1433,4487
1434,4487
1435,4487
1436,4487
1437,4487
1438,4487
1439,4487
1440,4487
1441,4487
1442,4487
1443,4487
1444,4487
1445,4487
1446,4487
1447,4487
1448,4487
1449,4487
1450,4487
1451,4487
1452,4487
1453,4487
1454,4487
1455,4487
1456,4487
1457,4487
1458,4487
1459,4487
1460,4487
1461,4487
1462,4487
1463,4487
1464,4487
1465,4487
1466,4487
1467,4487
1468,4487
1469,4487
1470,4487
1471,4487
1472,4487
1473,4487
1474,4487
1475,4487
1476,4487
1477,4487
1478,4487
1479,4487
1480,4487
1481,4487
1482,4487
1483,4487
1484,4487
1485,4487
1486,4487
1487,4487
1488,4487
1489,4487
1490,4487
1491,4487
1492,4487
1493,4487
1494,4487
1495,4487
1496,4487
1497,4487
1498,4487
1499,4487
1500,4487
1501,4487
1502,4487
1503,4487
1504,4487
1505,4487
1506,4487
1507,4487
1508,4487
1509,4487
1510,4487
1511,4487
1512,4487
1513,4487
1514,4487
1515,4487
1516,4487
1517,4487
1518,4487
1519,4487
1520,4487
1521,4487
1522,4487
1523,4487
1524,4487
1525,4487
1526,4487
1527,4487
1528,4487
1529,4487
1530,4487
1531,4487
1532,4487
1533,4487
1534,4487
1535,4487
1536,4487
1537,4487
1538,4487
1539,4487
1540,4487
1541,4487
1542,4487
1543,4487
1544,4487
1545,4487
1546,4487
1547,4487
1548,4487
1549,4487
1550,4487
1551,4487
1552,4487
1553,4487
1554,4487
1555,4487
1556,4487
1557,4487
1558,4487
1559,4487
1560,4487
1561,4487
1562,4487
1563,4487
1564,4487
1565,4487
1566,4487
1567,4487
1568,4487
1569,4487
1570,4487
1571,4487
1572,4487
1573,4487
1574,4487
1575,4487
1576,4487
1577,4487
1578,4487
1579,4487
1580,4487
1581,4487
1582,4487
1583,4487
1584,4487
1585,4487
1586,4487
1587,4487
1588,4487
1589,4487
1590,4487
1591,4487
1592,4487
1593,4487
1594,4487
1595,4487
1596,4487
1597,4487
1598,4487
1599,4487
1600,4487
1601,4487
1602,4487
1603,4487
1604,4487
1605,4487
1606,4487
1607,4487
1608,4487
1609,4487
1610,4487
1611,4487
1612,4487
1613,4487
1614,4487
1615,4487
1616,4487
1617,4487
1618,4487
1619,4487
1620,4487
1621,4487
1622,4487
1623,4487
1624,4487
1625,4487
1626,4487
1627,4487
1628,4487
1629,4487
1630,4487
1631,4487
1632,4487
1633,4487
1634,4487
1635,4487
1636,4487
1637,4487
1638,4487
1639,4487
1640,4487
1641,4487
1642,4487
1643,4487
1644,4487
1645,4487
1646,4487
1647,4487
1648,4487
1649,4487
1650,4487
1651,4487
1652,4487
1653,4487
1654,4487
1655,4487
1656,4487
1657,4487
1658,4487
1659,4487
1660,4487
1661,4487
1662,4487
1663,4487
1664,4487
1665,4487
1666,4487
1667,4487
1668,4487
1669,4487
1670,4487
1671,4487
1672,4487
1673,4487
1674,4487
1675,4487
1676,4487
1677,4487
1678,4487
1679,4487
1680,4487
1681,4487
1682,4487
1683,4487
1684,4487
1685,4487
1686,4487
1687,4487
1688,4487
1689,4487
1690,4487
1691,4487
1692,4487
1693,4487
1694,4487
1695,4487
1696,4487
1697,4487
1698,4487
1699,4487
1700,4487
1701,4487
1702,4487
1703,4487
1704,4487
1705,4487
1706,4487
1707,4487
1708,4487
1709,4487
1710,4487
1711,4487
1712,4487
1713,4487
1714,4487
1715,4487
1716,4487
1717,4487
1718,4487
1719,4487
1720,4487
1721,4487
1722,4487
1723,4487
1724,4487
1725,4487
1726,4487
1727,4487
1728,4487
1729,4487
1730,4487
1731,4487
1732,4487
1733,4487
1734,4487
1735,4487
1736,4487
1737,4487
1738,4487
1739,4487
1740,4487
1741,4487
1742,4487
1743,4487
1744,4487
1745,4487
1746,4487
1747,4487
1748,4487
1749,4487
1750,4487
1751,4487
1752,4487
1753,4487
1754,4487
1755,4487
1756,4487
1757,4487
1758,4487
1759,4487
1760,4487
1761,4487
1762,4487
1763,4487
1764,4487
1765,4487
1766,4487
1767,4487
1768,4487
1769,4487
1770,4487
1771,4487
1772,4487
1773,4487
1774,4487
1775,4487
1776,4487
1777,4487
1778,4487
1779,4487
1780,4487
1781,4487
1782,4487
1783,4487
1784,4487
1785,4487
1786,4487
1787,4487
1788,4487
1789,4487
1790,4487
1791,4487
1792,4487
1793,4487
1794,4487
1795,4487
1796,4487
1797,4487
1798,4487
1799,4487
1800,4487
1801,4487
1802,4487
1803,4487
1804,4487
1805,4487
1806,4487
1807,4487
1808,4487
1809,4487
1810,4487
1811,4487
1812,4487
1813,4487
1814,4487
1815,4487
1816,4487
1817,4487
1818,4487
1819,4487
1820,4487
1821,4487
1822,4487
1823,4487
1824,4487
1825,4487
1826,4487
1827,4487
1828,4487
1829,4487
1830,4487
1831,4487
1832,4487
1833,4487
1834,4487
1835,4487
1836,4487
1837,4487
1838,4487
1839,4487
1840,4487
1841,4487
1842,4487
1843,4487
1844,4487
1845,4487
1846,4487
1847,4487
1848,4487
1849,4487
1850,4487
1851,4487
1852,4487
1853,4487
1854,4487
1855,4487
1856,4487
1857,4487
1858,4487
1859,4487
1860,4487
1861,4487
1862,4487
1863,4487
1864,4487
1865,4487
1866,4487
1867,4487
1868,4487
1869,4487
1870,4487
1871,4487
1872,4487
1873,4487
1874,4487
1875,4487
1876,4487
1877,4487
1878,4487
1879,4487
1880,4487
1881,4487
1882,4487
1883,4487
1884,4487
1885,4487
1886,4487
1887,4487
1888,4487
1889,4487
1890,4487
1891,4487
1892,4487
1893,4487
1894,4487
1895,4487
1896,4487
1897,4487
1898,4487
1899,4487
1900,4487
1901,4487
1902,4487
1903,4487
1904,4487
1905,4487
1906,4487
1907,4487
1908,4487
1909,4487
1910,4487
1911,4487
1912,4487
1913,4487
1914,4487
1915,4487
1916,4487
1917,4487
1918,4487
1919,4487
1920,4487
1921,4487
1922,4487
1923,4487
1924,4487
1925,4487
1926,4487
1927,4487
1928,4487
1929,4487
1930,4487
1931,4487
1932,4487
1933,4487
1934,4487
1935,4487
1936,4487
1937,4487
1938,4487
1939,4487
1940,4487
1941,4487
1942,4487
1943,4487
1944,4487
1945,4487
1946,4487
1947,4487
1948,4487
1949,4487
1950,4487
1951,4487
1952,4487
1953,4487
1954,4487
1955,4487
1956,4487
1957,4487
1958,4487
1959,4487
1960,4487
1961,4487
1962,4487
1963,4487
1964,4487
1965,4487
1966,4487
1967,4487
1968,4487
1969,4487
1970,4487
1971,4487
1972,4487
1973,4487
1974,4487
1975,4487
1976,4487
1977,4487
1978,4487
1979,4487
1980,4487
1981,4487
1982,4487
1983,4487
1984,4487
1985,4487
1986,4487
1987,4487
1988,4487
1989,4487
1990,4487
1991,4487
1992,4487
1993,4487
1994,4487
1995,4487
1996,4487
1997,4487
1998,4487
1999,4487
2000,4487
2001,4487
2002,4487
2003,4487
2004,4487
2005,4487
2006,4487
2007,4487
2008,4487
2009,4487
2010,4487
2011,4487
2012,4487
2013,4487
2014,4487
2015,4487
2016,4487
2017,4487
2018,4487
2019,4487
2020,4487
2021,4487
2022,4487
2023,4487
2024,4487
2025,4487
2026,4487
2027,4487
2028,4487
2029,4487
2030,4487
2031,4487
2032,4487
2033,4487
2034,4487
2035,4487
2036,4487
2037,4487
2038,4487
2039,4487
2040,4487
2041,4487
2042,4487
2043,4487
2044,4487
2045,4487
2046,4487
2047,4487
2048,4487
2049,4487
2050,4487
2051,4487
2052,4487
2053,4487
2054,4487
2055,4487
2056,4487
2057,4487
2058,4487
2059,4487
2060,4487
2061,4487
2062,4487
2063,4487
2064,4487
2065,4487
2066,4487
2067,4487
2068,4487
2069,4487
2070,4487
2071,4487
2072,4487
2073,4487
2074,4487
2075,4487
2076,4487
2077,4487
2078,4487
2079,4487
2080,4487
2081,4487
2082,4487
2083,4487
2084,4487
2085,4487
2086,4487
2087,4487
2088,4487
2089,4487
2090,4487
2091,4487
2092,4487
2093,4487
2094,4487
2095,4487
2096,4487
2097,4487
2098,4487
2099,4487
2100,4487
2101,4487
2102,4487
2103,4487
2104,4487
2105,4487
2106,4487
2107,4487
2108,4487
2109,4487
2110,4487
2111,4487
2112,4487
2113,4487
2114,4487
2115,4487
2116,4487
2117,4487
2118,4487
2119,4487
2120,4487
2121,4487
2122,4487
2123,4487
2124,4487
2125,4487
2126,4487
2127,4487
2128,4487
2129,4487
2130,4487
2131,4487
2132,4487
2133,4487
2134,4487
2135,4487
2136,4487
2137,4487
2138,4487
2139,4487
2140,4487
2141,4487
2142,4487
2143,4487
2144,4487
2145,4487
2146,4487
2147,4487
2148,4487
2149,4487
2150,4487
2151,4487
2152,4487
2153,4487
2154,4487
2155,4487
2156,4487
2157,4487
2158,4487
2159,4487
2160,4487
2161,4487
2162,4487
2163,4487
2164,4487
2165,4487
2166,4487
2167,4487
2168,4487
2169,4487
2170,4487
2171,4487
2172,4487
2173,4487
2174,4487
2175,4487
2176,4487
2177,4487
2178,4487
2179,4487
2180,4487
2181,4487
2182,4487
2183,4487
2184,4487
2185,4487
2186,4487
2187,4487
2188,4487
2189,4487
2190,4487
2191,4487
2192,4487
2193,4487
2194,4487
2195,4487
2196,4487
2197,4487
2198,4487
2199,4487
2200,4487
2201,4487
2202,4487
2203,4487
2204,4487
2205,4487
2206,4487
2207,4487
2208,4487
2209,4487
2210,4487
2211,4487
2212,4487
2213,4487
2214,4487
2215,4487
2216,4487
2217,4487
2218,4487
2219,4487
2220,4487
2221,4487
2222,4487
2223,4487
2224,4487
2225,4487
2226,4487
2227,4487
2228,4487
2229,4487
2230,4487
2231,4487
2232,4487
2233,4487
2234,4487
2235,4487
2236,4487
2237,4487
2238,4487
2239,4487
2240,4487
2241,4487
2242,4487
2243,4487
2244,4487
2245,4487
2246,4487
2247,4487
2248,4487
2249,4487
2250,4487
2251,4487
2252,4487
2253,4487
2254,4487
2255,4487
2256,4487
2257,4487
2258,4487
2259,4487
2260,4487
2261,4487
2262,4487
2263,4487
2264,4487
2265,4487
2266,4487
2267,4487
2268,4487
2269,4487
2270,4487
2271,4487
2272,4487
2273,4487
2274,4487
2275,4487
2276,4487
2277,4487
2278,4487
2279,4487
2280,4487
2281,4487
2282,4487
2283,4487
2284,4487
2285,4487
2286,4487
2287,4487
2288,4487
2289,4487
2290,4487
2291,4487
2292,4487
2293,4487
2294,4487
2295,4487
2296,4487
2297,4487
2298,4487
2299,4487
2300,4487
2301,4487
2302,4487
2303,4487
2304,4487
2305,4487
2306,4487
2307,4487
2308,4487
2309,4487
2310,4487
2311,4487
2312,4487
2313,4487
2314,4487
2315,4487
2316,4487
2317,4487
2318,4487
2319,4487
2320,4487
2321,4487
2322,4487
2323,4487
2324,4487
2325,4487
2326,4487
2327,4487
2328,4487
2329,4487
2330,4487
2331,4487
2332,4487
2333,4487
2334,4487
2335,4487
2336,4487
2337,4487
2338,4487
2339,4487
2340,4487
2341,4487
2342,4487
2343,4487
2344,4487
2345,4487
2346,4487
2347,4487
2348,4487
2349,4487
2350,4487
2351,4487
2352,4487
2353,4487
2354,4487
2355,4487
2356,4487
2357,4487
2358,4487
2359,4487
2360,4487
2361,4487
2362,4487
2363,4487
2364,4487
2365,4487
2366,4487
2367,4487
2368,4487
2369,4487
2370,4487
2371,4487
2372,4487
2373,4487
2374,4487
2375,4487
2376,4487
2377,4487
2378,4487
2379,4487
2380,4487
2381,4487
2382,4487
2383,4487
2384,4487
2385,4487
2386,4487
2387,4487
2388,4487
2389,4487
2390,4487
2391,4487
2392,4487
2393,4487
2394,4487
2395,4487
2396,4487
2397,4487
2398,4487
2399,4487
2400,4487
2401,4487
2402,4487
2403,4487
2404,4487
2405,4487
2406,4487
2407,4487
2408,4487
2409,4487
2410,4487
2411,4487
2412,4487
2413,4487
2414,4487
2415,4487
2416,4487
2417,4487
2418,4487
2419,4487
2420,4487
2421,4487
2422,4487
2423,4487
2424,4487
2425,4487
2426,4487
2427,4487
2428,4487
2429,4487
2430,4487
2431,4487
2432,4487
2433,4487
2434,4487
2435,4487
2436,4487
2437,4487
2438,4487
2439,4487
2440,4487
2441,4487
2442,4487
2443,4487
2444,4487
2445,4487
2446,4487
2447,4487
2448,4487
2449,4487
2450,4487
2451,4487
2452,4487
2453,4487
2454,4487
2455,4487
2456,4487
2457,4487
2458,4487
2459,4487
2460,4487
2461,4487
2462,4487
2463,4487
2464,4487
2465,4487
2466,4487
2467,4487
2468,4487
2469,4487
2470,4487
2471,4487
2472,4487
2473,4487
2474,4487
2475,4487
2476,4487
2477,4487
2478,4487
2479,4487
2480,4487
2481,4487
2482,4487
2483,4487
2484,4487
2485,4487
2486,4487
2487,4487
2488,4487
2489,4487
2490,4487
2491,4487
2492,4487
2493,4487
2494,4487
2495,4487
2496,4487
2497,4487
2498,4487
2499,4487
2500,4487
2501,4487
2502,4487
2503,4487
2504,4487
2505,4487
2506,4487
2507,4487
2508,4487
2509,4487
2510,4487
2511,4487
2512,4487
2513,4487
2514,4487
2515,4487
2516,4487
2517,4487
2518,4487
2519,4487
2520,4487
2521,4487
2522,4487
2523,4487
2524,4487
2525,4487
2526,4487
2527,4487
2528,4487
2529,4487
2530,4487
2531,4487
2532,4487
2533,4487
2534,4487
2535,4487
2536,4487
2537,4487
2538,4487
2539,4487
2540,4487
2541,4487
2542,4487
2543,4487
2544,4487
2545,4487
2546,4487
2547,4487
2548,4487
2549,4487
2550,4487
2551,4487
2552,4487
2553,4487
2554,4487
2555,4487
2556,4487
2557,4487
2558,4487
2559,4487
2560,4487
2561,4487
2562,4487
2563,4487
2564,4487
2565,4487
2566,4487
2567,4487
2568,4487
2569,4487
2570,4487
2571,4487
2572,4487
2573,4487
2574,4487
2575,4487
2576,4487
2577,4487
2578,4487
2579,4487
2580,4487
2581,4487
2582,4487
2583,4487
2584,4487
2585,4487
2586,4487
2587,4487
2588,4487
2589,4487
2590,4487
2591,4487
2592,4487
2593,4487
2594,4487
2595,4487
2596,4487
2597,4487
2598,4487
2599,4487
2600,4487
2601,4487
2602,4487
2603,4487
2604,4487
2605,4487
2606,4487
2607,4487
2608,4487
2609,4487
2610,4487
2611,4487
2612,4487
2613,4487
2614,4487
2615,4487
2616,4487
2617,4487
2618,4487
2619,4487
2620,4487
2621,4487
2622,4487
2623,4487
2624,4487
2625,4487
2626,4487
2627,4487
2628,4487
2629,4487
2630,4487
2631,4487
2632,4487
2633,4487
2634,4487
2635,4487
2636,4487
2637,4487
2638,4487
2639,4487
2640,4487
2641,4487
2642,4487
2643,4487
2644,4487
2645,4487
2646,4487
2647,4487
2648,4487
2649,4487
2650,4487
2651,4487
2652,4487
2653,4487
2654,4487
2655,4487
2656,4487
2657,4487
2658,4487
2659,4487
2660,4487
2661,4487
2662,4487
2663,4487
2664,4487
2665,4487
2666,4487
2667,4487
2668,4487
2669,4487
2670,4487
2671,4487
2672,4487
2673,4487
2674,4487
2675,4487
2676,4487
2677,4487
2678,4487
2679,4487
2680,4487
2681,4487
2682,4487
2683,4487
2684,4487
2685,4487
2686,4487
2687,4487
2688,4487
2689,4487
2690,4487
2691,4487
2692,4487
2693,4487
2694,4487
2695,4487
2696,4487
2697,4487
2698,4487
2699,4487
2700,4487
2701,4487
2702,4487
2703,4487
2704,4487
2705,4487
2706,4487
2707,4487
2708,4487
2709,4487
2710,4487
2711,4487
2712,4487
2713,4487
2714,4487
2715,4487
2716,4487
2717,4487
2718,4487
2719,4487
2720,4487
2721,4487
2722,4487
2723,4487
2724,4487
2725,4487
2726,4487
2727,4487
2728,4487
2729,4487
2730,4487
2731,4487
2732,4487
2733,4487
2734,4487
2735,4487
2736,4487
2737,4487
2738,4487
2739,4487
2740,4487
2741,4487
2742,4487
2743,4487
2744,4487
2745,4487
2746,4487
2747,4487
2748,4487
2749,4487
2750,4487
2751,4487
2752,4487
2753,4487
2754,4487
2755,4487
2756,4487
2757,4487
2758,4487
2759,4487
2760,4487
2761,4487
2762,4487
2763,4487
2764,4487
2765,4487
2766,4487
2767,4487
2768,4487
2769,4487
2770,4487
2771,4487
2772,4487
2773,4487
2774,4487
2775,4487
2776,4487
2777,4487
2778,4487
2779,4487
2780,4487
2781,4487
2782,4487
2783,4487
2784,4487
2785,4487
2786,4487
2787,4487
2788,4487
2789,4487
2790,4487
2791,4487
2792,4487
2793,4487
2794,4487
2795,4487
2796,4487
2797,4487
2798,4487
2799,4487
2800,4487
2801,4487
2802,4487
2803,4487
2804,4487
2805,4487
2806,4487
2807,4487
2808,4487
2809,4487
2810,4487
2811,4487
2812,4487
2813,4487
2814,4487
2815,4487
2816,4487
2817,4487
2818,4487
2819,4487
2820,4487
2821,4487
2822,4487
2823,4487
2824,4487
2825,4487
2826,4487
2827,4487
2828,4487
2829,4487
2830,4487
2831,4487
2832,4487
2833,4487
2834,4487
2835,4487
2836,4487
2837,4487
2838,4487
2839,4487
2840,4487
2841,4487
2842,4487
2843,4487
2844,4487
2845,4487
2846,4487
2847,4487
2848,4487
2849,4487
2850,4487
2851,4487
2852,4487
2853,4487
2854,4487
2855,4487
2856,4487
2857,4487
2858,4487
2859,4487
2860,4487
2861,4487
2862,4487
2863,4487
2864,4487
2865,4487
2866,4487
2867,4487
2868,4487
2869,4487
2870,4487
2871,4487
2872,4487
2873,4487
2874,4487
2875,4487
2876,4487
2877,4487
2878,4487
2879,4487
2880,4487
2881,4487
2882,4487
2883,4487
2884,4487
2885,4487
2886,4487
2887,4487
2888,4487
2889,4487
2890,4487
2891,4487
2892,4487
2893,4487
2894,4487
2895,4487
2896,4487
2897,4487
2898,4487
2899,4487
2900,4487
2901,4487
2902,4487
2903,4487
2904,4487
2905,4487
2906,4487
2907,4487
2908,4487
2909,4487
2910,4487
2911,4487
2912,4487
2913,4487
2914,4487
2915,4487
2916,4487
2917,4487
2918,4487
2919,4487
2920,4487
2921,4487
2922,4487
2923,4487
2924,4487
2925,4487
2926,4487
2927,4487
2928,4487
2929,4487
2930,4487
2931,4487
2932,4487
2933,4487
2934,4487
2935,4487
2936,4487
2937,4487
2938,4487
2939,4487
2940,4487
2941,4487
2942,4487
2943,4487
2944,4487
2945,4487
2946,4487
2947,4487
2948,4487
2949,4487
2950,4487
2951,4487
2952,4487
2953,4487
2954,4487
2955,4487
2956,4487
2957,4487
2958,4487
2959,4487
2960,4487
2961,4487
2962,4487
2963,4487
2964,4487
2965,4487
2966,4487
2967,4487
2968,4487
2969,4487
2970,4487
2971,4487
2972,4487
2973,4487
2974,4487
2975,4487
2976,4487
2977,4487
2978,4487
2979,4487
2980,4487
2981,4487
2982,4487
2983,4487
2984,4487
2985,4487
2986,4487
2987,4487
2988,4487
2989,4487
2990,4487
2991,4487
2992,4487
2993,4487
2994,4487
2995,4487
2996,4487
2997,4487
2998,4487
2999,4487
3000,4487
3001,4487
3002,4487
3003,4487
3004,4487
3005,4487
3006,4487
3007,4487
3008,4487
3009,4487
3010,4487
3011,4487
3012,4487
3013,4487
3014,4487
3015,4487
3016,4487
3017,4487
3018,4487
3019,4487
3020,4487
3021,4487
3022,4487
3023,4487
3024,4487
3025,4487
3026,4487
3027,4487
3028,4487
3029,4487
3030,4487
3031,4487
3032,4487
3033,4487
3034,4487
3035,4487
3036,4487
3037,4487
3038,4487
3039,4487
3040,4487
3041,4487
3042,4487
3043,4487
3044,4487
3045,4487
3046,4487
3047,4487
3048,4487
3049,4487
3050,4487
3051,4487
3052,4487
3053,4487
3054,4487
3055,4487
3056,4487
3057,4487
3058,4487
3059,4487
3060,4487
3061,4487
3062,4487
3063,4487
3064,4487
3065,4487
3066,4487
3067,4487
3068,4487
3069,4487
3070,4487
3071,4487
3072,4487
3073,4487
3074,4487
3075,4487
3076,4487
3077,4487
3078,4487
3079,4487
3080,4487
3081,4487
3082,4487
3083,4487
3084,4487
3085,4487
3086,4487
3087,4487
3088,4487
3089,4487
3090,4487
3091,4487
3092,4487
3093,4487
3094,4487
3095,4487
3096,4487
3097,4487
3098,4487
3099,4487
3100,4487
3101,4487
3102,4487
3103,4487
3104,4487
3105,4487
3106,4487
3107,4487
3108,4487
3109,4487
3110,4487
3111,4487
3112,4487
3113,4487
3114,4487
3115,4487
3116,4487
3117,4487
3118,4487
3119,4487
3120,4487
3121,4487
3122,4487
3123,4487
3124,4487
3125,4487
3126,4487
3127,4487
3128,4487
3129,4487
3130,4487
3131,4487
3132,4487
3133,4487
3134,4487
3135,4487
3136,4487
3137,4487
3138,4487
3139,4487
3140,4487
3141,4487
3142,4487
3143,4487
3144,4487
3145,4487
3146,4487
3147,4487
3148,4487
3149,4487
3150,4487
3151,4487
3152,4487
3153,4487
3154,4487
3155,4487
3156,4487
3157,4487
3158,4487
3159,4487
3160,4487
3161,4487
3162,4487
3163,4487
3164,4487
3165,4487
3166,4487
3167,4487
3168,4487
3169,4487
3170,4487
3171,4487
3172,4487
3173,4487
3174,4487
3175,4487
3176,4487
3177,4487
3178,4487
3179,4487
3180,4487
3181,4487
3182,4487
3183,4487
3184,4487
3185,4487
3186,4487
3187,4487
3188,4487
3189,4487
3190,4487
3191,4487
3192,4487
3193,4487
3194,4487
3195,4487
3196,4487
3197,4487
3198,4487
3199,4487
3200,4487
3201,4487
3202,4487
3203,4487
3204,4487
3205,4487
3206,4487
3207,4487
3208,4487
3209,4487
3210,4487
3211,4487
3212,4487
3213,4487
3214,4487
3215,4487
3216,4487
3217,4487
3218,4487
3219,4487
3220,4487
3221,4487
3222,4487
3223,4487
3224,4487
3225,4487
3226,4487
3227,4487
3228,4487
3229,4487
3230,4487
3231,4487
3232,4487
3233,4487
3234,4487
3235,4487
3236,4487
3237,4487
3238,4487
3239,4487
3240,4487
3241,4487
3242,4487
3243,4487
3244,4487
3245,4487
3246,4487
3247,4487
3248,4487
3249,4487
3250,4487
3251,4487
3252,4487
3253,4487
3254,4487
3255,4487
3256,4487
3257,4487
3258,4487
3259,4487
3260,4487
3261,4487
3262,4487
3263,4487
3264,4487
3265,4487
3266,4487
3267,4487
3268,4487
3269,4487
3270,4487
3271,4487
3272,4487
3273,4487
3274,4487
3275,4487
3276,4487
3277,4487
3278,4487
3279,4487
3280,4487
3281,4487
3282,4487
3283,4487
3284,4487
3285,4487
3286,4487
3287,4487
3288,4487
3289,4487
3290,4487
3291,4487
3292,4487
3293,4487
3294,4487
3295,4487
3296,4487
3297,4487
3298,4487
3299,4487
3300,4487
3301,4487
3302,4487
3303,4487
3304,4487
3305,4487
3306,4487
3307,4487
3308,4487
3309,4487
3310,4487
3311,4487
3312,4487
3313,4487
3314,4487
3315,4487
3316,4487
3317,4487
3318,4487
3319,4487
3320,4487
3321,4487
3322,4487
3323,4487
3324,4487
3325,4487
3326,4487
3327,4487
3328,4487
3329,4487
3330,4487
3331,4487
3332,4487
3333,4487
3334,4487
3335,4487
3336,4487
3337,4487
3338,4487
3339,4487
3340,4487
3341,4487
3342,4487
3343,4487
3344,4487
3345,4487
3346,4487
3347,4487
3348,4487
3349,4487
3350,4487
3351,4487
3352,4487
3353,4487
3354,4487
3355,4487
3356,4487
3357,4487
3358,4487
3359,4487
3360,4487
3361,4487
3362,4487
3363,4487
3364,4487
3365,4487
3366,4487
3367,4487
3368,4487
3369,4487
3370,4487
3371,4487
3372,4487
3373,4487
3374,4487
3375,4487
3376,4487
3377,4487
3378,4487
3379,4487
3380,4487
3381,4487
3382,4487
3383,4487
3384,4487
3385,4487
3386,4487
3387,4487
3388,4487
3389,4487
3390,4487
3391,4487
3392,4487
3393,4487
3394,4487
3395,4487
3396,4487
3397,4487
3398,4487
3399,4487
3400,4487
3401,4487
3402,4487
3403,4487
3404,4487
3405,4487
3406,4487
3407,4487
3408,4487
3409,4487
3410,4487
3411,4487
3412,4487
3413,4487
3414,4487
3415,4487
3416,4487
3417,4487
3418,4487
3419,4487
3420,4487
3421,4487
3422,4487
3423,4487
3424,4487
3425,4487
3426,4487
3427,4487
3428,4487
3429,4487
3430,4487
3431,4487
3432,4487
3433,4487
3434,4487
3435,4487
3436,4487
3437,4487
3438,4487
3439,4487
3440,4487
3441,4487
3442,4487
3443,4487
3444,4487
3445,4487
3446,4487
3447,4487
3448,4487
3449,4487
3450,4487
3451,4487
3452,4487
3453,4487
3454,4487
3455,4487
3456,4487
3457,4487
3458,4487
3459,4487
3460,4487
3461,4487
3462,4487
3463,4487
3464,4487
3465,4487
3466,4487
3467,4487
3468,4487
3469,4487
3470,4487
3471,4487
3472,4487
3473,4487
3474,4487
3475,4487
3476,4487
3477,4487
3478,4487
3479,4487
3480,4487
3481,4487
3482,4487
3483,4487
3484,4487
3485,4487
3486,4487
3487,4487
3488,4487
3489,4487
3490,4487
3491,4487
3492,4487
3493,4487
3494,4487
3495,4487
3496,4487
3497,4487
3498,4487
3499,4487
3500,4487
3501,4487
3502,4487
3503,4487
3504,4487
3505,4487
3506,4487
3507,4487
3508,4487
3509,4487
3510,4487
3511,4487
3512,4487
3513,4487
3514,4487
3515,4487
3516,4487
3517,4487
3518,4487
3519,4487
3520,4487
3521,4487
3522,4487
3523,4487
3524,4487
3525,4487
3526,4487
3527,4487
3528,4487
3529,4487
3530,4487
3531,4487
3532,4487
3533,4487
3534,4487
3535,4487
3536,4487
3537,4487
3538,4487
3539,4487
3540,4487
3541,4487
3542,4487
3543,4487
3544,4487
3545,4487
3546,4487
3547,4487
3548,4487
3549,4487
3550,4487
3551,4487
3552,4487
3553,4487
3554,4487
3555,4487
3556,4487
3557,4487
3558,4487
3559,4487
3560,4487
3561,4487
3562,4487
3563,4487
3564,4487
3565,4487
3566,4487
3567,4487
3568,4487
3569,4487
3570,4487
3571,4487
3572,4487
3573,4487
3574,4487
3575,4487
3576,4487
3577,4487
3578,4487
3579,4487
3580,4487
3581,4487
3582,4487
3583,4487
3584,4487
3585,4487
3586,4487
3587,4487
3588,4487
3589,4487
3590,4487
3591,4487
3592,4487
3593,4487
3594,4487
3595,4487
3596,4487
3597,4487
3598,4487
3599,4487
3600,4487
3601,4487
3602,4487
3603,4487
3604,4487
3605,4487
3606,4487
3607,4487
3608,4487
3609,4487
3610,4487
3611,4487
3612,4487
3613,4487
3614,4487
3615,4487
3616,4487
3617,4487
3618,4487
3619,4487
3620,4487
3621,4487
3622,4487
3623,4487
3624,4487
3625,4487
3626,4487
3627,4487
3628,4487
3629,4487
3630,4487
3631,4487
3632,4487
3633,4487
3634,4487
3635,4487
3636,4487
3637,4487
3638,4487
3639,4487
3640,4487
3641,4487
3642,4487
3643,4487
3644,4487
3645,4487
3646,4487
3647,4487
3648,4487
3649,4487
3650,4487
3651,4487
3652,4487
3653,4487
3654,4487
3655,4487
3656,4487
3657,4487
3658,4487
3659,4487
3660,4487
3661,4487
3662,4487
3663,4487
3664,4487
3665,4487
3666,4487
3667,4487
3668,4487
3669,4487
3670,4487
3671,4487
3672,4487
3673,4487
3674,4487
3675,4487
3676,4487
3677,4487
3678,4487
3679,4487
3680,4487
3681,4487
3682,4487
3683,4487
3684,4487
3685,4487
3686,4487
3687,4487
3688,4487
3689,4487
3690,4487
3691,4487
3692,4487
3693,4487
3694,4487
3695,4487
3696,4487
3697,4487
3698,4487
3699,4487
3700,4487
3701,4487
3702,4487
3703,4487
3704,4487
3705,4487
3706,4487
3707,4487
3708,4487
3709,4487
3710,4487
3711,4487
3712,4487
3713,4487
3714,4487
3715,4487
3716,4487
3717,4487
3718,4487
3719,4487
3720,4487
3721,4487
3722,4487
3723,4487
3724,4487
3725,4487
3726,4487
3727,4487
3728,4487
3729,4487
3730,4487
3731,4487
3732,4487
3733,4487
3734,4487
3735,4487
3736,4487
3737,4487
3738,4487
3739,4487
3740,4487
3741,4487
3742,4487
3743,4487
3744,4487
3745,4487
3746,4487
3747,4487
3748,4487
3749,4487
3750,4487
3751,4487
3752,4487
3753,4487
3754,4487
3755,4487
3756,4487
3757,4487
3758,4487
3759,4487
3760,4487
3761,4487
3762,4487
3763,4487
3764,4487
3765,4487
3766,4487
3767,4487
3768,4487
3769,4487
3770,4487
3771,4487
3772,4487
3773,4487
3774,4487
3775,4487
3776,4487
3777,4487
3778,4487
3779,4487
3780,4487
3781,4487
3782,4487
3783,4487
3784,4487
3785,4487
3786,4487
3787,4487
3788,4487
3789,4487
3790,4487
3791,4487
3792,4487
3793,4487
3794,4487
3795,4487
3796,4487
3797,4487
3798,4487
3799,4487
3800,4487
3801,4487
3802,4487
3803,4487
3804,4487
3805,4487
3806,4487
3807,4487
3808,4487
3809,4487
3810,4487
3811,4487
3812,4487
3813,4487
3814,4487
3815,4487
3816,4487
3817,4487
3818,4487
3819,4487
3820,4487
3821,4487
3822,4487
3823,4487
3824,4487
3825,4487
3826,4487
3827,4487
3828,4487
3829,4487
3830,4487
3831,4487
3832,4487
3833,4487
3834,4487
3835,4487
3836,4487
3837,4487
3838,4487
3839,4487
3840,4487
3841,4487
3842,4487
3843,4487
3844,4487
3845,4487
3846,4487
3847,4487
3848,4487
3849,4487
3850,4487
3851,4487
3852,4487
3853,4487
3854,4487
3855,4487
3856,4487
3857,4487
3858,4487
3859,4487
3860,4487
3861,4487
3862,4487
3863,4487
3864,4487
3865,4487
3866,4487
3867,4487
3868,4487
3869,4487
3870,4487
3871,4487
3872,4487
3873,4487
3874,4487
3875,4487
3876,4487
3877,4487
3878,4487
3879,4487
3880,4487
3881,4487
3882,4487
3883,4487
3884,4487
3885,4487
3886,4487
3887,4487
3888,4487
3889,4487
3890,4487
3891,4487
3892,4487
3893,4487
3894,4487
3895,4487
3896,4487
3897,4487
3898,4487
3899,4487
3900,4487
3901,4487
3902,4487
3903,4487
3904,4487
3905,4487
3906,4487
3907,4487
3908,4487
3909,4487
3910,4487
3911,4487
3912,4487
3913,4487
3914,4487
3915,4487
3916,4487
3917,4487
3918,4487
3919,4487
3920,4487
3921,4487
3922,4487
3923,4487
3924,4487
3925,4487
3926,4487
3927,4487
3928,4487
3929,4487
3930,4487
3931,4487
3932,4487
3933,4487
3934,4487
3935,4487
3936,4487
3937,4487
3938,4487
3939,4487
3940,4487
3941,4487
3942,4487
3943,4487
3944,4487
3945,4487
3946,4487
3947,4487
3948,4487
3949,4487
3950,4487
3951,4487
3952,4487
3953,4487
3954,4487
3955,4487
3956,4487
3957,4487
3958,4487
3959,4487
3960,4487
3961,4487
3962,4487
3963,4487
3964,4487
3965,4487
3966,4487
3967,4487
3968,4487
3969,4487
3970,4487
3971,4487
3972,4487
3973,4487
3974,4487
3975,4487
3976,4487
3977,4487
3978,4487
3979,4487
3980,4487
3981,4487
3982,4487
3983,4487
3984,4487
3985,4487
3986,4487
3987,4487
3988,4487
3989,4487
3990,4487
3991,4487
3992,4487
3993,4487
3994,4487
3995,4487
3996,4487
3997,4487
3998,4487
3999,4487
4000,4487
4001,4487
4002,4487
4003,4487
4004,4487
4005,4487
4006,4487
4007,4487
4008,4487
4009,4487
4010,4487
4011,4487
4012,4487
4013,4487
4014,4487
4015,4487
4016,4487
4017,4487
4018,4487
4019,4487
4020,4487
4021,4487
4022,4487
4023,4487
4024,4487
4025,4487
4026,4487
4027,4487
4028,4487
4029,4487
4030,4487
4031,4487
4032,4487
4033,4487
4034,4487
4035,4487
4036,4487
4037,4487
4038,4487
4039,4487
4040,4487
4041,4487
4042,4487
4043,4487
4044,4487
4045,4487
4046,4487
4047,4487
4048,4487
4049,4487
4050,4487
4051,4487
4052,4487
4053,4487
4054,4487
4055,4487
4056,4487
4057,4487
4058,4487
4059,4487
4060,4487
4061,4487
4062,4487
4063,4487
4064,4487
4065,4487
4066,4487
4067,4487
4068,4487
4069,4487
4070,4487
4071,4487
4072,4487
4073,4487
4074,4487
4075,4487
4076,4487
4077,4487
4078,4487
4079,4487
4080,4487
4081,4487
4082,4487
4083,4487
4084,4487
4085,4487
4086,4487
4087,4487
4088,4487
4089,4487
4090,4487
4091,4487
4092,4487
4093,4487
4094,4487
4095,4487
4096,4487
4097,4487
4098,4487
4099,4487
4100,4487
4101,4487
4102,4487
4103,4487
4104,4487
4105,4487
4106,4487
4107,4487
4108,4487
4109,4487
4110,4487
4111,4487
4112,4487
4113,4487
4114,4487
4115,4487
4116,4487
4117,4487
4118,4487
4119,4487
4120,4487
4121,4487
4122,4487
4123,4487
4124,4487
4125,4487
4126,4487
4127,4487
4128,4487
4129,4487
4130,4487
4131,4487
4132,4487
4133,4487
4134,4487
4135,4487
4136,4487
4137,4487
4138,4487
4139,4487
4140,4487
4141,4487
4142,4487
4143,4487
4144,4487
4145,4487
4146,4487
4147,4487
4148,4487
4149,4487
4150,4487
4151,4487
4152,4487
4153,4487
4154,4487
4155,4487
4156,4487
4157,4487
4158,4487
4159,4487
4160,4487
4161,4487
4162,4487
4163,4487
4164,4487
4165,4487
4166,4487
4167,4487
4168,4487
4169,4487
4170,4487
4171,4487
4172,4487
4173,4487
4174,4487
4175,4487
4176,4487
4177,4487
4178,4487
4179,4487
4180,4487
4181,4487
4182,4487
4183,4487
4184,4487
4185,4487
4186,4487
4187,4487
4188,4487
4189,4487
4190,4487
4191,4487
4192,4487
4193,4487
4194,4487
4195,4487
4196,4487
4197,4487
4198,4487
4199,4487
4200,4487
4201,4487
4202,4487
4203,4487
4204,4487
4205,4487
4206,4487
4207,4487
4208,4487
4209,4487
4210,4487
4211,4487
4212,4487
4213,4487
4214,4487
4215,4487
4216,4487
4217,4487
4218,4487
4219,4487
4220,4487
4221,4487
4222,4487
4223,4487
4224,4487
4225,4487
4226,4487
4227,4487
4228,4487
4229,4487
4230,4487
4231,4487
4232,4487
4233,4487
4234,4487
4235,4487
4236,4487
4237,4487
4238,4487
4239,4487
4240,4487
4241,4487
4242,4487
4243,4487
4244,4487
4245,4487
4246,4487
4247,4487
4248,4487
4249,4487
4250,4487
4251,4487
4252,4487
4253,4487
4254,4487
4255,4487
4256,4487
4257,4487
4258,4487
4259,4487
4260,4487
4261,4487
4262,4487
4263,4487
4264,4487
4265,4487
4266,4487
4267,4487
4268,4487
4269,4487
4270,4487
4271,4487
4272,4487
4273,4487
4274,4487
4275,4487
4276,4487
4277,4487
4278,4487
4279,4487
4280,4487
4281,4487
4282,4487
4283,4487
4284,4487
4285,4487
4286,4487
4287,4487
4288,4487
4289,4487
4290,4487
4291,4487
4292,4487
4293,4487
4294,4487
4295,4487
4296,4487
4297,4487
4298,4487
4299,4487
4300,4487
4301,4487
4302,4487
4303,4487
4304,4487
4305,4487
4306,4487
4307,4487
4308,4487
4309,4487
4310,4487
4311,4487
4312,4487
4313,4487
4314,4487
4315,4487
4316,4487
4317,4487
4318,4487
4319,4487
4320,4487
4321,4487
4322,4487
4323,4487
4324,4487
4325,4487
4326,4487
4327,4487
4328,4487
4329,4487
4330,4487
4331,4487
4332,4487
4333,4487
4334,4487
4335,4487
4336,4487
4337,4487
4338,4487
4339,4487
4340,4487
4341,4487
4342,4487
4343,4487
4344,4487
4345,4487
4346,4487
4347,4487
4348,4487
4349,4487
4350,4487
4351,4487
4352,4487
4353,4487
4354,4487
4355,4487
4356,4487
4357,4487
4358,4487
4359,4487
4360,4487
4361,4487
4362,4487
4363,4487
4364,4487
4365,4487
4366,4487
4367,4487
4368,4487
4369,4487
4370,4487
4371,4487
4372,4487
4373,4487
4374,4487
4375,4487
4376,4487
4377,4487
4378,4487
4379,4487
4380,4487
4381,4487
4382,4487
4383,4487
4384,4487
4385,4487
4386,4487
4387,4487
4388,4487
4389,4487
4390,4487
4391,4487
4392,4487
4393,4487
4394,4487
4395,4487
4396,4487
4397,4487
4398,4487
4399,4487
4400,4487
4401,4487
4402,4487
4403,4487
4404,4487
4405,4487
4406,4487
4407,4487
4408,4487
4409,4487
4410,4487
4411,4487
4412,4487
4413,4487
4414,4487
4415,4487
4416,4487
4417,4487
4418,4487
4419,4487
4420,4487
4421,4487
4422,4487
4423,4487
4424,4487
4425,4487
4426,4487
4427,4487
4428,4487
4429,4487
4430,4487
4431,4487
4432,4487
4433,4487
4434,4487
4435,4487
4436,4487
4437,4487
4438,4487
4439,4487
4440,4487
4441,4487
4442,4487
4443,4487
4444,4487
4445,4487
4446,4487
4447,4487
4448,4487
4449,4487
4450,4487
4451,4487
4452,4487
4453,4487
4454,4487
4455,4487
4456,4487
4457,4487
4458,4487
4459,4487
4460,4487
4461,4487
4462,4487
4463,4487
4464,4487
4465,4487
4466,4487
4467,4487
4468,4487
4469,4487
4470,4487
4471,4487
4472,4487
4473,4487
4474,4487
4475,4487
4476,4487
4477,4487
4478,4487
4479,4487
4480,4487
4481,4487
4482,4487
4483,4487
4484,4487
4485,4487
4486,4487
4487,4487
4488,4487
4489,4487
4490,4487
4491,4487
4492,4487
4493,4487
4494,4487
4495,4487
4496,4487
4497,4487
4498,4487
4499,4487
4500,4487
4501,4487
4502,4487
4503,4487
4504,4487
4505,4487
4506,4487
4507,4487
4508,4487
4509,4487
4510,4487
4511,4487
4512,4487
4513,4487
4514,4487
4515,4487
4516,4487
4517,4487
4518,4487
4519,4487
4520,4487
4521,4487
4522,4487
4523,4487
4524,4487
4525,4487
4526,4487
4527,4487
4528,4487
4529,4487
4530,4487
4531,4487
4532,4487
4533,4487
4534,4487
4535,4487
4536,4487
4537,4487
4538,4487
4539,4487
4540,4487
4541,4487
4542,4487
4543,4487
4544,4487
4545,4487
4546,4487
4547,4487
4548,4487
4549,4487
4550,4487
4551,4487
4552,4487
4553,4487
4554,4487
4555,4487
4556,4487
4557,4487
4558,4487
4559,4487
4560,4487
4561,4487
4562,4487
4563,4487
4564,4487
4565,4487
4566,4487
4567,4487
4568,4487
4569,4487
4570,4487
4571,4487
4572,4487
4573,4487
4574,4487
4575,4487
4576,4487
4577,4487
4578,4487
4579,4487
4580,4487
4581,4487
4582,4487
4583,4487
4584,4487
4585,4487
4586,4487
4587,4487
4588,4487
4589,4487
4590,4487
4591,4487
4592,4487
4593,4487
4594,4487
4595,4487
4596,4487
4597,4487
4598,4487
4599,4487
4600,4487
4601,4487
4602,4487
4603,4487
4604,4487
4605,4487
4606,4487
4607,4487
4608,4487
4609,4487
4610,4487
4611,4487
4612,4487
4613,4487
4614,4487
4615,4487
4616,4487
4617,4487
4618,4487
4619,4487
4620,4487
4621,4487
4622,4487
4623,4487
4624,4487
4625,4487
4626,4487
4627,4487
4628,4487
4629,4487
4630,4487
4631,4487
4632,4487
4633,4487
4634,4487
4635,4487
4636,4487
4637,4487
4638,4487
4639,4487
4640,4487
4641,4487
4642,4487
4643,4487
4644,4487
4645,4487
4646,4487
4647,4487
4648,4487
4649,4487
4650,4487
4651,4487
4652,4487
4653,4487
4654,4487
4655,4487
4656,4487
4657,4487
4658,4487
4659,4487
4660,4487
4661,4487
4662,4487
4663,4487
4664,4487
4665,4487
4666,4487
4667,4487
4668,4487
4669,4487
4670,4487
4671,4487
4672,4487
4673,4487
4674,4487
4675,4487
4676,4487
4677,4487
4678,4487
4679,4487
4680,4487
4681,4487
4682,4487
4683,4487
4684,4487
4685,4487
4686,4487
4687,4487
4688,4487
4689,4487
4690,4487
4691,4487
4692,4487
4693,4487
4694,4487
4695,4487
4696,4487
4697,4487
4698,4487
4699,4487
4700,4487
4701,4487
4702,4487
4703,4487
4704,4487
4705,4487
4706,4487
4707,4487
4708,4487
4709,4487
4710,4487
4711,4487
4712,4487
4713,4487
4714,4487
4715,4487
4716,4487
4717,4487
4718,4487
4719,4487
4720,4487
4721,4487
4722,4487
4723,4487
4724,4487
4725,4487
4726,4487
4727,4487
4728,4487
4729,4487
4730,4487
4731,4487
4732,4487
4733,4487
4734,4487
4735,4487
4736,4487
4737,4487
4738,4487
4739,4487
4740,4487
4741,4487
4742,4487
4743,4487
4744,4487
4745,4487
4746,4487
4747,4487
4748,4487
4749,4487
4750,4487
4751,4487
4752,4487
4753,4487
4754,4487
4755,4487
4756,4487
4757,4487
4758,4487
4759,4487
4760,4487
4761,4487
4762,4487
4763,4487
4764,4487
4765,4487
4766,4487
4767,4487
4768,4487
4769,4487
4770,4487
4771,4487
4772,4487
4773,4487
4774,4487
4775,4487
4776,4487
4777,4487
4778,4487
4779,4487
4780,4487
4781,4487
4782,4487
4783,4487
4784,4487
4785,4487
4786,4487
4787,4487
4788,4487
4789,4487
4790,4487
4791,4487
4792,4487
4793,4487
4794,4487
4795,4487
4796,4487
4797,4487
4798,4487
4799,4487
4800,4487
4801,4487
4802,4487
4803,4487
4804,4487
4805,4487
4806,4487
4807,4487
4808,4487
4809,4487
4810,4487
4811,4487
4812,4487
4813,4487
4814,4487
4815,4487
4816,4487
4817,4487
4818,4487
4819,4487
4820,4487
4821,4487
4822,4487
4823,4487
4824,4487
4825,4487
4826,4487
4827,4487
4828,4487
4829,4487
4830,4487
4831,4487
4832,4487
4833,4487
4834,4487
4835,4487
4836,4487
4837,4487
4838,4487
4839,4487
4840,4487
4841,4487
4842,4487
4843,4487
4844,4487
4845,4487
4846,4487
4847,4487
4848,4487
4849,4487
4850,4487
4851,4487
4852,4487
4853,4487
4854,4487
4855,4487
4856,4487
4857,4487
4858,4487
4859,4487
4860,4487
4861,4487
4862,4487
4863,4487
4864,4487
4865,4487
4866,4487
4867,4487
4868,4487
4869,4487
4870,4487
4871,4487
4872,4487
4873,4487
4874,4487
4875,4487
4876,4487
4877,4487
4878,4487
4879,4487
4880,4487
4881,4487
4882,4487
4883,4487
4884,4487
4885,4487
4886,4487
4887,4487
4888,4487
4889,4487
4890,4487
4891,4487
4892,4487
4893,4487
4894,4487
4895,4487
4896,4487
4897,4487
4898,4487
4899,4487
4900,4487
4901,4487
4902,4487
4903,4487
4904,4487
4905,4487
4906,4487
4907,4487
4908,4487
4909,4487
4910,4487
4911,4487
4912,4487
4913,4487
4914,4487
4915,4487
4916,4487
4917,4487
4918,4487
4919,4487
4920,4487
4921,4487
4922,4487
4923,4487
4924,4487
4925,4487
4926,4487
4927,4487
4928,4487
4929,4487
4930,4487
4931,4487
4932,4487
4933,4487
4934,4487
4935,4487
4936,4487
4937,4487
4938,4487
4939,4487
4940,4487
4941,4487
4942,4487
4943,4487
4944,4487
4945,4487
4946,4487
4947,4487
4948,4487
4949,4487
4950,4487
4951,4487
4952,4487
4953,4487
4954,4487
4955,4487
4956,4487
4957,4487
4958,4487
4959,4487
4960,4487
4961,4487
4962,4487
4963,4487
4964,4487
4965,4487
4966,4487
4967,4487
4968,4487
4969,4487
4970,4487
4971,4487
4972,4487
4973,4487
4974,4487
4975,4487
4976,4487
4977,4487
4978,4487
4979,4487
4980,4487
4981,4487
4982,4487
4983,4487
4984,4487
4985,4487
4986,4487
4987,4487
4988,4487
4989,4487
4990,4487
4991,4487
4992,4487
4993,4487
4994,4487
4995,4487
4996,4487
4997,4487
4998,4487
4999,4487
5000,4487
5001,4487
5002,4487
5003,4487
5004,4487
5005,4487
5006,4487
5007,4487
5008,4487
5009,4487
5010,4487
5011,4487
5012,4487
5013,4487
5014,4487
5015,4487
5016,4487
5017,4487
5018,4487
5019,4487
5020,4487
5021,4487
5022,4487
5023,4487
5024,4487
5025,4487
5026,4487
5027,4487
5028,4487
5029,4487
5030,4487
5031,4487
5032,4487
5033,4487
5034,4487
5035,4487
5036,4487
5037,4487
5038,4487
5039,4487
5040,4487
5041,4487
5042,4487
5043,4487
5044,4487
5045,4487
5046,4487
5047,4487
5048,4487
5049,4487
5050,4487
5051,4487
5052,4487
5053,4487
5054,4487
5055,4487
5056,4487
5057,4487
5058,4487
5059,4487
5060,4487
5061,4487
5062,4487
5063,4487
5064,4487
5065,4487
5066,4487
5067,4487
5068,4487
5069,4487
5070,4487
5071,4487
5072,4487
5073,4487
5074,4487
5075,4487
5076,4487
5077,4487
5078,4487
5079,4487
5080,4487
5081,4487
5082,4487
5083,4487
5084,4487
5085,4487
5086,4487
5087,4487
5088,4487
5089,4487
5090,4487
5091,4487
5092,4487
5093,4487
5094,4487
5095,4487
5096,4487
5097,4487
5098,4487
5099,4487
5100,4487
5101,4487
5102,4487
5103,4487
5104,4487
5105,4487
5106,4487
5107,4487
5108,4487
5109,4487
5110,4487
5111,4487
5112,4487
5113,4487
5114,4487
5115,4487
5116,4487
5117,4487
5118,4487
5119,4487
5120,4487
5121,4487
5122,4487
5123,4487
5124,4487
5125,4487
5126,4487
5127,4487
5128,4487
5129,4487
5130,4487
5131,4487
5132,4487
5133,4487
5134,4487
5135,4487
5136,4487
5137,4487
5138,4487
5139,4487
5140,4487
5141,4487
5142,4487
5143,4487
5144,4487
5145,4487
5146,4487
5147,4487
5148,4487
5149,4487
5150,4487
5151,4487
5152,4487
5153,4487
5154,4487
5155,4487
5156,4487
5157,4487
5158,4487
5159,4487
5160,4487
5161,4487
5162,4487
5163,4487
5164,4487
5165,4487
5166,4487
5167,4487
5168,4487
5169,4487
5170,4487
5171,4487
5172,4487
5173,4487
5174,4487
5175,4487
5176,4487
5177,4487
5178,4487
5179,4487
5180,4487
5181,4487
5182,4487
5183,4487
5184,4487
5185,4487
5186,4487
5187,4487
5188,4487
5189,4487
5190,4487
5191,4487
5192,4487
5193,4487
5194,4487
5195,4487
5196,4487
5197,4487
5198,4487
5199,4487
5200,4487
5201,4487
5202,4487
5203,4487
5204,4487
5205,4487
5206,4487
5207,4487
5208,4487
5209,4487
5210,4487
5211,4487
5212,4487
5213,4487
5214,4487
5215,4487
5216,4487
5217,4487
5218,4487
5219,4487
5220,4487
5221,4487
5222,4487
5223,4487
5224,4487
5225,4487
5226,4487
5227,4487
5228,4487
5229,4487
5230,4487
5231,4487
5232,4487
5233,4487
5234,4487
5235,4487
5236,4487
5237,4487
5238,4487
5239,4487
5240,4487
5241,4487
5242,4487
5243,4487
5244,4487
5245,4487
5246,4487
5247,4487
5248,4487
5249,4487
5250,4487
5251,4487
5252,4487
5253,4487
5254,4487
5255,4487
5256,4487
5257,4487
5258,4487
5259,4487
5260,4487
5261,4487
5262,4487
5263,4487
5264,4487
5265,4487
5266,4487
5267,4487
5268,4487
5269,4487
5270,4487
5271,4487
5272,4487
5273,4487
5274,4487
5275,4487
5276,4487
5277,4487
5278,4487
5279,4487
5280,4487
5281,4487
5282,4487
5283,4487
5284,4487
5285,4487
5286,4487
5287,4487
5288,4487
5289,4487
5290,4487
5291,4487
5292,4487
5293,4487
5294,4487
5295,4487
5296,4487
5297,4487
5298,4487
5299,4487
5300,4487
5301,4487
5302,4487
5303,4487
5304,4487
5305,4487
5306,4487
5307,4487
5308,4487
5309,4487
5310,4487
5311,4487
5312,4487
5313,4487
5314,4487
5315,4487
5316,4487
5317,4487
5318,4487
5319,4487
5320,4487
5321,4487
5322,4487
5323,4487
5324,4487
5325,4487
5326,4487
5327,4487
5328,4487
5329,4487
5330,4487
5331,4487
5332,4487
5333,4487
5334,4487
5335,4487
5336,4487
5337,4487
5338,4487
5339,4487
5340,4487
5341,4487
5342,4487
5343,4487
5344,4487
5345,4487
5346,4487
5347,4487
5348,4487
5349,4487
5350,4487
5351,4487
5352,4487
5353,4487
5354,4487
5355,4487
5356,4487
5357,4487
5358,4487
5359,4487
5360,4487
5361,4487
5362,4487
5363,4487
5364,4487
5365,4487
5366,4487
5367,4487
5368,4487
5369,4487
5370,4487
5371,4487
5372,4487
5373,4487
5374,4487
5375,4487
5376,4487
5377,4487
5378,4487
5379,4487
5380,4487
5381,4487
5382,4487
5383,4487
5384,4487
5385,4487
5386,4487
5387,4487
5388,4487
5389,4487
5390,4487
5391,4487
5392,4487
5393,4487
5394,4487
5395,4487
5396,4487
5397,4487
5398,4487
5399,4487
5400,4487
5401,4487
5402,4487
5403,4487
5404,4487
5405,4487
5406,4487
5407,4487
5408,4487
5409,4487
5410,4487
5411,4487
5412,4487
5413,4487
5414,4487
5415,4487
5416,4487
5417,4487
5418,4487
5419,4487
5420,4487
5421,4487
5422,4487
5423,4487
5424,4487
5425,4487
5426,4487
5427,4487
5428,4487
5429,4487
5430,4487
5431,4487
5432,4487
5433,4487
5434,4487
5435,4487
5436,4487
5437,4487
5438,4487
5439,4487
5440,4487
5441,4487
5442,4487
5443,4487
5444,4487
5445,4487
5446,4487
5447,4487
5448,4487
5449,4487
5450,4487
5451,4487
5452,4487
5453,4487
5454,4487
5455,4487
5456,4487
5457,4487
5458,4487
5459,4487
5460,4487
5461,4487
5462,4487
5463,4487
5464,4487
5465,4487
5466,4487
5467,4487
5468,4487
5469,4487
5470,4487
5471,4487
5472,4487
5473,4487
5474,4487
5475,4487
5476,4487
5477,4487
5478,4487
5479,4487
5480,4487
5481,4487
5482,4487
5483,4487
5484,4487
5485,4487
5486,4487
5487,4487
5488,4487
5489,4487
5490,4487
5491,4487
5492,4487
5493,4487
5494,4487
5495,4487
5496,4487
5497,4487
5498,4487
5499,4487
5500,4487
5501,4487
5502,4487
5503,4487
5504,4487
5505,4487
5506,4487
5507,4487
5508,4487
5509,4487
5510,4487
5511,4487
5512,4487
5513,4487
5514,4487
5515,4487
5516,4487
5517,4487
5518,4487
5519,4487
5520,4487
5521,4487
5522,4487
5523,4487
5524,4487
5525,4487
5526,4487
5527,4487
5528,4487
5529,4487
5530,4487
5531,4487
5532,4487
5533,4487
5534,4487
5535,4487
5536,4487
5537,4487
5538,4487
5539,4487
5540,4487
5541,4487
5542,4487
5543,4487
5544,4487
5545,4487
5546,4487
5547,4487
5548,4487
5549,4487
5550,4487
5551,4487
5552,4487
5553,4487
5554,4487
5555,4487
5556,4487
5557,4487
5558,4487
5559,4487
5560,4487
5561,4487
5562,4487
5563,4487
5564,4487
5565,4487
5566,4487
5567,4487
5568,4487
5569,4487
5570,4487
5571,4487
5572,4487
5573,4487
5574,4487
5575,4487
5576,4487
5577,4487
5578,4487
5579,4487
5580,4487
5581,4487
5582,4487
5583,4487
5584,4487
5585,4487
5586,4487
5587,4487
5588,4487
5589,4487
5590,4487
5591,4487
5592,4487
5593,4487
5594,4487
5595,4487
5596,4487
5597,4487
5598,4487
5599,4487
5600,4487
5601,4487
5602,4487
5603,4487
5604,4487
5605,4487
5606,4487
5607,4487
5608,4487
5609,4487
5610,4487
5611,4487
5612,4487
5613,4487
5614,4487
5615,4487
5616,4487
5617,4487
5618,4487
5619,4487
5620,4487
5621,4487
5622,4487
5623,4487
5624,4487
5625,4487
5626,4487
5627,4487
5628,4487
5629,4487
5630,4487
5631,4487
5632,4487
5633,4487
5634,4487
5635,4487
5636,4487
5637,4487
5638,4487
5639,4487
5640,4487
5641,4487
5642,4487
5643,4487
5644,4487
5645,4487
5646,4487
5647,4487
5648,4487
5649,4487
5650,4487
5651,4487
5652,4487
5653,4487
5654,4487
5655,4487
5656,4487
5657,4487
5658,4487
5659,4487
5660,4487
5661,4487
5662,4487
5663,4487
5664,4487
5665,4487
5666,4487
5667,4487
5668,4487
5669,4487
5670,4487
5671,4487
5672,4487
5673,4487
5674,4487
5675,4487
5676,4487
5677,4487
5678,4487
5679,4487
5680,4487
5681,4487
5682,4487
5683,4487
5684,4487
5685,4487
5686,4487
5687,4487
5688,4487
5689,4487
5690,4487
5691,4487
5692,4487
5693,4487
5694,4487
5695,4487
5696,4487
5697,4487
5698,4487
5699,4487
5700,4487
5701,4487
5702,4487
5703,4487
5704,4487
5705,4487
5706,4487
5707,4487
5708,4487
5709,4487
5710,4487
5711,4487
5712,4487
5713,4487
5714,4487
5715,4487
5716,4487
5717,4487
5718,4487
5719,4487
5720,4487
5721,4487
5722,4487
5723,4487
5724,4487
5725,4487
5726,4487
5727,4487
5728,4487
5729,4487
5730,4487
5731,4487
5732,4487
5733,4487
5734,4487
5735,4487
5736,4487
5737,4487
5738,4487
5739,4487
5740,4487
5741,4487
5742,4487
5743,4487
5744,4487
5745,4487
5746,4487
5747,4487
5748,4487
5749,4487
5750,4487
5751,4487
5752,4487
5753,4487
5754,4487
5755,4487
5756,4487
5757,4487
5758,4487
5759,4487
5760,4487
5761,4487
5762,4487
5763,4487
5764,4487
5765,4487
5766,4487
5767,4487
5768,4487
5769,4487
5770,4487
5771,4487
5772,4487
5773,4487
5774,4487
5775,4487
5776,4487
5777,4487
5778,4487
5779,4487
5780,4487
5781,4487
5782,4487
5783,4487
5784,4487
5785,4487
5786,4487
5787,4487
5788,4487
5789,4487
5790,4487
5791,4487
5792,4487
5793,4487
5794,4487
5795,4487
5796,4487
5797,4487
5798,4487
5799,4487
5800,4487
5801,4487
5802,4487
5803,4487
5804,4487
5805,4487
5806,4487
5807,4487
5808,4487
5809,4487
5810,4487
5811,4487
5812,4487
5813,4487
5814,4487
5815,4487
5816,4487
5817,4487
5818,4487
5819,4487
5820,4487
5821,4487
5822,4487
5823,4487
5824,4487
5825,4487
5826,4487
5827,4487
5828,4487
5829,4487
5830,4487
5831,4487
5832,4487
5833,4487
5834,4487
5835,4487
5836,4487
5837,4487
5838,4487
5839,4487
5840,4487
5841,4487
5842,4487
5843,4487
5844,4487
5845,4487
5846,4487
5847,4487
5848,4487
5849,4487
5850,4487
5851,4487
5852,4487
5853,4487
5854,4487
5855,4487
5856,4487
5857,4487
5858,4487
5859,4487
5860,4487
5861,4487
5862,4487
5863,4487
5864,4487
5865,4487
5866,4487
5867,4487
5868,4487
5869,4487
5870,4487
5871,4487
5872,4487
5873,4487
5874,4487
5875,4487
5876,4487
5877,4487
5878,4487
5879,4487
5880,4487
5881,4487
5882,4487
5883,4487
5884,4487
5885,4487
5886,4487
5887,4487
5888,4487
5889,4487
5890,4487
5891,4487
5892,4487
5893,4487
5894,4487
5895,4487
5896,4487
5897,4487
5898,4487
5899,4487
5900,4487
5901,4487
5902,4487
5903,4487
5904,4487
5905,4487
5906,4487
5907,4487
5908,4487
5909,4487
5910,4487
5911,4487
5912,4487
5913,4487
5914,4487
5915,4487
5916,4487
5917,4487
5918,4487
5919,4487
5920,4487
5921,4487
5922,4487
5923,4487
5924,4487
5925,4487
5926,4487
5927,4487
5928,4487
5929,4487
5930,4487
5931,4487
5932,4487
5933,4487
5934,4487
5935,4487
5936,4487
5937,4487
5938,4487
5939,4487
5940,4487
5941,4487
5942,4487
5943,4487
5944,4487
5945,4487
5946,4487
5947,4487
5948,4487
5949,4487
5950,4487
5951,4487
5952,4487
5953,4487
5954,4487
5955,4487
5956,4487
5957,4487
5958,4487
5959,4487
5960,4487
5961,4487
5962,4487
5963,4487
5964,4487
5965,4487
5966,4487
5967,4487
5968,4487
5969,4487
5970,4487
5971,4487
5972,4487
5973,4487
5974,4487
5975,4487
5976,4487
5977,4487
5978,4487
5979,4487
5980,4487
5981,4487
5982,4487
5983,4487
5984,4487
5985,4487
5986,4487
5987,4487
5988,4487
5989,4487
5990,4487
5991,4487
5992,4487
5993,4487
5994,4487
5995,4487
5996,4487
5997,4487
5998,4487
5999,4487
6000,4487
6001,4487
6002,4487
6003,4487
6004,4487
6005,4487
6006,4487
6007,4487
6008,4487
6009,4487
6010,4487
6011,4487
6012,4487
6013,4487
6014,4487
6015,4487
6016,4487
6017,4487
6018,4487
6019,4487
6020,4487
6021,4487
6022,4487
6023,4487
6024,4487
6025,4487
6026,4487
6027,4487
6028,4487
6029,4487
6030,4487
6031,4487
6032,4487
6033,4487
6034,4487
6035,4487
6036,4487
6037,4487
6038,4487
6039,4487
6040,4487
6041,4487
6042,4487
6043,4487
6044,4487
6045,4487
6046,4487
6047,4487
6048,4487
6049,4487
6050,4487
6051,4487
6052,4487
6053,4487
6054,4487
6055,4487
6056,4487
6057,4487
6058,4487
6059,4487
6060,4487
6061,4487
6062,4487
6063,4487
6064,4487
6065,4487
6066,4487
6067,4487
6068,4487
6069,4487
6070,4487
6071,4487
6072,4487
6073,4487
6074,4487
6075,4487
6076,4487
6077,4487
6078,4487
6079,4487
6080,4487
6081,4487
6082,4487
6083,4487
6084,4487
6085,4487
6086,4487
6087,4487
6088,4487
6089,4487
6090,4487
6091,4487
6092,4487
6093,4487
6094,4487
6095,4487
6096,4487
6097,4487
6098,4487
6099,4487
6100,4487
6101,4487
6102,4487
6103,4487
6104,4487
6105,4487
6106,4487
6107,4487
6108,4487
6109,4487
6110,4487
6111,4487
6112,4487
6113,4487
6114,4487
6115,4487
6116,4487
6117,4487
6118,4487
6119,4487
6120,4487
6121,4487
6122,4487
6123,4487
6124,4487
6125,4487
6126,4487
6127,4487
6128,4487
6129,4487
6130,4487
6131,4487
6132,4487
6133,4487
6134,4487
6135,4487
6136,4487
6137,4487
6138,4487
6139,4487
6140,4487
6141,4487
6142,4487
6143,4487
6144,4487
6145,4487
6146,4487
6147,4487
6148,4487
6149,4487
6150,4487
6151,4487
6152,4487
6153,4487
6154,4487
6155,4487
6156,4487
6157,4487
6158,4487
6159,4487
6160,4487
6161,4487
6162,4487
6163,4487
6164,4487
6165,4487
6166,4487
6167,4487
6168,4487
6169,4487
6170,4487
6171,4487
6172,4487
6173,4487
6174,4487
6175,4487
6176,4487
6177,4487
6178,4487
6179,4487
6180,4487
6181,4487
6182,4487
6183,4487
6184,4487
6185,4487
6186,4487
6187,4487
6188,4487
6189,4487
6190,4487
6191,4487
6192,4487
6193,4487
6194,4487
6195,4487
6196,4487
6197,4487
6198,4487
6199,4487
6200,4487
6201,4487
6202,4487
6203,4487
6204,4487
6205,4487
6206,4487
6207,4487
6208,4487
6209,4487
6210,4487
6211,4487
6212,4487
6213,4487
6214,4487
6215,4487
6216,4487
6217,4487
6218,4487
6219,4487
6220,4487
6221,4487
6222,4487
6223,4487
6224,4487
6225,4487
6226,4487
6227,4487
6228,4487
6229,4487
6230,4487
6231,4487
6232,4487
6233,4487
6234,4487
6235,4487
6236,4487
6237,4487
6238,4487
6239,4487
6240,4487
6241,4487
6242,4487
6243,4487
6244,4487
6245,4487
6246,4487
6247,4487
6248,4487
6249,4487
6250,4487
6251,4487
6252,4487
6253,4487
6254,4487
6255,4487
6256,4487
6257,4487
6258,4487
6259,4487
6260,4487
6261,4487
6262,4487
6263,4487
6264,4487
6265,4487
6266,4487
6267,4487
6268,4487
6269,4487
6270,4487
6271,4487
6272,4487
6273,4487
6274,4487
6275,4487
6276,4487
6277,4487
6278,4487
6279,4487
6280,4487
6281,4487
6282,4487
6283,4487
6284,4487
6285,4487
6286,4487
6287,4487
6288,4487
6289,4487
6290,4487
6291,4487
6292,4487
6293,4487
6294,4487
6295,4487
6296,4487
6297,4487
6298,4487
6299,4487
6300,4487
6301,4487
6302,4487
6303,4487
6304,4487
6305,4487
6306,4487
6307,4487
6308,4487
6309,4487
6310,4487
6311,4487
6312,4487
6313,4487
6314,4487
6315,4487
6316,4487
6317,4487
6318,4487
6319,4487
6320,4487
6321,4487
6322,4487
6323,4487
6324,4487
6325,4487
6326,4487
6327,4487
6328,4487
6329,4487
6330,4487
6331,4487
6332,4487
6333,4487
6334,4487
6335,4487
6336,4487
6337,4487
6338,4487
6339,4487
6340,4487
6341,4487
6342,4487
6343,4487
6344,4487
6345,4487
6346,4487
6347,4487
6348,4487
6349,4487
6350,4487
6351,4487
6352,4487
6353,4487
6354,4487
6355,4487
6356,4487
6357,4487
6358,4487
6359,4487
6360,4487
6361,4487
6362,4487
6363,4487
6364,4487
6365,4487
6366,4487
6367,4487
6368,4487
6369,4487
6370,4487
6371,4487
6372,4487
6373,4487
6374,4487
6375,4487
6376,4487
6377,4487
6378,4487
6379,4487
6380,4487
6381,4487
6382,4487
6383,4487
6384,4487
6385,4487
6386,4487
6387,4487
6388,4487
6389,4487
6390,4487
6391,4487
6392,4487
6393,4487
6394,4487
6395,4487
6396,4487
6397,4487
6398,4487
6399,4487
6400,4487
6401,4487
6402,4487
6403,4487
6404,4487
6405,4487
6406,4487
6407,4487
6408,4487
6409,4487
6410,4487
6411,4487
6412,4487
6413,4487
6414,4487
6415,4487
6416,4487
6417,4487
6418,4487
6419,4487
6420,4487
6421,4487
6422,4487
6423,4487
6424,4487
6425,4487
6426,4487
6427,4487
6428,4487
6429,4487
6430,4487
6431,4487
6432,4487
6433,4487
6434,4487
6435,4487
6436,4487
6437,4487
6438,4487
6439,4487
6440,4487
6441,4487
6442,4487
6443,4487
6444,4487
6445,4487
6446,4487
6447,4487
6448,4487
6449,4487
6450,4487
6451,4487
6452,4487
6453,4487
6454,4487
6455,4487
6456,4487
6457,4487
6458,4487
6459,4487
6460,4487
6461,4487
6462,4487
6463,4487
6464,4487
6465,4487
6466,4487
6467,4487
6468,4487
6469,4487
6470,4487
6471,4487
6472,4487
6473,4487
6474,4487
6475,4487
6476,4487
6477,4487
6478,4487
6479,4487
6480,4487
6481,4487
6482,4487
6483,4487
6484,4487
6485,4487
6486,4487
6487,4487
6488,4487
6489,4487
6490,4487
6491,4487
6492,4487
6493,4487
6494,4487
6495,4487
6496,4487
6497,4487
6498,4487
6499,4487
6500,4487
6501,4487
6502,4487
6503,4487
6504,4487
6505,4487
6506,4487
6507,4487
6508,4487
6509,4487
6510,4487
6511,4487
6512,4487
6513,4487
6514,4487
6515,4487
6516,4487
6517,4487
6518,4487
6519,4487
6520,4487
6521,4487
6522,4487
6523,4487
6524,4487
6525,4487
6526,4487
6527,4487
6528,4487
6529,4487
6530,4487
6531,4487
6532,4487
6533,4487
6534,4487
6535,4487
6536,4487
6537,4487
6538,4487
6539,4487
6540,4487
6541,4487
6542,4487
6543,4487
6544,4487
6545,4487
6546,4487
6547,4487
6548,4487
6549,4487
6550,4487
6551,4487
6552,4487
6553,4487
6554,4487
6555,4487
6556,4487
6557,4487
6558,4487
6559,4487
6560,4487
6561,4487
6562,4487
6563,4487
6564,4487
6565,4487
6566,4487
6567,4487
6568,4487
6569,4487
6570,4487
6571,4487
6572,4487
6573,4487
6574,4487
6575,4487
6576,4487
6577,4487
6578,4487
6579,4487
6580,4487
6581,4487
6582,4487
6583,4487
6584,4487
6585,4487
6586,4487
6587,4487
6588,4487
6589,4487
6590,4487
6591,4487
6592,4487
6593,4487
6594,4487
6595,4487
6596,4487
6597,4487
6598,4487
6599,4487
6600,4487
6601,4487
6602,4487
6603,4487
6604,4487
6605,4487
6606,4487
6607,4487
6608,4487
6609,4487
6610,4487
6611,4487
6612,4487
6613,4487
6614,4487
6615,4487
6616,4487
6617,4487
6618,4487
6619,4487
6620,4487
6621,4487
6622,4487
6623,4487
6624,4487
6625,4487
6626,4487
6627,4487
6628,4487
6629,4487
6630,4487
6631,4487
6632,4487
6633,4487
6634,4487
6635,4487
6636,4487
6637,4487
6638,4487
6639,4487
6640,4487
6641,4487
6642,4487
6643,4487
6644,4487
6645,4487
6646,4487
6647,4487
6648,4487
6649,4487
6650,4487
6651,4487
6652,4487
6653,4487
6654,4487
6655,4487
6656,4487
6657,4487
6658,4487
6659,4487
6660,4487
6661,4487
6662,4487
6663,4487
6664,4487
6665,4487
6666,4487
6667,4487
6668,4487
6669,4487
6670,4487
6671,4487
6672,4487
6673,4487
6674,4487
6675,4487
6676,4487
6677,4487
6678,4487
6679,4487
6680,4487
6681,4487
6682,4487
6683,4487
6684,4487
6685,4487
6686,4487
6687,4487
6688,4487
6689,4487
6690,4487
6691,4487
6692,4487
6693,4487
6694,4487
6695,4487
6696,4487
6697,4487
6698,4487
6699,4487
6700,4487
6701,4487
6702,4487
6703,4487
6704,4487
6705,4487
6706,4487
6707,4487
6708,4487
6709,4487
6710,4487
6711,4487
6712,4487
6713,4487
6714,4487
6715,4487
6716,4487
6717,4487
6718,4487
6719,4487
6720,4487
6721,4487
6722,4487
6723,4487
6724,4487
6725,4487
6726,4487
6727,4487
6728,4487
6729,4487
6730,4487
6731,4487
6732,4487
6733,4487
6734,4487
6735,4487
6736,4487
6737,4487
6738,4487
6739,4487
6740,4487
6741,4487
6742,4487
6743,4487
6744,4487
6745,4487
6746,4487
6747,4487
6748,4487
6749,4487
6750,4487
6751,4487
6752,4487
6753,4487
6754,4487
6755,4487
6756,4487
6757,4487
6758,4487
6759,4487
6760,4487
6761,4487
6762,4487
6763,4487
6764,4487
6765,4487
6766,4487
6767,4487
6768,4487
6769,4487
6770,4487
6771,4487
6772,4487
6773,4487
6774,4487
6775,4487
6776,4487
6777,4487
6778,4487
6779,4487
6780,4487
6781,4487
6782,4487
6783,4487
6784,4487
6785,4487
6786,4487
6787,4487
6788,4487
6789,4487
6790,4487
6791,4487
6792,4487
6793,4487
6794,4487
6795,4487
6796,4487
6797,4487
6798,4487
6799,4487
6800,4487
6801,4487
6802,4487
6803,4487
6804,4487
6805,4487
6806,4487
6807,4487
6808,4487
6809,4487
6810,4487
6811,4487
6812,4487
6813,4487
6814,4487
6815,4487
6816,4487
6817,4487
6818,4487
6819,4487
6820,4487
6821,4487
6822,4487
6823,4487
6824,4487
6825,4487
6826,4487
6827,4487
6828,4487
6829,4487
6830,4487
6831,4487
6832,4487
6833,4487
6834,4487
6835,4487
6836,4487
6837,4487
6838,4487
6839,4487
6840,4487
6841,4487
6842,4487
6843,4487
6844,4487
6845,4487
6846,4487
6847,4487
6848,4487
6849,4487
6850,4487
6851,4487
6852,4487
6853,4487
6854,4487
6855,4487
6856,4487
6857,4487
6858,4487
6859,4487
6860,4487
6861,4487
6862,4487
6863,4487
6864,4487
6865,4487
6866,4487
6867,4487
6868,4487
6869,4487
6870,4487
6871,4487
6872,4487
6873,4487
6874,4487
6875,4487
6876,4487
6877,4487
6878,4487
6879,4487
6880,4487
6881,4487
6882,4487
6883,4487
6884,4487
6885,4487
6886,4487
6887,4487
6888,4487
6889,4487
6890,4487
6891,4487
6892,4487
6893,4487
6894,4487
6895,4487
6896,4487
6897,4487
6898,4487
6899,4487
6900,4487
6901,4487
6902,4487
6903,4487
6904,4487
6905,4487
6906,4487
6907,4487
6908,4487
6909,4487
6910,4487
6911,4487
6912,4487
6913,4487
6914,4487
6915,4487
6916,4487
6917,4487
6918,4487
6919,4487
6920,4487
6921,4487
6922,4487
6923,4487
6924,4487
6925,4487
6926,4487
6927,4487
6928,4487
6929,4487
6930,4487
6931,4487
6932,4487
6933,4487
6934,4487
6935,4487
6936,4487
6937,4487
6938,4487
6939,4487
6940,4487
6941,4487
6942,4487
6943,4487
6944,4487
6945,4487
6946,4487
6947,4487
6948,4487
6949,4487
6950,4487
6951,4487
6952,4487
6953,4487
6954,4487
6955,4487
6956,4487
6957,4487
6958,4487
6959,4487
6960,4487
6961,4487
6962,4487
6963,4487
6964,4487
6965,4487
6966,4487
6967,4487
6968,4487
6969,4487
6970,4487
6971,4487
6972,4487
6973,4487
6974,4487
6975,4487
6976,4487
6977,4487
6978,4487
6979,4487
6980,4487
6981,4487
6982,4487
6983,4487
6984,4487
6985,4487
6986,4487
6987,4487
6988,4487
6989,4487
6990,4487
6991,4487
6992,4487
6993,4487
6994,4487
6995,4487
6996,4487
6997,4487
6998,4487
6999,4487
7000,4487
7001,4487
7002,4487
7003,4487
7004,4487
7005,4487
7006,4487
7007,4487
7008,4487
7009,4487
7010,4487
7011,4487
7012,4487
7013,4487
7014,4487
7015,4487
7016,4487
7017,4487
7018,4487
7019,4487
7020,4487
7021,4487
7022,4487
7023,4487
7024,4487
7025,4487
7026,4487
7027,4487
7028,4487
7029,4487
7030,4487
7031,4487
7032,4487
7033,4487
7034,4487
7035,4487
7036,4487
7037,4487
7038,4487
7039,4487
7040,4487
7041,4487
7042,4487
7043,4487
7044,4487
7045,4487
7046,4487
7047,4487
7048,4487
7049,4487
7050,4487
7051,4487
7052,4487
7053,4487
7054,4487
7055,4487
7056,4487
7057,4487
7058,4487
7059,4487
7060,4487
7061,4487
7062,4487
7063,4487
7064,4487
7065,4487
7066,4487
7067,4487
7068,4487
7069,4487
7070,4487
7071,4487
7072,4487
7073,4487
7074,4487
7075,4487
7076,4487
7077,4487
7078,4487
7079,4487
7080,4487
7081,4487
7082,4487
7083,4487
7084,4487
7085,4487
7086,4487
7087,4487
7088,4487
7089,4487
7090,4487
7091,4487
7092,4487
7093,4487
7094,4487
7095,4487
7096,4487
7097,4487
7098,4487
7099,4487
7100,4487
7101,4487
7102,4487
7103,4487
7104,4487
7105,4487
7106,4487
7107,4487
7108,4487
7109,4487
7110,4487
7111,4487
7112,4487
7113,4487
7114,4487
7115,4487
7116,4487
7117,4487
7118,4487
7119,4487
7120,4487
7121,4487
7122,4487
7123,4487
7124,4487
7125,4487
7126,4487
7127,4487
7128,4487
7129,4487
7130,4487
7131,4487
7132,4487
7133,4487
7134,4487
7135,4487
7136,4487
7137,4487
7138,4487
7139,4487
7140,4487
7141,4487
7142,4487
7143,4487
7144,4487
7145,4487
7146,4487
7147,4487
7148,4487
7149,4487
7150,4487
7151,4487
7152,4487
7153,4487
7154,4487
7155,4487
7156,4487
7157,4487
7158,4487
7159,4487
7160,4487
7161,4487
7162,4487
7163,4487
7164,4487
7165,4487
7166,4487
7167,4487
7168,4487
7169,4487
7170,4487
7171,4487
7172,4487
7173,4487
7174,4487
7175,4487
7176,4487
7177,4487
7178,4487
7179,4487
7180,4487
7181,4487
7182,4487
7183,4487
7184,4487
7185,4487
7186,4487
7187,4487
7188,4487
7189,4487
7190,4487
7191,4487
7192,4487
7193,4487
7194,4487
7195,4487
7196,4487
7197,4487
7198,4487
7199,4487
7200,4487
7201,4487
7202,4487
7203,4487
7204,4487
7205,4487
7206,4487
7207,4487
7208,4487
7209,4487
7210,4487
7211,4487
7212,4487
7213,4487
7214,4487
7215,4487
7216,4487
7217,4487
7218,4487
7219,4487
7220,4487
7221,4487
7222,4487
7223,4487
7224,4487
7225,4487
7226,4487
7227,4487
7228,4487
7229,4487
7230,4487
7231,4487
7232,4487
7233,4487
7234,4487
7235,4487
7236,4487
7237,4487
7238,4487
7239,4487
7240,4487
7241,4487
7242,4487
7243,4487
7244,4487
7245,4487
7246,4487
7247,4487
7248,4487
7249,4487
7250,4487
7251,4487
7252,4487
7253,4487
7254,4487
7255,4487
7256,4487
7257,4487
7258,4487
7259,4487
7260,4487
7261,4487
7262,4487
7263,4487
7264,4487
7265,4487
7266,4487
7267,4487
7268,4487
7269,4487
7270,4487
7271,4487
7272,4487
7273,4487
7274,4487
7275,4487
7276,4487
7277,4487
7278,4487
7279,4487
7280,4487
7281,4487
7282,4487
7283,4487
7284,4487
7285,4487
7286,4487
7287,4487
7288,4487
7289,4487
7290,4487
7291,4487
7292,4487
7293,4487
7294,4487
7295,4487
7296,4487
7297,4487
7298,4487
7299,4487
7300,4487
7301,4487
7302,4487
7303,4487
7304,4487
7305,4487
7306,4487
7307,4487
7308,4487
7309,4487
7310,4487
7311,4487
7312,4487
7313,4487
7314,4487
7315,4487
7316,4487
7317,4487
7318,4487
7319,4487
7320,4487
7321,4487
7322,4487
7323,4487
7324,4487
7325,4487
7326,4487
7327,4487
7328,4487
7329,4487
7330,4487
7331,4487
7332,4487
7333,4487
7334,4487
7335,4487
7336,4487
7337,4487
7338,4487
7339,4487
7340,4487
7341,4487
7342,4487
7343,4487
7344,4487
7345,4487
7346,4487
7347,4487
7348,4487
7349,4487
7350,4487
7351,4487
7352,4487
7353,4487
7354,4487
7355,4487
7356,4487
7357,4487
7358,4487
7359,4487
7360,4487
7361,4487
7362,4487
7363,4487
7364,4487
7365,4487
7366,4487
7367,4487
7368,4487
7369,4487
7370,4487
7371,4487
7372,4487
7373,4487
7374,4487
7375,4487
7376,4487
7377,4487
7378,4487
7379,4487
7380,4487
7381,4487
7382,4487
7383,4487
7384,4487
7385,4487
7386,4487
7387,4487
7388,4487
7389,4487
7390,4487
7391,4487
7392,4487
7393,4487
7394,4487
7395,4487
7396,4487
7397,4487
7398,4487
7399,4487
7400,4487
7401,4487
7402,4487
7403,4487
7404,4487
7405,4487
7406,4487
7407,4487
7408,4487
7409,4487
7410,4487
7411,4487
7412,4487
7413,4487
7414,4487
7415,4487
7416,4487
7417,4487
7418,4487
7419,4487
7420,4487
7421,4487
7422,4487
7423,4487
7424,4487
7425,4487
7426,4487
7427,4487
7428,4487
7429,4487
7430,4487
7431,4487
7432,4487
7433,4487
7434,4487
7435,4487
7436,4487
7437,4487
7438,4487
7439,4487
7440,4487
7441,4487
7442,4487
7443,4487
7444,4487
7445,4487
7446,4487
7447,4487
7448,4487
7449,4487
7450,4487
7451,4487
7452,4487
7453,4487
7454,4487
7455,4487
7456,4487
7457,4487
7458,4487
7459,4487
7460,4487
7461,4487
7462,4487
7463,4487
7464,4487
7465,4487
7466,4487
7467,4487
7468,4487
7469,4487
7470,4487
7471,4487
7472,4487
7473,4487
7474,4487
7475,4487
7476,4487
7477,4487
7478,4487
7479,4487
7480,4487
7481,4487
7482,4487
7483,4487
7484,4487
7485,4487
7486,4487
7487,4487
7488,4487
7489,4487
7490,4487
7491,4487
7492,4487
7493,4487
7494,4487
7495,4487
7496,4487
7497,4487
7498,4487
7499,4487
7500,4487
7501,4487
7502,4487
7503,4487
7504,4487
7505,4487
7506,4487
7507,4487
7508,4487
7509,4487
7510,4487
7511,4487
7512,4487
7513,4487
7514,4487
7515,4487
7516,4487
7517,4487
7518,4487
7519,4487
7520,4487
7521,4487
7522,4487
7523,4487
7524,4487
7525,4487
7526,4487
7527,4487
7528,4487
7529,4487
7530,4487
7531,4487
7532,4487
7533,4487
7534,4487
7535,4487
7536,4487
7537,4487
7538,4487
7539,4487
7540,4487
7541,4487
7542,4487
7543,4487
7544,4487
7545,4487
7546,4487
7547,4487
7548,4487
7549,4487
7550,4487
7551,4487
7552,4487
7553,4487
7554,4487
7555,4487
7556,4487
7557,4487
7558,4487
7559,4487
7560,4487
7561,4487
7562,4487
7563,4487
7564,4487
7565,4487
7566,4487
7567,4487
7568,4487
7569,4487
7570,4487
7571,4487
7572,4487
7573,4487
7574,4487
7575,4487
7576,4487
7577,4487
7578,4487
7579,4487
7580,4487
7581,4487
7582,4487
7583,4487
7584,4487
7585,4487
7586,4487
7587,4487
7588,4487
7589,4487
7590,4487
7591,4487
7592,4487
7593,4487
7594,4487
7595,4487
7596,4487
7597,4487
7598,4487
7599,4487
7600,4487
7601,4487
7602,4487
7603,4487
7604,4487
7605,4487
7606,4487
7607,4487
7608,4487
7609,4487
7610,4487
7611,4487
7612,4487
7613,4487
7614,4487
7615,4487
7616,4487
7617,4487
7618,4487
7619,4487
7620,4487
7621,4487
7622,4487
7623,4487
7624,4487
7625,4487
7626,4487
7627,4487
7628,4487
7629,4487
7630,4487
7631,4487
7632,4487
7633,4487
7634,4487
7635,4487
7636,4487
7637,4487
7638,4487
7639,4487
7640,4487
7641,4487
7642,4487
7643,4487
7644,4487
7645,4487
7646,4487
7647,4487
7648,4487
7649,4487
7650,4487
7651,4487
7652,4487
7653,4487
7654,4487
7655,4487
7656,4487
7657,4487
7658,4487
7659,4487
7660,4487
7661,4487
7662,4487
7663,4487
7664,4487
7665,4487
7666,4487
7667,4487
7668,4487
7669,4487
7670,4487
7671,4487
7672,4487
7673,4487
7674,4487
7675,4487
7676,4487
7677,4487
7678,4487
7679,4487
7680,4487
7681,4487
7682,4487
7683,4487
7684,4487
7685,4487
7686,4487
7687,4487
7688,4487
7689,4487
7690,4487
7691,4487
7692,4487
7693,4487
7694,4487
7695,4487
7696,4487
7697,4487
7698,4487
7699,4487
7700,4487
7701,4487
7702,4487
7703,4487
7704,4487
7705,4487
7706,4487
7707,4487
7708,4487
7709,4487
7710,4487
7711,4487
7712,4487
7713,4487
7714,4487
7715,4487
7716,4487
7717,4487
7718,4487
7719,4487
7720,4487
7721,4487
7722,4487
7723,4487
7724,4487
7725,4487
7726,4487
7727,4487
7728,4487
7729,4487
7730,4487
7731,4487
7732,4487
7733,4487
7734,4487
7735,4487
7736,4487
7737,4487
7738,4487
7739,4487
7740,4487
7741,4487
7742,4487
7743,4487
7744,4487
7745,4487
7746,4487
7747,4487
7748,4487
7749,4487
7750,4487
7751,4487
7752,4487
7753,4487
7754,4487
7755,4487
7756,4487
7757,4487
7758,4487
7759,4487
7760,4487
7761,4487
7762,4487
7763,4487
7764,4487
7765,4487
7766,4487
7767,4487
7768,4487
7769,4487
7770,4487
7771,4487
7772,4487
7773,4487
7774,4487
7775,4487
7776,4487
7777,4487
7778,4487
7779,4487
7780,4487
7781,4487
7782,4487
7783,4487
7784,4487
7785,4487
7786,4487
7787,4487
7788,4487
7789,4487
7790,4487
7791,4487
7792,4487
7793,4487
7794,4487
7795,4487
7796,4487
7797,4487
7798,4487
7799,4487
7800,4487
7801,4487
7802,4487
7803,4487
7804,4487
7805,4487
7806,4487
7807,4487
7808,4487
7809,4487
7810,4487
7811,4487
7812,4487
7813,4487
7814,4487
7815,4487
7816,4487
7817,4487
7818,4487
7819,4487
7820,4487
7821,4487
7822,4487
7823,4487
7824,4487
7825,4487
7826,4487
7827,4487
7828,4487
7829,4487
7830,4487
7831,4487
7832,4487
7833,4487
7834,4487
7835,4487
7836,4487
7837,4487
7838,4487
7839,4487
7840,4487
7841,4487
7842,4487
7843,4487
7844,4487
7845,4487
7846,4487
7847,4487
7848,4487
7849,4487
7850,4487
7851,4487
7852,4487
7853,4487
7854,4487
7855,4487
7856,4487
7857,4487
7858,4487
7859,4487
7860,4487
7861,4487
7862,4487
7863,4487
7864,4487
7865,4487
7866,4487
7867,4487
7868,4487
7869,4487
7870,4487
7871,4487
7872,4487
7873,4487
7874,4487
7875,4487
7876,4487
7877,4487
7878,4487
7879,4487
7880,4487
7881,4487
7882,4487
7883,4487
7884,4487
7885,4487
7886,4487
7887,4487
7888,4487
7889,4487
7890,4487
7891,4487
7892,4487
7893,4487
7894,4487
7895,4487
7896,4487
7897,4487
7898,4487
7899,4487
7900,4487
7901,4487
7902,4487
7903,4487
7904,4487
7905,4487
7906,4487
7907,4487
7908,4487
7909,4487
7910,4487
7911,4487
7912,4487
7913,4487
7914,4487
7915,4487
7916,4487
7917,4487
7918,4487
7919,4487
7920,4487
7921,4487
7922,4487
7923,4487
7924,4487
7925,4487
7926,4487
7927,4487
7928,4487
7929,4487
7930,4487
7931,4487
7932,4487
7933,4487
7934,4487
7935,4487
7936,4487
7937,4487
7938,4487
7939,4487
7940,4487
7941,4487
7942,4487
7943,4487
7944,4487
7945,4487
7946,4487
7947,4487
7948,4487
7949,4487
7950,4487
7951,4487
7952,4487
7953,4487
7954,4487
7955,4487
7956,4487
7957,4487
7958,4487
7959,4487
7960,4487
7961,4487
7962,4487
7963,4487
7964,4487
7965,4487
7966,4487
7967,4487
7968,4487
7969,4487
7970,4487
7971,4487
7972,4487
7973,4487
7974,4487
7975,4487
7976,4487
7977,4487
7978,4487
7979,4487
7980,4487
7981,4487
7982,4487
7983,4487
7984,4487
7985,4487
7986,4487
7987,4487
7988,4487
7989,4487
7990,4487
7991,4487
7992,4487
7993,4487
7994,4487
7995,4487
7996,4487
7997,4487
7998,4487
7999,4487
8000,4487
8001,4487
8002,4487
8003,4487
8004,4487
8005,4487
8006,4487
8007,4487
8008,4487
8009,4487
8010,4487
8011,4487
8012,4487
8013,4487
8014,4487
8015,4487
8016,4487
8017,4487
8018,4487
8019,4487
8020,4487
8021,4487
8022,4487
8023,4487
8024,4487
8025,4487
8026,4487
8027,4507
8028,4507
8029,4507
8030,4507
8031,4507
8032,4507
8033,4507
8034,4507
8035,4507
8036,4507
8037,4507
8038,4507
8039,4507
8040,4507
8041,4507
8042,4507
8043,4507
8044,4507
8045,4507
8046,4507
8047,4507
8048,4507
8049,4507
8050,4507
8051,4507
8052,4507
8053,4507
8054,4507
8055,4507
8056,4507
8057,4507
8058,4507
8059,4507
8060,4507
8061,4507
8062,4507
8063,4507
8064,4507
8065,4507
8066,4507
8067,4507
8068,4507
8069,4507
8070,4507
8071,4507
8072,4507
8073,4507
8074,4507
8075,4507
8076,4507
8077,4507
8078,4507
8079,4507
8080,4507
8081,4507
8082,4507
8083,4507
8084,4507
8085,4507
8086,4507
8087,4507
8088,4507
8089,4507
8090,4507
8091,4507
8092,4507
8093,4507
8094,4507
8095,4507
8096,4507
8097,4507
8098,4507
8099,4507
8100,4507
8101,4507
8102,4507
8103,4507
8104,4507
8105,4507
8106,4507
8107,4507
8108,4507
8109,4507
8110,4507
8111,4507
8112,4507
8113,4507
8114,4507
8115,4507
8116,4507
8117,4507
8118,4507
8119,4507
8120,4507
8121,4507
8122,4507
8123,4507
8124,4507
8125,4507
8126,4507
8127,4507
8128,4507
8129,4507
8130,4507
8131,4507
8132,4507
8133,4507
8134,4507
8135,4507
8136,4507
8137,4507
8138,4507
8139,4507
8140,4507
8141,4507
8142,4507
8143,4507
8144,4507
8145,4507
8146,4507
8147,4507
8148,4507
8149,4507
8150,4507
8151,4507
8152,4507
8153,4507
8154,4507
8155,4507
8156,4507
8157,4507
8158,4507
8159,4507
8160,4507
8161,4507
8162,4507
8163,4507
8164,4507
8165,4507
8166,4507
8167,4507
8168,4507
8169,4507
8170,4507
8171,4507
8172,4507
8173,4507
8174,4507
8175,4507
8176,4507
8177,4507
8178,4507
8179,4507
8180,4507
8181,4507
8182,4507
8183,4507
8184,4507
8185,4507
8186,4507
8187,4507
8188,4507
8189,4507
8190,4507
8191,4507
8192,4507
8193,4507
8194,4507
8195,4507
8196,4507
8197,4507
8198,4507
8199,4507
8200,4507
8201,4507
8202,4507
8203,4507
8204,4507
8205,4507
8206,4507
8207,4507
8208,4507
8209,4507
8210,4507
8211,4507
8212,4507
8213,4507
8214,4507
8215,4507
8216,4507
8217,4507
8218,4507
8219,4507
8220,4507
8221,4507
8222,4507
8223,4507
8224,4507
8225,4507
8226,4507
8227,4507
8228,4507
8229,4507
8230,4507
8231,4507
8232,4507
8233,4507
8234,4507
8235,4507
8236,4507
8237,4507
8238,4507
8239,4507
8240,4507
8241,4507
8242,4507
8243,4507
8244,4507
8245,4507
8246,4507
8247,4507
8248,4507
8249,4507
8250,4507
8251,4507
8252,4507
8253,4507
8254,4507
8255,4507
8256,4507
8257,4507
8258,4507
8259,4507
8260,4507
8261,4507
8262,4507
8263,4507
8264,4507
8265,4507
8266,4507
8267,4507
8268,4507
8269,4507
8270,4507
8271,4507
8272,4507
8273,4507
8274,4507
8275,4507
8276,4507
8277,4507
8278,4507
8279,4507
8280,4507
8281,4507
8282,4507
8283,4507
8284,4507
8285,4507
8286,4507
8287,4507
8288,4507
8289,4507
8290,4507
8291,4507
8292,4507
8293,4507
8294,4507
8295,4507
8296,4507
8297,4507
8298,4507
8299,4507
8300,4507
8301,4507
8302,4507
8303,4507
8304,4507
8305,4507
8306,4507
8307,4507
8308,4507
8309,4507
8310,4507
8311,4507
8312,4507
8313,4507
8314,4507
8315,4507
8316,4507
8317,4507
8318,4507
8319,4507
8320,4507
8321,4507
8322,4507
8323,4507
8324,4507
8325,4507
8326,4507
8327,4507
8328,4507
8329,4507
8330,4507
8331,4507
8332,4507
8333,4507
8334,4507
8335,4507
8336,4507
8337,4507
8338,4507
8339,4507
8340,4507
8341,4507
8342,4507
8343,4507
8344,4507
8345,4507
8346,4507
8347,4507
8348,4507
8349,4507
8350,4507
8351,4507
8352,4507
8353,4507
8354,4507
8355,4507
8356,4507
8357,4507
8358,4507
8359,4507
8360,4507
8361,4507
8362,4507
8363,4507
8364,4507
8365,4507
8366,4507
8367,4507
8368,4507
8369,4507
8370,4507
8371,4507
8372,4507
8373,4507
8374,4507
8375,4507
8376,4507
8377,4507
8378,4507
8379,4507
8380,4507
8381,4507
8382,4507
8383,4507
8384,4507
8385,4507
8386,4507
8387,4507
8388,4507
8389,4507
8390,4507
8391,4507
8392,4507
8393,4507
8394,4507
8395,4507
8396,4507
8397,4507
8398,4507
8399,4507
8400,4507
8401,4507
8402,4507
8403,4507
8404,4507
8405,4507
8406,4507
8407,4507
8408,4507
8409,4507
8410,4507
8411,4507
8412,4507
8413,4507
8414,4507
8415,4507
8416,4507
8417,4507
8418,4507
8419,4507
8420,4507
8421,4507
8422,4507
8423,4507
8424,4507
8425,4507
8426,4507
8427,4507
8428,4507
8429,4507
8430,4507
8431,4507
8432,4507
8433,4507
8434,4507
8435,4507
8436,4507
8437,4507
8438,4507
8439,4507
8440,4507
8441,4507
8442,4507
8443,4507
8444,4507
8445,4507
8446,4507
8447,4507
8448,4507
8449,4507
8450,4507
8451,4507
8452,4507
8453,4507
8454,4507
8455,4507
8456,4507
8457,4507
8458,4507
8459,4507
8460,4507
8461,4507
8462,4507
8463,4507
8464,4507
8465,4507
8466,4507
8467,4507
8468,4507
8469,4507
8470,4507
8471,4507
8472,4507
8473,4507
8474,4507
8475,4507
8476,4507
8477,4507
8478,4507
8479,4507
8480,4507
8481,4507
8482,4507
8483,4507
8484,4507
8485,4507
8486,4507
8487,4507
8488,4507
8489,4507
8490,4507
8491,4507
8492,4507
8493,4507
8494,4507
8495,4507
8496,4507
8497,4507
8498,4507
8499,4507
8500,4507
8501,4507
8502,4507
8503,4507
8504,4507
8505,4507
8506,4507
8507,4507
8508,4507
8509,4507
8510,4507
8511,4507
8512,4507
8513,4507
8514,4507
8515,4507
8516,4507
8517,4507
8518,4507
8519,4507
8520,4507
8521,4507
8522,4507
8523,4507
8524,4507
8525,4507
8526,4507
8527,4507
8528,4507
8529,4507
8530,4507
8531,4507
8532,4507
8533,4507
8534,4507
8535,4507
8536,4507
8537,4507
8538,4507
8539,4507
8540,4507
8541,4507
8542,4507
8543,4507
8544,4507
8545,4507
8546,4507
8547,4507
8548,4507
8549,4507
8550,4507
8551,4507
8552,4507
8553,4507
8554,4507
8555,4507
8556,4507
8557,4507
8558,4507
8559,4507
8560,4507
8561,4507
8562,4507
8563,4507
8564,4507
8565,4507
8566,4507
8567,4507
8568,4507
8569,4507
8570,4507
8571,4507
8572,4507
8573,4507
8574,4507
8575,4507
8576,4507
8577,4507
8578,4507
8579,4507
8580,4507
8581,4507
8582,4507
8583,4507
8584,4507
8585,4507
8586,4507
8587,4507
8588,4507
8589,4507
8590,4507
8591,4507
8592,4507
8593,4507
8594,4507
8595,4507
8596,4507
8597,4507
8598,4507
8599,4507
8600,4507
8601,4507
8602,4507
8603,4507
8604,4507
8605,4507
8606,4507
8607,4507
8608,4507
8609,4507
8610,4507
8611,4507
8612,4507
8613,4507
8614,4507
8615,4507
8616,4507
8617,4507
8618,4507
8619,4507
8620,4507
8621,4507
8622,4507
8623,4507
8624,4507
8625,4507
8626,4507
8627,4507
8628,4507
8629,4507
8630,4507
8631,4507
8632,4507
8633,4507
8634,4507
8635,4507
8636,4507
8637,4507
8638,4507
8639,4507
8640,4507
8641,4507
8642,4507
8643,4507
8644,4507
8645,4507
8646,4507
8647,4507
8648,4507
8649,4507
8650,4507
8651,4507
8652,4507
8653,4507
8654,4507
8655,4507
8656,4507
8657,4507
8658,4507
8659,4507
8660,4507
8661,4507
8662,4507
8663,4507
8664,4507
8665,4507
8666,4507
8667,4507
8668,4507
8669,4507
8670,4507
8671,4507
8672,4507
8673,4507
8674,4507
8675,4507
8676,4507
8677,4507
8678,4507
8679,4507
8680,4507
8681,4507
8682,4507
8683,4507
8684,4507
8685,4507
8686,4507
8687,4507
8688,4507
8689,4507
8690,4507
8691,4507
8692,4507
8693,4507
8694,4507
8695,4507
8696,4507
8697,4507
8698,4507
8699,4507
8700,4507
8701,4507
8702,4507
8703,4507
8704,4507
8705,4507
8706,4507
8707,4507
8708,4507
8709,4507
8710,4507
8711,4507
8712,4507
8713,4507
8714,4507
8715,4507
8716,4619
8717,4619
8718,4619
8719,4619
8720,4619
8721,4619
8722,4619
8723,4619
8724,4619
8725,4619
8726,4619
8727,4619
8728,4619
8729,4619
8730,4619
8731,4619
8732,4619
8733,4619
8734,4619
8735,4619
8736,4619
8737,4619
8738,4619
8739,4619
8740,4619
8741,4619
8742,4619
8743,4619
8744,4619
8745,4619
8746,4619
8747,4619
8748,4619
8749,4619
8750,4619
8751,4619
8752,4619
8753,4619
8754,4619
8755,4619
8756,4619
8757,4619
8758,4619
8759,4619
8760,4619
8761,4619
8762,4619
8763,4619
8764,4619
8765,4619
8766,4619
8767,4619
8768,4619
8769,4619
8770,4619
8771,4619
8772,4619
8773,4619
8774,4619
8775,4619
8776,4619
8777,4619
8778,4619
8779,4619
8780,4619
8781,4619
8782,4619
8783,4619
8784,4619
8785,4619
8786,4619
8787,4619
8788,4619
8789,4619
8790,4619
8791,4619
8792,4619
8793,4619
8794,4619
8795,4619
8796,4619
8797,4619
8798,4619
8799,4619
8800,4619
8801,4619
8802,4619
8803,4619
8804,4619
8805,4619
8806,4619
8807,4619
8808,4619
8809,4619
8810,4619
8811,4619
8812,4619
8813,4619
8814,4619
8815,4619
8816,4619
8817,4619
8818,4619
8819,4619
8820,4619
8821,4619
8822,4619
8823,4619
8824,4619
8825,4619
8826,4619
8827,4619
8828,4619
8829,4619
8830,4619
8831,4619
8832,4619
8833,4619
8834,4619
8835,4619
8836,4619
8837,4619
8838,4619
8839,4619
8840,4619
8841,4619
8842,4619
8843,4619
8844,4619
8845,4619
8846,4619
8847,4619
8848,4619
8849,4619
8850,4619
8851,4619
8852,4619
8853,4619
8854,4619
8855,4619
8856,4619
8857,4619
8858,4619
8859,4619
8860,4619
8861,4619
8862,4619
8863,4619
8864,4619
8865,4619
8866,4619
8867,4619
8868,4619
8869,4619
8870,4619
8871,4619
8872,4619
8873,4619
8874,4619
8875,4619
8876,4619
8877,4619
8878,4619
8879,4619
8880,4619
8881,4619
8882,4619
8883,4619
8884,4619
8885,4619
8886,4619
8887,4619
8888,4619
8889,4619
8890,4619
8891,4619
8892,4619
8893,4619
8894,4619
8895,4619
8896,4619
8897,4619
8898,4619
8899,4619
8900,4619
8901,4619
8902,4619
8903,4619
8904,4619
8905,4619
8906,4619
8907,4619
8908,4619
8909,4619
8910,4619
8911,4619
8912,4619
8913,4619
8914,4619
8915,4619
8916,4619
8917,4619
8918,4619
8919,4619
8920,4619
8921,4619
8922,4619
8923,4619
8924,4619
8925,4619
8926,4619
8927,4619
8928,4619
8929,4619
8930,4619
8931,4619
8932,4619
8933,4619
8934,4619
8935,4619
8936,4619
8937,4619
8938,4619
8939,4619
8940,4619
8941,4619
8942,4619
8943,4619
8944,4619
8945,4619
8946,4619
8947,4619
8948,4619
8949,4619
8950,4619
8951,4619
8952,4619
8953,4619
8954,4619
8955,4619
8956,4619
8957,4619
8958,4619
8959,4619
8960,4619
8961,4619
8962,4619
8963,4619
8964,4619
8965,4619
8966,4619
8967,4619
8968,4619
8969,4619
8970,4619
8971,4619
8972,4619
8973,4619
8974,4619
8975,4619
8976,4619
8977,4619
8978,4619
8979,4619
8980,4619
8981,4619
8982,4619
8983,4619
8984,4619
8985,4619
8986,4619
8987,4619
8988,4619
8989,4619
8990,4619
8991,4619
8992,4619
8993,4619
8994,4619
8995,4619
8996,4619
8997,4619
8998,4619
8999,4619
9000,4619
9001,4619
9002,4619
9003,4619
9004,4619
9005,4619
9006,4619
9007,4619
9008,4619
9009,4619
9010,4619
9011,4619
9012,4619
9013,4619
9014,4619
9015,4619
9016,4619
9017,4619
9018,4619
9019,4619
9020,4619
9021,4619
9022,4619
9023,4619
9024,4619
9025,4619
9026,4619
9027,4619
9028,4619
9029,4619
9030,4619
9031,4619
9032,4619
9033,4619
9034,4619
9035,4619
9036,4619
9037,4619
9038,4619
9039,4619
9040,4619
9041,4619
9042,4619
9043,4619
9044,4619
9045,4619
9046,4619
9047,4619
9048,4619
9049,4619
9050,4619
9051,4619
9052,4619
9053,4619
9054,4619
9055,4619
9056,4619
9057,4619
9058,4619
9059,4619
9060,4619
9061,4619
9062,4619
9063,4619
9064,4619
9065,4619
9066,4619
9067,4619
9068,4619
9069,4619
9070,4619
9071,4619
9072,4619
9073,4619
9074,4619
9075,4619
9076,4619
9077,4619
9078,4619
9079,4619
9080,4619
9081,4619
9082,4619
9083,4619
9084,4619
9085,4619
9086,4619
9087,4619
9088,4619
9089,4619
9090,4619
9091,4619
9092,4619
9093,4619
9094,4619
9095,4619
9096,4619
9097,4619
9098,4619
9099,4619
9100,4619
9101,4619
9102,4619
9103,4619
9104,4619
9105,4619
9106,4619
9107,4619
9108,4619
9109,4619
9110,4619
9111,4619
9112,4619
9113,4619
9114,4619
9115,4619
9116,4619
9117,4619
9118,4619
9119,4619
9120,4619
9121,4619
9122,4619
9123,4619
9124,4619
9125,4619
9126,4619
9127,4619
9128,4619
9129,4619
9130,4619
9131,4619
9132,4619
9133,4619
9134,4619
9135,4619
9136,4619
9137,4619
9138,4619
9139,4619
9140,4619
9141,4619
9142,4619
9143,4619
9144,4619
9145,4619
9146,4619
9147,4619
9148,4619
9149,4619
9150,4619
9151,4619
9152,4619
9153,4619
9154,4619
9155,4619
9156,4619
9157,4619
9158,4619
9159,4619
9160,4619
9161,4619
9162,4619
9163,4619
9164,4619
9165,4619
9166,4619
9167,4619
9168,4619
9169,4619
9170,4619
9171,4619
9172,4619
9173,4619
9174,4619
9175,4619
9176,4619
9177,4619
9178,4619
9179,4619
9180,4619
9181,4619
9182,4619
9183,4619
9184,4619
9185,4619
9186,4619
9187,4619
9188,4619
9189,4619
9190,4619
9191,4619
9192,4619
9193,4619
9194,4619
9195,4619
9196,4619
9197,4619
9198,4619
9199,4619
9200,4619
9201,4619
9202,4619
9203,4619
9204,4619
9205,4619
9206,4619
9207,4619
9208,4619
9209,4619
9210,4619
9211,4619
9212,4619
9213,4619
9214,4619
9215,4619
9216,4619
9217,4619
9218,4619
9219,4619
9220,4619
9221,4619
9222,4619
9223,4619
9224,4619
9225,4619
9226,4619
9227,4619
9228,4619
9229,4619
9230,4619
9231,4619
9232,4619
9233,4619
9234,4619
9235,4619
9236,4619
9237,4619
9238,4619
9239,4619
9240,4619
9241,4619
9242,4619
9243,4619
9244,4619
9245,4619
9246,4619
9247,4619
9248,4619
9249,4619
9250,4619
9251,4619
9252,4619
9253,4619
9254,4619
9255,4619
9256,4619
9257,4619
9258,4619
9259,4619
9260,4619
9261,4619
9262,4619
9263,4619
9264,4619
9265,4619
9266,4619
9267,4619
9268,4619
9269,4619
9270,4619
9271,4619
9272,4619
9273,4619
9274,4619
9275,4619
9276,4619
9277,4619
9278,4619
9279,4619
9280,4619
9281,4619
9282,4619
9283,4619
9284,4619
9285,4619
9286,4619
9287,4619
9288,4619
9289,4619
9290,4619
9291,4619
9292,4619
9293,4619
9294,4619
9295,4619
9296,4619
9297,4619
9298,4619
9299,4619
9300,4619
9301,4619
9302,4619
9303,4619
9304,4619
9305,4619
9306,4619
9307,4619
9308,4619
9309,4619
9310,4619
9311,4619
9312,4619
9313,4619
9314,4619
9315,4619
9316,4619
9317,4619
9318,4619
9319,4619
9320,4619
9321,4619
9322,4619
9323,4619
9324,4619
9325,4619
9326,4619
9327,4619
9328,4619
9329,4619
9330,4619
9331,4619
9332,4619
9333,4619
9334,4619
9335,4619
9336,4619
9337,4619
9338,4619
9339,4619
9340,4619
9341,4619
9342,4619
9343,4619
9344,4619
9345,4619
9346,4619
9347,4619
9348,4619
9349,4619
9350,4619
9351,4619
9352,4619
9353,4619
9354,4619
9355,4619
9356,4619
9357,4619
9358,4619
9359,4619
9360,4619
9361,4619
9362,4619
9363,4619
9364,4619
9365,4619
9366,4619
9367,4619
9368,4619
9369,4619
9370,4619
9371,4619
9372,4619
9373,4619
9374,4619
9375,4619
9376,4619
9377,4619
9378,4619
9379,4619
9380,4619
9381,4619
9382,4619
9383,4619
9384,4619
9385,4619
9386,4619
9387,4619
9388,4619
9389,4619
9390,4619
9391,4619
9392,4619
9393,4619
9394,4619
9395,4619
9396,4619
9397,4619
9398,4619
9399,4619
9400,4619
9401,4619
9402,4619
9403,4619
9404,4619
9405,4619
9406,4619
9407,4619
9408,4619
9409,4619
9410,4619
9411,4619
9412,4619
9413,4619
9414,4619
9415,4619
9416,4619
9417,4619
9418,4619
9419,4619
9420,4619
9421,4619
9422,4619
9423,4619
9424,4619
9425,4619
9426,4619
9427,4619
9428,4619
9429,4619
9430,4619
9431,4619
9432,4619
9433,4619
9434,4619
9435,4619
9436,4619
9437,4619
9438,4619
9439,4619
9440,4619
9441,4619
9442,4619
9443,4619
9444,4619
9445,4619
9446,4619
9447,4619
9448,4619
9449,4619
9450,4619
9451,4619
9452,4619
9453,4619
9454,4619
9455,4619
9456,4619
9457,4619
9458,4619
9459,4619
9460,4619
9461,4619
9462,4619
9463,4619
9464,4619
9465,4619
9466,4619
9467,4619
9468,4619
9469,4619
9470,4619
9471,4619
9472,4619
9473,4619
9474,4619
9475,4619
9476,4619
9477,4619
9478,4619
9479,4619
9480,4619
9481,4619
9482,4619
9483,4619
9484,4619
9485,4619
9486,4619
9487,4619
9488,4619
9489,4619
9490,4619
9491,4619
9492,4619
9493,4619
9494,4619
9495,4619
9496,4619
9497,4619
9498,4619
9499,4619
9500,4619
9501,4619
9502,4619
9503,4619
9504,4619
9505,4619
9506,4619
9507,4619
9508,4619
9509,4619
9510,4619
9511,4619
9512,4619
9513,4619
9514,4619
9515,4619
9516,4619
9517,4619
9518,4619
9519,4619
9520,4619
9521,4619
9522,4619
9523,4619
9524,4619
9525,4619
9526,4619
9527,4619
9528,4619
9529,4619
9530,4619
9531,4619
9532,4619
9533,4619
9534,4619
9535,4619
9536,4619
9537,4619
9538,4619
9539,4619
9540,4619
9541,4619
9542,4619
9543,4619
9544,4619
9545,4619
9546,4619
9547,4619
9548,4619
9549,4619
9550,4619
9551,4619
9552,4619
9553,4619
9554,4619
9555,4619
9556,4619
9557,4619
9558,4619
9559,4619
9560,4619
9561,4619
9562,4619
9563,4619
9564,4619
9565,4619
9566,4619
9567,4619
9568,4619
9569,4619
9570,4619
9571,4619
9572,4619
9573,4619
9574,4619
9575,4619
9576,4619
9577,4619
9578,4619
9579,4619
9580,4619
9581,4619
9582,4619
9583,4619
9584,4619
9585,4619
9586,4619
9587,4619
9588,4619
9589,4619
9590,4619
9591,4619
9592,4619
9593,4619
9594,4619
9595,4619
9596,4619
9597,4619
9598,4619
9599,4619
9600,4619
9601,4619
9602,4619
9603,4619
9604,4619
9605,4619
9606,4619
9607,4619
9608,4619
9609,4619
9610,4619
9611,4619
9612,4619
9613,4619
9614,4619
9615,4619
9616,4619
9617,4619
9618,4619
9619,4619
9620,4619
9621,4619
9622,4619
9623,4619
9624,4619
9625,4619
9626,4619
9627,4619
9628,4619
9629,4619
9630,4619
9631,4619
9632,4619
9633,4619
9634,4619
9635,4619
9636,4619
9637,4619
9638,4619
9639,4619
9640,4619
9641,4619
9642,4619
9643,4619
9644,4619
9645,4619
9646,4619
9647,4619
9648,4619
9649,4619
9650,4619
9651,4619
9652,4619
9653,4619
9654,4619
9655,4619
9656,4619
9657,4619
9658,4619
9659,4619
9660,4619
9661,4619
9662,4619
9663,4619
9664,4619
9665,4619
9666,4619
9667,4619
9668,4619
9669,4619
9670,4619
9671,4619
9672,4619
9673,4619
9674,4619
9675,4619
9676,4619
9677,4619
9678,4619
9679,4619
9680,4619
9681,4619
9682,4619
9683,4619
9684,4619
9685,4619
9686,4619
9687,4619
9688,4619
9689,4619
9690,4619
9691,4619
9692,4619
9693,4619
9694,4619
9695,4619
9696,4619
9697,4619
9698,4619
9699,4619
9700,4619
9701,4619
9702,4619
9703,4619
9704,4619
9705,4619
9706,4619
9707,4619
9708,4619
9709,4619
9710,4619
9711,4619
9712,4619
9713,4619
9714,4619
9715,4619
9716,4619
9717,4619
9718,4619
9719,4619
9720,4619
9721,4619
9722,4619
9723,4619
9724,4619
9725,4619
9726,4619
9727,4619
9728,4619
9729,4619
9730,4619
9731,4619
9732,4619
9733,4619
9734,4619
9735,4619
9736,4619
9737,4619
9738,4619
9739,4619
9740,4619
9741,4619
9742,4619
9743,4619
9744,4619
9745,4619
9746,4619
9747,4619
9748,4619
9749,4619
9750,4619
9751,4619
9752,4619
9753,4619
9754,4619
9755,4619
9756,4619
9757,4619
9758,4619
9759,4619
9760,4619
9761,4619
9762,4619
9763,4619
9764,4619
9765,4619
9766,4619
9767,4619
9768,4619
9769,4619
9770,4619
9771,4619
9772,4619
9773,4619
9774,4619
9775,4619
9776,4619
9777,4619
9778,4619
9779,4619
9780,4619
9781,4619
9782,4619
9783,4619
9784,4619
9785,4619
9786,4619
9787,4619
9788,4619
9789,4619
9790,4619
9791,4619
9792,4619
9793,4619
9794,4619
9795,4619
9796,4619
9797,4619
9798,4619
9799,4619
9800,4619
9801,4619
9802,4619
9803,4619
9804,4619
9805,4619
9806,4619
9807,4619
9808,4619
9809,4619
9810,4619
9811,4619
9812,4619
9813,4619
9814,4619
9815,4619
9816,4619
9817,4619
9818,4619
9819,4619
9820,4619
9821,4619
9822,4619
9823,4619
9824,4619
9825,4619
9826,4619
9827,4619
9828,4619
9829,4619
9830,4619
9831,4619
9832,4619
9833,4619
9834,4619
9835,4619
9836,4619
9837,4619
9838,4619
9839,4619
9840,4619
9841,4619
9842,4619
9843,4619
9844,4619
9845,4619
9846,4619
9847,4619
9848,4619
9849,4619
9850,4619
9851,4619
9852,4619
9853,4619
9854,4619
9855,4619
9856,4619
9857,4619
9858,4619
9859,4619
9860,4619
9861,4619
9862,4619
9863,4619
9864,4619
9865,4619
9866,4619
9867,4619
9868,4619
9869,4619
9870,4619
9871,4619
9872,4619
9873,4619
9874,4619
9875,4619
9876,4619
9877,4619
9878,4619
9879,4619
9880,4619
9881,4619
9882,4619
9883,4619
9884,4619
9885,4619
9886,4619
9887,4619
9888,4619
9889,4619
9890,4619
9891,4619
9892,4619
9893,4619
9894,4619
9895,4619
9896,4619
9897,4619
9898,4619
9899,4619
9900,4619
9901,4619
9902,4619
9903,4619
9904,4619
9905,4619
9906,4619
9907,4619
9908,4619
9909,4619
9910,4619
9911,4619
9912,4619
9913,4619
9914,4619
9915,4619
9916,4619
9917,4619
9918,4619
9919,4619
9920,4619
9921,4619
9922,4619
9923,4619
9924,4619
9925,4619
9926,4619
9927,4619
9928,4619
9929,4619
9930,4619
9931,4619
9932,4619
9933,4619
9934,4619
9935,4619
9936,4619
9937,4619
9938,4619
9939,4619
9940,4619
9941,4619
9942,4619
9943,4619
9944,4619
9945,4619
9946,4619
9947,4619
9948,4619
9949,4619
9950,4619
9951,4619
9952,4619
9953,4619
9954,4619
9955,4619
9956,4619
9957,4619
9958,4619
9959,4619
9960,4619
9961,4619
9962,4619
9963,4619
9964,4619
9965,4619
9966,4619
9967,4619
9968,4619
9969,4619
9970,4619
9971,4619
9972,4619
9973,4619
9974,4619
9975,4619
9976,4619
9977,4619
9978,4619
9979,4619
9980,4619
9981,4619
9982,4619
9983,4619
9984,4619
9985,4619
9986,4619
9987,4619
9988,4619
9989,4619
9990,4619
9991,4619
9992,4619
9993,4619
9994,4619
9995,4619
9996,4619
9997,4619
9998,4619
9999,4619
10000,4619
10001,4619
10002,4619
10003,4619
10004,4619
10005,4619
10006,4619
10007,4619
10008,4619
10009,4619
10010,4619
10011,4619
10012,4619
10013,4619
10014,4619
10015,4619
10016,4619
10017,4619
10018,4619
10019,4619
10020,4619
10021,4619
10022,4619
10023,4619
10024,4619
10025,4619
10026,4619
10027,4619
10028,4619
10029,4619
10030,4619
10031,4619
10032,4619
10033,4619
10034,4619
10035,4619
10036,4619
10037,4619
10038,4619
10039,4619
10040,4619
10041,4619
10042,4619
10043,4619
10044,4619
10045,4619
10046,4619
10047,4619
10048,4619
10049,4619
10050,4619
10051,4619
10052,4619
10053,4619
10054,4619
10055,4619
10056,4619
10057,4619
10058,4619
10059,4619
10060,4619
10061,4619
10062,4619
10063,4619
10064,4619
10065,4619
10066,4619
10067,4619
10068,4619
10069,4619
10070,4619
10071,4619
10072,4619
10073,4619
10074,4619
10075,4619
10076,4619
10077,4619
10078,4619
10079,4619
10080,4619
10081,4619
10082,4619
10083,4619
10084,4619
10085,4619
10086,4619
10087,4619
10088,4619
10089,4619
10090,4619
10091,4619
10092,4619
10093,4619
10094,4619
10095,4619
10096,4619
10097,4619
10098,4619
10099,4619
10100,4619
10101,4619
10102,4619
10103,4619
10104,4619
10105,4619
10106,4619
10107,4619
10108,4619
10109,4619
10110,4619
10111,4619
10112,4619
10113,4619
10114,4619
10115,4619
10116,4619
10117,4619
10118,4619
10119,4619
10120,4619
10121,4619
10122,4619
10123,4619
10124,4619
10125,4619
10126,4619
10127,4619
10128,4619
10129,4619
10130,4619
10131,4619
10132,4619
10133,4619
10134,4619
10135,4619
10136,4619
10137,4619
10138,4619
10139,4619
10140,4619
10141,4619
10142,4619
10143,4619
10144,4619
10145,4619
10146,4619
10147,4619
10148,4619
10149,4619
10150,4619
10151,4619
10152,4619
10153,4619
10154,4619
10155,4619
10156,4619
10157,4619
10158,4619
10159,4619
10160,4619
10161,4619
10162,4619
10163,4619
10164,4619
10165,4619
10166,4619
10167,4619
10168,4619
10169,4619
10170,4619
10171,4619
10172,4619
10173,4619
10174,4619
10175,4619
10176,4619
10177,4619
10178,4619
10179,4619
10180,4619
10181,4619
10182,4619
10183,4619
10184,4619
10185,4619
10186,4619
10187,4619
10188,4619
10189,4619
10190,4619
10191,4619
10192,4619
10193,4619
10194,4619
10195,4619
10196,4619
10197,4619
10198,4619
10199,4619
10200,4619
10201,4619
10202,4619
10203,4619
10204,4619
10205,4619
10206,4619
10207,4619
10208,4619
10209,4619
10210,4619
10211,4619
10212,4619
10213,4619
10214,4619
10215,4619
10216,4619
10217,4619
10218,4619
10219,4619
10220,4619
10221,4619
10222,4619
10223,4619
10224,4619
10225,4619
10226,4619
10227,4619
10228,4619
10229,4619
10230,4619
10231,4619
10232,4619
10233,4619
10234,4619
10235,4619
10236,4619
10237,4619
10238,4619
10239,4619
10240,4619
10241,4619
10242,4619
10243,4619
10244,4619
10245,4619
10246,4619
10247,4619
10248,4619
10249,4619
10250,4619
10251,4619
10252,4619
10253,4619
10254,4619
10255,4619
10256,4619
10257,4619
10258,4619
10259,4619
10260,4619
10261,4619
10262,4619
10263,4619
10264,4619
10265,4619
10266,4619
10267,4619
10268,4619
10269,4619
10270,4619
10271,4619
10272,4619
10273,4619
10274,4619
10275,4619
10276,4619
10277,4619
10278,4619
10279,4619
10280,4619
10281,4619
10282,4619
10283,4619
10284,4619
10285,4619
10286,4619
10287,4619
10288,4619
10289,4619
10290,4619
10291,4619
10292,4619
10293,4619
10294,4619
10295,4619
10296,4619
10297,4619
10298,4619
10299,4619
10300,4619
10301,4619
10302,4619
10303,4619
10304,4619
10305,4619
10306,4619
10307,4619
10308,4619
10309,4619
10310,4619
10311,4619
10312,4619
10313,4619
10314,4619
10315,4619
10316,4619
10317,4619
10318,4619
10319,4619
10320,4619
10321,4619
10322,4619
10323,4619
10324,4619
10325,4619
10326,4619
10327,4619
10328,4619
10329,4619
10330,4619
10331,4619
10332,4619
10333,4619
10334,4619
10335,4619
10336,4619
10337,4619
10338,4619
10339,4619
10340,4619
10341,4619
10342,4619
10343,4619
10344,4619
10345,4619
10346,4619
10347,4619
10348,4619
10349,4619
10350,4619
10351,4619
10352,4619
10353,4619
10354,4619
10355,4619
10356,4619
10357,4619
10358,4619
10359,4619
10360,4619
10361,4619
10362,4619
10363,4619
10364,4619
10365,4619
10366,4619
10367,4619
10368,4619
10369,4619
10370,4619
10371,4619
10372,4619
10373,4619
10374,4619
10375,4619
10376,4619
10377,4619
10378,4619
10379,4619
10380,4619
10381,4619
10382,4619
10383,4619
10384,4619
10385,4619
10386,4619
10387,4619
10388,4619
10389,4619
10390,4619
10391,4619
10392,4619
10393,4619
10394,4619
10395,4619
10396,4619
10397,4619
10398,4619
10399,4619
10400,4619
10401,4619
10402,4619
10403,4619
10404,4619
10405,4619
10406,4619
10407,4619
10408,4619
10409,4619
10410,4619
10411,4619
10412,4619
10413,4619
10414,4619
10415,4619
10416,4619
10417,4619
10418,4619
10419,4619
10420,4619
10421,4619
10422,4619
10423,4619
10424,4619
10425,4619
10426,4619
10427,4619
10428,4619
10429,4619
10430,4619
10431,4619
10432,4619
10433,4619
10434,4619
10435,4619
10436,4619
10437,4619
10438,4619
10439,4619
10440,4619
10441,4619
10442,4619
10443,4619
10444,4619
10445,4619
10446,4619
10447,4619
10448,4619
10449,4619
10450,4619
10451,4619
10452,4619
10453,4619
10454,4619
10455,4619
10456,4619
10457,4619
10458,4619
10459,4619
10460,4619
10461,4619
10462,4619
10463,4619
10464,4619
10465,4619
10466,4619
10467,4619
10468,4619
10469,4619
10470,4619
10471,4619
10472,4619
10473,4619
10474,4619
10475,4619
10476,4619
10477,4619
10478,4619
10479,4619
10480,4619
10481,4619
10482,4619
10483,4619
10484,4619
10485,4619
10486,4619
10487,4619
10488,4619
10489,4619
10490,4619
10491,4619
10492,4619
10493,4619
10494,4619
10495,4619
10496,4619
10497,4619
10498,4619
10499,4619
10500,4619
10501,4619
10502,4619
10503,4619
10504,4619
10505,4619
10506,4619
10507,4619
10508,4619
10509,4619
10510,4619
10511,4619
10512,4619
10513,4619
10514,4619
10515,4619
10516,4619
10517,4619
10518,4619
10519,4619
10520,4619
10521,4619
10522,4619
10523,4619
10524,4619
10525,4619
10526,4619
10527,4619
10528,4619
10529,4619
10530,4619
10531,4619
10532,4619
10533,4619
10534,4619
10535,4619
10536,4619
10537,4619
10538,4619
10539,4619
10540,4619
10541,4619
10542,4619
10543,4619
10544,4619
10545,4619
10546,4619
10547,4619
10548,4619
10549,4619
10550,4619
10551,4619
10552,4619
10553,4619
10554,4619
10555,4619
10556,4619
10557,4619
10558,4619
10559,4619
10560,4619
10561,4619
10562,4619
10563,4619
10564,4619
10565,4619
10566,4619
10567,4619
10568,4619
10569,4619
10570,4619
10571,4619
10572,4619
10573,4619
10574,4619
10575,4619
10576,4619
10577,4619
10578,4619
10579,4619
10580,4619
10581,4619
10582,4619
10583,4619
10584,4619
10585,4619
10586,4619
10587,4619
10588,4619
10589,4619
10590,4619
10591,4619
10592,4619
10593,4619
10594,4619
10595,4619
10596,4619
10597,4619
10598,4619
10599,4619
10600,4619
10601,4619
10602,4619
10603,4619
10604,4619
10605,4619
10606,4619
10607,4619
10608,4619
10609,4619
10610,4619
10611,4619
10612,4619
10613,4619
10614,4619
10615,4619
10616,4619
10617,4619
10618,4619
10619,4619
10620,4619
10621,4619
10622,4619
10623,4619
10624,4619
10625,4619
10626,4619
10627,4619
10628,4619
10629,4619
10630,4619
10631,4619
10632,4619
10633,4619
10634,4619
10635,4619
10636,4619
10637,4619
10638,4619
10639,4619
10640,4619
10641,4619
10642,4619
10643,4619
10644,4619
10645,4619
10646,4619
10647,4619
10648,4619
10649,4619
10650,4619
10651,4619
10652,4619
10653,4619
10654,4619
10655,4619
10656,4619
10657,4619
10658,4619
10659,4619
10660,4619
10661,4619
10662,4619
10663,4619
10664,4619
10665,4619
10666,4619
10667,4619
10668,4619
10669,4619
10670,4619
10671,4619
10672,4619
10673,4619
10674,4619
10675,4619
10676,4619
10677,4619
10678,4619
10679,4619
10680,4619
10681,4619
10682,4619
10683,4619
10684,4619
10685,4619
10686,4619
10687,4619
10688,4619
10689,4619
10690,4619
10691,4619
10692,4619
10693,4619
10694,4619
10695,4619
10696,4619
10697,4619
10698,4619
10699,4619
10700,4619
10701,4619
10702,4619
10703,4619
10704,4619
10705,4619
10706,4619
10707,4619
10708,4619
10709,4619
10710,4619
10711,4619
10712,4619
10713,4619
10714,4619
10715,4619
10716,4619
10717,4619
10718,4619
10719,4619
10720,4619
10721,4619
10722,4619
10723,4619
10724,4619
10725,4619
10726,4619
10727,4619
10728,4619
10729,4619
10730,4619
10731,4619
10732,4619
10733,4619
10734,4619
10735,4619
10736,4619
10737,4619
10738,4619
10739,4619
10740,4619
10741,4619
10742,4619
10743,4619
10744,4619
10745,4619
10746,4619
10747,4619
10748,4619
10749,4619
10750,4619
10751,4619
10752,4619
10753,4619
10754,4619
10755,4619
10756,4619
10757,4619
10758,4619
10759,4619
10760,4619
10761,4619
10762,4619
10763,4619
10764,4619
10765,4619
10766,4619
10767,4619
10768,4619
10769,4619
10770,4619
10771,4619
10772,4619
10773,4619
10774,4619
10775,4619
10776,4619
10777,4619
10778,4619
10779,4619
10780,4619
10781,4619
10782,4619
10783,4619
10784,4619
10785,4619
10786,4619
10787,4619
10788,4619
10789,4619
10790,4619
10791,4619
10792,4619
10793,4619
10794,4619
10795,4619
10796,4619
10797,4619
10798,4619
10799,4619
10800,4619
10801,4619
10802,4619
10803,4619
10804,4619
10805,4619
10806,4619
10807,4619
10808,4619
10809,4619
10810,4619
10811,4619
10812,4619
10813,4619
10814,4619
10815,4619
10816,4619
10817,4619
10818,4619
10819,4619
10820,4619
10821,4619
10822,4619
10823,4619
10824,4619
10825,4619
10826,4619
10827,4619
10828,4619
10829,4619
10830,4619
10831,4619
10832,4619
10833,4619
10834,4619
10835,4619
10836,4619
10837,4619
10838,4619
10839,4619
10840,4619
10841,4619
10842,4619
10843,4619
10844,4619
10845,4619
10846,4619
10847,4619
10848,4619
10849,4619
10850,4619
10851,4619
10852,4619
10853,4619
10854,4619
10855,4619
10856,4619
10857,4619
10858,4619
10859,4619
10860,4619
10861,4619
10862,4619
10863,4619
10864,4619
10865,4619
10866,4619
10867,4619
10868,4619
10869,4619
10870,4619
10871,4619
10872,4619
10873,4619
10874,4619
10875,4619
10876,4619
10877,4619
10878,4619
10879,4619
10880,4619
10881,4619
10882,4619
10883,4619
10884,4619
10885,4619
10886,4619
10887,4619
10888,4619
10889,4619
10890,4619
10891,4619
10892,4619
10893,4619
10894,4619
10895,4619
10896,4619
10897,4619
10898,4619
10899,4619
10900,4619
10901,4619
10902,4619
10903,4619
10904,4619
10905,4619
10906,4619
10907,4619
10908,4619
10909,4619
10910,4619
10911,4619
10912,4619
10913,4619
10914,4619
10915,4619
10916,4619
10917,4619
10918,4619
10919,4619
10920,4619
10921,4619
10922,4619
10923,4619
10924,4619
10925,4619
10926,4619
10927,4619
10928,4619
10929,4619
10930,4619
10931,4619
10932,4619
10933,4619
10934,4619
10935,4619
10936,4619
10937,4619
10938,4619
10939,4619
10940,4619
10941,4619
10942,4619
10943,4619
10944,4619
10945,4619
10946,4619
10947,4619
10948,4619
10949,4619
10950,4619
10951,4619
10952,4619
10953,4619
10954,4619
10955,4619
10956,4619
10957,4619
10958,4619
10959,4619
10960,4619
10961,4619
10962,4619
10963,4619
10964,4619
10965,4619
10966,4619
10967,4619
10968,4619
10969,4619
10970,4619
10971,4619
10972,4619
10973,4619
10974,4619
10975,4619
10976,4619
10977,4619
10978,4619
10979,4619
10980,4619
10981,4619
10982,4619
10983,4619
10984,4619
10985,4619
10986,4619
10987,4619
10988,4619
10989,4619
10990,4619
10991,4619
10992,4619
10993,4619
10994,4619
10995,4619
10996,4619
10997,4619
10998,4619
10999,4619
11000,4619
11001,4619
11002,4619
11003,4619
11004,4619
11005,4619
11006,4619
11007,4619
11008,4619
11009,4619
11010,4619
11011,4619
11012,4619
11013,4619
11014,4619
11015,4619
11016,4619
11017,4619
11018,4619
11019,4619
11020,4619
11021,4619
11022,4619
11023,4619
11024,4619
11025,4619
11026,4619
11027,4619
11028,4619
11029,4619
11030,4619
11031,4619
11032,4619
11033,4619
11034,4619
11035,4619
11036,4619
11037,4619
11038,4619
11039,4619
11040,4619
11041,4619
11042,4619
11043,4619
11044,4619
11045,4619
11046,4619
11047,4619
11048,4619
11049,4619
11050,4619
11051,4619
11052,4619
11053,4619
11054,4619
11055,4619
11056,4619
11057,4619
11058,4619
11059,4619
11060,4619
11061,4619
11062,4619
11063,4619
11064,4619
11065,4619
11066,4619
11067,4619
11068,4619
11069,4619
11070,4619
11071,4619
11072,4619
11073,4619
11074,4619
11075,4619
11076,4619
11077,4619
11078,4619
11079,4619
11080,4619
11081,4619
11082,4619
11083,4619
11084,4619
11085,4619
11086,4619
11087,4619
11088,4619
11089,4619
11090,4619
11091,4619
11092,4619
11093,4619
11094,4619
11095,4619
11096,4619
11097,4619
11098,4619
11099,4619
11100,4619
11101,4619
11102,4619
11103,4619
11104,4619
11105,4619
11106,4619
11107,4619
11108,4619
11109,4619
11110,4619
11111,4619
11112,4619
11113,4619
11114,4619
11115,4619
11116,4619
11117,4619
11118,4619
11119,4619
11120,4619
11121,4619
11122,4619
11123,4619
11124,4619
11125,4619
11126,4619
11127,4619
11128,4619
11129,4619
11130,4619
11131,4619
11132,4619
11133,4619
11134,4619
11135,4619
11136,4619
11137,4619
11138,4619
11139,4619
11140,4619
11141,4619
11142,4619
11143,4619
11144,4619
11145,4619
11146,4619
11147,4619
11148,4619
11149,4619
11150,4619
11151,4619
11152,4619
11153,4619
11154,4619
11155,4619
11156,4619
11157,4619
11158,4619
11159,4619
11160,4619
11161,4619
11162,4619
11163,4619
11164,4619
11165,4619
11166,4619
11167,4619
11168,4619
11169,4619
11170,4619
11171,4619
11172,4619
11173,4619
11174,4619
11175,4619
11176,4619
11177,4619
11178,4619
11179,4619
11180,4619
11181,4619
11182,4619
11183,4619
11184,4619
11185,4619
11186,4619
11187,4619
11188,4619
11189,4619
11190,4619
11191,4619
11192,4619
11193,4619
11194,4619
11195,4619
11196,4619
11197,4619
11198,4619
11199,4619
11200,4619
11201,4619
11202,4619
11203,4619
11204,4619
11205,4619
11206,4619
11207,4619
11208,4619
11209,4619
11210,4619
11211,4619
11212,4619
11213,4619
11214,4619
11215,4619
11216,4619
11217,4619
11218,4619
11219,4619
11220,4619
11221,4619
11222,4619
11223,4619
11224,4619
11225,4619
11226,4619
11227,4619
11228,4619
11229,4619
11230,4619
11231,4619
11232,4619
11233,4619
11234,4619
11235,4619
11236,4619
11237,4619
11238,4619
11239,4619
11240,4619
11241,4619
11242,4619
11243,4619
11244,4619
11245,4619
11246,4619
11247,4619
11248,4619
11249,4619
11250,4619
11251,4619
11252,4619
11253,4619
11254,4619
11255,4619
11256,4619
11257,4619
11258,4619
11259,4619
11260,4619
11261,4619
11262,4619
11263,4619
11264,4619
11265,4619
11266,4619
11267,4619
11268,4619
11269,4619
11270,4619
11271,4619
11272,4619
11273,4619
11274,4619
11275,4619
11276,4619
11277,4619
11278,4619
11279,4619
11280,4619
11281,4619
11282,4619
11283,4619
11284,4619
11285,4619
11286,4619
11287,4619
11288,4619
11289,4619
11290,4619
11291,4619
11292,4619
11293,4619
11294,4619
11295,4619
11296,4619
11297,4619
11298,4619
11299,4619
11300,4619
11301,4619
11302,4619
11303,4619
11304,4619
11305,4619
11306,4619
11307,4619
11308,4619
11309,4619
11310,4619
11311,4619
11312,4619
11313,4619
11314,4619
11315,4619
11316,4619
11317,4619
11318,4619
11319,4619
11320,4619
11321,4619
11322,4619
11323,4619
11324,4619
11325,4619
11326,4619
11327,4619
11328,4619
11329,4619
11330,4619
11331,4619
11332,4619
11333,4619
11334,4619
11335,4619
11336,4619
11337,4619
11338,4619
11339,4619
11340,4619
11341,4619
11342,4619
11343,4619
11344,4619
11345,4619
11346,4619
11347,4619
11348,4619
11349,4619
11350,4619
11351,4619
11352,4619
11353,4619
11354,4619
11355,4619
11356,4619
11357,4619
11358,4619
11359,4619
11360,4619
11361,4619
11362,4619
11363,4619
11364,4619
11365,4619
11366,4619
11367,4619
11368,4619
11369,4619
11370,4619
11371,4619
11372,4619
11373,4619
11374,4619
11375,4619
11376,4619
11377,4619
11378,4619
11379,4619
11380,4619
11381,4619
11382,4619
11383,4619
11384,4619
11385,4619
11386,4619
11387,4619
11388,4619
11389,4619
11390,4619
11391,4619
11392,4619
11393,4619
11394,4619
11395,4619
11396,4619
11397,4619
11398,4619
11399,4619
11400,4619
11401,4619
11402,4619
11403,4619
11404,4619
11405,4619
11406,4619
11407,4619
11408,4619
11409,4619
11410,4619
11411,4619
11412,4619
11413,4619
11414,4619
11415,4619
11416,4619
11417,4619
11418,4619
11419,4619
11420,4619
11421,4619
11422,4619
11423,4619
11424,4619
11425,4619
11426,4619
11427,4619
11428,4619
11429,4619
11430,4619
11431,4619
11432,4619
11433,4619
11434,4619
11435,4619
11436,4619
11437,4619
11438,4619
11439,4619
11440,4619
11441,4619
11442,4619
11443,4619
11444,4619
11445,4619
11446,4619
11447,4619
11448,4619
11449,4619
11450,4619
11451,4619
11452,4619
11453,4619
11454,4619
11455,4619
11456,4619
11457,4619
11458,4619
11459,4619
11460,4619
11461,4619
11462,4619
11463,4619
11464,4619
11465,4619
11466,4619
11467,4619
11468,4619
11469,4619
11470,4619
11471,4619
11472,4619
11473,4619
11474,4619
11475,4619
11476,4619
11477,4619
11478,4619
11479,4619
11480,4619
11481,4619
11482,4619
11483,4619
11484,4619
11485,4619
11486,4619
11487,4619
11488,4619
11489,4619
11490,4619
11491,4619
11492,4619
11493,4619
11494,4619
11495,4619
11496,4619
11497,4619
11498,4619
11499,4619
11500,4619
11501,4619
11502,4619
11503,4619
11504,4619
11505,4619
11506,4619
11507,4619
11508,4619
11509,4619
11510,4619
11511,4619
11512,4619
11513,4619
11514,4619
11515,4619
11516,4619
11517,4619
11518,4619
11519,4619
11520,4619
11521,4619
11522,4619
11523,4619
11524,4619
11525,4619
11526,4619
11527,4619
11528,4619
11529,4619
11530,4619
11531,4619
11532,4619
11533,4619
11534,4619
11535,4619
11536,4619
11537,4619
11538,4619
11539,4619
11540,4619
11541,4619
11542,4619
11543,4619
11544,4619
11545,4619
11546,4619
11547,4619
11548,4619
11549,4619
11550,4619
11551,4619
11552,4619
11553,4619
11554,4619
11555,4619
11556,4619
11557,4619
11558,4619
11559,4619
11560,4619
11561,4619
11562,4619
11563,4619
11564,4619
11565,4619
11566,4619
11567,4619
11568,4619
11569,4619
11570,4619
11571,4619
11572,4619
11573,4619
11574,4619
11575,4619
11576,4619
11577,4619
11578,4619
11579,4619
11580,4619
11581,4619
11582,4619
11583,4619
11584,4619
11585,4619
11586,4619
11587,4619
11588,4619
11589,4619
11590,4619
11591,4619
11592,4619
11593,4619
11594,4619
11595,4619
11596,4619
11597,4619
11598,4619
11599,4619
11600,4619
11601,4619
11602,4619
11603,4619
11604,4619
11605,4619
11606,4619
11607,4619
11608,4619
11609,4619
11610,4619
11611,4619
11612,4619
11613,4619
11614,4619
11615,4619
11616,4619
11617,4619
11618,4619
11619,4619
11620,4619
11621,4619
11622,4619
11623,4619
11624,4619
11625,4619
11626,4619
11627,4619
11628,4619
11629,4619
11630,4619
11631,4619
11632,4619
11633,4619
11634,4619
11635,4619
11636,4619
11637,4619
11638,4619
11639,4619
11640,4619
11641,4619
11642,4619
11643,4619
11644,4619
11645,4619
11646,4619
11647,4619
11648,4619
11649,4619
11650,4619
11651,4619
11652,4619
11653,4619
11654,4619
11655,4619
11656,4619
11657,4619
11658,4619
11659,4619
11660,4619
11661,4619
11662,4619
11663,4619
11664,4619
11665,4619
11666,4619
11667,4619
11668,4619
11669,4619
11670,4619
11671,4619
11672,4619
11673,4619
11674,4619
11675,4619
11676,4619
11677,4619
11678,4619
11679,4619
11680,4619
11681,4619
11682,4619
11683,4619
11684,4619
11685,4619
11686,4619
11687,4619
11688,4619
11689,4619
11690,4619
11691,4619
11692,4619
11693,4619
11694,4619
11695,4619
11696,4619
11697,4619
11698,4619
11699,4619
11700,4619
11701,4619
11702,4619
11703,4619
11704,4619
11705,4619
11706,4619
11707,4619
11708,4619
11709,4619
11710,4619
11711,4619
11712,4619
11713,4619
11714,4619
11715,4619
11716,4619
11717,4619
11718,4619
11719,4619
11720,4619
11721,4619
11722,4619
11723,4619
11724,4619
11725,4619
11726,4619
11727,4619
11728,4619
11729,4619
11730,4619
11731,4619
11732,4619
11733,4619
11734,4619
11735,4619
11736,4619
11737,4619
11738,4619
11739,4619
11740,4619
11741,4619
11742,4619
11743,4619
11744,4619
11745,4619
11746,4619
11747,4619
11748,4619
11749,4619
11750,4619
11751,4619
11752,4619
11753,4619
11754,4619
11755,4619
11756,4619
11757,4619
11758,4619
11759,4619
11760,4619
11761,4619
11762,4619
11763,4619
11764,4619
11765,4619
11766,4619
11767,4619
11768,4619
11769,4619
11770,4619
11771,4619
11772,4619
11773,4619
11774,4619
11775,4619
11776,4619
11777,4619
11778,4619
11779,4619
11780,4619
11781,4619
11782,4619
11783,4619
11784,4619
11785,4619
11786,4619
11787,4619
11788,4619
11789,4619
11790,4619
11791,4619
11792,4619
11793,4619
11794,4619
11795,4619
11796,4619
11797,4619
11798,4619
11799,4619
11800,4619
11801,4619
11802,4619
11803,4619
11804,4619
11805,4619
11806,4619
11807,4619
11808,4619
11809,4619
11810,4619
11811,4619
11812,4619
11813,4619
11814,4619
11815,4619
11816,4619
11817,4619
11818,4619
11819,4619
11820,4619
11821,4619
11822,4619
11823,4619
11824,4619
11825,4619
11826,4619
11827,4619
11828,4619
11829,4619
11830,4619
11831,4619
11832,4619
11833,4619
11834,4619
11835,4619
11836,4619
11837,4619
11838,4619
11839,4619
11840,4619
11841,4619
11842,4619
11843,4619
11844,4619
11845,4619
11846,4619
11847,4619
11848,4619
11849,4619
11850,4619
11851,4619
11852,4619
11853,4619
11854,4619
11855,4619
11856,4619
11857,4619
11858,4619
11859,4619
11860,4619
11861,4619
11862,4619
11863,4619
11864,4619
11865,4619
11866,4619
11867,4619
11868,4619
11869,4619
11870,4619
11871,4619
11872,4619
11873,4619
11874,4619
11875,4619
11876,4619
11877,4619
11878,4619
11879,4619
11880,4619
11881,4619
11882,4619
11883,4619
11884,4619
11885,4619
11886,4619
11887,4619
11888,4619
11889,4619
11890,4619
11891,4619
11892,4619
11893,4619
11894,4619
11895,4619
11896,4619
11897,4619
11898,4619
11899,4619
11900,4619
11901,4619
11902,4619
11903,4619
11904,4619
11905,4619
11906,4619
11907,4619
11908,4619
11909,4619
11910,4619
11911,4619
11912,4619
11913,4619
11914,4619
11915,4619
11916,4619
11917,4619
11918,4619
11919,4619
11920,4619
11921,4619
11922,4619
11923,4619
11924,4619
11925,4619
11926,4619
11927,4619
11928,4619
11929,4619
11930,4619
11931,4619
11932,4619
11933,4619
11934,4619
11935,4619
11936,4619
11937,4619
11938,4619
11939,4619
11940,4619
11941,4619
11942,4619
11943,4619
11944,4619
11945,4619
11946,4619
11947,4619
11948,4619
11949,4619
11950,4619
11951,4619
11952,4619
11953,4619
11954,4619
11955,4619
11956,4619
11957,4619
11958,4619
11959,4619
11960,4619
11961,4619
11962,4619
11963,4619
11964,4619
11965,4619
11966,4619
11967,4619
11968,4619
11969,4619
11970,4619
11971,4619
11972,4619
11973,4619
11974,4619
11975,4619
11976,4619
11977,4619
11978,4619
11979,4619
11980,4619
11981,4619
11982,4619
11983,4619
11984,4619
11985,4619
11986,4619
11987,4619
11988,4619
11989,4619
11990,4619
11991,4619
11992,4619
11993,4619
11994,4619
11995,4619
11996,4619
11997,4619
11998,4619
11999,4619
12000,4619
12001,4619
12002,4619
12003,4619
12004,4619
12005,4619
12006,4619
12007,4619
12008,4619
12009,4619
12010,4619
12011,4619
12012,4619
12013,4619
12014,4619
12015,4619
12016,4619
12017,4619
12018,4619
12019,4619
12020,4619
12021,4619
12022,4619
12023,4619
12024,4619
12025,4619
12026,4619
12027,4619
12028,4619
12029,4619
12030,4619
12031,4619
12032,4619
12033,4619
12034,4619
12035,4619
12036,4619
12037,4619
12038,4619
12039,4619
12040,4619
12041,4619
12042,4619
12043,4619
12044,4619
12045,4619
12046,4619
12047,4619
12048,4619
12049,4619
12050,4619
12051,4619
12052,4619
12053,4619
12054,4619
12055,4619
12056,4619
12057,4619
12058,4619
12059,4619
12060,4619
12061,4619
12062,4619
12063,4619
12064,4619
12065,4619
12066,4619
12067,4619
12068,4619
12069,4619
12070,4619
12071,4619
12072,4619
12073,4619
12074,4619
12075,4619
12076,4619
12077,4619
12078,4619
12079,4619
12080,4619
12081,4619
12082,4619
12083,4619
12084,4619
12085,4619
12086,4619
12087,4619
12088,4619
12089,4619
12090,4619
12091,4619
12092,4619
12093,4619
12094,4619
12095,4619
12096,4619
12097,4619
12098,4619
12099,4619
12100,4619
12101,4619
12102,4619
12103,4619
12104,4619
12105,4619
12106,4619
12107,4619
12108,4619
12109,4619
12110,4619
12111,4619
12112,4619
12113,4619
12114,4619
12115,4619
12116,4619
12117,4619
12118,4619
12119,4619
12120,4619
12121,4619
12122,4619
12123,4619
12124,4619
12125,4619
12126,4619
12127,4619
12128,4619
12129,4619
12130,4619
12131,4619
12132,4619
12133,4619
12134,4619
12135,4619
12136,4619
12137,4619
12138,4619
12139,4619
12140,4619
12141,4619
12142,4619
12143,4619
12144,4619
12145,4619
12146,4619
12147,4619
12148,4619
12149,4619
12150,4619
12151,4619
12152,4619
12153,4619
12154,4619
12155,4619
12156,4619
12157,4619
12158,4619
12159,4619
12160,4619
12161,4619
12162,4619
12163,4619
12164,4619
12165,4619
12166,4619
12167,4619
12168,4619
12169,4619
12170,4619
12171,4619
12172,4619
12173,4619
12174,4619
12175,4619
12176,4619
12177,4619
12178,4619
12179,4619
12180,4619
12181,4619
12182,4619
12183,4619
12184,4619
12185,4619
12186,4619
12187,4619
12188,4619
12189,4619
12190,4619
12191,4619
12192,4619
12193,4619
12194,4619
12195,4619
12196,4619
12197,4619
12198,4619
12199,4619
12200,4619
12201,4619
12202,4619
12203,4619
12204,4619
12205,4619
12206,4619
12207,4619
12208,4619
12209,4619
12210,4619
12211,4619
12212,4619
12213,4619
12214,4619
12215,4619
12216,4619
12217,4619
12218,4619
12219,4619
12220,4619
12221,4619
12222,4619
12223,4619
12224,4619
12225,4619
12226,4619
12227,4619
12228,4619
12229,4619
12230,4619
12231,4619
12232,4619
12233,4619
12234,4619
12235,4619
12236,4619
12237,4619
12238,4619
12239,4619
12240,4619
12241,4619
12242,4619
12243,4619
12244,4619
12245,4619
12246,4619
12247,4619
12248,4619
12249,4619
12250,4619
12251,4619
12252,4619
12253,4619
12254,4619
12255,4619
12256,4619
12257,4619
12258,4619
12259,4619
12260,4619
12261,4619
12262,4619
12263,4619
12264,4619
12265,4619
12266,4619
12267,4619
12268,4619
12269,4619
12270,4619
12271,4619
12272,4619
12273,4619
12274,4619
12275,4619
12276,4619
12277,4619
12278,4619
12279,4619
12280,4619
12281,4619
12282,4619
12283,4619
12284,4619
12285,4619
12286,4619
12287,4619
12288,4619
12289,4619
12290,4619
12291,4619
12292,4619
12293,4619
12294,4619
12295,4619
12296,4619
12297,4619
12298,4619
12299,4619
12300,4619
12301,4619
12302,4619
12303,4619
12304,4619
12305,4619
12306,4619
12307,4619
12308,4619
12309,4619
12310,4619
12311,4619
12312,4619
12313,4619
12314,4619
12315,4619
12316,4619
12317,4619
12318,4619
12319,4619
12320,4619
12321,4619
12322,4619
12323,4619
12324,4619
12325,4619
12326,4619
12327,4619
12328,4619
12329,4619
12330,4619
12331,4619
12332,4619
12333,4619
12334,4619
12335,4619
12336,4619
12337,4619
12338,4619
12339,4619
12340,4619
12341,4619
12342,4619
12343,4619
12344,4619
12345,4619
12346,4619
12347,4619
12348,4619
12349,4619
12350,4619
12351,4619
12352,4619
12353,4619
12354,4619
12355,4619
12356,4619
12357,4619
12358,4619
12359,4619
12360,4619
12361,4619
12362,4619
12363,4619
12364,4619
12365,4619
12366,4619
12367,4619
12368,4619
12369,4619
12370,4619
12371,4619
12372,4619
12373,4619
12374,4619
12375,4619
12376,4619
12377,4619
12378,4619
12379,4619
12380,4619
12381,4619
12382,4619
12383,4619
12384,4619
12385,4619
12386,4619
12387,4619
12388,4619
12389,4619
12390,4619
12391,4619
12392,4619
12393,4619
12394,4619
12395,4619
12396,4619
12397,4619
12398,4619
12399,4619
12400,4619
12401,4619
12402,4619
12403,4619
12404,4619
12405,4619
12406,4619
12407,4619
12408,4619
12409,4619
12410,4619
12411,4619
12412,4619
12413,4619
12414,4619
12415,4619
12416,4619
12417,4619
12418,4619
12419,4619
12420,4619
12421,4619
12422,4619
12423,4619
12424,4619
12425,4619
12426,4619
12427,4619
12428,4619
12429,4619
12430,4619
12431,4619
12432,4619
12433,4619
12434,4619
12435,4619
12436,4619
12437,4619
12438,4619
12439,4619
12440,4619
12441,4619
12442,4619
12443,4619
12444,4619
12445,4619
12446,4619
12447,4619
12448,4619
12449,4619
12450,4619
12451,4619
12452,4619
12453,4619
12454,4619
12455,4619
12456,4619
12457,4619
12458,4619
12459,4619
12460,4619
12461,4619
12462,4619
12463,4619
12464,4619
12465,4619
12466,4619
12467,4619
12468,4619
12469,4619
12470,4619
12471,4619
12472,4619
12473,4619
12474,4619
12475,4619
12476,4619
12477,4619
12478,4619
12479,4619
12480,4619
12481,4619
12482,4619
12483,4619
12484,4619
12485,4619
12486,4619
12487,4619
12488,4619
12489,4619
12490,4619
12491,4619
12492,4619
12493,4619
12494,4619
12495,4619
12496,4619
12497,4619
12498,4619
12499,4619
12500,4619
12501,4619
12502,4619
12503,4619
12504,4619
12505,4619
12506,4619
12507,4619
12508,4619
12509,4619
12510,4619
12511,4619
12512,4619
12513,4619
12514,4619
12515,4619
12516,4619
12517,4619
12518,4619
12519,4619
12520,4619
12521,4619
12522,4619
12523,4619
12524,4619
12525,4619
12526,4619
12527,4619
12528,4619
12529,4619
12530,4619
12531,4619
12532,4619
12533,4619
12534,4619
12535,4619
12536,4619
12537,4619
12538,4619
12539,4619
12540,4619
12541,4619
12542,4619
12543,4619
12544,4619
12545,4619
12546,4619
12547,4619
12548,4619
12549,4619
12550,4619
12551,4619
12552,4619
12553,4619
12554,4619
12555,4619
12556,4619
12557,4619
12558,4619
12559,4619
12560,4619
12561,4619
12562,4619
12563,4619
12564,4619
12565,4619
12566,4619
12567,4619
12568,4619
12569,4619
12570,4619
12571,4619
12572,4619
12573,4619
12574,4619
12575,4619
12576,4619
12577,4619
12578,4619
12579,4619
12580,4619
12581,4619
12582,4619
12583,4619
12584,4619
12585,4619
12586,4619
12587,4619
12588,4619
12589,4619
12590,4619
12591,4619
12592,4619
12593,4619
12594,4619
12595,4619
12596,4619
12597,4619
12598,4619
12599,4619
12600,4619
12601,4619
12602,4619
12603,4619
12604,4619
12605,4619
12606,4619
12607,4619
12608,4619
12609,4619
12610,4619
12611,4619
12612,4619
12613,4619
12614,4619
12615,4619
12616,4619
12617,4619
12618,4619
12619,4619
12620,4619
12621,4619
12622,4619
12623,4619
12624,4619
12625,4619
12626,4619
12627,4619
12628,4619
12629,4619
12630,4619
12631,4619
12632,4619
12633,4619
12634,4619
12635,4619
12636,4619
12637,4619
12638,4619
12639,4619
12640,4619
12641,4619
12642,4619
12643,4619
12644,4619
12645,4619
12646,4619
12647,4619
12648,4619
12649,4619
12650,4619
12651,4619
12652,4619
12653,4619
12654,4619
12655,4619
12656,4619
12657,4619
12658,4619
12659,4619
12660,4619
12661,4619
12662,4619
12663,4619
12664,4619
12665,4619
12666,4619
12667,4619
12668,4619
12669,4619
12670,4619
12671,4619
12672,4619
12673,4619
12674,4619
12675,4619
12676,4619
12677,4619
12678,4619
12679,4619
12680,4619
12681,4619
12682,4619
12683,4619
12684,4619
12685,4619
12686,4619
12687,4619
12688,4619
12689,4619
12690,4619
12691,4619
12692,4619
12693,4619
12694,4619
12695,4619
12696,4619
12697,4619
12698,4619
12699,4619
12700,4619
12701,4619
12702,4619
12703,4619
12704,4619
12705,4619
12706,4619
12707,4619
12708,4619
12709,4619
12710,4619
12711,4619
12712,4619
12713,4619
12714,4619
12715,4619
12716,4619
12717,4619
12718,4619
12719,4619
12720,4619
12721,4619
12722,4619
12723,4619
12724,4619
12725,4619
12726,4619
12727,4619
12728,4619
12729,4619
12730,4619
12731,4619
12732,4619
12733,4619
12734,4619
12735,4619
12736,4619
12737,4619
12738,4619
12739,4619
12740,4619
12741,4619
12742,4619
12743,4619
12744,4619
12745,4619
12746,4619
12747,4619
12748,4619
12749,4619
12750,4619
12751,4619
12752,4619
12753,4619
12754,4619
12755,4619
12756,4619
12757,4619
12758,4619
12759,4619
12760,4619
12761,4619
12762,4619
12763,4619
12764,4619
12765,4619
12766,4619
12767,4619
12768,4619
12769,4619
12770,4619
12771,4619
12772,4619
12773,4619
12774,4619
12775,4619
12776,4619
12777,4619
12778,4619
12779,4619
12780,4619
12781,4619
12782,4619
12783,4619
12784,4619
12785,4619
12786,4619
12787,4619
12788,4619
12789,4619
12790,4619
12791,4619
12792,4619
12793,4619
12794,4619
12795,4619
12796,4619
12797,4619
12798,4619
12799,4619
12800,4619
12801,4619
12802,4619
12803,4619
12804,4619
12805,4619
12806,4619
12807,4619
12808,4619
12809,4619
12810,4619
12811,4619
12812,4619
12813,4619
12814,4619
12815,4619
12816,4619
12817,4619
12818,4619
12819,4619
12820,4619
12821,4619
12822,4619
12823,4619
12824,4619
12825,4619
12826,4619
12827,4619
12828,4619
12829,4619
12830,4619
12831,4619
12832,4619
12833,4619
12834,4619
12835,4619
12836,4619
12837,4619
12838,4619
12839,4619
12840,4619
12841,4619
12842,4619
12843,4619
12844,4619
12845,4619
12846,4619
12847,4619
12848,4619
12849,4619
12850,4619
12851,4619
12852,4619
12853,4619
12854,4619
12855,4619
12856,4619
12857,4619
12858,4619
12859,4619
12860,4619
12861,4619
12862,4619
12863,4619
12864,4619
12865,4619
12866,4619
12867,4619
12868,4619
12869,4619
12870,4619
12871,4619
12872,4619
12873,4619
12874,4619
12875,4619
12876,4619
12877,4619
12878,4619
12879,4619
12880,4619
12881,4619
12882,4619
12883,4619
12884,4619
12885,4619
12886,4619
12887,4619
12888,4619
12889,4619
12890,4619
12891,4619
12892,4619
12893,4619
12894,4619
12895,4619
12896,4619
12897,4619
12898,4619
12899,4619
12900,4619
12901,4619
12902,4619
12903,4619
12904,4619
12905,4619
12906,4619
12907,4619
12908,4619
12909,4619
12910,4619
12911,4619
12912,4619
12913,4619
12914,4619
12915,4619
12916,4619
12917,4619
12918,4619
12919,4619
12920,4619
12921,4619
12922,4619
12923,4619
12924,4619
12925,4619
12926,4619
12927,4619
12928,4619
12929,4619
12930,4619
12931,4619
12932,4619
12933,4619
12934,4619
12935,4619
12936,4619
12937,4619
12938,4619
12939,4619
12940,4619
12941,4619
12942,4619
12943,4619
12944,4619
12945,4619
12946,4619
12947,4619
12948,4619
12949,4619
12950,4619
12951,4619
12952,4619
12953,4619
12954,4619
12955,4619
12956,4619
12957,4619
12958,4619
12959,4619
12960,4619
12961,4619
12962,4619
12963,4619
12964,4619
12965,4619
12966,4619
12967,4619
12968,4619
12969,4619
12970,4619
12971,4619
12972,4619
12973,4619
12974,4619
12975,4619
12976,4619
12977,4619
12978,4619
12979,4619
12980,4619
12981,4619
12982,4619
12983,4619
12984,4619
12985,4619
12986,4619
12987,4619
12988,4619
12989,4619
12990,4619
12991,4619
12992,4619
12993,4619
12994,4619
12995,4619
12996,4619
12997,4619
12998,4619
12999,4619
13000,4619
13001,4619
13002,4619
13003,4619
13004,4619
13005,4619
13006,4619
13007,4619
13008,4619
13009,4619
13010,4619
13011,4619
13012,4619
13013,4619
13014,4619
13015,4619
13016,4619
13017,4619
13018,4619
13019,4619
13020,4619
13021,4619
13022,4619
13023,4619
13024,4619
13025,4619
13026,4619
13027,4619
13028,4619
13029,4619
13030,4619
13031,4619
13032,4619
13033,4619
13034,4619
13035,4619
13036,4619
13037,4619
13038,4619
13039,4619
13040,4619
13041,4619
13042,4619
13043,4619
13044,4619
13045,4619
13046,4619
13047,4619
13048,4619
13049,4619
13050,4619
13051,4619
13052,4619
13053,4619
13054,4619
13055,4619
13056,4619
13057,4619
13058,4619
13059,4619
13060,4619
13061,4619
13062,4619
13063,4619
13064,4619
13065,4619
13066,4619
13067,4619
13068,4619
13069,4619
13070,4619
13071,4619
13072,4619
13073,4619
13074,4619
13075,4619
13076,4619
13077,4619
13078,4619
13079,4619
13080,4619
13081,4619
13082,4619
13083,4619
13084,4619
13085,4619
13086,4619
13087,4619
13088,4619
13089,4619
13090,4619
13091,4619
13092,4619
13093,4619
13094,4619
13095,4619
13096,4619
13097,4619
13098,4619
13099,4619
13100,4619
13101,4619
13102,4619
13103,4619
13104,4619
13105,4619
13106,4619
13107,4619
13108,4619
13109,4619
13110,4619
13111,4619
13112,4619
13113,4619
13114,4619
13115,4619
13116,4619
13117,4619
13118,4619
13119,4619
13120,4619
13121,4619
13122,4619
13123,4619
13124,4619
13125,4619
13126,4619
13127,4619
13128,4619
13129,4619
13130,4619
13131,4619
13132,4619
13133,4619
13134,4619
13135,4619
13136,4619
13137,4619
13138,4619
13139,4619
13140,4619
13141,4619
13142,4619
13143,4619
13144,4619
13145,4619
13146,4619
13147,4619
13148,4619
13149,4619
13150,4619
13151,4619
13152,4619
13153,4619
13154,4619
13155,4619
13156,4619
13157,4619
13158,4619
13159,4619
13160,4619
13161,4619
13162,4619
13163,4619
13164,4619
13165,4619
13166,4619
13167,4619
13168,4619
13169,4619
13170,4619
13171,4619
13172,4619
13173,4619
13174,4619
13175,4619
13176,4619
13177,4619
13178,4619
13179,4619
13180,4619
13181,4619
13182,4619
13183,4619
13184,4619
13185,4619
13186,4619
13187,4619
13188,4619
13189,4619
13190,4619
13191,4619
13192,4619
13193,4619
13194,4619
13195,4619
13196,4619
13197,4619
13198,4619
13199,4619
13200,4619
13201,4619
13202,4619
13203,4619
13204,4619
13205,4619
13206,4619
13207,4619
13208,4619
13209,4619
13210,4619
13211,4619
13212,4619
13213,4619
13214,4619
13215,4619
13216,4619
13217,4619
13218,4619
13219,4619
13220,4619
13221,4619
13222,4619
13223,4619
13224,4619
13225,4619
13226,4619
13227,4619
13228,4619
13229,4619
13230,4619
13231,4619
13232,4619
13233,4619
13234,4619
13235,4619
13236,4619
13237,4619
13238,4619
13239,4619
13240,4619
13241,4619
13242,4619
13243,4619
13244,4619
13245,4619
13246,4619
13247,4619
13248,4619
13249,4619
13250,4619
13251,4619
13252,4619
13253,4619
13254,4619
13255,4619
13256,4619
13257,4619
13258,4619
13259,4619
13260,4619
13261,4619
13262,4619
13263,4619
13264,4619
13265,4619
13266,4619
13267,4619
13268,4619
13269,4619
13270,4619
13271,4619
13272,4619
13273,4619
13274,4619
13275,4619
13276,4619
13277,4619
13278,4619
13279,4619
13280,4619
13281,4619
13282,4619
13283,4619
13284,4619
13285,4619
13286,4619
13287,4619
13288,4619
13289,4619
13290,4619
13291,4619
13292,4619
13293,4619
13294,4619
13295,4619
13296,4619
13297,4619
13298,4619
13299,4619
13300,4619
13301,4619
13302,4619
13303,4619
13304,4619
13305,4619
13306,4619
13307,4619
13308,4619
13309,4619
13310,4619
13311,4619
13312,4619
13313,4619
13314,4619
13315,4619
13316,4619
13317,4619
13318,4619
13319,4619
13320,4619
13321,4619
13322,4619
13323,4619
13324,4619
13325,4619
13326,4619
13327,4619
13328,4619
13329,4619
13330,4619
13331,4619
13332,4619
13333,4619
13334,4619
13335,4619
13336,4619
13337,4619
13338,4619
13339,4619
13340,4619
13341,4619
13342,4619
13343,4619
13344,4619
13345,4619
13346,4619
13347,4619
13348,4619
13349,4619
13350,4619
13351,4619
13352,4619
13353,4619
13354,4619
13355,4619
13356,4619
13357,4619
13358,4619
13359,4619
13360,4619
13361,4619
13362,4619
13363,4619
13364,4619
13365,4619
13366,4619
13367,4619
13368,4619
13369,4619
13370,4619
13371,4619
13372,4619
13373,4619
13374,4619
13375,4619
13376,4619
13377,4619
13378,4619
13379,4619
13380,4619
13381,4619
13382,4619
13383,4619
13384,4619
13385,4619
13386,4619
13387,4619
13388,4619
13389,4619
13390,4619
13391,4619
13392,4619
13393,4619
13394,4619
13395,4619
13396,4619
13397,4619
13398,4619
13399,4619
13400,4619
13401,4619
13402,4619
13403,4619
13404,4619
13405,4619
13406,4619
13407,4619
13408,4619
13409,4619
13410,4619
13411,4619
13412,4619
13413,4619
13414,4619
13415,4619
13416,4619
13417,4619
13418,4619
13419,4619
13420,4619
13421,4619
13422,4619
13423,4619
13424,4619
13425,4619
13426,4619
13427,4619
13428,4619
13429,4619
13430,4619
13431,4619
13432,4619
13433,4619
13434,4619
13435,4619
13436,4619
13437,4619
13438,4619
13439,4619
13440,4619
13441,4619
13442,4619
13443,4619
13444,4619
13445,4619
13446,4619
13447,4619
13448,4619
13449,4619
13450,4619
13451,4619
13452,4619
13453,4619
13454,4619
13455,4619
13456,4619
13457,4619
13458,4619
13459,4619
13460,4619
13461,4619
13462,4619
13463,4619
13464,4619
13465,4619
13466,4619
13467,4619
13468,4619
13469,4619
13470,4619
13471,4619
13472,4619
13473,4619
13474,4619
13475,4619
13476,4619
13477,4619
13478,4619
13479,4619
13480,4619
13481,4619
13482,4619
13483,4619
13484,4619
13485,4619
13486,4619
13487,4619
13488,4619
13489,4619
13490,4619
13491,4619
13492,4619
13493,4619
13494,4619
13495,4619
13496,4619
13497,4619
13498,4619
13499,4619
13500,4619
13501,4619
13502,4619
13503,4619
13504,4619
13505,4619
13506,4619
13507,4619
13508,4619
13509,4619
13510,4619
13511,4619
13512,4619
13513,4619
13514,4619
13515,4619
13516,4619
13517,4619
13518,4619
13519,4619
13520,4619
13521,4619
13522,4619
13523,4619
13524,4619
13525,4619
13526,4619
13527,4619
13528,4619
13529,4619
13530,4619
13531,4619
13532,4619
13533,4619
13534,4619
13535,4619
13536,4619
13537,4619
13538,4619
13539,4619
13540,4619
13541,4619
13542,4619
13543,4619
13544,4619
13545,4619
13546,4619
13547,4619
13548,4619
13549,4619
13550,4619
13551,4619
13552,4619
13553,4619
13554,4619
13555,4619
13556,4619
13557,4619
13558,4619
13559,4619
13560,4619
13561,4619
13562,4619
13563,4619
13564,4619
13565,4619
13566,4619
13567,4619
13568,4619
13569,4619
13570,4619
13571,4619
13572,4619
13573,4619
13574,4619
13575,4619
13576,4619
13577,4619
13578,4619
13579,4619
13580,4619
13581,4619
13582,4619
13583,4619
13584,4619
13585,4619
13586,4619
13587,4619
13588,4619
13589,4619
13590,4619
13591,4619
13592,4619
13593,4619
13594,4619
13595,4619
13596,4619
13597,4619
13598,4619
13599,4619
13600,4619
13601,4619
13602,4619
13603,4619
13604,4619
13605,4619
13606,4619
13607,4619
13608,4619
13609,4619
13610,4619
13611,4619
13612,4619
13613,4619
13614,4619
13615,4619
13616,4619
13617,4619
13618,4619
13619,4619
13620,4619
13621,4619
13622,4619
13623,4619
13624,4619
13625,4619
13626,4619
13627,4619
13628,4619
13629,4619
13630,4619
13631,4619
13632,4619
13633,4619
13634,4619
13635,4619
13636,4619
13637,4619
13638,4619
13639,4619
13640,4619
13641,4619
13642,4619
13643,4619
13644,4619
13645,4619
13646,4619
13647,4619
13648,4619
13649,4619
13650,4619
13651,4619
13652,4619
13653,4619
13654,4619
13655,4619
13656,4619
13657,4619
13658,4619
13659,4619
13660,4619
13661,4619
13662,4619
13663,4619
13664,4619
13665,4619
13666,4619
13667,4619
13668,4619
13669,4619
13670,4619
13671,4619
13672,4619
13673,4619
13674,4619
13675,4619
13676,4619
13677,4619
13678,4619
13679,4619
13680,4619
13681,4619
13682,4619
13683,4619
13684,4619
13685,4619
13686,4619
13687,4619
13688,4619
13689,4619
13690,4619
13691,4619
13692,4619
13693,4619
13694,4619
13695,4619
13696,4619
13697,4619
13698,4619
13699,4619
13700,4619
13701,4619
13702,4619
13703,4619
13704,4619
13705,4619
13706,4619
13707,4619
13708,4619
13709,4619
13710,4619
13711,4619
13712,4619
13713,4619
13714,4619
13715,4619
13716,4619
13717,4619
13718,4619
13719,4619
13720,4619
13721,4619
13722,4619
13723,4619
13724,4619
13725,4619
13726,4619
13727,4619
13728,4619
13729,4619
13730,4619
13731,4619
13732,4619
13733,4619
13734,4619
13735,4619
13736,4619
13737,4619
13738,4619
13739,4619
13740,4619
13741,4619
13742,4619
13743,4619
13744,4619
13745,4619
13746,4619
13747,4619
13748,4619
13749,4619
13750,4619
13751,4619
13752,4619
13753,4619
13754,4619
13755,4619
13756,4619
13757,4619
13758,4619
13759,4619
13760,4619
13761,4619
13762,4619
13763,4619
13764,4619
13765,4619
13766,4619
13767,4619
13768,4619
13769,4619
13770,4619
13771,4619
13772,4619
13773,4619
13774,4619
13775,4619
13776,4619
13777,4619
13778,4619
13779,4619
13780,4619
13781,4619
13782,4619
13783,4619
13784,4619
13785,4619
13786,4619
13787,4619
13788,4619
13789,4619
13790,4619
13791,4619
13792,4619
13793,4619
13794,4619
13795,4619
13796,4619
13797,4619
13798,4619
13799,4619
13800,4619
13801,4619
13802,4619
13803,4619
13804,4619
13805,4619
13806,4619
13807,4619
13808,4619
13809,4619
13810,4619
13811,4619
13812,4619
13813,4619
13814,4619
13815,4619
13816,4619
13817,4619
13818,4619
13819,4619
13820,4619
13821,4619
13822,4619
13823,4619
13824,4619
13825,4619
13826,4619
13827,4619
13828,4619
13829,4619
13830,4619
13831,4619
13832,4619
13833,4619
13834,4619
13835,4619
13836,4619
13837,4619
13838,4619
13839,4619
13840,4619
13841,4619
13842,4619
13843,4619
13844,4619
13845,4619
13846,4619
13847,4619
13848,4619
13849,4619
13850,4619
13851,4619
13852,4619
13853,4619
13854,4619
13855,4619
13856,4619
13857,4619
13858,4619
13859,4619
13860,4619
13861,4619
13862,4619
13863,4619
13864,4619
13865,4619
13866,4619
13867,4619
13868,4619
13869,4619
13870,4619
13871,4619
13872,4619
13873,4619
13874,4619
13875,4619
13876,4619
13877,4619
13878,4619
13879,4619
13880,4619
13881,4619
13882,4619
13883,4619
13884,4619
13885,4619
13886,4619
13887,4619
13888,4619
13889,4619
13890,4619
13891,4619
13892,4619
13893,4619
13894,4619
13895,4619
13896,4619
13897,4619
13898,4619
13899,4619
13900,4619
13901,4619
13902,4619
13903,4619
13904,4619
13905,4619
13906,4619
13907,4619
13908,4619
13909,4619
13910,4619
13911,4619
13912,4619
13913,4619
13914,4619
13915,4619
13916,4619
13917,4619
13918,4619
13919,4619
13920,4619
13921,4619
13922,4619
13923,4619
13924,4619
13925,4619
13926,4619
13927,4619
13928,4619
13929,4619
13930,4619
13931,4619
13932,4619
13933,4619
13934,4619
13935,4619
13936,4619
13937,4619
13938,4619
13939,4619
13940,4619
13941,4619
13942,4619
13943,4619
13944,4619
13945,4619
13946,4619
13947,4619
13948,4619
13949,4619
13950,4619
13951,4619
13952,4619
13953,4619
13954,4619
13955,4619
13956,4619
13957,4619
13958,4619
13959,4619
13960,4619
13961,4619
13962,4619
13963,4619
13964,4619
13965,4619
13966,4619
13967,4619
13968,4619
13969,4619
13970,4619
13971,4619
13972,4619
13973,4619
13974,4619
13975,4619
13976,4619
13977,4619
13978,4619
13979,4619
13980,4619
13981,4619
13982,4619
13983,4619
13984,4619
13985,4619
13986,4619
13987,4619
13988,4619
13989,4619
13990,4619
13991,4619
13992,4619
13993,4619
13994,4619
13995,4619
13996,4619
13997,4619
13998,4619
13999,4619
14000,4619
14001,4619
14002,4619
14003,4619
14004,4619
14005,4619
14006,4619
14007,4619
14008,4619
14009,4619
14010,4619
14011,4619
14012,4619
14013,4619
14014,4619
14015,4619
14016,4619
14017,4619
14018,4619
14019,4619
14020,4619
14021,4619
14022,4619
14023,4619
14024,4619
14025,4619
14026,4619
14027,4619
14028,4619
14029,4619
14030,4619
14031,4619
14032,4619
14033,4619
14034,4619
14035,4619
14036,4619
14037,4619
14038,4619
14039,4619
14040,4619
14041,4619
14042,4619
14043,4619
14044,4619
14045,4619
14046,4619
14047,4619
14048,4619
14049,4619
14050,4619
14051,4619
14052,4619
14053,4619
14054,4619
14055,4619
14056,4619
14057,4619
14058,4619
14059,4619
14060,4619
14061,4619
14062,4619
14063,4619
14064,4619
14065,4619
14066,4619
14067,4619
14068,4619
14069,4619
14070,4619
14071,4619
14072,4619
14073,4619
14074,4619
14075,4619
14076,4619
14077,4619
14078,4619
14079,4619
14080,4619
14081,4619
14082,4619
14083,4619
14084,4619
14085,4619
14086,4619
14087,4619
14088,4619
14089,4619
14090,4619
14091,4619
14092,4619
14093,4619
14094,4619
14095,4619
14096,4619
14097,4619
14098,4619
14099,4619
14100,4619
14101,4619
14102,4619
14103,4619
14104,4619
14105,4619
14106,4619
14107,4619
14108,4619
14109,4619
14110,4619
14111,4619
14112,4619
14113,4619
14114,4619
14115,4619
14116,4619
14117,4619
14118,4619
14119,4619
14120,4619
14121,4619
14122,4619
14123,4619
14124,4619
14125,4619
14126,4619
14127,4619
14128,4619
14129,4619
14130,4619
14131,4619
14132,4619
14133,4619
14134,4619
14135,4619
14136,4619
14137,4619
14138,4619
14139,4619
14140,4619
14141,4619
14142,4619
14143,4619
14144,4619
14145,4619
14146,4619
14147,4619
14148,4619
14149,4619
14150,4619
14151,4619
14152,4619
14153,4619
14154,4619
14155,4619
14156,4619
14157,4619
14158,4619
14159,4619
14160,4619
14161,4619
14162,4619
14163,4619
14164,4619
14165,4619
14166,4619
14167,4619
14168,4619
14169,4619
14170,4619
14171,4619
14172,4619
14173,4619
14174,4619
14175,4619
14176,4619
14177,4619
14178,4619
14179,4619
14180,4619
14181,4619
14182,4619
14183,4619
14184,4619
14185,4619
14186,4619
14187,4619
14188,4619
14189,4619
14190,4619
14191,4619
14192,4619
14193,4619
14194,4619
14195,4619
14196,4619
14197,4619
14198,4619
14199,4619
14200,4619
14201,4619
14202,4619
14203,4619
14204,4619
14205,4619
14206,4619
14207,4619
14208,4619
14209,4619
14210,4619
14211,4619
14212,4619
14213,4619
14214,4619
14215,4619
14216,4619
14217,4619
14218,4619
14219,4619
14220,4619
14221,4619
14222,4619
14223,4619
14224,4619
14225,4619
14226,4619
14227,4619
14228,4619
14229,4619
14230,4619
14231,4619
14232,4619
14233,4619
14234,4619
14235,4619
14236,4619
14237,4619
14238,4619
14239,4619
14240,4619
14241,4619
14242,4619
14243,4619
14244,4619
14245,4619
14246,4619
14247,4619
14248,4619
14249,4619
14250,4619
14251,4619
14252,4619
14253,4619
14254,4619
14255,4619
14256,4619
14257,4619
14258,4619
14259,4619
14260,4619
14261,4619
14262,4619
14263,4619
14264,4619
14265,4619
14266,4619
14267,4619
14268,4619
14269,4619
14270,4619
14271,4619
14272,4619
14273,4619
14274,4619
14275,4619
14276,4619
14277,4619
14278,4619
14279,4619
14280,4619
14281,4619
14282,4619
14283,4619
14284,4619
14285,4619
14286,4619
14287,4619
14288,4619
14289,4619
14290,4619
14291,4619
14292,4619
14293,4619
14294,4619
14295,4619
14296,4619
14297,4619
14298,4619
14299,4619
14300,4619
14301,4619
14302,4619
14303,4619
14304,4619
14305,4619
14306,4619
14307,4619
14308,4619
14309,4619
14310,4619
14311,4619
14312,4619
14313,4619
14314,4619
14315,4619
14316,4619
14317,4619
14318,4619
14319,4619
14320,4619
14321,4619
14322,4619
14323,4619
14324,4619
14325,4619
14326,4619
14327,4619
14328,4619
14329,4619
14330,4619
14331,4619
14332,4619
14333,4619
14334,4619
14335,4619
14336,4619
14337,4619
14338,4619
14339,4619
14340,4619
14341,4619
14342,4619
14343,4619
14344,4619
14345,4619
14346,4619
14347,4619
14348,4619
14349,4619
14350,4619
14351,4619
14352,4619
14353,4619
14354,4619
14355,4619
14356,4619
14357,4619
14358,4619
14359,4619
14360,4619
14361,4619
14362,4619
14363,4619
14364,4619
14365,4619
14366,4619
14367,4619
14368,4619
14369,4619
14370,4619
14371,4619
14372,4619
14373,4619
14374,4619
14375,4619
14376,4619
14377,4619
14378,4619
14379,4619
14380,4619
14381,4619
14382,4619
14383,4619
14384,4619
14385,4619
14386,4619
14387,4619
14388,4619
14389,4619
14390,4619
14391,4619
14392,4619
14393,4619
14394,4619
14395,4619
14396,4619
14397,4619
14398,4619
14399,4619
14400,4619
14401,4619
14402,4619
14403,4619
14404,4619
14405,4619
14406,4619
14407,4619
14408,4619
14409,4619
14410,4619
14411,4619
14412,4619
14413,4619
14414,4619
14415,4619
14416,4619
14417,4619
14418,4619
14419,4619
14420,4619
14421,4619
14422,4619
14423,4619
14424,4619
14425,4619
14426,4619
14427,4619
14428,4619
14429,4619
14430,4619
14431,4619
14432,4619
14433,4619
14434,4619
14435,4619
14436,4619
14437,4619
14438,4619
14439,4619
14440,4619
14441,4619
14442,4619
14443,4619
14444,4619
14445,4619
14446,4619
14447,4619
14448,4619
14449,4619
14450,4619
14451,4619
14452,4619
14453,4619
14454,4619
14455,4619
14456,4619
14457,4619
14458,4619
14459,4619
14460,4619
14461,4619
14462,4619
14463,4619
14464,4619
14465,4619
14466,4619
14467,4619
14468,4619
14469,4619
14470,4619
14471,4619
14472,4619
14473,4619
14474,4619
14475,4619
14476,4619
14477,4619
14478,4619
14479,4619
14480,4619
14481,4619
14482,4619
14483,4619
14484,4619
14485,4619
14486,4619
14487,4619
14488,4619
14489,4619
14490,4619
14491,4619
14492,4619
14493,4619
14494,4619
14495,4619
14496,4619
14497,4619
14498,4619
14499,4619
14500,4619
14501,4619
14502,4619
14503,4619
14504,4619
14505,4619
14506,4619
14507,4619
14508,4619
14509,4619
14510,4619
14511,4619
14512,4619
14513,4619
14514,4619
14515,4619
14516,4619
14517,4619
14518,4619
14519,4619
14520,4619
14521,4619
14522,4619
14523,4619
14524,4619
14525,4619
14526,4619
14527,4619
14528,4619
14529,4619
14530,4619
14531,4619
14532,4619
14533,4619
14534,4619
14535,4619
14536,4619
14537,4619
14538,4619
14539,4619
14540,4619
14541,4619
14542,4619
14543,4619
14544,4619
14545,4619
14546,4619
14547,4619
14548,4619
14549,4619
14550,4619
14551,4619
14552,4619
14553,4619
14554,4619
14555,4619
14556,4619
14557,4619
14558,4619
14559,4619
14560,4619
14561,4619
14562,4619
14563,4619
14564,4619
14565,4619
14566,4619
14567,4619
14568,4619
14569,4619
14570,4619
14571,4619
14572,4619
14573,4619
14574,4619
14575,4619
14576,4619
14577,4619
14578,4619
14579,4619
14580,4619
14581,4619
14582,4619
14583,4619
14584,4619
14585,4619
14586,4619
14587,4619
14588,4619
14589,4619
14590,4619
14591,4619
14592,4619
14593,4619
14594,4619
14595,4619
14596,4619
14597,4619
14598,4619
14599,4619
14600,4619
14601,4619
14602,4619
14603,4619
14604,4619
14605,4619
14606,4619
14607,4619
14608,4619
14609,4619
14610,4619
14611,4619
14612,4619
14613,4619
14614,4619
14615,4619
14616,4619
14617,4619
14618,4619
14619,4619
14620,4619
14621,4619
14622,4619
14623,4619
14624,4619
14625,4619
14626,4619
14627,4619
14628,4619
14629,4619
14630,4619
14631,4619
14632,4619
14633,4619
14634,4619
14635,4619
14636,4619
14637,4619
14638,4619
14639,4619
14640,4619
14641,4619
14642,4619
14643,4619
14644,4619
14645,4619
14646,4619
14647,4619
14648,4619
14649,4619
14650,4619
14651,4619
14652,4619
14653,4619
14654,4619
14655,4619
14656,4619
14657,4619
14658,4619
14659,4619
14660,4619
14661,4619
14662,4619
14663,4619
14664,4619
14665,4619
14666,4619
14667,4619
14668,4619
14669,4619
14670,4619
14671,4619
14672,4619
14673,4619
14674,4619
14675,4619
14676,4619
14677,4619
14678,4619
14679,4619
14680,4619
14681,4619
14682,4619
14683,4619
14684,4619
14685,4619
14686,4619
14687,4619
14688,4619
14689,4619
14690,4619
14691,4619
14692,4619
14693,4619
14694,4619
14695,4619
14696,4619
14697,4619
14698,4619
14699,4619
14700,4619
14701,4619
14702,4619
14703,4619
14704,4619
14705,4619
14706,4619
14707,4619
14708,4619
14709,4619
14710,4619
14711,4619
14712,4619
14713,4619
14714,4619
14715,4619
14716,4619
14717,4619
14718,4619
14719,4619
14720,4619
14721,4619
14722,4619
14723,4619
14724,4619
14725,4619
14726,4619
14727,4619
14728,4619
14729,4619
14730,4619
14731,4619
14732,4619
14733,4619
14734,4619
14735,4619
14736,4619
14737,4619
14738,4619
14739,4619
14740,4619
14741,4619
14742,4619
14743,4619
14744,4619
14745,4619
14746,4619
14747,4619
14748,4619
14749,4619
14750,4619
14751,4619
14752,4619
14753,4619
14754,4619
14755,4619
14756,4619
14757,4619
14758,4619
14759,4619
14760,4619
14761,4619
14762,4619
14763,4619
14764,4619
14765,4619
14766,4619
14767,4619
14768,4619
14769,4619
14770,4619
14771,4619
14772,4619
14773,4619
14774,4619
14775,4619
14776,4619
14777,4619
14778,4619
14779,4619
14780,4619
14781,4619
14782,4619
14783,4619
14784,4619
14785,4619
14786,4619
14787,4619
14788,4619
14789,4619
14790,4619
14791,4619
14792,4619
14793,4619
14794,4619
14795,4619
14796,4619
14797,4619
14798,4619
14799,4619
14800,4619
14801,4619
14802,4619
14803,4619
14804,4619
14805,4619
14806,4619
14807,4619
14808,4619
14809,4619
14810,4619
14811,4619
14812,4619
14813,4619
14814,4619
14815,4619
14816,4619
14817,4619
14818,4619
14819,4619
14820,4619
14821,4619
14822,4619
14823,4619
14824,4619
14825,4619
14826,4619
14827,4619
14828,4619
14829,4619
14830,4619
14831,4619
14832,4619
14833,4619
14834,4619
14835,4619
14836,4619
14837,4619
14838,4619
14839,4619
14840,4619
14841,4619
14842,4619
14843,4619
14844,4619
14845,4619
14846,4619
14847,4619
14848,4619
14849,4619
14850,4619
14851,4619
14852,4619
14853,4619
14854,4619
14855,4619
14856,4619
14857,4619
14858,4619
14859,4619
14860,4619
14861,4619
14862,4619
14863,4619
14864,4619
14865,4619
14866,4619
14867,4619
14868,4619
14869,4619
14870,4619
14871,4619
14872,4619
14873,4619
14874,4619
14875,4619
14876,4619
14877,4619
14878,4619
14879,4619
14880,4619
14881,4619
14882,4619
14883,4619
14884,4619
14885,4619
14886,4619
14887,4619
14888,4619
14889,4619
14890,4619
14891,4619
14892,4619
14893,4619
14894,4619
14895,4619
14896,4619
14897,4619
14898,4619
14899,4619
14900,4619
14901,4619
14902,4619
14903,4619
14904,4619
14905,4619
14906,4619
14907,4619
14908,4619
14909,4619
14910,4619
14911,4619
14912,4619
14913,4619
14914,4619
14915,4619
14916,4619
14917,4619
14918,4619
14919,4619
14920,4619
14921,4619
14922,4619
14923,4619
14924,4619
14925,4619
14926,4619
14927,4619
14928,4619
14929,4619
14930,4619
14931,4619
14932,4619
14933,4619
14934,4619
14935,4619
14936,4619
14937,4619
14938,4619
14939,4619
14940,4619
14941,4619
14942,4619
14943,4619
14944,4619
14945,4619
14946,4619
14947,4619
14948,4619
14949,4619
14950,4619
14951,4619
14952,4619
14953,4619
14954,4619
14955,4619
14956,4619
14957,4619
14958,4619
14959,4619
14960,4619
14961,4619
14962,4619
14963,4619
14964,4619
14965,4619
14966,4619
14967,4619
14968,4619
14969,4619
14970,4619
14971,4619
14972,4619
14973,4619
14974,4619
14975,4619
14976,4619
14977,4619
14978,4619
14979,4619
14980,4619
14981,4619
14982,4619
14983,4619
14984,4619
14985,4619
14986,4619
14987,4619
14988,4619
14989,4619
14990,4619
14991,4619
14992,4619
14993,4619
14994,4619
14995,4619
14996,4619
14997,4619
14998,4619
14999,4619
15000,4619
15001,4619
15002,4619
15003,4619
15004,4619
15005,4619
15006,4619
15007,4619
15008,4619
15009,4619
15010,4619
15011,4619
15012,4619
15013,4619
15014,4619
15015,4619
15016,4619
15017,4619
15018,4619
15019,4619
15020,4619
15021,4619
15022,4619
15023,4619
15024,4619
15025,4619
15026,4619
15027,4619
15028,4619
15029,4619
15030,4619
15031,4619
15032,4619
15033,4619
15034,4619
15035,4619
15036,4619
15037,4619
15038,4619
15039,4619
15040,4619
15041,4619
15042,4619
15043,4619
15044,4619
15045,4619
15046,4619
15047,4619
15048,4619
15049,4619
15050,4619
15051,4619
15052,4619
15053,4619
15054,4619
15055,4619
15056,4619
15057,4619
15058,4619
15059,4619
15060,4619
15061,4619
15062,4619
15063,4619
15064,4619
15065,4619
15066,4619
15067,4619
15068,4619
15069,4619
15070,4619
15071,4619
15072,4619
15073,4619
15074,4619
15075,4619
15076,4619
15077,4619
15078,4619
15079,4619
15080,4619
15081,4619
15082,4619
15083,4619
15084,4619
15085,4619
15086,4619
15087,4619
15088,4619
15089,4619
15090,4619
15091,4619
15092,4619
15093,4619
15094,4619
15095,4619
15096,4619
15097,4619
15098,4619
15099,4619
15100,4619
15101,4619
15102,4619
15103,4619
15104,4619
15105,4619
15106,4619
15107,4619
15108,4619
15109,4619
15110,4619
15111,4619
15112,4619
15113,4619
15114,4619
15115,4619
15116,4619
15117,4619
15118,4619
15119,4619
15120,4619
15121,4619
15122,4619
15123,4619
15124,4619
15125,4619
15126,4619
15127,4619
15128,4619
15129,4619
15130,4619
15131,4619
15132,4619
15133,4619
15134,4619
15135,4619
15136,4619
15137,4619
15138,4619
15139,4619
15140,4619
15141,4619
15142,4619
15143,4619
15144,4619
15145,4619
15146,4619
15147,4619
15148,4619
15149,4619
15150,4619
15151,4619
15152,4619
15153,4619
15154,4619
15155,4619
15156,4619
15157,4619
15158,4619
15159,4619
15160,4619
15161,4619
15162,4619
15163,4619
15164,4619
15165,4619
15166,4619
15167,4619
15168,4619
15169,4619
15170,4619
15171,4619
15172,4619
15173,4619
15174,4619
15175,4619
15176,4619
15177,4619
15178,4619
15179,4619
15180,4619
15181,4619
15182,4619
15183,4619
15184,4619
15185,4619
15186,4619
15187,4619
15188,4619
15189,4619
15190,4619
15191,4619
15192,4619
15193,4619
15194,4619
15195,4619
15196,4619
15197,4619
15198,4619
15199,4619
15200,4619
15201,4619
15202,4619
15203,4619
15204,4619
15205,4619
15206,4619
15207,4619
15208,4619
15209,4619
15210,4619
15211,4619
15212,4619
15213,4619
15214,4619
15215,4619
15216,4619
15217,4619
15218,4619
15219,4619
15220,4619
15221,4619
15222,4619
15223,4619
15224,4619
15225,4619
15226,4619
15227,4619
15228,4619
15229,4619
15230,4619
15231,4619
15232,4619
15233,4619
15234,4619
15235,4619
15236,4619
15237,4619
15238,4619
15239,4619
15240,4619
15241,4619
15242,4619
15243,4619
15244,4619
15245,4619
15246,4619
15247,4619
15248,4619
15249,4619
15250,4619
15251,4619
15252,4619
15253,4619
15254,4619
15255,4619
15256,4619
15257,4619
15258,4619
15259,4619
15260,4619
15261,4619
15262,4619
15263,4619
15264,4619
15265,4619
15266,4619
15267,4619
15268,4619
15269,4619
15270,4619
15271,4619
15272,4619
15273,4619
15274,4619
15275,4619
15276,4619
15277,4619
15278,4619
15279,4619
15280,4619
15281,4619
15282,4619
15283,4619
15284,4619
15285,4619
15286,4619
15287,4619
15288,4619
15289,4619
15290,4619
15291,4619
15292,4619
15293,4619
15294,4619
15295,4619
15296,4619
15297,4619
15298,4619
15299,4619
15300,4619
15301,4619
15302,4619
15303,4619
15304,4619
15305,4619
15306,4619
15307,4619
15308,4619
15309,4619
15310,4619
15311,4619
15312,4619
15313,4619
15314,4619
15315,4619
15316,4619
15317,4619
15318,4619
15319,4619
15320,4619
15321,4619
15322,4619
15323,4619
15324,4619
15325,4619
15326,4619
15327,4619
15328,4619
15329,4619
15330,4619
15331,4619
15332,4619
15333,4619
15334,4619
15335,4619
15336,4619
15337,4619
15338,4619
15339,4619
15340,4619
15341,4619
15342,4619
15343,4619
15344,4619
15345,4619
15346,4619
15347,4619
15348,4619
15349,4619
15350,4619
15351,4619
15352,4619
15353,4619
15354,4619
15355,4619
15356,4619
15357,4619
15358,4619
15359,4619
15360,4619
15361,4619
15362,4619
15363,4619
15364,4619
15365,4619
15366,4619
15367,4619
15368,4619
15369,4619
15370,4619
15371,4619
15372,4619
15373,4619
15374,4619
15375,4619
15376,4619
15377,4619
15378,4619
15379,4619
15380,4619
15381,4619
15382,4619
15383,4619
15384,4619
15385,4619
15386,4619
15387,4619
15388,4619
15389,4619
15390,4619
15391,4619
15392,4619
15393,4619
15394,4619
15395,4619
15396,4619
15397,4619
15398,4619
15399,4619
15400,4619
15401,4619
15402,4619
15403,4619
15404,4619
15405,4619
15406,4619
15407,4619
15408,4619
15409,4619
15410,4619
15411,4619
15412,4619
15413,4619
15414,4619
15415,4619
15416,4619
15417,4619
15418,4619
15419,4619
15420,4619
15421,4619
15422,4619
15423,4619
15424,4619
15425,4619
15426,4619
15427,4619
15428,4619
15429,4619
15430,4619
15431,4619
15432,4619
15433,4619
15434,4619
15435,4619
15436,4619
15437,4619
15438,4619
15439,4619
15440,4619
15441,4619
15442,4619
15443,4619
15444,4619
15445,4619
15446,4619
15447,4619
15448,4619
15449,4619
15450,4619
15451,4619
15452,4619
15453,4619
15454,4619
15455,4619
15456,4619
15457,4619
15458,4619
15459,4619
15460,4619
15461,4619
15462,4619
15463,4619
15464,4619
15465,4619
15466,4619
15467,4619
15468,4619
15469,4619
15470,4619
15471,4619
15472,4619
15473,4619
15474,4619
15475,4619
15476,4619
15477,4619
15478,4619
15479,4619
15480,4619
15481,4619
15482,4619
15483,4619
15484,4619
15485,4619
15486,4619
15487,4619
15488,4619
15489,4619
15490,4619
15491,4619
15492,4619
15493,4619
15494,4619
15495,4619
15496,4619
15497,4619
15498,4619
15499,4619
15500,4619
15501,4619
15502,4619
15503,4619
15504,4619
15505,4619
15506,4619
15507,4619
15508,4619
15509,4619
15510,4619
15511,4619
15512,4619
15513,4619
15514,4619
15515,4619
15516,4619
15517,4619
15518,4619
15519,4619
15520,4619
15521,4619
15522,4619
15523,4619
15524,4619
15525,4619
15526,4619
15527,4619
15528,4619
15529,4619
15530,4619
15531,4619
15532,4619
15533,4619
15534,4619
15535,4619
15536,4619
15537,4619
15538,4619
15539,4619
15540,4619
15541,4619
15542,4619
15543,4619
15544,4619
15545,4619
15546,4619
15547,4619
15548,4619
15549,4619
15550,4619
15551,4619
15552,4619
15553,4619
15554,4619
15555,4619
15556,4619
15557,4619
15558,4619
15559,4619
15560,4619
15561,4619
15562,4619
15563,4619
15564,4619
15565,4619
15566,4619
15567,4619
15568,4619
15569,4619
15570,4619
15571,4619
15572,4619
15573,4619
15574,4619
15575,4619
15576,4619
15577,4619
15578,4619
15579,4619
15580,4619
15581,4619
15582,4619
15583,4619
15584,4619
15585,4619
15586,4619
15587,4619
15588,4619
15589,4619
15590,4619
15591,4619
15592,4619
15593,4619
15594,4619
15595,4619
15596,4619
15597,4619
15598,4619
15599,4619
15600,4619
15601,4619
15602,4619
15603,4619
15604,4619
15605,4619
15606,4619
15607,4619
15608,4619
15609,4619
15610,4619
15611,4619
15612,4619
15613,4619
15614,4619
15615,4619
15616,4619
15617,4619
15618,4619
15619,4619
15620,4619
15621,4619
15622,4619
15623,4619
15624,4619
15625,4619
15626,4619
15627,4619
15628,4619
15629,4619
15630,4619
15631,4619
15632,4619
15633,4619
15634,4619
15635,4619
15636,4619
15637,4619
15638,4619
15639,4619
15640,4619
15641,4619
15642,4619
15643,4619
15644,4619
15645,4619
15646,4619
15647,4619
15648,4619
15649,4619
15650,4619
15651,4619
15652,4619
15653,4619
15654,4619
15655,4619
15656,4619
15657,4619
15658,4619
15659,4619
15660,4619
15661,4619
15662,4619
15663,4619
15664,4619
15665,4619
15666,4619
15667,4619
15668,4619
15669,4619
15670,4619
15671,4619
15672,4619
15673,4619
15674,4619
15675,4619
15676,4619
15677,4619
15678,4619
15679,4619
15680,4619
15681,4619
15682,4619
15683,4619
15684,4619
15685,4619
15686,4619
15687,4619
15688,4619
15689,4619
15690,4619
15691,4619
15692,4619
15693,4619
15694,4619
15695,4619
15696,4619
15697,4619
15698,4619
15699,4619
15700,4619
15701,4619
15702,4619
15703,4619
15704,4619
15705,4619
15706,4619
15707,4619
15708,4619
15709,4619
15710,4619
15711,4619
15712,4619
15713,4619
15714,4619
15715,4619
15716,4619
15717,4619
15718,4619
15719,4619
15720,4619
15721,4619
15722,4619
15723,4619
15724,4619
15725,4619
15726,4619
15727,4619
15728,4619
15729,4619
15730,4619
15731,4619
15732,4619
15733,4619
15734,4619
15735,4619
15736,4619
15737,4619
15738,4619
15739,4619
15740,4619
15741,4619
15742,4619
15743,4619
15744,4619
15745,4619
15746,4619
15747,4619
15748,4619
15749,4619
15750,4619
15751,4619
15752,4619
15753,4619
15754,4619
15755,4619
15756,4619
15757,4619
15758,4619
15759,4619
15760,4619
15761,4619
15762,4619
15763,4619
15764,4619
15765,4619
15766,4619
15767,4619
15768,4619
15769,4619
15770,4619
15771,4619
15772,4619
15773,4619
15774,4619
15775,4619
15776,4619
15777,4619
15778,4619
15779,4619
15780,4619
15781,4619
15782,4619
15783,4619
15784,4619
15785,4619
15786,4619
15787,4619
15788,4619
15789,4619
15790,4619
15791,4619
15792,4619
15793,4619
15794,4619
15795,4619
15796,4619
15797,4619
15798,4619
15799,4619
15800,4619
15801,4619
15802,4619
15803,4619
15804,4619
15805,4619
15806,4619
15807,4619
15808,4619
15809,4619
15810,4619
15811,4619
15812,4619
15813,4619
15814,4619
15815,4619
15816,4619
15817,4619
15818,4619
15819,4619
15820,4619
15821,4619
15822,4619
15823,4619
15824,4619
15825,4619
15826,4619
15827,4619
15828,4619
15829,4619
15830,4619
15831,4619
15832,4619
15833,4619
15834,4619
15835,4619
15836,4619
15837,4619
15838,4619
15839,4619
15840,4619
15841,4619
15842,4619
15843,4619
15844,4619
15845,4619
15846,4619
15847,4619
15848,4619
15849,4619
15850,4619
15851,4619
15852,4619
15853,4619
15854,4619
15855,4619
15856,4619
15857,4619
15858,4619
15859,4619
15860,4619
15861,4619
15862,4619
15863,4619
15864,4619
15865,4619
15866,4619
15867,4619
15868,4619
15869,4619
15870,4619
15871,4619
15872,4619
15873,4619
15874,4619
15875,4619
15876,4619
15877,4619
15878,4619
15879,4619
15880,4619
15881,4619
15882,4619
15883,4619
15884,4619
15885,4619
15886,4619
15887,4619
15888,4619
15889,4619
15890,4619
15891,4619
15892,4619
15893,4619
15894,4619
15895,4619
15896,4619
15897,4619
15898,4619
15899,4619
15900,4619
15901,4619
15902,4619
15903,4619
15904,4619
15905,4619
15906,4619
15907,4619
15908,4619
15909,4619
15910,4619
15911,4619
15912,4619
15913,4619
15914,4619
15915,4619
15916,4619
15917,4619
15918,4619
15919,4619
15920,4619
15921,4619
15922,4619
15923,4619
15924,4619
15925,4619
15926,4619
15927,4619
15928,4619
15929,4619
15930,4619
15931,4619
15932,4619
15933,4619
15934,4619
15935,4619
15936,4619
15937,4619
15938,4619
15939,4619
15940,4619
15941,4619
15942,4619
15943,4619
15944,4619
15945,4619
15946,4619
15947,4619
15948,4619
15949,4619
15950,4619
15951,4619
15952,4619
15953,4619
15954,4619
15955,4619
15956,4619
15957,4619
15958,4619
15959,4619
15960,4619
15961,4619
15962,4619
15963,4619
15964,4619
15965,4619
15966,4619
15967,4619
15968,4619
15969,4619
15970,4619
15971,4619
15972,4619
15973,4619
15974,4619
15975,4619
15976,4619
15977,4619
15978,4619
15979,4619
15980,4619
15981,4619
15982,4619
15983,4619
15984,4619
15985,4619
15986,4619
15987,4619
15988,4619
15989,4619
15990,4619
15991,4619
15992,4619
15993,4619
15994,4619
15995,4619
15996,4619
15997,4619
15998,4619
15999,4619
16000,4619
16001,4619
16002,4619
16003,4619
16004,4619
16005,4619
16006,4619
16007,4619
16008,4619
16009,4619
16010,4619
16011,4619
16012,4619
16013,4619
16014,4619
16015,4619
16016,4619
16017,4619
16018,4619
16019,4619
16020,4619
16021,4619
16022,4619
16023,4619
16024,4619
16025,4619
16026,4619
16027,4619
16028,4619
16029,4619
16030,4619
16031,4619
16032,4619
16033,4619
16034,4619
16035,4619
16036,4619
16037,4619
16038,4619
16039,4619
16040,4619
16041,4619
16042,4619
16043,4619
16044,4619
16045,4619
16046,4619
16047,4619
16048,4619
16049,4619
16050,4619
16051,4619
16052,4619
16053,4619
16054,4619
16055,4619
16056,4619
16057,4619
16058,4619
16059,4619
16060,4619
16061,4619
16062,4619
16063,4619
16064,4619
16065,4619
16066,4619
16067,4619
16068,4619
16069,4619
16070,4619
16071,4619
16072,4619
16073,4619
16074,4619
16075,4619
16076,4619
16077,4619
16078,4619
16079,4619
16080,4619
16081,4619
16082,4619
16083,4619
16084,4619
16085,4619
16086,4619
16087,4619
16088,4619
16089,4619
16090,4619
16091,4619
16092,4619
16093,4619
16094,4619
16095,4619
16096,4619
16097,4619
16098,4619
16099,4619
16100,4619
16101,4619
16102,4619
16103,4619
16104,4619
16105,4619
16106,4619
16107,4619
16108,4619
16109,4619
16110,4619
16111,4619
16112,4619
16113,4619
16114,4619
16115,4619
16116,4619
16117,4619
16118,4619
16119,4619
16120,4619
16121,4619
16122,4619
16123,4619
16124,4619
16125,4619
16126,4619
16127,4619
16128,4619
16129,4619
16130,4619
16131,4619
16132,4619
16133,4619
16134,4619
16135,4619
16136,4619
16137,4619
16138,4619
16139,4619
16140,4619
16141,4619
16142,4619
16143,4619
16144,4619
16145,4619
16146,4619
16147,4619
16148,4619
16149,4619
16150,4619
16151,4619
16152,4619
16153,4619
16154,4619
16155,4619
16156,4619
16157,4619
16158,4619
16159,4619
16160,4619
16161,4619
16162,4619
16163,4619
16164,4619
16165,4619
16166,4619
16167,4619
16168,4619
16169,4619
16170,4619
16171,4619
16172,4619
16173,4619
16174,4619
16175,4619
16176,4619
16177,4619
16178,4619
16179,4619
16180,4619
16181,4619
16182,4619
16183,4619
16184,4619
16185,4619
16186,4619
16187,4619
16188,4619
16189,4619
16190,4619
16191,4619
16192,4619
16193,4619
16194,4619
16195,4619
16196,4619
16197,4619
16198,4619
16199,4619
16200,4619
16201,4619
16202,4619
16203,4619
16204,4619
16205,4619
16206,4619
16207,4619
16208,4619
16209,4619
16210,4619
16211,4619
16212,4619
16213,4619
16214,4619
16215,4619
16216,4619
16217,4619
16218,4619
16219,4619
16220,4619
16221,4619
16222,4619
16223,4619
16224,4619
16225,4619
16226,4619
16227,4619
16228,4619
16229,4619
16230,4619
16231,4619
16232,4619
16233,4619
16234,4619
16235,4619
16236,4619
16237,4619
16238,4619
16239,4619
16240,4619
16241,4619
16242,4619
16243,4619
16244,4619
16245,4619
16246,4619
16247,4619
16248,4619
16249,4619
16250,4619
16251,4619
16252,4619
16253,4619
16254,4619
16255,4619
16256,4619
16257,4619
16258,4619
16259,4619
16260,4619
16261,4619
16262,4619
16263,4619
16264,4619
16265,4619
16266,4619
16267,4619
16268,4619
16269,4619
16270,4619
16271,4619
16272,4619
16273,4619
16274,4619
16275,4619
16276,4619
16277,4619
16278,4619
16279,4619
16280,4619
16281,4619
16282,4619
16283,4619
16284,4619
16285,4619
16286,4619
16287,4619
16288,4619
16289,4619
16290,4619
16291,4619
16292,4619
16293,4619
16294,4619
16295,4619
16296,4619
16297,4619
16298,4619
16299,4619
16300,4619
16301,4619
16302,4619
16303,4619
16304,4619
16305,4619
16306,4619
16307,4619
16308,4619
16309,4619
16310,4619
16311,4619
16312,4619
16313,4619
16314,4619
16315,4619
16316,4619
16317,4619
16318,4619
16319,4619
16320,4619
16321,4619
16322,4619
16323,4619
16324,4619
16325,4619
16326,4619
16327,4619
16328,4619
16329,4619
16330,4619
16331,4619
16332,4619
16333,4619
16334,4619
16335,4619
16336,4619
16337,4619
16338,4619
16339,4619
16340,4619
16341,4619
16342,4619
16343,4619
16344,4619
16345,4619
16346,4619
16347,4619
16348,4619
16349,4619
16350,4619
16351,4619
16352,4619
16353,4619
16354,4619
16355,4619
16356,4619
16357,4619
16358,4619
16359,4619
16360,4619
16361,4619
16362,4619
16363,4619
16364,4619
16365,4619
16366,4619
16367,4619
16368,4619
16369,4619
16370,4619
16371,4619
16372,4619
16373,4619
16374,4619
16375,4619
16376,4619
16377,4619
16378,4619
16379,4619
16380,4619
16381,4619
16382,4619
16383,4619
16384,4619
16385,4619
16386,4619
16387,4619
16388,4619
16389,4619
16390,4619
16391,4619
16392,4619
16393,4619
16394,4619
16395,4619
16396,4619
16397,4619
16398,4619
16399,4619
16400,4619
16401,4619
16402,4619
16403,4619
16404,4619
16405,4619
16406,4619
16407,4619
16408,4619
16409,4619
16410,4619
16411,4619
16412,4619
16413,4619
16414,4619
16415,4619
16416,4619
16417,4619
16418,4619
16419,4619
16420,4619
16421,4619
16422,4619
16423,4619
16424,4619
16425,4619
16426,4619
16427,4619
16428,4619
16429,4619
16430,4619
16431,4619
16432,4619
16433,4619
16434,4619
16435,4619
16436,4619
16437,4619
16438,4619
16439,4619
16440,4619
16441,4619
16442,4619
16443,4619
16444,4619
16445,4619
16446,4619
16447,4619
16448,4619
16449,4619
16450,4619
16451,4619
16452,4619
16453,4619
16454,4619
16455,4619
16456,4619
16457,4619
16458,4619
16459,4619
16460,4619
16461,4619
16462,4619
16463,4619
16464,4619
16465,4619
16466,4619
16467,4619
16468,4619
16469,4619
16470,4619
16471,4619
16472,4619
16473,4619
16474,4619
16475,4619
16476,4619
16477,4619
16478,4619
16479,4619
16480,4619
16481,4619
16482,4619
16483,4619
16484,4619
16485,4619
16486,4619
16487,4619
16488,4619
16489,4619
16490,4619
16491,4619
16492,4619
16493,4619
16494,4619
16495,4619
16496,4619
16497,4619
16498,4619
16499,4619
16500,4619
16501,4619
16502,4619
16503,4619
16504,4619
16505,4619
16506,4619
16507,4619
16508,4619
16509,4619
16510,4619
16511,4619
16512,4619
16513,4619
16514,4619
16515,4619
16516,4619
16517,4619
16518,4619
16519,4619
16520,4619
16521,4619
16522,4619
16523,4619
16524,4619
16525,4619
16526,4619
16527,4619
16528,4619
16529,4619
16530,4619
16531,4619
16532,4619
16533,4619
16534,4619
16535,4619
16536,4619
16537,4619
16538,4619
16539,4619
16540,4619
16541,4619
16542,4619
16543,4619
16544,4619
16545,4619
16546,4619
16547,4619
16548,4619
16549,4619
16550,4619
16551,4619
16552,4619
16553,4619
16554,4619
16555,4619
16556,4619
16557,4619
16558,4619
16559,4619
16560,4619
16561,4619
16562,4619
16563,4619
16564,4619
16565,4619
16566,4619
16567,4619
16568,4619
16569,4619
16570,4619
16571,4619
16572,4619
16573,4619
16574,4619
16575,4619
16576,4619
16577,4619
16578,4619
16579,4619
16580,4619
16581,4619
16582,4619
16583,4619
16584,4619
16585,4619
16586,4619
16587,4619
16588,4619
16589,4619
16590,4619
16591,4619
16592,4619
16593,4619
16594,4619
16595,4619
16596,4619
16597,4619
16598,4619
16599,4619
16600,4619
16601,4619
16602,4619
16603,4619
16604,4619
16605,4619
16606,4619
16607,4619
16608,4619
16609,4619
16610,4619
16611,4619
16612,4619
16613,4619
16614,4619
16615,4619
16616,4619
16617,4619
16618,4619
16619,4619
16620,4619
16621,4619
16622,4619
16623,4619
16624,4619
16625,4619
16626,4619
16627,4619
16628,4619
16629,4619
16630,4619
16631,4619
16632,4619
16633,4619
16634,4619
16635,4619
16636,4619
16637,4619
16638,4619
16639,4619
16640,4619
16641,4619
16642,4619
16643,4619
16644,4619
16645,4619
16646,4619
16647,4619
16648,4619
16649,4619
16650,4619
16651,4619
16652,4619
16653,4619
16654,4619
16655,4619
16656,4619
16657,4619
16658,4619
16659,4619
16660,4619
16661,4619
16662,4619
16663,4619
16664,4619
16665,4619
16666,4619
16667,4619
16668,4619
16669,4619
16670,4619
16671,4619
16672,4619
16673,4619
16674,4619
16675,4619
16676,4619
16677,4619
16678,4619
16679,4619
16680,4619
16681,4619
16682,4619
16683,4619
16684,4619
16685,4619
16686,4619
16687,4619
16688,4619
16689,4619
16690,4619
16691,4619
16692,4619
16693,4619
16694,4619
16695,4619
16696,4619
16697,4619
16698,4619
16699,4619
16700,4619
16701,4619
16702,4619
16703,4619
16704,4619
16705,4619
16706,4619
16707,4619
16708,4619
16709,4619
16710,4619
16711,4619
16712,4619
16713,4619
16714,4619
16715,4619
16716,4619
16717,4619
16718,4619
16719,4619
16720,4619
16721,4619
16722,4619
16723,4619
16724,4619
16725,4619
16726,4619
16727,4619
16728,4619
16729,4619
16730,4619
16731,4619
16732,4619
16733,4619
16734,4619
16735,4619
16736,4619
16737,4619
16738,4619
16739,4619
16740,4619
16741,4619
16742,4619
16743,4619
16744,4619
16745,4619
16746,4619
16747,4619
16748,4619
16749,4619
16750,4619
16751,4619
16752,4619
16753,4619
16754,4619
16755,4619
16756,4619
16757,4619
16758,4619
16759,4619
16760,4619
16761,4619
16762,4619
16763,4619
16764,4619
16765,4619
16766,4619
16767,4619
16768,4619
16769,4619
16770,4619
16771,4619
16772,4619
16773,4619
16774,4619
16775,4619
16776,4619
16777,4619
16778,4619
16779,4619
16780,4619
16781,4619
16782,4619
16783,4619
16784,4619
16785,4619
16786,4619
16787,4619
16788,4619
16789,4619
16790,4619
16791,4619
16792,4619
16793,4619
16794,4619
16795,4619
16796,4619
16797,4619
16798,4619
16799,4619
16800,4619
16801,4619
16802,4619
16803,4619
16804,4619
16805,4619
16806,4619
16807,4619
16808,4619
16809,4619
16810,4619
16811,4619
16812,4619
16813,4619
16814,4619
16815,4619
16816,4619
16817,4619
16818,4619
16819,4619
16820,4619
16821,4619
16822,4619
16823,4619
16824,4619
16825,4619
16826,4619
16827,4619
16828,4619
16829,4619
16830,4619
16831,4619
16832,4619
16833,4619
16834,4619
16835,4619
16836,4619
16837,4619
16838,4619
16839,4619
16840,4619
16841,4619
16842,4619
16843,4619
16844,4619
16845,4619
16846,4619
16847,4619
16848,4619
16849,4619
16850,4619
16851,4619
16852,4619
16853,4619
16854,4619
16855,4619
16856,4619
16857,4619
16858,4619
16859,4619
16860,4619
16861,4619
16862,4619
16863,4619
16864,4619
16865,4619
16866,4619
16867,4619
16868,4619
16869,4619
16870,4619
16871,4619
16872,4619
16873,4619
16874,4619
16875,4619
16876,4619
16877,4619
16878,4619
16879,4619
16880,4619
16881,4619
16882,4619
16883,4619
16884,4619
16885,4619
16886,4619
16887,4619
16888,4619
16889,4619
16890,4619
16891,4619
16892,4619
16893,4619
16894,4619
16895,4619
16896,4619
16897,4619
16898,4619
16899,4619
16900,4619
16901,4619
16902,4619
16903,4619
16904,4619
16905,4619
16906,4619
16907,4619
16908,4619
16909,4619
16910,4619
16911,4619
16912,4619
16913,4619
16914,4619
16915,4619
16916,4619
16917,4619
16918,4619
16919,4619
16920,4619
16921,4619
16922,4619
16923,4619
16924,4619
16925,4619
16926,4619
16927,4619
16928,4619
16929,4619
16930,4619
16931,4619
16932,4619
16933,4619
16934,4619
16935,4619
16936,4619
16937,4619
16938,4619
16939,4619
16940,4619
16941,4619
16942,4619
16943,4619
16944,4619
16945,4619
16946,4619
16947,4619
16948,4619
16949,4619
16950,4619
16951,4619
16952,4619
16953,4619
16954,4619
16955,4619
16956,4619
16957,4619
16958,4619
16959,4619
16960,4619
16961,4619
16962,4619
16963,4619
16964,4619
16965,4619
16966,4619
16967,4619
16968,4619
16969,4619
16970,4619
16971,4619
16972,4619
16973,4619
16974,4619
16975,4619
16976,4619
16977,4619
16978,4619
16979,4619
16980,4619
16981,4619
16982,4619
16983,4619
16984,4619
16985,4619
16986,4619
16987,4619
16988,4619
16989,4619
16990,4619
16991,4619
16992,4619
16993,4619
16994,4619
16995,4619
16996,4619
16997,4619
16998,4619
16999,4619
17000,4619
17001,4619
17002,4619
17003,4619
17004,4619
17005,4619
17006,4619
17007,4619
17008,4619
17009,4619
17010,4619
17011,4619
17012,4619
17013,4619
17014,4619
17015,4619
17016,4619
17017,4619
17018,4619
17019,4619
17020,4619
17021,4619
17022,4619
17023,4619
17024,4619
17025,4619
17026,4619
17027,4619
17028,4619
17029,4619
17030,4619
17031,4619
17032,4619
17033,4619
17034,4619
17035,4619
17036,4619
17037,4619
17038,4619
17039,4619
17040,4619
17041,4619
17042,4619
17043,4619
17044,4619
17045,4619
17046,4619
17047,4619
17048,4619
17049,4619
17050,4619
17051,4619
17052,4619
17053,4619
17054,4619
17055,4619
17056,4619
17057,4619
17058,4619
17059,4619
17060,4619
17061,4619
17062,4619
17063,4619
17064,4619
17065,4619
17066,4619
17067,4619
17068,4619
17069,4619
17070,4619
17071,4619
17072,4619
17073,4619
17074,4619
17075,4619
17076,4619
17077,4619
17078,4619
17079,4619
17080,4619
17081,4619
17082,4619
17083,4619
17084,4619
17085,4619
17086,4619
17087,4619
17088,4619
17089,4619
17090,4619
17091,4619
17092,4619
17093,4619
17094,4619
17095,4619
17096,4619
17097,4619
17098,4619
17099,4619
17100,4619
17101,4619
17102,4619
17103,4619
17104,4619
17105,4619
17106,4619
17107,4619
17108,4619
17109,4619
17110,4619
17111,4619
17112,4619
17113,4619
17114,4619
17115,4619
17116,4691
17117,4691
17118,4691
17119,4691
17120,4691
17121,4691
17122,4691
17123,4691
17124,4691
17125,4691
17126,4691
17127,4691
17128,4691
17129,4691
17130,4691
17131,4691
17132,4691
17133,4691
17134,4691
17135,4691
17136,4691
17137,4691
17138,4691
17139,4691
17140,4691
17141,4691
17142,4691
17143,4691
17144,4691
17145,4691
17146,4691
17147,4691
17148,4691
17149,4691
17150,4691
17151,4691
17152,4691
17153,4691
17154,4691
17155,4691
17156,4691
17157,4691
17158,4691
17159,4691
17160,4691
17161,4691
17162,4691
17163,4691
17164,4691
17165,4691
17166,4691
17167,4691
17168,4691
17169,4691
17170,4691
17171,4691
17172,4691
17173,4691
17174,4691
17175,4691
17176,4691
17177,4691
17178,4691
17179,4691
17180,4691
17181,4691
17182,4691
17183,4691
17184,4691
17185,4691
17186,4691
17187,4691
17188,4691
17189,4691
17190,4691
17191,4691
17192,4691
17193,4691
17194,4691
17195,4691
17196,4691
17197,4691
17198,4691
17199,4691
17200,4691
17201,4691
17202,4691
17203,4691
17204,4691
17205,4691
17206,4691
17207,4691
17208,4691
17209,4691
17210,4691
17211,4691
17212,4691
17213,4691
17214,4691
17215,4691
17216,4691
17217,4691
17218,4691
17219,4691
17220,4691
17221,4691
17222,4691
17223,4691
17224,4691
17225,4691
17226,4691
17227,4691
17228,4691
17229,4691
17230,4691
17231,4691
17232,4691
17233,4691
17234,4691
17235,4691
17236,4691
17237,4691
17238,4691
17239,4691
17240,4691
17241,4691
17242,4691
17243,4691
17244,4691
17245,4691
17246,4691
17247,4691
17248,4691
17249,4691
17250,4691
17251,4691
17252,4691
17253,4691
17254,4691
17255,4691
17256,4691
17257,4691
17258,4691
17259,4691
17260,4691
17261,4691
17262,4691
17263,4691
17264,4691
17265,4691
17266,4691
17267,4691
17268,4691
17269,4691
17270,4691
17271,4691
17272,4691
17273,4691
17274,4691
17275,4691
17276,4691
17277,4691
17278,4691
17279,4691
17280,4691
17281,4691
17282,4691
17283,4691
17284,4691
17285,4691
17286,4691
17287,4691
17288,4691
17289,4691
17290,4691
17291,4691
17292,4691
17293,4691
17294,4691
17295,4691
17296,4691
17297,4691
17298,4691
17299,4691
17300,4691
17301,4691
17302,4691
17303,4691
17304,4691
17305,4691
17306,4691
17307,4691
17308,4691
17309,4691
17310,4691
17311,4691
17312,4691
17313,4691
17314,4691
17315,4691
17316,4691
17317,4691
17318,4691
17319,4691
17320,4691
17321,4691
17322,4691
17323,4691
17324,4691
17325,4691
17326,4691
17327,4691
17328,4691
17329,4691
17330,4691
17331,4691
17332,4691
17333,4691
17334,4691
17335,4691
17336,4691
17337,4691
17338,4691
17339,4691
17340,4691
17341,4691
17342,4691
17343,4691
17344,4691
17345,4691
17346,4691
17347,4691
17348,4691
17349,4691
17350,4691
17351,4691
17352,4691
17353,4691
17354,4691
17355,4691
17356,4691
17357,4691
17358,4691
17359,4691
17360,4691
17361,4691
17362,4691
17363,4691
17364,4691
17365,4691
17366,4691
17367,4691
17368,4691
17369,4691
17370,4691
17371,4691
17372,4691
17373,4691
17374,4691
17375,4691
17376,4691
17377,4691
17378,4691
17379,4691
17380,4691
17381,4691
17382,4691
17383,4691
17384,4691
17385,4691
17386,4691
17387,4691
17388,4691
17389,4691
17390,4691
17391,4691
17392,4691
17393,4691
17394,4691
17395,4691
17396,4691
17397,4691
17398,4691
17399,4691
17400,4691
17401,4691
17402,4691
17403,4691
17404,4691
17405,4691
17406,4691
17407,4691
17408,4691
17409,4691
17410,4691
17411,4691
17412,4691
17413,4691
17414,4691
17415,4691
17416,4691
17417,4691
17418,4691
17419,4691
17420,4691
17421,4691
17422,4691
17423,4691
17424,4691
17425,4691
17426,4691
17427,4691
17428,4691
17429,4691
17430,4691
17431,4691
17432,4691
17433,4691
17434,4691
17435,4691
17436,4691
17437,4691
17438,4691
17439,4691
17440,4691
17441,4691
17442,4691
17443,4691
17444,4691
17445,4691
17446,4691
17447,4691
17448,4691
17449,4691
17450,4691
17451,4691
17452,4691
17453,4691
17454,4691
17455,4691
17456,4691
17457,4691
17458,4691
17459,4691
17460,4691
17461,4691
17462,4691
17463,4691
17464,4691
17465,4691
17466,4691
17467,4691
17468,4691
17469,4691
17470,4691
17471,4691
17472,4691
17473,4691
17474,4691
17475,4691
17476,4691
17477,4691
17478,4691
17479,4691
17480,4691
17481,4691
17482,4691
17483,4691
17484,4691
17485,4691
17486,4691
17487,4691
17488,4691
17489,4691
17490,4691
17491,4691
17492,4691
17493,4691
17494,4691
17495,4691
17496,4691
17497,4691
17498,4691
17499,4691
17500,4691
17501,4691
17502,4691
17503,4691
17504,4691
17505,4691
17506,4691
17507,4691
17508,4691
17509,4691
17510,4691
17511,4691
17512,4691
17513,4691
17514,4691
17515,4691
17516,4691
17517,4691
17518,4691
17519,4691
17520,4691
17521,4691
17522,4691
17523,4691
17524,4691
17525,4691
17526,4691
17527,4691
17528,4691
17529,4691
17530,4691
17531,4691
17532,4691
17533,4691
17534,4691
17535,4691
17536,4691
17537,4691
17538,4691
17539,4691
17540,4691
17541,4691
17542,4691
17543,4691
17544,4691
17545,4691
17546,4691
17547,4691
17548,4691
17549,4691
17550,4691
17551,4691
17552,4691
17553,4691
17554,4691
17555,4691
17556,4691
17557,4691
17558,4691
17559,4691
17560,4691
17561,4691
17562,4691
17563,4691
17564,4691
17565,4691
17566,4691
17567,4691
17568,4691
17569,4691
17570,4691
17571,4691
17572,4691
17573,4691
17574,4691
17575,4691
17576,4691
17577,4691
17578,4691
17579,4691
17580,4691
17581,4691
17582,4691
17583,4691
17584,4691
17585,4691
17586,4691
17587,4691
17588,4691
17589,4691
17590,4691
17591,4691
17592,4691
17593,4691
17594,4691
17595,4691
17596,4691
17597,4691
17598,4691
17599,4691
17600,4691
17601,4691
17602,4691
17603,4691
17604,4691
17605,4691
17606,4691
17607,4691
17608,4691
17609,4691
17610,4691
17611,4691
17612,4691
17613,4691
17614,4691
17615,4691
17616,4691
17617,4691
17618,4691
17619,4691
17620,4691
17621,4691
17622,4691
17623,4691
17624,4691
17625,4691
17626,4691
17627,4691
17628,4691
17629,4691
17630,4691
17631,4691
17632,4691
17633,4691
17634,4691
17635,4691
17636,4691
17637,4691
17638,4691
17639,4691
17640,4691
17641,4691
17642,4691
17643,4691
17644,4691
17645,4691
17646,4691
17647,4691
17648,4691
17649,4691
17650,4691
17651,4691
17652,4691
17653,4691
17654,4691
17655,4691
17656,4691
17657,4691
17658,4691
17659,4691
17660,4691
17661,4691
17662,4691
17663,4691
17664,4691
17665,4691
17666,4691
17667,4691
17668,4691
17669,4691
17670,4691
17671,4691
17672,4691
17673,4691
17674,4691
17675,4691
17676,4691
17677,4691
17678,4691
17679,4691
17680,4691
17681,4691
17682,4691
17683,4691
17684,4691
17685,4691
17686,4691
17687,4691
17688,4691
17689,4691
17690,4691
17691,4691
17692,4691
17693,4691
17694,4691
17695,4691
17696,4691
17697,4691
17698,4691
17699,4691
17700,4691
17701,4691
17702,4691
17703,4691
17704,4691
17705,4691
17706,4691
17707,4691
17708,4691
17709,4691
17710,4691
17711,4691
17712,4691
17713,4691
17714,4691
17715,4691
17716,4691
17717,4691
17718,4691
17719,4691
17720,4691
17721,4691
17722,4691
17723,4691
17724,4691
17725,4691
17726,4691
17727,4691
17728,4691
17729,4691
17730,4691
17731,4691
17732,4691
17733,4691
17734,4691
17735,4691
17736,4691
17737,4691
17738,4691
17739,4691
17740,4691
17741,4691
17742,4691
17743,4691
17744,4691
17745,4691
17746,4691
17747,4691
17748,4691
17749,4691
17750,4691
17751,4691
17752,4691
17753,4691
17754,4691
17755,4691
17756,4691
17757,4691
17758,4691
17759,4691
17760,4691
17761,4691
17762,4691
17763,4691
17764,4691
17765,4691
17766,4691
17767,4691
17768,4691
17769,4691
17770,4691
17771,4691
17772,4691
17773,4691
17774,4691
17775,4691
17776,4691
17777,4691
17778,4691
17779,4691
17780,4691
17781,4691
17782,4691
17783,4691
17784,4691
17785,4691
17786,4691
17787,4691
17788,4691
17789,4691
17790,4691
17791,4691
17792,4691
17793,4691
17794,4691
17795,4691
17796,4691
17797,4691
17798,4691
17799,4691
17800,4691
17801,4691
17802,4691
17803,4691
17804,4691
17805,4691
17806,4691
17807,4691
17808,4691
17809,4691
17810,4691
17811,4691
17812,4691
17813,4691
17814,4691
17815,4691
17816,4691
17817,4691
17818,4691
17819,4691
17820,4691
17821,4691
17822,4691
17823,4691
17824,4691
17825,4691
17826,4691
17827,4691
17828,4691
17829,4691
17830,4691
17831,4691
17832,4691
17833,4691
17834,4691
17835,4691
17836,4691
17837,4691
17838,4691
17839,4691
17840,4691
17841,4691
17842,4691
17843,4691
17844,4691
17845,4691
17846,4691
17847,4691
17848,4691
17849,4691
17850,4691
17851,4691
17852,4691
17853,4691
17854,4691
17855,4691
17856,4691
17857,4691
17858,4691
17859,4691
17860,4691
17861,4691
17862,4691
17863,4691
17864,4691
17865,4691
17866,4691
17867,4691
17868,4691
17869,4691
17870,4691
17871,4691
17872,4691
17873,4691
17874,4691
17875,4691
17876,4691
17877,4691
17878,4691
17879,4691
17880,4691
17881,4691
17882,4691
17883,4691
17884,4691
17885,4691
17886,4691
17887,4691
17888,4691
17889,4691
17890,4691
17891,4691
17892,4691
17893,4691
17894,4691
17895,4691
17896,4691
17897,4691
17898,4691
17899,4691
17900,4691
17901,4691
17902,4691
17903,4691
17904,4691
17905,4691
17906,4691
17907,4691
17908,4691
17909,4691
17910,4691
17911,4691
17912,4691
17913,4691
17914,4691
17915,4691
17916,4691
17917,4691
17918,4691
17919,4691
17920,4691
17921,4691
17922,4691
17923,4691
17924,4691
17925,4691
17926,4691
17927,4691
17928,4691
17929,4691
17930,4691
17931,4691
17932,4691
17933,4691
17934,4691
17935,4691
17936,4691
17937,4691
17938,4691
17939,4691
17940,4691
17941,4691
17942,4691
17943,4691
17944,4691
17945,4691
17946,4691
17947,4691
17948,4691
17949,4691
17950,4691
17951,4691
17952,4691
17953,4691
17954,4691
17955,4691
17956,4691
17957,4691
17958,4691
17959,4691
17960,4691
17961,4691
17962,4691
17963,4691
17964,4691
17965,4691
17966,4691
17967,4691
17968,4691
17969,4691
17970,4691
17971,4691
17972,4691
17973,4691
17974,4691
17975,4691
17976,4691
17977,4691
17978,4691
17979,4691
17980,4691
17981,4691
17982,4691
17983,4691
17984,4691
17985,4691
17986,4691
17987,4691
17988,4691
17989,4691
17990,4691
17991,4691
17992,4691
17993,4691
17994,4691
17995,4691
17996,4691
17997,4691
17998,4691
17999,4691
18000,4691
18001,4691
18002,4691
18003,4691
18004,4691
18005,4691
18006,4691
18007,4691
18008,4691
18009,4691
18010,4691
18011,4691
18012,4691
18013,4691
18014,4691
18015,4691
18016,4691
18017,4691
18018,4691
18019,4691
18020,4691
18021,4691
18022,4691
18023,4691
18024,4691
18025,4691
18026,4691
18027,4691
18028,4691
18029,4691
18030,4691
18031,4691
18032,4691
18033,4691
18034,4691
18035,4691
18036,4691
18037,4691
18038,4691
18039,4691
18040,4691
18041,4691
18042,4691
18043,4691
18044,4691
18045,4691
18046,4691
18047,4691
18048,4691
18049,4691
18050,4691
18051,4691
18052,4691
18053,4691
18054,4691
18055,4691
18056,4691
18057,4691
18058,4691
18059,4691
18060,4691
18061,4691
18062,4691
18063,4691
18064,4691
18065,4691
18066,4691
18067,4691
18068,4691
18069,4691
18070,4691
18071,4691
18072,4691
18073,4691
18074,4691
18075,4691
18076,4691
18077,4691
18078,4691
18079,4691
18080,4691
18081,4691
18082,4691
18083,4691
18084,4691
18085,4691
18086,4691
18087,4691
18088,4691
18089,4691
18090,4691
18091,4691
18092,4691
18093,4691
18094,4691
18095,4691
18096,4691
18097,4691
18098,4691
18099,4691
18100,4691
18101,4691
18102,4691
18103,4691
18104,4691
18105,4691
18106,4691
18107,4691
18108,4691
18109,4691
18110,4691
18111,4691
18112,4691
18113,4691
18114,4691
18115,4691
18116,4691
18117,4691
18118,4691
18119,4691
18120,4691
18121,4691
18122,4691
18123,4691
18124,4691
18125,4691
18126,4691
18127,4691
18128,4691
18129,4691
18130,4691
18131,4691
18132,4691
18133,4691
18134,4691
18135,4691
18136,4691
18137,4691
18138,4691
18139,4691
18140,4691
18141,4691
18142,4691
18143,4691
18144,4691
18145,4691
18146,4691
18147,4691
18148,4691
18149,4691
18150,4691
18151,4691
18152,4691
18153,4691
18154,4691
18155,4691
18156,4691
18157,4691
18158,4691
18159,4691
18160,4691
18161,4691
18162,4691
18163,4691
18164,4691
18165,4691
18166,4691
18167,4691
18168,4691
18169,4691
18170,4691
18171,4691
18172,4691
18173,4691
18174,4691
18175,4691
18176,4691
18177,4691
18178,4691
18179,4691
18180,4691
18181,4691
18182,4691
18183,4691
18184,4691
18185,4691
18186,4691
18187,4691
18188,4691
18189,4691
18190,4691
18191,4691
18192,4691
18193,4691
18194,4691
18195,4691
18196,4691
18197,4691
18198,4691
18199,4691
18200,4691
18201,4691
18202,4691
18203,4691
18204,4691
18205,4691
18206,4691
18207,4691
18208,4691
18209,4691
18210,4691
18211,4691
18212,4691
18213,4691
18214,4691
18215,4691
18216,4691
18217,4691
18218,4691
18219,4691
18220,4691
18221,4691
18222,4691
18223,4691
18224,4691
18225,4691
18226,4691
18227,4691
18228,4691
18229,4691
18230,4691
18231,4691
18232,4691
18233,4691
18234,4691
18235,4691
18236,4691
18237,4691
18238,4691
18239,4691
18240,4691
18241,4691
18242,4691
18243,4691
18244,4691
18245,4691
18246,4691
18247,4691
18248,4691
18249,4691
18250,4691
18251,4691
18252,4691
18253,4691
18254,4691
18255,4691
18256,4691
18257,4691
18258,4691
18259,4691
18260,4691
18261,4691
18262,4691
18263,4691
18264,4691
18265,4691
18266,4691
18267,4691
18268,4691
18269,4691
18270,4691
18271,4691
18272,4691
18273,4691
18274,4691
18275,4691
18276,4691
18277,4691
18278,4691
18279,4691
18280,4691
18281,4691
18282,4691
18283,4691
18284,4691
18285,4691
18286,4691
18287,4691
18288,4691
18289,4691
18290,4691
18291,4691
18292,4691
18293,4691
18294,4691
18295,4691
18296,4691
18297,4691
18298,4691
18299,4691
18300,4691
18301,4691
18302,4691
18303,4691
18304,4691
18305,4691
18306,4691
18307,4691
18308,4691
18309,4691
18310,4691
18311,4691
18312,4691
18313,4691
18314,4691
18315,4691
18316,4691
18317,4691
18318,4691
18319,4691
18320,4691
18321,4691
18322,4691
18323,4691
18324,4691
18325,4691
18326,4691
18327,4691
18328,4691
18329,4691
18330,4691
18331,4691
18332,4691
18333,4691
18334,4691
18335,4691
18336,4691
18337,4691
18338,4691
18339,4691
18340,4691
18341,4691
18342,4691
18343,4691
18344,4691
18345,4691
18346,4691
18347,4691
18348,4691
18349,4691
18350,4691
18351,4691
18352,4691
18353,4691
18354,4691
18355,4691
18356,4691
18357,4691
18358,4691
18359,4691
18360,4691
18361,4691
18362,4691
18363,4691
18364,4691
18365,4691
18366,4691
18367,4691
18368,4691
18369,4691
18370,4691
18371,4691
18372,4691
18373,4691
18374,4691
18375,4691
18376,4691
18377,4691
18378,4691
18379,4691
18380,4691
18381,4691
18382,4691
18383,4691
18384,4691
18385,4691
18386,4691
18387,4691
18388,4691
18389,4691
18390,4691
18391,4691
18392,4691
18393,4691
18394,4691
18395,4691
18396,4691
18397,4691
18398,4691
18399,4691
18400,4691
18401,4691
18402,4691
18403,4691
18404,4691
18405,4691
18406,4691
18407,4691
18408,4691
18409,4691
18410,4691
18411,4691
18412,4691
18413,4691
18414,4691
18415,4691
18416,4691
18417,4691
18418,4691
18419,4691
18420,4691
18421,4691
18422,4691
18423,4691
18424,4691
18425,4691
18426,4691
18427,4691
18428,4691
18429,4691
18430,4691
18431,4691
18432,4691
18433,4691
18434,4691
18435,4691
18436,4691
18437,4691
18438,4691
18439,4691
18440,4691
18441,4691
18442,4691
18443,4691
18444,4691
18445,4691
18446,4691
18447,4691
18448,4691
18449,4691
18450,4691
18451,4691
18452,4691
18453,4691
18454,4691
18455,4691
18456,4691
18457,4691
18458,4691
18459,4691
18460,4691
18461,4691
18462,4691
18463,4691
18464,4691
18465,4691
18466,4691
18467,4691
18468,4691
18469,4691
18470,4691
18471,4691
18472,4691
18473,4691
18474,4691
18475,4691
18476,4691
18477,4691
18478,4691
18479,4691
18480,4691
18481,4691
18482,4691
18483,4691
18484,4691
18485,4691
18486,4691
18487,4691
18488,4691
18489,4691
18490,4691
18491,4691
18492,4691
18493,4691
18494,4691
18495,4691
18496,4691
18497,4691
18498,4691
18499,4691
18500,4691
18501,4691
18502,4691
18503,4691
18504,4691
18505,4691
18506,4691
18507,4691
18508,4691
18509,4691
18510,4691
18511,4691
18512,4691
18513,4691
18514,4691
18515,4691
18516,4691
18517,4691
18518,4691
18519,4691
18520,4691
18521,4691
18522,4691
18523,4691
18524,4691
18525,4691
18526,4691
18527,4691
18528,4691
18529,4691
18530,4691
18531,4691
18532,4691
18533,4691
18534,4691
18535,4691
18536,4691
18537,4691
18538,4691
18539,4691
18540,4691
18541,4691
18542,4691
18543,4691
18544,4691
18545,4691
18546,4691
18547,4691
18548,4691
18549,4691
18550,4691
18551,4691
18552,4691
18553,4691
18554,4691
18555,4691
18556,4691
18557,4691
18558,4691
18559,4691
18560,4691
18561,4691
18562,4691
18563,4691
18564,4691
18565,4691
18566,4691
18567,4691
18568,4691
18569,4691
18570,4691
18571,4691
18572,4691
18573,4691
18574,4691
18575,4691
18576,4691
18577,4691
18578,4691
18579,4691
18580,4691
18581,4691
18582,4691
18583,4691
18584,4691
18585,4691
18586,4691
18587,4691
18588,4691
18589,4691
18590,4691
18591,4691
18592,4691
18593,4691
18594,4691
18595,4691
18596,4691
18597,4691
18598,4691
18599,4691
18600,4691
18601,4691
18602,4691
18603,4691
18604,4691
18605,4691
18606,4691
18607,4691
18608,4691
18609,4691
18610,4691
18611,4691
18612,4691
18613,4691
18614,4691
18615,4691
18616,4691
18617,4691
18618,4691
18619,4691
18620,4691
18621,4691
18622,4691
18623,4691
18624,4691
18625,4691
18626,4691
18627,4691
18628,4691
18629,4691
18630,4691
18631,4691
18632,4691
18633,4691
18634,4691
18635,4691
18636,4691
18637,4691
18638,4691
18639,4691
18640,4691
18641,4691
18642,4691
18643,4691
18644,4691
18645,4691
18646,4691
18647,4691
18648,4691
18649,4691
18650,4691
18651,4691
18652,4691
18653,4691
18654,4691
18655,4691
18656,4691
18657,4691
18658,4691
18659,4691
18660,4691
18661,4691
18662,4691
18663,4691
18664,4691
18665,4691
18666,4691
18667,4691
18668,4691
18669,4691
18670,4691
18671,4691
18672,4691
18673,4691
18674,4691
18675,4691
18676,4691
18677,4691
18678,4691
18679,4691
18680,4691
18681,4691
18682,4691
18683,4691
18684,4691
18685,4691
18686,4691
18687,4691
18688,4691
18689,4691
18690,4691
18691,4691
18692,4691
18693,4691
18694,4691
18695,4691
18696,4691
18697,4691
18698,4691
18699,4691
18700,4691
18701,4691
18702,4691
18703,4691
18704,4691
18705,4691
18706,4691
18707,4691
18708,4691
18709,4691
18710,4691
18711,4691
18712,4691
18713,4691
18714,4691
18715,4691
18716,4691
18717,4691
18718,4691
18719,4691
18720,4691
18721,4691
18722,4691
18723,4691
18724,4691
18725,4691
18726,4691
18727,4691
18728,4691
18729,4691
18730,4691
18731,4691
18732,4691
18733,4691
18734,4691
18735,4691
18736,4691
18737,4691
18738,4691
18739,4691
18740,4691
18741,4691
18742,4691
18743,4691
18744,4691
18745,4691
18746,4691
18747,4691
18748,4691
18749,4691
18750,4691
18751,4691
18752,4691
18753,4691
18754,4691
18755,4691
18756,4691
18757,4691
18758,4691
18759,4691
18760,4691
18761,4691
18762,4691
18763,4691
18764,4691
18765,4691
18766,4691
18767,4691
18768,4691
18769,4691
18770,4691
18771,4691
18772,4691
18773,4691
18774,4691
18775,4691
18776,4691
18777,4691
18778,4691
18779,4691
18780,4691
18781,4691
18782,4691
18783,4691
18784,4691
18785,4691
18786,4691
18787,4691
18788,4691
18789,4691
18790,4691
18791,4691
18792,4691
18793,4691
18794,4691
18795,4691
18796,4691
18797,4691
18798,4691
18799,4691
18800,4691
18801,4691
18802,4691
18803,4691
18804,4691
18805,4691
18806,4691
18807,4691
18808,4691
18809,4691
18810,4691
18811,4691
18812,4691
18813,4691
18814,4691
18815,4691
18816,4691
18817,4691
18818,4691
18819,4691
18820,4691
18821,4691
18822,4691
18823,4691
18824,4691
18825,4691
18826,4691
18827,4691
18828,4691
18829,4691
18830,4691
18831,4691
18832,4691
18833,4691
18834,4691
18835,4691
18836,4691
18837,4691
18838,4691
18839,4691
18840,4691
18841,4691
18842,4691
18843,4691
18844,4691
18845,4691
18846,4691
18847,4691
18848,4691
18849,4691
18850,4691
18851,4691
18852,4691
18853,4691
18854,4691
18855,4691
18856,4691
18857,4691
18858,4691
18859,4691
18860,4691
18861,4691
18862,4691
18863,4691
18864,4691
18865,4691
18866,4691
18867,4691
18868,4691
18869,4691
18870,4691
18871,4691
18872,4691
18873,4691
18874,4691
18875,4691
18876,4691
18877,4691
18878,4691
18879,4691
18880,4691
18881,4691
18882,4691
18883,4691
18884,4691
18885,4691
18886,4691
18887,4691
18888,4691
18889,4691
18890,4691
18891,4691
18892,4691
18893,4691
18894,4691
18895,4691
18896,4691
18897,4691
18898,4691
18899,4691
18900,4691
18901,4691
18902,4691
18903,4691
18904,4691
18905,4691
18906,4691
18907,4691
18908,4691
18909,4691
18910,4691
18911,4691
18912,4691
18913,4691
18914,4691
18915,4691
18916,4691
18917,4691
18918,4691
18919,4691
18920,4691
18921,4691
18922,4691
18923,4691
18924,4691
18925,4691
18926,4691
18927,4691
18928,4691
18929,4691
18930,4691
18931,4691
18932,4691
18933,4691
18934,4691
18935,4691
18936,4691
18937,4691
18938,4691
18939,4691
18940,4691
18941,4691
18942,4691
18943,4691
18944,4691
18945,4691
18946,4691
18947,4691
18948,4691
18949,4691
18950,4691
18951,4691
18952,4691
18953,4691
18954,4691
18955,4691
18956,4691
18957,4691
18958,4691
18959,4691
18960,4691
18961,4691
18962,4691
18963,4691
18964,4691
18965,4691
18966,4691
18967,4691
18968,4691
18969,4691
18970,4691
18971,4691
18972,4691
18973,4691
18974,4691
18975,4691
18976,4691
18977,4691
18978,4691
18979,4691
18980,4691
18981,4691
18982,4691
18983,4691
18984,4691
18985,4691
18986,4691
18987,4691
18988,4691
18989,4691
18990,4691
18991,4691
18992,4691
18993,4691
18994,4691
18995,4691
18996,4691
18997,4691
18998,4691
18999,4691
19000,4691
19001,4691
19002,4691
19003,4691
19004,4691
19005,4691
19006,4691
19007,4691
19008,4691
19009,4691
19010,4691
19011,4691
19012,4691
19013,4691
19014,4691
19015,4691
19016,4691
19017,4691
19018,4691
19019,4691
19020,4691
19021,4691
19022,4691
19023,4691
19024,4691
19025,4691
19026,4691
19027,4691
19028,4691
19029,4691
19030,4691
19031,4691
19032,4691
19033,4691
19034,4691
19035,4691
19036,4691
19037,4691
19038,4691
19039,4691
19040,4691
19041,4691
19042,4691
19043,4691
19044,4691
19045,4691
19046,4691
19047,4691
19048,4691
19049,4691
19050,4691
19051,4691
19052,4691
19053,4691
19054,4691
19055,4691
19056,4691
19057,4691
19058,4691
19059,4691
19060,4691
19061,4691
19062,4691
19063,4691
19064,4691
19065,4691
19066,4691
19067,4691
19068,4691
19069,4691
19070,4691
19071,4691
19072,4691
19073,4691
19074,4691
19075,4691
19076,4691
19077,4691
19078,4691
19079,4691
19080,4691
19081,4691
19082,4691
19083,4691
19084,4691
19085,4691
19086,4691
19087,4691
19088,4691
19089,4691
19090,4691
19091,4691
19092,4691
19093,4691
19094,4691
19095,4691
19096,4691
19097,4691
19098,4691
19099,4691
19100,4691
19101,4691
19102,4691
19103,4691
19104,4691
19105,4691
19106,4691
19107,4691
19108,4691
19109,4691
19110,4691
19111,4691
19112,4691
19113,4691
19114,4691
19115,4691
19116,4691
19117,4691
19118,4691
19119,4691
19120,4691
19121,4691
19122,4691
19123,4691
19124,4691
19125,4691
19126,4691
19127,4691
19128,4691
19129,4691
19130,4691
19131,4691
19132,4691
19133,4691
19134,4691
19135,4691
19136,4691
19137,4691
19138,4691
19139,4691
19140,4691
19141,4691
19142,4691
19143,4691
19144,4691
19145,4691
19146,4691
19147,4691
19148,4691
19149,4691
19150,4691
19151,4691
19152,4691
19153,4691
19154,4691
19155,4691
19156,4691
19157,4691
19158,4691
19159,4691
19160,4691
19161,4691
19162,4691
19163,4691
19164,4691
19165,4691
19166,4691
19167,4691
19168,4691
19169,4691
19170,4691
19171,4691
19172,4691
19173,4691
19174,4691
19175,4691
19176,4691
19177,4691
19178,4691
19179,4691
19180,4691
19181,4691
19182,4691
19183,4691
19184,4691
19185,4691
19186,4691
19187,4691
19188,4691
19189,4691
19190,4691
19191,4691
19192,4691
19193,4691
19194,4691
19195,4691
19196,4691
19197,4691
19198,4691
19199,4691
19200,4691
19201,4691
19202,4691
19203,4691
19204,4691
19205,4691
19206,4691
19207,4691
19208,4691
19209,4691
19210,4691
19211,4691
19212,4691
19213,4691
19214,4691
19215,4691
19216,4691
19217,4691
19218,4691
19219,4691
19220,4691
19221,4691
19222,4691
19223,4691
19224,4691
19225,4691
19226,4691
19227,4691
19228,4691
19229,4691
19230,4691
19231,4691
19232,4691
19233,4691
19234,4691
19235,4691
19236,4691
19237,4691
19238,4691
19239,4691
19240,4691
19241,4691
19242,4691
19243,4691
19244,4691
19245,4691
19246,4691
19247,4691
19248,4691
19249,4691
19250,4691
19251,4691
19252,4691
19253,4691
19254,4691
19255,4691
19256,4691
19257,4691
19258,4691
19259,4691
19260,4691
19261,4691
19262,4691
19263,4691
19264,4691
19265,4691
19266,4691
19267,4691
19268,4691
19269,4691
19270,4691
19271,4691
19272,4691
19273,4691
19274,4691
19275,4691
19276,4691
19277,4691
19278,4691
19279,4691
19280,4691
19281,4691
19282,4691
19283,4691
19284,4691
19285,4691
19286,4691
19287,4691
19288,4691
19289,4691
19290,4691
19291,4691
19292,4691
19293,4691
19294,4691
19295,4691
19296,4691
19297,4691
19298,4691
19299,4691
19300,4691
19301,4691
19302,4691
19303,4691
19304,4691
19305,4691
19306,4691
19307,4691
19308,4691
19309,4691
19310,4691
19311,4691
19312,4691
19313,4691
19314,4691
19315,4691
19316,4691
19317,4691
19318,4691
19319,4691
19320,4691
19321,4691
19322,4691
19323,4691
19324,4691
19325,4691
19326,4691
19327,4691
19328,4691
19329,4691
19330,4691
19331,4691
19332,4691
19333,4691
19334,4691
19335,4691
19336,4691
19337,4691
19338,4691
19339,4691
19340,4691
19341,4691
19342,4691
19343,4691
19344,4691
19345,4691
19346,4691
19347,4691
19348,4691
19349,4691
19350,4691
19351,4691
19352,4691
19353,4691
19354,4691
19355,4691
19356,4691
19357,4691
19358,4691
19359,4691
19360,4691
19361,4691
19362,4691
19363,4691
19364,4691
19365,4691
19366,4691
19367,4691
19368,4691
19369,4691
19370,4691
19371,4691
19372,4691
19373,4691
19374,4691
19375,4691
19376,4691
19377,4691
19378,4691
19379,4691
19380,4691
19381,4691
19382,4691
19383,4691
19384,4691
19385,4691
19386,4691
19387,4691
19388,4691
19389,4691
19390,4691
19391,4691
19392,4691
19393,4691
19394,4691
19395,4691
19396,4691
19397,4691
19398,4691
19399,4691
19400,4691
19401,4691
19402,4691
19403,4691
19404,4691
19405,4691
19406,4691
19407,4691
19408,4691
19409,4691
19410,4691
19411,4691
19412,4691
19413,4691
19414,4691
19415,4691
19416,4691
19417,4691
19418,4691
19419,4691
19420,4691
19421,4691
19422,4691
19423,4691
19424,4691
19425,4691
19426,4691
19427,4691
19428,4691
19429,4691
19430,4691
19431,4691
19432,4691
19433,4691
19434,4691
19435,4691
19436,4691
19437,4691
19438,4691
19439,4691
19440,4691
19441,4691
19442,4691
19443,4691
19444,4691
19445,4691
19446,4691
19447,4691
19448,4691
19449,4691
19450,4691
19451,4691
19452,4691
19453,4691
19454,4691
19455,4691
19456,4691
19457,4691
19458,4691
19459,4691
19460,4691
19461,4691
19462,4691
19463,4691
19464,4691
19465,4691
19466,4691
19467,4691
19468,4691
19469,4691
19470,4691
19471,4691
19472,4691
19473,4691
19474,4691
19475,4691
19476,4691
19477,4691
19478,4691
19479,4691
19480,4691
19481,4691
19482,4691
19483,4691
19484,4691
19485,4691
19486,4691
19487,4691
19488,4691
19489,4691
19490,4691
19491,4691
19492,4691
19493,4691
19494,4691
19495,4691
19496,4691
19497,4691
19498,4691
19499,4691
19500,4691
19501,4691
19502,4691
19503,4691
19504,4691
19505,4691
19506,4691
19507,4691
19508,4691
19509,4691
19510,4691
19511,4691
19512,4691
19513,4691
19514,4691
19515,4691
19516,4691
19517,4691
19518,4691
19519,4691
19520,4691
19521,4691
19522,4691
19523,4691
19524,4691
19525,4691
19526,4691
19527,4691
19528,4691
19529,4691
19530,4691
19531,4691
19532,4691
19533,4691
19534,4691
19535,4691
19536,4691
19537,4691
19538,4691
19539,4691
19540,4691
19541,4691
19542,4691
19543,4691
19544,4691
19545,4691
19546,4691
19547,4691
19548,4691
19549,4691
19550,4691
19551,4691
19552,4691
19553,4691
19554,4691
19555,4691
19556,4691
19557,4691
19558,4691
19559,4691
19560,4691
19561,4691
19562,4691
19563,4691
19564,4691
19565,4691
19566,4691
19567,4691
19568,4691
19569,4691
19570,4691
19571,4691
19572,4691
19573,4691
19574,4691
19575,4691
19576,4691
19577,4691
19578,4691
19579,4691
19580,4691
19581,4691
19582,4691
19583,4691
19584,4691
19585,4691
19586,4691
19587,4691
19588,4691
19589,4691
19590,4691
19591,4691
19592,4691
19593,4691
19594,4691
19595,4691
19596,4691
19597,4691
19598,4691
19599,4691
19600,4691
19601,4691
19602,4691
19603,4691
19604,4691
19605,4691
19606,4691
19607,4691
19608,4691
19609,4691
19610,4691
19611,4691
19612,4691
19613,4691
19614,4691
19615,4691
19616,4691
19617,4691
19618,4691
19619,4691
19620,4691
19621,4691
19622,4691
19623,4691
19624,4691
19625,4691
19626,4691
19627,4691
19628,4691
19629,4691
19630,4691
19631,4691
19632,4691
19633,4691
19634,4691
19635,4691
19636,4691
19637,4691
19638,4691
19639,4691
19640,4691
19641,4691
19642,4691
19643,4691
19644,4691
19645,4691
19646,4691
19647,4691
19648,4691
19649,4691
19650,4691
19651,4691
19652,4691
19653,4691
19654,4691
19655,4691
19656,4691
19657,4691
19658,4691
19659,4691
19660,4691
19661,4691
19662,4691
19663,4691
19664,4691
19665,4691
19666,4691
19667,4691
19668,4691
19669,4691
19670,4691
19671,4691
19672,4691
19673,4691
19674,4691
19675,4691
19676,4691
19677,4691
19678,4691
19679,4691
19680,4691
19681,4691
19682,4691
19683,4691
19684,4691
19685,4691
19686,4691
19687,4691
19688,4691
19689,4691
19690,4691
19691,4691
19692,4691
19693,4691
19694,4691
19695,4691
19696,4691
19697,4691
19698,4691
19699,4691
19700,4691
19701,4691
19702,4691
19703,4691
19704,4691
19705,4691
19706,4691
19707,4691
19708,4691
19709,4691
19710,4691
19711,4691
19712,4691
19713,4691
19714,4691
19715,4691
19716,4691
19717,4691
19718,4691
19719,4691
19720,4691
19721,4691
19722,4691
19723,4691
19724,4691
19725,4691
19726,4691
19727,4691
19728,4691
19729,4691
19730,4691
19731,4691
19732,4691
19733,4691
19734,4691
19735,4691
19736,4691
19737,4691
19738,4691
19739,4691
19740,4691
19741,4691
19742,4691
19743,4691
19744,4691
19745,4691
19746,4691
19747,4691
19748,4691
19749,4691
19750,4691
19751,4691
19752,4691
19753,4691
19754,4691
19755,4691
19756,4691
19757,4691
19758,4691
19759,4691
19760,4691
19761,4691
19762,4691
19763,4691
19764,4691
19765,4691
19766,4691
19767,4691
19768,4691
19769,4691
19770,4691
19771,4691
19772,4691
19773,4691
19774,4691
19775,4691
19776,4691
19777,4691
19778,4691
19779,4691
19780,4691
19781,4691
19782,4691
19783,4691
19784,4691
19785,4691
19786,4691
19787,4691
19788,4691
19789,4691
19790,4691
19791,4691
19792,4691
19793,4691
19794,4691
19795,4691
19796,4691
19797,4691
19798,4691
19799,4691
19800,4691
19801,4691
19802,4691
19803,4691
19804,4691
19805,4691
19806,4691
19807,4691
19808,4691
19809,4691
19810,4691
19811,4691
19812,4691
19813,4691
19814,4691
19815,4691
19816,4691
19817,4691
19818,4691
19819,4691
19820,4691
19821,4691
19822,4691
19823,4691
19824,4691
19825,4691
19826,4691
19827,4691
19828,4691
19829,4691
19830,4691
19831,4691
19832,4691
19833,4691
19834,4691
19835,4691
19836,4691
19837,4691
19838,4691
19839,4691
19840,4691
19841,4691
19842,4691
19843,4691
19844,4691
19845,4691
19846,4691
19847,4691
19848,4691
19849,4691
19850,4691
19851,4691
19852,4691
19853,4691
19854,4691
19855,4691
19856,4691
19857,4691
19858,4691
19859,4691
19860,4691
19861,4691
19862,4691
19863,4691
19864,4691
19865,4691
19866,4691
19867,4691
19868,4691
19869,4691
19870,4691
19871,4691
19872,4691
19873,4691
19874,4691
19875,4691
19876,4691
19877,4691
19878,4691
19879,4691
19880,4691
19881,4691
19882,4691
19883,4691
19884,4691
19885,4691
19886,4691
19887,4691
19888,4691
19889,4691
19890,4691
19891,4691
19892,4691
19893,4691
19894,4691
19895,4691
19896,4691
19897,4691
19898,4691
19899,4691
19900,4691
19901,4691
19902,4691
19903,4691
19904,4691
19905,4691
19906,4691
19907,4691
19908,4691
19909,4691
19910,4691
19911,4691
19912,4691
19913,4691
19914,4691
19915,4691
19916,4691
19917,4691
19918,4691
19919,4691
19920,4691
19921,4691
19922,4691
19923,4691
19924,4691
19925,4691
19926,4691
19927,4691
19928,4691
19929,4691
19930,4691
19931,4691
19932,4691
19933,4691
19934,4691
19935,4691
19936,4691
19937,4691
19938,4691
19939,4691
19940,4691
19941,4691
19942,4691
19943,4691
19944,4691
19945,4691
19946,4691
19947,4691
19948,4691
19949,4691
19950,4691
19951,4691
19952,4691
19953,4691
19954,4691
19955,4691
19956,4691
19957,4691
19958,4691
19959,4691
19960,4691
19961,4691
19962,4691
19963,4691
19964,4691
19965,4691
19966,4691
19967,4691
19968,4691
19969,4691
19970,4691
19971,4691
19972,4691
19973,4691
19974,4691
19975,4691
19976,4691
19977,4691
19978,4691
19979,4691
19980,4691
19981,4691
19982,4691
19983,4691
19984,4691
19985,4691
19986,4691
19987,4691
19988,4691
19989,4691
19990,4691
19991,4691
19992,4691
19993,4691
19994,4691
19995,4691
19996,4691
19997,4691
19998,4691
19999,4691
