sample,lucro
0,1838
1,2500
2,2063
3,3188
4,3098
5,2307
6,2799
7,2822
8,2951
9,2126
10,2931
11,2776
12,1605
13,2232
14,2422
15,3298
16,3146
17,3476
18,3271
19,2892
20,2446
21,3363
22,3330
23,2763
24,3185
25,1970
26,1931
27,3767
28,3378
29,3467
30,2470
31,3077
32,2809
33,2539
34,2968
35,3944
36,3353
37,3288
38,3938
39,3134
40,3179
41,2948
42,3089
43,3215
44,2782
45,3105
46,2347
47,3373
48,1710
49,1783
50,3115
51,3541
52,2423
53,2560
54,2102
55,2560
56,3056
57,2909
58,2589
59,1920
60,2477
61,3175
62,2622
63,2415
64,2952
65,3196
66,2576
67,3008
68,2712
69,2467
70,3338
71,3512
72,2703
73,3147
74,3338
75,2198
76,1472
77,2913
78,2710
79,4487
80,2914
81,2905
82,2225
83,3745
84,3860
85,3369
86,1904
87,3573
88,2432
89,2594
90,2736
91,3125
92,3098
93,3088
94,2144
95,2964
96,3397
97,2766
98,3659
99,2519
100,2199
101,2959
102,2595
103,2044
104,3579
105,3059
106,3675
107,3877
108,3445
109,3157
110,3318
111,3367
112,3341
113,3175
114,3502
115,2658
116,2902
117,2489
118,2800
119,3518
120,2429
121,2789
122,1854
123,2363
124,2090
125,2199
126,2392
127,1929
128,2922
129,3745
130,2319
131,2222
132,2767
133,2300
134,2298
135,3628
136,2884
137,2759
138,1656
139,2758
140,1945
141,3150
142,2421
143,3067
144,3179
145,2673
146,1937
147,3261
148,3544
149,2824
150,2514
151,2231
152,3870
153,2915
154,3351
155,3050
156,2424
157,3253
158,2743
159,1803
160,2640
161,2496
162,2682
163,3180
164,2642
165,2597
166,2628
167,2649
168,3321
169,3034
170,2592
171,1838
172,2677
173,2134
174,2312
175,3301
176,1845
177,2285
178,2209
179,2572
180,2961
181,3056
182,2091
183,3314
184,3307
185,3147
186,2206
187,2892
188,2595
189,2976
190,3456
191,2387
192,2515
193,2267
194,3084
195,3039
196,2716
197,3303
198,3188
199,3458
200,3294
201,3047
202,2986
203,2918
204,3625
205,3634
206,3444
207,2533
208,2388
209,2059
210,2616
211,2980
212,3390
213,1583
214,2252
215,3050
216,3759
217,2196
218,2763
219,2793
220,2987
221,3394
222,1773
223,1845
224,2607
225,3017
226,2934
227,1812
228,2999
229,3186
230,2958
231,3338
232,2256
233,2456
234,2521
235,2676
236,2483
237,2761
238,2740
239,3289
240,1866
241,1578
242,2660
243,2447
244,3387
245,2901
246,3402
247,3173
248,2378
249,2450
250,2811
251,3242
252,2511
253,3170
254,3205
255,2630
256,1309
257,2873
258,3219
259,2888
260,2944
261,3691
262,2684
263,2159
264,2348
265,3152
266,3107
267,2504
268,2843
269,2495
270,3003
271,2047
272,2530
273,2696
274,3243
275,1677
276,2942
277,2066
278,2666
279,3012
280,3038
281,3722
282,2968
283,2680
284,2294
285,2758
286,2076
287,1969
288,2369
289,3102
290,3647
291,3327
292,1794
293,2905
294,3162
295,3125
296,3282
297,2652
298,2754
299,3608
300,2307
301,2327
302,2441
303,2530
304,3035
305,2445
306,3698
307,2601
308,2693
309,2974
310,2739
311,3580
312,3812
313,2673
314,2421
315,2889
316,3521
317,2978
318,3349
319,2245
320,1533
321,3558
322,3104
323,3348
324,2219
325,1557
326,2265
327,3787
328,2345
329,2549
330,2782
331,2528
332,3299
333,2234
334,3234
335,3412
336,1270
337,2858
338,2837
339,2652
340,3345
341,3351
342,1893
343,3480
344,2240
345,2963
346,2579
347,2020
348,2812
349,2559
350,2901
351,2630
352,2248
353,2829
354,3404
355,3375
356,3241
357,1858
358,3920
359,3075
360,3343
361,2730
362,3060
363,3372
364,2632
365,3269
366,2538
367,1802
368,2350
369,2910
370,3137
371,2856
372,2229
373,3108
374,2899
375,3984
376,3504
377,2126
378,2755
379,3046
380,1966
381,3174
382,3225
383,2525
384,1859
385,2273
386,2990
387,2360
388,3318
389,2472
390,3335
391,2672
392,1950
393,3023
394,2656
395,3094
396,3022
397,2454
398,3212
399,2649
400,2486
401,2800
402,3200
403,2567
404,2788
405,2552
406,2731
407,3027
408,1980
409,2822
410,2498
411,2704
412,2687
413,3298
414,2521
415,1038
416,2506
417,2498
418,2575
419,4111
420,3695
421,1763
422,2805
423,2589
424,2671
425,2362
426,2199
427,2864
428,3627
429,2821
430,3101
431,2709
432,3192
433,2946
434,2759
435,2750
436,2709
437,2676
438,3766
439,2650
440,2529
441,2092
442,2467
443,1337
444,3113
445,3606
446,1921
447,3875
448,2734
449,3549
450,1751
451,3927
452,2754
453,2031
454,3288
455,2742
456,2555
457,2395
458,3334
459,2077
460,3333
461,2101
462,2791
463,4138
464,2585
465,2235
466,2191
467,2726
468,3289
469,3560
470,3171
471,2724
472,2689
473,2816
474,2784
475,2107
476,2168
477,1611
478,3344
479,2629
480,2494
481,3001
482,2385
483,3539
484,2225
485,2870
486,3457
487,2236
488,3280
489,3103
490,2293
491,2862
492,3071
493,2029
494,3321
495,2824
496,2806
497,3328
498,3228
499,1783
500,2201
501,1496
502,2982
503,3603
504,3124
505,2325
506,3466
507,2435
508,3316
509,2568
510,3420
511,3437
512,1505
513,1116
514,2129
515,2665
516,2758
517,3987
518,2561
519,3025
520,2466
521,2599
522,2857
523,2980
524,3455
525,3799
526,2952
527,2455
528,3004
529,2687
530,3286
531,2949
532,2328
533,3932
534,3104
535,2457
536,2185
537,2137
538,3422
539,2114
540,3696
541,2013
542,2765
543,2415
544,3948
545,2921
546,2686
547,2941
548,3461
549,3219
550,3289
551,2992
552,2444
553,3393
554,2140
555,3227
556,3497
557,1990
558,2684
559,2486
560,2312
561,2501
562,2672
563,3457
564,2338
565,2944
566,2253
567,1986
568,2834
569,3168
570,2908
571,1874
572,3263
573,3883
574,3065
575,2766
576,3636
577,3435
578,2760
579,2004
580,3146
581,1050
582,2986
583,2413
584,3337
585,2518
586,1170
587,3599
588,2745
589,3014
590,2397
591,2594
592,1801
593,3475
594,3928
595,3549
596,2803
597,2032
598,2872
599,2555
600,2473
601,2976
602,2582
603,2085
604,1491
605,2775
606,3077
607,2425
608,3830
609,3666
610,2962
611,3039
612,3698
613,2979
614,3162
615,3036
616,2254
617,3863
618,2228
619,2893
620,3661
621,3217
622,1739
623,2368
624,2732
625,3242
626,3707
627,2354
628,3314
629,2496
630,3137
631,2831
632,3119
633,2402
634,2611
635,2696
636,2665
637,2507
638,3066
639,3909
640,3641
641,4000
642,4238
643,2019
644,2644
645,3406
646,3577
647,2980
648,3750
649,2137
650,2242
651,2027
652,3048
653,2739
654,2826
655,2563
656,3043
657,2828
658,3687
659,2852
660,2856
661,2908
662,1821
663,2180
664,3023
665,2440
666,2953
667,3089
668,3643
669,3238
670,3033
671,2536
672,1798
673,2493
674,3835
675,1963
676,2275
677,2671
678,2338
679,2466
680,3404
681,1206
682,2522
683,2546
684,3581
685,2186
686,2872
687,2244
688,2812
689,2473
690,2406
691,2557
692,2745
693,1855
694,2118
695,2645
696,1964
697,2504
698,2071
699,2036
700,2747
701,2341
702,2473
703,2520
704,2677
705,2966
706,2836
707,2443
708,1718
709,2238
710,2921
711,2750
712,2722
713,2850
714,2621
715,2796
716,2636
717,2158
718,3243
719,1871
720,2226
721,3365
722,2154
723,3275
724,3057
725,2647
726,1725
727,3029
728,3559
729,2727
730,2703
731,3033
732,3551
733,2000
734,3293
735,2639
736,3562
737,2502
738,2580
739,3255
740,1425
741,3381
742,2567
743,2246
744,3537
745,2831
746,2978
747,1862
748,2140
749,1656
750,2803
751,1917
752,3378
753,2836
754,2010
755,2816
756,2272
757,2933
758,3280
759,3082
760,1747
761,2933
762,3236
763,1601
764,2473
765,1949
766,3029
767,2788
768,2579
769,2467
770,1909
771,2352
772,2095
773,3615
774,2516
775,2120
776,4133
777,3248
778,2275
779,2086
780,3341
781,3541
782,2588
783,2271
784,2510
785,2966
786,3063
787,2428
788,1318
789,2631
790,3127
791,2649
792,3461
793,2912
794,3060
795,3031
796,1965
797,3585
798,2260
799,2232
800,3453
801,1703
802,3241
803,2938
804,2646
805,2007
806,2998
807,2836
808,1458
809,2559
810,3383
811,2895
812,1477
813,3034
814,1907
815,1510
816,2783
817,2598
818,2055
819,1445
820,2416
821,1915
822,2755
823,3400
824,2730
825,2715
826,3826
827,3629
828,2464
829,2687
830,2361
831,3264
832,1942
833,2070
834,2517
835,3875
836,2428
837,3196
838,2533
839,2982
840,3034
841,2570
842,1646
843,3232
844,2707
845,3533
846,2922
847,2738
848,3875
849,2780
850,2669
851,2161
852,3182
853,2696
854,2800
855,2180
856,1839
857,2675
858,2099
859,3282
860,2714
861,2044
862,3294
863,2828
864,3285
865,3234
866,3547
867,1725
868,2921
869,2306
870,2325
871,2217
872,2095
873,2879
874,2716
875,2906
876,3029
877,3308
878,3181
879,3961
880,1788
881,2407
882,3461
883,2119
884,3043
885,3030
886,3563
887,2634
888,3112
889,2665
890,3360
891,3247
892,3489
893,2770
894,4026
895,2667
896,2273
897,3295
898,1969
899,2721
900,2795
901,2488
902,2790
903,2297
904,2343
905,2705
906,3214
907,1982
908,2308
909,3627
910,2973
911,2361
912,2477
913,3308
914,1506
915,2891
916,2348
917,2775
918,1947
919,2746
920,1956
921,2977
922,2230
923,2656
924,2204
925,2475
926,2337
927,2988
928,3149
929,3189
930,2749
931,2809
932,2383
933,3030
934,2797
935,2021
936,3148
937,3207
938,2196
939,2624
940,2600
941,2061
942,3266
943,2569
944,3285
945,3533
946,2642
947,3884
948,2814
949,2627
950,3390
951,2209
952,2114
953,2448
954,3011
955,3137
956,3034
957,1857
958,2070
959,2142
960,2607
961,3116
962,2994
963,2243
964,2770
965,2564
966,2873
967,2693
968,2521
969,2855
970,2670
971,3102
972,3452
973,2475
974,2914
975,3064
976,2417
977,3229
978,2753
979,3077
980,3594
981,2704
982,2233
983,2863
984,3366
985,2242
986,1766
987,2988
988,2823
989,2002
990,2814
991,3274
992,2906
993,3949
994,2593
995,1718
996,3338
997,2005
998,3158
999,2722
1000,2689
1001,2053
1002,2592
1003,1844
1004,2179
1005,2907
1006,1830
1007,3041
1008,2527
1009,4089
1010,2145
1011,2729
1012,2426
1013,3581
1014,2807
1015,2866
1016,3915
1017,2949
1018,2179
1019,2863
1020,1903
1021,2667
1022,2958
1023,2321
1024,2748
1025,3800
1026,2669
1027,2950
1028,2977
1029,2654
1030,3713
1031,3955
1032,2910
1033,2191
1034,2649
1035,2417
1036,3247
1037,3068
1038,3118
1039,1927
1040,3271
1041,2975
1042,2028
1043,3000
1044,3346
1045,3257
1046,2601
1047,3600
1048,2910
1049,2512
1050,3180
1051,2355
1052,2510
1053,2019
1054,2344
1055,2923
1056,2805
1057,2977
1058,2642
1059,2714
1060,2826
1061,1621
1062,1809
1063,1631
1064,2780
1065,3026
1066,3425
1067,3604
1068,3356
1069,3856
1070,2630
1071,2981
1072,2359
1073,2176
1074,2446
1075,1665
1076,1754
1077,2375
1078,2337
1079,3658
1080,2250
1081,2864
1082,3305
1083,2788
1084,1925
1085,2300
1086,2166
1087,2057
1088,2422
1089,2932
1090,3138
1091,2069
1092,1881
1093,3988
1094,2329
1095,2445
1096,1937
1097,2404
1098,2617
1099,3443
1100,2437
1101,2760
1102,2276
1103,2510
1104,3747
1105,3251
1106,2865
1107,2819
1108,1786
1109,2764
1110,2642
1111,1688
1112,2305
1113,2533
1114,3047
1115,3241
1116,3382
1117,3540
1118,2651
1119,1295
1120,3270
1121,2860
1122,3180
1123,1896
1124,3579
1125,2891
1126,2634
1127,1939
1128,1713
1129,3399
1130,2838
1131,3072
1132,2818
1133,3374
1134,2804
1135,2187
1136,1864
1137,3505
1138,4020
1139,4184
1140,3595
1141,2122
1142,1622
1143,2339
1144,3680
1145,2759
1146,2391
1147,3260
1148,1823
1149,2981
1150,2447
1151,2210
1152,2803
1153,1766
1154,3160
1155,2358
1156,2673
1157,2284
1158,3474
1159,3793
1160,3112
1161,2687
1162,3253
1163,2059
1164,2967
1165,2736
1166,2686
1167,2143
1168,2797
1169,2019
1170,3291
1171,2772
1172,2542
1173,2010
1174,2635
1175,2433
1176,2710
1177,2224
1178,3514
1179,3533
1180,3325
1181,2917
1182,2549
1183,3038
1184,3176
1185,2120
1186,2875
1187,3487
1188,4017
1189,2997
1190,3011
1191,2872
1192,2347
1193,2474
1194,2874
1195,2688
1196,2872
1197,2420
1198,3021
1199,1880
1200,2269
1201,2342
1202,3269
1203,2166
1204,2479
1205,2729
1206,1826
1207,3866
1208,1901
1209,2184
1210,2996
1211,2619
1212,4227
1213,3420
1214,3151
1215,1985
1216,1454
1217,3575
1218,2181
1219,2981
1220,2483
1221,3427
1222,2390
1223,2723
1224,4412
1225,2566
1226,3245
1227,2608
1228,2601
1229,3597
1230,3167
1231,2056
1232,2209
1233,3324
1234,2445
1235,2717
1236,3487
1237,2126
1238,2817
1239,2583
1240,2237
1241,2478
1242,2640
1243,2895
1244,3923
1245,3024
1246,3271
1247,3593
1248,4091
1249,3326
1250,2183
1251,2282
1252,3269
1253,2371
1254,2982
1255,1450
1256,2956
1257,3407
1258,2322
1259,2358
1260,3004
1261,3775
1262,3886
1263,1736
1264,1623
1265,2735
1266,2393
1267,2860
1268,3103
1269,3174
1270,3842
1271,3091
1272,2198
1273,2947
1274,2075
1275,2525
1276,2858
1277,2706
1278,3045
1279,3012
1280,2749
1281,2165
1282,3010
1283,2672
1284,3623
1285,2419
1286,2744
1287,2686
1288,2438
1289,2102
1290,3055
1291,3849
1292,2840
1293,3033
1294,2991
1295,1976
1296,3138
1297,3359
1298,2554
1299,2600
1300,2999
1301,2331
1302,2394
1303,2593
1304,3053
1305,2474
1306,3181
1307,2733
1308,2547
1309,2848
1310,2641
1311,2958
1312,2725
1313,2115
1314,1616
1315,2970
1316,2609
1317,2152
1318,2811
1319,3013
1320,2766
1321,3408
1322,2177
1323,2614
1324,2604
1325,3704
1326,3610
1327,2821
1328,3180
1329,2623
1330,2852
1331,2731
1332,3228
1333,2836
1334,2728
1335,2445
1336,2144
1337,2787
1338,2610
1339,3632
1340,3063
1341,3117
1342,1906
1343,3730
1344,1252
1345,3390
1346,3125
1347,2649
1348,3412
1349,2157
1350,2807
1351,2800
1352,3541
1353,2508
1354,3112
1355,2702
1356,2650
1357,3140
1358,2657
1359,3055
1360,3456
1361,2749
1362,3414
1363,3462
1364,3422
1365,2632
1366,2128
1367,3835
1368,2836
1369,2922
1370,2457
1371,2221
1372,3538
1373,1089
1374,2431
1375,1860
1376,3560
1377,2768
1378,2174
1379,2945
1380,2679
1381,3310
1382,2229
1383,2844
1384,2892
1385,2078
1386,2457
1387,3070
1388,3140
1389,2946
1390,2537
1391,3473
1392,1801
1393,2815
1394,3229
1395,2788
1396,3285
1397,4146
1398,2276
1399,2567
1400,3519
1401,3658
1402,1887
1403,3654
1404,3408
1405,2263
1406,3248
1407,3419
1408,2580
1409,3112
1410,2563
1411,3146
1412,2700
1413,3355
1414,3274
1415,2834
1416,2788
1417,1973
1418,1855
1419,2346
1420,2872
1421,2801
1422,2810
1423,1174
1424,2253
1425,2862
1426,3055
1427,3878
1428,3008
1429,3024
1430,2232
1431,1722
1432,2707
1433,3656
1434,2673
1435,3312
1436,2618
1437,2877
1438,2951
1439,2798
1440,2740
1441,2336
1442,3246
1443,2834
1444,2663
1445,3919
1446,2720
1447,2263
1448,3327
1449,3012
1450,3023
1451,4184
1452,3603
1453,2855
1454,2710
1455,2146
1456,3814
1457,2789
1458,3187
1459,3027
1460,2602
1461,3180
1462,2986
1463,3032
1464,1966
1465,1971
1466,3150
1467,2748
1468,3609
1469,2785
1470,2749
1471,3280
1472,2519
1473,3458
1474,2440
1475,2664
1476,2389
1477,2674
1478,3348
1479,2869
1480,3338
1481,2510
1482,3616
1483,2863
1484,3428
1485,2579
1486,2388
1487,2592
1488,2604
1489,3766
1490,3155
1491,3000
1492,2467
1493,2932
1494,1560
1495,3432
1496,2290
1497,3559
1498,2583
1499,1926
1500,3368
1501,4368
1502,3757
1503,2436
1504,3292
1505,2865
1506,2546
1507,2991
1508,2720
1509,2269
1510,2534
1511,2373
1512,2409
1513,2850
1514,1992
1515,1867
1516,1996
1517,2868
1518,2235
1519,3640
1520,1943
1521,3067
1522,2738
1523,3180
1524,2905
1525,2720
1526,2688
1527,1958
1528,2872
1529,1638
1530,2672
1531,3329
1532,2008
1533,4003
1534,2541
1535,2867
1536,3720
1537,3493
1538,2458
1539,2930
1540,2487
1541,1897
1542,2728
1543,3529
1544,2117
1545,2931
1546,2987
1547,2121
1548,4434
1549,2928
1550,2565
1551,2845
1552,3822
1553,2118
1554,2651
1555,2251
1556,2945
1557,3241
1558,2012
1559,2590
1560,3421
1561,1793
1562,3647
1563,2859
1564,3411
1565,3319
1566,2781
1567,3021
1568,2597
1569,3313
1570,3305
1571,3749
1572,1990
1573,3248
1574,3371
1575,2841
1576,3179
1577,1824
1578,3880
1579,3797
1580,3310
1581,1777
1582,2857
1583,2535
1584,2495
1585,2694
1586,3081
1587,1967
1588,2558
1589,2321
1590,3112
1591,2989
1592,3866
1593,3478
1594,2557
1595,2975
1596,2777
1597,2500
1598,3239
1599,3387
1600,3225
1601,2595
1602,1939
1603,1884
1604,2397
1605,2567
1606,2086
1607,1622
1608,2107
1609,2248
1610,2832
1611,2624
1612,2324
1613,2709
1614,2316
1615,2414
1616,2581
1617,2979
1618,2914
1619,3262
1620,1677
1621,3119
1622,2618
1623,3475
1624,2057
1625,2460
1626,2746
1627,2572
1628,3146
1629,4229
1630,2230
1631,3659
1632,2715
1633,3726
1634,2705
1635,2992
1636,3334
1637,2528
1638,2598
1639,3488
1640,2189
1641,3379
1642,3643
1643,2715
1644,2542
1645,2824
1646,2351
1647,2902
1648,3026
1649,3026
1650,3657
1651,2084
1652,3191
1653,2800
1654,2286
1655,2394
1656,2781
1657,2560
1658,2722
1659,2210
1660,2837
1661,2058
1662,2205
1663,2808
1664,3008
1665,2844
1666,1784
1667,1949
1668,2960
1669,2854
1670,2013
1671,2416
1672,3484
1673,3328
1674,3276
1675,2501
1676,3175
1677,3064
1678,2258
1679,2511
1680,3119
1681,2959
1682,3286
1683,2402
1684,2407
1685,1849
1686,2369
1687,2136
1688,2145
1689,2756
1690,3195
1691,2790
1692,2377
1693,3291
1694,2752
1695,3739
1696,2409
1697,3473
1698,2677
1699,2124
1700,3522
1701,2216
1702,3408
1703,2331
1704,3036
1705,3346
1706,1780
1707,3037
1708,3346
1709,2982
1710,2920
1711,2656
1712,2544
1713,3190
1714,2834
1715,3471
1716,2500
1717,1949
1718,1621
1719,2861
1720,1837
1721,3412
1722,2719
1723,2340
1724,3443
1725,3427
1726,2336
1727,2537
1728,3454
1729,2637
1730,3118
1731,3397
1732,2934
1733,3052
1734,2826
1735,3240
1736,3220
1737,2335
1738,3369
1739,2876
1740,2628
1741,3222
1742,2634
1743,2967
1744,2821
1745,3006
1746,3269
1747,3832
1748,2652
1749,3236
1750,3848
1751,2502
1752,3917
1753,3300
1754,2406
1755,3511
1756,2929
1757,3822
1758,2413
1759,3893
1760,2835
1761,3098
1762,2581
1763,3143
1764,1762
1765,2252
1766,2406
1767,2784
1768,2599
1769,2474
1770,3163
1771,2563
1772,3415
1773,3130
1774,3571
1775,2726
1776,3190
1777,2567
1778,3625
1779,2877
1780,1738
1781,1993
1782,2329
1783,2543
1784,3498
1785,2476
1786,3091
1787,2778
1788,3319
1789,1928
1790,2595
1791,2606
1792,3299
1793,2979
1794,2440
1795,2990
1796,2312
1797,3038
1798,2405
1799,2535
1800,3565
1801,2750
1802,2832
1803,4143
1804,2098
1805,2630
1806,1828
1807,3582
1808,2803
1809,3546
1810,1946
1811,2130
1812,2070
1813,3272
1814,2261
1815,3068
1816,2704
1817,3198
1818,3248
1819,3444
1820,2691
1821,2317
1822,1658
1823,2777
1824,1654
1825,3170
1826,2486
1827,2346
1828,3045
1829,3946
1830,2299
1831,3604
1832,2463
1833,3393
1834,3930
1835,4015
1836,3341
1837,2336
1838,2025
1839,2911
1840,3114
1841,2910
1842,2860
1843,2263
1844,2555
1845,2808
1846,1879
1847,3121
1848,1481
1849,3068
1850,3263
1851,3167
1852,2540
1853,2817
1854,3743
1855,2544
1856,2894
1857,2057
1858,2267
1859,2669
1860,2890
1861,2324
1862,1801
1863,2348
1864,2764
1865,2210
1866,3008
1867,2116
1868,3285
1869,2464
1870,2068
1871,3460
1872,2849
1873,3395
1874,2499
1875,3106
1876,3225
1877,3301
1878,3234
1879,3679
1880,2884
1881,3243
1882,2620
1883,3660
1884,3225
1885,3025
1886,4418
1887,2054
1888,3735
1889,2847
1890,2600
1891,2977
1892,2641
1893,2373
1894,3430
1895,2493
1896,2868
1897,3188
1898,2889
1899,3910
1900,2850
1901,2607
1902,3315
1903,3386
1904,2978
1905,2789
1906,2422
1907,3408
1908,3640
1909,3207
1910,2867
1911,2061
1912,1840
1913,2627
1914,1931
1915,2427
1916,2766
1917,2805
1918,3300
1919,3059
1920,4174
1921,2732
1922,2678
1923,3120
1924,3017
1925,3530
1926,2151
1927,3335
1928,2845
1929,2756
1930,2268
1931,2139
1932,3427
1933,3552
1934,2949
1935,2656
1936,2567
1937,1875
1938,3358
1939,3542
1940,2894
1941,1903
1942,2562
1943,2481
1944,3082
1945,1956
1946,2132
1947,3088
1948,3541
1949,3544
1950,3032
1951,2897
1952,2453
1953,3117
1954,2163
1955,3188
1956,2474
1957,2372
1958,3552
1959,1836
1960,2677
1961,1795
1962,3574
1963,3922
1964,3178
1965,2817
1966,2272
1967,2043
1968,2494
1969,2744
1970,3145
1971,2519
1972,2762
1973,2680
1974,3487
1975,2853
1976,3546
1977,2786
1978,3230
1979,2232
1980,4123
1981,3388
1982,2188
1983,2637
1984,2848
1985,3575
1986,3010
1987,2248
1988,2406
1989,3523
1990,2221
1991,2807
1992,3495
1993,3216
1994,3095
1995,2835
1996,2007
1997,3167
1998,3029
1999,2985
2000,1913
2001,3235
2002,1643
2003,3826
2004,1869
2005,2293
2006,2832
2007,3553
2008,1931
2009,3020
2010,2413
2011,3716
2012,2161
2013,3427
2014,3090
2015,2669
2016,2539
2017,2289
2018,2058
2019,2974
2020,1347
2021,1880
2022,2487
2023,3211
2024,2606
2025,2976
2026,2409
2027,2315
2028,3129
2029,1762
2030,2664
2031,3983
2032,3046
2033,3415
2034,3054
2035,2943
2036,2784
2037,3118
2038,2659
2039,2737
2040,2030
2041,3755
2042,2901
2043,2583
2044,3390
2045,2967
2046,2864
2047,2265
2048,2137
2049,2733
2050,3162
2051,3962
2052,2279
2053,1763
2054,2853
2055,2550
2056,3007
2057,2379
2058,2658
2059,2702
2060,2380
2061,2822
2062,1828
2063,3374
2064,3164
2065,3109
2066,4005
2067,2393
2068,2249
2069,3303
2070,2194
2071,2822
2072,2653
2073,2274
2074,2678
2075,1884
2076,2460
2077,2801
2078,1860
2079,2339
2080,3040
2081,3273
2082,3193
2083,2562
2084,2727
2085,2452
2086,2758
2087,2715
2088,2895
2089,3319
2090,2646
2091,2273
2092,3438
2093,3224
2094,3821
2095,3272
2096,3105
2097,3131
2098,2844
2099,3824
2100,1416
2101,2449
2102,2311
2103,2687
2104,3309
2105,2040
2106,2520
2107,1803
2108,2295
2109,2357
2110,2137
2111,2173
2112,2738
2113,2333
2114,2451
2115,2174
2116,2705
2117,2538
2118,2236
2119,3095
2120,1791
2121,3064
2122,2140
2123,2626
2124,2686
2125,3592
2126,3821
2127,2399
2128,2675
2129,2754
2130,3976
2131,3330
2132,3607
2133,3178
2134,1997
2135,3727
2136,2495
2137,2714
2138,2478
2139,3371
2140,2487
2141,2356
2142,2709
2143,3211
2144,2494
2145,2852
2146,3008
2147,3465
2148,3168
2149,1481
2150,2869
2151,2904
2152,2195
2153,2274
2154,3052
2155,1907
2156,3127
2157,2866
2158,2173
2159,2712
2160,2603
2161,2777
2162,2964
2163,3162
2164,2680
2165,3038
2166,3561
2167,3079
2168,2996
2169,3015
2170,2434
2171,3193
2172,1923
2173,2092
2174,3120
2175,2761
2176,2700
2177,2162
2178,2383
2179,2806
2180,3107
2181,2546
2182,3023
2183,2462
2184,2524
2185,3298
2186,3718
2187,2721
2188,3043
2189,1987
2190,3291
2191,2717
2192,2344
2193,3070
2194,3020
2195,3492
2196,1654
2197,3090
2198,1706
2199,2715
2200,2921
2201,2418
2202,3141
2203,2291
2204,3360
2205,3306
2206,2840
2207,2807
2208,2281
2209,2439
2210,2597
2211,2298
2212,3523
2213,3204
2214,1849
2215,3223
2216,2999
2217,2025
2218,3100
2219,3832
2220,3427
2221,3342
2222,3158
2223,3451
2224,3054
2225,3238
2226,2617
2227,2090
2228,3303
2229,1910
2230,814
2231,1858
2232,3474
2233,2441
2234,2742
2235,3712
2236,3154
2237,3182
2238,2373
2239,2585
2240,2311
2241,2528
2242,2663
2243,3002
2244,2734
2245,2995
2246,2611
2247,3147
2248,3159
2249,2761
2250,2399
2251,3481
2252,3597
2253,2492
2254,3046
2255,2869
2256,4303
2257,3627
2258,2439
2259,2334
2260,2348
2261,3247
2262,2460
2263,3686
2264,3123
2265,2833
2266,2894
2267,1825
2268,3359
2269,3217
2270,2880
2271,2713
2272,3484
2273,1881
2274,2918
2275,3080
2276,2045
2277,3581
2278,3264
2279,3246
2280,4097
2281,2524
2282,2239
2283,3419
2284,3719
2285,3296
2286,2752
2287,3166
2288,3177
2289,2611
2290,3730
2291,3251
2292,1989
2293,3040
2294,2627
2295,1932
2296,1331
2297,3018
2298,2418
2299,3432
2300,1960
2301,2833
2302,2142
2303,2411
2304,2894
2305,3751
2306,2779
2307,1682
2308,3533
2309,3543
2310,2902
2311,2713
2312,3616
2313,3986
2314,2346
2315,1971
2316,3562
2317,2522
2318,2339
2319,2312
2320,3626
2321,2992
2322,3642
2323,3014
2324,2537
2325,2277
2326,2902
2327,3664
2328,2475
2329,2392
2330,3262
2331,3270
2332,2461
2333,2004
2334,2666
2335,2804
2336,2950
2337,2891
2338,3555
2339,2295
2340,3095
2341,2956
2342,3657
2343,3001
2344,3822
2345,2857
2346,3388
2347,2734
2348,1822
2349,1848
2350,3119
2351,2187
2352,1609
2353,3167
2354,2802
2355,3092
2356,1695
2357,2002
2358,3740
2359,1712
2360,2587
2361,2895
2362,2849
2363,3047
2364,2281
2365,3716
2366,2165
2367,2217
2368,2172
2369,2591
2370,2885
2371,3442
2372,2824
2373,1741
2374,2904
2375,2897
2376,2813
2377,3325
2378,2178
2379,3283
2380,3831
2381,3816
2382,3367
2383,3763
2384,2872
2385,3510
2386,1713
2387,2814
2388,3323
2389,2516
2390,1278
2391,2555
2392,3336
2393,3802
2394,3042
2395,3873
2396,3141
2397,3085
2398,3056
2399,1638
2400,2216
2401,3493
2402,3325
2403,2736
2404,2916
2405,2611
2406,2893
2407,2654
2408,3683
2409,2643
2410,2393
2411,3092
2412,2673
2413,3030
2414,2781
2415,641
2416,3388
2417,2575
2418,4064
2419,3075
2420,3442
2421,2783
2422,2217
2423,3304
2424,2740
2425,1972
2426,2856
2427,3369
2428,2953
2429,2584
2430,1792
2431,2424
2432,2822
2433,2666
2434,2552
2435,2381
2436,2567
2437,1934
2438,3024
2439,3286
2440,1937
2441,1998
2442,2265
2443,2209
2444,2854
2445,3166
2446,2334
2447,2492
2448,3159
2449,2163
2450,3078
2451,2085
2452,1515
2453,3517
2454,2677
2455,2235
2456,3248
2457,2106
2458,2867
2459,3221
2460,3318
2461,1721
2462,3438
2463,2527
2464,2213
2465,3528
2466,2248
2467,2464
2468,2109
2469,2612
2470,2697
2471,2757
2472,2449
2473,3021
2474,2922
2475,3168
2476,3534
2477,2536
2478,1445
2479,3139
2480,3037
2481,3009
2482,3242
2483,2922
2484,2761
2485,3165
2486,2282
2487,3274
2488,2986
2489,2240
2490,1822
2491,2412
2492,3847
2493,3163
2494,1819
2495,3300
2496,2256
2497,2164
2498,2487
2499,3085
2500,3679
2501,3335
2502,2547
2503,2905
2504,3678
2505,1820
2506,2893
2507,2486
2508,1736
2509,3337
2510,2919
2511,2970
2512,3637
2513,1931
2514,2168
2515,3985
2516,2887
2517,1724
2518,1958
2519,2985
2520,2916
2521,3188
2522,3068
2523,2389
2524,2176
2525,2547
2526,2435
2527,2394
2528,3201
2529,3527
2530,3200
2531,2893
2532,2863
2533,2153
2534,3207
2535,3045
2536,3013
2537,3276
2538,2752
2539,2897
2540,2081
2541,3629
2542,2444
2543,3532
2544,2874
2545,1854
2546,2210
2547,3579
2548,2556
2549,2590
2550,3121
2551,3435
2552,3052
2553,2311
2554,2435
2555,2502
2556,2327
2557,3024
2558,2693
2559,2289
2560,3175
2561,2529
2562,3535
2563,3565
2564,2112
2565,3548
2566,3565
2567,2246
2568,2749
2569,2588
2570,3627
2571,3248
2572,2933
2573,2128
2574,2968
2575,2153
2576,2553
2577,2749
2578,3025
2579,3222
2580,2264
2581,3396
2582,2812
2583,3026
2584,2234
2585,2164
2586,3176
2587,1514
2588,3153
2589,2313
2590,2444
2591,3160
2592,1935
2593,2739
2594,2913
2595,2424
2596,2889
2597,2186
2598,2445
2599,2805
2600,2102
2601,3716
2602,1817
2603,2658
2604,2309
2605,2992
2606,1726
2607,3076
2608,3625
2609,2823
2610,2160
2611,2706
2612,2971
2613,3086
2614,3005
2615,3133
2616,3765
2617,2155
2618,3261
2619,3170
2620,3033
2621,2574
2622,2755
2623,2391
2624,2018
2625,3125
2626,2792
2627,2914
2628,1736
2629,1983
2630,3396
2631,3028
2632,2783
2633,3052
2634,2015
2635,2385
2636,2630
2637,3367
2638,1499
2639,3220
2640,2771
2641,2844
2642,2697
2643,2944
2644,1504
2645,2652
2646,2344
2647,3021
2648,2291
2649,2882
2650,2177
2651,2752
2652,1940
2653,3722
2654,3016
2655,1993
2656,3743
2657,2333
2658,2768
2659,2673
2660,3135
2661,2590
2662,2450
2663,2639
2664,3061
2665,3270
2666,3563
2667,3723
2668,3400
2669,3557
2670,3946
2671,2631
2672,3095
2673,2764
2674,2852
2675,2224
2676,2988
2677,1538
2678,2495
2679,3182
2680,2286
2681,1831
2682,2735
2683,2557
2684,3066
2685,2584
2686,2782
2687,2868
2688,1748
2689,2888
2690,3459
2691,2782
2692,3465
2693,3599
2694,2401
2695,2877
2696,2982
2697,3281
2698,3466
2699,3057
2700,2813
2701,2629
2702,1680
2703,2988
2704,3148
2705,2024
2706,3785
2707,3424
2708,3282
2709,2827
2710,1872
2711,3497
2712,3159
2713,2830
2714,3268
2715,2020
2716,3296
2717,3549
2718,1721
2719,2223
2720,3560
2721,2412
2722,3069
2723,2725
2724,2264
2725,2464
2726,2489
2727,2392
2728,3889
2729,2050
2730,2722
2731,3323
2732,3820
2733,3037
2734,2247
2735,3052
2736,2629
2737,2969
2738,2956
2739,2334
2740,2745
2741,2847
2742,2580
2743,2438
2744,2166
2745,2574
2746,3130
2747,2520
2748,1913
2749,1916
2750,2470
2751,2507
2752,2573
2753,3064
2754,3631
2755,3014
2756,1512
2757,2080
2758,2900
2759,3346
2760,2123
2761,2969
2762,2738
2763,1924
2764,3261
2765,3809
2766,2979
2767,2529
2768,2965
2769,2434
2770,3456
2771,3254
2772,2173
2773,2832
2774,1980
2775,3490
2776,3007
2777,3140
2778,3670
2779,2545
2780,3301
2781,2348
2782,2919
2783,2718
2784,1978
2785,2761
2786,2228
2787,3791
2788,2456
2789,1321
2790,2978
2791,2675
2792,3206
2793,1885
2794,2471
2795,3704
2796,2982
2797,2234
2798,3321
2799,2803
2800,1994
2801,3606
2802,3231
2803,3364
2804,2798
2805,2511
2806,3019
2807,2550
2808,3693
2809,2409
2810,3135
2811,1461
2812,2135
2813,2786
2814,2732
2815,2738
2816,2528
2817,3102
2818,2895
2819,3406
2820,2970
2821,2776
2822,2915
2823,2256
2824,3222
2825,3358
2826,2826
2827,2777
2828,3353
2829,1600
2830,3019
2831,2601
2832,3355
2833,1490
2834,2399
2835,3613
2836,1798
2837,1996
2838,2248
2839,1791
2840,1885
2841,2581
2842,2228
2843,2231
2844,2571
2845,2316
2846,2944
2847,2331
2848,3223
2849,2858
2850,3123
2851,2901
2852,3303
2853,3533
2854,2850
2855,3907
2856,2839
2857,3718
2858,2220
2859,3060
2860,2806
2861,2607
2862,2778
2863,2748
2864,3336
2865,2406
2866,2873
2867,3347
2868,2696
2869,1971
2870,2268
2871,3346
2872,3810
2873,2449
2874,3126
2875,2524
2876,2500
2877,2414
2878,3756
2879,2620
2880,2673
2881,2633
2882,2852
2883,2921
2884,3797
2885,2136
2886,2785
2887,2749
2888,2687
2889,2890
2890,3217
2891,3095
2892,3125
2893,1404
2894,1923
2895,3227
2896,3513
2897,3598
2898,3319
2899,2677
2900,2871
2901,3107
2902,2269
2903,3149
2904,3438
2905,2339
2906,2674
2907,2489
2908,1752
2909,2215
2910,1895
2911,3145
2912,3194
2913,3293
2914,3733
2915,2821
2916,3790
2917,2768
2918,2901
2919,2191
2920,2120
2921,1928
2922,2786
2923,1995
2924,2728
2925,3174
2926,2471
2927,3334
2928,2739
2929,3004
2930,2307
2931,3256
2932,3563
2933,2352
2934,2110
2935,3123
2936,3277
2937,2079
2938,2816
2939,2724
2940,3310
2941,2876
2942,2104
2943,2789
2944,3501
2945,2686
2946,2808
2947,3450
2948,4009
2949,2016
2950,2011
2951,3265
2952,2837
2953,2153
2954,2497
2955,2295
2956,1882
2957,3008
2958,2944
2959,2747
2960,3319
2961,2679
2962,2724
2963,2725
2964,3216
2965,3595
2966,2678
2967,2502
2968,1532
2969,2835
2970,3567
2971,2574
2972,4168
2973,2311
2974,2229
2975,1529
2976,2966
2977,2072
2978,2865
2979,3467
2980,2256
2981,1886
2982,2592
2983,2472
2984,2325
2985,3041
2986,2428
2987,2603
2988,2869
2989,2928
2990,3272
2991,2788
2992,1458
2993,3621
2994,2967
2995,2658
2996,3705
2997,2099
2998,2052
2999,3507
3000,3328
3001,3507
3002,1897
3003,2717
3004,2683
3005,3163
3006,3245
3007,3056
3008,3463
3009,2506
3010,3355
3011,2349
3012,2243
3013,2413
3014,3850
3015,2384
3016,3227
3017,2803
3018,3087
3019,2851
3020,3063
3021,2558
3022,1711
3023,2907
3024,2679
3025,3062
3026,2562
3027,2100
3028,3774
3029,2201
3030,3058
3031,2781
3032,3320
3033,2504
3034,2760
3035,2439
3036,2990
3037,3168
3038,2968
3039,2817
3040,1781
3041,2599
3042,3594
3043,3221
3044,2012
3045,2466
3046,2502
3047,2981
3048,2993
3049,1868
3050,3336
3051,2944
3052,2652
3053,3040
3054,2637
3055,3006
3056,2054
3057,3219
3058,2860
3059,3242
3060,1884
3061,3801
3062,2636
3063,3014
3064,2304
3065,2644
3066,2748
3067,3182
3068,1906
3069,3280
3070,3021
3071,2747
3072,3254
3073,2884
3074,2903
3075,2635
3076,3298
3077,2870
3078,3176
3079,2580
3080,2095
3081,3002
3082,2479
3083,2982
3084,2162
3085,2029
3086,2414
3087,2497
3088,2712
3089,2716
3090,2819
3091,3467
3092,2080
3093,2268
3094,2517
3095,2972
3096,3209
3097,2382
3098,2521
3099,3062
3100,3609
3101,2010
3102,2722
3103,3800
3104,1967
3105,1835
3106,2737
3107,3473
3108,3065
3109,2810
3110,3217
3111,3364
3112,3492
3113,3514
3114,2529
3115,2741
3116,2164
3117,3093
3118,3037
3119,3368
3120,3129
3121,2153
3122,2544
3123,2794
3124,3372
3125,3500
3126,1675
3127,2900
3128,3198
3129,2985
3130,3551
3131,2339
3132,3480
3133,2160
3134,2618
3135,1747
3136,3287
3137,2205
3138,1304
3139,3047
3140,3768
3141,3472
3142,1468
3143,3045
3144,3938
3145,2461
3146,2668
3147,2279
3148,3278
3149,3185
3150,2861
3151,3590
3152,2724
3153,3394
3154,2506
3155,2221
3156,3750
3157,3480
3158,3831
3159,3337
3160,2478
3161,2897
3162,2268
3163,2512
3164,2004
3165,2255
3166,2881
3167,2861
3168,3526
3169,2842
3170,2812
3171,2175
3172,3393
3173,3132
3174,2546
3175,3033
3176,2520
3177,3034
3178,3046
3179,2766
3180,3561
3181,2273
3182,3143
3183,2989
3184,2332
3185,2238
3186,2000
3187,2822
3188,2922
3189,2185
3190,3201
3191,2609
3192,2907
3193,1898
3194,1727
3195,3640
3196,2417
3197,2365
3198,2247
3199,2804
3200,2431
3201,3242
3202,3762
3203,2481
3204,2493
3205,1992
3206,3719
3207,3088
3208,2669
3209,2242
3210,1865
3211,2489
3212,2378
3213,2996
3214,3457
3215,2761
3216,2459
3217,2627
3218,3206
3219,2573
3220,2935
3221,1896
3222,2668
3223,3946
3224,2805
3225,1325
3226,3205
3227,3014
3228,2603
3229,2588
3230,2428
3231,3395
3232,3587
3233,2042
3234,2564
3235,3065
3236,2271
3237,2341
3238,3091
3239,2623
3240,2762
3241,2397
3242,3175
3243,2501
3244,2631
3245,2960
3246,2119
3247,3160
3248,1906
3249,2415
3250,2112
3251,3254
3252,2845
3253,1567
3254,3721
3255,2051
3256,2424
3257,2661
3258,2339
3259,2617
3260,3478
3261,2016
3262,1929
3263,3127
3264,4063
3265,3069
3266,3140
3267,2675
3268,2428
3269,2736
3270,2519
3271,4407
3272,2526
3273,2253
3274,2751
3275,2906
3276,1827
3277,3095
3278,3903
3279,3442
3280,2840
3281,2418
3282,3430
3283,1636
3284,3739
3285,1993
3286,2055
3287,3264
3288,2496
3289,2945
3290,1956
3291,1682
3292,2044
3293,2798
3294,2673
3295,3426
3296,2128
3297,2406
3298,2825
3299,1943
3300,3363
3301,3065
3302,2714
3303,2781
3304,2275
3305,3646
3306,2672
3307,1963
3308,2603
3309,3317
3310,3140
3311,3045
3312,2192
3313,2299
3314,3487
3315,2668
3316,3035
3317,3064
3318,3520
3319,2710
3320,2653
3321,2328
3322,1750
3323,3036
3324,2896
3325,3274
3326,2482
3327,1535
3328,3007
3329,4021
3330,3590
3331,3591
3332,3228
3333,3014
3334,4126
3335,3722
3336,3330
3337,3014
3338,1753
3339,3339
3340,2314
3341,2358
3342,3959
3343,3377
3344,1408
3345,2673
3346,3031
3347,1923
3348,2423
3349,3327
3350,2439
3351,2267
3352,2141
3353,2680
3354,3162
3355,2212
3356,2242
3357,2275
3358,2790
3359,2360
3360,3131
3361,2426
3362,3149
3363,1927
3364,2596
3365,1799
3366,2361
3367,2012
3368,3235
3369,3755
3370,2732
3371,2234
3372,2071
3373,2798
3374,2781
3375,2760
3376,3837
3377,3562
3378,3095
3379,3883
3380,2965
3381,3857
3382,2366
3383,2756
3384,1793
3385,2318
3386,2793
3387,3848
3388,2174
3389,1816
3390,2919
3391,2166
3392,3237
3393,2635
3394,2593
3395,3314
3396,2205
3397,3144
3398,3040
3399,2413
3400,2708
3401,2980
3402,2223
3403,3049
3404,1898
3405,3699
3406,2626
3407,2927
3408,2377
3409,3252
3410,2678
3411,3343
3412,2439
3413,2692
3414,2431
3415,4093
3416,3755
3417,2246
3418,3423
3419,2180
3420,2511
3421,2796
3422,3772
3423,1670
3424,1855
3425,3275
3426,2277
3427,2238
3428,2341
3429,2303
3430,3389
3431,2691
3432,3085
3433,3307
3434,3592
3435,3401
3436,1887
3437,1831
3438,2048
3439,1962
3440,3631
3441,2676
3442,2962
3443,2665
3444,3072
3445,1415
3446,2085
3447,2348
3448,3747
3449,1470
3450,2892
3451,3525
3452,2969
3453,2751
3454,2609
3455,2550
3456,3866
3457,1938
3458,1172
3459,3066
3460,2591
3461,2030
3462,2686
3463,1903
3464,2085
3465,2977
3466,3081
3467,2635
3468,2666
3469,3038
3470,1936
3471,2708
3472,2462
3473,3189
3474,2091
3475,2543
3476,2268
3477,3548
3478,2365
3479,2963
3480,2397
3481,3184
3482,2542
3483,2407
3484,3504
3485,3477
3486,3045
3487,2725
3488,2759
3489,2424
3490,1691
3491,2124
3492,3470
3493,2880
3494,2918
3495,2617
3496,3488
3497,1823
3498,2755
3499,2409
3500,2398
3501,2512
3502,2696
3503,3521
3504,2514
3505,3357
3506,1957
3507,2780
3508,2581
3509,2227
3510,2931
3511,1487
3512,2108
3513,2398
3514,2441
3515,3908
3516,2279
3517,2212
3518,2840
3519,1854
3520,3241
3521,3750
3522,2262
3523,2804
3524,2304
3525,2904
3526,2691
3527,2916
3528,1999
3529,2697
3530,3375
3531,3447
3532,1829
3533,2331
3534,3122
3535,2714
3536,2125
3537,3563
3538,2665
3539,2728
3540,1815
3541,3484
3542,2641
3543,2973
3544,2338
3545,3568
3546,2749
3547,1839
3548,3227
3549,2444
3550,3329
3551,1494
3552,3182
3553,1536
3554,2936
3555,2461
3556,2930
3557,3187
3558,3423
3559,3001
3560,2061
3561,2559
3562,2098
3563,2402
3564,2022
3565,2684
3566,2781
3567,2888
3568,2275
3569,2895
3570,2272
3571,2601
3572,2364
3573,1756
3574,2325
3575,2817
3576,3032
3577,1922
3578,2165
3579,2762
3580,2539
3581,4128
3582,3005
3583,3631
3584,2440
3585,2970
3586,2478
3587,3343
3588,2582
3589,2614
3590,1519
3591,2507
3592,3450
3593,2856
3594,2603
3595,2881
3596,2471
3597,2845
3598,2707
3599,2695
3600,3399
3601,2452
3602,3375
3603,2345
3604,2200
3605,3233
3606,2075
3607,2410
3608,2980
3609,1946
3610,2224
3611,2912
3612,3549
3613,2149
3614,2711
3615,3838
3616,3532
3617,2959
3618,3760
3619,2818
3620,4138
3621,2623
3622,2205
3623,2416
3624,2867
3625,2482
3626,3627
3627,2155
3628,2825
3629,2661
3630,3813
3631,2078
3632,2801
3633,2923
3634,2955
3635,2371
3636,2289
3637,4222
3638,3059
3639,3109
3640,1915
3641,2380
3642,1860
3643,2402
3644,2551
3645,2613
3646,2362
3647,2982
3648,2423
3649,2848
3650,2877
3651,4158
3652,2796
3653,2144
3654,2597
3655,1911
3656,2668
3657,3617
3658,2624
3659,3494
3660,2805
3661,3670
3662,3145
3663,2969
3664,3654
3665,2690
3666,2627
3667,2239
3668,2168
3669,2163
3670,2451
3671,2679
3672,3051
3673,2961
3674,3019
3675,3213
3676,3021
3677,2680
3678,2477
3679,2261
3680,2171
3681,3209
3682,2824
3683,2908
3684,3458
3685,2049
3686,3270
3687,4348
3688,2264
3689,2108
3690,3652
3691,3172
3692,3201
3693,2433
3694,3147
3695,3377
3696,2986
3697,2453
3698,2125
3699,2879
3700,3477
3701,1739
3702,3032
3703,3234
3704,4041
3705,2778
3706,3600
3707,3127
3708,3461
3709,2587
3710,2461
3711,2997
3712,2804
3713,1668
3714,3138
3715,3148
3716,3226
3717,2690
3718,2483
3719,2617
3720,3087
3721,3199
3722,3853
3723,2604
3724,2936
3725,3006
3726,2989
3727,2991
3728,2741
3729,4134
3730,1481
3731,1780
3732,2840
3733,2988
3734,2945
3735,2367
3736,1712
3737,2361
3738,2833
3739,1882
3740,2035
3741,3878
3742,4352
3743,3101
3744,2271
3745,3111
3746,3414
3747,2046
3748,2194
3749,3307
3750,2736
3751,3877
3752,3447
3753,3537
3754,3410
3755,2948
3756,3078
3757,2455
3758,2217
3759,3394
3760,2422
3761,3530
3762,2608
3763,2540
3764,2156
3765,3241
3766,1862
3767,3040
3768,2826
3769,3141
3770,2786
3771,3582
3772,2943
3773,2844
3774,3017
3775,1734
3776,2882
3777,2353
3778,3197
3779,2873
3780,2749
3781,3590
3782,2616
3783,2203
3784,2381
3785,3470
3786,2977
3787,2742
3788,2210
3789,3706
3790,1645
3791,3575
3792,2710
3793,2341
3794,3175
3795,3846
3796,3062
3797,2729
3798,2328
3799,2132
3800,3893
3801,3609
3802,3204
3803,2202
3804,3679
3805,1593
3806,3084
3807,3134
3808,2909
3809,3208
3810,2412
3811,2751
3812,2455
3813,3695
3814,3331
3815,2376
3816,3803
3817,1482
3818,1899
3819,2331
3820,3210
3821,3051
3822,3331
3823,3557
3824,2331
3825,3000
3826,1862
3827,1862
3828,4442
3829,4174
3830,2607
3831,2848
3832,2890
3833,3210
3834,2741
3835,2699
3836,3171
3837,1893
3838,2990
3839,2515
3840,2393
3841,2579
3842,1854
3843,3001
3844,2851
3845,3289
3846,3435
3847,2635
3848,3036
3849,3035
3850,3176
3851,3113
3852,3335
3853,2395
3854,2403
3855,2400
3856,2900
3857,2002
3858,3977
3859,4121
3860,2582
3861,2528
3862,3008
3863,2001
3864,3484
3865,3526
3866,3097
3867,2462
3868,2178
3869,3610
3870,2614
3871,3117
3872,2515
3873,3631
3874,3087
3875,3485
3876,2574
3877,2832
3878,2904
3879,2982
3880,1698
3881,3409
3882,2849
3883,2695
3884,2832
3885,3462
3886,2363
3887,2588
3888,3002
3889,2584
3890,3334
3891,3188
3892,2482
3893,2793
3894,3025
3895,2579
3896,3402
3897,2498
3898,2873
3899,2811
3900,2515
3901,2916
3902,2671
3903,2508
3904,1835
3905,2992
3906,2022
3907,2099
3908,2491
3909,2769
3910,3780
3911,2201
3912,2030
3913,1334
3914,2166
3915,2437
3916,2751
3917,3554
3918,2311
3919,3460
3920,3637
3921,2441
3922,2930
3923,3650
3924,3440
3925,2663
3926,1740
3927,3096
3928,2333
3929,3397
3930,3407
3931,2739
3932,2775
3933,2839
3934,2602
3935,3208
3936,2237
3937,3759
3938,2754
3939,3237
3940,2858
3941,2893
3942,2860
3943,2858
3944,1798
3945,1940
3946,2664
3947,3407
3948,3487
3949,2694
3950,2304
3951,3351
3952,3560
3953,3109
3954,2590
3955,2991
3956,4256
3957,3045
3958,3448
3959,2477
3960,3819
3961,2408
3962,2968
3963,2805
3964,2712
3965,2577
3966,3834
3967,3083
3968,3543
3969,2812
3970,3099
3971,1929
3972,1832
3973,3706
3974,3275
3975,1346
3976,2366
3977,2143
3978,2370
3979,2349
3980,2849
3981,2670
3982,2839
3983,2791
3984,3043
3985,2613
3986,2179
3987,2875
3988,2570
3989,1683
3990,3506
3991,3086
3992,2858
3993,1902
3994,2351
3995,2610
3996,3523
3997,2094
3998,1997
3999,3134
4000,2289
4001,2786
4002,2920
4003,3449
4004,2889
4005,2938
4006,2559
4007,2763
4008,2597
4009,1895
4010,2010
4011,2173
4012,3641
4013,3364
4014,3297
4015,2861
4016,3072
4017,2717
4018,2198
4019,1906
4020,3247
4021,2602
4022,2503
4023,2996
4024,3225
4025,2609
4026,2273
4027,1742
4028,1978
4029,2420
4030,3016
4031,2362
4032,2837
4033,2694
4034,1777
4035,2464
4036,1380
4037,2546
4038,2637
4039,3292
4040,2352
4041,3723
4042,2859
4043,2149
4044,1788
4045,2207
4046,4278
4047,2779
4048,2487
4049,1907
4050,3227
4051,3593
4052,2879
4053,3873
4054,3738
4055,1749
4056,3404
4057,2809
4058,2536
4059,2762
4060,3151
4061,3095
4062,3077
4063,3146
4064,3333
4065,2693
4066,3611
4067,2605
4068,3079
4069,2596
4070,2589
4071,2120
4072,3468
4073,2148
4074,3141
4075,1545
4076,2538
4077,3445
4078,3038
4079,2175
4080,3463
4081,3129
4082,3394
4083,2614
4084,2920
4085,3040
4086,3076
4087,3027
4088,2898
4089,3170
4090,2717
4091,2053
4092,2082
4093,2572
4094,2916
4095,2185
4096,2542
4097,2830
4098,2311
4099,2853
4100,3039
4101,3341
4102,2797
4103,1700
4104,2547
4105,3268
4106,2871
4107,2877
4108,2635
4109,2294
4110,1827
4111,2348
4112,3310
4113,2821
4114,2022
4115,2619
4116,2834
4117,2487
4118,3600
4119,2662
4120,3029
4121,2398
4122,2176
4123,2519
4124,3846
4125,2671
4126,3104
4127,1934
4128,2472
4129,2155
4130,2527
4131,2333
4132,3794
4133,2555
4134,3838
4135,2775
4136,3009
4137,4205
4138,2598
4139,2664
4140,2448
4141,2942
4142,3815
4143,2871
4144,2936
4145,1933
4146,1885
4147,2724
4148,2398
4149,2629
4150,2832
4151,2895
4152,3010
4153,3315
4154,3002
4155,1848
4156,3311
4157,3523
4158,3510
4159,2829
4160,3747
4161,2429
4162,3363
4163,2795
4164,3467
4165,2429
4166,3296
4167,3476
4168,1780
4169,3221
4170,2447
4171,3056
4172,3017
4173,3651
4174,3957
4175,2186
4176,2201
4177,2875
4178,2285
4179,3141
4180,3836
4181,2842
4182,3300
4183,2849
4184,2542
4185,2158
4186,2198
4187,4242
4188,2722
4189,2072
4190,2432
4191,2658
4192,2532
4193,4001
4194,3402
4195,2795
4196,3633
4197,2585
4198,3345
4199,2014
4200,3015
4201,3198
4202,2700
4203,3048
4204,3004
4205,2285
4206,3070
4207,2714
4208,3254
4209,2399
4210,2716
4211,2290
4212,3218
4213,3562
4214,3019
4215,2562
4216,2423
4217,3617
4218,3403
4219,3027
4220,2053
4221,2297
4222,3761
4223,2985
4224,3288
4225,2757
4226,2357
4227,2612
4228,3337
4229,2124
4230,2683
4231,2313
4232,2266
4233,2398
4234,3522
4235,2457
4236,2478
4237,2510
4238,3403
4239,2242
4240,2350
4241,3166
4242,2442
4243,2668
4244,2900
4245,2607
4246,1864
4247,3359
4248,2879
4249,1276
4250,3582
4251,2516
4252,2332
4253,3064
4254,2511
4255,2745
4256,3082
4257,2756
4258,3572
4259,2146
4260,2262
4261,1929
4262,3557
4263,3005
4264,2979
4265,2976
4266,3576
4267,2651
4268,2661
4269,2874
4270,2345
4271,4005
4272,3737
4273,2332
4274,3094
4275,3272
4276,1819
4277,3168
4278,2555
4279,3467
4280,3770
4281,2913
4282,2727
4283,2503
4284,3128
4285,3292
4286,3787
4287,2092
4288,3640
4289,3546
4290,2210
4291,2085
4292,1656
4293,1518
4294,3127
4295,2396
4296,2734
4297,2906
4298,2609
4299,2922
4300,3314
4301,2616
4302,3379
4303,2554
4304,3261
4305,3268
4306,2964
4307,2431
4308,3355
4309,2977
4310,2656
4311,2989
4312,2612
4313,3311
4314,2440
4315,3457
4316,2977
4317,2552
4318,2010
4319,2591
4320,3885
4321,3015
4322,2574
4323,3284
4324,2285
4325,2255
4326,3274
4327,2396
4328,2184
4329,2951
4330,2911
4331,3450
4332,1909
4333,2664
4334,3297
4335,2204
4336,3504
4337,2928
4338,2276
4339,2862
4340,3244
4341,2315
4342,2765
4343,2453
4344,2980
4345,2742
4346,3469
4347,1959
4348,2976
4349,3417
4350,3366
4351,2445
4352,2531
4353,2824
4354,2239
4355,3275
4356,2275
4357,3031
4358,2484
4359,2677
4360,3079
4361,3643
4362,2888
4363,2213
4364,3000
4365,2346
4366,3138
4367,2716
4368,3205
4369,2828
4370,2681
4371,3161
4372,2905
4373,2396
4374,2280
4375,2325
4376,2466
4377,2679
4378,2096
4379,2363
4380,3516
4381,2710
4382,2988
4383,3642
4384,3375
4385,3144
4386,2288
4387,2068
4388,2862
4389,1478
4390,2270
4391,3269
4392,2987
4393,1992
4394,2773
4395,3400
4396,1909
4397,2470
4398,2695
4399,2994
4400,3059
4401,3103
4402,2934
4403,2992
4404,2720
4405,2304
4406,3050
4407,2206
4408,2346
4409,3186
4410,2879
4411,3332
4412,3274
4413,2997
4414,3100
4415,3500
4416,3126
4417,3060
4418,1777
4419,1939
4420,2983
4421,3100
4422,2727
4423,2874
4424,3000
4425,3268
4426,3236
4427,2553
4428,2937
4429,3365
4430,2793
4431,2693
4432,3151
4433,3358
4434,2539
4435,3119
4436,2060
4437,2758
4438,3074
4439,2576
4440,2811
4441,2516
4442,2971
4443,2675
4444,2709
4445,1909
4446,2562
4447,2842
4448,1499
4449,2063
4450,2454
4451,2638
4452,4267
4453,3012
4454,1851
4455,2615
4456,2560
4457,2584
4458,2128
4459,3188
4460,2071
4461,2611
4462,4227
4463,2551
4464,3046
4465,2340
4466,1883
4467,2166
4468,1789
4469,2325
4470,2892
4471,3196
4472,3467
4473,2158
4474,2818
4475,2423
4476,2353
4477,2464
4478,2169
4479,2668
4480,3341
4481,2536
4482,3180
4483,3193
4484,3435
4485,3682
4486,3797
4487,3624
4488,2766
4489,2131
4490,3469
4491,1657
4492,2231
4493,3066
4494,2208
4495,4159
4496,2620
4497,2214
4498,2843
4499,2866
4500,2544
4501,1812
4502,2001
4503,3789
4504,3816
4505,2127
4506,3273
4507,2981
4508,2557
4509,2569
4510,3107
4511,2343
4512,1076
4513,2325
4514,2089
4515,3244
4516,2608
4517,2704
4518,2917
4519,2384
4520,3015
4521,3085
4522,2730
4523,3053
4524,2721
4525,3437
4526,1102
4527,1764
4528,2659
4529,3154
4530,3307
4531,3063
4532,3269
4533,3134
4534,2639
4535,3816
4536,2333
4537,2410
4538,2247
4539,2677
4540,2245
4541,2268
4542,3302
4543,1538
4544,3652
4545,2085
4546,3115
4547,3601
4548,2711
4549,2731
4550,3071
4551,3416
4552,2986
4553,2988
4554,3012
4555,2904
4556,2628
4557,3239
4558,1991
4559,2885
4560,2915
4561,2771
4562,2829
4563,2533
4564,2345
4565,1905
4566,3423
4567,3162
4568,2178
4569,1596
4570,1877
4571,2076
4572,3457
4573,1822
4574,3628
4575,3091
4576,3165
4577,2694
4578,3097
4579,2592
4580,2514
4581,3580
4582,2530
4583,2983
4584,2286
4585,2279
4586,2897
4587,2130
4588,2447
4589,3357
4590,2624
4591,2960
4592,3022
4593,2028
4594,1953
4595,3165
4596,2459
4597,2876
4598,2425
4599,2821
4600,3122
4601,3049
4602,2727
4603,3621
4604,3216
4605,2575
4606,2866
4607,2058
4608,2788
4609,2608
4610,2070
4611,2876
4612,2025
4613,2255
4614,3000
4615,3257
4616,1667
4617,3109
4618,2359
4619,3659
4620,3530
4621,2802
4622,2996
4623,2238
4624,2761
4625,2092
4626,3095
4627,2912
4628,3487
4629,1949
4630,2709
4631,2355
4632,3174
4633,2883
4634,2043
4635,2297
4636,3681
4637,3043
4638,2431
4639,3147
4640,2966
4641,3492
4642,2363
4643,2303
4644,2521
4645,3009
4646,1939
4647,2649
4648,3356
4649,2578
4650,3502
4651,2678
4652,2641
4653,3646
4654,2319
4655,3931
4656,2935
4657,3030
4658,3111
4659,2774
4660,2151
4661,3358
4662,3201
4663,2771
4664,2966
4665,2998
4666,1754
4667,3636
4668,2996
4669,2684
4670,2609
4671,3086
4672,3052
4673,3391
4674,2753
4675,3127
4676,2240
4677,2765
4678,3247
4679,3782
4680,2929
4681,3046
4682,2219
4683,2901
4684,3126
4685,2341
4686,4193
4687,3184
4688,2777
4689,3755
4690,2806
4691,2698
4692,3178
4693,3156
4694,3213
4695,2438
4696,2827
4697,2725
4698,3399
4699,2942
4700,2303
4701,2336
4702,2774
4703,2736
4704,2344
4705,1661
4706,2039
4707,3286
4708,2617
4709,3444
4710,1797
4711,2349
4712,2745
4713,2823
4714,4270
4715,3153
4716,2535
4717,2496
4718,2514
4719,3591
4720,2988
4721,2332
4722,2905
4723,2350
4724,2268
4725,2823
4726,3010
4727,2920
4728,2772
4729,1995
4730,3339
4731,2946
4732,3083
4733,2363
4734,2087
4735,1637
4736,3861
4737,2665
4738,3634
4739,2074
4740,3323
4741,3134
4742,2541
4743,3009
4744,3554
4745,2478
4746,3797
4747,2849
4748,3244
4749,3198
4750,3029
4751,2319
4752,2349
4753,2004
4754,1976
4755,3626
4756,2213
4757,3055
4758,3456
4759,2650
4760,2764
4761,2224
4762,1592
4763,3638
4764,3107
4765,2402
4766,2133
4767,3217
4768,3340
4769,2697
4770,3594
4771,2198
4772,2957
4773,2743
4774,1763
4775,3019
4776,3215
4777,2607
4778,2833
4779,2920
4780,2841
4781,2669
4782,1968
4783,3235
4784,2639
4785,2442
4786,3304
4787,2972
4788,2183
4789,2278
4790,2339
4791,3379
4792,2560
4793,2812
4794,2966
4795,2226
4796,2414
4797,2986
4798,2294
4799,2774
4800,2240
4801,3432
4802,2193
4803,2639
4804,2301
4805,2419
4806,3337
4807,1670
4808,2951
4809,1966
4810,2852
4811,1952
4812,2902
4813,2925
4814,3393
4815,2893
4816,2445
4817,2859
4818,2969
4819,1689
4820,3141
4821,3338
4822,1589
4823,2455
4824,2216
4825,2504
4826,2044
4827,2493
4828,3274
4829,2455
4830,3849
4831,2752
4832,3428
4833,3048
4834,3084
4835,3202
4836,2804
4837,3421
4838,2111
4839,2526
4840,2132
4841,3008
4842,1656
4843,1701
4844,2461
4845,3335
4846,2903
4847,2902
4848,1340
4849,4147
4850,2916
4851,2450
4852,2930
4853,1789
4854,1649
4855,3164
4856,3233
4857,3459
4858,2802
4859,2194
4860,2004
4861,3668
4862,2863
4863,2435
4864,3483
4865,2229
4866,2125
4867,2797
4868,3572
4869,2626
4870,3198
4871,3023
4872,4484
4873,2621
4874,3338
4875,2801
4876,3819
4877,2214
4878,2801
4879,3075
4880,3706
4881,2837
4882,2426
4883,2998
4884,2852
4885,3376
4886,2422
4887,2523
4888,2368
4889,2083
4890,3325
4891,2461
4892,2520
4893,2508
4894,2544
4895,3354
4896,2436
4897,3123
4898,2114
4899,2672
4900,2439
4901,2850
4902,2755
4903,3289
4904,2685
4905,2699
4906,3469
4907,2973
4908,3469
4909,2602
4910,4025
4911,2738
4912,2190
4913,2111
4914,3773
4915,3056
4916,2076
4917,3432
4918,3114
4919,3182
4920,3212
4921,2280
4922,2662
4923,3402
4924,3008
4925,2708
4926,2600
4927,2822
4928,2902
4929,3167
4930,2550
4931,2728
4932,2449
4933,2404
4934,1353
4935,2808
4936,2990
4937,2792
4938,3248
4939,2696
4940,3917
4941,1842
4942,2069
4943,3077
4944,2555
4945,2090
4946,2282
4947,4186
4948,3777
4949,2854
4950,1948
4951,3009
4952,2995
4953,2410
4954,3568
4955,2474
4956,3485
4957,2255
4958,2865
4959,2507
4960,2021
4961,1932
4962,1378
4963,2531
4964,2719
4965,1934
4966,3474
4967,2553
4968,2972
4969,2380
4970,2253
4971,2745
4972,3057
4973,3521
4974,2995
4975,2651
4976,1986
4977,2717
4978,3705
4979,2122
4980,2340
4981,1852
4982,2026
4983,2404
4984,1825
4985,2915
4986,2731
4987,2810
4988,2314
4989,2169
4990,2418
4991,2372
4992,3797
4993,3293
4994,2708
4995,3501
4996,3468
4997,2542
4998,1854
4999,2387
5000,2738
5001,2240
5002,3216
5003,3029
5004,2428
5005,2335
5006,1990
5007,2423
5008,3589
5009,1963
5010,2545
5011,2980
5012,3797
5013,2540
5014,2605
5015,3067
5016,2635
5017,2746
5018,2637
5019,1743
5020,2575
5021,2993
5022,2942
5023,2718
5024,3054
5025,3474
5026,4067
5027,2375
5028,2683
5029,2980
5030,2126
5031,2284
5032,2493
5033,3333
5034,3607
5035,2516
5036,2845
5037,1769
5038,3731
5039,2366
5040,2177
5041,1992
5042,3590
5043,2806
5044,1408
5045,2422
5046,3458
5047,2567
5048,3582
5049,2897
5050,2412
5051,3685
5052,2892
5053,3023
5054,3005
5055,2706
5056,3066
5057,3320
5058,3261
5059,2467
5060,3127
5061,2817
5062,2358
5063,2074
5064,3047
5065,2769
5066,3209
5067,2667
5068,2605
5069,2285
5070,3283
5071,2309
5072,2176
5073,3089
5074,1836
5075,3345
5076,1269
5077,2344
5078,2506
5079,2848
5080,2699
5081,3361
5082,2163
5083,2445
5084,3038
5085,3439
5086,2373
5087,2762
5088,3238
5089,2826
5090,3458
5091,2707
5092,2230
5093,3160
5094,2799
5095,2906
5096,2670
5097,2932
5098,3689
5099,2421
5100,2349
5101,3027
5102,3140
5103,2454
5104,2565
5105,2337
5106,2622
5107,2447
5108,2244
5109,2492
5110,3535
5111,2831
5112,2632
5113,3664
5114,2156
5115,2207
5116,3444
5117,3200
5118,3134
5119,2750
5120,3314
5121,1818
5122,3245
5123,2160
5124,3363
5125,2474
5126,3817
5127,2864
5128,3532
5129,1649
5130,2679
5131,3464
5132,2895
5133,3061
5134,2626
5135,1676
5136,3214
5137,2425
5138,3043
5139,2979
5140,2106
5141,2600
5142,2267
5143,3795
5144,2673
5145,2096
5146,3279
5147,3133
5148,2940
5149,3381
5150,3698
5151,3151
5152,3754
5153,2366
5154,1318
5155,3381
5156,2324
5157,3008
5158,3012
5159,1982
5160,3776
5161,3108
5162,3824
5163,3549
5164,2787
5165,3123
5166,2257
5167,3458
5168,3157
5169,3772
5170,2338
5171,2492
5172,2297
5173,3929
5174,3182
5175,3257
5176,2736
5177,2763
5178,3559
5179,3528
5180,2926
5181,2048
5182,2046
5183,2437
5184,3056
5185,2339
5186,3560
5187,2363
5188,2420
5189,2656
5190,2611
5191,3469
5192,2975
5193,3045
5194,2667
5195,3422
5196,2804
5197,3554
5198,2590
5199,2885
5200,2909
5201,2383
5202,2413
5203,1388
5204,2767
5205,2368
5206,3116
5207,2073
5208,2353
5209,2702
5210,2564
5211,1930
5212,3142
5213,2611
5214,2753
5215,3747
5216,1812
5217,2497
5218,2923
5219,2809
5220,3076
5221,3100
5222,2891
5223,2643
5224,2436
5225,2560
5226,2007
5227,3092
5228,1992
5229,2848
5230,2255
5231,2899
5232,3691
5233,3033
5234,2951
5235,3118
5236,2980
5237,2013
5238,3631
5239,3221
5240,3927
5241,3928
5242,2384
5243,2583
5244,2573
5245,2034
5246,2791
5247,2676
5248,2647
5249,2321
5250,2034
5251,3030
5252,3074
5253,2172
5254,2301
5255,3012
5256,2914
5257,2806
5258,2609
5259,3243
5260,3364
5261,2454
5262,2627
5263,3244
5264,2463
5265,3319
5266,2659
5267,2788
5268,3857
5269,2837
5270,2883
5271,3199
5272,2817
5273,2801
5274,3198
5275,2290
5276,3646
5277,3492
5278,3560
5279,2297
5280,2217
5281,3583
5282,3689
5283,2594
5284,2725
5285,1915
5286,1987
5287,3933
5288,2481
5289,2725
5290,3240
5291,2670
5292,3416
5293,2517
5294,3731
5295,2708
5296,3573
5297,2338
5298,3497
5299,2121
5300,1968
5301,2887
5302,2215
5303,2802
5304,3125
5305,2848
5306,3408
5307,2717
5308,2929
5309,2880
5310,4202
5311,2838
5312,2869
5313,1812
5314,2743
5315,2440
5316,2739
5317,3127
5318,3233
5319,2462
5320,2931
5321,2666
5322,3926
5323,3658
5324,2990
5325,2254
5326,3155
5327,2205
5328,2441
5329,2737
5330,1824
5331,3843
5332,3265
5333,3441
5334,3632
5335,3897
5336,3097
5337,2442
5338,3328
5339,2496
5340,3333
5341,3022
5342,2299
5343,2724
5344,1976
5345,3267
5346,3905
5347,3408
5348,3067
5349,2511
5350,2689
5351,3261
5352,2360
5353,2714
5354,2314
5355,3609
5356,3085
5357,3681
5358,2867
5359,2853
5360,3148
5361,3032
5362,3170
5363,2598
5364,3124
5365,2908
5366,2212
5367,2373
5368,2696
5369,2579
5370,3149
5371,3288
5372,1465
5373,1992
5374,3324
5375,3222
5376,2964
5377,2706
5378,2756
5379,2632
5380,2087
5381,2822
5382,2716
5383,2957
5384,1831
5385,2007
5386,2328
5387,3229
5388,3694
5389,2972
5390,3161
5391,2119
5392,2411
5393,2917
5394,1997
5395,3866
5396,2166
5397,2927
5398,2496
5399,2843
5400,2078
5401,2084
5402,3398
5403,3392
5404,1587
5405,2237
5406,2066
5407,2094
5408,2835
5409,3588
5410,3195
5411,1542
5412,3416
5413,2605
5414,2361
5415,3712
5416,2901
5417,2007
5418,3080
5419,2336
5420,3020
5421,2108
5422,1864
5423,2376
5424,2704
5425,3408
5426,3278
5427,2035
5428,1821
5429,1928
5430,3361
5431,2417
5432,2215
5433,2662
5434,2215
5435,3237
5436,2040
5437,2665
5438,2205
5439,2285
5440,2981
5441,2583
5442,3667
5443,2621
5444,3573
5445,2532
5446,2684
5447,3208
5448,3313
5449,2801
5450,2441
5451,2853
5452,3489
5453,2617
5454,2755
5455,2961
5456,1216
5457,2850
5458,2823
5459,2346
5460,2738
5461,3022
5462,1986
5463,2597
5464,2288
5465,3386
5466,3059
5467,4012
5468,3050
5469,3353
5470,2499
5471,2348
5472,2735
5473,2757
5474,2956
5475,2737
5476,2468
5477,2886
5478,2248
5479,2106
5480,1666
5481,3338
5482,3107
5483,2968
5484,1749
5485,2710
5486,2775
5487,2703
5488,3302
5489,4051
5490,2886
5491,3448
5492,3054
5493,3538
5494,2366
5495,3334
5496,2500
5497,2533
5498,2862
5499,3156
5500,2166
5501,1862
5502,2783
5503,2046
5504,2216
5505,2855
5506,2573
5507,2197
5508,3636
5509,3780
5510,2866
5511,2261
5512,2973
5513,2443
5514,2510
5515,2905
5516,2156
5517,1637
5518,2296
5519,2760
5520,2752
5521,2745
5522,2744
5523,3649
5524,3147
5525,2478
5526,1635
5527,1921
5528,2469
5529,3407
5530,3613
5531,3062
5532,3247
5533,2242
5534,2269
5535,3573
5536,2805
5537,2756
5538,3128
5539,2491
5540,3030
5541,2844
5542,2351
5543,2981
5544,2695
5545,2960
5546,3709
5547,2115
5548,3566
5549,3357
5550,3503
5551,3571
5552,3921
5553,3043
5554,3544
5555,2092
5556,3146
5557,3432
5558,2230
5559,2339
5560,2963
5561,3447
5562,2183
5563,3314
5564,2519
5565,2845
5566,3422
5567,2567
5568,1366
5569,2399
5570,1701
5571,2186
5572,3335
5573,2464
5574,2167
5575,3085
5576,2733
5577,2271
5578,3079
5579,2294
5580,2532
5581,2237
5582,1888
5583,3512
5584,2903
5585,2407
5586,2548
5587,2622
5588,3221
5589,1678
5590,2175
5591,2051
5592,3092
5593,2532
5594,1593
5595,1623
5596,2306
5597,2847
5598,2036
5599,2975
5600,2708
5601,2138
5602,3398
5603,2874
5604,2619
5605,2928
5606,2332
5607,3827
5608,3208
5609,1908
5610,3039
5611,2553
5612,3298
5613,2882
5614,3357
5615,2891
5616,2491
5617,3281
5618,3287
5619,3316
5620,2205
5621,3297
5622,2183
5623,2433
5624,1659
5625,3097
5626,1971
5627,2835
5628,2795
5629,2774
5630,2085
5631,1868
5632,3067
5633,2452
5634,3693
5635,1927
5636,3345
5637,3189
5638,2419
5639,2047
5640,3418
5641,3696
5642,2241
5643,2768
5644,2802
5645,3641
5646,3058
5647,1939
5648,2431
5649,2900
5650,1420
5651,2546
5652,3382
5653,2432
5654,2350
5655,2671
5656,3397
5657,3471
5658,2652
5659,2815
5660,2812
5661,1843
5662,2869
5663,3005
5664,1294
5665,1604
5666,2863
5667,2316
5668,3449
5669,3413
5670,1785
5671,3066
5672,3225
5673,2373
5674,2691
5675,3638
5676,1960
5677,2468
5678,2123
5679,2287
5680,2863
5681,2160
5682,2252
5683,2883
5684,3187
5685,2458
5686,2744
5687,2032
5688,3269
5689,2058
5690,2385
5691,2486
5692,2583
5693,2960
5694,2374
5695,3350
5696,2446
5697,2338
5698,2547
5699,2453
5700,2802
5701,2579
5702,3167
5703,2420
5704,2826
5705,3365
5706,3266
5707,2223
5708,3393
5709,2549
5710,2570
5711,3073
5712,2799
5713,2624
5714,3215
5715,3704
5716,2352
5717,2939
5718,4074
5719,3879
5720,2398
5721,2872
5722,3793
5723,2714
5724,1878
5725,2503
5726,2666
5727,2971
5728,1837
5729,2782
5730,3277
5731,2297
5732,1945
5733,2707
5734,3470
5735,2619
5736,2603
5737,2668
5738,2834
5739,3444
5740,3250
5741,3026
5742,3017
5743,3601
5744,2052
5745,3412
5746,2658
5747,2473
5748,2882
5749,3478
5750,2994
5751,2597
5752,2379
5753,3798
5754,3083
5755,2912
5756,3728
5757,3139
5758,2838
5759,2082
5760,3749
5761,2533
5762,3265
5763,3154
5764,2692
5765,1973
5766,3919
5767,2546
5768,2759
5769,1858
5770,2854
5771,2474
5772,3208
5773,2281
5774,2483
5775,3484
5776,3505
5777,2364
5778,2900
5779,2714
5780,2362
5781,2794
5782,3079
5783,2658
5784,2247
5785,2579
5786,2909
5787,2746
5788,2694
5789,2127
5790,3101
5791,3608
5792,2661
5793,2438
5794,3351
5795,2641
5796,2438
5797,1848
5798,2527
5799,3187
5800,1141
5801,2897
5802,2446
5803,2403
5804,2566
5805,3251
5806,3146
5807,2639
5808,2272
5809,3005
5810,2553
5811,1721
5812,3502
5813,2820
5814,3882
5815,3450
5816,3131
5817,3028
5818,2323
5819,1933
5820,2373
5821,2430
5822,3580
5823,2766
5824,2117
5825,2794
5826,3738
5827,3377
5828,2835
5829,3264
5830,3388
5831,2402
5832,2501
5833,3792
5834,2666
5835,2490
5836,3555
5837,2397
5838,2350
5839,2921
5840,3900
5841,3016
5842,3207
5843,2666
5844,2594
5845,3814
5846,2871
5847,2560
5848,3340
5849,3163
5850,2572
5851,3224
5852,3700
5853,2473
5854,2291
5855,1192
5856,3205
5857,2583
5858,2825
5859,2847
5860,1887
5861,3219
5862,1745
5863,3037
5864,3351
5865,2794
5866,2900
5867,3937
5868,2658
5869,3861
5870,3357
5871,3073
5872,3517
5873,2907
5874,2504
5875,2859
5876,2462
5877,3540
5878,3211
5879,3080
5880,2220
5881,3328
5882,3100
5883,3128
5884,3001
5885,3277
5886,1741
5887,3355
5888,2745
5889,3178
5890,1727
5891,2821
5892,2277
5893,2998
5894,2323
5895,3111
5896,2735
5897,2781
5898,1602
5899,3480
5900,3011
5901,2009
5902,2318
5903,3283
5904,2486
5905,3539
5906,3085
5907,2110
5908,2453
5909,2152
5910,2850
5911,2108
5912,1880
5913,3159
5914,2932
5915,3208
5916,3446
5917,2052
5918,1846
5919,3144
5920,2527
5921,2660
5922,2738
5923,3712
5924,3138
5925,3345
5926,2825
5927,2635
5928,2579
5929,3730
5930,3250
5931,1665
5932,1735
5933,2698
5934,2074
5935,2741
5936,3354
5937,2789
5938,2747
5939,3518
5940,2901
5941,2919
5942,1454
5943,2405
5944,2528
5945,2553
5946,2589
5947,2548
5948,2463
5949,2661
5950,4392
5951,2877
5952,2272
5953,1875
5954,2674
5955,3027
5956,3773
5957,1689
5958,3053
5959,2205
5960,2556
5961,3039
5962,3127
5963,1435
5964,2317
5965,3512
5966,2484
5967,2269
5968,2378
5969,1924
5970,1172
5971,3137
5972,2480
5973,2643
5974,2977
5975,2918
5976,2986
5977,1848
5978,3084
5979,2962
5980,3161
5981,1281
5982,2405
5983,3267
5984,3077
5985,3368
5986,2237
5987,2647
5988,3331
5989,1802
5990,2960
5991,3034
5992,2209
5993,3005
5994,2531
5995,3858
5996,3451
5997,2830
5998,2536
5999,2779
6000,2969
6001,3221
6002,2955
6003,3352
6004,2177
6005,2951
6006,3069
6007,3807
6008,2552
6009,3409
6010,2413
6011,3073
6012,2040
6013,2849
6014,3754
6015,3325
6016,2924
6017,2542
6018,3145
6019,2642
6020,2899
6021,3157
6022,2773
6023,3751
6024,3535
6025,3973
6026,3004
6027,1925
6028,2168
6029,3278
6030,3202
6031,1602
6032,2720
6033,2854
6034,2986
6035,3760
6036,2407
6037,2337
6038,1908
6039,2496
6040,1980
6041,3090
6042,1850
6043,2865
6044,3021
6045,3387
6046,2134
6047,2586
6048,3375
6049,2618
6050,4389
6051,2257
6052,2070
6053,3108
6054,3051
6055,2909
6056,3109
6057,2951
6058,2326
6059,2500
6060,2828
6061,2796
6062,2420
6063,1827
6064,2501
6065,3819
6066,2720
6067,2986
6068,3596
6069,2446
6070,2912
6071,3626
6072,2995
6073,3366
6074,3336
6075,3582
6076,2607
6077,2237
6078,2657
6079,2893
6080,1486
6081,2637
6082,2416
6083,2675
6084,2688
6085,2730
6086,2626
6087,1763
6088,3104
6089,2534
6090,2412
6091,2308
6092,3503
6093,2345
6094,3127
6095,2681
6096,4116
6097,3508
6098,3040
6099,3224
6100,2785
6101,2858
6102,2354
6103,2605
6104,2636
6105,2768
6106,2268
6107,2683
6108,3295
6109,2492
6110,3357
6111,1771
6112,3606
6113,3027
6114,2602
6115,2526
6116,2902
6117,3073
6118,2784
6119,1366
6120,2379
6121,2759
6122,2928
6123,3178
6124,3626
6125,3137
6126,2224
6127,1869
6128,3132
6129,3301
6130,2023
6131,3133
6132,3832
6133,2553
6134,2117
6135,1643
6136,3340
6137,2248
6138,2763
6139,3386
6140,2306
6141,2746
6142,3075
6143,2731
6144,3271
6145,3763
6146,2780
6147,2081
6148,3008
6149,3427
6150,3902
6151,4271
6152,3409
6153,3276
6154,2377
6155,2710
6156,3434
6157,2911
6158,1973
6159,3039
6160,2471
6161,2369
6162,2498
6163,3851
6164,2412
6165,2787
6166,2616
6167,3763
6168,2828
6169,2442
6170,2827
6171,3524
6172,2510
6173,2230
6174,2589
6175,2145
6176,2017
6177,1997
6178,2743
6179,3005
6180,2398
6181,2688
6182,1600
6183,1620
6184,2445
6185,2881
6186,2638
6187,3074
6188,2729
6189,3505
6190,3007
6191,2509
6192,3050
6193,2691
6194,3002
6195,2767
6196,2459
6197,2954
6198,3856
6199,2460
6200,2505
6201,3169
6202,2004
6203,2214
6204,2423
6205,2088
6206,2467
6207,2680
6208,1371
6209,3344
6210,2918
6211,2855
6212,3768
6213,2443
6214,2913
6215,2487
6216,1711
6217,2792
6218,3723
6219,2852
6220,2510
6221,3221
6222,2393
6223,2611
6224,1928
6225,2468
6226,2692
6227,2311
6228,2831
6229,2387
6230,3510
6231,2527
6232,3716
6233,2732
6234,2038
6235,1398
6236,2750
6237,2146
6238,3318
6239,3164
6240,1777
6241,3656
6242,1583
6243,3060
6244,2825
6245,2766
6246,2359
6247,3079
6248,3250
6249,2320
6250,3243
6251,2937
6252,2125
6253,2102
6254,2663
6255,3655
6256,3339
6257,2254
6258,3373
6259,3148
6260,2514
6261,1834
6262,3575
6263,2942
6264,2474
6265,2582
6266,2537
6267,3272
6268,3574
6269,2605
6270,3421
6271,2928
6272,2660
6273,2271
6274,3358
6275,3767
6276,3244
6277,2527
6278,3276
6279,2664
6280,2727
6281,2778
6282,2553
6283,4211
6284,2368
6285,3261
6286,2499
6287,2981
6288,2251
6289,1033
6290,2969
6291,3335
6292,2499
6293,3336
6294,2250
6295,3414
6296,2539
6297,3730
6298,2607
6299,3393
6300,3143
6301,1866
6302,3509
6303,2062
6304,3726
6305,2019
6306,2968
6307,2268
6308,2111
6309,2436
6310,1618
6311,4109
6312,2693
6313,2145
6314,3374
6315,3044
6316,2039
6317,3260
6318,3538
6319,2657
6320,2612
6321,2441
6322,2899
6323,2566
6324,2490
6325,3253
6326,4125
6327,2417
6328,2747
6329,2874
6330,3401
6331,2325
6332,2461
6333,2616
6334,2964
6335,2880
6336,3027
6337,3489
6338,2319
6339,2892
6340,3815
6341,2550
6342,3641
6343,2553
6344,3602
6345,3007
6346,2647
6347,2648
6348,3390
6349,3153
6350,4272
6351,2728
6352,3080
6353,2280
6354,2673
6355,2827
6356,2784
6357,2911
6358,3735
6359,1970
6360,2370
6361,2405
6362,2719
6363,3658
6364,1842
6365,1478
6366,2200
6367,4068
6368,2849
6369,2080
6370,4016
6371,3462
6372,2355
6373,3215
6374,2392
6375,2341
6376,3592
6377,2751
6378,2203
6379,2428
6380,2969
6381,3063
6382,3323
6383,2936
6384,3340
6385,1963
6386,2283
6387,2093
6388,2241
6389,3068
6390,2941
6391,3410
6392,3268
6393,2582
6394,2889
6395,2958
6396,2729
6397,3499
6398,3508
6399,2301
6400,3065
6401,1749
6402,2509
6403,2830
6404,3361
6405,3340
6406,3287
6407,3087
6408,3152
6409,3087
6410,2973
6411,2544
6412,3303
6413,2429
6414,2501
6415,3014
6416,3128
6417,2936
6418,3553
6419,2311
6420,2222
6421,3817
6422,1693
6423,2905
6424,3848
6425,2864
6426,3241
6427,2386
6428,2458
6429,2937
6430,3651
6431,3560
6432,3775
6433,2449
6434,1845
6435,3763
6436,2743
6437,2721
6438,4063
6439,3119
6440,2961
6441,3000
6442,3064
6443,2514
6444,2698
6445,3732
6446,2506
6447,2606
6448,2647
6449,2972
6450,2707
6451,2026
6452,2186
6453,3653
6454,3879
6455,2357
6456,2644
6457,3095
6458,2899
6459,1679
6460,1235
6461,2661
6462,2442
6463,2378
6464,3806
6465,1934
6466,2409
6467,2971
6468,3598
6469,3076
6470,2895
6471,2492
6472,1875
6473,2187
6474,3052
6475,2605
6476,3211
6477,2801
6478,2093
6479,2584
6480,1957
6481,2526
6482,1861
6483,1809
6484,3347
6485,2714
6486,2774
6487,1860
6488,3000
6489,4177
6490,2544
6491,2341
6492,3130
6493,1829
6494,2531
6495,1850
6496,3342
6497,3587
6498,2700
6499,1871
6500,2392
6501,2442
6502,1204
6503,1862
6504,2104
6505,1803
6506,3381
6507,2309
6508,3605
6509,2574
6510,2793
6511,3213
6512,3641
6513,3536
6514,2122
6515,2541
6516,2726
6517,2927
6518,2449
6519,2874
6520,2800
6521,3169
6522,3510
6523,3328
6524,2622
6525,2807
6526,2777
6527,3639
6528,2382
6529,2378
6530,3687
6531,3099
6532,2446
6533,3409
6534,2157
6535,3043
6536,3498
6537,2692
6538,3367
6539,3822
6540,3105
6541,3049
6542,2585
6543,3563
6544,2081
6545,2553
6546,2435
6547,3402
6548,2827
6549,1113
6550,2877
6551,1854
6552,2820
6553,2181
6554,2792
6555,3893
6556,2719
6557,2988
6558,2396
6559,2763
6560,1797
6561,2537
6562,3269
6563,2486
6564,2801
6565,2657
6566,1517
6567,4435
6568,4254
6569,3566
6570,2809
6571,2305
6572,2565
6573,2814
6574,2750
6575,1012
6576,2514
6577,2588
6578,2863
6579,3081
6580,2708
6581,2069
6582,2847
6583,3510
6584,3221
6585,3134
6586,3619
6587,2548
6588,3373
6589,2414
6590,2975
6591,2625
6592,3408
6593,3333
6594,2897
6595,3472
6596,2276
6597,2135
6598,3076
6599,2123
6600,2694
6601,4166
6602,3305
6603,2456
6604,2677
6605,1623
6606,3415
6607,2617
6608,2530
6609,3771
6610,2634
6611,2828
6612,1357
6613,2714
6614,2467
6615,3651
6616,2624
6617,2799
6618,3251
6619,3789
6620,3092
6621,3320
6622,3041
6623,2586
6624,4063
6625,2051
6626,2096
6627,3068
6628,4091
6629,2489
6630,3023
6631,2266
6632,2854
6633,2324
6634,3451
6635,3188
6636,2781
6637,3278
6638,2143
6639,3875
6640,1877
6641,4093
6642,2604
6643,3598
6644,3782
6645,3192
6646,2587
6647,2708
6648,2025
6649,3215
6650,2559
6651,3890
6652,2794
6653,2690
6654,3252
6655,2989
6656,2514
6657,1814
6658,2982
6659,2941
6660,3101
6661,1798
6662,2030
6663,2795
6664,2631
6665,2622
6666,2573
6667,2670
6668,2286
6669,1732
6670,2411
6671,3385
6672,1603
6673,2361
6674,2879
6675,3888
6676,2595
6677,2126
6678,3296
6679,2237
6680,2417
6681,1660
6682,3000
6683,2137
6684,1744
6685,2790
6686,3349
6687,2769
6688,2483
6689,2582
6690,1417
6691,2864
6692,2303
6693,2604
6694,2686
6695,2612
6696,3132
6697,2826
6698,3227
6699,2174
6700,3478
6701,2008
6702,2884
6703,2893
6704,2560
6705,3398
6706,2540
6707,3098
6708,2576
6709,3043
6710,2937
6711,1998
6712,3174
6713,2915
6714,3160
6715,3344
6716,2860
6717,2381
6718,3642
6719,2288
6720,2007
6721,2137
6722,3245
6723,2894
6724,2910
6725,3007
6726,2342
6727,2533
6728,2005
6729,3021
6730,2598
6731,2759
6732,2733
6733,2280
6734,2487
6735,2967
6736,3025
6737,3071
6738,2371
6739,2924
6740,2952
6741,2216
6742,2888
6743,2696
6744,3215
6745,2829
6746,3314
6747,2490
6748,2082
6749,2512
6750,2419
6751,2806
6752,3013
6753,2336
6754,3606
6755,3946
6756,2244
6757,2508
6758,2162
6759,3033
6760,2794
6761,2325
6762,3373
6763,2495
6764,2258
6765,2712
6766,3447
6767,1879
6768,2783
6769,3312
6770,3040
6771,1849
6772,3584
6773,2507
6774,2634
6775,2901
6776,3198
6777,2401
6778,1195
6779,3245
6780,3485
6781,3894
6782,1996
6783,3488
6784,2790
6785,3420
6786,2522
6787,2591
6788,3008
6789,3925
6790,2892
6791,2060
6792,3238
6793,2517
6794,3071
6795,2839
6796,2113
6797,3782
6798,2941
6799,1890
6800,2400
6801,2718
6802,3760
6803,3186
6804,2916
6805,3166
6806,3043
6807,2854
6808,2813
6809,2733
6810,2595
6811,1789
6812,2718
6813,2744
6814,2799
6815,2708
6816,2192
6817,2332
6818,2330
6819,2560
6820,3271
6821,3669
6822,1372
6823,2491
6824,2800
6825,2748
6826,2469
6827,2921
6828,3141
6829,2883
6830,2429
6831,2498
6832,3508
6833,3002
6834,3043
6835,3656
6836,2756
6837,2453
6838,2509
6839,2394
6840,2913
6841,1898
6842,2820
6843,2068
6844,2340
6845,2382
6846,2457
6847,2929
6848,2852
6849,2679
6850,2764
6851,2538
6852,1577
6853,2604
6854,2203
6855,3191
6856,2888
6857,2966
6858,2340
6859,3104
6860,2068
6861,2646
6862,3188
6863,2765
6864,1764
6865,2261
6866,2780
6867,2754
6868,3123
6869,3397
6870,2400
6871,2572
6872,3112
6873,3010
6874,3010
6875,3251
6876,2397
6877,3019
6878,1927
6879,1507
6880,2585
6881,3240
6882,3384
6883,2851
6884,2439
6885,2012
6886,2916
6887,2005
6888,2597
6889,2879
6890,2957
6891,2891
6892,2269
6893,3035
6894,2629
6895,3039
6896,2972
6897,2698
6898,3278
6899,1770
6900,2192
6901,3349
6902,3331
6903,2513
6904,2911
6905,1865
6906,2664
6907,1965
6908,2049
6909,1894
6910,3035
6911,1873
6912,2883
6913,3349
6914,2965
6915,2362
6916,2858
6917,3172
6918,3279
6919,4154
6920,2280
6921,2261
6922,2396
6923,2895
6924,1894
6925,3095
6926,2868
6927,2314
6928,2577
6929,3007
6930,1771
6931,3240
6932,2782
6933,3772
6934,3313
6935,2623
6936,2783
6937,2911
6938,3357
6939,2654
6940,3265
6941,2753
6942,3235
6943,3046
6944,2739
6945,3079
6946,2654
6947,3238
6948,2987
6949,2569
6950,2375
6951,3066
6952,1398
6953,2117
6954,2663
6955,2311
6956,3765
6957,3181
6958,2527
6959,2468
6960,3420
6961,3277
6962,2513
6963,2508
6964,2496
6965,2040
6966,3078
6967,2821
6968,2594
6969,1950
6970,2162
6971,2858
6972,3074
6973,2650
6974,3473
6975,2602
6976,3031
6977,2656
6978,2137
6979,2483
6980,1640
6981,3257
6982,2445
6983,2659
6984,2690
6985,3035
6986,2986
6987,2736
6988,2180
6989,2899
6990,2629
6991,2667
6992,3576
6993,2640
6994,2946
6995,2408
6996,2721
6997,2454
6998,2638
6999,2902
7000,1949
7001,2336
7002,2456
7003,3829
7004,2938
7005,2517
7006,2627
7007,2356
7008,2974
7009,3463
7010,3635
7011,2657
7012,2705
7013,3054
7014,3265
7015,2156
7016,3604
7017,1769
7018,3285
7019,2365
7020,2390
7021,2933
7022,3301
7023,4118
7024,2709
7025,2645
7026,3274
7027,2902
7028,2735
7029,2704
7030,3678
7031,2696
7032,2823
7033,3502
7034,3116
7035,3142
7036,2858
7037,2397
7038,2328
7039,3329
7040,2140
7041,2645
7042,3359
7043,2536
7044,1818
7045,3250
7046,2992
7047,2909
7048,2561
7049,2398
7050,2424
7051,2358
7052,2137
7053,2718
7054,2692
7055,1098
7056,2229
7057,3024
7058,3357
7059,2617
7060,2201
7061,3282
7062,2912
7063,3328
7064,3715
7065,3598
7066,1991
7067,2415
7068,2068
7069,2608
7070,3050
7071,2960
7072,3006
7073,2782
7074,2212
7075,2529
7076,2398
7077,3026
7078,3232
7079,2920
7080,2736
7081,2514
7082,2385
7083,3545
7084,2488
7085,2695
7086,3280
7087,3040
7088,2590
7089,2293
7090,2646
7091,2886
7092,1950
7093,2613
7094,2138
7095,3012
7096,1920
7097,2844
7098,2935
7099,2299
7100,2672
7101,2955
7102,2419
7103,3377
7104,2408
7105,2710
7106,3369
7107,2416
7108,3619
7109,1626
7110,2807
7111,3773
7112,1493
7113,3594
7114,2132
7115,2903
7116,1540
7117,1718
7118,1729
7119,2932
7120,3416
7121,3416
7122,1994
7123,2261
7124,2950
7125,3771
7126,2026
7127,2849
7128,2295
7129,3427
7130,3012
7131,3011
7132,1669
7133,2774
7134,3228
7135,1880
7136,3044
7137,2541
7138,1983
7139,2570
7140,3167
7141,2454
7142,1888
7143,3493
7144,3243
7145,2627
7146,3543
7147,2444
7148,2748
7149,2416
7150,2392
7151,2764
7152,2923
7153,2463
7154,2816
7155,3183
7156,3243
7157,2149
7158,2988
7159,3421
7160,3425
7161,3859
7162,3033
7163,3211
7164,2044
7165,1951
7166,3173
7167,2870
7168,2297
7169,2737
7170,2888
7171,3336
7172,2410
7173,3827
7174,1786
7175,2354
7176,2940
7177,2349
7178,2456
7179,1361
7180,2861
7181,2874
7182,3065
7183,3107
7184,2616
7185,2394
7186,2879
7187,3053
7188,3923
7189,2859
7190,2611
7191,3485
7192,2217
7193,2912
7194,4000
7195,2464
7196,2855
7197,1972
7198,3093
7199,2523
7200,2542
7201,3000
7202,1599
7203,1745
7204,1712
7205,2221
7206,3831
7207,1983
7208,2603
7209,3185
7210,3270
7211,2886
7212,2505
7213,2692
7214,1882
7215,2312
7216,3407
7217,2646
7218,3424
7219,2237
7220,3000
7221,2629
7222,2852
7223,2797
7224,2420
7225,3161
7226,2152
7227,2296
7228,3132
7229,2425
7230,3212
7231,2017
7232,2948
7233,3083
7234,3033
7235,2362
7236,3351
7237,1888
7238,2233
7239,1572
7240,1684
7241,2351
7242,2149
7243,3149
7244,2631
7245,2755
7246,2663
7247,2438
7248,3166
7249,2584
7250,1967
7251,2853
7252,3518
7253,2029
7254,2401
7255,2012
7256,1946
7257,3267
7258,2467
7259,2309
7260,3280
7261,2359
7262,2816
7263,3717
7264,2459
7265,3176
7266,2843
7267,2477
7268,2241
7269,1579
7270,2234
7271,3671
7272,3015
7273,2241
7274,2547
7275,3257
7276,2690
7277,3439
7278,2364
7279,1377
7280,2357
7281,3505
7282,3090
7283,2337
7284,2766
7285,3303
7286,2505
7287,2858
7288,2477
7289,2715
7290,2798
7291,3063
7292,2121
7293,2728
7294,2409
7295,2362
7296,2474
7297,3318
7298,2774
7299,3240
7300,2145
7301,2556
7302,3554
7303,3578
7304,2731
7305,3239
7306,3769
7307,3619
7308,2329
7309,2479
7310,1850
7311,3035
7312,3559
7313,2897
7314,2618
7315,3155
7316,3341
7317,3145
7318,3045
7319,2736
7320,3458
7321,2618
7322,2395
7323,3577
7324,3952
7325,2464
7326,3641
7327,2708
7328,3103
7329,2930
7330,2702
7331,2352
7332,3207
7333,2838
7334,2773
7335,3228
7336,1984
7337,1868
7338,3162
7339,2174
7340,2956
7341,1631
7342,1994
7343,3077
7344,2220
7345,1808
7346,2123
7347,2866
7348,2888
7349,3242
7350,2628
7351,3404
7352,1781
7353,3294
7354,3017
7355,3694
7356,2534
7357,3117
7358,2850
7359,2470
7360,2480
7361,4136
7362,2668
7363,2651
7364,4234
7365,4013
7366,3088
7367,1595
7368,3066
7369,1714
7370,2107
7371,2641
7372,2497
7373,3172
7374,2925
7375,3047
7376,2854
7377,3434
7378,3729
7379,2588
7380,2286
7381,3403
7382,2624
7383,2015
7384,3060
7385,2675
7386,1777
7387,2260
7388,3801
7389,2678
7390,3086
7391,3025
7392,2448
7393,2890
7394,2466
7395,2126
7396,2983
7397,3092
7398,2097
7399,3094
7400,2238
7401,3470
7402,2362
7403,3704
7404,2630
7405,2525
7406,1878
7407,2556
7408,2291
7409,3293
7410,3595
7411,2311
7412,2295
7413,2985
7414,3272
7415,1991
7416,1891
7417,2835
7418,2676
7419,2547
7420,3544
7421,3305
7422,2221
7423,3528
7424,1668
7425,2578
7426,1984
7427,3076
7428,2902
7429,4220
7430,2089
7431,3061
7432,2327
7433,2737
7434,3029
7435,2583
7436,1978
7437,2485
7438,3764
7439,3418
7440,3782
7441,3246
7442,2633
7443,2355
7444,2872
7445,2827
7446,2908
7447,2906
7448,1976
7449,2889
7450,2669
7451,2792
7452,1311
7453,3060
7454,3495
7455,2139
7456,2410
7457,3502
7458,2773
7459,2437
7460,3263
7461,2270
7462,2789
7463,3072
7464,2879
7465,2832
7466,3385
7467,1819
7468,2443
7469,3230
7470,3287
7471,2574
7472,2545
7473,2486
7474,2064
7475,2983
7476,2751
7477,2150
7478,3199
7479,2486
7480,2418
7481,3038
7482,2642
7483,3225
7484,2655
7485,2416
7486,2213
7487,2957
7488,2769
7489,2646
7490,2191
7491,2613
7492,3216
7493,2491
7494,2684
7495,2895
7496,2692
7497,3265
7498,3790
7499,3077
7500,3161
7501,2139
7502,2303
7503,3396
7504,2753
7505,2848
7506,2586
7507,2839
7508,3564
7509,2593
7510,2507
7511,2649
7512,2480
7513,1794
7514,2290
7515,2509
7516,2961
7517,2363
7518,2416
7519,2778
7520,1874
7521,2723
7522,2207
7523,1800
7524,3800
7525,2899
7526,2619
7527,2346
7528,2328
7529,2813
7530,3452
7531,2558
7532,2982
7533,2047
7534,2456
7535,3262
7536,2364
7537,3873
7538,2558
7539,2460
7540,3085
7541,2572
7542,2320
7543,2621
7544,2502
7545,2706
7546,3450
7547,3651
7548,2189
7549,3092
7550,3285
7551,2071
7552,2045
7553,1843
7554,2399
7555,1752
7556,3087
7557,2870
7558,3740
7559,3313
7560,2907
7561,2634
7562,2249
7563,2302
7564,3278
7565,3027
7566,3211
7567,4379
7568,2100
7569,3186
7570,3529
7571,1431
7572,3200
7573,3102
7574,2244
7575,1939
7576,2511
7577,2345
7578,3532
7579,2770
7580,3251
7581,2151
7582,2242
7583,2334
7584,2731
7585,2619
7586,2737
7587,3244
7588,2618
7589,2207
7590,2796
7591,3815
7592,1951
7593,3638
7594,2683
7595,3318
7596,3694
7597,2589
7598,2741
7599,2047
7600,2864
7601,2854
7602,2458
7603,2917
7604,3247
7605,3408
7606,2442
7607,2199
7608,2609
7609,3500
7610,3717
7611,3501
7612,2773
7613,3359
7614,3537
7615,3632
7616,3519
7617,3401
7618,3279
7619,1762
7620,2974
7621,2544
7622,2498
7623,3750
7624,2017
7625,1293
7626,2723
7627,2559
7628,2769
7629,2670
7630,2313
7631,2694
7632,3296
7633,2393
7634,4348
7635,3300
7636,2753
7637,2496
7638,1953
7639,2511
7640,3458
7641,1949
7642,2646
7643,3597
7644,3172
7645,3072
7646,4024
7647,2163
7648,2630
7649,2271
7650,2622
7651,2809
7652,1753
7653,3371
7654,2382
7655,2601
7656,3405
7657,2867
7658,2998
7659,3287
7660,3627
7661,1982
7662,2582
7663,2178
7664,3181
7665,2920
7666,2355
7667,2712
7668,3301
7669,2861
7670,3058
7671,2462
7672,3400
7673,3374
7674,3568
7675,2533
7676,2352
7677,2597
7678,1887
7679,2892
7680,1780
7681,2948
7682,2937
7683,1232
7684,4218
7685,2007
7686,3154
7687,1925
7688,3603
7689,1900
7690,2278
7691,3353
7692,3294
7693,3547
7694,3107
7695,2620
7696,2074
7697,2938
7698,2910
7699,2041
7700,3098
7701,2360
7702,1839
7703,3484
7704,3834
7705,3066
7706,2138
7707,2341
7708,2099
7709,2641
7710,2491
7711,3484
7712,2017
7713,3615
7714,2662
7715,2547
7716,2497
7717,3394
7718,2946
7719,2047
7720,3870
7721,2656
7722,1951
7723,1858
7724,3938
7725,2711
7726,2584
7727,2301
7728,3613
7729,3553
7730,3417
7731,2778
7732,2627
7733,3127
7734,2738
7735,3157
7736,3541
7737,3217
7738,3452
7739,2603
7740,3271
7741,3038
7742,1765
7743,3142
7744,2075
7745,2727
7746,2325
7747,2474
7748,2155
7749,2197
7750,2257
7751,3299
7752,3251
7753,2932
7754,3012
7755,3228
7756,1928
7757,2552
7758,3408
7759,2275
7760,2904
7761,3639
7762,3054
7763,2721
7764,2926
7765,1712
7766,2454
7767,2992
7768,3057
7769,2277
7770,2715
7771,2895
7772,2733
7773,2190
7774,2909
7775,2643
7776,2500
7777,3611
7778,2990
7779,3991
7780,2340
7781,3451
7782,3467
7783,2026
7784,2699
7785,2329
7786,2442
7787,2702
7788,2490
7789,1878
7790,3128
7791,3797
7792,3288
7793,2966
7794,3424
7795,2859
7796,2097
7797,2777
7798,3438
7799,2927
7800,1942
7801,2679
7802,2746
7803,2331
7804,2038
7805,2894
7806,2481
7807,2811
7808,2244
7809,2199
7810,2929
7811,3193
7812,1884
7813,3645
7814,2832
7815,2155
7816,2428
7817,2923
7818,3220
7819,3088
7820,2544
7821,2355
7822,3356
7823,2378
7824,2552
7825,2631
7826,2256
7827,2498
7828,3747
7829,3160
7830,3170
7831,3341
7832,2583
7833,2409
7834,2449
7835,1883
7836,2441
7837,3602
7838,2964
7839,2256
7840,3199
7841,2732
7842,3253
7843,2591
7844,2650
7845,3032
7846,2943
7847,2073
7848,2321
7849,2384
7850,2661
7851,2345
7852,3598
7853,2115
7854,3536
7855,2378
7856,2576
7857,3448
7858,2015
7859,2396
7860,3571
7861,2034
7862,2500
7863,2295
7864,2428
7865,3210
7866,2905
7867,1204
7868,4227
7869,3481
7870,2740
7871,1817
7872,2501
7873,1972
7874,2644
7875,1997
7876,3710
7877,3486
7878,3133
7879,3040
7880,2885
7881,2932
7882,2544
7883,2019
7884,2216
7885,3572
7886,2902
7887,3210
7888,2953
7889,2986
7890,3200
7891,3184
7892,3185
7893,3113
7894,3003
7895,2990
7896,2921
7897,2311
7898,2760
7899,2997
7900,2837
7901,2293
7902,2467
7903,2439
7904,2648
7905,2775
7906,2584
7907,2537
7908,2747
7909,3008
7910,2674
7911,2571
7912,1991
7913,3315
7914,3605
7915,2955
7916,2670
7917,2805
7918,2662
7919,2445
7920,2722
7921,1487
7922,2704
7923,3879
7924,2094
7925,2905
7926,2937
7927,3570
7928,2913
7929,2346
7930,3386
7931,2114
7932,2141
7933,3745
7934,1863
7935,2356
7936,2222
7937,2778
7938,1890
7939,1763
7940,2672
7941,2792
7942,3211
7943,3145
7944,2621
7945,3543
7946,2949
7947,2983
7948,2650
7949,2324
7950,2525
7951,2269
7952,2083
7953,3049
7954,3096
7955,3245
7956,3150
7957,2941
7958,2685
7959,2294
7960,1577
7961,2972
7962,3122
7963,3731
7964,3064
7965,2668
7966,3477
7967,2604
7968,2894
7969,3317
7970,3224
7971,3480
7972,2691
7973,2010
7974,2225
7975,2995
7976,2513
7977,2126
7978,2419
7979,2701
7980,3423
7981,2585
7982,2672
7983,2686
7984,2658
7985,2208
7986,2627
7987,2467
7988,1674
7989,3269
7990,2290
7991,3764
7992,2724
7993,2101
7994,3353
7995,2215
7996,3173
7997,3777
7998,2006
7999,2720
8000,1961
8001,3013
8002,2506
8003,3345
8004,2103
8005,3043
8006,3475
8007,3242
8008,2492
8009,3106
8010,2951
8011,2744
8012,3863
8013,2537
8014,2850
8015,3762
8016,2656
8017,2663
8018,2026
8019,3969
8020,2684
8021,3056
8022,2805
8023,3646
8024,1948
8025,2822
8026,3448
8027,4507
8028,2981
8029,2478
8030,3123
8031,2973
8032,2072
8033,3134
8034,2899
8035,3229
8036,2608
8037,3541
8038,3123
8039,3059
8040,2798
8041,2652
8042,3669
8043,1336
8044,3378
8045,2888
8046,2707
8047,2881
8048,2788
8049,2478
8050,3089
8051,2949
8052,3230
8053,3722
8054,2087
8055,2477
8056,2697
8057,3410
8058,2842
8059,2771
8060,2558
8061,3375
8062,3635
8063,3255
8064,2293
8065,3220
8066,1723
8067,2551
8068,1959
8069,2162
8070,3432
8071,3443
8072,3178
8073,2878
8074,2959
8075,1820
8076,2741
8077,2900
8078,2521
8079,2335
8080,3294
8081,3105
8082,2640
8083,2894
8084,2733
8085,3670
8086,2616
8087,2639
8088,2118
8089,2866
8090,2591
8091,3132
8092,3215
8093,2027
8094,2743
8095,3436
8096,2326
8097,2544
8098,2358
8099,2683
8100,1715
8101,2564
8102,3988
8103,3351
8104,3458
8105,3189
8106,2504
8107,2397
8108,2624
8109,3193
8110,2527
8111,2133
8112,3482
8113,2485
8114,2909
8115,2640
8116,2365
8117,2854
8118,2705
8119,2838
8120,1793
8121,3187
8122,2426
8123,2078
8124,2241
8125,2931
8126,2811
8127,2105
8128,3649
8129,3689
8130,2618
8131,2192
8132,3176
8133,2520
8134,2352
8135,3355
8136,2937
8137,2277
8138,3267
8139,2781
8140,3516
8141,3258
8142,3181
8143,3575
8144,2970
8145,3824
8146,2597
8147,2966
8148,2551
8149,3058
8150,2643
8151,2988
8152,3220
8153,2793
8154,2133
8155,2966
8156,2472
8157,2894
8158,2848
8159,2899
8160,3331
8161,3894
8162,2212
8163,3566
8164,2885
8165,2061
8166,3332
8167,3112
8168,1827
8169,2264
8170,3381
8171,2929
8172,1980
8173,2194
8174,3356
8175,2217
8176,1570
8177,2354
8178,2899
8179,3205
8180,2312
8181,2050
8182,1977
8183,2939
8184,3330
8185,2375
8186,3388
8187,2513
8188,2450
8189,2659
8190,3130
8191,1636
8192,2185
8193,2840
8194,3521
8195,3244
8196,2690
8197,2921
8198,2730
8199,2904
8200,3850
8201,2740
8202,2693
8203,3584
8204,2436
8205,2612
8206,2808
8207,3169
8208,2857
8209,2951
8210,3987
8211,2949
8212,2019
8213,2748
8214,1705
8215,2632
8216,2061
8217,3407
8218,3310
8219,1883
8220,2391
8221,2362
8222,3164
8223,2731
8224,2621
8225,2429
8226,2918
8227,2801
8228,3062
8229,3012
8230,4349
8231,2101
8232,2169
8233,1446
8234,3544
8235,2631
8236,3560
8237,2584
8238,2556
8239,3291
8240,2421
8241,3168
8242,3041
8243,1748
8244,1736
8245,3302
8246,2988
8247,3717
8248,3177
8249,2235
8250,3317
8251,3282
8252,2016
8253,2961
8254,3004
8255,3424
8256,3052
8257,2651
8258,3998
8259,2604
8260,1798
8261,2736
8262,2777
8263,3773
8264,3210
8265,2244
8266,2380
8267,2295
8268,2658
8269,3685
8270,2431
8271,1572
8272,2933
8273,3163
8274,3340
8275,2096
8276,1475
8277,2193
8278,3118
8279,3774
8280,3227
8281,3296
8282,3021
8283,3453
8284,1625
8285,1701
8286,2706
8287,2316
8288,2853
8289,3208
8290,2945
8291,3499
8292,2793
8293,3344
8294,2466
8295,4137
8296,3393
8297,2597
8298,2656
8299,3323
8300,3261
8301,3135
8302,2824
8303,3081
8304,2905
8305,2626
8306,2362
8307,2398
8308,3005
8309,3737
8310,2304
8311,2325
8312,2720
8313,2762
8314,2608
8315,3665
8316,1861
8317,2520
8318,2844
8319,3183
8320,2788
8321,2381
8322,2965
8323,2095
8324,2224
8325,2314
8326,1904
8327,1610
8328,3059
8329,1914
8330,3198
8331,2853
8332,3209
8333,2655
8334,2787
8335,2831
8336,2734
8337,2315
8338,2640
8339,2112
8340,3705
8341,3357
8342,2640
8343,1955
8344,2095
8345,3561
8346,3115
8347,3670
8348,2924
8349,2139
8350,3407
8351,2335
8352,3216
8353,1707
8354,1928
8355,2518
8356,2060
8357,2182
8358,3135
8359,3463
8360,3260
8361,3547
8362,2651
8363,3065
8364,2923
8365,2950
8366,3004
8367,2190
8368,3301
8369,2758
8370,2670
8371,3149
8372,3184
8373,2708
8374,2302
8375,2772
8376,2783
8377,2391
8378,1921
8379,2682
8380,2750
8381,1880
8382,2376
8383,2589
8384,2879
8385,2322
8386,3550
8387,3922
8388,3140
8389,3206
8390,2630
8391,2393
8392,2455
8393,3176
8394,2875
8395,3195
8396,2833
8397,2680
8398,3043
8399,2557
8400,2331
8401,3521
8402,1611
8403,3232
8404,2077
8405,1902
8406,3586
8407,2884
8408,3106
8409,2617
8410,2066
8411,2461
8412,2177
8413,2596
8414,3563
8415,2403
8416,3500
8417,3707
8418,4394
8419,1507
8420,2806
8421,3160
8422,3007
8423,3058
8424,3206
8425,2931
8426,2308
8427,2230
8428,3215
8429,2540
8430,2369
8431,3322
8432,1807
8433,2889
8434,3150
8435,1507
8436,2289
8437,1728
8438,2889
8439,4163
8440,2150
8441,3081
8442,2774
8443,2587
8444,3902
8445,2791
8446,1715
8447,2654
8448,3236
8449,2668
8450,2245
8451,2205
8452,3676
8453,2378
8454,2910
8455,2739
8456,2214
8457,1830
8458,2678
8459,3562
8460,2344
8461,3010
8462,3011
8463,3872
8464,3263
8465,2247
8466,2640
8467,2369
8468,2686
8469,2716
8470,2799
8471,3086
8472,3136
8473,1568
8474,3001
8475,2839
8476,3745
8477,2386
8478,2699
8479,2663
8480,3002
8481,2340
8482,1624
8483,2536
8484,3545
8485,2924
8486,1827
8487,2660
8488,2689
8489,2834
8490,2758
8491,3514
8492,2834
8493,2818
8494,2285
8495,4131
8496,3639
8497,2388
8498,3422
8499,1747
8500,2757
8501,2119
8502,2434
8503,3803
8504,2249
8505,3005
8506,2110
8507,2773
8508,1508
8509,2445
8510,4076
8511,1842
8512,2975
8513,2612
8514,3596
8515,2378
8516,3580
8517,1929
8518,2486
8519,3482
8520,3323
8521,2976
8522,3512
8523,3273
8524,2394
8525,2609
8526,2627
8527,2748
8528,2201
8529,1584
8530,2906
8531,2977
8532,2439
8533,2440
8534,2151
8535,3115
8536,1911
8537,1593
8538,2986
8539,2964
8540,3377
8541,2941
8542,1987
8543,3376
8544,2912
8545,2805
8546,2023
8547,3060
8548,2771
8549,3307
8550,2380
8551,2881
8552,2996
8553,1733
8554,3710
8555,3413
8556,2905
8557,2025
8558,2163
8559,3916
8560,3157
8561,3324
8562,2922
8563,2698
8564,2853
8565,2264
8566,2297
8567,2111
8568,3493
8569,3733
8570,3202
8571,2634
8572,2924
8573,2877
8574,1912
8575,2932
8576,2348
8577,2963
8578,1826
8579,3038
8580,2556
8581,2878
8582,2880
8583,3145
8584,2413
8585,2568
8586,3709
8587,2897
8588,2506
8589,2427
8590,1963
8591,2202
8592,3106
8593,2383
8594,2389
8595,3070
8596,2326
8597,3432
8598,1171
8599,2456
8600,3203
8601,2536
8602,3548
8603,3311
8604,2584
8605,3354
8606,1920
8607,3092
8608,3282
8609,3129
8610,2457
8611,3415
8612,2640
8613,3387
8614,3084
8615,3014
8616,3052
8617,2209
8618,2624
8619,2966
8620,2455
8621,3724
8622,3002
8623,3728
8624,3578
8625,2987
8626,3227
8627,3156
8628,2650
8629,3561
8630,3500
8631,2140
8632,2567
8633,2892
8634,3061
8635,3049
8636,3345
8637,3060
8638,2222
8639,2385
8640,2992
8641,3367
8642,2597
8643,2365
8644,3614
8645,3008
8646,2175
8647,3000
8648,3125
8649,1804
8650,2891
8651,3921
8652,2844
8653,2820
8654,2463
8655,2511
8656,2729
8657,2736
8658,3706
8659,2550
8660,2853
8661,3275
8662,2750
8663,3090
8664,2476
8665,3068
8666,1722
8667,2749
8668,2089
8669,2678
8670,2373
8671,2608
8672,1971
8673,3251
8674,2795
8675,2136
8676,2358
8677,2867
8678,2734
8679,2650
8680,2797
8681,2192
8682,2386
8683,2933
8684,3186
8685,3158
8686,3121
8687,2444
8688,2800
8689,2479
8690,3073
8691,2235
8692,2055
8693,2623
8694,1626
8695,2746
8696,2403
8697,3559
8698,2742
8699,3364
8700,2806
8701,3199
8702,2340
8703,3135
8704,3122
8705,1616
8706,3561
8707,3230
8708,3342
8709,3388
8710,2211
8711,2673
8712,2832
8713,3297
8714,2376
8715,2568
8716,4619
8717,3398
8718,3963
8719,2668
8720,2494
8721,2368
8722,2497
8723,3538
8724,2519
8725,2507
8726,2736
8727,1920
8728,3339
8729,2544
8730,3045
8731,2676
8732,2816
8733,3260
8734,2174
8735,3175
8736,2905
8737,2848
8738,2347
8739,2824
8740,2054
8741,2189
8742,2586
8743,2627
8744,1810
8745,2520
8746,2905
8747,2759
8748,2827
8749,2535
8750,3606
8751,2632
8752,2434
8753,2652
8754,3377
8755,2480
8756,4019
8757,2779
8758,2751
8759,2622
8760,2531
8761,2546
8762,3534
8763,3471
8764,2598
8765,3653
8766,3390
8767,2325
8768,2966
8769,2766
8770,2511
8771,2216
8772,3483
8773,2566
8774,2809
8775,2405
8776,2789
8777,2262
8778,2109
8779,2480
8780,1465
8781,3203
8782,3254
8783,2999
8784,3211
8785,2903
8786,2663
8787,3091
8788,2387
8789,2206
8790,2941
8791,3023
8792,3218
8793,2739
8794,3395
8795,3052
8796,3063
8797,3258
8798,3208
8799,2692
8800,3386
8801,3594
8802,2438
8803,2098
8804,1961
8805,2886
8806,2989
8807,2530
8808,2965
8809,3554
8810,2999
8811,3298
8812,3001
8813,2989
8814,2395
8815,2771
8816,3122
8817,2963
8818,2393
8819,3435
8820,3306
8821,2828
8822,1887
8823,2123
8824,2146
8825,3059
8826,2284
8827,2002
8828,3104
8829,2880
8830,2402
8831,2507
8832,2381
8833,2885
8834,2649
8835,2899
8836,2633
8837,3399
8838,3519
8839,1751
8840,2009
8841,3534
8842,2949
8843,2698
8844,2013
8845,4162
8846,2694
8847,3591
8848,2782
8849,2516
8850,3089
8851,1560
8852,2319
8853,2259
8854,3250
8855,4237
8856,2844
8857,4071
8858,2507
8859,2924
8860,2321
8861,3053
8862,3236
8863,2685
8864,2448
8865,2919
8866,3306
8867,2844
8868,3708
8869,3496
8870,1847
8871,3350
8872,3424
8873,2790
8874,2621
8875,1971
8876,3143
8877,1965
8878,2536
8879,2370
8880,2105
8881,3263
8882,3495
8883,2699
8884,3122
8885,2546
8886,2704
8887,3693
8888,2359
8889,2161
8890,2842
8891,3735
8892,2071
8893,3496
8894,3556
8895,2526
8896,2462
8897,2794
8898,3272
8899,2865
8900,3197
8901,3392
8902,2890
8903,3408
8904,2491
8905,3134
8906,2090
8907,1966
8908,1637
8909,2831
8910,2124
8911,2455
8912,2950
8913,2355
8914,1859
8915,2185
8916,2309
8917,2825
8918,1608
8919,3530
8920,2491
8921,3371
8922,2410
8923,1794
8924,2695
8925,2580
8926,2747
8927,3537
8928,1896
8929,3519
8930,1675
8931,4142
8932,2175
8933,2930
8934,2450
8935,2369
8936,1993
8937,2429
8938,2141
8939,3275
8940,2545
8941,2518
8942,2995
8943,2751
8944,1694
8945,3115
8946,2713
8947,2501
8948,2719
8949,3639
8950,3082
8951,3347
8952,2364
8953,2754
8954,2689
8955,1119
8956,3111
8957,2364
8958,2968
8959,3343
8960,3029
8961,2874
8962,2490
8963,2574
8964,2031
8965,2969
8966,1723
8967,3177
8968,2979
8969,3181
8970,2791
8971,3214
8972,2534
8973,2300
8974,2895
8975,2133
8976,3241
8977,3091
8978,3132
8979,2918
8980,3268
8981,4245
8982,3181
8983,2074
8984,2136
8985,2618
8986,2397
8987,1424
8988,3523
8989,3677
8990,2730
8991,2298
8992,1597
8993,3405
8994,2787
8995,3052
8996,2122
8997,2476
8998,2221
8999,3433
9000,3368
9001,3364
9002,2800
9003,3173
9004,2312
9005,2547
9006,1817
9007,2809
9008,2390
9009,2310
9010,2683
9011,3067
9012,2648
9013,2950
9014,2572
9015,2335
9016,3907
9017,2768
9018,2105
9019,3245
9020,2160
9021,2712
9022,3019
9023,1659
9024,2963
9025,3001
9026,2722
9027,2833
9028,2271
9029,2722
9030,2801
9031,2679
9032,3304
9033,2729
9034,2149
9035,1953
9036,3006
9037,978
9038,2885
9039,2183
9040,3421
9041,3514
9042,2060
9043,2751
9044,3378
9045,2192
9046,2282
9047,2276
9048,2407
9049,2534
9050,3024
9051,2825
9052,3663
9053,2697
9054,2553
9055,2884
9056,3414
9057,2970
9058,3183
9059,2147
9060,1987
9061,3139
9062,3603
9063,1364
9064,3716
9065,3472
9066,3931
9067,3189
9068,2232
9069,2410
9070,3521
9071,2728
9072,3084
9073,2258
9074,2462
9075,2025
9076,2370
9077,2574
9078,3179
9079,3401
9080,2311
9081,3225
9082,2160
9083,2179
9084,2455
9085,2670
9086,3319
9087,1653
9088,2874
9089,2071
9090,2412
9091,2877
9092,3110
9093,2579
9094,3183
9095,2875
9096,3298
9097,2814
9098,1927
9099,2921
9100,2394
9101,2252
9102,2119
9103,2553
9104,3640
9105,3333
9106,2291
9107,3063
9108,2602
9109,2918
9110,2583
9111,3068
9112,2940
9113,1726
9114,2234
9115,2797
9116,2870
9117,2335
9118,2815
9119,2487
9120,2861
9121,3978
9122,3074
9123,2490
9124,3270
9125,3262
9126,2237
9127,2366
9128,3776
9129,3419
9130,3260
9131,3990
9132,2897
9133,2933
9134,1547
9135,2444
9136,3763
9137,2450
9138,2824
9139,3115
9140,2667
9141,2131
9142,3270
9143,2639
9144,2460
9145,2713
9146,2967
9147,2856
9148,1872
9149,3214
9150,1864
9151,3668
9152,1889
9153,3444
9154,2824
9155,3472
9156,1695
9157,2878
9158,1825
9159,3270
9160,2149
9161,1789
9162,4123
9163,2337
9164,3225
9165,2061
9166,2873
9167,2165
9168,3926
9169,2316
9170,2959
9171,2537
9172,2932
9173,2890
9174,2723
9175,3092
9176,3182
9177,3371
9178,2989
9179,3148
9180,3262
9181,2288
9182,2149
9183,2895
9184,3202
9185,2147
9186,2478
9187,2765
9188,2875
9189,2571
9190,1788
9191,2036
9192,4306
9193,2052
9194,2265
9195,3215
9196,1968
9197,2316
9198,3533
9199,2744
9200,2553
9201,3839
9202,3228
9203,2170
9204,3311
9205,3345
9206,1679
9207,3462
9208,1032
9209,2498
9210,2791
9211,2873
9212,1793
9213,3097
9214,2519
9215,3343
9216,1700
9217,3385
9218,2666
9219,3560
9220,2489
9221,3514
9222,3017
9223,2726
9224,2870
9225,2819
9226,2423
9227,3912
9228,3406
9229,2269
9230,2720
9231,2014
9232,2266
9233,2953
9234,2842
9235,2414
9236,2593
9237,3108
9238,2907
9239,2339
9240,3180
9241,2594
9242,2450
9243,2928
9244,3666
9245,2392
9246,3359
9247,2313
9248,2527
9249,3237
9250,2642
9251,2752
9252,2175
9253,3249
9254,2473
9255,2681
9256,2731
9257,1828
9258,3429
9259,1922
9260,2943
9261,2742
9262,2484
9263,1952
9264,2915
9265,1938
9266,3484
9267,2728
9268,2298
9269,2134
9270,2222
9271,1224
9272,2878
9273,1722
9274,3638
9275,2279
9276,2664
9277,3416
9278,2705
9279,3153
9280,2737
9281,2909
9282,2243
9283,2959
9284,1687
9285,4156
9286,2946
9287,1601
9288,3683
9289,2942
9290,3066
9291,3412
9292,3333
9293,3065
9294,2649
9295,2787
9296,2571
9297,3125
9298,3220
9299,3226
9300,3378
9301,3143
9302,3466
9303,2483
9304,3527
9305,1732
9306,3746
9307,2734
9308,3086
9309,2384
9310,2227
9311,3113
9312,1773
9313,2303
9314,2396
9315,2395
9316,3219
9317,2690
9318,2932
9319,3734
9320,2540
9321,2069
9322,3450
9323,3493
9324,2708
9325,2783
9326,1901
9327,3498
9328,2944
9329,2484
9330,2529
9331,4133
9332,2912
9333,3749
9334,3252
9335,3505
9336,2407
9337,2973
9338,2938
9339,2415
9340,3093
9341,2910
9342,2977
9343,2645
9344,2989
9345,2991
9346,2524
9347,3794
9348,2590
9349,2737
9350,1782
9351,3138
9352,1737
9353,3149
9354,2941
9355,3063
9356,2924
9357,2647
9358,3084
9359,2149
9360,3081
9361,3440
9362,2967
9363,2648
9364,2873
9365,2629
9366,2705
9367,2374
9368,2313
9369,3716
9370,3549
9371,3258
9372,2671
9373,3569
9374,2965
9375,3352
9376,2893
9377,3061
9378,3651
9379,3516
9380,1851
9381,2412
9382,3564
9383,1893
9384,3498
9385,1948
9386,2757
9387,1817
9388,3069
9389,2696
9390,2235
9391,3541
9392,2952
9393,2045
9394,3053
9395,2866
9396,2166
9397,4130
9398,2710
9399,3442
9400,3601
9401,2871
9402,2995
9403,3365
9404,2767
9405,2255
9406,3364
9407,3144
9408,2756
9409,2888
9410,2129
9411,1910
9412,2569
9413,2241
9414,2392
9415,4119
9416,1778
9417,2561
9418,2675
9419,2920
9420,2160
9421,2409
9422,2578
9423,3083
9424,4127
9425,3393
9426,3559
9427,3030
9428,2537
9429,3035
9430,2401
9431,2340
9432,2008
9433,4340
9434,1937
9435,3092
9436,2401
9437,2571
9438,3041
9439,2419
9440,2438
9441,2244
9442,2704
9443,2645
9444,3020
9445,2230
9446,3116
9447,2657
9448,2403
9449,2375
9450,3771
9451,3328
9452,2529
9453,2497
9454,2146
9455,3252
9456,2085
9457,2609
9458,3292
9459,3383
9460,2413
9461,2634
9462,2113
9463,2990
9464,3290
9465,2720
9466,2387
9467,1962
9468,2760
9469,2230
9470,1902
9471,2536
9472,2262
9473,3585
9474,3854
9475,3537
9476,3499
9477,2397
9478,3256
9479,2223
9480,1886
9481,3182
9482,2166
9483,3355
9484,2537
9485,3011
9486,2656
9487,2718
9488,3590
9489,2196
9490,3336
9491,2025
9492,2912
9493,3009
9494,2843
9495,1665
9496,3136
9497,3237
9498,2474
9499,3550
9500,1684
9501,3523
9502,1887
9503,2533
9504,1940
9505,1995
9506,3745
9507,1084
9508,2085
9509,2806
9510,3471
9511,2232
9512,2680
9513,2035
9514,2089
9515,2099
9516,3098
9517,2808
9518,3633
9519,3516
9520,1596
9521,2906
9522,2568
9523,2669
9524,2719
9525,2522
9526,2717
9527,2288
9528,2906
9529,1602
9530,2581
9531,3584
9532,2840
9533,3687
9534,3044
9535,2109
9536,2612
9537,1912
9538,2366
9539,4114
9540,2679
9541,2543
9542,2116
9543,2574
9544,3240
9545,3316
9546,2526
9547,3165
9548,2083
9549,2485
9550,3253
9551,2545
9552,2126
9553,3130
9554,2505
9555,2825
9556,3042
9557,2017
9558,2448
9559,2639
9560,3470
9561,2053
9562,2619
9563,1995
9564,2193
9565,3171
9566,2149
9567,2987
9568,2630
9569,1484
9570,1982
9571,1727
9572,3160
9573,2155
9574,3100
9575,2727
9576,1707
9577,2659
9578,1952
9579,2523
9580,2893
9581,2901
9582,2949
9583,2946
9584,2417
9585,3025
9586,2510
9587,3410
9588,3181
9589,3255
9590,3212
9591,3102
9592,1149
9593,1691
9594,3512
9595,1914
9596,2915
9597,2818
9598,1173
9599,2835
9600,3120
9601,2888
9602,2174
9603,2225
9604,3198
9605,3576
9606,3539
9607,2675
9608,2226
9609,3198
9610,1920
9611,2423
9612,2231
9613,2109
9614,3191
9615,3082
9616,2419
9617,3187
9618,2687
9619,2574
9620,2894
9621,3328
9622,3452
9623,2632
9624,3749
9625,3429
9626,2669
9627,3005
9628,1796
9629,3784
9630,1609
9631,3528
9632,2503
9633,2304
9634,2589
9635,2580
9636,3045
9637,2826
9638,2617
9639,3073
9640,2355
9641,2776
9642,3222
9643,3752
9644,2038
9645,2366
9646,3331
9647,2993
9648,3830
9649,3071
9650,2511
9651,2587
9652,2460
9653,3033
9654,3450
9655,2818
9656,1950
9657,3591
9658,2386
9659,1767
9660,2732
9661,3159
9662,2120
9663,2467
9664,2818
9665,2506
9666,2450
9667,2233
9668,2732
9669,3292
9670,3225
9671,2150
9672,2935
9673,1807
9674,3701
9675,3311
9676,2907
9677,3807
9678,3331
9679,4131
9680,3499
9681,2631
9682,3297
9683,2217
9684,2803
9685,2607
9686,2900
9687,4047
9688,2882
9689,3407
9690,3056
9691,3147
9692,2843
9693,3516
9694,4067
9695,2290
9696,3169
9697,2274
9698,3301
9699,2697
9700,2225
9701,2579
9702,2628
9703,2783
9704,2648
9705,3186
9706,2923
9707,2837
9708,2706
9709,1923
9710,3444
9711,3228
9712,2672
9713,3166
9714,2679
9715,1844
9716,2734
9717,2954
9718,2874
9719,2497
9720,3075
9721,3259
9722,3785
9723,2412
9724,2468
9725,3025
9726,1604
9727,3057
9728,2664
9729,1727
9730,2079
9731,3291
9732,2392
9733,3111
9734,2265
9735,4074
9736,3295
9737,3110
9738,1962
9739,2742
9740,3126
9741,2239
9742,3587
9743,2618
9744,1945
9745,4034
9746,2465
9747,2348
9748,2304
9749,2393
9750,2420
9751,2301
9752,3039
9753,3081
9754,2378
9755,1793
9756,2916
9757,2525
9758,2901
9759,2801
9760,2852
9761,3044
9762,2571
9763,2786
9764,2765
9765,2852
9766,2427
9767,2467
9768,3126
9769,3057
9770,3036
9771,2435
9772,2439
9773,3536
9774,3205
9775,2660
9776,2467
9777,2369
9778,2686
9779,2870
9780,3499
9781,3157
9782,2952
9783,3072
9784,1756
9785,1796
9786,2633
9787,3699
9788,2679
9789,2463
9790,2862
9791,2589
9792,4275
9793,3486
9794,2941
9795,2738
9796,2963
9797,3483
9798,2140
9799,3576
9800,3036
9801,2732
9802,1432
9803,4018
9804,2857
9805,2108
9806,2432
9807,3670
9808,3046
9809,2117
9810,2373
9811,2800
9812,2463
9813,2423
9814,3148
9815,3068
9816,2392
9817,1684
9818,3271
9819,3081
9820,3422
9821,3331
9822,1162
9823,2120
9824,2529
9825,3182
9826,2250
9827,3966
9828,2789
9829,2900
9830,2174
9831,1859
9832,4028
9833,3265
9834,3772
9835,2580
9836,2657
9837,2486
9838,3179
9839,3664
9840,1973
9841,2595
9842,3313
9843,3645
9844,3364
9845,3678
9846,3251
9847,2622
9848,2817
9849,3360
9850,2442
9851,3012
9852,2662
9853,2626
9854,3342
9855,2415
9856,3513
9857,3451
9858,3521
9859,3793
9860,1963
9861,3358
9862,2662
9863,2137
9864,1649
9865,2991
9866,1744
9867,3733
9868,1852
9869,2516
9870,2469
9871,2601
9872,2375
9873,2552
9874,2731
9875,2709
9876,2640
9877,2584
9878,2517
9879,2234
9880,2780
9881,2379
9882,2598
9883,801
9884,2915
9885,1981
9886,3041
9887,3396
9888,3082
9889,3209
9890,2757
9891,2355
9892,3260
9893,3157
9894,3142
9895,2491
9896,2007
9897,2845
9898,2009
9899,1923
9900,3411
9901,3700
9902,2252
9903,2210
9904,2165
9905,3707
9906,2056
9907,2852
9908,2960
9909,3511
9910,3843
9911,3289
9912,2608
9913,3034
9914,2874
9915,2876
9916,2658
9917,3024
9918,2823
9919,2236
9920,3031
9921,2439
9922,3372
9923,2737
9924,2075
9925,2937
9926,3967
9927,2835
9928,1862
9929,2678
9930,3335
9931,3208
9932,2751
9933,2398
9934,3560
9935,3143
9936,2759
9937,3618
9938,2739
9939,3390
9940,2016
9941,3497
9942,1989
9943,2555
9944,2364
9945,2374
9946,2898
9947,3584
9948,4004
9949,2893
9950,3159
9951,2731
9952,3500
9953,3524
9954,2990
9955,2134
9956,2910
9957,2899
9958,1804
9959,2657
9960,3163
9961,2411
9962,3487
9963,2262
9964,1784
9965,3577
9966,3223
9967,2800
9968,2922
9969,3305
9970,2924
9971,2466
9972,2126
9973,1977
9974,3143
9975,2204
9976,3474
9977,3014
9978,2567
9979,2607
9980,2831
9981,3569
9982,1648
9983,3622
9984,2301
9985,2904
9986,1660
9987,2610
9988,3381
9989,2460
9990,2351
9991,3095
9992,2636
9993,2625
9994,3298
9995,2937
9996,2949
9997,3354
9998,3140
9999,3386
10000,2431
10001,2933
10002,1967
10003,2796
10004,3480
10005,2017
10006,2250
10007,1798
10008,2875
10009,3263
10010,2531
10011,2822
10012,2930
10013,2308
10014,2647
10015,2478
10016,3007
10017,3046
10018,3366
10019,2668
10020,2293
10021,2459
10022,2610
10023,2982
10024,2718
10025,1446
10026,3202
10027,2180
10028,2447
10029,2693
10030,1525
10031,3225
10032,3302
10033,2603
10034,2968
10035,2431
10036,3984
10037,3322
10038,2013
10039,2923
10040,2251
10041,1998
10042,3399
10043,2134
10044,1751
10045,3012
10046,2560
10047,2603
10048,3885
10049,2337
10050,1462
10051,2706
10052,3843
10053,3450
10054,2956
10055,3048
10056,3346
10057,2179
10058,3138
10059,2176
10060,2972
10061,2663
10062,2687
10063,2734
10064,3126
10065,2687
10066,1934
10067,2684
10068,2389
10069,1627
10070,3094
10071,3119
10072,3235
10073,4162
10074,3209
10075,2306
10076,2671
10077,2366
10078,2894
10079,2677
10080,2838
10081,2335
10082,2791
10083,3575
10084,2624
10085,2883
10086,3089
10087,3285
10088,2027
10089,3105
10090,3030
10091,2640
10092,2938
10093,2114
10094,3623
10095,1903
10096,2833
10097,3977
10098,2437
10099,2448
10100,2802
10101,2744
10102,3465
10103,3463
10104,3366
10105,2667
10106,2499
10107,2511
10108,3897
10109,3018
10110,2082
10111,2388
10112,2388
10113,2556
10114,3524
10115,3263
10116,2602
10117,2413
10118,2720
10119,2419
10120,3570
10121,3580
10122,2326
10123,2470
10124,3581
10125,1822
10126,3192
10127,2921
10128,3733
10129,2241
10130,2477
10131,1733
10132,2272
10133,3381
10134,2281
10135,3214
10136,2853
10137,1512
10138,2317
10139,1885
10140,3403
10141,2728
10142,3012
10143,2529
10144,3129
10145,1729
10146,2617
10147,3350
10148,2028
10149,2069
10150,3050
10151,3143
10152,3268
10153,2586
10154,3110
10155,2620
10156,2321
10157,3621
10158,2881
10159,2859
10160,1904
10161,2431
10162,3031
10163,3154
10164,3578
10165,2664
10166,2972
10167,2794
10168,2882
10169,2401
10170,2230
10171,3146
10172,2887
10173,2562
10174,2206
10175,2616
10176,3191
10177,4408
10178,2718
10179,2675
10180,3378
10181,2774
10182,2982
10183,2947
10184,3260
10185,2926
10186,2971
10187,2194
10188,794
10189,2452
10190,2984
10191,2827
10192,2646
10193,2089
10194,3961
10195,2294
10196,3212
10197,3310
10198,1816
10199,2949
10200,2484
10201,1933
10202,3728
10203,2563
10204,2463
10205,3031
10206,2877
10207,3825
10208,2759
10209,2524
10210,2867
10211,2782
10212,2710
10213,2913
10214,3720
10215,2275
10216,2528
10217,2746
10218,3542
10219,2865
10220,2206
10221,3319
10222,1929
10223,2780
10224,2746
10225,1549
10226,2635
10227,1920
10228,2119
10229,2141
10230,2618
10231,3297
10232,2909
10233,2063
10234,2593
10235,2840
10236,3623
10237,2600
10238,2324
10239,2598
10240,2625
10241,1976
10242,2474
10243,3102
10244,2927
10245,3634
10246,1753
10247,3072
10248,2664
10249,2527
10250,2752
10251,2951
10252,2781
10253,2198
10254,2509
10255,3457
10256,2280
10257,2817
10258,2264
10259,1982
10260,3027
10261,3330
10262,3693
10263,1642
10264,3112
10265,3292
10266,3026
10267,2800
10268,2661
10269,2479
10270,3278
10271,2709
10272,2783
10273,3555
10274,2484
10275,2811
10276,1898
10277,3405
10278,2558
10279,2878
10280,4000
10281,3162
10282,2713
10283,2734
10284,2504
10285,2219
10286,2052
10287,2892
10288,2874
10289,2956
10290,2634
10291,2132
10292,2494
10293,2866
10294,3172
10295,2485
10296,3245
10297,2339
10298,2852
10299,2373
10300,2015
10301,2529
10302,3435
10303,2405
10304,2048
10305,3923
10306,2637
10307,2298
10308,2182
10309,2033
10310,2699
10311,2778
10312,2668
10313,2765
10314,2026
10315,3712
10316,1977
10317,2986
10318,2002
10319,2743
10320,3677
10321,2057
10322,2208
10323,2674
10324,1807
10325,3015
10326,1869
10327,2365
10328,2977
10329,3091
10330,2139
10331,2292
10332,3277
10333,2787
10334,2244
10335,2158
10336,2191
10337,3239
10338,2578
10339,2679
10340,3368
10341,2804
10342,2592
10343,3512
10344,3270
10345,3403
10346,2913
10347,3066
10348,3024
10349,3241
10350,2708
10351,2660
10352,2419
10353,2462
10354,2166
10355,2954
10356,2976
10357,2904
10358,3422
10359,2360
10360,3131
10361,2962
10362,2771
10363,1849
10364,3369
10365,3248
10366,3110
10367,2727
10368,2611
10369,3405
10370,2640
10371,3779
10372,2848
10373,3631
10374,2955
10375,2511
10376,2620
10377,1540
10378,2204
10379,2117
10380,3917
10381,2906
10382,2881
10383,1280
10384,2924
10385,2397
10386,3180
10387,3107
10388,2531
10389,3008
10390,3428
10391,2073
10392,3058
10393,3259
10394,2546
10395,2543
10396,2425
10397,2707
10398,2744
10399,2657
10400,2575
10401,3641
10402,2278
10403,3769
10404,2044
10405,3956
10406,2542
10407,2122
10408,1972
10409,3443
10410,2771
10411,2574
10412,3039
10413,2756
10414,2789
10415,2157
10416,2821
10417,2558
10418,3121
10419,3178
10420,3070
10421,3627
10422,2064
10423,2862
10424,3159
10425,1113
10426,2004
10427,3209
10428,3447
10429,2823
10430,2140
10431,3080
10432,2877
10433,3396
10434,1554
10435,2070
10436,2172
10437,2852
10438,3525
10439,3131
10440,2960
10441,1954
10442,3143
10443,2645
10444,4071
10445,3362
10446,2524
10447,2385
10448,3030
10449,2936
10450,2894
10451,2733
10452,2157
10453,2265
10454,3216
10455,2901
10456,2745
10457,3546
10458,2944
10459,3553
10460,3534
10461,3156
10462,2292
10463,2545
10464,3051
10465,2839
10466,3054
10467,3070
10468,2547
10469,2735
10470,3133
10471,2694
10472,3084
10473,2771
10474,2255
10475,3070
10476,1516
10477,3077
10478,2795
10479,2165
10480,2804
10481,3349
10482,2624
10483,2097
10484,2074
10485,2607
10486,1819
10487,2148
10488,3947
10489,2258
10490,2253
10491,3101
10492,1959
10493,3789
10494,2772
10495,2695
10496,2898
10497,2245
10498,2195
10499,1985
10500,2250
10501,2177
10502,2913
10503,1962
10504,2080
10505,3640
10506,2734
10507,2508
10508,3461
10509,1811
10510,2548
10511,2293
10512,2510
10513,3343
10514,3684
10515,2029
10516,2212
10517,3527
10518,2248
10519,3698
10520,2959
10521,3456
10522,2784
10523,2237
10524,2395
10525,2125
10526,3456
10527,2115
10528,3350
10529,1832
10530,3514
10531,3743
10532,2850
10533,2834
10534,1583
10535,1909
10536,2927
10537,3178
10538,2481
10539,2337
10540,3103
10541,3217
10542,2747
10543,2956
10544,2371
10545,2809
10546,2856
10547,2207
10548,2748
10549,2841
10550,3458
10551,2775
10552,2867
10553,4110
10554,2663
10555,3520
10556,2992
10557,3269
10558,2461
10559,2668
10560,2066
10561,3137
10562,3140
10563,2905
10564,2325
10565,2646
10566,2826
10567,3212
10568,2827
10569,3094
10570,2630
10571,3480
10572,2507
10573,2436
10574,3175
10575,2592
10576,3438
10577,1638
10578,2569
10579,2123
10580,2920
10581,2104
10582,2348
10583,3228
10584,2947
10585,3158
10586,2785
10587,1941
10588,3074
10589,3173
10590,2659
10591,3153
10592,1519
10593,2284
10594,3060
10595,2144
10596,4239
10597,3477
10598,2190
10599,2718
10600,2731
10601,3096
10602,2352
10603,2794
10604,2835
10605,2797
10606,2952
10607,2446
10608,2567
10609,3576
10610,1996
10611,2584
10612,3207
10613,2717
10614,2446
10615,3241
10616,3039
10617,2705
10618,3627
10619,2262
10620,2130
10621,3670
10622,2372
10623,3780
10624,2727
10625,2606
10626,2191
10627,2526
10628,2683
10629,2940
10630,3135
10631,3148
10632,2386
10633,2451
10634,3365
10635,1842
10636,2686
10637,2688
10638,2841
10639,2788
10640,1839
10641,2482
10642,3893
10643,2831
10644,2164
10645,2591
10646,3301
10647,3172
10648,1996
10649,3251
10650,2928
10651,1844
10652,3305
10653,3027
10654,2180
10655,2055
10656,3099
10657,2665
10658,3373
10659,3178
10660,2418
10661,2874
10662,3538
10663,2368
10664,2229
10665,3223
10666,3087
10667,3021
10668,2272
10669,1361
10670,2518
10671,1986
10672,3019
10673,3358
10674,3323
10675,2982
10676,2580
10677,2936
10678,3070
10679,2614
10680,3418
10681,2898
10682,2329
10683,2380
10684,2291
10685,2531
10686,2080
10687,3757
10688,2423
10689,2275
10690,1566
10691,2198
10692,2438
10693,3657
10694,2773
10695,3259
10696,2712
10697,2231
10698,2715
10699,3379
10700,1866
10701,2895
10702,3450
10703,2517
10704,2587
10705,2365
10706,2093
10707,2511
10708,1901
10709,3812
10710,2835
10711,2036
10712,3241
10713,3288
10714,3445
10715,3280
10716,2408
10717,2122
10718,2851
10719,2954
10720,3906
10721,2136
10722,3963
10723,1720
10724,2323
10725,2887
10726,2825
10727,2419
10728,2542
10729,3333
10730,2062
10731,2450
10732,1812
10733,1927
10734,2989
10735,3003
10736,2965
10737,2870
10738,2667
10739,3497
10740,3191
10741,2504
10742,3080
10743,2559
10744,3204
10745,2310
10746,2185
10747,2047
10748,3406
10749,1754
10750,2715
10751,3280
10752,3749
10753,1425
10754,2744
10755,2914
10756,1037
10757,2578
10758,1993
10759,3447
10760,2479
10761,3562
10762,1794
10763,2838
10764,1400
10765,2755
10766,3104
10767,2036
10768,3035
10769,2546
10770,3335
10771,3499
10772,2320
10773,2399
10774,2830
10775,2604
10776,2062
10777,2733
10778,2711
10779,3537
10780,2793
10781,3073
10782,2875
10783,3233
10784,2982
10785,3520
10786,2933
10787,2524
10788,2374
10789,2939
10790,2806
10791,2962
10792,3491
10793,1361
10794,3096
10795,3741
10796,3233
10797,4231
10798,2905
10799,2686
10800,3277
10801,2817
10802,4158
10803,2895
10804,3098
10805,2243
10806,3044
10807,2728
10808,2763
10809,2425
10810,1906
10811,1822
10812,2974
10813,2869
10814,2896
10815,2662
10816,3065
10817,2980
10818,2674
10819,2419
10820,3937
10821,3265
10822,2468
10823,3528
10824,2168
10825,2503
10826,3586
10827,2767
10828,3746
10829,1783
10830,3831
10831,2984
10832,2791
10833,3390
10834,3886
10835,2863
10836,2914
10837,2728
10838,2861
10839,2574
10840,3630
10841,3345
10842,2614
10843,3223
10844,2540
10845,2776
10846,2863
10847,2331
10848,2611
10849,2920
10850,2385
10851,2951
10852,3143
10853,3342
10854,2654
10855,2201
10856,2459
10857,2368
10858,2206
10859,2265
10860,2384
10861,2223
10862,3319
10863,2802
10864,2755
10865,2432
10866,2804
10867,2907
10868,2056
10869,1412
10870,3306
10871,3072
10872,2649
10873,2279
10874,3421
10875,3411
10876,3273
10877,1922
10878,3144
10879,3426
10880,3801
10881,2975
10882,3065
10883,781
10884,2992
10885,3659
10886,2146
10887,2866
10888,3030
10889,2116
10890,3154
10891,3043
10892,2170
10893,2612
10894,3827
10895,1557
10896,1832
10897,3364
10898,3821
10899,3019
10900,2346
10901,1972
10902,3498
10903,2571
10904,3193
10905,2838
10906,2821
10907,1292
10908,1950
10909,3374
10910,3452
10911,3026
10912,3247
10913,2991
10914,3084
10915,2741
10916,2946
10917,2696
10918,3228
10919,3242
10920,3788
10921,1660
10922,2257
10923,2274
10924,2041
10925,2849
10926,2767
10927,3027
10928,1913
10929,3563
10930,2597
10931,2857
10932,1757
10933,2171
10934,3180
10935,2186
10936,2176
10937,1824
10938,2543
10939,3435
10940,3606
10941,2698
10942,3545
10943,2686
10944,2921
10945,3649
10946,2619
10947,2338
10948,3536
10949,2177
10950,2571
10951,4069
10952,1786
10953,3313
10954,2365
10955,2493
10956,2907
10957,3581
10958,2188
10959,2903
10960,2828
10961,3486
10962,2815
10963,2340
10964,2484
10965,2898
10966,1856
10967,3879
10968,2646
10969,3155
10970,2940
10971,2046
10972,2756
10973,2860
10974,2651
10975,1961
10976,1994
10977,2914
10978,2608
10979,2802
10980,3483
10981,2230
10982,2951
10983,3741
10984,2989
10985,2553
10986,3793
10987,3210
10988,2661
10989,3207
10990,2778
10991,2823
10992,2639
10993,2603
10994,2348
10995,4065
10996,2638
10997,3202
10998,2886
10999,2686
11000,1841
11001,2974
11002,3256
11003,3922
11004,2320
11005,4067
11006,3846
11007,1220
11008,2742
11009,2829
11010,2731
11011,1700
11012,3000
11013,2930
11014,2804
11015,2141
11016,2784
11017,3099
11018,2322
11019,2567
11020,2263
11021,2890
11022,2512
11023,1902
11024,2409
11025,3559
11026,2857
11027,2603
11028,2899
11029,3146
11030,2546
11031,2357
11032,2891
11033,3413
11034,2108
11035,2864
11036,3345
11037,3287
11038,3760
11039,2158
11040,2845
11041,2917
11042,2586
11043,1869
11044,3089
11045,3269
11046,2371
11047,2700
11048,3012
11049,3095
11050,2600
11051,3243
11052,3558
11053,1864
11054,3289
11055,3570
11056,2750
11057,2261
11058,3087
11059,2674
11060,2643
11061,2843
11062,3123
11063,3054
11064,2963
11065,2986
11066,2169
11067,3460
11068,3226
11069,1790
11070,3096
11071,2569
11072,2740
11073,1734
11074,2013
11075,2365
11076,3353
11077,2727
11078,3384
11079,2336
11080,2428
11081,3633
11082,2925
11083,2812
11084,2876
11085,3276
11086,3092
11087,3091
11088,2544
11089,3202
11090,2537
11091,2469
11092,2412
11093,2750
11094,2777
11095,3681
11096,2659
11097,3313
11098,1822
11099,2705
11100,2385
11101,1577
11102,1667
11103,3186
11104,3997
11105,3603
11106,3766
11107,2736
11108,3416
11109,3267
11110,2564
11111,2783
11112,2534
11113,3147
11114,2088
11115,2666
11116,2317
11117,966
11118,3408
11119,3643
11120,2053
11121,3346
11122,3635
11123,2746
11124,2988
11125,2471
11126,3144
11127,1784
11128,2354
11129,2844
11130,3263
11131,2560
11132,3043
11133,2121
11134,4490
11135,2148
11136,2767
11137,2976
11138,3248
11139,3729
11140,2017
11141,2788
11142,3262
11143,2630
11144,3317
11145,2873
11146,1841
11147,3306
11148,2535
11149,1648
11150,2632
11151,2711
11152,2658
11153,1951
11154,2844
11155,2462
11156,2172
11157,2272
11158,3117
11159,3076
11160,3201
11161,3285
11162,3230
11163,2637
11164,2847
11165,1060
11166,3071
11167,1787
11168,2564
11169,3600
11170,3103
11171,2778
11172,2533
11173,1937
11174,1823
11175,1958
11176,940
11177,2740
11178,3777
11179,3625
11180,2585
11181,3241
11182,2214
11183,2494
11184,3995
11185,2663
11186,3283
11187,2290
11188,1926
11189,3014
11190,3064
11191,2958
11192,3807
11193,1623
11194,3396
11195,2053
11196,3120
11197,1280
11198,3785
11199,2661
11200,3035
11201,1514
11202,2785
11203,3183
11204,3315
11205,2059
11206,2672
11207,3504
11208,3405
11209,2675
11210,1813
11211,1674
11212,3317
11213,3176
11214,2546
11215,3070
11216,1862
11217,2600
11218,3745
11219,3534
11220,3364
11221,3474
11222,2714
11223,2601
11224,2443
11225,1728
11226,2815
11227,2610
11228,2061
11229,2588
11230,3328
11231,2531
11232,3263
11233,3021
11234,2383
11235,2700
11236,3178
11237,3027
11238,2098
11239,2152
11240,1894
11241,2800
11242,2780
11243,3480
11244,2256
11245,3493
11246,1614
11247,3026
11248,2973
11249,3089
11250,2505
11251,3829
11252,2397
11253,2729
11254,2962
11255,2965
11256,3037
11257,2458
11258,3435
11259,2976
11260,2748
11261,2804
11262,2918
11263,2930
11264,2752
11265,3626
11266,2331
11267,2981
11268,3356
11269,3544
11270,2645
11271,3607
11272,3292
11273,2181
11274,2933
11275,3680
11276,2432
11277,3887
11278,2188
11279,2760
11280,2000
11281,883
11282,3146
11283,2024
11284,2659
11285,2084
11286,1781
11287,2610
11288,2007
11289,2721
11290,2729
11291,2610
11292,2534
11293,2256
11294,3195
11295,1756
11296,3300
11297,1670
11298,1898
11299,3300
11300,1418
11301,2750
11302,2995
11303,3350
11304,2443
11305,2742
11306,2772
11307,3095
11308,2062
11309,2392
11310,2506
11311,3380
11312,3717
11313,2636
11314,2545
11315,1961
11316,2369
11317,3070
11318,4075
11319,1948
11320,2864
11321,2220
11322,3654
11323,2164
11324,4138
11325,3019
11326,3368
11327,3515
11328,1569
11329,2795
11330,3805
11331,2328
11332,3377
11333,3114
11334,3269
11335,2728
11336,3141
11337,2764
11338,3323
11339,2074
11340,3258
11341,3856
11342,3227
11343,2916
11344,2852
11345,2743
11346,2124
11347,2514
11348,2157
11349,2399
11350,2405
11351,3154
11352,2742
11353,3210
11354,1781
11355,2174
11356,3675
11357,1798
11358,2017
11359,2518
11360,1844
11361,2394
11362,3126
11363,2939
11364,2613
11365,2359
11366,1994
11367,2497
11368,3198
11369,3093
11370,2843
11371,1810
11372,2980
11373,2984
11374,2491
11375,2750
11376,2522
11377,3501
11378,2881
11379,1964
11380,2523
11381,2386
11382,3394
11383,3190
11384,2002
11385,2829
11386,2473
11387,2554
11388,1771
11389,2471
11390,2959
11391,2178
11392,2663
11393,2558
11394,3694
11395,3220
11396,2872
11397,2917
11398,2746
11399,2005
11400,2874
11401,3307
11402,3052
11403,4134
11404,2318
11405,3989
11406,2672
11407,2239
11408,1601
11409,3081
11410,3121
11411,2808
11412,2729
11413,3395
11414,3511
11415,3190
11416,2188
11417,3400
11418,2676
11419,2010
11420,2625
11421,3278
11422,2050
11423,2746
11424,2839
11425,1172
11426,3248
11427,2669
11428,3034
11429,3042
11430,1754
11431,3223
11432,3487
11433,2926
11434,1924
11435,1903
11436,4108
11437,3219
11438,3204
11439,2691
11440,2836
11441,3289
11442,2299
11443,2716
11444,2638
11445,3135
11446,2080
11447,2731
11448,1483
11449,3748
11450,2157
11451,2892
11452,2166
11453,2420
11454,2779
11455,1909
11456,1830
11457,2746
11458,3190
11459,3206
11460,2846
11461,2470
11462,2935
11463,3360
11464,3652
11465,2791
11466,1659
11467,2881
11468,2862
11469,3742
11470,3009
11471,3318
11472,2445
11473,2456
11474,3582
11475,3539
11476,2538
11477,2475
11478,3095
11479,2333
11480,3163
11481,3119
11482,1825
11483,1308
11484,1864
11485,2590
11486,2642
11487,2119
11488,2962
11489,2605
11490,3374
11491,2270
11492,2484
11493,2526
11494,3154
11495,2089
11496,2672
11497,3189
11498,3125
11499,2373
11500,1477
11501,2913
11502,2522
11503,2606
11504,3407
11505,1743
11506,3258
11507,1903
11508,2167
11509,1542
11510,2768
11511,3066
11512,2468
11513,3066
11514,3421
11515,2952
11516,1907
11517,3470
11518,3267
11519,3056
11520,2595
11521,2411
11522,1951
11523,2524
11524,3274
11525,3240
11526,2864
11527,3004
11528,2377
11529,3532
11530,3057
11531,3714
11532,2873
11533,3398
11534,3235
11535,1835
11536,2370
11537,2608
11538,2493
11539,2956
11540,2423
11541,3399
11542,3892
11543,2149
11544,2220
11545,3168
11546,2445
11547,2910
11548,1848
11549,3247
11550,3310
11551,2763
11552,3109
11553,2657
11554,3195
11555,2470
11556,2909
11557,2989
11558,3651
11559,3672
11560,3490
11561,2036
11562,2527
11563,2249
11564,1875
11565,3690
11566,3490
11567,1993
11568,3660
11569,3438
11570,3967
11571,2474
11572,3010
11573,2564
11574,3229
11575,2048
11576,2414
11577,3007
11578,2709
11579,2233
11580,3129
11581,2710
11582,3370
11583,2096
11584,2558
11585,3541
11586,1862
11587,2566
11588,3711
11589,2597
11590,1827
11591,2232
11592,2918
11593,3340
11594,1915
11595,2630
11596,3830
11597,2638
11598,3154
11599,2389
11600,3124
11601,2626
11602,3066
11603,2341
11604,2458
11605,1715
11606,3380
11607,2238
11608,3067
11609,3610
11610,1813
11611,2385
11612,3370
11613,2233
11614,3478
11615,2108
11616,2193
11617,1975
11618,2952
11619,3588
11620,4270
11621,3137
11622,3319
11623,2858
11624,3598
11625,3649
11626,3354
11627,3068
11628,2795
11629,2192
11630,1798
11631,1960
11632,2343
11633,3588
11634,3073
11635,2549
11636,2023
11637,3525
11638,2038
11639,3497
11640,2679
11641,2390
11642,3470
11643,2078
11644,3010
11645,3142
11646,2786
11647,2072
11648,2014
11649,2270
11650,4130
11651,2227
11652,2400
11653,3637
11654,2096
11655,2834
11656,3002
11657,2825
11658,2378
11659,2206
11660,2238
11661,2503
11662,3039
11663,1935
11664,3183
11665,2579
11666,2296
11667,2980
11668,2460
11669,3898
11670,2753
11671,2539
11672,1930
11673,2940
11674,1668
11675,2029
11676,3167
11677,2298
11678,2864
11679,3291
11680,2359
11681,2198
11682,2400
11683,2644
11684,3060
11685,1834
11686,2739
11687,2832
11688,3066
11689,2970
11690,2147
11691,3164
11692,2107
11693,2467
11694,3166
11695,2180
11696,3675
11697,3623
11698,3243
11699,2079
11700,3591
11701,1896
11702,3511
11703,1791
11704,2329
11705,2373
11706,3385
11707,2734
11708,2884
11709,2202
11710,2526
11711,1983
11712,2521
11713,3533
11714,2817
11715,2083
11716,3783
11717,3049
11718,1961
11719,2803
11720,3109
11721,2858
11722,3368
11723,2552
11724,2983
11725,3938
11726,2768
11727,3044
11728,2135
11729,2817
11730,2393
11731,3539
11732,3277
11733,2927
11734,3007
11735,3059
11736,3326
11737,3290
11738,3040
11739,1989
11740,2244
11741,2715
11742,3791
11743,3450
11744,3236
11745,2748
11746,1933
11747,2900
11748,3160
11749,3092
11750,3139
11751,2682
11752,2325
11753,1283
11754,3517
11755,3203
11756,3356
11757,3303
11758,2472
11759,1948
11760,2382
11761,3880
11762,2173
11763,2951
11764,2553
11765,3119
11766,2796
11767,3766
11768,3256
11769,2084
11770,2617
11771,3685
11772,2698
11773,2179
11774,3480
11775,3185
11776,2359
11777,3351
11778,4036
11779,2503
11780,2347
11781,1540
11782,3057
11783,3429
11784,2064
11785,2876
11786,3227
11787,2920
11788,2840
11789,3611
11790,2601
11791,2647
11792,2243
11793,3254
11794,2397
11795,2313
11796,2036
11797,2949
11798,3871
11799,1898
11800,1975
11801,2163
11802,3196
11803,1841
11804,3415
11805,3515
11806,2350
11807,2562
11808,3147
11809,2451
11810,3569
11811,2574
11812,1928
11813,3176
11814,3372
11815,3059
11816,2992
11817,3020
11818,2520
11819,2876
11820,2448
11821,3179
11822,2075
11823,2772
11824,3320
11825,2869
11826,2576
11827,3288
11828,3184
11829,2368
11830,2592
11831,3109
11832,4075
11833,2853
11834,2775
11835,2549
11836,2874
11837,3265
11838,2848
11839,3026
11840,2776
11841,4125
11842,3309
11843,2574
11844,2814
11845,2415
11846,2675
11847,3163
11848,3735
11849,1788
11850,2902
11851,2553
11852,2521
11853,2891
11854,2432
11855,3073
11856,2500
11857,2839
11858,3666
11859,3846
11860,3350
11861,3691
11862,3287
11863,3788
11864,1572
11865,3521
11866,2909
11867,2348
11868,2914
11869,2284
11870,2161
11871,2253
11872,3293
11873,2307
11874,3168
11875,3576
11876,2726
11877,2268
11878,1898
11879,2763
11880,3805
11881,3503
11882,3246
11883,3214
11884,3475
11885,3280
11886,3041
11887,2663
11888,3277
11889,2687
11890,2140
11891,2250
11892,2524
11893,3145
11894,3266
11895,3220
11896,2749
11897,2794
11898,2015
11899,1740
11900,3156
11901,3348
11902,2957
11903,2950
11904,3242
11905,2387
11906,3194
11907,3844
11908,2576
11909,2760
11910,2676
11911,2496
11912,2462
11913,2923
11914,3334
11915,2710
11916,2260
11917,2691
11918,3252
11919,2306
11920,2967
11921,3244
11922,2990
11923,2953
11924,2684
11925,3319
11926,2987
11927,1887
11928,2860
11929,2289
11930,3424
11931,2364
11932,3497
11933,2226
11934,2085
11935,2778
11936,2610
11937,2915
11938,1716
11939,2754
11940,3421
11941,3468
11942,3360
11943,2294
11944,2725
11945,2336
11946,2340
11947,2862
11948,3717
11949,3254
11950,3265
11951,2930
11952,2207
11953,2377
11954,3493
11955,2869
11956,3444
11957,3571
11958,3304
11959,2805
11960,2975
11961,2788
11962,1854
11963,2320
11964,2919
11965,3428
11966,3205
11967,3873
11968,2446
11969,3230
11970,3058
11971,2754
11972,2335
11973,2962
11974,3171
11975,3075
11976,2830
11977,3038
11978,1825
11979,2149
11980,3145
11981,1899
11982,2057
11983,4328
11984,2492
11985,2259
11986,2346
11987,2086
11988,3002
11989,2248
11990,2585
11991,2945
11992,1779
11993,2286
11994,2078
11995,2023
11996,2119
11997,2143
11998,2268
11999,2511
12000,2648
12001,1589
12002,2060
12003,2492
12004,1872
12005,3356
12006,3943
12007,2770
12008,2915
12009,2800
12010,1687
12011,2363
12012,2050
12013,2919
12014,2572
12015,1763
12016,3039
12017,3063
12018,3875
12019,2296
12020,2506
12021,3181
12022,2489
12023,2063
12024,2128
12025,3243
12026,3503
12027,2901
12028,2545
12029,2877
12030,3249
12031,3353
12032,2542
12033,3737
12034,2915
12035,2480
12036,2060
12037,2851
12038,2321
12039,3710
12040,2310
12041,2102
12042,3304
12043,3328
12044,3712
12045,2428
12046,2518
12047,2830
12048,2602
12049,3485
12050,2206
12051,2694
12052,3402
12053,3527
12054,3185
12055,1458
12056,1841
12057,2290
12058,2590
12059,1743
12060,3786
12061,2561
12062,2379
12063,3878
12064,2586
12065,3079
12066,3091
12067,2319
12068,1926
12069,3117
12070,3556
12071,4061
12072,2834
12073,2229
12074,3020
12075,3602
12076,1600
12077,2113
12078,3577
12079,3279
12080,2612
12081,4539
12082,3672
12083,2264
12084,2924
12085,2680
12086,3217
12087,2981
12088,2227
12089,2320
12090,2627
12091,2557
12092,2908
12093,3548
12094,2455
12095,2758
12096,2640
12097,3035
12098,1668
12099,2489
12100,2811
12101,1802
12102,1983
12103,3507
12104,3464
12105,2170
12106,3079
12107,1513
12108,3132
12109,2766
12110,3170
12111,3563
12112,2706
12113,2323
12114,2457
12115,3117
12116,2771
12117,2812
12118,4006
12119,2208
12120,3247
12121,2492
12122,2122
12123,2897
12124,3401
12125,3133
12126,4004
12127,3662
12128,3555
12129,3635
12130,2907
12131,3164
12132,3567
12133,2842
12134,2135
12135,2444
12136,3321
12137,2166
12138,2738
12139,3687
12140,3037
12141,2772
12142,2276
12143,2520
12144,3088
12145,2301
12146,2992
12147,2257
12148,2158
12149,3176
12150,2859
12151,3035
12152,2780
12153,3055
12154,2830
12155,2072
12156,3345
12157,3626
12158,2690
12159,1851
12160,2270
12161,3048
12162,3309
12163,4434
12164,2010
12165,2511
12166,1403
12167,2845
12168,3813
12169,2445
12170,3039
12171,1952
12172,2969
12173,3220
12174,3494
12175,3298
12176,3120
12177,2982
12178,2789
12179,2029
12180,3141
12181,3400
12182,2997
12183,3227
12184,2642
12185,3242
12186,2571
12187,2958
12188,1521
12189,3479
12190,2937
12191,2094
12192,3500
12193,2297
12194,3249
12195,2735
12196,2831
12197,1189
12198,2944
12199,2043
12200,1657
12201,2333
12202,4012
12203,2564
12204,1932
12205,2718
12206,1816
12207,3387
12208,2343
12209,2248
12210,2946
12211,2103
12212,2041
12213,2357
12214,3506
12215,3054
12216,3606
12217,2201
12218,2821
12219,2944
12220,2892
12221,2812
12222,3699
12223,2506
12224,2777
12225,2547
12226,2277
12227,2728
12228,1659
12229,3629
12230,3266
12231,2773
12232,2453
12233,3237
12234,2864
12235,3226
12236,2420
12237,2397
12238,3473
12239,2358
12240,3041
12241,2482
12242,2641
12243,3642
12244,3265
12245,1979
12246,2243
12247,2130
12248,2932
12249,3828
12250,1757
12251,2845
12252,1652
12253,2766
12254,2052
12255,2936
12256,1592
12257,3233
12258,3632
12259,3194
12260,2120
12261,4379
12262,2399
12263,2387
12264,2863
12265,3562
12266,2808
12267,2721
12268,2014
12269,2884
12270,3426
12271,2564
12272,2579
12273,2895
12274,3484
12275,2024
12276,3147
12277,2082
12278,2528
12279,2047
12280,2016
12281,3103
12282,3116
12283,2782
12284,2540
12285,2498
12286,2005
12287,3498
12288,3145
12289,2502
12290,3221
12291,1953
12292,2072
12293,2223
12294,2451
12295,3134
12296,2116
12297,2873
12298,2925
12299,3133
12300,2614
12301,2721
12302,2596
12303,3716
12304,3188
12305,2927
12306,2114
12307,3104
12308,2972
12309,2951
12310,2534
12311,2667
12312,2448
12313,2804
12314,2408
12315,2376
12316,1909
12317,3030
12318,2934
12319,3243
12320,3236
12321,2484
12322,2770
12323,2865
12324,2712
12325,2676
12326,2536
12327,2388
12328,3372
12329,2732
12330,3919
12331,2050
12332,2828
12333,3359
12334,3135
12335,3685
12336,2972
12337,3751
12338,3511
12339,2700
12340,2688
12341,3509
12342,2874
12343,2739
12344,2431
12345,2103
12346,2791
12347,2247
12348,3209
12349,2876
12350,3445
12351,2992
12352,2893
12353,2121
12354,2045
12355,2297
12356,2022
12357,2685
12358,3409
12359,3068
12360,2090
12361,2357
12362,2750
12363,3169
12364,2381
12365,3781
12366,2292
12367,1610
12368,3025
12369,2512
12370,2293
12371,2808
12372,2079
12373,2467
12374,2401
12375,2396
12376,2953
12377,2432
12378,3437
12379,3023
12380,2943
12381,3030
12382,3293
12383,2509
12384,2513
12385,3219
12386,3461
12387,2456
12388,4001
12389,3484
12390,3664
12391,3597
12392,2729
12393,2827
12394,2859
12395,3356
12396,2826
12397,2904
12398,1973
12399,3669
12400,2581
12401,2275
12402,3051
12403,3065
12404,2797
12405,3490
12406,3666
12407,3564
12408,3073
12409,2934
12410,2106
12411,1819
12412,2930
12413,2842
12414,2117
12415,3606
12416,3323
12417,2929
12418,1996
12419,2999
12420,2916
12421,2292
12422,3501
12423,2809
12424,3321
12425,3318
12426,3607
12427,1967
12428,2630
12429,2536
12430,2747
12431,2976
12432,4048
12433,2316
12434,3175
12435,3159
12436,2936
12437,1561
12438,1243
12439,2287
12440,3001
12441,2730
12442,2646
12443,2657
12444,2839
12445,2313
12446,2603
12447,3121
12448,3028
12449,2944
12450,3426
12451,3716
12452,2247
12453,2536
12454,1564
12455,2069
12456,1650
12457,3161
12458,2205
12459,2158
12460,3037
12461,2154
12462,2999
12463,3048
12464,3218
12465,3007
12466,2956
12467,1564
12468,2545
12469,1836
12470,2210
12471,2600
12472,3916
12473,1708
12474,2254
12475,2752
12476,2750
12477,2663
12478,2699
12479,3456
12480,2898
12481,2989
12482,3076
12483,3278
12484,1977
12485,3775
12486,2011
12487,2569
12488,2614
12489,2795
12490,3857
12491,3948
12492,2887
12493,3391
12494,3518
12495,3408
12496,3258
12497,3184
12498,3344
12499,1858
12500,2494
12501,2024
12502,3039
12503,3282
12504,1453
12505,2582
12506,3037
12507,2073
12508,2430
12509,2636
12510,2510
12511,3751
12512,3039
12513,2722
12514,3025
12515,2463
12516,3649
12517,1987
12518,3583
12519,2443
12520,2201
12521,1911
12522,2485
12523,2995
12524,1883
12525,1839
12526,1939
12527,2392
12528,2896
12529,2418
12530,3343
12531,2901
12532,2051
12533,2363
12534,2601
12535,2114
12536,2012
12537,3539
12538,2859
12539,2179
12540,3030
12541,3381
12542,2799
12543,3436
12544,2776
12545,2873
12546,2012
12547,2202
12548,3845
12549,2694
12550,2588
12551,3705
12552,1487
12553,2824
12554,2975
12555,3227
12556,3506
12557,3112
12558,1925
12559,3327
12560,2794
12561,3578
12562,3282
12563,3908
12564,3449
12565,1932
12566,2573
12567,2075
12568,2828
12569,1812
12570,2375
12571,2474
12572,2980
12573,3417
12574,2041
12575,3830
12576,2479
12577,2127
12578,2332
12579,2988
12580,3197
12581,2779
12582,2210
12583,2184
12584,2393
12585,2864
12586,3071
12587,2691
12588,3222
12589,2809
12590,3538
12591,3878
12592,2206
12593,3589
12594,2642
12595,1992
12596,2941
12597,3052
12598,3484
12599,1677
12600,2257
12601,2048
12602,2383
12603,2054
12604,2934
12605,1747
12606,3833
12607,2121
12608,2543
12609,3226
12610,1695
12611,3961
12612,2267
12613,2983
12614,3169
12615,2209
12616,2151
12617,2936
12618,3215
12619,2117
12620,3145
12621,3040
12622,2547
12623,2011
12624,2301
12625,3249
12626,1600
12627,2868
12628,3241
12629,2456
12630,1664
12631,1936
12632,2095
12633,3611
12634,3138
12635,2954
12636,3511
12637,3243
12638,3106
12639,2014
12640,2595
12641,3827
12642,2461
12643,3343
12644,2996
12645,3208
12646,3745
12647,2239
12648,2353
12649,3064
12650,2413
12651,2682
12652,1563
12653,2699
12654,2790
12655,2714
12656,3281
12657,2615
12658,1784
12659,2703
12660,3750
12661,2186
12662,2312
12663,2447
12664,3144
12665,3564
12666,2963
12667,3176
12668,1910
12669,3071
12670,1938
12671,3797
12672,3221
12673,2542
12674,2794
12675,2880
12676,3066
12677,2697
12678,1780
12679,3759
12680,1271
12681,3088
12682,3704
12683,2368
12684,3992
12685,2413
12686,1573
12687,2397
12688,2429
12689,2258
12690,2301
12691,2871
12692,2013
12693,2495
12694,3719
12695,2028
12696,3407
12697,2854
12698,2718
12699,1827
12700,2424
12701,2532
12702,2694
12703,3174
12704,3451
12705,1753
12706,3311
12707,3383
12708,2784
12709,2205
12710,2839
12711,2955
12712,1460
12713,2865
12714,3220
12715,3349
12716,2202
12717,2962
12718,2157
12719,2868
12720,2309
12721,2535
12722,2629
12723,3075
12724,2155
12725,2323
12726,2117
12727,3107
12728,3180
12729,3847
12730,2181
12731,2477
12732,3672
12733,2833
12734,1934
12735,3576
12736,2936
12737,2830
12738,2878
12739,2855
12740,3304
12741,3881
12742,3525
12743,2242
12744,3543
12745,3058
12746,2584
12747,3203
12748,2682
12749,2729
12750,3247
12751,1871
12752,2341
12753,3262
12754,2715
12755,3182
12756,2450
12757,2946
12758,2600
12759,3940
12760,3102
12761,2900
12762,2514
12763,2594
12764,2499
12765,3574
12766,3083
12767,2518
12768,3218
12769,1800
12770,2488
12771,2044
12772,3481
12773,3059
12774,2083
12775,2041
12776,1916
12777,2308
12778,1362
12779,2687
12780,3039
12781,2472
12782,2674
12783,2362
12784,2717
12785,3312
12786,2383
12787,2829
12788,3428
12789,2617
12790,3130
12791,1997
12792,3192
12793,2985
12794,2986
12795,4430
12796,2519
12797,3457
12798,3125
12799,2685
12800,2362
12801,2983
12802,2953
12803,2968
12804,2558
12805,3414
12806,1831
12807,2507
12808,2361
12809,2779
12810,3063
12811,3554
12812,2161
12813,2901
12814,2556
12815,3597
12816,2566
12817,2728
12818,2177
12819,2737
12820,2738
12821,2259
12822,3360
12823,3422
12824,3217
12825,3238
12826,2756
12827,2644
12828,2870
12829,2700
12830,2518
12831,3786
12832,2311
12833,2095
12834,3772
12835,1941
12836,2304
12837,2176
12838,3278
12839,2051
12840,1911
12841,2446
12842,2998
12843,2271
12844,1917
12845,2979
12846,3992
12847,2990
12848,3110
12849,2783
12850,3086
12851,3045
12852,2713
12853,2665
12854,3110
12855,3405
12856,2522
12857,2938
12858,3330
12859,3698
12860,2070
12861,2850
12862,2225
12863,2693
12864,1711
12865,2433
12866,2821
12867,2129
12868,3764
12869,2269
12870,2809
12871,1602
12872,3052
12873,2421
12874,2769
12875,2835
12876,2414
12877,2703
12878,1610
12879,2679
12880,2652
12881,2011
12882,2784
12883,3108
12884,2592
12885,1677
12886,3154
12887,2387
12888,3117
12889,3242
12890,2492
12891,3369
12892,2243
12893,2331
12894,2553
12895,3052
12896,3137
12897,2906
12898,3690
12899,3143
12900,1796
12901,2826
12902,2368
12903,3037
12904,2830
12905,2795
12906,2634
12907,4110
12908,2376
12909,3092
12910,3279
12911,3126
12912,2693
12913,3009
12914,1695
12915,3353
12916,2632
12917,1978
12918,2384
12919,2502
12920,3905
12921,3289
12922,1420
12923,2513
12924,2667
12925,2692
12926,3259
12927,3767
12928,2241
12929,3450
12930,1889
12931,3043
12932,2807
12933,2494
12934,2822
12935,2887
12936,2944
12937,3122
12938,2109
12939,2652
12940,3563
12941,1620
12942,2628
12943,1603
12944,3288
12945,2838
12946,2536
12947,3309
12948,2504
12949,3193
12950,2204
12951,2746
12952,2394
12953,2727
12954,3462
12955,2142
12956,3755
12957,2737
12958,1681
12959,2913
12960,1412
12961,2832
12962,3252
12963,3165
12964,2149
12965,2739
12966,2772
12967,1992
12968,2137
12969,3155
12970,2195
12971,2636
12972,3107
12973,3324
12974,2526
12975,2341
12976,1883
12977,3828
12978,2957
12979,2213
12980,3437
12981,2408
12982,2664
12983,2853
12984,3044
12985,2937
12986,2890
12987,2270
12988,2633
12989,2372
12990,2483
12991,2751
12992,2616
12993,2262
12994,3622
12995,2701
12996,2278
12997,3368
12998,3313
12999,3484
13000,2139
13001,3239
13002,3061
13003,2633
13004,2017
13005,2751
13006,2991
13007,2524
13008,1829
13009,4031
13010,3051
13011,3157
13012,2079
13013,1133
13014,1313
13015,2150
13016,2749
13017,2874
13018,2783
13019,2595
13020,2134
13021,3589
13022,2733
13023,2331
13024,2050
13025,2450
13026,2762
13027,3141
13028,2488
13029,2407
13030,1743
13031,2692
13032,2438
13033,2909
13034,3021
13035,3016
13036,2505
13037,3076
13038,2389
13039,2637
13040,3282
13041,2647
13042,3153
13043,3360
13044,3051
13045,3527
13046,3573
13047,2609
13048,2816
13049,3269
13050,3263
13051,2736
13052,3163
13053,2813
13054,2775
13055,3678
13056,2767
13057,2160
13058,3509
13059,2038
13060,3638
13061,2488
13062,3649
13063,2786
13064,3370
13065,3684
13066,2899
13067,3389
13068,2602
13069,1754
13070,2246
13071,3257
13072,2195
13073,2233
13074,3207
13075,1550
13076,1302
13077,1715
13078,2430
13079,2993
13080,3298
13081,2130
13082,1817
13083,3842
13084,2828
13085,2813
13086,2650
13087,2913
13088,2787
13089,2200
13090,3422
13091,2002
13092,2397
13093,3203
13094,2879
13095,3391
13096,2985
13097,3080
13098,3132
13099,3215
13100,2340
13101,3123
13102,2977
13103,2624
13104,2884
13105,1941
13106,2793
13107,2368
13108,2316
13109,2334
13110,3297
13111,2269
13112,3048
13113,3364
13114,2857
13115,2156
13116,3083
13117,2580
13118,2403
13119,2794
13120,2845
13121,2020
13122,2798
13123,3431
13124,2880
13125,1899
13126,2338
13127,3178
13128,1548
13129,3644
13130,3145
13131,4022
13132,2444
13133,2769
13134,2525
13135,3110
13136,1907
13137,3298
13138,2492
13139,1767
13140,3286
13141,2749
13142,2413
13143,3108
13144,2904
13145,2006
13146,3768
13147,2409
13148,2043
13149,1817
13150,3338
13151,3762
13152,1531
13153,2152
13154,3227
13155,2343
13156,2846
13157,2733
13158,2422
13159,2267
13160,2323
13161,3617
13162,2220
13163,2736
13164,2477
13165,3347
13166,2462
13167,1546
13168,3579
13169,1799
13170,1770
13171,2259
13172,3215
13173,3355
13174,2636
13175,2925
13176,2741
13177,2339
13178,2573
13179,3901
13180,2973
13181,3036
13182,3718
13183,2865
13184,3166
13185,3393
13186,2310
13187,2863
13188,2405
13189,3483
13190,3138
13191,2373
13192,1916
13193,2493
13194,2236
13195,3082
13196,3580
13197,1841
13198,2462
13199,2153
13200,2613
13201,3515
13202,3621
13203,2481
13204,2654
13205,2521
13206,3320
13207,2713
13208,3569
13209,3131
13210,3228
13211,2947
13212,2048
13213,3798
13214,1971
13215,2913
13216,2988
13217,2703
13218,3203
13219,3028
13220,3371
13221,2861
13222,2989
13223,2241
13224,2257
13225,2251
13226,3572
13227,1934
13228,2708
13229,2257
13230,3264
13231,3242
13232,2433
13233,2231
13234,3156
13235,2783
13236,2471
13237,2156
13238,2568
13239,3043
13240,3312
13241,3378
13242,2783
13243,2782
13244,1996
13245,3431
13246,3428
13247,1853
13248,2752
13249,2564
13250,3107
13251,3180
13252,4088
13253,3406
13254,2566
13255,2869
13256,3879
13257,1851
13258,2170
13259,2428
13260,2549
13261,2616
13262,2695
13263,3634
13264,2356
13265,3688
13266,3585
13267,2374
13268,1226
13269,2473
13270,2837
13271,2791
13272,1476
13273,3155
13274,3387
13275,2502
13276,2279
13277,2949
13278,1981
13279,3241
13280,2490
13281,2519
13282,2698
13283,2529
13284,2352
13285,4058
13286,1881
13287,2722
13288,3127
13289,2626
13290,1851
13291,3076
13292,2093
13293,3439
13294,2439
13295,2916
13296,3258
13297,3019
13298,2479
13299,3306
13300,3138
13301,1382
13302,2110
13303,1620
13304,2374
13305,2886
13306,2961
13307,3138
13308,2234
13309,2330
13310,2954
13311,2123
13312,2247
13313,3192
13314,3474
13315,2689
13316,4001
13317,3168
13318,2898
13319,2687
13320,1678
13321,3548
13322,2511
13323,2616
13324,3194
13325,3279
13326,3002
13327,3471
13328,2166
13329,2417
13330,2181
13331,2191
13332,3239
13333,3249
13334,2944
13335,2494
13336,3411
13337,2796
13338,2162
13339,2790
13340,2710
13341,2868
13342,2918
13343,3670
13344,2735
13345,3091
13346,2979
13347,3735
13348,2258
13349,3122
13350,2468
13351,2713
13352,2166
13353,3076
13354,3420
13355,3309
13356,3651
13357,3973
13358,2853
13359,2344
13360,2781
13361,2541
13362,2993
13363,2926
13364,2627
13365,2917
13366,3014
13367,2891
13368,2736
13369,1708
13370,3498
13371,1177
13372,3012
13373,3594
13374,1852
13375,2356
13376,2616
13377,2120
13378,2776
13379,3107
13380,3008
13381,2421
13382,1926
13383,2779
13384,2775
13385,3543
13386,2119
13387,2080
13388,3825
13389,3094
13390,2520
13391,2479
13392,2370
13393,3052
13394,2350
13395,1452
13396,2638
13397,1871
13398,3390
13399,2869
13400,2767
13401,1092
13402,1722
13403,2635
13404,2935
13405,4027
13406,2796
13407,2765
13408,2901
13409,3344
13410,3446
13411,2748
13412,1900
13413,2427
13414,4076
13415,3405
13416,2018
13417,3073
13418,3252
13419,3291
13420,2440
13421,1630
13422,3087
13423,3908
13424,2889
13425,2668
13426,2637
13427,3103
13428,2641
13429,2324
13430,2324
13431,3206
13432,2281
13433,4064
13434,2146
13435,2629
13436,1553
13437,4254
13438,3086
13439,3546
13440,2443
13441,2103
13442,2975
13443,3777
13444,1991
13445,3284
13446,2215
13447,2795
13448,4044
13449,2369
13450,3056
13451,2720
13452,2543
13453,1979
13454,2655
13455,3542
13456,2198
13457,2941
13458,3168
13459,2320
13460,2733
13461,2519
13462,2767
13463,4288
13464,2138
13465,3367
13466,2015
13467,3156
13468,3297
13469,3032
13470,3400
13471,2738
13472,2437
13473,2044
13474,2970
13475,2871
13476,3099
13477,3568
13478,2207
13479,2213
13480,2201
13481,2177
13482,2056
13483,2075
13484,2550
13485,2461
13486,2309
13487,3714
13488,2640
13489,3876
13490,2927
13491,3366
13492,2325
13493,3453
13494,1603
13495,2685
13496,3189
13497,2747
13498,2934
13499,2434
13500,2239
13501,2404
13502,3368
13503,2562
13504,2535
13505,1904
13506,2377
13507,2141
13508,3148
13509,3289
13510,1428
13511,2891
13512,1433
13513,2352
13514,3070
13515,2973
13516,2037
13517,3419
13518,3127
13519,2614
13520,2664
13521,2287
13522,3053
13523,2301
13524,2902
13525,3386
13526,3481
13527,2742
13528,2477
13529,2218
13530,2092
13531,992
13532,2318
13533,2479
13534,1790
13535,3088
13536,3213
13537,1772
13538,1453
13539,1703
13540,3177
13541,2582
13542,2369
13543,3641
13544,2919
13545,2124
13546,2559
13547,3650
13548,2782
13549,2312
13550,2653
13551,2862
13552,2354
13553,2903
13554,2223
13555,1949
13556,3443
13557,2915
13558,2677
13559,3375
13560,2118
13561,3362
13562,2413
13563,2959
13564,3158
13565,3488
13566,3017
13567,2457
13568,3430
13569,2675
13570,3445
13571,3250
13572,3592
13573,2517
13574,3425
13575,3620
13576,2327
13577,2230
13578,2270
13579,2575
13580,2592
13581,1709
13582,2206
13583,2379
13584,2743
13585,2118
13586,3565
13587,1989
13588,2148
13589,2593
13590,2433
13591,2077
13592,2990
13593,3473
13594,2724
13595,2371
13596,3055
13597,1674
13598,2757
13599,2954
13600,2937
13601,1616
13602,2883
13603,2911
13604,2901
13605,2297
13606,2560
13607,3304
13608,2626
13609,1497
13610,3215
13611,2385
13612,2383
13613,2965
13614,2698
13615,3112
13616,2756
13617,3084
13618,2702
13619,2831
13620,3723
13621,2225
13622,1776
13623,2949
13624,3977
13625,2968
13626,2686
13627,2556
13628,3410
13629,3422
13630,2636
13631,2156
13632,3254
13633,1931
13634,3008
13635,3429
13636,3263
13637,2866
13638,2070
13639,2445
13640,3412
13641,2092
13642,3297
13643,3416
13644,1982
13645,3660
13646,3403
13647,3542
13648,2218
13649,3713
13650,2838
13651,2518
13652,2749
13653,3292
13654,2463
13655,2929
13656,2544
13657,2559
13658,3086
13659,3685
13660,2081
13661,3098
13662,2665
13663,1859
13664,1616
13665,1673
13666,2525
13667,2683
13668,2365
13669,2257
13670,1406
13671,3418
13672,1764
13673,3241
13674,3849
13675,2544
13676,2999
13677,3855
13678,1749
13679,2639
13680,2382
13681,3358
13682,1874
13683,2987
13684,2853
13685,2778
13686,2856
13687,2534
13688,2852
13689,2096
13690,3451
13691,2665
13692,3903
13693,2690
13694,3130
13695,3292
13696,2462
13697,3219
13698,2130
13699,3289
13700,3909
13701,3321
13702,1718
13703,2427
13704,2698
13705,2969
13706,2730
13707,2481
13708,3133
13709,2454
13710,2638
13711,1115
13712,2766
13713,3339
13714,2135
13715,2834
13716,3422
13717,4087
13718,3641
13719,2775
13720,2190
13721,2989
13722,3165
13723,3174
13724,3396
13725,2825
13726,3816
13727,3148
13728,3333
13729,2829
13730,3241
13731,3279
13732,3184
13733,2010
13734,3266
13735,2767
13736,2530
13737,3293
13738,2677
13739,2922
13740,3629
13741,2730
13742,3366
13743,2531
13744,3047
13745,2556
13746,2436
13747,3035
13748,3904
13749,3879
13750,2380
13751,3427
13752,2218
13753,2360
13754,2471
13755,3078
13756,2856
13757,3484
13758,3053
13759,2500
13760,2357
13761,2468
13762,2998
13763,2886
13764,2582
13765,2815
13766,2943
13767,2252
13768,2432
13769,2898
13770,2715
13771,2797
13772,2976
13773,2385
13774,1913
13775,3204
13776,3047
13777,2635
13778,3527
13779,2557
13780,3272
13781,2812
13782,3586
13783,2610
13784,3260
13785,2593
13786,1517
13787,3148
13788,2025
13789,3712
13790,1819
13791,3156
13792,2498
13793,2355
13794,3201
13795,2126
13796,3682
13797,3019
13798,2785
13799,2645
13800,3381
13801,3051
13802,3799
13803,2981
13804,2739
13805,2703
13806,3346
13807,2453
13808,2582
13809,2992
13810,2081
13811,3151
13812,2390
13813,2794
13814,2425
13815,2313
13816,2210
13817,2858
13818,2553
13819,1682
13820,3035
13821,2718
13822,2483
13823,2449
13824,2489
13825,1410
13826,2654
13827,3772
13828,3469
13829,2234
13830,1976
13831,3433
13832,2812
13833,3091
13834,2549
13835,3251
13836,2475
13837,3067
13838,2566
13839,2245
13840,3567
13841,2776
13842,2284
13843,4595
13844,3069
13845,2527
13846,2256
13847,3067
13848,1840
13849,2557
13850,2518
13851,3399
13852,2154
13853,2171
13854,2510
13855,2687
13856,2636
13857,3333
13858,2565
13859,3752
13860,2332
13861,3384
13862,2416
13863,2498
13864,2976
13865,3186
13866,2352
13867,2079
13868,2675
13869,2081
13870,2910
13871,2075
13872,2366
13873,2920
13874,2168
13875,3152
13876,1842
13877,3017
13878,2503
13879,3258
13880,3642
13881,2309
13882,2586
13883,3030
13884,3290
13885,2640
13886,3591
13887,3976
13888,2506
13889,2822
13890,3594
13891,2798
13892,2440
13893,2956
13894,1429
13895,3308
13896,1907
13897,2670
13898,3643
13899,3446
13900,2131
13901,3255
13902,3136
13903,2418
13904,4212
13905,3510
13906,3863
13907,2291
13908,2042
13909,3681
13910,4092
13911,3596
13912,3033
13913,2943
13914,2855
13915,2521
13916,2853
13917,3191
13918,2877
13919,2677
13920,2778
13921,2337
13922,3094
13923,3467
13924,2987
13925,2216
13926,2500
13927,3601
13928,2539
13929,2502
13930,1739
13931,2472
13932,3392
13933,2265
13934,2720
13935,2525
13936,3071
13937,2002
13938,1719
13939,2504
13940,2531
13941,3717
13942,3127
13943,3015
13944,3330
13945,3521
13946,2355
13947,3505
13948,1983
13949,3456
13950,3523
13951,2941
13952,3310
13953,2579
13954,2290
13955,2016
13956,3306
13957,2255
13958,3396
13959,2401
13960,3099
13961,2496
13962,3263
13963,3450
13964,3102
13965,2624
13966,2246
13967,2892
13968,2713
13969,2390
13970,2497
13971,2933
13972,3553
13973,2904
13974,3035
13975,2786
13976,3240
13977,2494
13978,2821
13979,2368
13980,2642
13981,2635
13982,3489
13983,2934
13984,2872
13985,1240
13986,3292
13987,3111
13988,2944
13989,3308
13990,2117
13991,2927
13992,2645
13993,2683
13994,1575
13995,2146
13996,2587
13997,3025
13998,3535
13999,2849
14000,2199
14001,2761
14002,2832
14003,3549
14004,3304
14005,3039
14006,1306
14007,3769
14008,2167
14009,2272
14010,2678
14011,3105
14012,2335
14013,2528
14014,2193
14015,3765
14016,2735
14017,2286
14018,2288
14019,2280
14020,2489
14021,2025
14022,2977
14023,2819
14024,3122
14025,3108
14026,1971
14027,3276
14028,2849
14029,2104
14030,2147
14031,2614
14032,3515
14033,3090
14034,2676
14035,3034
14036,2160
14037,3223
14038,3528
14039,2897
14040,2871
14041,1983
14042,1470
14043,3148
14044,2995
14045,1660
14046,3117
14047,2943
14048,2643
14049,2903
14050,3497
14051,3356
14052,2413
14053,2593
14054,2455
14055,2780
14056,3116
14057,2933
14058,2940
14059,2130
14060,3064
14061,3132
14062,3361
14063,2494
14064,2122
14065,3030
14066,2514
14067,3294
14068,2368
14069,2376
14070,2598
14071,2318
14072,2541
14073,2959
14074,2472
14075,3380
14076,2563
14077,2756
14078,1988
14079,2823
14080,1914
14081,3747
14082,3631
14083,3687
14084,3443
14085,2993
14086,3340
14087,2155
14088,2171
14089,3376
14090,3663
14091,4022
14092,2599
14093,3453
14094,2256
14095,3397
14096,2749
14097,2580
14098,2496
14099,2313
14100,1330
14101,3026
14102,2947
14103,2038
14104,2937
14105,4008
14106,2261
14107,2756
14108,2576
14109,2671
14110,2926
14111,2074
14112,3689
14113,2912
14114,1537
14115,3748
14116,2528
14117,3174
14118,2505
14119,2548
14120,2311
14121,3460
14122,3319
14123,2405
14124,2548
14125,2987
14126,2991
14127,2618
14128,2758
14129,3891
14130,3592
14131,2845
14132,4142
14133,1987
14134,2780
14135,3026
14136,2915
14137,2890
14138,1831
14139,2311
14140,3817
14141,3114
14142,3256
14143,2522
14144,3367
14145,3210
14146,3272
14147,3546
14148,2066
14149,2457
14150,2055
14151,3003
14152,2297
14153,3134
14154,3520
14155,2516
14156,3416
14157,2178
14158,2599
14159,3074
14160,1769
14161,3330
14162,3908
14163,3097
14164,2774
14165,3515
14166,2388
14167,2151
14168,2146
14169,3475
14170,2398
14171,3479
14172,2751
14173,3221
14174,2992
14175,2469
14176,2293
14177,3567
14178,2574
14179,2576
14180,2386
14181,1709
14182,2406
14183,2548
14184,1679
14185,2567
14186,2952
14187,2189
14188,1479
14189,2998
14190,1006
14191,2542
14192,3789
14193,3151
14194,2832
14195,2979
14196,2324
14197,2536
14198,2290
14199,3338
14200,3177
14201,3304
14202,2560
14203,3014
14204,3083
14205,2652
14206,2925
14207,1995
14208,3465
14209,2948
14210,3347
14211,1912
14212,3129
14213,2357
14214,2335
14215,3848
14216,3054
14217,3576
14218,3015
14219,2283
14220,3097
14221,3219
14222,3238
14223,3560
14224,3320
14225,2599
14226,2215
14227,1897
14228,1926
14229,3614
14230,2799
14231,3051
14232,3494
14233,2284
14234,2940
14235,3211
14236,2031
14237,3017
14238,2686
14239,1883
14240,3229
14241,3239
14242,2355
14243,2661
14244,2908
14245,3441
14246,3476
14247,2690
14248,2474
14249,2451
14250,2031
14251,2435
14252,2492
14253,3247
14254,2306
14255,3491
14256,3181
14257,3303
14258,1990
14259,2308
14260,3454
14261,2382
14262,3180
14263,2522
14264,3267
14265,3203
14266,1992
14267,3366
14268,2313
14269,1746
14270,3266
14271,2372
14272,2653
14273,2853
14274,2622
14275,1843
14276,1983
14277,3349
14278,2974
14279,2049
14280,2519
14281,2047
14282,2041
14283,2666
14284,2001
14285,2669
14286,2769
14287,3599
14288,3388
14289,2559
14290,3124
14291,2882
14292,3269
14293,3604
14294,2198
14295,2446
14296,2298
14297,2828
14298,2469
14299,2482
14300,3490
14301,2062
14302,1863
14303,2557
14304,3529
14305,2489
14306,1176
14307,2601
14308,2428
14309,3898
14310,3394
14311,2139
14312,3086
14313,3924
14314,2490
14315,4239
14316,3995
14317,2389
14318,2099
14319,3034
14320,2853
14321,2319
14322,2604
14323,2663
14324,2214
14325,3278
14326,2589
14327,2465
14328,2612
14329,2688
14330,1999
14331,2515
14332,3713
14333,2410
14334,2226
14335,2165
14336,3058
14337,2252
14338,3434
14339,2483
14340,4370
14341,2423
14342,2126
14343,2381
14344,3917
14345,1914
14346,2639
14347,2283
14348,2958
14349,2597
14350,3481
14351,2518
14352,2703
14353,3448
14354,2829
14355,1993
14356,2428
14357,2924
14358,2118
14359,2860
14360,3157
14361,3091
14362,3170
14363,2675
14364,3365
14365,2528
14366,2857
14367,3775
14368,2510
14369,2530
14370,2794
14371,2929
14372,3139
14373,3373
14374,2830
14375,3067
14376,2217
14377,3015
14378,2904
14379,3296
14380,3303
14381,3366
14382,1970
14383,3471
14384,2924
14385,3069
14386,2445
14387,3173
14388,1286
14389,2805
14390,3238
14391,2078
14392,3224
14393,3565
14394,3315
14395,2705
14396,3750
14397,3468
14398,2276
14399,2671
14400,2733
14401,1861
14402,2912
14403,3736
14404,3110
14405,2757
14406,3245
14407,3415
14408,2970
14409,2427
14410,2740
14411,3192
14412,2141
14413,2012
14414,3277
14415,2558
14416,3540
14417,2545
14418,3373
14419,3274
14420,1353
14421,2144
14422,2575
14423,2762
14424,2626
14425,2618
14426,2482
14427,3406
14428,2573
14429,1996
14430,2586
14431,2179
14432,1930
14433,2891
14434,2586
14435,2145
14436,3554
14437,2969
14438,2862
14439,2495
14440,3426
14441,1934
14442,2530
14443,1428
14444,3181
14445,2499
14446,3105
14447,2812
14448,3667
14449,3385
14450,2405
14451,3667
14452,3429
14453,3554
14454,1180
14455,3438
14456,3461
14457,3251
14458,3215
14459,2363
14460,2186
14461,3083
14462,2254
14463,3626
14464,3026
14465,3273
14466,3585
14467,2560
14468,1571
14469,2692
14470,3634
14471,3717
14472,2571
14473,3222
14474,2869
14475,2783
14476,2936
14477,2603
14478,2133
14479,3420
14480,1889
14481,3005
14482,2727
14483,2385
14484,2578
14485,2386
14486,3177
14487,2053
14488,3268
14489,2943
14490,3307
14491,1253
14492,4515
14493,2463
14494,2044
14495,3756
14496,3920
14497,2574
14498,3172
14499,3360
14500,3174
14501,2625
14502,3185
14503,3001
14504,2588
14505,2973
14506,2578
14507,3483
14508,2768
14509,2146
14510,2719
14511,2668
14512,3020
14513,2683
14514,2780
14515,1546
14516,3770
14517,2641
14518,2889
14519,2232
14520,1589
14521,3145
14522,3250
14523,1813
14524,2476
14525,2585
14526,2733
14527,2849
14528,2051
14529,2741
14530,2513
14531,2496
14532,3109
14533,3616
14534,3040
14535,2659
14536,2536
14537,2284
14538,1936
14539,3481
14540,2739
14541,4231
14542,3842
14543,2010
14544,1825
14545,2773
14546,2718
14547,3584
14548,2315
14549,2250
14550,2775
14551,3793
14552,3543
14553,3784
14554,3622
14555,1849
14556,3599
14557,3238
14558,3145
14559,3125
14560,3626
14561,2620
14562,3293
14563,3095
14564,3353
14565,3005
14566,2773
14567,3291
14568,3199
14569,1998
14570,2170
14571,2783
14572,2803
14573,2801
14574,2937
14575,2977
14576,2575
14577,2766
14578,2560
14579,3618
14580,4014
14581,2899
14582,2126
14583,2751
14584,2522
14585,1907
14586,3072
14587,2949
14588,2378
14589,2983
14590,3471
14591,2342
14592,3157
14593,2696
14594,3347
14595,2590
14596,1673
14597,3658
14598,2979
14599,2097
14600,2770
14601,3229
14602,3379
14603,3164
14604,2907
14605,2825
14606,2726
14607,2099
14608,2204
14609,3205
14610,3532
14611,2407
14612,2858
14613,3039
14614,3124
14615,3588
14616,3000
14617,2530
14618,2098
14619,2183
14620,3529
14621,3194
14622,3376
14623,3488
14624,3055
14625,1895
14626,3708
14627,3546
14628,2447
14629,2645
14630,2960
14631,3038
14632,1894
14633,1760
14634,3677
14635,2215
14636,2650
14637,3225
14638,2164
14639,2656
14640,3144
14641,1656
14642,2960
14643,4318
14644,2929
14645,3778
14646,3354
14647,2771
14648,3890
14649,2134
14650,2723
14651,2900
14652,2587
14653,2784
14654,2994
14655,2779
14656,2281
14657,3577
14658,3248
14659,2419
14660,3370
14661,1567
14662,3654
14663,2619
14664,2828
14665,3254
14666,3013
14667,2563
14668,3564
14669,3473
14670,2288
14671,2341
14672,2465
14673,3159
14674,2162
14675,3206
14676,2294
14677,3184
14678,3307
14679,2729
14680,2529
14681,2766
14682,1666
14683,1436
14684,3813
14685,2667
14686,3414
14687,2640
14688,2455
14689,2856
14690,3019
14691,1704
14692,1881
14693,2524
14694,2667
14695,3233
14696,2806
14697,2833
14698,2621
14699,3419
14700,2912
14701,2416
14702,2658
14703,3657
14704,3236
14705,1805
14706,3993
14707,3080
14708,1944
14709,3324
14710,1293
14711,2685
14712,2595
14713,2395
14714,3038
14715,2195
14716,2955
14717,2442
14718,3791
14719,2878
14720,2740
14721,2920
14722,3616
14723,2640
14724,2447
14725,3005
14726,2428
14727,2319
14728,2834
14729,2821
14730,2137
14731,3399
14732,3338
14733,2968
14734,1936
14735,2751
14736,3020
14737,2072
14738,1449
14739,1388
14740,3227
14741,3250
14742,3432
14743,3986
14744,3355
14745,3386
14746,2474
14747,2298
14748,3055
14749,2744
14750,3127
14751,3277
14752,2413
14753,2767
14754,3660
14755,1884
14756,2374
14757,2826
14758,3495
14759,2075
14760,2522
14761,3015
14762,2706
14763,2573
14764,3652
14765,2767
14766,2166
14767,2454
14768,1707
14769,3386
14770,2658
14771,3534
14772,3541
14773,2137
14774,2615
14775,2926
14776,2642
14777,2803
14778,3292
14779,3181
14780,3075
14781,3100
14782,4159
14783,2514
14784,3716
14785,1289
14786,3146
14787,2513
14788,3269
14789,2587
14790,3338
14791,2175
14792,3007
14793,2145
14794,2607
14795,2052
14796,2611
14797,2517
14798,2872
14799,3740
14800,2940
14801,3017
14802,2308
14803,2951
14804,3452
14805,2845
14806,1991
14807,2226
14808,2959
14809,1848
14810,1984
14811,2697
14812,4181
14813,2039
14814,1877
14815,2222
14816,1790
14817,2342
14818,2006
14819,2936
14820,2292
14821,3042
14822,3876
14823,3057
14824,1701
14825,2556
14826,2759
14827,3059
14828,2430
14829,2920
14830,2836
14831,2456
14832,1537
14833,2879
14834,3008
14835,3078
14836,2007
14837,2866
14838,2851
14839,2997
14840,4065
14841,3233
14842,2405
14843,2184
14844,3093
14845,2567
14846,3707
14847,3178
14848,2354
14849,2798
14850,1742
14851,1598
14852,2148
14853,3677
14854,3193
14855,2509
14856,2060
14857,2898
14858,3139
14859,2524
14860,2452
14861,2644
14862,2735
14863,2558
14864,2725
14865,3248
14866,2158
14867,2629
14868,4100
14869,3060
14870,2712
14871,3622
14872,2771
14873,2906
14874,2937
14875,2894
14876,2101
14877,2994
14878,3645
14879,2321
14880,2443
14881,3945
14882,3680
14883,3021
14884,2869
14885,3142
14886,1851
14887,3161
14888,3024
14889,2317
14890,2496
14891,1924
14892,2665
14893,2892
14894,2651
14895,1572
14896,3003
14897,2908
14898,3624
14899,2882
14900,4097
14901,2245
14902,3339
14903,2174
14904,2571
14905,2987
14906,2409
14907,2748
14908,3157
14909,2341
14910,2370
14911,3506
14912,3294
14913,3172
14914,3399
14915,2386
14916,1701
14917,4061
14918,3186
14919,2317
14920,2307
14921,1640
14922,2183
14923,2017
14924,2753
14925,2527
14926,2648
14927,2420
14928,2900
14929,3716
14930,3500
14931,1899
14932,3841
14933,3278
14934,3126
14935,2365
14936,3266
14937,2717
14938,2236
14939,3443
14940,1505
14941,2661
14942,3790
14943,3151
14944,2978
14945,2112
14946,2602
14947,2506
14948,2677
14949,2197
14950,2827
14951,2337
14952,2564
14953,3245
14954,3070
14955,2534
14956,3463
14957,3459
14958,2326
14959,2878
14960,2805
14961,2090
14962,3059
14963,2589
14964,3596
14965,2680
14966,1810
14967,3612
14968,1985
14969,1782
14970,1920
14971,2886
14972,1990
14973,3351
14974,3070
14975,3244
14976,2385
14977,1833
14978,2243
14979,2296
14980,2353
14981,2544
14982,2377
14983,2217
14984,2708
14985,4012
14986,2100
14987,2717
14988,3025
14989,3670
14990,2681
14991,3419
14992,3206
14993,3675
14994,3015
14995,3374
14996,2861
14997,2679
14998,1412
14999,3168
15000,2531
15001,2513
15002,2432
15003,3427
15004,2386
15005,3469
15006,2455
15007,2458
15008,2987
15009,1945
15010,2409
15011,3526
15012,1854
15013,3046
15014,1908
15015,2524
15016,3264
15017,2595
15018,2317
15019,3212
15020,2480
15021,1862
15022,2855
15023,4080
15024,2948
15025,2946
15026,2634
15027,2112
15028,2253
15029,3052
15030,1920
15031,3776
15032,1295
15033,3036
15034,2280
15035,3077
15036,2908
15037,2295
15038,2880
15039,3075
15040,3266
15041,2959
15042,3203
15043,3039
15044,3715
15045,2975
15046,3265
15047,1968
15048,3789
15049,3189
15050,3514
15051,2512
15052,2765
15053,2601
15054,2724
15055,1777
15056,2748
15057,3010
15058,3522
15059,2277
15060,3040
15061,3342
15062,3318
15063,3170
15064,2460
15065,2687
15066,2667
15067,3216
15068,2548
15069,2281
15070,3013
15071,3374
15072,2552
15073,2696
15074,2294
15075,3472
15076,3132
15077,2428
15078,2315
15079,1961
15080,3605
15081,3030
15082,1706
15083,3156
15084,1864
15085,2332
15086,2541
15087,3500
15088,2505
15089,2698
15090,3456
15091,2164
15092,2104
15093,3015
15094,3389
15095,2360
15096,2744
15097,2782
15098,2775
15099,4141
15100,2003
15101,2955
15102,3928
15103,2988
15104,2786
15105,2241
15106,2147
15107,3709
15108,2971
15109,3093
15110,3193
15111,2888
15112,2663
15113,2777
15114,2653
15115,3254
15116,3252
15117,3113
15118,2505
15119,2665
15120,2907
15121,2590
15122,3062
15123,2302
15124,3290
15125,2968
15126,2736
15127,2581
15128,2625
15129,3235
15130,3539
15131,2841
15132,2227
15133,2413
15134,2414
15135,2342
15136,3352
15137,3179
15138,2325
15139,2091
15140,3496
15141,2666
15142,3738
15143,1695
15144,4075
15145,2824
15146,3047
15147,3198
15148,3543
15149,2831
15150,2718
15151,1954
15152,2873
15153,2034
15154,3303
15155,2804
15156,3164
15157,2459
15158,2449
15159,2765
15160,2349
15161,3271
15162,2730
15163,2958
15164,2326
15165,3013
15166,1891
15167,3177
15168,2720
15169,3815
15170,2800
15171,3210
15172,1938
15173,2338
15174,2170
15175,2784
15176,2329
15177,3792
15178,3257
15179,3167
15180,2220
15181,3488
15182,1665
15183,2798
15184,3399
15185,2054
15186,2660
15187,2454
15188,3044
15189,3590
15190,2770
15191,2287
15192,3323
15193,2480
15194,2170
15195,3204
15196,2181
15197,3007
15198,2009
15199,2158
15200,3428
15201,3350
15202,3190
15203,3171
15204,2630
15205,2873
15206,1941
15207,2585
15208,2480
15209,2419
15210,2055
15211,2907
15212,2228
15213,2462
15214,2314
15215,3382
15216,2845
15217,3255
15218,1755
15219,2647
15220,2114
15221,2971
15222,3053
15223,3776
15224,2321
15225,3001
15226,1926
15227,3141
15228,3326
15229,3216
15230,3013
15231,1612
15232,3146
15233,3811
15234,3328
15235,2769
15236,3503
15237,3482
15238,2958
15239,2619
15240,2672
15241,3797
15242,2621
15243,1883
15244,2783
15245,3461
15246,2569
15247,3089
15248,2329
15249,3347
15250,3894
15251,2414
15252,1764
15253,2407
15254,3490
15255,3401
15256,2164
15257,3512
15258,1589
15259,3003
15260,3367
15261,2479
15262,2433
15263,2333
15264,3006
15265,3171
15266,2724
15267,2798
15268,3817
15269,2527
15270,2311
15271,3939
15272,3232
15273,3990
15274,1918
15275,2471
15276,2249
15277,2138
15278,3175
15279,4114
15280,2042
15281,3006
15282,2737
15283,2166
15284,3500
15285,2987
15286,1328
15287,3071
15288,3579
15289,2765
15290,2687
15291,2556
15292,3164
15293,2810
15294,1687
15295,2359
15296,2146
15297,1614
15298,2867
15299,2372
15300,2903
15301,2772
15302,3118
15303,1720
15304,2751
15305,3051
15306,3115
15307,2238
15308,3660
15309,2410
15310,2980
15311,3215
15312,2337
15313,3257
15314,2806
15315,3002
15316,2752
15317,3059
15318,1960
15319,2019
15320,1761
15321,3338
15322,2940
15323,3010
15324,2028
15325,2872
15326,3258
15327,2945
15328,3251
15329,2843
15330,2356
15331,2746
15332,1614
15333,3515
15334,3293
15335,2650
15336,2801
15337,2524
15338,2441
15339,2780
15340,3084
15341,2613
15342,3062
15343,2411
15344,1818
15345,3430
15346,3097
15347,2888
15348,2570
15349,3027
15350,1370
15351,2831
15352,2201
15353,2951
15354,2793
15355,1314
15356,2374
15357,2563
15358,2620
15359,2931
15360,2003
15361,3287
15362,3122
15363,2038
15364,2340
15365,2910
15366,1863
15367,2638
15368,2031
15369,2463
15370,2463
15371,2378
15372,2455
15373,2660
15374,2011
15375,2968
15376,3371
15377,2212
15378,2390
15379,2361
15380,2543
15381,2652
15382,3076
15383,1853
15384,2471
15385,2407
15386,2686
15387,2823
15388,2713
15389,2003
15390,3430
15391,4162
15392,2529
15393,2073
15394,2740
15395,2682
15396,3504
15397,2708
15398,2186
15399,2957
15400,2224
15401,2564
15402,2194
15403,2500
15404,3189
15405,3051
15406,4426
15407,2000
15408,3236
15409,1801
15410,3088
15411,2571
15412,3092
15413,2570
15414,3612
15415,2224
15416,2190
15417,3668
15418,2707
15419,3027
15420,2600
15421,3155
15422,3299
15423,2135
15424,3139
15425,2368
15426,2487
15427,2503
15428,3496
15429,2780
15430,3390
15431,2109
15432,4105
15433,2594
15434,2880
15435,2272
15436,2039
15437,2637
15438,2357
15439,1895
15440,1912
15441,2471
15442,1719
15443,1781
15444,3848
15445,2194
15446,3646
15447,2812
15448,2682
15449,3006
15450,3380
15451,2713
15452,2514
15453,2960
15454,1671
15455,2416
15456,4310
15457,2870
15458,3641
15459,2566
15460,2230
15461,2529
15462,3125
15463,2304
15464,2240
15465,3260
15466,1989
15467,2041
15468,2142
15469,1663
15470,3023
15471,2386
15472,2848
15473,2981
15474,3550
15475,3190
15476,2489
15477,2218
15478,2959
15479,2982
15480,2521
15481,4072
15482,2953
15483,2343
15484,2129
15485,1348
15486,2379
15487,2381
15488,2861
15489,2823
15490,1628
15491,3431
15492,3472
15493,3113
15494,3197
15495,2564
15496,3370
15497,2011
15498,3978
15499,2578
15500,3144
15501,3602
15502,2446
15503,2918
15504,2626
15505,4285
15506,2983
15507,2948
15508,2819
15509,2604
15510,3007
15511,2836
15512,3544
15513,2998
15514,3050
15515,1849
15516,3175
15517,3161
15518,1957
15519,3015
15520,2174
15521,2285
15522,3146
15523,1535
15524,2338
15525,3526
15526,3179
15527,2070
15528,2718
15529,2763
15530,1976
15531,2469
15532,2734
15533,2685
15534,2185
15535,3756
15536,3139
15537,1516
15538,2692
15539,2943
15540,2789
15541,2443
15542,2853
15543,3474
15544,4078
15545,3374
15546,2842
15547,2728
15548,1967
15549,3764
15550,4189
15551,2775
15552,2238
15553,2904
15554,3010
15555,2901
15556,3047
15557,2420
15558,2338
15559,3293
15560,3505
15561,2865
15562,2210
15563,3273
15564,2579
15565,3027
15566,2153
15567,1918
15568,3373
15569,2475
15570,2186
15571,3562
15572,3687
15573,2758
15574,2479
15575,3269
15576,2680
15577,2410
15578,3256
15579,3117
15580,3158
15581,2586
15582,3360
15583,2097
15584,2707
15585,2173
15586,2829
15587,2837
15588,3112
15589,2734
15590,3624
15591,2439
15592,2931
15593,2353
15594,2685
15595,3156
15596,2866
15597,2387
15598,2962
15599,1609
15600,2892
15601,2971
15602,2955
15603,1473
15604,2178
15605,3061
15606,1901
15607,2627
15608,3928
15609,2052
15610,2616
15611,3579
15612,2320
15613,3210
15614,3058
15615,3414
15616,1709
15617,3044
15618,3221
15619,2873
15620,4567
15621,1982
15622,2558
15623,3295
15624,3022
15625,2658
15626,2671
15627,2148
15628,2396
15629,2376
15630,1641
15631,3235
15632,3181
15633,2917
15634,2588
15635,2896
15636,2634
15637,3171
15638,2473
15639,1907
15640,3837
15641,1677
15642,3075
15643,2748
15644,2231
15645,2938
15646,1743
15647,2277
15648,2603
15649,2697
15650,1936
15651,2481
15652,3367
15653,2339
15654,2362
15655,2601
15656,3037
15657,3574
15658,3146
15659,2632
15660,2860
15661,3269
15662,2987
15663,2860
15664,3540
15665,2300
15666,2372
15667,1865
15668,2839
15669,2408
15670,2886
15671,4086
15672,2156
15673,3622
15674,2713
15675,3657
15676,2802
15677,1889
15678,2963
15679,2744
15680,3395
15681,2334
15682,3799
15683,3133
15684,2014
15685,3475
15686,2510
15687,2734
15688,3392
15689,3297
15690,2889
15691,3784
15692,3461
15693,3222
15694,3763
15695,2580
15696,2018
15697,2823
15698,3117
15699,3644
15700,3048
15701,2653
15702,2498
15703,2502
15704,2714
15705,2865
15706,3082
15707,2849
15708,2958
15709,1675
15710,2846
15711,2379
15712,3554
15713,2715
15714,2867
15715,3058
15716,2400
15717,3091
15718,2965
15719,2541
15720,2448
15721,3515
15722,3057
15723,1774
15724,3280
15725,2137
15726,2890
15727,1999
15728,2666
15729,2583
15730,3535
15731,2554
15732,2760
15733,2826
15734,2883
15735,3058
15736,3537
15737,1879
15738,2648
15739,2197
15740,2804
15741,2647
15742,3708
15743,3511
15744,1070
15745,2415
15746,3653
15747,2696
15748,2639
15749,2802
15750,2426
15751,3102
15752,2483
15753,2471
15754,2162
15755,3523
15756,2366
15757,3382
15758,2919
15759,3303
15760,2216
15761,2599
15762,2789
15763,2719
15764,2487
15765,3594
15766,2552
15767,3460
15768,2749
15769,3374
15770,2190
15771,2690
15772,2930
15773,3132
15774,3002
15775,3004
15776,1901
15777,2536
15778,2420
15779,1867
15780,2964
15781,2246
15782,3391
15783,2946
15784,2955
15785,3418
15786,2773
15787,2916
15788,2578
15789,2200
15790,3843
15791,3774
15792,4003
15793,2844
15794,3545
15795,3325
15796,2837
15797,1260
15798,3013
15799,2811
15800,1644
15801,3225
15802,2747
15803,2236
15804,3290
15805,2907
15806,2736
15807,1266
15808,2259
15809,3120
15810,3040
15811,1946
15812,1950
15813,2739
15814,2299
15815,2371
15816,2213
15817,2349
15818,3155
15819,2665
15820,2859
15821,2757
15822,2078
15823,2344
15824,2152
15825,2596
15826,3008
15827,2854
15828,2960
15829,1798
15830,2667
15831,2487
15832,3299
15833,2247
15834,1919
15835,3145
15836,2515
15837,2984
15838,3603
15839,3241
15840,2633
15841,2195
15842,3349
15843,2762
15844,1603
15845,4348
15846,3424
15847,3223
15848,3364
15849,2929
15850,2620
15851,2427
15852,3105
15853,2715
15854,3565
15855,3867
15856,3301
15857,3250
15858,3581
15859,2068
15860,2215
15861,3563
15862,2754
15863,2001
15864,2286
15865,3569
15866,2425
15867,2489
15868,2616
15869,2657
15870,2518
15871,3605
15872,3094
15873,3050
15874,3098
15875,2833
15876,2780
15877,2038
15878,3224
15879,3020
15880,2491
15881,2610
15882,2604
15883,2653
15884,2441
15885,2741
15886,2896
15887,2585
15888,2298
15889,2661
15890,1899
15891,3923
15892,2326
15893,3132
15894,3070
15895,2255
15896,2603
15897,2619
15898,2188
15899,2392
15900,3441
15901,2722
15902,3200
15903,1848
15904,3241
15905,2388
15906,2167
15907,2210
15908,2129
15909,2710
15910,2470
15911,1630
15912,3437
15913,2191
15914,3126
15915,3281
15916,2850
15917,2878
15918,2900
15919,2584
15920,3059
15921,2012
15922,2762
15923,2036
15924,2955
15925,3663
15926,2699
15927,2152
15928,2053
15929,2917
15930,3377
15931,4195
15932,2825
15933,3351
15934,2763
15935,2571
15936,2741
15937,3450
15938,2593
15939,3367
15940,2774
15941,2159
15942,2121
15943,1995
15944,2634
15945,2631
15946,2523
15947,3426
15948,2116
15949,2363
15950,3068
15951,2556
15952,2753
15953,3275
15954,1934
15955,3379
15956,2877
15957,3159
15958,3248
15959,3430
15960,2249
15961,2752
15962,3335
15963,2892
15964,2442
15965,3473
15966,2839
15967,2701
15968,2727
15969,2674
15970,2852
15971,2061
15972,2353
15973,2338
15974,2263
15975,2815
15976,2492
15977,2360
15978,4024
15979,2931
15980,3004
15981,2487
15982,2916
15983,2052
15984,3500
15985,2351
15986,1898
15987,2488
15988,2412
15989,2568
15990,2929
15991,3067
15992,3371
15993,2791
15994,2773
15995,3023
15996,3579
15997,3093
15998,3135
15999,2627
16000,3503
16001,2371
16002,3330
16003,4065
16004,4163
16005,2523
16006,3687
16007,3320
16008,2722
16009,3428
16010,2699
16011,2878
16012,1934
16013,3064
16014,3043
16015,3221
16016,2921
16017,3075
16018,3203
16019,1911
16020,3048
16021,2734
16022,2400
16023,1878
16024,3273
16025,2495
16026,2707
16027,3423
16028,2922
16029,1949
16030,3463
16031,1653
16032,2938
16033,3244
16034,2919
16035,2740
16036,3998
16037,2216
16038,2606
16039,2701
16040,2408
16041,3285
16042,1872
16043,3058
16044,3008
16045,2627
16046,1082
16047,4109
16048,2280
16049,3285
16050,2848
16051,2079
16052,2672
16053,2952
16054,3216
16055,2642
16056,4160
16057,2896
16058,2936
16059,2631
16060,2952
16061,1291
16062,3124
16063,3410
16064,2883
16065,3225
16066,2449
16067,2835
16068,2710
16069,2227
16070,3431
16071,2866
16072,2550
16073,3734
16074,3408
16075,2992
16076,2920
16077,3361
16078,2898
16079,2696
16080,2417
16081,2413
16082,3018
16083,4335
16084,2523
16085,3400
16086,2481
16087,3270
16088,2778
16089,2119
16090,3161
16091,2750
16092,3308
16093,2166
16094,2554
16095,3170
16096,2095
16097,3240
16098,2633
16099,3697
16100,2639
16101,2799
16102,1396
16103,2913
16104,2041
16105,2482
16106,3196
16107,3053
16108,3124
16109,3628
16110,3909
16111,3125
16112,3537
16113,4011
16114,2384
16115,2677
16116,3319
16117,1914
16118,2600
16119,2455
16120,2611
16121,2883
16122,3292
16123,2737
16124,2914
16125,2821
16126,2838
16127,3600
16128,3199
16129,2374
16130,1778
16131,3264
16132,2993
16133,2303
16134,2435
16135,2957
16136,1856
16137,2386
16138,3279
16139,2404
16140,2726
16141,2793
16142,3436
16143,2876
16144,2717
16145,3794
16146,2229
16147,2527
16148,1598
16149,3032
16150,2785
16151,1694
16152,1824
16153,2852
16154,3012
16155,3073
16156,2857
16157,2429
16158,3159
16159,2395
16160,3036
16161,2459
16162,2334
16163,2865
16164,2766
16165,3071
16166,2554
16167,3149
16168,3350
16169,3398
16170,1979
16171,2967
16172,2882
16173,3549
16174,3246
16175,2211
16176,1235
16177,3243
16178,2698
16179,3390
16180,3112
16181,2318
16182,3214
16183,1739
16184,2495
16185,2734
16186,2117
16187,2540
16188,3112
16189,3239
16190,2158
16191,3608
16192,3090
16193,2440
16194,3216
16195,2983
16196,4016
16197,3342
16198,2797
16199,3225
16200,1960
16201,2744
16202,3926
16203,3694
16204,1849
16205,2515
16206,2333
16207,2355
16208,2408
16209,2049
16210,2924
16211,2855
16212,2356
16213,2787
16214,3161
16215,3802
16216,3165
16217,3131
16218,2493
16219,2848
16220,3055
16221,2747
16222,3731
16223,2623
16224,2458
16225,2672
16226,2297
16227,3039
16228,3503
16229,1522
16230,3490
16231,3022
16232,3126
16233,1708
16234,3162
16235,2958
16236,2194
16237,2130
16238,2897
16239,2495
16240,2340
16241,1883
16242,2705
16243,2917
16244,2718
16245,1904
16246,2403
16247,2560
16248,3290
16249,1696
16250,3348
16251,1245
16252,2989
16253,3210
16254,2928
16255,2634
16256,2339
16257,2169
16258,2606
16259,3051
16260,3136
16261,1701
16262,2460
16263,2243
16264,3172
16265,3646
16266,2529
16267,3329
16268,2619
16269,2675
16270,3745
16271,2766
16272,1992
16273,2433
16274,3054
16275,2671
16276,2749
16277,3324
16278,2563
16279,3088
16280,2594
16281,2460
16282,3703
16283,2450
16284,2823
16285,3054
16286,2583
16287,2366
16288,2286
16289,2586
16290,2598
16291,2209
16292,3383
16293,3362
16294,1582
16295,2777
16296,1944
16297,3240
16298,2103
16299,2915
16300,3909
16301,2642
16302,3173
16303,2301
16304,2468
16305,3298
16306,2879
16307,2549
16308,2756
16309,3236
16310,3132
16311,2324
16312,2259
16313,3087
16314,2994
16315,2824
16316,3319
16317,4153
16318,2697
16319,3724
16320,3569
16321,3129
16322,3468
16323,1741
16324,2468
16325,3220
16326,2178
16327,1825
16328,3169
16329,2626
16330,2463
16331,3326
16332,2318
16333,2012
16334,2885
16335,2033
16336,2288
16337,2557
16338,2526
16339,3012
16340,2575
16341,3496
16342,2607
16343,3516
16344,2735
16345,2787
16346,1797
16347,1760
16348,3724
16349,2702
16350,3146
16351,2573
16352,3288
16353,2719
16354,2897
16355,4123
16356,2632
16357,4268
16358,3089
16359,2315
16360,3161
16361,3692
16362,2572
16363,3000
16364,3590
16365,3203
16366,2120
16367,3109
16368,3040
16369,3068
16370,3221
16371,3253
16372,3106
16373,1406
16374,2990
16375,2051
16376,3198
16377,3287
16378,3254
16379,2428
16380,3023
16381,2544
16382,2576
16383,2182
16384,3411
16385,2815
16386,2784
16387,1884
16388,2693
16389,3593
16390,2920
16391,2176
16392,2906
16393,2434
16394,2660
16395,3031
16396,2382
16397,3600
16398,2022
16399,2937
16400,2107
16401,1867
16402,2035
16403,3732
16404,1760
16405,3001
16406,3353
16407,2746
16408,1933
16409,1824
16410,3681
16411,2927
16412,2550
16413,3209
16414,2884
16415,2292
16416,3732
16417,3237
16418,2866
16419,2601
16420,2548
16421,2581
16422,2675
16423,2256
16424,2618
16425,4164
16426,2376
16427,3538
16428,3164
16429,3500
16430,2319
16431,2222
16432,2705
16433,2164
16434,2661
16435,2798
16436,1802
16437,2206
16438,1758
16439,1879
16440,3790
16441,2333
16442,3729
16443,3555
16444,2859
16445,3392
16446,3846
16447,2330
16448,2335
16449,3701
16450,2226
16451,2472
16452,2902
16453,3296
16454,2706
16455,2993
16456,2557
16457,2618
16458,3962
16459,3395
16460,2253
16461,3038
16462,2358
16463,3480
16464,3380
16465,2499
16466,2459
16467,2481
16468,3396
16469,2640
16470,3924
16471,3051
16472,3558
16473,3084
16474,1452
16475,3675
16476,2620
16477,2836
16478,3164
16479,2469
16480,2830
16481,2613
16482,2349
16483,3472
16484,2181
16485,2065
16486,2999
16487,3084
16488,3268
16489,3346
16490,2732
16491,3146
16492,2205
16493,2869
16494,2830
16495,3541
16496,2669
16497,3383
16498,2861
16499,2019
16500,2230
16501,3170
16502,3128
16503,2314
16504,3022
16505,2432
16506,2812
16507,2466
16508,2761
16509,3294
16510,2443
16511,2608
16512,4128
16513,2855
16514,2744
16515,2105
16516,1543
16517,3093
16518,2881
16519,3035
16520,2379
16521,2323
16522,3773
16523,2270
16524,3325
16525,2645
16526,3457
16527,3042
16528,2579
16529,1263
16530,2248
16531,2172
16532,2423
16533,1605
16534,2776
16535,2105
16536,3602
16537,3078
16538,2152
16539,3579
16540,1485
16541,3446
16542,3641
16543,2343
16544,2851
16545,3062
16546,2732
16547,3174
16548,2552
16549,2541
16550,3149
16551,2306
16552,3048
16553,1811
16554,2825
16555,2554
16556,1650
16557,1544
16558,2475
16559,2223
16560,3229
16561,2240
16562,2426
16563,1837
16564,2254
16565,2193
16566,3694
16567,3375
16568,2452
16569,2882
16570,2545
16571,3159
16572,2903
16573,2719
16574,2507
16575,2499
16576,2378
16577,2492
16578,3010
16579,3769
16580,3311
16581,3055
16582,2557
16583,3367
16584,2934
16585,2512
16586,4087
16587,2504
16588,2512
16589,3458
16590,2743
16591,2672
16592,3779
16593,2045
16594,1913
16595,1574
16596,2996
16597,1705
16598,3049
16599,3143
16600,1920
16601,2303
16602,3687
16603,2245
16604,1333
16605,2844
16606,3261
16607,3325
16608,3611
16609,2393
16610,2272
16611,2948
16612,3625
16613,2698
16614,2717
16615,2894
16616,3103
16617,2766
16618,2639
16619,3220
16620,2265
16621,1982
16622,2535
16623,3146
16624,3058
16625,2803
16626,3123
16627,2520
16628,2732
16629,3452
16630,3377
16631,2263
16632,2587
16633,2673
16634,2950
16635,2431
16636,2708
16637,3282
16638,2865
16639,4064
16640,3010
16641,2334
16642,2247
16643,1899
16644,2951
16645,1818
16646,3318
16647,3048
16648,2730
16649,2784
16650,2707
16651,2582
16652,2447
16653,2843
16654,2552
16655,3182
16656,3006
16657,2238
16658,2419
16659,3246
16660,3366
16661,3216
16662,2274
16663,3074
16664,2245
16665,2657
16666,3744
16667,2732
16668,2996
16669,2892
16670,2995
16671,2731
16672,2733
16673,3240
16674,2730
16675,4384
16676,3594
16677,2714
16678,1867
16679,2798
16680,2549
16681,3649
16682,2748
16683,2850
16684,2294
16685,3480
16686,2206
16687,2842
16688,3010
16689,1309
16690,3493
16691,2335
16692,3005
16693,2229
16694,2354
16695,2213
16696,3076
16697,3156
16698,2941
16699,3891
16700,2700
16701,1921
16702,2152
16703,2647
16704,3114
16705,3232
16706,1848
16707,2796
16708,2963
16709,2258
16710,2739
16711,1596
16712,3265
16713,2961
16714,3018
16715,3673
16716,2304
16717,2690
16718,2999
16719,2874
16720,3581
16721,2905
16722,4045
16723,2112
16724,3652
16725,2815
16726,4256
16727,3634
16728,2133
16729,3193
16730,2213
16731,2755
16732,2444
16733,3011
16734,2495
16735,2714
16736,3124
16737,2579
16738,2616
16739,2437
16740,2925
16741,2567
16742,3418
16743,2450
16744,3554
16745,2961
16746,2407
16747,3348
16748,3923
16749,3157
16750,2583
16751,3006
16752,2651
16753,2937
16754,2694
16755,2711
16756,2689
16757,1863
16758,2801
16759,1942
16760,4030
16761,2695
16762,2992
16763,2733
16764,3260
16765,2602
16766,2294
16767,3592
16768,2202
16769,3297
16770,3128
16771,3462
16772,3332
16773,1570
16774,2598
16775,3618
16776,2098
16777,3258
16778,1666
16779,2777
16780,2963
16781,1565
16782,3050
16783,2411
16784,1330
16785,2732
16786,2538
16787,2601
16788,3470
16789,3378
16790,3288
16791,2159
16792,2297
16793,2818
16794,3644
16795,1835
16796,3214
16797,2832
16798,2523
16799,1844
16800,2289
16801,3146
16802,2898
16803,2523
16804,2897
16805,2386
16806,2890
16807,3029
16808,3097
16809,2262
16810,3339
16811,2608
16812,3160
16813,2779
16814,2156
16815,2228
16816,2934
16817,2791
16818,2996
16819,2507
16820,2082
16821,1808
16822,3860
16823,3275
16824,3198
16825,2949
16826,2455
16827,3186
16828,2778
16829,2709
16830,2766
16831,1809
16832,2491
16833,2503
16834,3274
16835,2614
16836,2344
16837,2818
16838,2520
16839,2546
16840,2281
16841,3696
16842,3272
16843,3450
16844,3615
16845,2458
16846,2851
16847,3580
16848,3535
16849,2263
16850,3183
16851,3372
16852,3857
16853,2143
16854,2489
16855,3765
16856,2023
16857,2821
16858,3403
16859,2506
16860,2884
16861,2885
16862,3971
16863,2311
16864,2981
16865,2789
16866,2714
16867,2684
16868,3466
16869,2863
16870,2803
16871,3557
16872,2815
16873,2137
16874,2327
16875,1501
16876,4045
16877,2022
16878,3168
16879,3084
16880,2984
16881,2523
16882,2758
16883,3974
16884,1707
16885,2283
16886,1757
16887,3690
16888,2910
16889,2911
16890,3229
16891,3403
16892,3289
16893,2453
16894,3224
16895,3565
16896,2281
16897,2617
16898,2728
16899,2537
16900,2882
16901,3038
16902,2177
16903,2284
16904,2240
16905,2115
16906,2901
16907,2275
16908,3332
16909,2501
16910,2978
16911,2508
16912,2100
16913,2193
16914,3484
16915,3037
16916,3298
16917,1864
16918,1708
16919,3035
16920,2955
16921,2310
16922,2778
16923,2925
16924,2163
16925,2937
16926,2488
16927,2760
16928,2235
16929,3214
16930,3586
16931,3781
16932,1686
16933,3172
16934,3061
16935,2280
16936,2914
16937,3178
16938,2883
16939,1906
16940,2063
16941,2275
16942,2111
16943,2557
16944,2467
16945,2490
16946,3449
16947,2569
16948,3040
16949,3603
16950,2338
16951,1994
16952,2817
16953,2165
16954,3189
16955,3200
16956,2083
16957,2563
16958,2819
16959,2253
16960,2161
16961,2854
16962,3351
16963,3160
16964,2245
16965,2982
16966,648
16967,3076
16968,2100
16969,2836
16970,2746
16971,1977
16972,3151
16973,3171
16974,2045
16975,3274
16976,2738
16977,3441
16978,3226
16979,3891
16980,2817
16981,2558
16982,3108
16983,2566
16984,2170
16985,2743
16986,2527
16987,3002
16988,3011
16989,2857
16990,3086
16991,2964
16992,3439
16993,3406
16994,2871
16995,2803
16996,3589
16997,3116
16998,1585
16999,1774
17000,2958
17001,1674
17002,2325
17003,2074
17004,2479
17005,2745
17006,3520
17007,2457
17008,2188
17009,3065
17010,2857
17011,2923
17012,1954
17013,2685
17014,3155
17015,2923
17016,2913
17017,2511
17018,1775
17019,2878
17020,2477
17021,1825
17022,3101
17023,2492
17024,3814
17025,2965
17026,2662
17027,2584
17028,2607
17029,3128
17030,2806
17031,3005
17032,2976
17033,1892
17034,3021
17035,1685
17036,2223
17037,3335
17038,3651
17039,2963
17040,2224
17041,3072
17042,2743
17043,3727
17044,2602
17045,3190
17046,2378
17047,3410
17048,3533
17049,1862
17050,3375
17051,2711
17052,3059
17053,3318
17054,2350
17055,2971
17056,3305
17057,3850
17058,3238
17059,1784
17060,2602
17061,2701
17062,3248
17063,2406
17064,2900
17065,2118
17066,2719
17067,2876
17068,2173
17069,1954
17070,2901
17071,2374
17072,2927
17073,4226
17074,2353
17075,2287
17076,3067
17077,2821
17078,2042
17079,3069
17080,2297
17081,2287
17082,2579
17083,3784
17084,2077
17085,2832
17086,3558
17087,2928
17088,2734
17089,1918
17090,2828
17091,3123
17092,2077
17093,2637
17094,3078
17095,3215
17096,2692
17097,3297
17098,3163
17099,3235
17100,2475
17101,2968
17102,2273
17103,3286
17104,2792
17105,2308
17106,3226
17107,3196
17108,3057
17109,2989
17110,2077
17111,2942
17112,3142
17113,3396
17114,3005
17115,2204
17116,4691
17117,2183
17118,3746
17119,3771
17120,3432
17121,3359
17122,2618
17123,2712
17124,2910
17125,1755
17126,3829
17127,2736
17128,2680
17129,2717
17130,2365
17131,3022
17132,2120
17133,2655
17134,3034
17135,3035
17136,2199
17137,1895
17138,2543
17139,2214
17140,3161
17141,2514
17142,2372
17143,1599
17144,2029
17145,2099
17146,2810
17147,1965
17148,3340
17149,2119
17150,2688
17151,2058
17152,4047
17153,2640
17154,3392
17155,2969
17156,3315
17157,1631
17158,3446
17159,2174
17160,2872
17161,2735
17162,2678
17163,2411
17164,3221
17165,2517
17166,2965
17167,3314
17168,2495
17169,2938
17170,2790
17171,3154
17172,3880
17173,2892
17174,3196
17175,3148
17176,2744
17177,2167
17178,2330
17179,2753
17180,3225
17181,2764
17182,2318
17183,2597
17184,1650
17185,3300
17186,2112
17187,3001
17188,2285
17189,3139
17190,2632
17191,2432
17192,1943
17193,2763
17194,2206
17195,2646
17196,2693
17197,3751
17198,3253
17199,2844
17200,3298
17201,2926
17202,2589
17203,1844
17204,3227
17205,2480
17206,2854
17207,2937
17208,2638
17209,2775
17210,1869
17211,2774
17212,2886
17213,3110
17214,3076
17215,3344
17216,3598
17217,3196
17218,2637
17219,3545
17220,3232
17221,3173
17222,2736
17223,2777
17224,2788
17225,3318
17226,3087
17227,2558
17228,3131
17229,3366
17230,2480
17231,2611
17232,2688
17233,1741
17234,2810
17235,1930
17236,3121
17237,2620
17238,2568
17239,3925
17240,2528
17241,3458
17242,2121
17243,2103
17244,2393
17245,3025
17246,1213
17247,2952
17248,3654
17249,2522
17250,3009
17251,1991
17252,3504
17253,1435
17254,3368
17255,3087
17256,1812
17257,3341
17258,4289
17259,2647
17260,3557
17261,2802
17262,3239
17263,3317
17264,2990
17265,1478
17266,2321
17267,2306
17268,2953
17269,3371
17270,2107
17271,3003
17272,2466
17273,1584
17274,3149
17275,2692
17276,2936
17277,2627
17278,3419
17279,3359
17280,3232
17281,2004
17282,2871
17283,2902
17284,3590
17285,3122
17286,3071
17287,2155
17288,2622
17289,2386
17290,2056
17291,2716
17292,2807
17293,2266
17294,2953
17295,2930
17296,3883
17297,2555
17298,2149
17299,3816
17300,3312
17301,1546
17302,1905
17303,2387
17304,3207
17305,3067
17306,2555
17307,4379
17308,2831
17309,2380
17310,2406
17311,3247
17312,2595
17313,3853
17314,2427
17315,2251
17316,1965
17317,3408
17318,1880
17319,2196
17320,3255
17321,3073
17322,2902
17323,1961
17324,3222
17325,2642
17326,2525
17327,3280
17328,2156
17329,3099
17330,3367
17331,2042
17332,3160
17333,2346
17334,3307
17335,3091
17336,2181
17337,2450
17338,1673
17339,3229
17340,3163
17341,2674
17342,2049
17343,1542
17344,3835
17345,2801
17346,3494
17347,1935
17348,1843
17349,2462
17350,3378
17351,3025
17352,2712
17353,3680
17354,2800
17355,1770
17356,1629
17357,3699
17358,2440
17359,1879
17360,2809
17361,1533
17362,1626
17363,1979
17364,1614
17365,4304
17366,3517
17367,2643
17368,2918
17369,3158
17370,2619
17371,2785
17372,2303
17373,2472
17374,3275
17375,3119
17376,2271
17377,3838
17378,2975
17379,2809
17380,3282
17381,3205
17382,2390
17383,2476
17384,2613
17385,4143
17386,2291
17387,2716
17388,3322
17389,2580
17390,2240
17391,3732
17392,2220
17393,2231
17394,1948
17395,2292
17396,4584
17397,2758
17398,3692
17399,2397
17400,3845
17401,1455
17402,3013
17403,3131
17404,2973
17405,3121
17406,2780
17407,2589
17408,3802
17409,3432
17410,2873
17411,2453
17412,2556
17413,2764
17414,3453
17415,2971
17416,3467
17417,2880
17418,1361
17419,2647
17420,3488
17421,2672
17422,3481
17423,3484
17424,3120
17425,3031
17426,3089
17427,3305
17428,2467
17429,3309
17430,2775
17431,2983
17432,2814
17433,2717
17434,2246
17435,1709
17436,3454
17437,2444
17438,3636
17439,2520
17440,2582
17441,2589
17442,2631
17443,2388
17444,2986
17445,3104
17446,3136
17447,3589
17448,3278
17449,3370
17450,3060
17451,2312
17452,2873
17453,3485
17454,2825
17455,3143
17456,1755
17457,2421
17458,2673
17459,3724
17460,3047
17461,2837
17462,2447
17463,2758
17464,1994
17465,1283
17466,2993
17467,2201
17468,2813
17469,2304
17470,3439
17471,3311
17472,2803
17473,2585
17474,2922
17475,2551
17476,3428
17477,2157
17478,1810
17479,2462
17480,3090
17481,2733
17482,2526
17483,3010
17484,3456
17485,2044
17486,2899
17487,2778
17488,2888
17489,2565
17490,1827
17491,2859
17492,2613
17493,3448
17494,3281
17495,2848
17496,2764
17497,1892
17498,2877
17499,3587
17500,2949
17501,3324
17502,1834
17503,2128
17504,2702
17505,2962
17506,3485
17507,2370
17508,2567
17509,4142
17510,3184
17511,2325
17512,2737
17513,3170
17514,2358
17515,2652
17516,2343
17517,3494
17518,2716
17519,1561
17520,2814
17521,3387
17522,3013
17523,3285
17524,2589
17525,2469
17526,2270
17527,2347
17528,2791
17529,3284
17530,2156
17531,3614
17532,2173
17533,3190
17534,2447
17535,1657
17536,3496
17537,2106
17538,1816
17539,2929
17540,2072
17541,2062
17542,3133
17543,2799
17544,2960
17545,2915
17546,3106
17547,3156
17548,2375
17549,2282
17550,2375
17551,2687
17552,2541
17553,2905
17554,3461
17555,2550
17556,3279
17557,2819
17558,3159
17559,3380
17560,3860
17561,3566
17562,3296
17563,3080
17564,3325
17565,2554
17566,2789
17567,3075
17568,2496
17569,3105
17570,4007
17571,3185
17572,3508
17573,2077
17574,2363
17575,2622
17576,1850
17577,2048
17578,2240
17579,3141
17580,2387
17581,2092
17582,2535
17583,2747
17584,3973
17585,3550
17586,2273
17587,2745
17588,2139
17589,2837
17590,2983
17591,2212
17592,2065
17593,2855
17594,2821
17595,3595
17596,2886
17597,3145
17598,1911
17599,3128
17600,3606
17601,2885
17602,3251
17603,2164
17604,2686
17605,3394
17606,3831
17607,2232
17608,2799
17609,2594
17610,1924
17611,3550
17612,1703
17613,3092
17614,2012
17615,2845
17616,3096
17617,2235
17618,2467
17619,2846
17620,2712
17621,3286
17622,3977
17623,3657
17624,1973
17625,3191
17626,3676
17627,2672
17628,2714
17629,2815
17630,3782
17631,2118
17632,2104
17633,3090
17634,2153
17635,3115
17636,2387
17637,2863
17638,2250
17639,1972
17640,2652
17641,3018
17642,1650
17643,3947
17644,2448
17645,3532
17646,3336
17647,3296
17648,3613
17649,3418
17650,2332
17651,2768
17652,3685
17653,2650
17654,3497
17655,1933
17656,3408
17657,3148
17658,2529
17659,3149
17660,3136
17661,2861
17662,3000
17663,2708
17664,1963
17665,3326
17666,2849
17667,2597
17668,2376
17669,3770
17670,2476
17671,2760
17672,2481
17673,3094
17674,2486
17675,2648
17676,2034
17677,2849
17678,2780
17679,2663
17680,3684
17681,2045
17682,4057
17683,2359
17684,3479
17685,2638
17686,2250
17687,3249
17688,2801
17689,2212
17690,3055
17691,3136
17692,1574
17693,2825
17694,3030
17695,2762
17696,3188
17697,2420
17698,2744
17699,2963
17700,2128
17701,3087
17702,3856
17703,2511
17704,2875
17705,1943
17706,2759
17707,1962
17708,2207
17709,1997
17710,1649
17711,2677
17712,3281
17713,2466
17714,3426
17715,3779
17716,2792
17717,2293
17718,2270
17719,2668
17720,3064
17721,2037
17722,2769
17723,2945
17724,2763
17725,2071
17726,4060
17727,2474
17728,2624
17729,3756
17730,2369
17731,1897
17732,1829
17733,2649
17734,3160
17735,3069
17736,2017
17737,3029
17738,2665
17739,2480
17740,2896
17741,2055
17742,3346
17743,3024
17744,3033
17745,2863
17746,2361
17747,3413
17748,2180
17749,3696
17750,3385
17751,3201
17752,3332
17753,3383
17754,2069
17755,3254
17756,2881
17757,2657
17758,2698
17759,3641
17760,2479
17761,2947
17762,2506
17763,3136
17764,3717
17765,3448
17766,3867
17767,3164
17768,3091
17769,2117
17770,3129
17771,2639
17772,3093
17773,2100
17774,2393
17775,2017
17776,2975
17777,2326
17778,3819
17779,2414
17780,2860
17781,2456
17782,3372
17783,2557
17784,2407
17785,1825
17786,1590
17787,3468
17788,2869
17789,2887
17790,3848
17791,1754
17792,3151
17793,1264
17794,2997
17795,3658
17796,2645
17797,2742
17798,2792
17799,3063
17800,2862
17801,2355
17802,3136
17803,2944
17804,3709
17805,3305
17806,3033
17807,2063
17808,3006
17809,4542
17810,2107
17811,2717
17812,2678
17813,2793
17814,2562
17815,2308
17816,1787
17817,2833
17818,2638
17819,2275
17820,2473
17821,2033
17822,2876
17823,2639
17824,3418
17825,2254
17826,2251
17827,2821
17828,3395
17829,2907
17830,2786
17831,2761
17832,2636
17833,3111
17834,3078
17835,2891
17836,2671
17837,3526
17838,3761
17839,3051
17840,2647
17841,3207
17842,3557
17843,3258
17844,3957
17845,2091
17846,3105
17847,3463
17848,3540
17849,2585
17850,3583
17851,2430
17852,2952
17853,2336
17854,2923
17855,2822
17856,2110
17857,2505
17858,1882
17859,2545
17860,2625
17861,2401
17862,1664
17863,2545
17864,2776
17865,2014
17866,3312
17867,2425
17868,1684
17869,3104
17870,3326
17871,3392
17872,2664
17873,3506
17874,2889
17875,3001
17876,2951
17877,2365
17878,3429
17879,2773
17880,2456
17881,1765
17882,3004
17883,2214
17884,2718
17885,2086
17886,1464
17887,2798
17888,2923
17889,2907
17890,2076
17891,3221
17892,3686
17893,2874
17894,3580
17895,3135
17896,2859
17897,3289
17898,2298
17899,2259
17900,3669
17901,2744
17902,2618
17903,2729
17904,3003
17905,2706
17906,2478
17907,3858
17908,2874
17909,1830
17910,2741
17911,3719
17912,1452
17913,1983
17914,3490
17915,2510
17916,2014
17917,3814
17918,2999
17919,2717
17920,2419
17921,3616
17922,1951
17923,4032
17924,3468
17925,1991
17926,1821
17927,3148
17928,2810
17929,1997
17930,2997
17931,1498
17932,3254
17933,3029
17934,2244
17935,2687
17936,3510
17937,2443
17938,2673
17939,2018
17940,3304
17941,3062
17942,2258
17943,2506
17944,2671
17945,2826
17946,2892
17947,3442
17948,3282
17949,3618
17950,3892
17951,2695
17952,3316
17953,3656
17954,3530
17955,2725
17956,2633
17957,2980
17958,2959
17959,2982
17960,3723
17961,3723
17962,2264
17963,3427
17964,1429
17965,3136
17966,3065
17967,1408
17968,3057
17969,3013
17970,2893
17971,3225
17972,2669
17973,2426
17974,2533
17975,2920
17976,3529
17977,3806
17978,2370
17979,2701
17980,3572
17981,1955
17982,2753
17983,3706
17984,1958
17985,3098
17986,3104
17987,3364
17988,3079
17989,3513
17990,1783
17991,3345
17992,1670
17993,2926
17994,2346
17995,2130
17996,3211
17997,3025
17998,3521
17999,2254
18000,2469
18001,4046
18002,3237
18003,2136
18004,2495
18005,3230
18006,3785
18007,3305
18008,2903
18009,2769
18010,2905
18011,1825
18012,2502
18013,3008
18014,2599
18015,2041
18016,2728
18017,2439
18018,3111
18019,2705
18020,3170
18021,3117
18022,3431
18023,2144
18024,2080
18025,2438
18026,1913
18027,2712
18028,3654
18029,3551
18030,3388
18031,1794
18032,2174
18033,2482
18034,3184
18035,2836
18036,2982
18037,2080
18038,3211
18039,2443
18040,2696
18041,2972
18042,3175
18043,2867
18044,3572
18045,2775
18046,2914
18047,3590
18048,2577
18049,3040
18050,2653
18051,2078
18052,2917
18053,3389
18054,2619
18055,3387
18056,3943
18057,3859
18058,3726
18059,3084
18060,3114
18061,2955
18062,3061
18063,2277
18064,2735
18065,2773
18066,3228
18067,3370
18068,3873
18069,3120
18070,1619
18071,3425
18072,2100
18073,2370
18074,2240
18075,2242
18076,3857
18077,3815
18078,2528
18079,3131
18080,4004
18081,3384
18082,2875
18083,1420
18084,2363
18085,2643
18086,2623
18087,3037
18088,1923
18089,2044
18090,3495
18091,3272
18092,2689
18093,3140
18094,2296
18095,2634
18096,1984
18097,2094
18098,2640
18099,2149
18100,2551
18101,3085
18102,2420
18103,1959
18104,2451
18105,2787
18106,2500
18107,2065
18108,2661
18109,3827
18110,2507
18111,2921
18112,2014
18113,3681
18114,3161
18115,3258
18116,2355
18117,1706
18118,1669
18119,2287
18120,3359
18121,3249
18122,2498
18123,3221
18124,1868
18125,3216
18126,2612
18127,2912
18128,3318
18129,3124
18130,3691
18131,2647
18132,2505
18133,3390
18134,2493
18135,3093
18136,2520
18137,2387
18138,3105
18139,1406
18140,3491
18141,3025
18142,2683
18143,2734
18144,1397
18145,2784
18146,3050
18147,3477
18148,3509
18149,1871
18150,3386
18151,3129
18152,2669
18153,3283
18154,2969
18155,2617
18156,3369
18157,2869
18158,2976
18159,2549
18160,1976
18161,3037
18162,2159
18163,1926
18164,3253
18165,3402
18166,2657
18167,2717
18168,2665
18169,3267
18170,3026
18171,1548
18172,2762
18173,3131
18174,2295
18175,3062
18176,3013
18177,3344
18178,3517
18179,3253
18180,3112
18181,3266
18182,2071
18183,2331
18184,3008
18185,2387
18186,2513
18187,2876
18188,2977
18189,1909
18190,2881
18191,3370
18192,1792
18193,1914
18194,3265
18195,1763
18196,2707
18197,2484
18198,3192
18199,3612
18200,4318
18201,2846
18202,2573
18203,2464
18204,3474
18205,2510
18206,2217
18207,2568
18208,1622
18209,3152
18210,2261
18211,2004
18212,2008
18213,2310
18214,3244
18215,2850
18216,2964
18217,3257
18218,2304
18219,2299
18220,3493
18221,3090
18222,3296
18223,2411
18224,2606
18225,3131
18226,2672
18227,3478
18228,2559
18229,3004
18230,2628
18231,2626
18232,2293
18233,2690
18234,2861
18235,2602
18236,2734
18237,3589
18238,3393
18239,2152
18240,3321
18241,3614
18242,2915
18243,2992
18244,2555
18245,1854
18246,3315
18247,3113
18248,2842
18249,1861
18250,2574
18251,2703
18252,2951
18253,2920
18254,2097
18255,2395
18256,2197
18257,3391
18258,2840
18259,2831
18260,3040
18261,2834
18262,3294
18263,2853
18264,2228
18265,3777
18266,2924
18267,3688
18268,2173
18269,2841
18270,1717
18271,2944
18272,3527
18273,3354
18274,2727
18275,3630
18276,2121
18277,2242
18278,2916
18279,3737
18280,2355
18281,3787
18282,3525
18283,3004
18284,2643
18285,2687
18286,1908
18287,1985
18288,2800
18289,3808
18290,3877
18291,3128
18292,3603
18293,2594
18294,2343
18295,3179
18296,2107
18297,2220
18298,2723
18299,2632
18300,3334
18301,2855
18302,3052
18303,2379
18304,2839
18305,2967
18306,3439
18307,2957
18308,2376
18309,2683
18310,3354
18311,3876
18312,1679
18313,2859
18314,3990
18315,2810
18316,3182
18317,2704
18318,3026
18319,3048
18320,2541
18321,2503
18322,2862
18323,2552
18324,2578
18325,2510
18326,2510
18327,3766
18328,2892
18329,3501
18330,3149
18331,3686
18332,3490
18333,3543
18334,1718
18335,2908
18336,2394
18337,2974
18338,3096
18339,3455
18340,3000
18341,2719
18342,3248
18343,3205
18344,2352
18345,1892
18346,2790
18347,1760
18348,2419
18349,3901
18350,2759
18351,2713
18352,2332
18353,2166
18354,3376
18355,2656
18356,2249
18357,3546
18358,2355
18359,2560
18360,2917
18361,2999
18362,3655
18363,3106
18364,2852
18365,3265
18366,1522
18367,2789
18368,2380
18369,2186
18370,3109
18371,2846
18372,3539
18373,1328
18374,1773
18375,2478
18376,2248
18377,1870
18378,3173
18379,3522
18380,3460
18381,2961
18382,2665
18383,3427
18384,3508
18385,3074
18386,2839
18387,3350
18388,2414
18389,2744
18390,2352
18391,2522
18392,2606
18393,3249
18394,2783
18395,3863
18396,3282
18397,2841
18398,3279
18399,1607
18400,2541
18401,2268
18402,2688
18403,3693
18404,2126
18405,3009
18406,3800
18407,2513
18408,2799
18409,3400
18410,2560
18411,2183
18412,2959
18413,2355
18414,3248
18415,1896
18416,3942
18417,2330
18418,3112
18419,2416
18420,2218
18421,2982
18422,2552
18423,1979
18424,2105
18425,2709
18426,2779
18427,2845
18428,2669
18429,2085
18430,3227
18431,2619
18432,3181
18433,2194
18434,3415
18435,2130
18436,2917
18437,3372
18438,2147
18439,3084
18440,2361
18441,1989
18442,3023
18443,3454
18444,3183
18445,2694
18446,2898
18447,2893
18448,2292
18449,3175
18450,1874
18451,2680
18452,2150
18453,2144
18454,3167
18455,3252
18456,3340
18457,2544
18458,2708
18459,3344
18460,3444
18461,2429
18462,3656
18463,2293
18464,1788
18465,1722
18466,3596
18467,3515
18468,3650
18469,2187
18470,2818
18471,3749
18472,2045
18473,2522
18474,2415
18475,2829
18476,3246
18477,2688
18478,3166
18479,2688
18480,2215
18481,1915
18482,3020
18483,2814
18484,2930
18485,2472
18486,2786
18487,3178
18488,2370
18489,2196
18490,2213
18491,2212
18492,3118
18493,2886
18494,3858
18495,2288
18496,2775
18497,3918
18498,2810
18499,3253
18500,1760
18501,3363
18502,2652
18503,2826
18504,1832
18505,2240
18506,3233
18507,2340
18508,2269
18509,2786
18510,1432
18511,2855
18512,2831
18513,1735
18514,4294
18515,2250
18516,2001
18517,2378
18518,3186
18519,2005
18520,3840
18521,3480
18522,2972
18523,1711
18524,2569
18525,3127
18526,3030
18527,2329
18528,3641
18529,2432
18530,2141
18531,2161
18532,3041
18533,2701
18534,3074
18535,2350
18536,2467
18537,2489
18538,3282
18539,3166
18540,3225
18541,2363
18542,2411
18543,3560
18544,2888
18545,2684
18546,2218
18547,3260
18548,2167
18549,2992
18550,2448
18551,2385
18552,3168
18553,2216
18554,2486
18555,3498
18556,3405
18557,2102
18558,3096
18559,3334
18560,2431
18561,2666
18562,3196
18563,2886
18564,2557
18565,2914
18566,2884
18567,3585
18568,3746
18569,3367
18570,3055
18571,2417
18572,2015
18573,3342
18574,2951
18575,3639
18576,2917
18577,2211
18578,2534
18579,3503
18580,3011
18581,2303
18582,3590
18583,2813
18584,2354
18585,2277
18586,2247
18587,2758
18588,1866
18589,3385
18590,2337
18591,2760
18592,2014
18593,2490
18594,3577
18595,2838
18596,3188
18597,2492
18598,2146
18599,3526
18600,2483
18601,2626
18602,2479
18603,3623
18604,3133
18605,2107
18606,3323
18607,2675
18608,2717
18609,937
18610,2829
18611,3079
18612,2158
18613,4195
18614,1906
18615,2364
18616,2020
18617,1834
18618,3687
18619,3127
18620,2604
18621,2892
18622,2566
18623,2947
18624,1828
18625,2321
18626,3145
18627,2734
18628,2543
18629,3058
18630,2294
18631,2339
18632,3358
18633,2496
18634,2554
18635,3188
18636,2549
18637,2549
18638,2924
18639,3170
18640,2051
18641,2757
18642,3161
18643,2693
18644,3439
18645,1595
18646,3933
18647,2870
18648,3070
18649,2513
18650,2746
18651,3227
18652,1615
18653,3215
18654,3049
18655,3919
18656,2665
18657,2719
18658,2379
18659,2730
18660,2161
18661,2236
18662,2853
18663,2410
18664,2138
18665,2113
18666,2850
18667,3776
18668,2277
18669,1885
18670,2386
18671,2650
18672,1241
18673,2424
18674,2559
18675,3480
18676,2678
18677,2629
18678,2495
18679,3574
18680,2797
18681,2191
18682,1981
18683,3232
18684,3224
18685,3073
18686,3939
18687,4148
18688,1799
18689,2283
18690,2411
18691,2966
18692,1733
18693,3742
18694,2164
18695,2724
18696,2531
18697,2094
18698,2809
18699,2381
18700,2970
18701,2916
18702,2549
18703,3553
18704,2488
18705,2584
18706,2065
18707,3838
18708,2863
18709,3639
18710,3081
18711,4201
18712,3197
18713,2598
18714,3565
18715,2294
18716,2729
18717,2537
18718,2353
18719,2999
18720,2695
18721,2245
18722,2488
18723,2739
18724,3206
18725,2977
18726,2965
18727,1136
18728,1163
18729,3298
18730,2728
18731,2050
18732,2342
18733,2959
18734,3132
18735,1978
18736,3079
18737,3008
18738,2386
18739,3767
18740,1048
18741,2393
18742,1895
18743,1897
18744,3154
18745,3301
18746,2553
18747,2680
18748,3239
18749,3419
18750,2589
18751,2827
18752,1962
18753,2565
18754,2266
18755,2974
18756,2040
18757,3108
18758,2523
18759,3330
18760,2945
18761,2960
18762,2363
18763,3525
18764,2834
18765,2841
18766,2974
18767,1742
18768,2552
18769,2841
18770,2611
18771,3522
18772,2169
18773,3471
18774,2756
18775,1852
18776,3795
18777,3098
18778,2633
18779,3607
18780,2768
18781,2917
18782,2433
18783,1827
18784,2697
18785,2526
18786,1979
18787,3112
18788,2941
18789,3357
18790,3313
18791,3991
18792,2868
18793,2541
18794,2961
18795,2504
18796,1788
18797,2695
18798,2691
18799,1791
18800,4124
18801,2565
18802,2823
18803,3135
18804,2242
18805,3380
18806,2374
18807,1832
18808,1125
18809,2650
18810,3428
18811,1943
18812,3315
18813,2491
18814,2515
18815,3040
18816,2812
18817,2465
18818,2004
18819,2945
18820,2545
18821,1629
18822,2694
18823,2849
18824,2991
18825,2920
18826,3146
18827,3246
18828,3230
18829,2509
18830,3174
18831,3265
18832,1939
18833,2461
18834,2558
18835,3260
18836,3959
18837,2985
18838,2590
18839,3144
18840,3213
18841,2219
18842,2590
18843,3018
18844,3065
18845,3610
18846,2207
18847,3227
18848,1697
18849,1966
18850,2199
18851,3394
18852,2513
18853,3288
18854,2642
18855,2810
18856,2751
18857,2924
18858,1440
18859,2774
18860,2920
18861,2208
18862,2750
18863,2408
18864,3457
18865,2708
18866,1887
18867,3474
18868,4001
18869,2277
18870,2943
18871,3054
18872,2543
18873,3915
18874,2447
18875,4027
18876,2388
18877,1464
18878,4621
18879,3107
18880,3098
18881,2157
18882,4040
18883,2540
18884,2186
18885,2227
18886,3106
18887,2501
18888,2625
18889,2641
18890,2321
18891,2650
18892,2480
18893,3410
18894,3176
18895,2014
18896,2315
18897,2680
18898,3453
18899,2111
18900,2618
18901,4198
18902,2447
18903,3318
18904,2361
18905,3843
18906,2580
18907,2679
18908,2238
18909,3613
18910,3306
18911,3979
18912,3563
18913,2564
18914,2820
18915,2931
18916,2608
18917,3005
18918,2122
18919,3423
18920,2718
18921,2818
18922,2086
18923,2526
18924,3450
18925,2602
18926,2824
18927,4018
18928,3128
18929,2932
18930,2092
18931,3231
18932,2364
18933,2165
18934,3605
18935,2896
18936,1760
18937,3595
18938,2657
18939,1206
18940,3203
18941,3020
18942,3860
18943,3740
18944,1709
18945,2543
18946,2029
18947,2718
18948,3402
18949,3301
18950,1811
18951,2609
18952,3835
18953,2291
18954,3834
18955,1452
18956,2705
18957,2815
18958,2420
18959,2794
18960,3053
18961,2302
18962,3409
18963,2467
18964,3797
18965,2630
18966,3541
18967,2689
18968,1290
18969,2455
18970,3158
18971,1963
18972,2286
18973,2506
18974,2955
18975,3035
18976,1877
18977,2885
18978,2414
18979,3537
18980,3006
18981,2328
18982,2431
18983,2054
18984,3587
18985,2496
18986,2585
18987,2523
18988,2446
18989,2041
18990,2814
18991,1927
18992,2928
18993,3377
18994,2269
18995,2563
18996,3260
18997,3016
18998,1705
18999,2603
19000,2017
19001,2231
19002,2990
19003,3186
19004,3600
19005,2334
19006,2599
19007,2400
19008,2013
19009,3726
19010,2417
19011,3872
19012,3399
19013,3506
19014,1147
19015,2618
19016,2668
19017,2227
19018,2072
19019,3356
19020,2815
19021,2400
19022,3169
19023,2671
19024,1916
19025,2562
19026,2919
19027,3259
19028,2762
19029,2016
19030,3228
19031,2585
19032,2562
19033,2695
19034,2329
19035,3690
19036,2305
19037,2324
19038,3946
19039,2664
19040,2454
19041,3116
19042,3034
19043,2678
19044,2858
19045,2540
19046,2345
19047,2196
19048,3860
19049,2927
19050,3214
19051,1480
19052,2734
19053,1814
19054,2831
19055,3032
19056,3501
19057,2254
19058,2954
19059,3108
19060,2703
19061,1826
19062,3070
19063,2543
19064,2523
19065,3604
19066,2852
19067,2079
19068,3272
19069,2391
19070,3240
19071,3784
19072,3376
19073,2428
19074,2130
19075,1719
19076,2570
19077,3194
19078,2734
19079,2257
19080,4057
19081,3250
19082,2778
19083,4232
19084,1956
19085,2659
19086,3133
19087,2779
19088,2258
19089,2839
19090,2382
19091,2715
19092,3410
19093,3165
19094,3249
19095,2470
19096,3242
19097,1836
19098,2928
19099,2432
19100,2499
19101,2591
19102,2156
19103,3765
19104,2801
19105,3038
19106,3835
19107,2796
19108,3116
19109,3021
19110,3051
19111,2997
19112,2422
19113,3003
19114,3728
19115,2778
19116,1644
19117,3409
19118,2899
19119,2521
19120,3371
19121,3174
19122,2667
19123,3089
19124,3311
19125,3298
19126,3013
19127,3077
19128,2253
19129,2751
19130,2582
19131,3440
19132,1701
19133,1817
19134,2141
19135,2662
19136,2708
19137,2535
19138,2727
19139,1938
19140,1884
19141,3088
19142,3115
19143,2098
19144,2226
19145,1897
19146,2399
19147,2492
19148,2064
19149,2311
19150,2331
19151,2508
19152,2435
19153,2449
19154,3258
19155,3015
19156,3431
19157,2142
19158,2853
19159,1714
19160,1845
19161,2836
19162,4024
19163,3260
19164,2539
19165,2457
19166,3688
19167,2566
19168,2281
19169,2445
19170,3218
19171,2816
19172,2805
19173,2430
19174,3049
19175,1328
19176,3754
19177,2041
19178,3121
19179,2880
19180,3949
19181,2683
19182,2999
19183,2806
19184,3394
19185,2429
19186,3741
19187,2984
19188,3474
19189,2207
19190,2782
19191,2768
19192,2528
19193,2811
19194,2982
19195,1961
19196,2682
19197,2688
19198,2283
19199,2794
19200,2796
19201,3055
19202,2586
19203,2156
19204,3453
19205,2785
19206,3229
19207,2935
19208,3034
19209,3797
19210,3455
19211,1902
19212,2418
19213,2755
19214,2533
19215,2318
19216,3675
19217,2800
19218,2517
19219,1717
19220,2723
19221,1980
19222,3334
19223,3616
19224,3597
19225,2158
19226,2985
19227,2224
19228,2425
19229,2984
19230,3064
19231,2755
19232,3278
19233,1918
19234,2986
19235,2782
19236,2654
19237,2334
19238,3114
19239,2696
19240,2336
19241,2437
19242,2268
19243,3137
19244,3441
19245,3224
19246,4008
19247,3486
19248,2680
19249,2673
19250,3435
19251,2519
19252,3702
19253,1609
19254,2591
19255,2263
19256,2522
19257,1340
19258,3000
19259,1751
19260,3011
19261,3200
19262,2412
19263,2389
19264,2854
19265,2335
19266,3482
19267,2450
19268,1919
19269,3621
19270,2261
19271,2818
19272,3200
19273,2964
19274,2122
19275,3423
19276,1893
19277,2794
19278,2632
19279,2527
19280,3015
19281,3409
19282,2555
19283,2404
19284,2793
19285,2264
19286,2248
19287,2340
19288,2687
19289,2188
19290,2332
19291,2386
19292,3129
19293,2177
19294,2028
19295,2720
19296,2236
19297,3448
19298,2197
19299,3504
19300,3186
19301,3405
19302,2517
19303,3350
19304,2336
19305,2117
19306,3341
19307,2582
19308,3672
19309,2690
19310,3337
19311,1914
19312,2642
19313,3058
19314,3639
19315,3005
19316,2935
19317,3159
19318,2640
19319,3703
19320,3463
19321,2651
19322,2618
19323,2576
19324,2641
19325,2090
19326,3378
19327,2282
19328,3211
19329,3266
19330,4380
19331,3508
19332,2539
19333,2862
19334,2750
19335,2446
19336,2270
19337,2073
19338,3856
19339,2855
19340,3351
19341,3122
19342,2103
19343,2801
19344,3099
19345,2880
19346,3311
19347,3079
19348,2293
19349,2804
19350,3174
19351,3072
19352,3516
19353,2814
19354,1784
19355,2704
19356,1765
19357,2733
19358,3274
19359,2777
19360,3019
19361,3299
19362,2779
19363,1970
19364,3117
19365,2544
19366,2859
19367,3284
19368,2284
19369,2325
19370,2955
19371,3983
19372,2163
19373,2959
19374,2627
19375,2778
19376,4194
19377,3099
19378,3340
19379,2431
19380,2247
19381,2155
19382,2500
19383,3434
19384,2342
19385,2481
19386,2948
19387,3126
19388,3702
19389,1698
19390,3462
19391,2090
19392,1973
19393,2143
19394,2993
19395,2155
19396,2664
19397,2277
19398,3658
19399,2854
19400,3320
19401,3297
19402,3189
19403,3803
19404,3038
19405,2127
19406,3594
19407,3119
19408,2708
19409,3544
19410,2448
19411,3185
19412,3808
19413,3015
19414,2117
19415,3519
19416,2632
19417,2492
19418,4288
19419,3536
19420,2972
19421,3043
19422,2083
19423,2250
19424,3217
19425,3288
19426,2832
19427,3819
19428,3415
19429,2553
19430,3241
19431,2425
19432,3635
19433,2448
19434,2329
19435,2487
19436,3828
19437,3280
19438,2969
19439,2196
19440,3121
19441,3325
19442,1826
19443,3512
19444,2564
19445,3652
19446,2829
19447,2067
19448,2638
19449,3684
19450,2634
19451,2287
19452,1875
19453,2456
19454,1990
19455,3471
19456,3159
19457,3448
19458,2899
19459,1872
19460,1887
19461,3154
19462,3517
19463,1964
19464,3009
19465,2621
19466,2535
19467,2675
19468,2746
19469,1899
19470,2110
19471,3041
19472,3420
19473,2502
19474,3705
19475,3102
19476,2497
19477,4393
19478,2235
19479,2768
19480,2900
19481,2361
19482,3688
19483,3134
19484,3042
19485,2681
19486,2385
19487,3286
19488,2661
19489,2648
19490,3028
19491,3526
19492,2210
19493,2654
19494,2559
19495,3373
19496,3119
19497,1802
19498,2932
19499,3311
19500,940
19501,1927
19502,3085
19503,2294
19504,3500
19505,2618
19506,2291
19507,3507
19508,2535
19509,2263
19510,3105
19511,3053
19512,2404
19513,2409
19514,3439
19515,2211
19516,3454
19517,1336
19518,3253
19519,3784
19520,3220
19521,2792
19522,3298
19523,1730
19524,3085
19525,2385
19526,3036
19527,2708
19528,3144
19529,2562
19530,2903
19531,2926
19532,2955
19533,2333
19534,2800
19535,2175
19536,2342
19537,3641
19538,2799
19539,3938
19540,2625
19541,3219
19542,2426
19543,3027
19544,3466
19545,2151
19546,2540
19547,1879
19548,2816
19549,2914
19550,3683
19551,3071
19552,2795
19553,2651
19554,3003
19555,2477
19556,2633
19557,3437
19558,2436
19559,2493
19560,2457
19561,2956
19562,2798
19563,2950
19564,2918
19565,1471
19566,2836
19567,3171
19568,2387
19569,3202
19570,3058
19571,3714
19572,3063
19573,3520
19574,2707
19575,1415
19576,3210
19577,3159
19578,2982
19579,2367
19580,3785
19581,2814
19582,3745
19583,2441
19584,3304
19585,2379
19586,2155
19587,2690
19588,3547
19589,3626
19590,2536
19591,3221
19592,2859
19593,3120
19594,2977
19595,3088
19596,2910
19597,2404
19598,2519
19599,2205
19600,2700
19601,2218
19602,2003
19603,2751
19604,3073
19605,3339
19606,2559
19607,3343
19608,2633
19609,2631
19610,2656
19611,3054
19612,3292
19613,3292
19614,2704
19615,2929
19616,3316
19617,2444
19618,2130
19619,3278
19620,2628
19621,2758
19622,3011
19623,2460
19624,2077
19625,3495
19626,4140
19627,3573
19628,1808
19629,2987
19630,4072
19631,2306
19632,3422
19633,2727
19634,2449
19635,3536
19636,3006
19637,2817
19638,2565
19639,3400
19640,3142
19641,4016
19642,1886
19643,2730
19644,2761
19645,1841
19646,1891
19647,2460
19648,2459
19649,2890
19650,3171
19651,2500
19652,3016
19653,3082
19654,2463
19655,2043
19656,2929
19657,3140
19658,2490
19659,2444
19660,2667
19661,2030
19662,3351
19663,3191
19664,3139
19665,2127
19666,2480
19667,4256
19668,1992
19669,2501
19670,2487
19671,2817
19672,2514
19673,2264
19674,2932
19675,2954
19676,3621
19677,3477
19678,3061
19679,3777
19680,2151
19681,3133
19682,2905
19683,3005
19684,2884
19685,2641
19686,2952
19687,2084
19688,2656
19689,3170
19690,2791
19691,2394
19692,3037
19693,2548
19694,2061
19695,2480
19696,3999
19697,2693
19698,4136
19699,3434
19700,2668
19701,3325
19702,3380
19703,3191
19704,4229
19705,2303
19706,2800
19707,2866
19708,2452
19709,3013
19710,3612
19711,3612
19712,3252
19713,2320
19714,2177
19715,2583
19716,3360
19717,2738
19718,2954
19719,3528
19720,2314
19721,2739
19722,3136
19723,2381
19724,3056
19725,1746
19726,3116
19727,3281
19728,3447
19729,3074
19730,3959
19731,3884
19732,2441
19733,2695
19734,2210
19735,2743
19736,2093
19737,2279
19738,3337
19739,3033
19740,1842
19741,2965
19742,2140
19743,2326
19744,2083
19745,3040
19746,2396
19747,2585
19748,2833
19749,2988
19750,2471
19751,2478
19752,3376
19753,3608
19754,1607
19755,2084
19756,1600
19757,2866
19758,2462
19759,3477
19760,3121
19761,2771
19762,3437
19763,2385
19764,2798
19765,1874
19766,1865
19767,3595
19768,2937
19769,2549
19770,3165
19771,2565
19772,3249
19773,3158
19774,3106
19775,3212
19776,3148
19777,2400
19778,2256
19779,3076
19780,3459
19781,2842
19782,2986
19783,3238
19784,2090
19785,3189
19786,2728
19787,2779
19788,2435
19789,2254
19790,2225
19791,3455
19792,2832
19793,3186
19794,2711
19795,3447
19796,2449
19797,1991
19798,2438
19799,3565
19800,3234
19801,2754
19802,3526
19803,3718
19804,3256
19805,2410
19806,2896
19807,2769
19808,3505
19809,2172
19810,3136
19811,2654
19812,2727
19813,2803
19814,3115
19815,2998
19816,2366
19817,4257
19818,2045
19819,2534
19820,2277
19821,2451
19822,2855
19823,2769
19824,3346
19825,2395
19826,2852
19827,2219
19828,3870
19829,2856
19830,3446
19831,3125
19832,2332
19833,3057
19834,2027
19835,2417
19836,3338
19837,2200
19838,3786
19839,2954
19840,1276
19841,2302
19842,1516
19843,2007
19844,2688
19845,3106
19846,2854
19847,2282
19848,2693
19849,2369
19850,2946
19851,2946
19852,2865
19853,3164
19854,3255
19855,2326
19856,2046
19857,2684
19858,2310
19859,1680
19860,2972
19861,2776
19862,2541
19863,2474
19864,1925
19865,2103
19866,2713
19867,2843
19868,1941
19869,2142
19870,2893
19871,2523
19872,2652
19873,2390
19874,3408
19875,2071
19876,3227
19877,2437
19878,3106
19879,2467
19880,2795
19881,3017
19882,3026
19883,1902
19884,2576
19885,2920
19886,2179
19887,2573
19888,3043
19889,2606
19890,3191
19891,3600
19892,3103
19893,2678
19894,2946
19895,2941
19896,3496
19897,1940
19898,2471
19899,2290
19900,2939
19901,1975
19902,3266
19903,2591
19904,2610
19905,3234
19906,3195
19907,2297
19908,3433
19909,2845
19910,3028
19911,3858
19912,2657
19913,3137
19914,3209
19915,1705
19916,4077
19917,3422
19918,2333
19919,3372
19920,2264
19921,2902
19922,2484
19923,3194
19924,3149
19925,3526
19926,2890
19927,4328
19928,2694
19929,2684
19930,2768
19931,2417
19932,2990
19933,3391
19934,3696
19935,2651
19936,3127
19937,2880
19938,2751
19939,3128
19940,2438
19941,3152
19942,2906
19943,3199
19944,2310
19945,3208
19946,2790
19947,1855
19948,2790
19949,3112
19950,2328
19951,2237
19952,2585
19953,2784
19954,2072
19955,2674
19956,2602
19957,3378
19958,1589
19959,2726
19960,3274
19961,3031
19962,2253
19963,4426
19964,2753
19965,2825
19966,2210
19967,2768
19968,3046
19969,2747
19970,3126
19971,2794
19972,1743
19973,3112
19974,2427
19975,2789
19976,3099
19977,2774
19978,1912
19979,2985
19980,2307
19981,2602
19982,4288
19983,2682
19984,2691
19985,2901
19986,1982
19987,2047
19988,2416
19989,3543
19990,1933
19991,2357
19992,3073
19993,2660
19994,2792
19995,2496
19996,2851
19997,2813
19998,2379
19999,3399
