sample,lucro
0,-79
1,-1334
2,-828
3,-2846
4,-3665
5,-1480
6,-1805
7,-1380
8,-2742
9,-1430
10,-2445
11,-1841
12,-182
13,-409
14,-1630
15,-3021
16,-2300
17,-3313
18,-2768
19,-1661
20,-1945
21,-4720
22,-3204
23,-2991
24,-3645
25,-1233
26,-899
27,-3997
28,-3569
29,-3243
30,-1236
31,-2947
32,-2510
33,-1791
34,-2196
35,-5217
36,-2754
37,-3245
38,-3577
39,-3163
40,-2963
41,-1864
42,-2033
43,-2947
44,-1792
45,-3056
46,-1830
47,-2713
48,-881
49,164
50,-3822
51,-3327
52,-1607
53,-1549
54,-1134
55,-3260
56,-2354
57,-2544
58,-1886
59,-2543
60,-1692
61,-2019
62,-1807
63,-1217
64,-3846
65,-1628
66,-2063
67,-1790
68,-1027
69,-2141
70,-3626
71,-4121
72,-1833
73,-2806
74,-3259
75,-1041
76,-20
77,-3267
78,-1465
79,-5526
80,-1880
81,-2738
82,-340
83,-4280
84,-3444
85,-2326
86,-2635
87,-3463
88,-1295
89,-1779
90,-2483
91,-3542
92,-3332
93,-2954
94,-1005
95,-1921
96,-3398
97,-2379
98,-4581
99,-4041
100,-2093
101,-2585
102,-2040
103,-1356
104,-2779
105,-1456
106,-3580
107,-4058
108,-3029
109,-2674
110,-2287
111,-2693
112,-2637
113,-2821
114,-2825
115,-3192
116,-2010
117,-1545
118,-2766
119,-3647
120,-1555
121,-1715
122,-489
123,-1447
124,-1715
125,-942
126,-779
127,-1563
128,-2197
129,-3456
130,-1178
131,-1864
132,-1729
133,-1077
134,-1330
135,-3508
136,-3583
137,-1534
138,-391
139,-2431
140,-616
141,-3498
142,-802
143,-2066
144,-2254
145,-2228
146,-1387
147,-3596
148,-2914
149,-2153
150,-2726
151,-1906
152,-2897
153,-2400
154,-2859
155,-3021
156,-1732
157,-3707
158,-2573
159,-1766
160,-999
161,-3235
162,-1800
163,-3436
164,-1559
165,-1908
166,-3226
167,-2447
168,-1771
169,-2539
170,-2885
171,-805
172,-2595
173,-883
174,-1593
175,-2857
176,-742
177,-2194
178,-1596
179,-895
180,-2768
181,-2248
182,-981
183,-2692
184,-2713
185,-1843
186,-1283
187,-1866
188,-3024
189,-2461
190,-4056
191,-2652
192,-1928
193,-2102
194,-2860
195,-2224
196,-2027
197,-3763
198,-2306
199,-3326
200,-1634
201,-3385
202,-2506
203,-1994
204,-3790
205,-2755
206,-2898
207,-2116
208,-959
209,-1003
210,-1357
211,-3929
212,-2627
213,-1288
214,-1686
215,-1989
216,-3832
217,-1135
218,-1910
219,-2110
220,-2063
221,-2752
222,-210
223,-834
224,-1427
225,-2041
226,-2092
227,-888
228,-3690
229,-3647
230,-2409
231,-2468
232,-1416
233,-3217
234,-1555
235,-1784
236,-3005
237,-2394
238,-2168
239,-2695
240,-899
241,-1020
242,-1877
243,-1725
244,-3378
245,-2295
246,-3582
247,-3152
248,-1599
249,-3174
250,-3488
251,-2356
252,-1642
253,-2463
254,-3706
255,-2640
256,-468
257,-1974
258,-3123
259,-3036
260,-1799
261,-3436
262,-1507
263,-1603
264,-1030
265,-2670
266,-2974
267,-1793
268,-2329
269,-2129
270,-3123
271,-1189
272,-1494
273,-1360
274,-2257
275,-653
276,-2933
277,-218
278,-2251
279,-1818
280,-2403
281,-3782
282,-2722
283,-2020
284,-1014
285,-2180
286,-1058
287,-1051
288,-1699
289,-2527
290,-3865
291,-3292
292,-1044
293,-4313
294,-3517
295,-2737
296,-2460
297,-1922
298,-3034
299,-3741
300,-1963
301,-1422
302,-1128
303,-2798
304,-1951
305,-1874
306,-2935
307,-2581
308,-2256
309,-2804
310,-2650
311,-3791
312,-3852
313,-1126
314,-1948
315,-1899
316,-3650
317,-2817
318,-3294
319,-2623
320,-144
321,-3450
322,-3507
323,-2867
324,-2222
325,-2617
326,-2251
327,-4477
328,-2078
329,-1747
330,-1770
331,-1246
332,-4253
333,-1018
334,-3388
335,-4776
336,224
337,-2297
338,-2079
339,-1581
340,-3234
341,-2410
342,-1842
343,-2822
344,-951
345,-3316
346,-1804
347,-595
348,-2389
349,-2408
350,-2332
351,-1215
352,-266
353,-2297
354,-3534
355,-4601
356,-4019
357,215
358,-3576
359,-3204
360,-2849
361,-2034
362,-2865
363,-4152
364,-1555
365,-1707
366,-2095
367,-640
368,-1021
369,-2174
370,-2730
371,-1194
372,-2288
373,-1552
374,-3966
375,-3612
376,-3936
377,-844
378,-2530
379,-2303
380,-667
381,-3481
382,-3476
383,-1712
384,-1159
385,-1336
386,-1975
387,-1767
388,-3066
389,-1513
390,-3076
391,-1914
392,-581
393,-1550
394,-1472
395,-2417
396,-1918
397,-1662
398,-3490
399,-1344
400,-2489
401,-2709
402,-2410
403,-1720
404,-2343
405,-959
406,-1645
407,-2693
408,-953
409,-2612
410,-1615
411,-1372
412,-1291
413,-3094
414,-1393
415,-1010
416,-1505
417,-1784
418,-2210
419,-4670
420,-3550
421,-607
422,-2347
423,-2050
424,-1636
425,-1255
426,-1136
427,-2699
428,-2922
429,-3584
430,-2462
431,-2239
432,-1776
433,-2159
434,-2001
435,-2256
436,-2690
437,-2461
438,-3192
439,-2049
440,-1414
441,-710
442,-2049
443,286
444,-3116
445,-4010
446,-574
447,-3554
448,-1718
449,-4987
450,-609
451,-4355
452,-1594
453,-1219
454,-3732
455,-1390
456,-1659
457,-2860
458,-3044
459,-1431
460,-2812
461,-1167
462,-1957
463,-4117
464,-2358
465,-1127
466,-31
467,-1440
468,-3568
469,-3122
470,-2746
471,-2161
472,-2345
473,-2122
474,-2169
475,-650
476,-1536
477,-1355
478,-2374
479,-2636
480,-2434
481,-2819
482,-1963
483,-2818
484,-868
485,-2109
486,-3377
487,-2709
488,-2387
489,-2994
490,-1165
491,-3976
492,-2308
493,-746
494,-3603
495,-2271
496,-2215
497,-3738
498,-4387
499,-577
500,-1918
501,50
502,-1850
503,-3792
504,-2269
505,-1886
506,-3711
507,-1044
508,-2621
509,-1489
510,-3440
511,-4404
512,-61
513,-865
514,-1574
515,-1188
516,-1565
517,-3271
518,-1132
519,-3422
520,-1254
521,-1855
522,-2973
523,-2108
524,-2765
525,-4602
526,-2901
527,-1234
528,-2030
529,-2161
530,-2244
531,-2880
532,-1458
533,-4472
534,-2728
535,-2153
536,-3286
537,-1526
538,-3034
539,-1926
540,-3700
541,-801
542,-1060
543,-1546
544,-4487
545,-2870
546,-3429
547,-2860
548,-3324
549,-2850
550,-3235
551,-2109
552,-1757
553,-2621
554,-1083
555,-2937
556,-2567
557,-425
558,-1297
559,-1826
560,-1725
561,-1978
562,-2516
563,-3362
564,-1191
565,-2365
566,-451
567,-838
568,-3010
569,-3656
570,-3315
571,-1489
572,-2892
573,-4411
574,-1882
575,-1637
576,-4165
577,-3541
578,-1209
579,-773
580,-2884
581,387
582,-2313
583,-1981
584,-3058
585,-1730
586,145
587,-3714
588,-1509
589,-2799
590,-2323
591,-1768
592,-749
593,-4592
594,-4398
595,-4705
596,-1908
597,-1373
598,-1711
599,-2636
600,-1781
601,-2258
602,-2215
603,-969
604,-1190
605,-1887
606,-1781
607,-1978
608,-5431
609,-3113
610,-2543
611,-2818
612,-3963
613,-1758
614,-2660
615,-1635
616,-2014
617,-3785
618,-860
619,-1816
620,-2842
621,-2225
622,-1372
623,-1633
624,-2085
625,-2428
626,-4162
627,-2131
628,-3557
629,-956
630,-2467
631,-2584
632,-2445
633,-914
634,-1371
635,-1048
636,-2142
637,-1207
638,-2510
639,-4736
640,-3202
641,-4781
642,-4591
643,-1105
644,-2143
645,-3885
646,-4653
647,-2110
648,-3337
649,-979
650,-576
651,-1065
652,-3985
653,-1618
654,-3222
655,-2169
656,-3786
657,-1779
658,-3659
659,-2304
660,-1682
661,-2897
662,-1280
663,-1542
664,-2465
665,-1585
666,-3147
667,-3342
668,-2827
669,-3450
670,-2200
671,-1695
672,-1357
673,-1326
674,-4125
675,-623
676,-1044
677,-1602
678,-1416
679,-1261
680,-2370
681,-224
682,-1537
683,-1895
684,-3673
685,-1911
686,-2289
687,-1371
688,-1090
689,-1539
690,-799
691,-1340
692,-2156
693,-59
694,-2236
695,-2054
696,-1725
697,-1292
698,-1490
699,-1734
700,-1645
701,-1583
702,-866
703,-2099
704,-2392
705,-2736
706,-1967
707,-1103
708,-655
709,-2276
710,-2374
711,-2695
712,-1308
713,-2101
714,-2043
715,-2306
716,-2623
717,-504
718,-3345
719,-1119
720,-1273
721,-2559
722,-1484
723,-2772
724,-3187
725,-1388
726,-891
727,-2553
728,-5241
729,-1547
730,-2254
731,-2066
732,-2739
733,-1179
734,-2888
735,-1350
736,-4344
737,-3088
738,-1583
739,-2875
740,-549
741,-2552
742,-1482
743,-441
744,-3625
745,-2552
746,-2608
747,-804
748,-836
749,-830
750,-2116
751,-1140
752,-2992
753,-1647
754,-1138
755,-2547
756,-1751
757,-1423
758,-2706
759,-2875
760,-1340
761,-2422
762,-3558
763,-399
764,-1175
765,-2366
766,-2725
767,-2383
768,-1579
769,-1438
770,-190
771,-1269
772,-2984
773,-3507
774,-1813
775,-959
776,-4146
777,-2559
778,-2416
779,-1566
780,-2801
781,-2781
782,-1892
783,-2696
784,-1473
785,-2900
786,-2794
787,-1572
788,-485
789,-1985
790,-2838
791,-2775
792,-2891
793,-2880
794,-3032
795,-1873
796,-1568
797,-2935
798,-1126
799,-1395
800,-2790
801,-429
802,-2964
803,-3184
804,-1848
805,-1330
806,-2038
807,-2180
808,-276
809,-3381
810,-2955
811,-2325
812,-873
813,-2974
814,-937
815,96
816,-2850
817,-2044
818,-456
819,10
820,-1430
821,-199
822,-3303
823,-3194
824,-1985
825,-1623
826,-3851
827,-3823
828,-1786
829,-1266
830,-2566
831,-2715
832,-2994
833,-1317
834,-1562
835,-3406
836,-2325
837,-2722
838,-1039
839,-1713
840,-2608
841,-2244
842,-605
843,-3823
844,-2499
845,-4364
846,-3552
847,-1948
848,-4206
849,-2102
850,-2131
851,-2066
852,-3262
853,-2253
854,-2160
855,-820
856,-68
857,-2311
858,-1203
859,-3350
860,-1808
861,-711
862,-2859
863,-1797
864,-3607
865,-2913
866,-2764
867,-534
868,-1889
869,-2179
870,-1674
871,-1312
872,-1505
873,-2336
874,-1772
875,-1844
876,-2446
877,-2914
878,-2547
879,-3802
880,-21
881,-1589
882,-3355
883,-1984
884,-2428
885,-2829
886,-3614
887,-2700
888,-2481
889,-1307
890,-2045
891,-3919
892,-4080
893,-2798
894,-3939
895,-2035
896,-1567
897,-3550
898,-979
899,-2340
900,-2335
901,-1826
902,-2418
903,-1927
904,-685
905,-2819
906,-3058
907,-686
908,-674
909,-3576
910,-2032
911,-2234
912,-1031
913,-3371
914,-465
915,-2552
916,-1810
917,-3380
918,-1323
919,-1700
920,-1468
921,-2691
922,-1215
923,-1948
924,-966
925,-1079
926,-823
927,-1714
928,-2827
929,-2673
930,-3534
931,-2587
932,-2044
933,-2237
934,-1441
935,-953
936,-3153
937,-2427
938,-1150
939,-1614
940,-2595
941,-345
942,-3310
943,-2008
944,-2893
945,-3865
946,-1923
947,-3797
948,-3014
949,-2209
950,-3467
951,-1183
952,-1083
953,-1519
954,-2429
955,-1906
956,-2209
957,-526
958,-1106
959,-1397
960,-1704
961,-2530
962,-3041
963,-422
964,-1224
965,-2632
966,-3196
967,-1466
968,-2204
969,-3207
970,-1628
971,-1762
972,-2901
973,-3433
974,-2328
975,-2559
976,-1679
977,-3731
978,-2703
979,-2896
980,-3291
981,-1238
982,-1894
983,-1496
984,-3236
985,-701
986,-524
987,-2049
988,-1705
989,-1093
990,-1440
991,-3027
992,-2769
993,-3875
994,-3205
995,-388
996,-3448
997,-1569
998,-2747
999,-1154
1000,-1722
1001,-697
1002,-1970
1003,-1334
1004,-1196
1005,-3617
1006,-384
1007,-2307
1008,-2221
1009,-3788
1010,-797
1011,-2011
1012,-2881
1013,-3817
1014,-1427
1015,-1562
1016,-3567
1017,-2882
1018,-2197
1019,-2362
1020,-441
1021,-1852
1022,-3537
1023,-633
1024,-3591
1025,-3794
1026,-2357
1027,-3143
1028,-1922
1029,-2428
1030,-3783
1031,-3285
1032,-1807
1033,-1815
1034,-1057
1035,-742
1036,-3536
1037,-2938
1038,-3387
1039,-1233
1040,-4341
1041,-2637
1042,-1891
1043,-2743
1044,-3300
1045,-2184
1046,-1287
1047,-4010
1048,-2092
1049,-959
1050,-3121
1051,-616
1052,-1867
1053,-2413
1054,-1842
1055,-1825
1056,-3076
1057,-2245
1058,-2325
1059,-2342
1060,-2655
1061,-889
1062,-630
1063,-613
1064,-1768
1065,-2935
1066,-3326
1067,-3692
1068,-3249
1069,-4182
1070,-1453
1071,-2457
1072,-1631
1073,-1596
1074,-2255
1075,225
1076,-1680
1077,-1260
1078,-1342
1079,-3464
1080,-980
1081,-2313
1082,-2332
1083,-2352
1084,-751
1085,-573
1086,-1661
1087,-2216
1088,-1956
1089,-2622
1090,-2133
1091,-951
1092,-2484
1093,-3173
1094,-865
1095,-1428
1096,-215
1097,-1666
1098,-1462
1099,-3778
1100,-2165
1101,-3262
1102,-1941
1103,-2221
1104,-4132
1105,-3776
1106,-2794
1107,-1849
1108,-871
1109,-2629
1110,-1552
1111,-1550
1112,-2296
1113,-1989
1114,-2998
1115,-3233
1116,-2837
1117,-2887
1118,-1355
1119,-2837
1120,-3365
1121,-2461
1122,-2618
1123,-1011
1124,-2787
1125,-2802
1126,-1175
1127,-693
1128,-729
1129,-3294
1130,-3771
1131,-2170
1132,-1964
1133,-3987
1134,-2237
1135,-1457
1136,-1357
1137,-3708
1138,-4889
1139,-4443
1140,-2992
1141,-1979
1142,-1088
1143,-1152
1144,-3611
1145,-1714
1146,-1705
1147,-3645
1148,-685
1149,-1827
1150,-1649
1151,-2092
1152,-3257
1153,-536
1154,-2140
1155,-1388
1156,-2056
1157,-794
1158,-3186
1159,-4332
1160,-2754
1161,-1798
1162,-3018
1163,-319
1164,-2396
1165,-2396
1166,-2108
1167,-1353
1168,-1414
1169,-972
1170,-2470
1171,-2900
1172,-1945
1173,-669
1174,-1887
1175,-1305
1176,-2229
1177,-1185
1178,-3093
1179,-2766
1180,-3553
1181,-2178
1182,-2527
1183,-2139
1184,-3065
1185,-1401
1186,-3745
1187,-2966
1188,-3350
1189,-3217
1190,-2893
1191,-2174
1192,-1803
1193,-2766
1194,-2281
1195,-1799
1196,-2102
1197,-2580
1198,-2725
1199,-1177
1200,-356
1201,-1267
1202,-3464
1203,-1152
1204,-2806
1205,-1706
1206,-475
1207,-4080
1208,-1638
1209,-934
1210,-3609
1211,-1165
1212,-4791
1213,-2992
1214,-4287
1215,-568
1216,-712
1217,-3771
1218,-1553
1219,-3653
1220,-1248
1221,-3159
1222,-1808
1223,-3299
1224,-3704
1225,-2112
1226,-4043
1227,-2212
1228,-3278
1229,-4495
1230,-2489
1231,-1354
1232,-2182
1233,-3420
1234,-1189
1235,-3080
1236,-3721
1237,-808
1238,-2287
1239,-760
1240,-2009
1241,-2187
1242,-1849
1243,-2421
1244,-4603
1245,-3203
1246,-3252
1247,-3850
1248,-5289
1249,-2395
1250,-567
1251,-1476
1252,-2398
1253,-1556
1254,-3131
1255,-349
1256,-3470
1257,-2424
1258,-1052
1259,-2056
1260,-2856
1261,-3697
1262,-4238
1263,-1780
1264,-377
1265,-1981
1266,-2652
1267,-1860
1268,-2506
1269,-2406
1270,-3225
1271,-1981
1272,-1248
1273,-2167
1274,-1440
1275,-2551
1276,-1957
1277,-2655
1278,-2501
1279,-2512
1280,-3191
1281,-2936
1282,-2007
1283,-1618
1284,-2972
1285,-909
1286,-2496
1287,-1735
1288,-2154
1289,8
1290,-2094
1291,-3726
1292,-3044
1293,-2611
1294,-3446
1295,-244
1296,-3252
1297,-3255
1298,-1987
1299,-2956
1300,-2377
1301,-2203
1302,-584
1303,-3079
1304,-1866
1305,-1522
1306,-3563
1307,-1679
1308,-1639
1309,-2767
1310,-2978
1311,-2296
1312,-1664
1313,-2008
1314,123
1315,-3394
1316,-1722
1317,-1036
1318,-1724
1319,-2806
1320,-2102
1321,-3864
1322,-1121
1323,-1522
1324,-3520
1325,-3638
1326,-3568
1327,-1796
1328,-1887
1329,-1559
1330,-1781
1331,-2293
1332,-2748
1333,-3263
1334,-1426
1335,-1505
1336,-521
1337,-3915
1338,-1967
1339,-3238
1340,-2416
1341,-2777
1342,-1112
1343,-4525
1344,-554
1345,-3020
1346,-1845
1347,-2182
1348,-2689
1349,-1043
1350,-2821
1351,-3090
1352,-3672
1353,-1888
1354,-2526
1355,-2459
1356,-1687
1357,-2376
1358,-1063
1359,-3445
1360,-3655
1361,-1682
1362,-2075
1363,-3690
1364,-2390
1365,-1333
1366,-1545
1367,-4913
1368,-2300
1369,-2266
1370,-1316
1371,-767
1372,-2977
1373,527
1374,-1932
1375,-473
1376,-4572
1377,-2005
1378,-1666
1379,-1597
1380,-1557
1381,-2857
1382,-1809
1383,-1750
1384,-2152
1385,-2268
1386,-1391
1387,-3164
1388,-3697
1389,-2551
1390,-1031
1391,-4190
1392,-958
1393,-3059
1394,-2962
1395,-3141
1396,-2497
1397,-4208
1398,-1028
1399,-2735
1400,-4076
1401,-2688
1402,-621
1403,-3366
1404,-2894
1405,-2598
1406,-3164
1407,-3749
1408,-2293
1409,-3360
1410,-1954
1411,-2965
1412,-2027
1413,-2339
1414,-2463
1415,-3501
1416,-1726
1417,-1864
1418,-798
1419,-750
1420,-1709
1421,-2027
1422,-1822
1423,-825
1424,-972
1425,-1691
1426,-3634
1427,-4146
1428,-2383
1429,-2611
1430,-606
1431,-8
1432,-2361
1433,-4013
1434,-1466
1435,-3854
1436,-1228
1437,-2388
1438,-2884
1439,-2050
1440,-1786
1441,-1551
1442,-2365
1443,-1729
1444,-1609
1445,-3908
1446,-1072
1447,-1088
1448,-3458
1449,-2533
1450,-3247
1451,-4851
1452,-4637
1453,-1711
1454,-1748
1455,-1070
1456,-3569
1457,-2061
1458,-3801
1459,-3057
1460,-2202
1461,-2426
1462,-3090
1463,-1491
1464,-1450
1465,33
1466,-3099
1467,-1236
1468,-3056
1469,-1800
1470,-2579
1471,-3502
1472,-2380
1473,-2980
1474,-1651
1475,-1936
1476,-1007
1477,-2772
1478,-2660
1479,-3190
1480,-2876
1481,-1013
1482,-4188
1483,-2701
1484,-2213
1485,-1456
1486,-848
1487,-1723
1488,-1806
1489,-3926
1490,-2541
1491,-2227
1492,-1472
1493,-1555
1494,-719
1495,-3048
1496,-1391
1497,-3700
1498,-1371
1499,-2367
1500,-3310
1501,-5216
1502,-4480
1503,-1475
1504,-3430
1505,-1812
1506,-2513
1507,-3158
1508,-2281
1509,-1865
1510,-2793
1511,-1166
1512,-1153
1513,-993
1514,-1364
1515,-604
1516,-1120
1517,-1800
1518,-896
1519,-3827
1520,-3509
1521,-1910
1522,-2012
1523,-2309
1524,-3214
1525,-1652
1526,-2358
1527,-1582
1528,-3786
1529,-1731
1530,-1567
1531,-2635
1532,-1220
1533,-5038
1534,-1549
1535,-2545
1536,-3113
1537,-2249
1538,-2240
1539,-3380
1540,-2597
1541,-1502
1542,-1662
1543,-3036
1544,-592
1545,-2024
1546,-2135
1547,-360
1548,-4508
1549,-2221
1550,-1927
1551,-1522
1552,-4067
1553,-805
1554,-2763
1555,-1483
1556,-2303
1557,-2623
1558,-709
1559,-1858
1560,-2261
1561,-2061
1562,-3258
1563,-1787
1564,-4299
1565,-3623
1566,-2430
1567,-1750
1568,-1359
1569,-2758
1570,-3302
1571,-3986
1572,-945
1573,-3264
1574,-4721
1575,-1895
1576,-2189
1577,-494
1578,-3274
1579,-4147
1580,-2743
1581,-1496
1582,-2553
1583,-1079
1584,-1162
1585,-2399
1586,-2647
1587,-739
1588,-2256
1589,-1388
1590,-3172
1591,-2795
1592,-3538
1593,-4866
1594,-970
1595,-1965
1596,-1437
1597,-2963
1598,-3065
1599,-2717
1600,-3124
1601,-2290
1602,-498
1603,-526
1604,-1463
1605,-1766
1606,-1599
1607,-152
1608,-934
1609,-1415
1610,-1348
1611,-2505
1612,-1396
1613,-1797
1614,-2387
1615,-1442
1616,-2988
1617,-2365
1618,-2494
1619,-2760
1620,-780
1621,-2200
1622,-2263
1623,-3188
1624,-1179
1625,-2199
1626,-2023
1627,-825
1628,-3106
1629,-4447
1630,-985
1631,-4487
1632,-1192
1633,-4257
1634,-3222
1635,-1690
1636,-1966
1637,-2161
1638,-1850
1639,-6281
1640,-911
1641,-2344
1642,-4009
1643,-1793
1644,-2684
1645,-3267
1646,-558
1647,-1589
1648,-2570
1649,-1809
1650,-4109
1651,-327
1652,-2203
1653,-2028
1654,-1545
1655,-1735
1656,-1906
1657,-1652
1658,-1942
1659,-2420
1660,-2667
1661,-1423
1662,-2176
1663,-2542
1664,-2163
1665,-2183
1666,-1045
1667,-594
1668,-2507
1669,-1954
1670,-1197
1671,-2121
1672,-3819
1673,-3207
1674,-3783
1675,-1183
1676,-2519
1677,-2917
1678,-1007
1679,-2003
1680,-2854
1681,-2190
1682,-2921
1683,-1252
1684,-1293
1685,-288
1686,-1987
1687,-649
1688,-1255
1689,-2499
1690,-2031
1691,-1574
1692,-2073
1693,-2591
1694,-2247
1695,-3175
1696,-2016
1697,-3114
1698,-2253
1699,-1204
1700,-4433
1701,-641
1702,-2834
1703,-1661
1704,-2335
1705,-4694
1706,-1999
1707,-2574
1708,-3059
1709,-1940
1710,-1690
1711,-2019
1712,-1535
1713,-2903
1714,-3214
1715,-3215
1716,-2247
1717,-1151
1718,100
1719,-2204
1720,-865
1721,-4473
1722,-2361
1723,-1574
1724,-3334
1725,-2589
1726,-1588
1727,-1748
1728,-3398
1729,-1932
1730,-2533
1731,-3402
1732,-2476
1733,-4568
1734,-2926
1735,-2623
1736,-3242
1737,-3085
1738,-4289
1739,-3050
1740,-1625
1741,-3037
1742,-1958
1743,-2083
1744,-1338
1745,-3441
1746,-3679
1747,-3548
1748,-2966
1749,-3316
1750,-3298
1751,-2218
1752,-4400
1753,-2786
1754,-2066
1755,-2747
1756,-1851
1757,-5978
1758,-2988
1759,-4249
1760,-2052
1761,-2286
1762,-934
1763,-3815
1764,-1899
1765,-665
1766,-951
1767,-1784
1768,-2029
1769,-2357
1770,-2464
1771,-2648
1772,-3159
1773,-2419
1774,-3517
1775,-1712
1776,-2936
1777,-1136
1778,-4170
1779,-2825
1780,-237
1781,-1297
1782,-804
1783,-2851
1784,-3397
1785,-1367
1786,-2271
1787,-2608
1788,-4362
1789,-440
1790,-1904
1791,-1500
1792,-2951
1793,-3579
1794,-2247
1795,-1806
1796,-1596
1797,-2446
1798,-1390
1799,-2160
1800,-2845
1801,-1827
1802,-2296
1803,-4278
1804,-1170
1805,-2418
1806,-1103
1807,-3354
1808,-1924
1809,-3739
1810,-488
1811,-1437
1812,-1896
1813,-2153
1814,-1570
1815,-2012
1816,-2149
1817,-2549
1818,-2592
1819,-3044
1820,-1855
1821,-1562
1822,-780
1823,-2730
1824,-153
1825,-2165
1826,-1686
1827,-1154
1828,-2840
1829,-4014
1830,-1484
1831,-4574
1832,-2029
1833,-3068
1834,-4380
1835,-4410
1836,-2268
1837,-1478
1838,-756
1839,-1895
1840,-2293
1841,-2416
1842,-2937
1843,-1579
1844,-1853
1845,-2338
1846,-1427
1847,-2100
1848,-428
1849,-3630
1850,-3202
1851,-3712
1852,-1776
1853,-1396
1854,-3554
1855,-3839
1856,-1986
1857,-1225
1858,-1877
1859,-2096
1860,-2010
1861,-2140
1862,-993
1863,-2179
1864,-1088
1865,-1318
1866,-2109
1867,-146
1868,-2952
1869,-1962
1870,-1963
1871,-2817
1872,-1229
1873,-2979
1874,-1925
1875,-2545
1876,-3408
1877,-2233
1878,-3714
1879,-3888
1880,-1768
1881,-2383
1882,-2048
1883,-3063
1884,-2614
1885,-2836
1886,-4766
1887,-751
1888,-5235
1889,-2312
1890,-2031
1891,-1604
1892,-1740
1893,-1332
1894,-2528
1895,-2958
1896,-1887
1897,-3078
1898,-2044
1899,-4290
1900,-2048
1901,-1508
1902,-2515
1903,-2846
1904,-3042
1905,-1797
1906,-1242
1907,-3520
1908,-3863
1909,-1804
1910,-1904
1911,-624
1912,-833
1913,-3781
1914,-2687
1915,-2765
1916,-2875
1917,-2665
1918,-3506
1919,-2153
1920,-4128
1921,-2778
1922,-2552
1923,-3099
1924,-2384
1925,-2631
1926,-1206
1927,-3024
1928,-3087
1929,-1219
1930,-1129
1931,-1759
1932,-1628
1933,-2686
1934,-2954
1935,-2496
1936,-1220
1937,-782
1938,-3549
1939,-3888
1940,-1958
1941,-1015
1942,-1238
1943,-2872
1944,-3886
1945,-591
1946,-723
1947,-2886
1948,-3143
1949,-3610
1950,-3273
1951,-2406
1952,-1180
1953,-3559
1954,-1543
1955,-2142
1956,-1239
1957,-1430
1958,-2810
1959,-1247
1960,-1524
1961,-707
1962,-4200
1963,-4421
1964,-4208
1965,-2007
1966,-1267
1967,-1341
1968,-2574
1969,-2218
1970,-2777
1971,-1609
1972,-2022
1973,-2116
1974,-3953
1975,-2515
1976,-3715
1977,-1313
1978,-2132
1979,-1220
1980,-5624
1981,-2896
1982,-1773
1983,-1618
1984,-1885
1985,-3632
1986,-2236
1987,-1533
1988,-1528
1989,-2902
1990,-774
1991,-1974
1992,-3501
1993,-3679
1994,-3004
1995,-2247
1996,-961
1997,-2425
1998,-1794
1999,-1894
2000,-1229
2001,-4120
2002,-1502
2003,-3647
2004,-346
2005,-1779
2006,-3424
2007,-3744
2008,-257
2009,-2444
2010,-1800
2011,-4358
2012,-514
2013,-3452
2014,-1991
2015,-1860
2016,-1357
2017,-841
2018,-1316
2019,-1711
2020,-1566
2021,-2137
2022,-1372
2023,-3399
2024,-1998
2025,-1821
2026,-2587
2027,-1604
2028,-3208
2029,-1930
2030,-2616
2031,-4852
2032,-2306
2033,-3386
2034,-2936
2035,-2290
2036,-2282
2037,-2831
2038,-1838
2039,-2366
2040,-1397
2041,-3160
2042,-2387
2043,-1492
2044,-3105
2045,-1762
2046,-2081
2047,-1461
2048,-933
2049,-1070
2050,-3599
2051,-2885
2052,-1788
2053,-486
2054,-2340
2055,-2358
2056,-2114
2057,-1245
2058,-1953
2059,-1762
2060,-1000
2061,-2674
2062,-1108
2063,-2201
2064,-3266
2065,-1909
2066,-3054
2067,-1865
2068,-1382
2069,-2991
2070,-2122
2071,-1941
2072,-2957
2073,-2474
2074,-1505
2075,-83
2076,-3040
2077,-1879
2078,-1443
2079,-2112
2080,-2058
2081,-3235
2082,-2644
2083,-1987
2084,-2665
2085,-1254
2086,-2245
2087,-2474
2088,-2888
2089,-3466
2090,-2204
2091,-2090
2092,-2830
2093,-2853
2094,-3514
2095,-2852
2096,-2276
2097,-2523
2098,-2562
2099,-5492
2100,231
2101,-2101
2102,-1001
2103,-2792
2104,-3279
2105,-443
2106,-963
2107,-1830
2108,-1708
2109,-2137
2110,-2093
2111,-479
2112,-2067
2113,-2197
2114,-1769
2115,-763
2116,-1603
2117,-1499
2118,-1449
2119,-2941
2120,-300
2121,-2942
2122,-1321
2123,-1859
2124,-1150
2125,-3262
2126,-5024
2127,-1805
2128,-2498
2129,-1410
2130,-4158
2131,-2815
2132,-3162
2133,-2241
2134,-1513
2135,-3031
2136,-1712
2137,-1681
2138,-2475
2139,-2761
2140,-770
2141,-2049
2142,-1949
2143,-2364
2144,-2108
2145,-1747
2146,-2038
2147,-3488
2148,-2389
2149,-1339
2150,-2309
2151,-2143
2152,-719
2153,-1437
2154,-2507
2155,-1168
2156,-4025
2157,-1891
2158,-2270
2159,-1636
2160,-1393
2161,-2028
2162,-2907
2163,-2372
2164,-2532
2165,-3163
2166,-3178
2167,-2040
2168,-3438
2169,-3246
2170,-1027
2171,-2270
2172,-2655
2173,-345
2174,-1914
2175,-1736
2176,-1712
2177,-1423
2178,-2423
2179,-1781
2180,-3065
2181,-1719
2182,-2867
2183,-1988
2184,-2676
2185,-3219
2186,-3309
2187,-2601
2188,-2580
2189,-562
2190,-2712
2191,-2536
2192,-1913
2193,-2930
2194,-2455
2195,-3266
2196,-2
2197,-3027
2198,-1608
2199,-2123
2200,-1854
2201,-719
2202,-2716
2203,-1468
2204,-2308
2205,-2992
2206,-1805
2207,-2721
2208,-1818
2209,-2653
2210,-1523
2211,-1773
2212,-2933
2213,-3187
2214,-1668
2215,-3483
2216,-2721
2217,-849
2218,-2462
2219,-4054
2220,-2732
2221,-2573
2222,-2642
2223,-3752
2224,-3458
2225,-3369
2226,-1853
2227,-231
2228,-3435
2229,-1377
2230,581
2231,-2365
2232,-3276
2233,-1202
2234,-1116
2235,-3653
2236,-3332
2237,-2444
2238,-1692
2239,-2311
2240,-1990
2241,-958
2242,-2094
2243,-3218
2244,-1928
2245,-2567
2246,-2074
2247,-3611
2248,-2269
2249,-1899
2250,-1529
2251,-3275
2252,-3522
2253,-1621
2254,-1936
2255,-2961
2256,-3952
2257,-2843
2258,-897
2259,-1755
2260,-2483
2261,-4006
2262,-1845
2263,-3797
2264,-3113
2265,-2666
2266,-4046
2267,-721
2268,-2606
2269,-2985
2270,-1891
2271,-2788
2272,-3714
2273,-1126
2274,-2079
2275,-2673
2276,-1681
2277,-4696
2278,-2705
2279,-2847
2280,-4860
2281,-1088
2282,-1642
2283,-3682
2284,-3376
2285,-2620
2286,-3751
2287,-3110
2288,-2360
2289,-1970
2290,-3985
2291,-3578
2292,-701
2293,-2154
2294,-2720
2295,-967
2296,472
2297,-2510
2298,-1061
2299,-3285
2300,-1234
2301,-2191
2302,-699
2303,-2010
2304,-2132
2305,-4244
2306,-1889
2307,-318
2308,-3042
2309,-3187
2310,-1849
2311,-953
2312,-3326
2313,-3746
2314,-1430
2315,-1072
2316,-3036
2317,-1573
2318,-1938
2319,-1696
2320,-3570
2321,-2801
2322,-3671
2323,-2274
2324,-1543
2325,-422
2326,-3905
2327,-2553
2328,-1750
2329,-2241
2330,-3537
2331,-2421
2332,-1825
2333,-122
2334,-1934
2335,-1637
2336,-2016
2337,-1469
2338,-2787
2339,-1144
2340,-2156
2341,-2286
2342,-4335
2343,-1796
2344,-4180
2345,-2571
2346,-3336
2347,-2081
2348,-1326
2349,-233
2350,-4254
2351,-1323
2352,141
2353,-2175
2354,-1848
2355,-2777
2356,-1157
2357,-1143
2358,-3473
2359,-825
2360,-2664
2361,-2221
2362,-1914
2363,-2965
2364,-1769
2365,-3692
2366,-1442
2367,-1175
2368,-646
2369,-1951
2370,-2522
2371,-3629
2372,-2052
2373,37
2374,-2016
2375,-2075
2376,-2340
2377,-3338
2378,-2015
2379,-3351
2380,-3572
2381,-3276
2382,-3535
2383,-3686
2384,-1983
2385,-2983
2386,-721
2387,-2011
2388,-2808
2389,-1769
2390,696
2391,-2854
2392,-2754
2393,-3588
2394,-1757
2395,-4937
2396,-3382
2397,-2511
2398,-2421
2399,-381
2400,-2265
2401,-2920
2402,-3052
2403,-1363
2404,-2339
2405,-1625
2406,-3672
2407,-1381
2408,-4221
2409,-2443
2410,-1548
2411,-2435
2412,-1798
2413,-2754
2414,-2774
2415,433
2416,-2605
2417,-1748
2418,-4412
2419,-2947
2420,-3009
2421,-2576
2422,-1393
2423,-2382
2424,-2152
2425,-815
2426,-1406
2427,-2586
2428,-3503
2429,-1868
2430,-399
2431,-1700
2432,-2591
2433,-1213
2434,-1785
2435,-1067
2436,-1260
2437,-541
2438,-3024
2439,-3480
2440,-1008
2441,-820
2442,-1114
2443,-629
2444,-2596
2445,-3399
2446,-1415
2447,-1495
2448,-2702
2449,-1143
2450,-2129
2451,-685
2452,-571
2453,-2798
2454,-1396
2455,-1838
2456,-3388
2457,-1178
2458,-3020
2459,-2426
2460,-3177
2461,-590
2462,-2636
2463,-1055
2464,-566
2465,-4504
2466,-1948
2467,-2407
2468,-396
2469,-2147
2470,-2707
2471,-1929
2472,-1535
2473,-1601
2474,-2782
2475,-2043
2476,-2854
2477,-1338
2478,-300
2479,-3912
2480,-1856
2481,-2157
2482,-2462
2483,-1824
2484,-2563
2485,-3225
2486,-1639
2487,-3663
2488,-3048
2489,-2362
2490,-649
2491,-837
2492,-3592
2493,-2684
2494,-1012
2495,-2371
2496,-2120
2497,-253
2498,-1103
2499,-2654
2500,-3620
2501,-4076
2502,-1977
2503,-1953
2504,-4435
2505,-2129
2506,-1770
2507,-2166
2508,-1273
2509,-3611
2510,-2148
2511,-1945
2512,-3800
2513,-1912
2514,-847
2515,-3959
2516,-3152
2517,-730
2518,-738
2519,-1377
2520,-1981
2521,-3145
2522,-2536
2523,-2760
2524,-1552
2525,-1642
2526,-1347
2527,-1157
2528,-4176
2529,-3636
2530,-2603
2531,-2233
2532,-1782
2533,-2506
2534,-2946
2535,-2494
2536,-2531
2537,-2838
2538,-2645
2539,-2417
2540,-1194
2541,-3169
2542,-1911
2543,-3317
2544,-1513
2545,-862
2546,-1270
2547,-3160
2548,-1128
2549,-2273
2550,-3340
2551,-3635
2552,-3128
2553,-1867
2554,-2287
2555,-1535
2556,-1911
2557,-2022
2558,-2381
2559,-1516
2560,-2307
2561,-947
2562,-3272
2563,-4059
2564,-1303
2565,-3218
2566,-4189
2567,-2072
2568,-2774
2569,-2206
2570,-3983
2571,-2848
2572,-2510
2573,-1773
2574,-2927
2575,-691
2576,-2672
2577,-1418
2578,-2379
2579,-3075
2580,-2131
2581,-3296
2582,-2056
2583,-2591
2584,-1840
2585,-1924
2586,-2158
2587,-1251
2588,-2578
2589,-2698
2590,-1451
2591,-4579
2592,-749
2593,-2371
2594,-2045
2595,-1492
2596,-2121
2597,-1186
2598,-1343
2599,-1858
2600,-1353
2601,-3628
2602,-766
2603,-2839
2604,-2703
2605,-2660
2606,-774
2607,-1973
2608,-3071
2609,-1086
2610,-385
2611,-1693
2612,-1862
2613,-2020
2614,-1887
2615,-3169
2616,-2749
2617,-1989
2618,-4408
2619,-2116
2620,-3189
2621,-2270
2622,-4767
2623,-2123
2624,-912
2625,-2714
2626,-2242
2627,-3293
2628,-1740
2629,-750
2630,-2659
2631,-2389
2632,-1942
2633,-2744
2634,-2208
2635,-3035
2636,-1639
2637,-2900
2638,-1054
2639,-1972
2640,-3260
2641,-2050
2642,-2429
2643,-2167
2644,-1945
2645,-2245
2646,-1408
2647,-2670
2648,-1416
2649,-1884
2650,-1494
2651,-2238
2652,-2045
2653,-3275
2654,-1672
2655,-1181
2656,-4609
2657,-1971
2658,-3279
2659,-1952
2660,-2478
2661,-1408
2662,-2176
2663,-2064
2664,-1961
2665,-4303
2666,-4215
2667,-3967
2668,-3702
2669,-3878
2670,-4452
2671,-2197
2672,-2536
2673,-1676
2674,-3509
2675,-1374
2676,-2825
2677,-1388
2678,-1800
2679,-3044
2680,-2477
2681,-654
2682,-2031
2683,-1856
2684,-2443
2685,-992
2686,-2725
2687,-1992
2688,374
2689,-2433
2690,-3417
2691,-2482
2692,-2818
2693,-3887
2694,-1550
2695,-2660
2696,-2635
2697,-3799
2698,-2729
2699,-2168
2700,-2217
2701,-3698
2702,-65
2703,-2484
2704,-2307
2705,-374
2706,-3292
2707,-4318
2708,-2560
2709,-1747
2710,-342
2711,-3213
2712,-2688
2713,-3063
2714,-2198
2715,-1614
2716,-1990
2717,-3242
2718,-2337
2719,-1555
2720,-2804
2721,-1930
2722,-2378
2723,-2496
2724,-2363
2725,-1562
2726,-1039
2727,-896
2728,-3275
2729,-1105
2730,-1612
2731,-2508
2732,-3734
2733,-1894
2734,-896
2735,-2936
2736,-2960
2737,-3368
2738,-1840
2739,-987
2740,-1926
2741,-3114
2742,-2275
2743,-2396
2744,-1396
2745,-992
2746,-2777
2747,-3447
2748,-782
2749,-892
2750,-2097
2751,-1677
2752,-1911
2753,-2347
2754,-3597
2755,-2690
2756,-557
2757,-267
2758,-2076
2759,-2253
2760,-1081
2761,-1932
2762,-2166
2763,-1712
2764,-2552
2765,-3413
2766,-1850
2767,-2351
2768,-3309
2769,-969
2770,-2515
2771,-2477
2772,-556
2773,-2637
2774,-880
2775,-3510
2776,-2396
2777,-3503
2778,-4851
2779,-1979
2780,-2368
2781,-1824
2782,-2573
2783,-1206
2784,-1614
2785,-1937
2786,-948
2787,-3738
2788,-1517
2789,-995
2790,-2401
2791,-1786
2792,-2952
2793,-2100
2794,-2322
2795,-5034
2796,-2351
2797,-997
2798,-3161
2799,-2402
2800,-549
2801,-5122
2802,-3464
2803,-2858
2804,-1586
2805,-1873
2806,-3045
2807,-663
2808,-4497
2809,-1105
2810,-2165
2811,-340
2812,-557
2813,-3206
2814,-1922
2815,-2103
2816,-1778
2817,-3130
2818,-1997
2819,-3714
2820,-2253
2821,-3476
2822,-2231
2823,-1987
2824,-2406
2825,-3143
2826,-2316
2827,-1301
2828,-3939
2829,-516
2830,-2779
2831,-1889
2832,-3125
2833,-215
2834,-2285
2835,-2827
2836,-283
2837,-997
2838,-1779
2839,-1004
2840,-1542
2841,-2149
2842,-2084
2843,-469
2844,-1386
2845,-1599
2846,-2261
2847,-1497
2848,-2908
2849,-1926
2850,-2980
2851,-2903
2852,-4172
2853,-2872
2854,-1726
2855,-4384
2856,-2395
2857,-5277
2858,-1023
2859,-2460
2860,-2636
2861,-1163
2862,-2350
2863,-1866
2864,-2968
2865,-1438
2866,-1538
2867,-3045
2868,-2268
2869,-1198
2870,-550
2871,-4885
2872,-3103
2873,-1742
2874,-2695
2875,-1745
2876,-1274
2877,-3245
2878,-4649
2879,-1451
2880,-2692
2881,-1736
2882,-3415
2883,-1680
2884,-3771
2885,-1106
2886,-2416
2887,-2451
2888,-1818
2889,-3444
2890,-2478
2891,-3263
2892,-3248
2893,174
2894,-1469
2895,-2393
2896,-3072
2897,-3522
2898,-2856
2899,-1845
2900,-2437
2901,-3320
2902,-705
2903,-2585
2904,-3513
2905,-1201
2906,-2539
2907,-1385
2908,-1003
2909,-557
2910,-612
2911,-2927
2912,-2370
2913,-2489
2914,-4391
2915,-1957
2916,-3741
2917,-1907
2918,-1782
2919,-3009
2920,-1307
2921,-1027
2922,-1903
2923,-1473
2924,-2573
2925,-2526
2926,-2225
2927,-3598
2928,-2455
2929,-2341
2930,-3845
2931,-2983
2932,-3565
2933,-2242
2934,-1424
2935,-2547
2936,-2475
2937,-1104
2938,-2554
2939,-2957
2940,-2418
2941,-1968
2942,-1831
2943,-1820
2944,-3320
2945,-2069
2946,-2394
2947,-3328
2948,-3212
2949,-984
2950,-1047
2951,-3866
2952,-2227
2953,-1333
2954,-2982
2955,-1004
2956,-1245
2957,-2791
2958,-2109
2959,-2174
2960,-3536
2961,-1960
2962,-1779
2963,-1714
2964,-4337
2965,-3891
2966,-1129
2967,-3405
2968,-1041
2969,-2283
2970,-2866
2971,-2960
2972,-3889
2973,-1724
2974,-1622
2975,43
2976,-2067
2977,-459
2978,-2191
2979,-3010
2980,-1019
2981,-1161
2982,-1860
2983,-1455
2984,-1023
2985,-3074
2986,-1112
2987,-2650
2988,-1979
2989,-3112
2990,-3736
2991,-2547
2992,-585
2993,-3221
2994,-2810
2995,-2124
2996,-3929
2997,-449
2998,-882
2999,-3963
3000,-3609
3001,-3960
3002,-512
3003,-2295
3004,-1246
3005,-3154
3006,-3162
3007,-2636
3008,-2921
3009,-2215
3010,-3125
3011,-2141
3012,-2479
3013,-1786
3014,-3342
3015,-1864
3016,-2794
3017,-1665
3018,-1929
3019,-2731
3020,-2011
3021,-1380
3022,-1229
3023,-2833
3024,-2514
3025,-2333
3026,-2438
3027,-1626
3028,-4436
3029,-173
3030,-3704
3031,-2338
3032,-2861
3033,-1528
3034,-1954
3035,-1203
3036,-2867
3037,-3196
3038,-1345
3039,-2043
3040,-850
3041,-1202
3042,-3222
3043,-2932
3044,-817
3045,-1658
3046,-2362
3047,-2108
3048,-1839
3049,-1099
3050,-4070
3051,-1322
3052,-3196
3053,-1863
3054,-2935
3055,-2121
3056,-461
3057,-3813
3058,-2476
3059,-2453
3060,-1114
3061,-3146
3062,-1609
3063,-2236
3064,-1541
3065,-1670
3066,-2839
3067,-1934
3068,-853
3069,-2964
3070,-2189
3071,-1586
3072,-2715
3073,-2251
3074,-1911
3075,-2218
3076,-2592
3077,-3679
3078,-1980
3079,-2137
3080,-938
3081,-2423
3082,-1732
3083,-2133
3084,-1704
3085,-2837
3086,-863
3087,-2038
3088,-2059
3089,-1799
3090,-1879
3091,-3230
3092,-1862
3093,-674
3094,-2417
3095,-2944
3096,-2529
3097,-1260
3098,-2122
3099,-2921
3100,-2707
3101,-883
3102,-2523
3103,-4064
3104,-1289
3105,-818
3106,-3209
3107,-3369
3108,-2236
3109,-2174
3110,-1974
3111,-2893
3112,-3769
3113,-5330
3114,-1962
3115,-2141
3116,-1423
3117,-3871
3118,-3439
3119,-2886
3120,-2939
3121,-1349
3122,-2251
3123,-2839
3124,-2783
3125,-4194
3126,-719
3127,-2458
3128,-3173
3129,-1186
3130,-3070
3131,-1796
3132,-2735
3133,-1119
3134,-2034
3135,-468
3136,-4666
3137,-810
3138,-941
3139,-2312
3140,-3582
3141,-2952
3142,200
3143,-3003
3144,-4610
3145,-1628
3146,-1926
3147,-1193
3148,-3395
3149,-3220
3150,-3171
3151,-3989
3152,-2851
3153,-2794
3154,-2012
3155,-2367
3156,-3555
3157,-3643
3158,-3131
3159,-2393
3160,-1682
3161,-2272
3162,-2025
3163,-1806
3164,-983
3165,-957
3166,-2177
3167,-1113
3168,-3415
3169,-2131
3170,-1382
3171,-2555
3172,-3157
3173,-3185
3174,-2138
3175,-2368
3176,-1968
3177,-2094
3178,-2831
3179,-3071
3180,-2338
3181,-1675
3182,-2980
3183,-3100
3184,-1612
3185,-2910
3186,-819
3187,-2453
3188,-3657
3189,-744
3190,-3113
3191,-2274
3192,-2892
3193,204
3194,-698
3195,-2822
3196,-2942
3197,-1869
3198,-1865
3199,-2276
3200,-1182
3201,-2803
3202,-3317
3203,-2075
3204,-1912
3205,-188
3206,-5010
3207,-2604
3208,-2482
3209,-454
3210,247
3211,-2082
3212,-2154
3213,-2398
3214,-3364
3215,-2735
3216,-1702
3217,-2704
3218,-1879
3219,-2711
3220,-1981
3221,-339
3222,-1626
3223,-4484
3224,-1756
3225,-1306
3226,-2697
3227,-3206
3228,-1589
3229,-2160
3230,-1937
3231,-2829
3232,-3195
3233,-1401
3234,-1820
3235,-2679
3236,-1136
3237,-3198
3238,-2344
3239,-1882
3240,-2026
3241,-1909
3242,-2702
3243,-1214
3244,-3223
3245,-2181
3246,-1378
3247,-2711
3248,-1408
3249,-1524
3250,-1118
3251,-3625
3252,-1960
3253,-466
3254,-4668
3255,-820
3256,-1099
3257,-1217
3258,-1449
3259,-2504
3260,-4104
3261,-947
3262,-385
3263,-4135
3264,-5065
3265,-2304
3266,-1977
3267,-2359
3268,-1182
3269,-2629
3270,-1682
3271,-3717
3272,-1026
3273,-1615
3274,-1689
3275,-1921
3276,-1156
3277,-2955
3278,-3640
3279,-2671
3280,-3521
3281,-1402
3282,-3182
3283,-1115
3284,-3480
3285,-472
3286,-626
3287,-3250
3288,-2731
3289,-1475
3290,-1031
3291,-72
3292,-1246
3293,-1921
3294,-2605
3295,-3331
3296,-1614
3297,-1161
3298,-2238
3299,-1151
3300,-4959
3301,-3200
3302,-2617
3303,-2159
3304,-602
3305,-2858
3306,-2380
3307,-1692
3308,-1908
3309,-4237
3310,-1751
3311,-1518
3312,-2146
3313,-883
3314,-3229
3315,-1902
3316,-1895
3317,-2666
3318,-3741
3319,-1184
3320,-2159
3321,-1878
3322,-1435
3323,-2371
3324,-2042
3325,-3731
3326,-2089
3327,-358
3328,-2456
3329,-4039
3330,-3983
3331,-3113
3332,-2521
3333,-2721
3334,-3864
3335,-3564
3336,-2585
3337,-3087
3338,-351
3339,-3174
3340,-1210
3341,-1851
3342,-4797
3343,-3660
3344,-1298
3345,-1001
3346,-2745
3347,-282
3348,-1810
3349,-4001
3350,-2106
3351,-2157
3352,-1668
3353,-2103
3354,-2839
3355,-1390
3356,-1592
3357,-1530
3358,-3065
3359,-1172
3360,-2160
3361,-1455
3362,-2160
3363,-1527
3364,-2176
3365,-186
3366,-1402
3367,-351
3368,-1826
3369,-3313
3370,-2008
3371,-1364
3372,-2856
3373,-1749
3374,-2358
3375,-3229
3376,-3979
3377,-4254
3378,-1921
3379,-4382
3380,-2387
3381,-3747
3382,-696
3383,-3472
3384,-1458
3385,-1832
3386,-1686
3387,-4476
3388,-2281
3389,-893
3390,-2836
3391,-1928
3392,-3043
3393,-1798
3394,-2291
3395,-3009
3396,-2116
3397,-3976
3398,-2169
3399,-1716
3400,-1733
3401,-1826
3402,-646
3403,-2457
3404,28
3405,-3579
3406,-1919
3407,-3204
3408,-3096
3409,-2412
3410,-2617
3411,-1852
3412,-1370
3413,-3342
3414,-2491
3415,-4821
3416,-3108
3417,-1735
3418,-2275
3419,-1226
3420,-1575
3421,-1836
3422,-3831
3423,-95
3424,-1432
3425,-4201
3426,-1861
3427,-391
3428,-1525
3429,-2538
3430,-4449
3431,-1889
3432,-3031
3433,-2509
3434,-2920
3435,-3924
3436,-776
3437,-718
3438,-752
3439,-1006
3440,-3144
3441,-2366
3442,-1919
3443,-1796
3444,-3633
3445,-1310
3446,-1188
3447,-1524
3448,-3908
3449,-854
3450,-1471
3451,-3236
3452,-1931
3453,-2037
3454,-2623
3455,-1877
3456,-3583
3457,-776
3458,-1183
3459,-2398
3460,-1215
3461,-480
3462,-2269
3463,-1209
3464,-380
3465,-1746
3466,-3398
3467,-689
3468,-2216
3469,-2241
3470,-2063
3471,-1648
3472,-1661
3473,-2640
3474,-1532
3475,-2394
3476,-1629
3477,-4046
3478,-1253
3479,-2668
3480,-791
3481,-1584
3482,-1523
3483,-2084
3484,-2971
3485,-3122
3486,-2481
3487,-2401
3488,-1855
3489,-2985
3490,-848
3491,-1051
3492,-4290
3493,-2231
3494,-2920
3495,-1668
3496,-3727
3497,-210
3498,-2617
3499,-1752
3500,-1012
3501,-1912
3502,-1342
3503,-3133
3504,-1347
3505,-3138
3506,-900
3507,-2635
3508,-1789
3509,-626
3510,-3136
3511,-1049
3512,-1717
3513,-853
3514,-1904
3515,-4252
3516,-1608
3517,-3166
3518,-2520
3519,-1205
3520,-2481
3521,-4075
3522,-2663
3523,-2675
3524,-562
3525,-2363
3526,-1635
3527,-2298
3528,-1450
3529,-941
3530,-2921
3531,-4571
3532,-562
3533,-1376
3534,-2160
3535,-1759
3536,-1284
3537,-5085
3538,-1366
3539,-2187
3540,14
3541,-3049
3542,-4367
3543,-2341
3544,-2195
3545,-3320
3546,-2195
3547,-2114
3548,-2636
3549,-1868
3550,-2503
3551,252
3552,-1865
3553,-14
3554,-1644
3555,-1632
3556,-2165
3557,-2009
3558,-2957
3559,-1977
3560,-912
3561,-1640
3562,-1588
3563,-704
3564,-901
3565,-1401
3566,-2157
3567,-2647
3568,-3275
3569,-2177
3570,-982
3571,-1188
3572,-1673
3573,-479
3574,-1587
3575,-3249
3576,-2368
3577,-1501
3578,-1165
3579,-2100
3580,-1857
3581,-4261
3582,-2782
3583,-3256
3584,-2101
3585,-3025
3586,-1452
3587,-2748
3588,-2267
3589,-1991
3590,-537
3591,-1423
3592,-5050
3593,-2342
3594,-2094
3595,-2595
3596,-3164
3597,-2412
3598,-1962
3599,-1446
3600,-3148
3601,-897
3602,-3163
3603,-1185
3604,-647
3605,-2948
3606,-1084
3607,-1179
3608,-2004
3609,-1871
3610,-1858
3611,-1755
3612,-4525
3613,-708
3614,-2419
3615,-3793
3616,-3610
3617,-2401
3618,-3087
3619,-1905
3620,-3756
3621,-1466
3622,-1891
3623,-1454
3624,-3224
3625,-1440
3626,-3119
3627,-923
3628,-1748
3629,-1806
3630,-4176
3631,-1951
3632,-2303
3633,-1596
3634,-2428
3635,-1624
3636,-2696
3637,-4700
3638,-2899
3639,-2315
3640,30
3641,-1504
3642,-142
3643,-2093
3644,-640
3645,-1884
3646,-1587
3647,-2456
3648,-1962
3649,-3658
3650,-4012
3651,-4633
3652,-2562
3653,-2087
3654,-1405
3655,-237
3656,-1225
3657,-3443
3658,-1266
3659,-2831
3660,-3108
3661,-5871
3662,-2034
3663,-3407
3664,-3278
3665,-1558
3666,-2385
3667,-511
3668,-1400
3669,-2619
3670,-1248
3671,-1486
3672,-2694
3673,-2580
3674,-2100
3675,-3020
3676,-1961
3677,-1491
3678,-1903
3679,-1445
3680,-1414
3681,-2575
3682,-1663
3683,-2447
3684,-3879
3685,-2664
3686,-2633
3687,-4975
3688,-907
3689,-1081
3690,-3530
3691,-2001
3692,-3103
3693,-2048
3694,-2171
3695,-2625
3696,-2807
3697,-2514
3698,-1220
3699,-2157
3700,-3246
3701,-325
3702,-3283
3703,-3684
3704,-4528
3705,-2215
3706,-4853
3707,-2677
3708,-4648
3709,-2509
3710,-1571
3711,-2938
3712,-1651
3713,-1648
3714,-3170
3715,-3350
3716,-3443
3717,-1972
3718,-1214
3719,-1796
3720,-4453
3721,-2459
3722,-4217
3723,-2478
3724,-3212
3725,-3011
3726,-2363
3727,-2021
3728,-1631
3729,-5112
3730,-149
3731,-595
3732,-2994
3733,-2448
3734,-2559
3735,-2300
3736,-902
3737,-1640
3738,-1776
3739,-1532
3740,-658
3741,-3736
3742,-5834
3743,-2584
3744,-2219
3745,-3252
3746,-2382
3747,-1003
3748,-1367
3749,-3772
3750,-3024
3751,-2960
3752,-2426
3753,-2869
3754,-2471
3755,-2185
3756,-2307
3757,-1668
3758,-1574
3759,-3358
3760,-3514
3761,-2221
3762,-1832
3763,-2186
3764,-1961
3765,-2852
3766,-148
3767,-2300
3768,-1766
3769,-3471
3770,-2031
3771,-3869
3772,-2547
3773,-2281
3774,-2435
3775,-966
3776,-1494
3777,-1148
3778,-2181
3779,-2006
3780,-2163
3781,-2645
3782,-1916
3783,-1185
3784,-1577
3785,-2628
3786,-1957
3787,-3045
3788,-1144
3789,-3343
3790,-151
3791,-3753
3792,-1875
3793,-1979
3794,-2726
3795,-4559
3796,-3415
3797,-2131
3798,-3220
3799,-1876
3800,-3543
3801,-4617
3802,-3189
3803,-1644
3804,-4945
3805,-78
3806,-2592
3807,-4168
3808,-1638
3809,-2508
3810,-1051
3811,-1646
3812,-1174
3813,-4235
3814,-3034
3815,-793
3816,-4987
3817,-327
3818,-1672
3819,-1385
3820,-3260
3821,-2369
3822,-2797
3823,-4133
3824,-1358
3825,-2797
3826,-765
3827,-1336
3828,-4967
3829,-4187
3830,-1781
3831,-2232
3832,-3577
3833,-1602
3834,-4081
3835,-2570
3836,-2142
3837,-1654
3838,-2080
3839,-968
3840,-2592
3841,-2194
3842,-919
3843,-2837
3844,-2255
3845,-3177
3846,-3137
3847,-2862
3848,-1929
3849,-2127
3850,-2120
3851,-3132
3852,-3099
3853,-1126
3854,-824
3855,-1353
3856,-3523
3857,-955
3858,-4363
3859,-4076
3860,-1645
3861,-2829
3862,-3853
3863,-848
3864,-2472
3865,-4304
3866,-3571
3867,-1821
3868,-651
3869,-3013
3870,-2697
3871,-3640
3872,-1565
3873,-2646
3874,-2343
3875,-3347
3876,-3131
3877,-2067
3878,-2293
3879,-3449
3880,-217
3881,-4000
3882,-2028
3883,-2908
3884,-2524
3885,-2913
3886,-1270
3887,-1968
3888,-3376
3889,-1595
3890,-3400
3891,-2632
3892,-1749
3893,-2339
3894,-1839
3895,-1984
3896,-2810
3897,-2131
3898,-2564
3899,-2488
3900,-1783
3901,-3370
3902,-1791
3903,-2386
3904,-1081
3905,-2264
3906,-1558
3907,-763
3908,-1805
3909,-3980
3910,-4183
3911,-1161
3912,-1017
3913,267
3914,-703
3915,-2969
3916,-2563
3917,-3269
3918,-1819
3919,-3102
3920,-3426
3921,-1809
3922,-3395
3923,-3434
3924,-3986
3925,-1639
3926,-1849
3927,-2056
3928,-2460
3929,-2671
3930,-4863
3931,-1802
3932,-1370
3933,-1660
3934,-2044
3935,-2875
3936,-1463
3937,-2997
3938,-1843
3939,-2930
3940,-2203
3941,-3220
3942,-2081
3943,-1703
3944,-673
3945,-986
3946,-1279
3947,-4707
3948,-4366
3949,-1591
3950,-1498
3951,-4472
3952,-2823
3953,-2565
3954,-2598
3955,-2862
3956,-3911
3957,-2306
3958,-3028
3959,-2895
3960,-3452
3961,-1154
3962,-2338
3963,-2377
3964,-1656
3965,-2361
3966,-4407
3967,-2990
3968,-3308
3969,-2514
3970,-2110
3971,-1670
3972,-1104
3973,-3724
3974,-2988
3975,-132
3976,-3280
3977,-1777
3978,-981
3979,-1071
3980,-2288
3981,-3468
3982,-2830
3983,-2956
3984,-2351
3985,-1693
3986,-1406
3987,-1930
3988,-2329
3989,-1503
3990,-3650
3991,-2918
3992,-2737
3993,-1354
3994,-2844
3995,-1928
3996,-3449
3997,-1232
3998,-1222
3999,-1912
4000,-1152
4001,-2346
4002,-1455
4003,-3757
4004,-1738
4005,-1661
4006,-1134
4007,-1923
4008,-1812
4009,-1581
4010,-667
4011,-710
4012,-3625
4013,-2906
4014,-3083
4015,-1810
4016,-2855
4017,-2607
4018,-1908
4019,-123
4020,-4509
4021,-2007
4022,-1847
4023,-2217
4024,-2287
4025,-1815
4026,-801
4027,-230
4028,-430
4029,-1304
4030,-1821
4031,-1673
4032,-1721
4033,-1939
4034,-988
4035,-1125
4036,-699
4037,-1459
4038,-2193
4039,-3210
4040,-2249
4041,-3117
4042,-2177
4043,-1612
4044,-3359
4045,-1676
4046,-3456
4047,-3430
4048,-1364
4049,-389
4050,-3033
4051,-3970
4052,-2744
4053,-3517
4054,-3411
4055,-912
4056,-2991
4057,-1801
4058,-2713
4059,-1767
4060,-2063
4061,-3682
4062,-2326
4063,-2245
4064,-3238
4065,-1520
4066,-3111
4067,-1902
4068,-2875
4069,-1416
4070,-1644
4071,-1314
4072,-2704
4073,-236
4074,-3311
4075,-1545
4076,-2009
4077,-2971
4078,-3124
4079,-1715
4080,-3275
4081,-2382
4082,-3143
4083,-2357
4084,-3058
4085,-3085
4086,-3585
4087,-2076
4088,-2501
4089,-3077
4090,-1591
4091,-334
4092,-1204
4093,-1936
4094,-3224
4095,-1509
4096,-1762
4097,-2489
4098,-2761
4099,-2276
4100,-2335
4101,-4430
4102,-1516
4103,-483
4104,-1783
4105,-2155
4106,-2121
4107,-2479
4108,-1976
4109,-1775
4110,-127
4111,-1523
4112,-2459
4113,-2510
4114,-1701
4115,-1948
4116,-1455
4117,-2801
4118,-3275
4119,-3236
4120,-3252
4121,-977
4122,-1093
4123,-1754
4124,-4117
4125,-1324
4126,-2082
4127,-914
4128,-1369
4129,-1776
4130,-2049
4131,-1204
4132,-3254
4133,-2345
4134,-4834
4135,-2235
4136,-2829
4137,-4277
4138,-1451
4139,-1840
4140,-1965
4141,-2359
4142,-2628
4143,-2229
4144,-2605
4145,-1027
4146,-768
4147,-1858
4148,-1793
4149,-2962
4150,-1473
4151,-2437
4152,-2837
4153,-2499
4154,-2162
4155,-430
4156,-3016
4157,-2608
4158,-3348
4159,-2492
4160,-3641
4161,-1937
4162,-3145
4163,-1624
4164,-3365
4165,-1024
4166,-2946
4167,-3744
4168,-1679
4169,-2537
4170,-2117
4171,-1620
4172,-2901
4173,-3750
4174,-4576
4175,-1443
4176,-962
4177,-2177
4178,-1834
4179,-2686
4180,-3501
4181,-2447
4182,-3320
4183,-1604
4184,-2604
4185,-1042
4186,-1508
4187,-4722
4188,-1726
4189,-1692
4190,-2435
4191,-1088
4192,-1443
4193,-4064
4194,-2963
4195,-2402
4196,-3549
4197,-2195
4198,-3072
4199,-2023
4200,-2437
4201,-2300
4202,-1360
4203,-1742
4204,-2179
4205,-2681
4206,-2736
4207,-2092
4208,-2468
4209,-2917
4210,-2000
4211,-1208
4212,-3594
4213,-3856
4214,-3991
4215,-2414
4216,-782
4217,-3366
4218,-2522
4219,-2692
4220,-1273
4221,-1428
4222,-3911
4223,-2742
4224,-3440
4225,-2741
4226,-1062
4227,-1830
4228,-1805
4229,-1929
4230,-2070
4231,-1428
4232,-1506
4233,-1276
4234,-2784
4235,-1488
4236,-1823
4237,-1167
4238,-2606
4239,-1462
4240,-1060
4241,-2386
4242,-1786
4243,-2343
4244,-2276
4245,-1881
4246,-961
4247,-2946
4248,-2026
4249,-203
4250,-3717
4251,-966
4252,-1828
4253,-1641
4254,-1572
4255,-1722
4256,-2589
4257,-1695
4258,-3068
4259,-1591
4260,-1000
4261,-1033
4262,-4080
4263,-3144
4264,-2557
4265,-2118
4266,-3648
4267,-2689
4268,-1877
4269,-1664
4270,-1920
4271,-4302
4272,-3050
4273,-1856
4274,-3039
4275,-2869
4276,-70
4277,-3113
4278,-1270
4279,-2674
4280,-3629
4281,-1646
4282,-861
4283,-2179
4284,-4018
4285,-3692
4286,-4182
4287,-1657
4288,-3649
4289,-2710
4290,-535
4291,-1719
4292,-51
4293,335
4294,-2529
4295,-2758
4296,-1724
4297,-2482
4298,-2104
4299,-2646
4300,-2379
4301,-3713
4302,-2494
4303,-2173
4304,-2769
4305,-3189
4306,-2492
4307,-2145
4308,-2671
4309,-3238
4310,-2549
4311,-2123
4312,-2707
4313,-3970
4314,-1468
4315,-3188
4316,-2748
4317,-1739
4318,-640
4319,-785
4320,-3211
4321,-2355
4322,-2446
4323,-2526
4324,-2330
4325,-1187
4326,-3373
4327,-1967
4328,-1859
4329,-4122
4330,-2710
4331,-3787
4332,-2369
4333,-1436
4334,-2434
4335,-935
4336,-2499
4337,-2930
4338,-1028
4339,-1897
4340,-2442
4341,-2067
4342,-3430
4343,-1951
4344,-1626
4345,-2118
4346,-2915
4347,-1392
4348,-2347
4349,-3157
4350,-3397
4351,-1894
4352,-904
4353,-3816
4354,-2127
4355,-2661
4356,-772
4357,-2764
4358,-2021
4359,-2390
4360,-1755
4361,-3452
4362,-1786
4363,-1459
4364,-2818
4365,-1217
4366,-3333
4367,-2319
4368,-2905
4369,-3218
4370,-1434
4371,-2830
4372,-2662
4373,-656
4374,-796
4375,-1449
4376,-2265
4377,-1556
4378,-699
4379,-1533
4380,-3114
4381,-2360
4382,-1230
4383,-3135
4384,-3197
4385,-1803
4386,-1763
4387,-574
4388,-2163
4389,-774
4390,-1048
4391,-3409
4392,-2351
4393,-549
4394,-1689
4395,-3104
4396,-142
4397,-1075
4398,-2111
4399,-1496
4400,-2987
4401,-3323
4402,-1772
4403,-3058
4404,-1973
4405,-621
4406,-2356
4407,-2080
4408,-1005
4409,-2088
4410,-2001
4411,-2535
4412,-2616
4413,-2798
4414,-2711
4415,-4617
4416,-3446
4417,-2715
4418,-641
4419,-774
4420,-2334
4421,-2142
4422,-1296
4423,-3003
4424,-3061
4425,-2868
4426,-3758
4427,-1258
4428,-1783
4429,-3221
4430,-1977
4431,-1423
4432,-2460
4433,-3138
4434,-2365
4435,-2082
4436,-488
4437,-3455
4438,-2683
4439,-1944
4440,-2041
4441,-1121
4442,-3525
4443,-2248
4444,-1500
4445,-968
4446,-2381
4447,-2999
4448,-662
4449,-865
4450,-974
4451,-2367
4452,-5121
4453,-2796
4454,-1100
4455,-1313
4456,-3583
4457,-1642
4458,-884
4459,-2543
4460,-1698
4461,-1000
4462,-5454
4463,-1854
4464,-3669
4465,-2522
4466,-1985
4467,-1496
4468,-305
4469,-956
4470,-1630
4471,-2519
4472,-3780
4473,-707
4474,-1961
4475,-1949
4476,-1280
4477,-1090
4478,-1188
4479,-2102
4480,-1823
4481,-2801
4482,-2120
4483,-2093
4484,-3651
4485,-3419
4486,-3140
4487,-2888
4488,-2247
4489,-1782
4490,-2535
4491,-588
4492,-1860
4493,-1666
4494,-1243
4495,-4227
4496,-957
4497,-1298
4498,-1777
4499,-2334
4500,-1337
4501,-1020
4502,-1270
4503,-3582
4504,-3410
4505,-1878
4506,-3170
4507,-3092
4508,-3431
4509,-1316
4510,-2705
4511,-1168
4512,-261
4513,-495
4514,-1591
4515,-2961
4516,-1537
4517,-1352
4518,-3090
4519,-1147
4520,-1822
4521,-1831
4522,-2189
4523,-2539
4524,-1878
4525,-3749
4526,860
4527,-533
4528,-1311
4529,-3150
4530,-2564
4531,-2829
4532,-3246
4533,-2436
4534,-1675
4535,-3156
4536,-1782
4537,-2413
4538,-795
4539,-2351
4540,-2367
4541,-1476
4542,-2581
4543,-532
4544,-4297
4545,-1835
4546,-2145
4547,-3217
4548,-2603
4549,-1716
4550,-2171
4551,-3296
4552,-2750
4553,-3390
4554,-2707
4555,-2255
4556,-1366
4557,-2282
4558,-1142
4559,-2544
4560,-2661
4561,-2228
4562,-2144
4563,-995
4564,-1593
4565,-2242
4566,-4284
4567,-1369
4568,-2240
4569,-786
4570,-928
4571,-1826
4572,-2667
4573,104
4574,-3189
4575,-2786
4576,-3141
4577,-1748
4578,-2442
4579,-1610
4580,-1316
4581,-3712
4582,-635
4583,-2282
4584,-1113
4585,-1249
4586,-2361
4587,-1078
4588,-1247
4589,-3129
4590,-1422
4591,-2750
4592,-3271
4593,-1168
4594,-739
4595,-2094
4596,-2293
4597,-1799
4598,-1081
4599,-2672
4600,-2251
4601,-2362
4602,-1589
4603,-3741
4604,-2203
4605,-2932
4606,-1697
4607,-821
4608,-2017
4609,-1347
4610,-609
4611,-2990
4612,-1095
4613,-1837
4614,-2774
4615,-2105
4616,-511
4617,-3559
4618,-1055
4619,-4046
4620,-3458
4621,-2667
4622,-2710
4623,-1194
4624,-1764
4625,-624
4626,-2917
4627,-2430
4628,-3132
4629,-1672
4630,-3173
4631,-975
4632,-2302
4633,-1536
4634,-2368
4635,-1455
4636,-3219
4637,-2672
4638,-1969
4639,-3160
4640,-1600
4641,-3594
4642,-856
4643,-1172
4644,-1661
4645,-3039
4646,-112
4647,-2191
4648,-3300
4649,-1398
4650,-2796
4651,-1765
4652,-1543
4653,-4581
4654,-1364
4655,-4640
4656,-1958
4657,-2587
4658,-2172
4659,-2429
4660,-1399
4661,-2755
4662,-3196
4663,-2148
4664,-2093
4665,-3390
4666,-1757
4667,-3317
4668,-2654
4669,-1303
4670,-1729
4671,-2516
4672,-2890
4673,-2974
4674,-3197
4675,-3810
4676,-1340
4677,-1972
4678,-4015
4679,-3807
4680,-2295
4681,-2856
4682,-1466
4683,-3058
4684,-2201
4685,-1026
4686,-3608
4687,-2114
4688,-2446
4689,-2922
4690,-2868
4691,-4117
4692,-3065
4693,-2568
4694,-2087
4695,-1939
4696,-3399
4697,-2665
4698,-3110
4699,-2636
4700,-1135
4701,-1181
4702,-1938
4703,-3926
4704,-2498
4705,-864
4706,-1461
4707,-3122
4708,-2458
4709,-2885
4710,-800
4711,-1340
4712,-1653
4713,-1813
4714,-4541
4715,-2880
4716,-1022
4717,-1505
4718,-1467
4719,-4143
4720,-3041
4721,-1613
4722,-1585
4723,-1385
4724,-1290
4725,-2328
4726,-2395
4727,-2572
4728,-1730
4729,-1994
4730,-3081
4731,-2530
4732,-2002
4733,-1010
4734,-898
4735,-1289
4736,-3279
4737,-1662
4738,-3283
4739,-949
4740,-2048
4741,-2978
4742,-1995
4743,-3043
4744,-3587
4745,-1367
4746,-3303
4747,-2872
4748,-2431
4749,-3244
4750,-2405
4751,-741
4752,-1402
4753,-879
4754,-429
4755,-3780
4756,-906
4757,-1780
4758,-2808
4759,-2560
4760,-2058
4761,-1373
4762,-668
4763,-4919
4764,-3674
4765,-2192
4766,-1626
4767,-3322
4768,-2733
4769,-2591
4770,-3274
4771,-783
4772,-2834
4773,-1535
4774,-2577
4775,-1789
4776,-1273
4777,-1365
4778,-1965
4779,-1954
4780,-2499
4781,-1955
4782,-1692
4783,-2950
4784,-2115
4785,-2962
4786,-3467
4787,-2530
4788,-491
4789,-1714
4790,-668
4791,-2916
4792,-1606
4793,-2570
4794,-2523
4795,-1819
4796,-2838
4797,-2003
4798,-999
4799,-2969
4800,-1565
4801,-3711
4802,-1261
4803,-2091
4804,-2914
4805,-1729
4806,-3465
4807,-169
4808,-2935
4809,-354
4810,-1801
4811,-738
4812,-1423
4813,-2460
4814,-2637
4815,-1785
4816,-1917
4817,-3061
4818,-2743
4819,173
4820,-3054
4821,-3138
4822,-57
4823,-1562
4824,-1301
4825,-2484
4826,-1578
4827,-1893
4828,-2988
4829,-2953
4830,-3634
4831,-1349
4832,-3864
4833,-3877
4834,-2143
4835,-2883
4836,-2659
4837,-3325
4838,-441
4839,-2214
4840,-2268
4841,-3247
4842,-457
4843,-843
4844,-3019
4845,-3808
4846,-1981
4847,-2615
4848,-1257
4849,-3864
4850,-1595
4851,-2299
4852,-2972
4853,-1754
4854,-179
4855,-3123
4856,-3326
4857,-3257
4858,-1740
4859,-1100
4860,-1004
4861,-3704
4862,-1720
4863,-2120
4864,-4605
4865,-1581
4866,-433
4867,-1965
4868,-3257
4869,-1541
4870,-3195
4871,-1891
4872,-4842
4873,-1431
4874,-2208
4875,-2072
4876,-3376
4877,-722
4878,-2274
4879,-1934
4880,-3686
4881,-1622
4882,-1484
4883,-1879
4884,-2054
4885,-3315
4886,-1698
4887,-1974
4888,-696
4889,-1317
4890,-2307
4891,-1289
4892,-2190
4893,-2361
4894,-2228
4895,-5286
4896,-2229
4897,-2536
4898,-1936
4899,-1718
4900,-2165
4901,-2072
4902,-2389
4903,-2928
4904,-2601
4905,-4220
4906,-3650
4907,-2078
4908,-3735
4909,-1229
4910,-3325
4911,-1627
4912,-769
4913,-598
4914,-3388
4915,-1981
4916,-2372
4917,-3700
4918,-2767
4919,-3624
4920,-3464
4921,-1161
4922,-1350
4923,-2470
4924,-2859
4925,-2674
4926,-3189
4927,-2195
4928,-2445
4929,-2842
4930,-1305
4931,-1971
4932,-1186
4933,-1987
4934,-231
4935,-2540
4936,-3666
4937,-2027
4938,-4258
4939,-1961
4940,-3343
4941,184
4942,-1277
4943,-1392
4944,-2103
4945,-2256
4946,-1416
4947,-4344
4948,-2821
4949,-1802
4950,-1229
4951,-2697
4952,-1601
4953,-2165
4954,-2420
4955,-2458
4956,-2649
4957,-769
4958,-1935
4959,-2314
4960,-1092
4961,-356
4962,-399
4963,-2208
4964,-1937
4965,-658
4966,-2602
4967,-793
4968,-1493
4969,-1837
4970,-1554
4971,-1955
4972,-3163
4973,-4471
4974,-2693
4975,-1866
4976,-1319
4977,-1907
4978,-3925
4979,-893
4980,-2644
4981,-900
4982,-2411
4983,-2598
4984,-604
4985,-2649
4986,-2119
4987,-1402
4988,-2275
4989,-3656
4990,-1722
4991,-2640
4992,-3444
4993,-3242
4994,-1158
4995,-3016
4996,-3719
4997,-1551
4998,-513
4999,-1296
5000,-1837
5001,-1506
5002,-3293
5003,-2977
5004,-1820
5005,-1788
5006,-1050
5007,-2604
5008,-3788
5009,169
5010,-2752
5011,-2277
5012,-3765
5013,-2245
5014,-2023
5015,-2426
5016,-4367
5017,-1517
5018,-1685
5019,-1095
5020,-1937
5021,-3179
5022,-2026
5023,-1949
5024,-1896
5025,-2494
5026,-4366
5027,-2538
5028,-3131
5029,-2301
5030,-1709
5031,-254
5032,-2399
5033,-2768
5034,-3048
5035,-2333
5036,-2303
5037,-1204
5038,-3454
5039,-1582
5040,-1345
5041,-735
5042,-2625
5043,-2104
5044,-598
5045,-1844
5046,-2664
5047,-1703
5048,-4225
5049,-2891
5050,-3139
5051,-2838
5052,-2624
5053,-2749
5054,-2419
5055,-2516
5056,-2359
5057,-3185
5058,-3342
5059,-2093
5060,-1224
5061,-2131
5062,-1902
5063,-1867
5064,-2260
5065,-2705
5066,-3032
5067,-1586
5068,-1848
5069,-2255
5070,-2974
5071,-1228
5072,-1223
5073,-2187
5074,-714
5075,-3119
5076,-204
5077,-1242
5078,-1707
5079,-2665
5080,-2492
5081,-3313
5082,-758
5083,-1390
5084,-2965
5085,-3022
5086,-1525
5087,-2865
5088,-3040
5089,-2788
5090,-2869
5091,-1453
5092,-1597
5093,-2784
5094,-1645
5095,-1850
5096,-1052
5097,-2837
5098,-4576
5099,-1719
5100,-1180
5101,-2291
5102,-2413
5103,-3126
5104,-1519
5105,-1137
5106,-1704
5107,-1253
5108,-2710
5109,-1803
5110,-3127
5111,-2182
5112,-1790
5113,-3670
5114,-2879
5115,-1790
5116,-3663
5117,-3465
5118,-1884
5119,-1782
5120,-3097
5121,-1530
5122,-4265
5123,-1067
5124,-2722
5125,-2178
5126,-3034
5127,-3529
5128,-3526
5129,52
5130,-3437
5131,-2840
5132,-2071
5133,-2296
5134,-878
5135,96
5136,-2551
5137,-433
5138,-3204
5139,-2645
5140,-1546
5141,-1713
5142,-440
5143,-3431
5144,-2967
5145,-1547
5146,-3753
5147,-2572
5148,-2713
5149,-3783
5150,-4854
5151,-3398
5152,-3272
5153,-854
5154,-556
5155,-2523
5156,-768
5157,-1516
5158,-2049
5159,-1024
5160,-3995
5161,-1875
5162,-4173
5163,-4036
5164,-1475
5165,-2353
5166,-1055
5167,-4290
5168,-3563
5169,-3926
5170,-1235
5171,-1902
5172,-938
5173,-3648
5174,-2190
5175,-2921
5176,-1243
5177,-1144
5178,-3001
5179,-3547
5180,-2521
5181,-1541
5182,-1631
5183,-2834
5184,-2759
5185,-1169
5186,-2862
5187,-1372
5188,-1889
5189,-1702
5190,-1094
5191,-2331
5192,-4148
5193,-3203
5194,-1123
5195,-2986
5196,-1760
5197,-3354
5198,-2782
5199,-1548
5200,-2986
5201,-1885
5202,-1441
5203,-521
5204,-2007
5205,-1304
5206,-2450
5207,-1251
5208,-2246
5209,-1861
5210,-2356
5211,-885
5212,-3332
5213,-1483
5214,-3249
5215,-3926
5216,-326
5217,-2129
5218,-2398
5219,-1060
5220,-2821
5221,-3093
5222,-2758
5223,-1962
5224,-2718
5225,-1613
5226,-904
5227,-2573
5228,-121
5229,-2165
5230,-703
5231,-2612
5232,-3384
5233,-2504
5234,-2275
5235,-1991
5236,-2190
5237,-1363
5238,-3699
5239,-2792
5240,-3541
5241,-4763
5242,-1205
5243,-1847
5244,-1616
5245,-1912
5246,-3220
5247,-2945
5248,-2975
5249,-2641
5250,-729
5251,-2676
5252,-1619
5253,-1246
5254,-2106
5255,-2321
5256,-1820
5257,-2256
5258,-1189
5259,-3277
5260,-3135
5261,-1142
5262,-2591
5263,-2433
5264,-2085
5265,-1951
5266,-1571
5267,-1742
5268,-3963
5269,-2788
5270,-2437
5271,-2821
5272,-1698
5273,-1971
5274,-2541
5275,-1767
5276,-4234
5277,-3708
5278,-2818
5279,-1642
5280,-457
5281,-4118
5282,-3542
5283,-2328
5284,-2146
5285,-3147
5286,-1162
5287,-3678
5288,-1052
5289,-2448
5290,-1922
5291,-2173
5292,-4518
5293,-1405
5294,-4078
5295,-2854
5296,-3769
5297,-1019
5298,-2914
5299,-972
5300,-1008
5301,-2173
5302,-2711
5303,-1842
5304,-3016
5305,-2538
5306,-3924
5307,-2777
5308,-2313
5309,-1332
5310,-4703
5311,-3966
5312,-2076
5313,-1748
5314,-1603
5315,-298
5316,-1707
5317,-2244
5318,-2651
5319,-1617
5320,-2231
5321,-1943
5322,-3911
5323,-3472
5324,-3790
5325,-1334
5326,-2880
5327,-891
5328,-767
5329,-1794
5330,-867
5331,-3755
5332,-3251
5333,-2338
5334,-2719
5335,-3374
5336,-1466
5337,-1199
5338,-2552
5339,-1609
5340,-3851
5341,-3022
5342,-1160
5343,-1889
5344,-1532
5345,-2398
5346,-3193
5347,-2534
5348,-1770
5349,-1379
5350,-4303
5351,-2178
5352,-1363
5353,-2437
5354,-647
5355,-3947
5356,-2372
5357,-3555
5358,-2383
5359,-2621
5360,-2524
5361,-2487
5362,-2455
5363,-3048
5364,-2630
5365,-1928
5366,-859
5367,-2602
5368,-1962
5369,-1452
5370,-2297
5371,-2877
5372,-21
5373,-1156
5374,-2525
5375,-3017
5376,-1783
5377,-1480
5378,-1614
5379,-1962
5380,-442
5381,-2110
5382,-1790
5383,-2164
5384,-434
5385,119
5386,-1220
5387,-2549
5388,-3575
5389,-2749
5390,-2400
5391,-1986
5392,-1401
5393,-2416
5394,-2037
5395,-3895
5396,-2010
5397,-3132
5398,-2253
5399,-2428
5400,-500
5401,-322
5402,-2972
5403,-2651
5404,-805
5405,-977
5406,-674
5407,-1321
5408,-1471
5409,-2931
5410,-1930
5411,-2639
5412,-3709
5413,-1952
5414,-2157
5415,-5083
5416,-2687
5417,-596
5418,-2701
5419,-2403
5420,-2684
5421,-1263
5422,-272
5423,-1015
5424,-2289
5425,-3173
5426,-3232
5427,-1915
5428,-812
5429,-1723
5430,-3185
5431,-2228
5432,-1314
5433,-1295
5434,-1045
5435,-2533
5436,-1326
5437,-2688
5438,-459
5439,-3176
5440,-1971
5441,-1927
5442,-3883
5443,-1298
5444,-4317
5445,-1238
5446,-1803
5447,-2399
5448,-3358
5449,-3187
5450,-2004
5451,-2093
5452,-2672
5453,-1807
5454,-1339
5455,-2162
5456,-206
5457,-3983
5458,-2672
5459,-1973
5460,-3911
5461,-4327
5462,-968
5463,-1756
5464,-1655
5465,-3111
5466,-2710
5467,-4898
5468,-2459
5469,-4032
5470,-1621
5471,-1895
5472,-2083
5473,-2035
5474,-1642
5475,-2926
5476,-1057
5477,-2495
5478,-1868
5479,-133
5480,222
5481,-2288
5482,-2254
5483,-1819
5484,-59
5485,-3564
5486,-3350
5487,-1445
5488,-2324
5489,-3417
5490,-2307
5491,-4940
5492,-2794
5493,-3382
5494,-2622
5495,-3335
5496,-1881
5497,-1546
5498,-2732
5499,-3026
5500,-1170
5501,-327
5502,-3071
5503,-947
5504,-1428
5505,-2985
5506,-1784
5507,-389
5508,-3972
5509,-3971
5510,-2834
5511,-865
5512,-2716
5513,-1326
5514,-1747
5515,-1989
5516,-1154
5517,-364
5518,-2018
5519,-2533
5520,-3374
5521,-2230
5522,-1766
5523,-4824
5524,-2675
5525,-1659
5526,-659
5527,-1525
5528,-1529
5529,-2438
5530,-2942
5531,-2695
5532,-2887
5533,-1268
5534,-1204
5535,-4089
5536,-1835
5537,-2144
5538,-2332
5539,-1626
5540,-2508
5541,-1896
5542,-1329
5543,-2386
5544,-1662
5545,-1786
5546,-3488
5547,-746
5548,-4210
5549,-4129
5550,-3284
5551,-3992
5552,-3804
5553,-2368
5554,-3994
5555,-1459
5556,-3634
5557,-2483
5558,-669
5559,-1455
5560,-3272
5561,-3702
5562,-1625
5563,-2671
5564,-2234
5565,-2267
5566,-3968
5567,-2072
5568,-5
5569,-1136
5570,-715
5571,-1121
5572,-2282
5573,-1762
5574,-1041
5575,-1711
5576,-2014
5577,-869
5578,-2018
5579,-1406
5580,-1730
5581,-569
5582,-538
5583,-2491
5584,-2220
5585,-1422
5586,-2390
5587,-1524
5588,-3919
5589,-87
5590,-1487
5591,-2503
5592,-2976
5593,-920
5594,-1082
5595,97
5596,-1003
5597,-2231
5598,-1180
5599,-2774
5600,-2230
5601,-1506
5602,-2211
5603,-2929
5604,-1619
5605,-2114
5606,-1848
5607,-3740
5608,-3230
5609,-511
5610,-2493
5611,-1972
5612,-2141
5613,-2808
5614,-3077
5615,-1911
5616,-1124
5617,-2777
5618,-3326
5619,-2982
5620,-1784
5621,-2778
5622,-1024
5623,-1243
5624,-779
5625,-3882
5626,-605
5627,-1807
5628,-3122
5629,-2542
5630,-1270
5631,-299
5632,-3738
5633,-1436
5634,-5048
5635,-816
5636,-3256
5637,-2357
5638,-1292
5639,-1763
5640,-3636
5641,-4317
5642,-1322
5643,-1663
5644,-2267
5645,-3396
5646,-2501
5647,-1041
5648,-2088
5649,-4146
5650,-748
5651,-2598
5652,-3696
5653,-1256
5654,-2217
5655,-1902
5656,-2481
5657,-2945
5658,-1821
5659,-2173
5660,-1507
5661,-49
5662,-1241
5663,-2718
5664,-1156
5665,-28
5666,-2858
5667,-446
5668,-3311
5669,-4388
5670,92
5671,-2376
5672,-3870
5673,-1472
5674,-1884
5675,-3517
5676,-980
5677,-2351
5678,-972
5679,-1210
5680,-1943
5681,-672
5682,-1136
5683,-3529
5684,-2725
5685,-1804
5686,-3718
5687,-1684
5688,-2428
5689,-1415
5690,-3277
5691,-1366
5692,-1292
5693,-2442
5694,-1735
5695,-2706
5696,-968
5697,-1135
5698,-1732
5699,-2556
5700,-2929
5701,-2545
5702,-2222
5703,-2143
5704,-2655
5705,-3147
5706,-2618
5707,-815
5708,-3490
5709,-1311
5710,-3640
5711,-3834
5712,-2330
5713,-1650
5714,-2372
5715,-3141
5716,-2093
5717,-2115
5718,-5152
5719,-2994
5720,-1250
5721,-3023
5722,-4310
5723,-1963
5724,-570
5725,-1927
5726,-2678
5727,-3346
5728,-576
5729,-2674
5730,-3064
5731,-1470
5732,-931
5733,-1692
5734,-3245
5735,-1887
5736,-2446
5737,-1911
5738,-3839
5739,-2557
5740,-2536
5741,-2270
5742,-2492
5743,-3293
5744,-1419
5745,-3668
5746,-1932
5747,-2727
5748,-2970
5749,-2912
5750,-1450
5751,-1284
5752,-1628
5753,-3150
5754,-3411
5755,-2522
5756,-3084
5757,-3696
5758,-1659
5759,-1611
5760,-4442
5761,-1328
5762,-2222
5763,-3905
5764,-2152
5765,-731
5766,-3744
5767,-1408
5768,-2238
5769,-1969
5770,-2320
5771,-1383
5772,-2711
5773,-1929
5774,-2825
5775,-3475
5776,-3187
5777,-1275
5778,-1774
5779,-1261
5780,-2102
5781,-3382
5782,-2046
5783,-1528
5784,-1521
5785,-1571
5786,-3636
5787,-2112
5788,-1788
5789,-1084
5790,-2520
5791,-4029
5792,-1220
5793,-2054
5794,-2699
5795,-1137
5796,-2766
5797,-318
5798,-3462
5799,-2233
5800,-1413
5801,-2343
5802,-2801
5803,-2105
5804,-1618
5805,-2937
5806,-3528
5807,-4731
5808,-1489
5809,-2729
5810,-1260
5811,-1861
5812,-3547
5813,-1549
5814,-3911
5815,-3609
5816,-4439
5817,-2777
5818,-1711
5819,-575
5820,-2916
5821,-1411
5822,-3308
5823,-1768
5824,-1205
5825,-2970
5826,-4184
5827,-3621
5828,-3011
5829,-3304
5830,-3310
5831,-1056
5832,-993
5833,-3428
5834,-1928
5835,-1899
5836,-3808
5837,-1358
5838,-2255
5839,-1814
5840,-4408
5841,-2034
5842,-1549
5843,-3412
5844,-1287
5845,-4326
5846,-2174
5847,-3142
5848,-4075
5849,-2976
5850,-1865
5851,-2980
5852,-3826
5853,-690
5854,-1426
5855,-936
5856,-3291
5857,-2269
5858,-2129
5859,-1678
5860,-795
5861,-3197
5862,-588
5863,-2088
5864,-4644
5865,-2983
5866,-2485
5867,-5625
5868,-1666
5869,-4623
5870,-2868
5871,-2484
5872,-4070
5873,-2826
5874,-2089
5875,-2717
5876,-2055
5877,-3454
5878,-2014
5879,-3064
5880,-1495
5881,-2978
5882,-2309
5883,-3356
5884,-2627
5885,-2253
5886,-190
5887,-3476
5888,-2482
5889,-3260
5890,-2413
5891,-1870
5892,-2809
5893,-2268
5894,-2612
5895,-1872
5896,-3127
5897,-2383
5898,-410
5899,-3422
5900,-3108
5901,-1737
5902,-2089
5903,-3138
5904,-1528
5905,-3468
5906,-2290
5907,-1456
5908,-1683
5909,-2503
5910,-1793
5911,-1160
5912,-2597
5913,-2330
5914,-1391
5915,-1878
5916,-2587
5917,-1313
5918,-1984
5919,-1660
5920,-2309
5921,-1696
5922,-2394
5923,-3120
5924,-4699
5925,-2662
5926,-1647
5927,-3528
5928,-2613
5929,-4141
5930,-2485
5931,-833
5932,-171
5933,-2133
5934,-509
5935,-2077
5936,-2836
5937,-1621
5938,-2134
5939,-3570
5940,-2264
5941,-1857
5942,-1373
5943,-2801
5944,-2063
5945,-1314
5946,-1753
5947,-1933
5948,-1979
5949,-1367
5950,-4800
5951,-2121
5952,-1047
5953,-2278
5954,-1842
5955,-1991
5956,-3196
5957,-1011
5958,-2498
5959,-1872
5960,-1444
5961,-2737
5962,-2762
5963,57
5964,-565
5965,-4520
5966,-2044
5967,-2060
5968,-1394
5969,-1939
5970,-103
5971,-4021
5972,-2122
5973,-2366
5974,-2923
5975,-2504
5976,-4110
5977,-549
5978,-2293
5979,-3561
5980,-2736
5981,189
5982,-2024
5983,-3408
5984,-3574
5985,-2780
5986,-1833
5987,-906
5988,-2400
5989,-1610
5990,-2404
5991,-2166
5992,-1294
5993,-2546
5994,-1986
5995,-3732
5996,-3412
5997,-1814
5998,-2768
5999,-1298
6000,-4006
6001,-2644
6002,-1959
6003,-3133
6004,-1025
6005,-2647
6006,-3515
6007,-3105
6008,-2363
6009,-2853
6010,-2190
6011,-3138
6012,-386
6013,-2013
6014,-3764
6015,-3782
6016,-1511
6017,-2262
6018,-1805
6019,-2386
6020,-3107
6021,-2297
6022,-2232
6023,-2892
6024,-3909
6025,-4609
6026,-3771
6027,-558
6028,-1899
6029,-3181
6030,-3105
6031,-472
6032,-1576
6033,-1435
6034,-4552
6035,-4580
6036,-218
6037,-1501
6038,-888
6039,-1841
6040,-429
6041,-3020
6042,-1596
6043,-1495
6044,-2032
6045,-2466
6046,-628
6047,-2617
6048,-2687
6049,-2037
6050,-4935
6051,-1025
6052,-488
6053,-1979
6054,-2575
6055,-2290
6056,-3638
6057,-2112
6058,-1875
6059,-2026
6060,-2647
6061,-2669
6062,-1113
6063,-708
6064,-891
6065,-3140
6066,-1434
6067,-3108
6068,-3951
6069,-1902
6070,-3371
6071,-3669
6072,-2294
6073,-2930
6074,-2254
6075,-3623
6076,-1463
6077,-1693
6078,-1235
6079,-2608
6080,-1098
6081,-1501
6082,-902
6083,-1827
6084,-2565
6085,-1791
6086,-1347
6087,137
6088,-3352
6089,-2669
6090,-1738
6091,-1579
6092,-4411
6093,-1280
6094,-3505
6095,-1919
6096,-3878
6097,-3359
6098,-1875
6099,-3234
6100,-2337
6101,-2311
6102,-1617
6103,-1790
6104,-2452
6105,-1847
6106,-1889
6107,-1869
6108,-2878
6109,-3117
6110,-2300
6111,-708
6112,-4069
6113,-3091
6114,-984
6115,-1746
6116,-1591
6117,-2577
6118,-2126
6119,-596
6120,-1319
6121,-2580
6122,-1951
6123,-2683
6124,-3486
6125,-2971
6126,-1371
6127,-510
6128,-3279
6129,-2891
6130,-2102
6131,-3271
6132,-2914
6133,-1008
6134,-991
6135,-771
6136,-3221
6137,-756
6138,-2253
6139,-2936
6140,-2596
6141,-2733
6142,-3530
6143,-2737
6144,-3422
6145,-3842
6146,-2640
6147,-2423
6148,-3041
6149,-2613
6150,-4419
6151,-4891
6152,-3546
6153,-2909
6154,-401
6155,-1614
6156,-2739
6157,-1994
6158,-955
6159,-1944
6160,-1655
6161,-1169
6162,-1911
6163,-3153
6164,-1551
6165,-2710
6166,-1925
6167,-3717
6168,-1278
6169,-2247
6170,-2645
6171,-4256
6172,-2124
6173,-1587
6174,-1864
6175,-2209
6176,-1061
6177,-1651
6178,-1531
6179,-3217
6180,-2154
6181,-2670
6182,-86
6183,-451
6184,-1199
6185,-2467
6186,-1558
6187,-2664
6188,-2017
6189,-3301
6190,-2273
6191,-1998
6192,-2560
6193,-1616
6194,-2438
6195,-2676
6196,-1501
6197,-2306
6198,-3924
6199,-2091
6200,-1657
6201,-2850
6202,-1618
6203,-1036
6204,-1700
6205,-666
6206,-2438
6207,-1620
6208,-345
6209,-3097
6210,-2638
6211,-2046
6212,-3315
6213,-830
6214,-3335
6215,-2634
6216,-2344
6217,-1449
6218,-3447
6219,-3646
6220,-1413
6221,-3874
6222,-2197
6223,-2515
6224,-1169
6225,-1128
6226,-2811
6227,-2034
6228,-2310
6229,-1650
6230,-3007
6231,-2490
6232,-3418
6233,-1941
6234,-1016
6235,-1495
6236,-2219
6237,-2069
6238,-2482
6239,-2170
6240,-470
6241,-3022
6242,-625
6243,-2204
6244,-2272
6245,-3159
6246,-2425
6247,-2301
6248,-4290
6249,-2302
6250,-3525
6251,-2067
6252,-2722
6253,-2015
6254,-1488
6255,-3838
6256,-3036
6257,-685
6258,-3053
6259,-2636
6260,-1255
6261,-2648
6262,-3109
6263,-1558
6264,-2504
6265,-1829
6266,-1343
6267,-2508
6268,-4570
6269,-1684
6270,-3136
6271,-2907
6272,-1938
6273,-1993
6274,-2888
6275,-3108
6276,-3745
6277,-1556
6278,-2652
6279,-2266
6280,-2263
6281,-1680
6282,-1630
6283,-4487
6284,-1146
6285,-2662
6286,-1666
6287,-3164
6288,-861
6289,-419
6290,-3062
6291,-3883
6292,-1729
6293,-3996
6294,-1339
6295,-2752
6296,-1925
6297,-2918
6298,-1898
6299,-2946
6300,-3210
6301,-1369
6302,-2862
6303,-908
6304,-4547
6305,-2086
6306,-4132
6307,-1351
6308,-2109
6309,-1309
6310,-1062
6311,-4280
6312,-2641
6313,-1739
6314,-3346
6315,-2652
6316,-1049
6317,-3111
6318,-2802
6319,-2363
6320,-1597
6321,-2592
6322,-1971
6323,-2217
6324,-2159
6325,-3399
6326,-4218
6327,-1359
6328,-1333
6329,-2370
6330,-3171
6331,-2532
6332,-2163
6333,-1146
6334,-2904
6335,-2349
6336,-1486
6337,-4153
6338,-1023
6339,-1741
6340,-3751
6341,-2145
6342,-3895
6343,-1876
6344,-3857
6345,-2356
6346,-1630
6347,-1823
6348,-3148
6349,-3879
6350,-3732
6351,-1698
6352,-3044
6353,-1394
6354,-2126
6355,-2225
6356,-2368
6357,-1759
6358,-3749
6359,-1096
6360,-1951
6361,-801
6362,-1601
6363,-3397
6364,-544
6365,-480
6366,-1461
6367,-4760
6368,-2423
6369,-1921
6370,-4770
6371,-4020
6372,-3125
6373,-2199
6374,-1158
6375,-1355
6376,-3612
6377,-3210
6378,-692
6379,-1863
6380,-2818
6381,-3679
6382,-3746
6383,-3113
6384,-2219
6385,-1178
6386,-1678
6387,-424
6388,-1761
6389,-2536
6390,-3288
6391,-2801
6392,-2787
6393,-1406
6394,-3490
6395,-2373
6396,-2501
6397,-3225
6398,-3665
6399,-1125
6400,-3585
6401,-1064
6402,-2734
6403,-2690
6404,-2675
6405,-2525
6406,-3105
6407,-2848
6408,-3246
6409,-3026
6410,-2431
6411,-4062
6412,-2854
6413,-1922
6414,-3132
6415,-2555
6416,-2605
6417,-2227
6418,-4553
6419,-1823
6420,-1652
6421,-4060
6422,-216
6423,-2361
6424,-4757
6425,-2318
6426,-2538
6427,-1039
6428,-1766
6429,-2270
6430,-3309
6431,-3156
6432,-4097
6433,-978
6434,-1069
6435,-4019
6436,-2184
6437,-2437
6438,-3630
6439,-2150
6440,-2690
6441,-2706
6442,-2353
6443,-1673
6444,-2918
6445,-4121
6446,-679
6447,-1955
6448,-2201
6449,-2745
6450,-1911
6451,-1402
6452,-708
6453,-3641
6454,-3040
6455,-1392
6456,-1768
6457,-2310
6458,-3266
6459,-1647
6460,500
6461,-2004
6462,-1478
6463,-1845
6464,-4468
6465,-1986
6466,-715
6467,-2797
6468,-3539
6469,-2198
6470,-2263
6471,-3285
6472,-652
6473,-1525
6474,-2613
6475,-1361
6476,-3502
6477,-2561
6478,-1105
6479,-1928
6480,-1218
6481,-772
6482,-355
6483,-819
6484,-3822
6485,-2829
6486,-2107
6487,-593
6488,-2333
6489,-3225
6490,-1740
6491,-1936
6492,-2912
6493,-1991
6494,-1042
6495,-668
6496,-4366
6497,-2778
6498,-1579
6499,-725
6500,-1023
6501,-1343
6502,-880
6503,16
6504,-1170
6505,-1690
6506,-3365
6507,-979
6508,-4332
6509,-2463
6510,-1399
6511,-3397
6512,-3470
6513,-3571
6514,-905
6515,-1345
6516,-1772
6517,-2542
6518,-2267
6519,-3397
6520,-2932
6521,-3000
6522,-4252
6523,-3412
6524,-2377
6525,-1826
6526,-1949
6527,-3828
6528,-1880
6529,-1342
6530,-3850
6531,-3399
6532,-1598
6533,-3621
6534,-611
6535,-2066
6536,-3287
6537,-2389
6538,-2549
6539,-3457
6540,-2039
6541,-2055
6542,-2229
6543,-3666
6544,-563
6545,-2177
6546,-1079
6547,-3511
6548,-2687
6549,-986
6550,-3489
6551,-1604
6552,-1636
6553,-1266
6554,-2623
6555,-4834
6556,-2705
6557,-2125
6558,-1697
6559,-1992
6560,-681
6561,-2408
6562,-2263
6563,-2504
6564,-2704
6565,-2016
6566,-218
6567,-4483
6568,-4761
6569,-3361
6570,-1365
6571,-1796
6572,-1645
6573,-2026
6574,-2781
6575,-677
6576,-616
6577,-1208
6578,-1965
6579,-3177
6580,-1917
6581,-844
6582,-2975
6583,-4040
6584,-3124
6585,-3640
6586,-2792
6587,-1566
6588,-4385
6589,-1517
6590,-2433
6591,-2621
6592,-3219
6593,-4038
6594,-1737
6595,-4664
6596,-981
6597,-450
6598,-2336
6599,-1326
6600,-2126
6601,-4647
6602,-3173
6603,-1858
6604,-1851
6605,-227
6606,-3641
6607,-2180
6608,-2171
6609,-4235
6610,-1736
6611,-1811
6612,-122
6613,-1470
6614,-1115
6615,-3977
6616,-1994
6617,-2537
6618,-3889
6619,-3807
6620,-2610
6621,-3356
6622,-2713
6623,-2051
6624,-3686
6625,-1948
6626,-1623
6627,-3286
6628,-4776
6629,-752
6630,-2970
6631,-688
6632,-2383
6633,-1776
6634,-2795
6635,-2247
6636,-2464
6637,-2173
6638,-1120
6639,-4451
6640,-1925
6641,-4508
6642,-753
6643,-2942
6644,-3850
6645,-4651
6646,-1957
6647,-2069
6648,115
6649,-2824
6650,-1297
6651,-4474
6652,-2010
6653,-3166
6654,-3165
6655,-3681
6656,-2718
6657,-324
6658,-2658
6659,-3130
6660,-3333
6661,-1216
6662,-1314
6663,-1818
6664,-1902
6665,-1939
6666,-1590
6667,-2320
6668,-2424
6669,-252
6670,-846
6671,-2557
6672,-930
6673,-1086
6674,-2070
6675,-5251
6676,-2089
6677,-517
6678,-1990
6679,-1470
6680,-2128
6681,-407
6682,-2567
6683,-1218
6684,-901
6685,-2566
6686,-2021
6687,-3133
6688,-1151
6689,-1683
6690,-646
6691,-1395
6692,-1391
6693,-1154
6694,-3590
6695,-2384
6696,-3096
6697,-2156
6698,-2059
6699,-1771
6700,-3452
6701,-494
6702,-2181
6703,-1664
6704,-2836
6705,-2686
6706,-1557
6707,-2220
6708,-881
6709,-3615
6710,-3083
6711,-188
6712,-2293
6713,-3023
6714,-2425
6715,-3256
6716,-2076
6717,-927
6718,-3261
6719,-1667
6720,-1633
6721,-1182
6722,-2557
6723,-2296
6724,-2536
6725,-2682
6726,-1339
6727,-1499
6728,-1011
6729,-2111
6730,-2802
6731,-2089
6732,-2353
6733,-3159
6734,-1132
6735,-2087
6736,-2212
6737,-1878
6738,-937
6739,-2289
6740,-2530
6741,-2457
6742,-2424
6743,-1826
6744,-2649
6745,-1314
6746,-2081
6747,-2352
6748,-2386
6749,-1438
6750,-1555
6751,-1756
6752,-2499
6753,-1787
6754,-3849
6755,-3924
6756,-1321
6757,-769
6758,-1234
6759,-3323
6760,-2641
6761,-1483
6762,-2671
6763,-1753
6764,-330
6765,-2260
6766,-3269
6767,-341
6768,-1931
6769,-4911
6770,-2620
6771,-734
6772,-2467
6773,-1695
6774,-2783
6775,-3379
6776,-2772
6777,-2215
6778,-544
6779,-3025
6780,-3119
6781,-3978
6782,-2707
6783,-3526
6784,-2917
6785,-3719
6786,-3289
6787,-1019
6788,-2085
6789,-3230
6790,-2054
6791,-838
6792,-2500
6793,-2089
6794,-3326
6795,-1270
6796,-1187
6797,-4281
6798,-3661
6799,-1483
6800,-1453
6801,-1648
6802,-3642
6803,-2452
6804,-3602
6805,-2228
6806,-1933
6807,-1764
6808,-2608
6809,-2105
6810,-1757
6811,-993
6812,-2213
6813,-2059
6814,-1811
6815,-2225
6816,-711
6817,-964
6818,-1822
6819,-1229
6820,-3240
6821,-4144
6822,-573
6823,-1940
6824,-3500
6825,-2354
6826,-1642
6827,-3567
6828,-2961
6829,-2797
6830,-1922
6831,-1143
6832,-4118
6833,-2748
6834,-2699
6835,-3622
6836,-2816
6837,-3127
6838,-2769
6839,-3398
6840,-2863
6841,-517
6842,-1565
6843,-1206
6844,-954
6845,-1357
6846,-1148
6847,-2267
6848,-2275
6849,-1916
6850,-2554
6851,-1736
6852,-403
6853,-1108
6854,-2382
6855,-3584
6856,-2814
6857,-2319
6858,-979
6859,-2957
6860,-516
6861,-2060
6862,-2403
6863,-2334
6864,-1552
6865,-1432
6866,-1493
6867,-2222
6868,-1711
6869,-2627
6870,-1010
6871,-1887
6872,-2417
6873,-2123
6874,-4016
6875,-2841
6876,-1562
6877,-3108
6878,-1716
6879,-1702
6880,-2254
6881,-3660
6882,-3214
6883,-2974
6884,-1365
6885,-295
6886,-2750
6887,-947
6888,-3427
6889,-2479
6890,-3638
6891,-2857
6892,-1082
6893,-2437
6894,-836
6895,-2591
6896,-1571
6897,-1131
6898,-3410
6899,-633
6900,-1824
6901,-3528
6902,-4426
6903,-2449
6904,-2344
6905,-87
6906,-2132
6907,-910
6908,-2489
6909,-1205
6910,-1662
6911,-2796
6912,-2849
6913,-2786
6914,-4120
6915,-2181
6916,-2843
6917,-2322
6918,-2838
6919,-4204
6920,-1744
6921,-1324
6922,-2230
6923,-2679
6924,-1013
6925,-3636
6926,-2879
6927,-1047
6928,-2358
6929,-2854
6930,-543
6931,-2248
6932,-2425
6933,-4424
6934,-4481
6935,-1798
6936,-2533
6937,-3163
6938,-3473
6939,-1213
6940,-2980
6941,-2932
6942,-2467
6943,-1908
6944,-2365
6945,-2845
6946,-1670
6947,-2416
6948,-1929
6949,-2133
6950,-1952
6951,-3466
6952,-166
6953,-2236
6954,-1824
6955,-1990
6956,-3773
6957,-3443
6958,-1643
6959,-2028
6960,-3025
6961,-3560
6962,-3069
6963,-1371
6964,-2060
6965,-790
6966,-3947
6967,-2850
6968,-2227
6969,-814
6970,-1891
6971,-2952
6972,-2854
6973,-1465
6974,-2673
6975,-985
6976,-3676
6977,-1181
6978,-2442
6979,-1481
6980,112
6981,-3300
6982,-1884
6983,-1670
6984,-1977
6985,-1880
6986,-2039
6987,-1826
6988,-837
6989,-2780
6990,-1627
6991,-2343
6992,-3082
6993,-1475
6994,-3143
6995,-2220
6996,-2760
6997,-1049
6998,-3017
6999,-2230
7000,-809
7001,-777
7002,-2246
7003,-3331
7004,-1758
7005,-1838
7006,-1692
7007,-2529
7008,-2102
7009,-3206
7010,-4129
7011,-1012
7012,-2090
7013,-2047
7014,-3013
7015,-675
7016,-3125
7017,-136
7018,-3204
7019,-1749
7020,-1791
7021,-2281
7022,-4192
7023,-4768
7024,-1780
7025,-2853
7026,-2753
7027,-2486
7028,-1818
7029,-1340
7030,-4480
7031,-1905
7032,-2308
7033,-2563
7034,-2434
7035,-2189
7036,-1992
7037,-1963
7038,-1958
7039,-2595
7040,-1468
7041,-1752
7042,-3349
7043,-1963
7044,-1199
7045,-2067
7046,-3320
7047,-2883
7048,-1448
7049,-657
7050,-1546
7051,-2558
7052,-817
7053,-2412
7054,-2276
7055,234
7056,-1217
7057,-3087
7058,-2849
7059,-1993
7060,-1121
7061,-3187
7062,-2268
7063,-2903
7064,-3607
7065,-4007
7066,-806
7067,-1906
7068,-1196
7069,-2717
7070,-3156
7071,-2569
7072,-3062
7073,-1739
7074,-2279
7075,-2735
7076,-3370
7077,-1928
7078,-2878
7079,-2241
7080,-2050
7081,-1451
7082,-1475
7083,-4140
7084,-2021
7085,-1388
7086,-2797
7087,-2740
7088,-2474
7089,-928
7090,-2010
7091,-1910
7092,-351
7093,-3140
7094,-946
7095,-3058
7096,-945
7097,-2154
7098,-2790
7099,-1419
7100,-2634
7101,-3564
7102,-1504
7103,-3059
7104,-2383
7105,-2011
7106,-3722
7107,-2350
7108,-3135
7109,-2315
7110,-1675
7111,-3867
7112,-1352
7113,-3003
7114,-2224
7115,-2783
7116,-531
7117,-1822
7118,-516
7119,-2721
7120,-3750
7121,-2968
7122,-1404
7123,-3029
7124,-2239
7125,-4700
7126,-484
7127,-1982
7128,-2172
7129,-3413
7130,-1953
7131,-1397
7132,95
7133,-2617
7134,-2563
7135,-450
7136,-2482
7137,-1176
7138,-975
7139,-1350
7140,-3033
7141,-2393
7142,-905
7143,-3290
7144,-2227
7145,-1860
7146,-3884
7147,-1688
7148,-1002
7149,-1387
7150,-1484
7151,-2485
7152,-1942
7153,-1307
7154,-2235
7155,-2934
7156,-3112
7157,-1906
7158,-3560
7159,-2968
7160,-3145
7161,-3386
7162,-3675
7163,-4131
7164,-2366
7165,-405
7166,-3406
7167,-1662
7168,-1789
7169,-3194
7170,-1708
7171,-2596
7172,-986
7173,-3695
7174,-1302
7175,-1093
7176,-2006
7177,-857
7178,-1643
7179,-290
7180,-1582
7181,-1783
7182,-2846
7183,-4282
7184,-1752
7185,-1845
7186,-1897
7187,-3278
7188,-2812
7189,-2475
7190,-3635
7191,-3912
7192,-1948
7193,-1744
7194,-4304
7195,-1283
7196,-3695
7197,-338
7198,-2550
7199,-1736
7200,-1084
7201,-3212
7202,-801
7203,104
7204,-97
7205,-896
7206,-4051
7207,-685
7208,-1702
7209,-2281
7210,-3185
7211,-2692
7212,-1838
7213,-1298
7214,-870
7215,-2345
7216,-3759
7217,-2169
7218,-2837
7219,-1289
7220,-2581
7221,-1729
7222,-2376
7223,-3432
7224,-3035
7225,-2646
7226,-1080
7227,-1420
7228,-3859
7229,-1907
7230,-3367
7231,-573
7232,-1898
7233,-2740
7234,-2875
7235,-1637
7236,-2830
7237,-1158
7238,-1110
7239,-1336
7240,-1033
7241,-1085
7242,-1912
7243,-2082
7244,-2122
7245,-2225
7246,-3209
7247,-1895
7248,-2382
7249,-2444
7250,-916
7251,-2696
7252,-3151
7253,-1188
7254,-1759
7255,-585
7256,-1176
7257,-2753
7258,-1971
7259,-1591
7260,-2704
7261,-2605
7262,-2165
7263,-3957
7264,-1428
7265,-2281
7266,-2720
7267,-2567
7268,-2021
7269,-848
7270,-1121
7271,-4377
7272,-2413
7273,-2670
7274,-2863
7275,-2635
7276,-2450
7277,-3155
7278,-2198
7279,-392
7280,-566
7281,-3005
7282,-2566
7283,-1341
7284,-2541
7285,-3128
7286,-1796
7287,-2072
7288,-2414
7289,-2597
7290,-1470
7291,-1946
7292,-833
7293,-2300
7294,-759
7295,-1964
7296,-2344
7297,-3300
7298,-2483
7299,-2733
7300,-870
7301,-1975
7302,-2951
7303,-4749
7304,-1625
7305,-1874
7306,-3141
7307,-3855
7308,-887
7309,-1858
7310,-103
7311,-2017
7312,-4000
7313,-2545
7314,-1933
7315,-3916
7316,-3510
7317,-2282
7318,-2226
7319,-2075
7320,-3247
7321,-1740
7322,-1041
7323,-2882
7324,-3869
7325,-1335
7326,-3270
7327,-2728
7328,-2026
7329,-1726
7330,-1810
7331,-1753
7332,-3129
7333,-2006
7334,-3423
7335,-2600
7336,-306
7337,-1925
7338,-2949
7339,-1208
7340,-2859
7341,-529
7342,-2104
7343,-3216
7344,-1870
7345,-1589
7346,-1437
7347,-2574
7348,-1977
7349,-2319
7350,-2007
7351,-3319
7352,219
7353,-2440
7354,-1850
7355,-3847
7356,-1619
7357,-2228
7358,-2464
7359,-1309
7360,-1076
7361,-4327
7362,-2791
7363,-2165
7364,-4457
7365,-3425
7366,-2965
7367,155
7368,-3213
7369,-1268
7370,-1510
7371,-1772
7372,-1678
7373,-2426
7374,-2379
7375,-2668
7376,-1515
7377,-3166
7378,-4769
7379,-1310
7380,-1087
7381,-3799
7382,-2123
7383,-1206
7384,-2597
7385,-2037
7386,-1670
7387,-1417
7388,-3176
7389,-1697
7390,-2491
7391,-2170
7392,-2266
7393,-2425
7394,-1486
7395,-1193
7396,-2378
7397,-1559
7398,-820
7399,-2539
7400,-1733
7401,-2809
7402,-1183
7403,-3507
7404,-1665
7405,-2010
7406,-1419
7407,-2175
7408,-2205
7409,-2244
7410,-2791
7411,-1386
7412,-2656
7413,-1832
7414,-2325
7415,-2441
7416,-1276
7417,-2430
7418,-1283
7419,-1664
7420,-3438
7421,-4212
7422,-2158
7423,-3790
7424,-820
7425,-1700
7426,-169
7427,-2543
7428,-2195
7429,-4724
7430,-1150
7431,-2378
7432,-1166
7433,-1060
7434,-1921
7435,-2563
7436,-518
7437,-1450
7438,-3952
7439,-3312
7440,-3294
7441,-3698
7442,-1523
7443,-1193
7444,-2308
7445,-3134
7446,-2485
7447,-3022
7448,-2876
7449,-2156
7450,-2117
7451,-2085
7452,433
7453,-2246
7454,-3221
7455,-1559
7456,-847
7457,-2987
7458,-1697
7459,-2958
7460,-4446
7461,-569
7462,-3342
7463,-2762
7464,-2423
7465,-2441
7466,-3252
7467,-1231
7468,-1229
7469,-4214
7470,-2575
7471,-1617
7472,-1843
7473,-935
7474,-1327
7475,-3321
7476,-2275
7477,-1276
7478,-4004
7479,-833
7480,-1690
7481,-2811
7482,-1774
7483,-3253
7484,-3168
7485,-2262
7486,-1395
7487,-3148
7488,-2394
7489,-2178
7490,-1043
7491,-2247
7492,-3328
7493,-3120
7494,-1308
7495,-3439
7496,-1212
7497,-2511
7498,-3078
7499,-3512
7500,-2559
7501,-1879
7502,-1460
7503,-3454
7504,-2398
7505,-1646
7506,-2438
7507,-1743
7508,-2991
7509,-1880
7510,-2712
7511,-2107
7512,-1270
7513,-1075
7514,-1091
7515,-1527
7516,-2316
7517,-1866
7518,-1099
7519,-2415
7520,-712
7521,-1487
7522,-841
7523,-701
7524,-4173
7525,-2551
7526,-1463
7527,-1151
7528,-1421
7529,-1265
7530,-2138
7531,-1614
7532,-3245
7533,-627
7534,-1651
7535,-2831
7536,-2516
7537,-3518
7538,-1139
7539,-1019
7540,-2260
7541,-3348
7542,-1157
7543,-2546
7544,-2045
7545,-1021
7546,-3188
7547,-4094
7548,-2242
7549,-2397
7550,-3079
7551,-235
7552,-1183
7553,-587
7554,-2169
7555,-1423
7556,-3156
7557,-1784
7558,-3652
7559,-3914
7560,-2311
7561,-1307
7562,-1395
7563,-640
7564,-2460
7565,-2017
7566,-2981
7567,-4376
7568,-803
7569,-2607
7570,-2992
7571,-285
7572,-2675
7573,-3119
7574,-993
7575,-857
7576,-1303
7577,-1258
7578,-2918
7579,-2464
7580,-2483
7581,-1427
7582,-1472
7583,-487
7584,-1687
7585,-1673
7586,-1432
7587,-3025
7588,-1523
7589,-979
7590,-2470
7591,-2992
7592,-1494
7593,-3089
7594,-1659
7595,-3007
7596,-3104
7597,-898
7598,-2106
7599,-1168
7600,-2055
7601,-2802
7602,-781
7603,-2815
7604,-2603
7605,-2904
7606,-1450
7607,-1062
7608,-512
7609,-3247
7610,-2853
7611,-3874
7612,-2939
7613,-2715
7614,-2205
7615,-2713
7616,-2990
7617,-2926
7618,-1910
7619,-609
7620,-2386
7621,-1505
7622,-1806
7623,-4514
7624,-3421
7625,-633
7626,-3109
7627,-918
7628,-2292
7629,-2210
7630,-1354
7631,-2359
7632,-3379
7633,-1805
7634,-4400
7635,-2292
7636,-2736
7637,-2451
7638,-1736
7639,-1545
7640,-2332
7641,13
7642,-2233
7643,-2471
7644,-2550
7645,-1998
7646,-3459
7647,-973
7648,-2317
7649,-1925
7650,-967
7651,-2349
7652,-727
7653,-2500
7654,-1941
7655,-2013
7656,-3434
7657,-2510
7658,-1962
7659,-2593
7660,-4330
7661,-1143
7662,-1512
7663,-1321
7664,-2522
7665,-1812
7666,-571
7667,-2970
7668,-3195
7669,-2511
7670,-2770
7671,-2122
7672,-3029
7673,-2254
7674,-4235
7675,-1075
7676,-2532
7677,-1116
7678,-1156
7679,-2158
7680,-851
7681,-2810
7682,-2136
7683,198
7684,-4673
7685,-905
7686,-3822
7687,-1105
7688,-3201
7689,-2418
7690,-306
7691,-3087
7692,-3741
7693,-4539
7694,-2772
7695,-1615
7696,-1936
7697,-3019
7698,-2800
7699,-1262
7700,-2903
7701,-1206
7702,-583
7703,-3349
7704,-2864
7705,-3315
7706,-1592
7707,-1733
7708,-456
7709,-3228
7710,-2521
7711,-4381
7712,-2418
7713,-4615
7714,-1828
7715,-1853
7716,-2151
7717,-4480
7718,-2887
7719,-752
7720,-2540
7721,-1116
7722,-901
7723,-1850
7724,-3832
7725,-2124
7726,-1878
7727,-1281
7728,-3060
7729,-3832
7730,-2127
7731,-2075
7732,-2091
7733,-3122
7734,-2389
7735,-1983
7736,-2711
7737,-2296
7738,-3657
7739,-1755
7740,-3632
7741,-2821
7742,-788
7743,-2943
7744,-1580
7745,-2556
7746,-1335
7747,-1551
7748,-1616
7749,-1797
7750,-1706
7751,-4518
7752,-4082
7753,-2506
7754,-2629
7755,-3101
7756,-1113
7757,-1663
7758,-2740
7759,-1160
7760,-2149
7761,-3301
7762,-3882
7763,-1997
7764,-2768
7765,-1401
7766,-1178
7767,-2580
7768,-1943
7769,-864
7770,-2133
7771,-2072
7772,-1900
7773,-1304
7774,-1944
7775,-2313
7776,-2016
7777,-2701
7778,-2211
7779,-3943
7780,-1020
7781,-3880
7782,-3199
7783,-804
7784,-2351
7785,-1109
7786,-1203
7787,-2422
7788,-2796
7789,-1473
7790,-3230
7791,-2828
7792,-2934
7793,-2405
7794,-3116
7795,-1681
7796,-2030
7797,-2106
7798,-3229
7799,-1655
7800,-746
7801,-1228
7802,-2112
7803,-2214
7804,-1079
7805,-2575
7806,-1417
7807,-2659
7808,-734
7809,-1031
7810,-1782
7811,-1632
7812,-1493
7813,-2902
7814,-1246
7815,-1233
7816,-691
7817,-1733
7818,-2212
7819,-2358
7820,-3067
7821,-3986
7822,-3985
7823,-2482
7824,-1330
7825,-2311
7826,-656
7827,-1941
7828,-3479
7829,-2434
7830,-2530
7831,-3056
7832,-1479
7833,-3308
7834,-1387
7835,-766
7836,-1564
7837,-3034
7838,-2129
7839,-1332
7840,-3028
7841,-1248
7842,-1961
7843,-2033
7844,-2132
7845,-1982
7846,-2574
7847,-253
7848,-1028
7849,-1073
7850,-1240
7851,-1099
7852,-3787
7853,-910
7854,-2848
7855,-1535
7856,-2310
7857,-3476
7858,-1775
7859,-2148
7860,-4291
7861,-1014
7862,-1032
7863,-904
7864,-1726
7865,-2286
7866,-3248
7867,-368
7868,-4126
7869,-4604
7870,-2035
7871,-431
7872,-2117
7873,-758
7874,-3230
7875,32
7876,-3866
7877,-3965
7878,-2794
7879,-3194
7880,-2677
7881,-3296
7882,-932
7883,-881
7884,-2466
7885,-3491
7886,-2715
7887,-3739
7888,-1694
7889,-1978
7890,-2821
7891,-3979
7892,-2842
7893,-2165
7894,-2875
7895,-2954
7896,-2277
7897,-1636
7898,-2132
7899,-2653
7900,-2608
7901,-2385
7902,-1292
7903,-1592
7904,-999
7905,-2238
7906,-1133
7907,-1915
7908,-2749
7909,-3654
7910,-1209
7911,-1696
7912,-406
7913,-3077
7914,-2999
7915,-2728
7916,-1784
7917,-1749
7918,-1731
7919,-861
7920,-2589
7921,-486
7922,-1884
7923,-4732
7924,-1482
7925,-3894
7926,-3096
7927,-4379
7928,-1706
7929,-1426
7930,-3193
7931,-763
7932,-1767
7933,-3707
7934,-1141
7935,-1663
7936,-1218
7937,-1948
7938,-692
7939,-540
7940,-1313
7941,-1987
7942,-4661
7943,-2372
7944,-2564
7945,-3217
7946,-2969
7947,-3348
7948,-1607
7949,-2269
7950,-2142
7951,-1478
7952,-554
7953,-2405
7954,-3742
7955,-2716
7956,-3219
7957,-1865
7958,-1671
7959,-2497
7960,-1430
7961,-3540
7962,-2617
7963,-3651
7964,-3435
7965,-2056
7966,-3599
7967,-2302
7968,-1648
7969,-2610
7970,-2897
7971,-5253
7972,-2675
7973,-429
7974,-2234
7975,-3654
7976,-1957
7977,-1129
7978,-1581
7979,-2405
7980,-3940
7981,-1655
7982,-3374
7983,-2533
7984,-2165
7985,-1318
7986,-2498
7987,-1127
7988,-243
7989,-3407
7990,-2193
7991,-3813
7992,-2500
7993,-1062
7994,-1858
7995,-1246
7996,-2360
7997,-3713
7998,-732
7999,-1684
8000,-835
8001,-1905
8002,-1681
8003,-4664
8004,-1415
8005,-3840
8006,-2935
8007,-2511
8008,-1329
8009,-2652
8010,-2319
8011,-1516
8012,-3468
8013,-2143
8014,-2250
8015,-4375
8016,-1519
8017,-2458
8018,-1214
8019,-5065
8020,-1344
8021,-2307
8022,-2023
8023,-3599
8024,-4041
8025,-1769
8026,-2235
8027,-4550
8028,-2675
8029,-2854
8030,-2207
8031,-2461
8032,-2629
8033,-3306
8034,-2134
8035,-2000
8036,-2419
8037,-2825
8038,-2137
8039,-2307
8040,-2959
8041,-2323
8042,-3443
8043,-169
8044,-3036
8045,-2348
8046,-1896
8047,-2742
8048,-2509
8049,-1624
8050,-3250
8051,-3384
8052,-3138
8053,-3256
8054,-1357
8055,-2196
8056,-2191
8057,-2840
8058,-2588
8059,-2181
8060,-2272
8061,-4444
8062,-4849
8063,-2340
8064,-1685
8065,-2670
8066,-442
8067,-2659
8068,-1061
8069,-382
8070,-3266
8071,-2820
8072,-3348
8073,-2248
8074,-3294
8075,-1638
8076,-1130
8077,-2706
8078,-2926
8079,-1229
8080,-2758
8081,-2707
8082,-1685
8083,-2366
8084,-1565
8085,-3046
8086,-3757
8087,-2294
8088,-1686
8089,-2050
8090,-2227
8091,-2623
8092,-3259
8093,-832
8094,-1745
8095,-2763
8096,-2337
8097,-1582
8098,-1333
8099,-3013
8100,-661
8101,-1641
8102,-3917
8103,-3279
8104,-2919
8105,-2881
8106,-1883
8107,-1783
8108,-1074
8109,-2711
8110,-2241
8111,-1047
8112,-3217
8113,-2298
8114,-2578
8115,-2791
8116,-835
8117,-2128
8118,-1940
8119,-2318
8120,-1813
8121,-3035
8122,-1634
8123,-1020
8124,-1619
8125,-2494
8126,-2192
8127,-825
8128,-3114
8129,-2545
8130,-1257
8131,-927
8132,-3216
8133,-1886
8134,-845
8135,-3692
8136,-2193
8137,-1130
8138,-2966
8139,-1748
8140,-3066
8141,-3536
8142,-2858
8143,-3374
8144,-2196
8145,-4733
8146,-1465
8147,-2386
8148,-2785
8149,-2414
8150,-1891
8151,-2888
8152,-2931
8153,-2370
8154,-550
8155,-1889
8156,-2378
8157,-2220
8158,-1670
8159,-3281
8160,-2317
8161,-3504
8162,-1785
8163,-3072
8164,-1940
8165,-1017
8166,-2522
8167,-2600
8168,-1658
8169,-514
8170,-4139
8171,-2015
8172,-1433
8173,-1993
8174,-2655
8175,-899
8176,-385
8177,-853
8178,-2054
8179,-2392
8180,-980
8181,-47
8182,-1010
8183,-1997
8184,-2649
8185,-2272
8186,-3126
8187,-1772
8188,-1279
8189,-1584
8190,-3483
8191,-492
8192,-1125
8193,-3741
8194,-3447
8195,-2942
8196,-1556
8197,-1657
8198,-2226
8199,-2632
8200,-3429
8201,-1500
8202,-1587
8203,-2986
8204,-1487
8205,-1313
8206,-2254
8207,-2235
8208,-2333
8209,-2816
8210,-4157
8211,-1836
8212,-2500
8213,-1865
8214,-277
8215,-1800
8216,-1851
8217,-3766
8218,-3444
8219,-199
8220,-2147
8221,-1903
8222,-1840
8223,-2527
8224,-1099
8225,-1480
8226,-4143
8227,-2260
8228,-2581
8229,-2438
8230,-5217
8231,-1492
8232,-1162
8233,-725
8234,-3109
8235,-1760
8236,-3341
8237,-3236
8238,-1589
8239,-2468
8240,-2525
8241,-1982
8242,-2402
8243,-1085
8244,-31
8245,-2176
8246,-3263
8247,-3058
8248,-3715
8249,-1640
8250,-2243
8251,-2492
8252,-1339
8253,-2478
8254,-2101
8255,-3775
8256,-3003
8257,-1276
8258,-4028
8259,-1534
8260,-981
8261,-4104
8262,-2769
8263,-3805
8264,-2999
8265,-1194
8266,-1073
8267,-1378
8268,-1695
8269,-3348
8270,-726
8271,-1090
8272,-2456
8273,-3228
8274,-2869
8275,-726
8276,-1288
8277,-1028
8278,-3716
8279,-4094
8280,-2250
8281,-2467
8282,-2345
8283,-3277
8284,-700
8285,-1083
8286,-1503
8287,-2406
8288,-2185
8289,-3237
8290,-3343
8291,-2543
8292,-2152
8293,-3068
8294,-2052
8295,-5162
8296,-4098
8297,-2323
8298,-1021
8299,-2106
8300,-2772
8301,-2417
8302,-3140
8303,-2783
8304,-1865
8305,-2062
8306,-1700
8307,-863
8308,-3368
8309,-3769
8310,-1732
8311,-3000
8312,-1882
8313,-2638
8314,-2529
8315,-3406
8316,-2214
8317,-1988
8318,-1620
8319,-2523
8320,-1808
8321,-2826
8322,-3376
8323,-1747
8324,-1512
8325,-2042
8326,-882
8327,-370
8328,-3270
8329,-906
8330,-3280
8331,-3579
8332,-3844
8333,-1722
8334,-1622
8335,-1651
8336,-3251
8337,-2061
8338,-1759
8339,-1481
8340,-5005
8341,-2939
8342,-3045
8343,-1029
8344,-2676
8345,-3672
8346,-3552
8347,-4412
8348,-1833
8349,-1068
8350,-3804
8351,-620
8352,-2796
8353,-331
8354,-974
8355,-1684
8356,-1468
8357,-1248
8358,-2249
8359,-2784
8360,-2119
8361,-2696
8362,-2022
8363,-3897
8364,-2332
8365,-3931
8366,-2265
8367,-1082
8368,-2450
8369,-1386
8370,-2756
8371,-2862
8372,-3279
8373,-2136
8374,-898
8375,-2910
8376,-2465
8377,-2002
8378,-1172
8379,-2116
8380,-2214
8381,-1645
8382,-1483
8383,-1798
8384,-1860
8385,-1481
8386,-4801
8387,-3632
8388,-3428
8389,-2931
8390,-1783
8391,-1175
8392,-1677
8393,-2485
8394,-4011
8395,-3080
8396,-2261
8397,-1806
8398,-2687
8399,-1653
8400,-2361
8401,-3243
8402,-760
8403,-5805
8404,-1330
8405,-1008
8406,-2802
8407,-3078
8408,-2840
8409,-1588
8410,-713
8411,-1115
8412,-649
8413,-2057
8414,-3263
8415,-1803
8416,-3605
8417,-3354
8418,-4772
8419,456
8420,-1698
8421,-1760
8422,-3100
8423,-2220
8424,-3309
8425,-3223
8426,-1157
8427,-2308
8428,-3688
8429,-1063
8430,-2185
8431,-2620
8432,-2313
8433,-1387
8434,-2697
8435,-512
8436,-1204
8437,-702
8438,-2722
8439,-4044
8440,-976
8441,-1908
8442,-2423
8443,-2191
8444,-3580
8445,-2264
8446,-955
8447,-2544
8448,-2789
8449,-1929
8450,-640
8451,-940
8452,-2970
8453,-2983
8454,-2136
8455,-1464
8456,-850
8457,-841
8458,-2719
8459,-3223
8460,-1035
8461,-2672
8462,-3140
8463,-3484
8464,-3111
8465,-1403
8466,-1676
8467,-1439
8468,-1599
8469,-2022
8470,-2543
8471,-2065
8472,-2870
8473,-374
8474,-2095
8475,-2078
8476,-3676
8477,-398
8478,-1617
8479,-1314
8480,-2531
8481,-1950
8482,-1051
8483,-1610
8484,-3564
8485,-2523
8486,-779
8487,-1873
8488,-1680
8489,-2017
8490,-2704
8491,-3667
8492,-2454
8493,-2315
8494,-621
8495,-4777
8496,-2614
8497,-1585
8498,-2990
8499,-1233
8500,-3127
8501,-1993
8502,-1345
8503,-3337
8504,-2307
8505,-1531
8506,-826
8507,-2245
8508,-262
8509,-990
8510,-3336
8511,-983
8512,-3402
8513,-2755
8514,-3268
8515,-1613
8516,-4454
8517,-2148
8518,-2082
8519,-3502
8520,-2588
8521,-2306
8522,-4090
8523,-2891
8524,-1799
8525,-1418
8526,-1482
8527,-1305
8528,-382
8529,231
8530,-2832
8531,-2355
8532,-2052
8533,-1693
8534,-921
8535,-3009
8536,-953
8537,-181
8538,-1548
8539,-2966
8540,-2654
8541,-2538
8542,-699
8543,-2606
8544,-2112
8545,-3141
8546,-1059
8547,-2399
8548,-2538
8549,-2354
8550,-2277
8551,-1778
8552,-2267
8553,-1994
8554,-3111
8555,-3404
8556,-2247
8557,-203
8558,-1382
8559,-3975
8560,-3576
8561,-4054
8562,-3122
8563,-1905
8564,-2270
8565,-1839
8566,-832
8567,-1371
8568,-3900
8569,-3717
8570,-1991
8571,-1764
8572,-2308
8573,-1898
8574,-939
8575,-2074
8576,-943
8577,-2653
8578,8
8579,-3211
8580,-1871
8581,-2089
8582,-2654
8583,-1943
8584,-1929
8585,-874
8586,-3402
8587,-2296
8588,-1787
8589,-1149
8590,-1594
8591,-1285
8592,-1822
8593,-1851
8594,-2114
8595,-1640
8596,-1347
8597,-2251
8598,565
8599,-1519
8600,-2815
8601,-2177
8602,-3582
8603,-2907
8604,-3873
8605,-2898
8606,-468
8607,-4384
8608,-2799
8609,-2898
8610,-1562
8611,-2795
8612,-1982
8613,-4541
8614,-2487
8615,-2070
8616,-1867
8617,-1447
8618,-2036
8619,-1787
8620,-1078
8621,-3584
8622,-2913
8623,-3264
8624,-4130
8625,-2997
8626,-3265
8627,-2216
8628,-1517
8629,-3187
8630,-2800
8631,-2859
8632,-1272
8633,-1470
8634,-3236
8635,-3241
8636,-2406
8637,-2346
8638,-769
8639,-2251
8640,-2183
8641,-3299
8642,-2243
8643,-782
8644,-2928
8645,-3036
8646,-1961
8647,-1525
8648,-2986
8649,-1150
8650,-1685
8651,-3511
8652,-2807
8653,-2150
8654,-2051
8655,-1725
8656,-2008
8657,-1225
8658,-3538
8659,-1890
8660,-1840
8661,-3456
8662,-2602
8663,-3330
8664,-1059
8665,-2305
8666,-1496
8667,-1926
8668,-1153
8669,-1562
8670,-2208
8671,-1942
8672,-1344
8673,-3071
8674,-2714
8675,-1363
8676,-1118
8677,-2596
8678,-1598
8679,-1465
8680,-2908
8681,-375
8682,-2386
8683,-2902
8684,-4130
8685,-3610
8686,-2435
8687,-1587
8688,-3019
8689,-663
8690,-2415
8691,-1020
8692,-1725
8693,-1320
8694,-1184
8695,-1767
8696,-2048
8697,-3807
8698,-3253
8699,-2913
8700,-1991
8701,-3197
8702,-1497
8703,-3017
8704,-2406
8705,-137
8706,-3147
8707,-2799
8708,-2214
8709,-3568
8710,-1245
8711,-2046
8712,-1952
8713,-3384
8714,-891
8715,-2156
8716,-5082
8717,-3402
8718,-4119
8719,-2157
8720,-2207
8721,-1252
8722,-1509
8723,-3722
8724,-785
8725,-1629
8726,-1796
8727,-426
8728,-2809
8729,-2230
8730,-2268
8731,-1389
8732,-1909
8733,-2553
8734,-1372
8735,-3789
8736,-2047
8737,-2019
8738,-1552
8739,-2888
8740,-460
8741,-999
8742,-1801
8743,-756
8744,-998
8745,-1699
8746,-4064
8747,-1961
8748,-2610
8749,-2784
8750,-4054
8751,-1382
8752,-1982
8753,-1168
8754,-3927
8755,-1527
8756,-3989
8757,-2394
8758,-2147
8759,-1940
8760,-1890
8761,-1101
8762,-3834
8763,-2800
8764,-3684
8765,-4325
8766,-2621
8767,-1642
8768,-3152
8769,-2342
8770,-2076
8771,-2234
8772,-3131
8773,-1214
8774,-3672
8775,-1213
8776,-1685
8777,-532
8778,-1370
8779,-3138
8780,149
8781,-3163
8782,-3046
8783,-3315
8784,-2328
8785,-2544
8786,-1834
8787,-2868
8788,-2329
8789,-1833
8790,-1857
8791,-2436
8792,-2287
8793,-2917
8794,-3749
8795,-2500
8796,-2104
8797,-2535
8798,-1987
8799,-1604
8800,-2802
8801,-2846
8802,-884
8803,-1615
8804,-1483
8805,-3071
8806,-2256
8807,-961
8808,-1449
8809,-4199
8810,-1646
8811,-3701
8812,-2247
8813,-2829
8814,-1204
8815,-1420
8816,-4196
8817,-1884
8818,-1376
8819,-2871
8820,-2910
8821,-2479
8822,-828
8823,-670
8824,-846
8825,-3382
8826,-917
8827,-1454
8828,-2024
8829,-2497
8830,-1245
8831,-1239
8832,-2036
8833,-4188
8834,-1446
8835,-2032
8836,-1814
8837,-2333
8838,-3284
8839,224
8840,-1621
8841,-3071
8842,-1953
8843,-2150
8844,-1371
8845,-5242
8846,-2022
8847,-3593
8848,-2149
8849,-3006
8850,-3121
8851,-399
8852,-1650
8853,-1306
8854,-4392
8855,-4991
8856,-2205
8857,-4345
8858,-1509
8859,-2839
8860,-921
8861,-2085
8862,-2693
8863,-1771
8864,-1502
8865,-2268
8866,-2708
8867,-2182
8868,-2641
8869,-2231
8870,-1512
8871,-2936
8872,-2958
8873,-3057
8874,-1953
8875,-869
8876,-3316
8877,-939
8878,-2163
8879,-1320
8880,-939
8881,-2863
8882,-2880
8883,-1307
8884,-2052
8885,-1566
8886,-2644
8887,-3789
8888,-1517
8889,-822
8890,-1546
8891,-4215
8892,-1810
8893,-3676
8894,-3505
8895,-549
8896,-2170
8897,-1736
8898,-2999
8899,-2082
8900,-3352
8901,-3117
8902,-1942
8903,-3462
8904,-1215
8905,-2885
8906,-1111
8907,-607
8908,-2082
8909,-1876
8910,-1160
8911,-2206
8912,-2725
8913,-1686
8914,-727
8915,-717
8916,-740
8917,-1923
8918,-528
8919,-3002
8920,-1301
8921,-4076
8922,-1062
8923,-1447
8924,-1047
8925,-1878
8926,-3625
8927,-3924
8928,-2099
8929,-3501
8930,-921
8931,-5111
8932,-872
8933,-2443
8934,-1827
8935,-1981
8936,-3454
8937,-1738
8938,-1088
8939,-2949
8940,-1183
8941,-2279
8942,-2146
8943,-1685
8944,-711
8945,-3372
8946,-2859
8947,-1374
8948,-2540
8949,-3821
8950,-2050
8951,-4372
8952,-1399
8953,-1957
8954,-1589
8955,-305
8956,-2347
8957,-2196
8958,-2779
8959,-3295
8960,-3233
8961,-2284
8962,-1953
8963,-1909
8964,-1319
8965,-3119
8966,-274
8967,-3172
8968,-1706
8969,-2796
8970,-1445
8971,-3076
8972,-2064
8973,-1934
8974,-2693
8975,-2489
8976,-2802
8977,-2525
8978,-1881
8979,-2060
8980,-2229
8981,-3315
8982,-3104
8983,-1357
8984,-425
8985,-2818
8986,-1385
8987,-606
8988,-3354
8989,-3497
8990,-1658
8991,-1101
8992,-186
8993,-4659
8994,-1502
8995,-1979
8996,-1672
8997,-954
8998,-2102
8999,-3146
9000,-2804
9001,-4381
9002,-1963
9003,-2845
9004,-1300
9005,-1151
9006,-255
9007,-2190
9008,-1715
9009,-530
9010,-2090
9011,-1872
9012,-2084
9013,-2593
9014,-1745
9015,-1710
9016,-4128
9017,-2222
9018,-1157
9019,-3605
9020,-1187
9021,-1825
9022,-1680
9023,-842
9024,-2356
9025,-2048
9026,-915
9027,-2282
9028,-2331
9029,-1375
9030,-1417
9031,-2344
9032,-4277
9033,-1857
9034,-1370
9035,-1213
9036,-2477
9037,-364
9038,-3243
9039,-1351
9040,-3189
9041,-3268
9042,-710
9043,-2836
9044,-2640
9045,-1486
9046,-1806
9047,-1756
9048,-1400
9049,-2721
9050,-2665
9051,-2254
9052,-3845
9053,-808
9054,-1717
9055,-2219
9056,-2413
9057,-1630
9058,-2537
9059,-698
9060,-1084
9061,-1602
9062,-3792
9063,-250
9064,-3111
9065,-4195
9066,-4023
9067,-3083
9068,-856
9069,-1759
9070,-2827
9071,-1161
9072,-1889
9073,-1308
9074,-1867
9075,-166
9076,-520
9077,-1872
9078,-2926
9079,-2706
9080,-2113
9081,-3157
9082,-750
9083,-1623
9084,-1292
9085,-1687
9086,-1963
9087,-368
9088,-2137
9089,-533
9090,-1802
9091,-2166
9092,-2472
9093,-1956
9094,-2111
9095,-2858
9096,-2887
9097,-2243
9098,-1067
9099,-2458
9100,-1087
9101,-1177
9102,-1044
9103,-2289
9104,-3275
9105,-2977
9106,-1239
9107,-2683
9108,-1316
9109,-3001
9110,-2291
9111,-2935
9112,-2367
9113,-1619
9114,-1667
9115,-2962
9116,-2376
9117,-1866
9118,-2011
9119,-1167
9120,-3087
9121,-3553
9122,-2763
9123,-1238
9124,-3155
9125,-2441
9126,-1936
9127,-999
9128,-3621
9129,-3309
9130,-3136
9131,-3827
9132,-2638
9133,-2474
9134,-719
9135,-1877
9136,-3415
9137,-1470
9138,-3065
9139,-3141
9140,-1309
9141,-1107
9142,-2221
9143,-1839
9144,-1348
9145,-3639
9146,-1567
9147,-1648
9148,-1209
9149,-2254
9150,-109
9151,-3423
9152,-517
9153,-2710
9154,-2045
9155,-2590
9156,-911
9157,-2254
9158,-2097
9159,-3485
9160,-268
9161,-1154
9162,-4049
9163,-1217
9164,-2535
9165,-855
9166,-1550
9167,-1096
9168,-3607
9169,-907
9170,-3306
9171,-1745
9172,-1700
9173,-2430
9174,-2279
9175,-2626
9176,-2629
9177,-4264
9178,-2649
9179,-3602
9180,-2869
9181,-2384
9182,-1321
9183,-2252
9184,-2328
9185,-375
9186,-2973
9187,-2200
9188,-2080
9189,-1720
9190,-528
9191,-1333
9192,-4399
9193,-321
9194,-1500
9195,-3052
9196,-730
9197,-1908
9198,-3326
9199,-2117
9200,-2298
9201,-4087
9202,-2690
9203,-2236
9204,-2650
9205,-4096
9206,-760
9207,-2825
9208,233
9209,-1815
9210,-2268
9211,-2787
9212,-985
9213,-2399
9214,-2462
9215,-2485
9216,-594
9217,-3781
9218,-1288
9219,-4073
9220,-1492
9221,-3377
9222,-2690
9223,-1550
9224,-3136
9225,-2886
9226,-1392
9227,-3944
9228,-2813
9229,-2053
9230,-1910
9231,-1343
9232,-887
9233,-2292
9234,-2350
9235,-1557
9236,-2163
9237,-3668
9238,-2793
9239,-1683
9240,-2538
9241,-2418
9242,-2850
9243,-3014
9244,-4338
9245,-1511
9246,-3081
9247,-1046
9248,-1988
9249,-3412
9250,-1411
9251,-2357
9252,-2693
9253,-3216
9254,-2115
9255,-2746
9256,-1783
9257,-202
9258,-2962
9259,-963
9260,-1898
9261,-2301
9262,-1593
9263,59
9264,-1572
9265,-430
9266,-2986
9267,-1732
9268,-1390
9269,-294
9270,-1545
9271,-676
9272,-1984
9273,-1323
9274,-4024
9275,-1904
9276,-887
9277,-2906
9278,-1282
9279,-3706
9280,-1782
9281,-3026
9282,-2101
9283,-2957
9284,-554
9285,-4327
9286,-2917
9287,-345
9288,-4108
9289,-2306
9290,-2293
9291,-3480
9292,-2572
9293,-2646
9294,-2261
9295,-1762
9296,-1502
9297,-2204
9298,-4123
9299,-3598
9300,-3572
9301,-3405
9302,-3332
9303,-1535
9304,-4206
9305,-114
9306,-3735
9307,-2326
9308,-2693
9309,-352
9310,-1678
9311,-2313
9312,-251
9313,-1499
9314,-2145
9315,-1560
9316,-2310
9317,-2084
9318,-1951
9319,-4491
9320,-1740
9321,-470
9322,-4041
9323,-3027
9324,-3506
9325,-2907
9326,-656
9327,-2570
9328,-1948
9329,-3050
9330,-1437
9331,-4471
9332,-1990
9333,-3950
9334,-3654
9335,-3531
9336,-1568
9337,-1904
9338,-3260
9339,-1253
9340,-2810
9341,-3176
9342,-1938
9343,-2612
9344,-4151
9345,-3455
9346,-827
9347,-3251
9348,-2427
9349,-1452
9350,-1538
9351,-2074
9352,-1670
9353,-2889
9354,-2911
9355,-2547
9356,-3232
9357,-1826
9358,-1802
9359,-1798
9360,-1691
9361,-2659
9362,-2370
9363,-2388
9364,-2467
9365,-1943
9366,-2415
9367,-2575
9368,-1941
9369,-3510
9370,-4404
9371,-3038
9372,-1485
9373,-4109
9374,-3251
9375,-2978
9376,-1892
9377,-3026
9378,-4912
9379,-3020
9380,-1228
9381,-1239
9382,-3794
9383,-720
9384,-3623
9385,-2265
9386,-1092
9387,-2189
9388,-2226
9389,-1264
9390,-1840
9391,-3089
9392,-2157
9393,-1049
9394,-3265
9395,-2090
9396,-1759
9397,-3498
9398,-3204
9399,-3551
9400,-3740
9401,-2452
9402,-1875
9403,-3166
9404,-1317
9405,-1618
9406,-2897
9407,-2602
9408,-2550
9409,-1697
9410,-962
9411,-714
9412,-2266
9413,-1820
9414,-2088
9415,-2952
9416,-317
9417,-1503
9418,-1954
9419,-2041
9420,-817
9421,-1891
9422,-1551
9423,-2751
9424,-4534
9425,-3536
9426,-3297
9427,-1997
9428,-1687
9429,-3184
9430,-1526
9431,-723
9432,-655
9433,-4136
9434,-1547
9435,-3209
9436,-1395
9437,-1242
9438,-3295
9439,-3158
9440,-986
9441,-2493
9442,-1782
9443,-1646
9444,-2840
9445,-546
9446,-3346
9447,-2558
9448,-1785
9449,-2060
9450,-4545
9451,-3793
9452,-1440
9453,-1310
9454,-1408
9455,-3104
9456,-1588
9457,-2223
9458,-2170
9459,-2873
9460,-926
9461,-2512
9462,-1344
9463,-2028
9464,-3126
9465,-2245
9466,-1601
9467,-1757
9468,-2081
9469,-1982
9470,-1354
9471,-1428
9472,-1600
9473,-3257
9474,-3247
9475,-3116
9476,-5200
9477,-1253
9478,-2900
9479,-1350
9480,-369
9481,-2758
9482,-114
9483,-2601
9484,-1124
9485,-3220
9486,-3082
9487,-2085
9488,-3248
9489,-1832
9490,-4386
9491,-415
9492,-2197
9493,-2442
9494,-1735
9495,-1133
9496,-3299
9497,-3043
9498,-881
9499,-3864
9500,-1798
9501,-3442
9502,-1216
9503,-1088
9504,-142
9505,-1533
9506,-3615
9507,-166
9508,-1459
9509,-2065
9510,-3379
9511,-1130
9512,-2015
9513,-2328
9514,-583
9515,-1371
9516,-3126
9517,-2324
9518,-4168
9519,-3658
9520,-2327
9521,-1966
9522,-2385
9523,-2124
9524,-1677
9525,-1739
9526,-2585
9527,-1413
9528,-2227
9529,-1224
9530,-2078
9531,-3516
9532,-2327
9533,-4159
9534,-1876
9535,-538
9536,-2126
9537,-1830
9538,-1217
9539,-4552
9540,-3004
9541,-1305
9542,-1525
9543,-1567
9544,-3619
9545,-3193
9546,-2246
9547,-3329
9548,-358
9549,-943
9550,-3176
9551,-748
9552,-1239
9553,-2698
9554,-1725
9555,-3114
9556,-1860
9557,-3874
9558,-1635
9559,-1724
9560,-3341
9561,-833
9562,-1126
9563,-1519
9564,-1592
9565,-3067
9566,-1419
9567,-2422
9568,-1670
9569,-482
9570,-1161
9571,-384
9572,-2622
9573,-1228
9574,-3543
9575,-1194
9576,-1495
9577,-1514
9578,-152
9579,-2023
9580,-2184
9581,-2288
9582,-3105
9583,-3217
9584,-687
9585,-3011
9586,-2082
9587,-3309
9588,-3624
9589,-3566
9590,-3545
9591,-2136
9592,-99
9593,-260
9594,-4401
9595,-1138
9596,-2926
9597,-2671
9598,363
9599,-2574
9600,-3275
9601,-2150
9602,-536
9603,-1993
9604,-2736
9605,-3394
9606,-2535
9607,-915
9608,-641
9609,-3270
9610,-1973
9611,-1430
9612,-1359
9613,-1160
9614,-2674
9615,-3362
9616,-1504
9617,-3157
9618,-2334
9619,-963
9620,-2526
9621,-2981
9622,-3215
9623,-1795
9624,-5523
9625,-2533
9626,-1646
9627,-1824
9628,-1450
9629,-3884
9630,-1107
9631,-2854
9632,-1338
9633,-785
9634,-1966
9635,-2498
9636,-2309
9637,-2158
9638,-1874
9639,-2637
9640,-2329
9641,-2365
9642,-3396
9643,-3600
9644,-1437
9645,-857
9646,-3380
9647,-2432
9648,-4670
9649,-3131
9650,-2243
9651,-2192
9652,-2419
9653,-2737
9654,-3383
9655,-3876
9656,-2539
9657,-4047
9658,-1386
9659,-1094
9660,-2053
9661,-2796
9662,-1231
9663,-2247
9664,-2764
9665,-1603
9666,-1830
9667,-1400
9668,-1695
9669,-3614
9670,-3437
9671,-1172
9672,-3363
9673,-1804
9674,-3913
9675,-4894
9676,-2123
9677,-4371
9678,-3062
9679,-4778
9680,-3154
9681,-1739
9682,-2499
9683,-2111
9684,-2119
9685,-1951
9686,-1414
9687,-4056
9688,-3045
9689,-3872
9690,-2861
9691,-2396
9692,-2173
9693,-2656
9694,-4192
9695,-1546
9696,-2657
9697,-816
9698,-3108
9699,-1011
9700,-1930
9701,-2116
9702,-2410
9703,-2687
9704,-1970
9705,-2834
9706,-2379
9707,-1975
9708,-3421
9709,-478
9710,-3150
9711,-2169
9712,-2238
9713,-2864
9714,-2846
9715,-1283
9716,-1213
9717,-2242
9718,-2959
9719,-2018
9720,-2568
9721,-1914
9722,-4424
9723,-1900
9724,-1457
9725,-3207
9726,-142
9727,-2516
9728,-1932
9729,-493
9730,-959
9731,-2907
9732,-1281
9733,-2744
9734,-1001
9735,-4087
9736,-3372
9737,-2383
9738,-596
9739,-1587
9740,-2916
9741,-2046
9742,-3189
9743,-2071
9744,-1401
9745,-3838
9746,-2990
9747,-582
9748,-1903
9749,-1650
9750,-1996
9751,-1589
9752,-2623
9753,-2559
9754,-1865
9755,-1798
9756,-2511
9757,-3428
9758,-2668
9759,-3373
9760,-2997
9761,-1925
9762,-1513
9763,-1491
9764,-1875
9765,-3650
9766,-2315
9767,-899
9768,-2204
9769,-2917
9770,-2000
9771,-2073
9772,-2318
9773,-3152
9774,-3694
9775,-2759
9776,-625
9777,-2531
9778,-2536
9779,-1851
9780,-3858
9781,-2189
9782,-2652
9783,-4324
9784,-1641
9785,-413
9786,-1808
9787,-3155
9788,-2448
9789,-3409
9790,-1896
9791,-1278
9792,-4075
9793,-3321
9794,-1799
9795,-1698
9796,-2677
9797,-2796
9798,-2050
9799,-3376
9800,-3386
9801,-1085
9802,-26
9803,-5249
9804,-2662
9805,-619
9806,-1347
9807,-3861
9808,-2072
9809,-1131
9810,-1061
9811,-1769
9812,-3609
9813,-1826
9814,-2690
9815,-2706
9816,-2063
9817,-403
9818,-1794
9819,-2621
9820,-2891
9821,-2116
9822,796
9823,-2104
9824,-1957
9825,-3454
9826,-1400
9827,-3274
9828,-1942
9829,-3586
9830,-2621
9831,-397
9832,-4269
9833,-3036
9834,-3113
9835,-1270
9836,-1997
9837,-1179
9838,-2523
9839,-3772
9840,-1107
9841,-2282
9842,-2825
9843,-3153
9844,-3070
9845,-3736
9846,-3093
9847,-2158
9848,-1901
9849,-2326
9850,-1950
9851,-3554
9852,-1682
9853,-1658
9854,-3587
9855,-1807
9856,-3341
9857,-3321
9858,-3556
9859,-2978
9860,-1438
9861,-2182
9862,-1968
9863,-1428
9864,-390
9865,-2857
9866,-833
9867,-3405
9868,-796
9869,-1415
9870,-1291
9871,-1062
9872,-1373
9873,-1264
9874,-2679
9875,-1406
9876,-2546
9877,-2707
9878,-1311
9879,-1575
9880,-2499
9881,-239
9882,-3052
9883,961
9884,-2279
9885,-1480
9886,-2299
9887,-2641
9888,-2003
9889,-2337
9890,-3079
9891,-1813
9892,-2632
9893,-2746
9894,-2628
9895,-1297
9896,-660
9897,-1666
9898,-959
9899,-404
9900,-3066
9901,-4418
9902,-697
9903,-543
9904,-1655
9905,-4915
9906,-2366
9907,-2915
9908,-2093
9909,-2918
9910,-3406
9911,-2280
9912,-1353
9913,-2578
9914,-2909
9915,-2949
9916,-1647
9917,-1902
9918,-2146
9919,-2135
9920,-2327
9921,-1277
9922,-2930
9923,-2288
9924,-933
9925,-2493
9926,-4722
9927,-1301
9928,-1255
9929,-1577
9930,-2477
9931,-2937
9932,-1744
9933,-2146
9934,-3185
9935,-3321
9936,-1839
9937,-3764
9938,-2013
9939,-2600
9940,-485
9941,-3544
9942,-1068
9943,-2249
9944,-1336
9945,-1925
9946,-2108
9947,-3123
9948,-3603
9949,-2185
9950,-2793
9951,-2943
9952,-2927
9953,-3068
9954,-2220
9955,-1538
9956,-3534
9957,-1495
9958,-714
9959,-2141
9960,-2031
9961,-1551
9962,-2667
9963,-1557
9964,-889
9965,-3351
9966,-2165
9967,-2030
9968,-1968
9969,-2361
9970,-1620
9971,-1695
9972,-1600
9973,-1086
9974,-2797
9975,-790
9976,-3372
9977,-2815
9978,-3028
9979,-3749
9980,-2069
9981,-3777
9982,-495
9983,-4497
9984,-1346
9985,-2185
9986,305
9987,-2166
9988,-2400
9989,-1426
9990,-1157
9991,-2888
9992,-1038
9993,-2182
9994,-2360
9995,-3850
9996,-2909
9997,-2888
9998,-2289
9999,-2567
10000,-1566
10001,-3320
10002,-2189
10003,-2106
10004,-2929
10005,-910
10006,-1660
10007,-619
10008,-2346
10009,-2568
10010,-1732
10011,-2845
10012,-2574
10013,-996
10014,-2035
10015,-2892
10016,-2576
10017,-1985
10018,-3305
10019,-3049
10020,-1541
10021,-2118
10022,-1752
10023,-2134
10024,-2869
10025,280
10026,-2410
10027,-513
10028,-2082
10029,-1943
10030,-280
10031,-2911
10032,-1681
10033,-3357
10034,-2220
10035,-1810
10036,-4163
10037,-3133
10038,-1184
10039,-3445
10040,-1747
10041,-1262
10042,-3187
10043,-1363
10044,-580
10045,-1961
10046,-1737
10047,-2970
10048,-4093
10049,-2089
10050,-46
10051,-2653
10052,-4070
10053,-3231
10054,-3261
10055,-2385
10056,-3675
10057,-1599
10058,-2627
10059,-552
10060,-2264
10061,-1393
10062,-1950
10063,-2352
10064,-2159
10065,-2841
10066,-1209
10067,-2943
10068,-1698
10069,-633
10070,-2662
10071,-2806
10072,-3046
10073,-5522
10074,-3911
10075,-1067
10076,-2392
10077,-1572
10078,-2776
10079,-3016
10080,-1372
10081,-1966
10082,-3157
10083,-3022
10084,-1544
10085,-1867
10086,-2375
10087,-3886
10088,-722
10089,-3021
10090,-2997
10091,-2958
10092,-3233
10093,-1749
10094,-3966
10095,-389
10096,-1742
10097,-4680
10098,-1444
10099,-2405
10100,-1415
10101,-2113
10102,-2745
10103,-3919
10104,-3191
10105,-2545
10106,-1192
10107,-2431
10108,-3026
10109,-1947
10110,-2037
10111,-1529
10112,-1682
10113,-2014
10114,-3075
10115,-2742
10116,-1896
10117,-1914
10118,-2332
10119,-2484
10120,-4498
10121,-2948
10122,-640
10123,-2143
10124,-2658
10125,-1527
10126,-2292
10127,-2372
10128,-4234
10129,-429
10130,-1345
10131,-259
10132,-1489
10133,-3300
10134,-1855
10135,-2745
10136,-2831
10137,-787
10138,-1973
10139,-978
10140,-4130
10141,-1920
10142,-3317
10143,-1541
10144,-2377
10145,-380
10146,-2540
10147,-4348
10148,-963
10149,-937
10150,-1793
10151,-2334
10152,-4586
10153,-1469
10154,-2969
10155,-2723
10156,-615
10157,-4376
10158,-2388
10159,-2921
10160,-1037
10161,-2205
10162,-3028
10163,-2792
10164,-5346
10165,-1575
10166,-2644
10167,-1682
10168,-2113
10169,-1823
10170,-1670
10171,-3215
10172,-1572
10173,-1656
10174,-1689
10175,-3078
10176,-2979
10177,-4207
10178,-2366
10179,-2532
10180,-3947
10181,-2637
10182,-4901
10183,-2959
10184,-2137
10185,-1965
10186,-2363
10187,-1835
10188,86
10189,-2393
10190,-2287
10191,-1869
10192,-1720
10193,-1671
10194,-4566
10195,-1774
10196,-1848
10197,-2718
10198,-1033
10199,-2379
10200,-1796
10201,-377
10202,-3011
10203,-2709
10204,-1280
10205,-1649
10206,-2131
10207,-3637
10208,-4289
10209,-1633
10210,-2296
10211,-1753
10212,-2597
10213,-2381
10214,-5139
10215,-1710
10216,-1861
10217,-1580
10218,-3408
10219,-2266
10220,-1086
10221,-2756
10222,-673
10223,-1590
10224,-2110
10225,-207
10226,-1057
10227,-1381
10228,-1531
10229,-733
10230,-1721
10231,-2461
10232,-2822
10233,-1087
10234,-2552
10235,-2027
10236,-3562
10237,-1984
10238,-971
10239,-2531
10240,-1319
10241,-1119
10242,-1636
10243,-2343
10244,-2276
10245,-2981
10246,-2050
10247,-2610
10248,-1813
10249,-2036
10250,-1880
10251,-1834
10252,-1819
10253,-2090
10254,-1812
10255,-3744
10256,-1634
10257,-1703
10258,-1283
10259,-471
10260,-3841
10261,-3104
10262,-3004
10263,-1327
10264,-2667
10265,-3541
10266,-3153
10267,-2310
10268,-1679
10269,-1224
10270,-4282
10271,-1656
10272,-1581
10273,-3023
10274,-2009
10275,-1854
10276,-294
10277,-3021
10278,-2187
10279,-2799
10280,-4526
10281,-4096
10282,-2022
10283,-2164
10284,-2531
10285,-1950
10286,-1051
10287,-2497
10288,-1819
10289,-2582
10290,-3478
10291,-2033
10292,-3299
10293,-2081
10294,-2469
10295,-1130
10296,-2099
10297,-2285
10298,-2217
10299,-2997
10300,-305
10301,-2776
10302,-3282
10303,-1189
10304,-581
10305,-4049
10306,-2007
10307,-471
10308,-1627
10309,-2150
10310,-1604
10311,-1347
10312,-2517
10313,-2233
10314,-1549
10315,-5272
10316,-1142
10317,-2727
10318,-1917
10319,-3123
10320,-3363
10321,-2115
10322,-1033
10323,-2443
10324,-836
10325,-2969
10326,-2256
10327,-1599
10328,-2714
10329,-3010
10330,-608
10331,-665
10332,-3098
10333,-1690
10334,-1549
10335,-1592
10336,-1509
10337,-2232
10338,-1600
10339,-1630
10340,-3159
10341,-1499
10342,-3512
10343,-3944
10344,-2473
10345,-3518
10346,-1357
10347,-3003
10348,-3602
10349,-4055
10350,-1888
10351,-1264
10352,-1455
10353,-2394
10354,-1358
10355,-3620
10356,-2900
10357,-2798
10358,-2330
10359,-1518
10360,-2745
10361,-1776
10362,-2022
10363,-1159
10364,-2423
10365,-3943
10366,-3142
10367,-2038
10368,-2095
10369,-3652
10370,-1662
10371,-3930
10372,-2120
10373,-3410
10374,-1812
10375,-2860
10376,-1948
10377,-539
10378,-818
10379,-1759
10380,-3041
10381,-2458
10382,-2695
10383,-480
10384,-2188
10385,-2026
10386,-3035
10387,-3262
10388,-2207
10389,-3156
10390,-3795
10391,-1749
10392,-2264
10393,-3425
10394,-1084
10395,-1893
10396,-1799
10397,-3146
10398,-2418
10399,-1048
10400,-1341
10401,-3771
10402,-1296
10403,-4326
10404,-728
10405,-3735
10406,-1608
10407,-658
10408,-824
10409,-3329
10410,-2906
10411,-2215
10412,-2330
10413,-2337
10414,-2556
10415,-1674
10416,-1273
10417,-2190
10418,-2695
10419,-2711
10420,-3514
10421,-3441
10422,-425
10423,-3055
10424,-2512
10425,-181
10426,-37
10427,-2175
10428,-2903
10429,-1802
10430,-1898
10431,-2696
10432,-3004
10433,-4075
10434,-1674
10435,-1437
10436,-1023
10437,-2522
10438,-3583
10439,-3187
10440,-2386
10441,-775
10442,-2431
10443,-1703
10444,-3113
10445,-2941
10446,-997
10447,-1916
10448,-2582
10449,-2772
10450,-2755
10451,-1242
10452,-1584
10453,-1379
10454,-2846
10455,-1951
10456,-2205
10457,-3867
10458,-1814
10459,-2658
10460,-2269
10461,-2895
10462,-2155
10463,-1492
10464,-2015
10465,-1807
10466,-2403
10467,-3470
10468,-1703
10469,-2065
10470,-3422
10471,-1706
10472,-4081
10473,-1696
10474,-726
10475,-2067
10476,336
10477,-1925
10478,-2599
10479,-657
10480,-1661
10481,-3389
10482,-2038
10483,-919
10484,-2062
10485,-1786
10486,-1110
10487,-1102
10488,-4839
10489,-949
10490,-2817
10491,-1626
10492,-416
10493,-3947
10494,-2671
10495,-2176
10496,-2691
10497,-1153
10498,-278
10499,-985
10500,-1395
10501,-2589
10502,-1708
10503,-1501
10504,-403
10505,-2986
10506,-1954
10507,-2201
10508,-2688
10509,-742
10510,-1251
10511,-1465
10512,-1008
10513,-3115
10514,-3097
10515,-763
10516,-576
10517,-3201
10518,-1328
10519,-3396
10520,-2571
10521,-3005
10522,-2521
10523,-1276
10524,-1845
10525,-2190
10526,-3799
10527,-2186
10528,-3492
10529,-603
10530,-3601
10531,-4135
10532,-2764
10533,-2253
10534,303
10535,-2453
10536,-2122
10537,-2248
10538,-1666
10539,-1105
10540,-1843
10541,-2442
10542,-1670
10543,-2556
10544,-1554
10545,-2171
10546,-2324
10547,-721
10548,-3054
10549,-1659
10550,-2865
10551,-3148
10552,-1901
10553,-3412
10554,-2564
10555,-2746
10556,-2530
10557,-2961
10558,-2044
10559,-1928
10560,-2015
10561,-2139
10562,-2847
10563,-2440
10564,-1106
10565,-1931
10566,-3014
10567,-3447
10568,-1757
10569,-1970
10570,-1234
10571,-3143
10572,-1898
10573,-497
10574,-2289
10575,-2845
10576,-3230
10577,-258
10578,-1768
10579,-487
10580,-2008
10581,-1457
10582,-1885
10583,-2588
10584,-2300
10585,-2568
10586,-2241
10587,-1315
10588,-2113
10589,-2078
10590,-1651
10591,-3612
10592,-334
10593,-2388
10594,-3967
10595,-1651
10596,-4624
10597,-2553
10598,-1264
10599,-2958
10600,-2654
10601,-3004
10602,-2810
10603,-1468
10604,-2297
10605,-2312
10606,-2145
10607,-1426
10608,-1733
10609,-3492
10610,-1040
10611,-1700
10612,-2482
10613,-1613
10614,-1831
10615,-2651
10616,-2769
10617,-2699
10618,-3277
10619,-1164
10620,-1144
10621,-4542
10622,-1068
10623,-3885
10624,-1900
10625,-1783
10626,-1621
10627,-1427
10628,-3121
10629,-2405
10630,-2230
10631,-2641
10632,-1444
10633,-2696
10634,-3321
10635,-2101
10636,-1799
10637,-1566
10638,-2790
10639,-2641
10640,-712
10641,-921
10642,-5752
10643,-4055
10644,-838
10645,-1665
10646,-2609
10647,-2055
10648,-254
10649,-4575
10650,-2688
10651,-169
10652,-2740
10653,-2115
10654,-1186
10655,-1757
10656,-2062
10657,-1417
10658,-3129
10659,-2611
10660,-1149
10661,-2918
10662,-3479
10663,-1078
10664,-1686
10665,-2531
10666,-2527
10667,-1844
10668,-1351
10669,6
10670,-1835
10671,-2038
10672,-2890
10673,-4053
10674,-4003
10675,-2530
10676,-2063
10677,-2435
10678,-2280
10679,-2326
10680,-2493
10681,-1759
10682,-1932
10683,-1440
10684,-921
10685,-1739
10686,-190
10687,-3819
10688,-2308
10689,-1553
10690,-21
10691,-1953
10692,-3079
10693,-3350
10694,-2531
10695,-2792
10696,-1393
10697,-864
10698,-2198
10699,-3743
10700,-1561
10701,-1546
10702,-3143
10703,-1317
10704,-1969
10705,-1781
10706,-990
10707,-2146
10708,-1751
10709,-3588
10710,-1998
10711,-90
10712,-2502
10713,-3348
10714,-2820
10715,-3148
10716,-2057
10717,-1022
10718,-1057
10719,-2576
10720,-3567
10721,-920
10722,-3613
10723,-1529
10724,-1448
10725,-2130
10726,-1727
10727,-1312
10728,-1505
10729,-3556
10730,-711
10731,-1642
10732,-1850
10733,-1048
10734,-3110
10735,-2203
10736,-3393
10737,-3225
10738,-2307
10739,-3648
10740,-3266
10741,-1137
10742,-2528
10743,-1642
10744,-2562
10745,-666
10746,-1583
10747,-1653
10748,-4149
10749,-215
10750,-2233
10751,-2675
10752,-3658
10753,-1481
10754,-1934
10755,-1602
10756,-1175
10757,-1881
10758,-1705
10759,-3058
10760,-955
10761,-3561
10762,-259
10763,-2023
10764,-558
10765,-2072
10766,-2368
10767,-2566
10768,-2129
10769,-1730
10770,-2427
10771,-3551
10772,-1272
10773,-933
10774,-1632
10775,-1337
10776,-634
10777,-3057
10778,-2397
10779,-2880
10780,-3141
10781,-2981
10782,-1195
10783,-3650
10784,-2012
10785,-3485
10786,-2310
10787,-1908
10788,-1079
10789,-3251
10790,-2210
10791,-2348
10792,-3001
10793,-1034
10794,-2911
10795,-3365
10796,-3238
10797,-4305
10798,-2493
10799,-2346
10800,-3736
10801,-1600
10802,-4812
10803,-1725
10804,-2292
10805,-1039
10806,-1969
10807,-2283
10808,-2362
10809,-1301
10810,-2256
10811,-249
10812,-2439
10813,-1784
10814,-2602
10815,-1178
10816,-2596
10817,-1974
10818,-1980
10819,-685
10820,-4623
10821,-2602
10822,-2618
10823,-3147
10824,-1378
10825,-2855
10826,-4287
10827,-1550
10828,-3203
10829,-652
10830,-5475
10831,-2459
10832,-2757
10833,-2834
10834,-4348
10835,-2699
10836,-1805
10837,-2923
10838,-1882
10839,-1099
10840,-3324
10841,-3953
10842,-1943
10843,-3967
10844,-2008
10845,-2117
10846,-2411
10847,-848
10848,-2304
10849,-2539
10850,-1870
10851,-2579
10852,-4152
10853,-3484
10854,-2199
10855,-2395
10856,-2309
10857,-671
10858,-749
10859,-1123
10860,-610
10861,-1393
10862,-3350
10863,-1830
10864,-2630
10865,-1755
10866,-1675
10867,-2139
10868,-1319
10869,-658
10870,-2859
10871,-3583
10872,-2996
10873,-2033
10874,-3340
10875,-3542
10876,-3133
10877,-2038
10878,-3185
10879,-3330
10880,-2768
10881,-2488
10882,-2729
10883,294
10884,-2141
10885,-3700
10886,-1044
10887,-2045
10888,-2769
10889,-714
10890,-2442
10891,-1822
10892,-1288
10893,-1182
10894,-3763
10895,-804
10896,-402
10897,-3898
10898,-3886
10899,-2112
10900,-1890
10901,-922
10902,-4191
10903,-2183
10904,-3590
10905,-2205
10906,-2245
10907,-1990
10908,-355
10909,-4117
10910,-2727
10911,-3248
10912,-2093
10913,-2740
10914,-3008
10915,-2707
10916,-1379
10917,-2075
10918,-3985
10919,-2980
10920,-4000
10921,-452
10922,-2114
10923,-1577
10924,-195
10925,-1960
10926,-1830
10927,-2534
10928,146
10929,-2965
10930,-2103
10931,-3277
10932,-909
10933,-1999
10934,-2672
10935,-2499
10936,-960
10937,-284
10938,-2058
10939,-3582
10940,-3792
10941,-2192
10942,-4452
10943,-1539
10944,-2191
10945,-3564
10946,-1934
10947,-1896
10948,-3837
10949,-524
10950,-2757
10951,-4828
10952,-1969
10953,-1993
10954,-1365
10955,-2493
10956,-2925
10957,-3824
10958,-2114
10959,-2131
10960,-2408
10961,-2285
10962,-2260
10963,-1514
10964,-1135
10965,-2320
10966,-267
10967,-3921
10968,-1543
10969,-2795
10970,-2577
10971,-2293
10972,-1738
10973,-2030
10974,-1695
10975,-828
10976,-2044
10977,-2975
10978,-2503
10979,-1815
10980,-2947
10981,-1626
10982,-3147
10983,-4522
10984,-2599
10985,-636
10986,-3275
10987,-2965
10988,-2833
10989,-2528
10990,-2868
10991,-2567
10992,-2407
10993,-2369
10994,-1406
10995,-3902
10996,-1150
10997,-2288
10998,-2057
10999,-1471
11000,-599
11001,-2879
11002,-2811
11003,-3933
11004,-1341
11005,-4171
11006,-3925
11007,-715
11008,-2110
11009,-1951
11010,-2309
11011,-1145
11012,-2709
11013,-2642
11014,-1462
11015,-897
11016,-1239
11017,-2142
11018,-2214
11019,-1032
11020,-1686
11021,-2180
11022,-1183
11023,-1671
11024,-1538
11025,-3891
11026,-2520
11027,-3583
11028,-1915
11029,-3430
11030,-2511
11031,-1340
11032,-3172
11033,-2864
11034,-858
11035,-1862
11036,-2540
11037,-2386
11038,-3266
11039,-721
11040,-1623
11041,-2027
11042,-2905
11043,-964
11044,-2383
11045,-3183
11046,-1659
11047,-1554
11048,-1971
11049,-2997
11050,-3592
11051,-3329
11052,-2626
11053,-1701
11054,-3634
11055,-3628
11056,-1976
11057,-1515
11058,-2384
11059,-2061
11060,-2636
11061,-2079
11062,-2467
11063,-3355
11064,-2767
11065,-2394
11066,-959
11067,-3536
11068,-2824
11069,-782
11070,-2294
11071,-1921
11072,-2777
11073,-1738
11074,-196
11075,-1842
11076,-2806
11077,-1716
11078,-3290
11079,-1593
11080,-1079
11081,-3198
11082,-1584
11083,-3643
11084,-1488
11085,-2437
11086,-2273
11087,-2692
11088,-1964
11089,-3404
11090,-2449
11091,-1218
11092,-872
11093,-2343
11094,-2443
11095,-4612
11096,-3860
11097,-3045
11098,224
11099,-2009
11100,-2308
11101,-1522
11102,-550
11103,-2148
11104,-4407
11105,-3506
11106,-2913
11107,-2053
11108,-2782
11109,-2503
11110,-3160
11111,-2085
11112,-2593
11113,-2917
11114,-943
11115,-2183
11116,-1086
11117,-200
11118,-2783
11119,-3224
11120,-1903
11121,-2697
11122,-3040
11123,-2335
11124,-2476
11125,-3581
11126,-2719
11127,261
11128,-1057
11129,-2230
11130,-2647
11131,-1649
11132,-2973
11133,-2052
11134,-5544
11135,-1677
11136,-2387
11137,-2456
11138,-2218
11139,-3095
11140,-2399
11141,-1187
11142,-4323
11143,-2342
11144,-3875
11145,-1982
11146,-225
11147,-1889
11148,-1941
11149,-1241
11150,-3524
11151,-2278
11152,-2643
11153,-2133
11154,-1907
11155,-1803
11156,-616
11157,-2564
11158,-2594
11159,-2249
11160,-2983
11161,-3415
11162,-3507
11163,-2322
11164,-1716
11165,-122
11166,-3020
11167,-1286
11168,-1257
11169,-4218
11170,-3172
11171,-2185
11172,-1653
11173,-1876
11174,-944
11175,-1481
11176,359
11177,-2031
11178,-4219
11179,-3891
11180,-1405
11181,-2416
11182,-1360
11183,-1292
11184,-3930
11185,-2295
11186,-3427
11187,-2335
11188,-1388
11189,-2728
11190,-2784
11191,-1647
11192,-3253
11193,248
11194,-2729
11195,-1995
11196,-2815
11197,675
11198,-2651
11199,-1291
11200,-3250
11201,-165
11202,-2593
11203,-2429
11204,-3126
11205,-1096
11206,-2259
11207,-3737
11208,-2808
11209,-2350
11210,-1801
11211,-54
11212,-3078
11213,-2857
11214,-1279
11215,-3644
11216,-343
11217,-2158
11218,-4709
11219,-3760
11220,-3626
11221,-2637
11222,-2018
11223,-1538
11224,-2033
11225,-1691
11226,-2466
11227,-2142
11228,-14
11229,-1446
11230,-3380
11231,-1185
11232,-2417
11233,-2769
11234,-1524
11235,-1911
11236,-2914
11237,-1750
11238,-1328
11239,-1183
11240,-970
11241,-2176
11242,-2013
11243,-3646
11244,-1616
11245,-3414
11246,-1301
11247,-2090
11248,-2436
11249,-3504
11250,-1978
11251,-4483
11252,-2844
11253,-2274
11254,-1593
11255,-2548
11256,-2741
11257,-1342
11258,-3100
11259,-1979
11260,-2963
11261,-1860
11262,-1648
11263,-2628
11264,-3719
11265,-3265
11266,-1059
11267,-2286
11268,-3363
11269,-3698
11270,-1818
11271,-2997
11272,-2451
11273,-1446
11274,-2760
11275,-3739
11276,-1721
11277,-4198
11278,-353
11279,-2504
11280,-598
11281,-55
11282,-2251
11283,-594
11284,-2396
11285,-1152
11286,-794
11287,-540
11288,-1860
11289,-3216
11290,-3361
11291,-1773
11292,-1296
11293,-1751
11294,-3459
11295,31
11296,-3075
11297,-458
11298,-812
11299,-3224
11300,-560
11301,-1931
11302,-1662
11303,-3924
11304,-1388
11305,-2782
11306,-1325
11307,-2304
11308,-886
11309,-938
11310,-1618
11311,-3724
11312,-3423
11313,-2436
11314,-1876
11315,-1461
11316,-1138
11317,-2740
11318,-3977
11319,-1329
11320,-1954
11321,-1811
11322,-3772
11323,79
11324,-4687
11325,-4266
11326,-3212
11327,-4073
11328,-922
11329,-3191
11330,-3364
11331,-681
11332,-2897
11333,-1926
11334,-2549
11335,-2189
11336,-3139
11337,-1802
11338,-2808
11339,-897
11340,-2573
11341,-4289
11342,-2571
11343,-1102
11344,-2151
11345,-1361
11346,-1885
11347,-2857
11348,-1729
11349,-1515
11350,-1075
11351,-2227
11352,-1468
11353,-2637
11354,-635
11355,-1094
11356,-3541
11357,-1047
11358,-605
11359,-1446
11360,-1655
11361,-2318
11362,-2818
11363,-2769
11364,-2830
11365,-1396
11366,-223
11367,-1663
11368,-2485
11369,-3221
11370,-2880
11371,-521
11372,-2664
11373,-2310
11374,-1925
11375,-1599
11376,-1730
11377,-2388
11378,-2949
11379,-1416
11380,-3200
11381,-502
11382,-2517
11383,-2210
11384,-2125
11385,-2214
11386,-1025
11387,-1768
11388,-1892
11389,-1884
11390,-2335
11391,-1420
11392,-1991
11393,-1733
11394,-3002
11395,-2953
11396,-2007
11397,-2655
11398,-1718
11399,-2317
11400,-2005
11401,-2803
11402,-1463
11403,-4661
11404,-1579
11405,-3484
11406,-1855
11407,-1108
11408,-576
11409,-1981
11410,-3291
11411,-2367
11412,-1779
11413,-2526
11414,-3120
11415,-2444
11416,-1212
11417,-3887
11418,-1575
11419,-137
11420,-2043
11421,-3023
11422,-1885
11423,-2258
11424,-1588
11425,356
11426,-3061
11427,-1526
11428,-4894
11429,-3155
11430,-491
11431,-3072
11432,-3676
11433,-1955
11434,-1234
11435,306
11436,-4543
11437,-1934
11438,-2163
11439,-1734
11440,-3031
11441,-3274
11442,-990
11443,-1252
11444,-1323
11445,-3108
11446,-825
11447,-1764
11448,-508
11449,-4355
11450,-820
11451,-2778
11452,-1687
11453,-1331
11454,-1327
11455,67
11456,8
11457,-1780
11458,-2037
11459,-2896
11460,-3178
11461,-1378
11462,-2952
11463,-2414
11464,-3344
11465,-1729
11466,-1802
11467,-2402
11468,-2707
11469,-3880
11470,-2736
11471,-2956
11472,-2347
11473,-1574
11474,-4186
11475,-3488
11476,-1691
11477,-2085
11478,-3914
11479,-1696
11480,-2391
11481,-1997
11482,-365
11483,-279
11484,95
11485,-1853
11486,-2779
11487,-1100
11488,-2655
11489,-2044
11490,-3801
11491,-781
11492,-1517
11493,-2076
11494,-2825
11495,-506
11496,-3308
11497,-2266
11498,-3955
11499,-1504
11500,-826
11501,-3343
11502,-1381
11503,-1145
11504,-3363
11505,95
11506,-2960
11507,-699
11508,-1315
11509,-366
11510,-2353
11511,-3472
11512,-941
11513,-1919
11514,-3003
11515,-1808
11516,-1003
11517,-3746
11518,-3149
11519,-3319
11520,-1868
11521,-973
11522,-1015
11523,-2080
11524,-2237
11525,-3968
11526,-1922
11527,-1792
11528,-1730
11529,-4998
11530,-2543
11531,-3357
11532,-2268
11533,-4126
11534,-2412
11535,-2131
11536,-1087
11537,-2726
11538,-2121
11539,-2757
11540,-1820
11541,-4036
11542,-3807
11543,-1115
11544,-2820
11545,-2525
11546,-1790
11547,-3320
11548,-1464
11549,-2686
11550,-1821
11551,-2061
11552,-3356
11553,-1503
11554,-3553
11555,-2886
11556,-2354
11557,-1815
11558,-3409
11559,-3525
11560,-3281
11561,-988
11562,-909
11563,-1615
11564,-880
11565,-3021
11566,-3483
11567,-1119
11568,-3251
11569,-3115
11570,-3528
11571,-1219
11572,-2388
11573,-2503
11574,-2708
11575,-1070
11576,-1925
11577,-1837
11578,-2307
11579,-1068
11580,-3015
11581,-1841
11582,-2839
11583,-851
11584,-1758
11585,-3290
11586,-1325
11587,-2216
11588,-4160
11589,-1258
11590,-192
11591,-2519
11592,-2737
11593,-2825
11594,-175
11595,-1707
11596,-4632
11597,-2250
11598,-3327
11599,-1076
11600,-3708
11601,-2351
11602,-1960
11603,-1365
11604,-2347
11605,-892
11606,-3521
11607,-2152
11608,-4729
11609,-3714
11610,-545
11611,-1206
11612,-3416
11613,-1531
11614,-3137
11615,-1497
11616,-1255
11617,-1461
11618,-3603
11619,-4006
11620,-4967
11621,-3317
11622,-3222
11623,-1662
11624,-3752
11625,-3016
11626,-2323
11627,-3383
11628,-2012
11629,-951
11630,-340
11631,-876
11632,-1182
11633,-3658
11634,-2510
11635,-2103
11636,-1707
11637,-3965
11638,-1061
11639,-2430
11640,-3254
11641,-1491
11642,-2797
11643,-1429
11644,-2510
11645,-3786
11646,-1927
11647,-1632
11648,-1892
11649,-1166
11650,-4053
11651,-1431
11652,-1562
11653,-5002
11654,-1099
11655,-1830
11656,-2736
11657,-1744
11658,-1010
11659,-1166
11660,-956
11661,-2562
11662,-2833
11663,-767
11664,-3005
11665,-1390
11666,-1601
11667,-3265
11668,-1574
11669,-3647
11670,-3632
11671,-1219
11672,-1084
11673,-2534
11674,-736
11675,-743
11676,-1591
11677,-1611
11678,-1856
11679,-2580
11680,-1799
11681,-2155
11682,-1771
11683,-2058
11684,-3782
11685,-624
11686,-1741
11687,-3520
11688,-2810
11689,-2890
11690,-958
11691,-2626
11692,-1702
11693,-1152
11694,-2058
11695,-541
11696,-4041
11697,-4078
11698,-3044
11699,-3199
11700,-2549
11701,-790
11702,-2389
11703,-931
11704,-1291
11705,-1527
11706,-2460
11707,-1551
11708,-3891
11709,-1238
11710,-1387
11711,163
11712,-1328
11713,-2590
11714,-2196
11715,-1544
11716,-2542
11717,-2406
11718,-554
11719,-1534
11720,-3157
11721,-1671
11722,-2355
11723,-1117
11724,-2114
11725,-4025
11726,-2953
11727,-2614
11728,-1118
11729,-2435
11730,-844
11731,-3425
11732,-3308
11733,-1746
11734,-2335
11735,-2442
11736,-4032
11737,-2537
11738,-2621
11739,-1431
11740,-945
11741,-1201
11742,-4509
11743,-3563
11744,-3482
11745,-2402
11746,-1165
11747,-1794
11748,-3695
11749,-2025
11750,-2500
11751,-1898
11752,-1853
11753,-20
11754,-3894
11755,-2724
11756,-2866
11757,-2967
11758,-2807
11759,-244
11760,-1420
11761,-3690
11762,-507
11763,-2255
11764,-2837
11765,-3535
11766,-988
11767,-4073
11768,-3482
11769,-1480
11770,-1812
11771,-3372
11772,-2277
11773,-697
11774,-2794
11775,-3397
11776,-1456
11777,-2730
11778,-5711
11779,-1658
11780,-379
11781,-275
11782,-2473
11783,-3112
11784,-898
11785,-2011
11786,-2352
11787,-1630
11788,-3584
11789,-5071
11790,-1341
11791,-1747
11792,-967
11793,-2742
11794,-2322
11795,-1731
11796,-1220
11797,-2301
11798,-3768
11799,-407
11800,-1173
11801,-1284
11802,-3945
11803,-408
11804,-3702
11805,-3132
11806,-1477
11807,-2366
11808,-2340
11809,-1201
11810,-2794
11811,-2486
11812,-2935
11813,-2792
11814,-3323
11815,-2085
11816,-3690
11817,-2617
11818,-2147
11819,-2427
11820,-1297
11821,-3077
11822,-2365
11823,-1664
11824,-2605
11825,-2391
11826,-2026
11827,-3132
11828,-2403
11829,-951
11830,-2041
11831,-3623
11832,-4494
11833,-2297
11834,-3190
11835,-2074
11836,-1656
11837,-3018
11838,-2190
11839,-2478
11840,-3058
11841,-3400
11842,-2920
11843,-1922
11844,-2795
11845,-1928
11846,-4607
11847,-2431
11848,-4864
11849,-395
11850,-1874
11851,-1796
11852,-2326
11853,-2811
11854,-1662
11855,-1277
11856,-1472
11857,-3170
11858,-4439
11859,-4321
11860,-3390
11861,-3083
11862,-1826
11863,-3851
11864,-869
11865,-4234
11866,-2504
11867,-2534
11868,-2356
11869,-1359
11870,-537
11871,-2163
11872,-2521
11873,-919
11874,-2964
11875,-2681
11876,-1575
11877,-1777
11878,-1022
11879,-1739
11880,-2925
11881,-3636
11882,-3543
11883,-3473
11884,-2509
11885,-2829
11886,-2970
11887,-3023
11888,-2926
11889,-2276
11890,-1181
11891,-2070
11892,-1579
11893,-3910
11894,-2491
11895,-3102
11896,-3263
11897,-2019
11898,-1376
11899,-523
11900,-2369
11901,-4279
11902,-3372
11903,-2768
11904,-3627
11905,-1141
11906,-2286
11907,-3118
11908,-1937
11909,-2369
11910,-2875
11911,-1726
11912,-1900
11913,-3561
11914,-3524
11915,-880
11916,-1423
11917,-2862
11918,-2779
11919,-1949
11920,-2472
11921,-2928
11922,-1957
11923,-2096
11924,-2019
11925,-4514
11926,-2313
11927,-645
11928,-2801
11929,-1888
11930,-4120
11931,-1510
11932,-2565
11933,-961
11934,-1218
11935,-2487
11936,-2325
11937,-2071
11938,-1059
11939,-2400
11940,-2725
11941,-2268
11942,-2928
11943,-1605
11944,-1755
11945,-1108
11946,-1975
11947,-3310
11948,-4353
11949,-2258
11950,-3169
11951,-2770
11952,-1710
11953,-951
11954,-3829
11955,-2027
11956,-2778
11957,-2587
11958,-2459
11959,-2246
11960,-2194
11961,-2814
11962,-1270
11963,-2132
11964,-1640
11965,-3006
11966,-4099
11967,-4301
11968,-3882
11969,-2668
11970,-1928
11971,-2351
11972,-2172
11973,-2265
11974,-2377
11975,-3207
11976,-3606
11977,-2192
11978,-1106
11979,-1478
11980,-2621
11981,-956
11982,-902
11983,-4547
11984,-1456
11985,-1837
11986,-943
11987,-996
11988,-2727
11989,-2080
11990,-2909
11991,-2449
11992,-21
11993,-952
11994,-450
11995,-1212
11996,-63
11997,-926
11998,-1887
11999,-2211
12000,-3514
12001,530
12002,-1032
12003,-1696
12004,-733
12005,-3038
12006,-4313
12007,-2280
12008,-2219
12009,-1725
12010,-1060
12011,-1277
12012,-2136
12013,-2084
12014,-1348
12015,-544
12016,-3293
12017,-2427
12018,-4054
12019,-1403
12020,-1626
12021,-3156
12022,-1564
12023,-1259
12024,-1503
12025,-2676
12026,-3276
12027,-2902
12028,-1562
12029,-2211
12030,-2902
12031,-3874
12032,-2204
12033,-4061
12034,-3392
12035,-2535
12036,-1438
12037,-1807
12038,-2280
12039,-3048
12040,-1732
12041,-845
12042,-3185
12043,-2262
12044,-3776
12045,-1746
12046,-1223
12047,-1978
12048,-1309
12049,-3906
12050,-1785
12051,-2647
12052,-3489
12053,-4230
12054,-2560
12055,200
12056,-250
12057,-1746
12058,-2988
12059,-1746
12060,-3466
12061,-2393
12062,-1262
12063,-3764
12064,-1696
12065,-2227
12066,-1943
12067,-1932
12068,-3073
12069,-3803
12070,-3609
12071,-4030
12072,-2362
12073,-1169
12074,-2649
12075,-3518
12076,-1695
12077,-661
12078,-3332
12079,-2658
12080,-1616
12081,-5834
12082,-4269
12083,-2051
12084,-3379
12085,-2172
12086,-3457
12087,-2997
12088,-2534
12089,-1761
12090,-1759
12091,-1271
12092,-2432
12093,-3580
12094,-1775
12095,-2105
12096,-2192
12097,-2251
12098,-905
12099,-2931
12100,-1845
12101,583
12102,-1132
12103,-3499
12104,-2736
12105,-1301
12106,-1958
12107,-534
12108,-2878
12109,-2062
12110,-3461
12111,-4386
12112,-2074
12113,-1364
12114,-2291
12115,-2984
12116,-2068
12117,-2292
12118,-4121
12119,-1614
12120,-3895
12121,-1224
12122,-1808
12123,-2668
12124,-3066
12125,-3065
12126,-3836
12127,-3624
12128,-3612
12129,-2593
12130,-2469
12131,-2401
12132,-3152
12133,-2942
12134,-2533
12135,-2144
12136,-2397
12137,-1285
12138,-1372
12139,-4490
12140,-3316
12141,-2943
12142,-974
12143,-1265
12144,-2468
12145,-1730
12146,-2679
12147,-1370
12148,-1445
12149,-2973
12150,-2873
12151,-1899
12152,-2395
12153,-2476
12154,-1855
12155,-1530
12156,-3513
12157,-4912
12158,-2095
12159,-2358
12160,-2166
12161,-2447
12162,-2898
12163,-4278
12164,-1470
12165,-1919
12166,-192
12167,-2271
12168,-4553
12169,-2311
12170,-3158
12171,-1693
12172,-2149
12173,-3157
12174,-3445
12175,-3294
12176,-2570
12177,-2556
12178,-1497
12179,-365
12180,-2889
12181,-2585
12182,-3847
12183,-3094
12184,-3417
12185,-2975
12186,-3923
12187,-1856
12188,-186
12189,-4494
12190,-2648
12191,-1481
12192,-3159
12193,-2028
12194,-2081
12195,-1689
12196,-2830
12197,187
12198,-2413
12199,-1161
12200,-889
12201,-1406
12202,-5746
12203,-2438
12204,-1459
12205,-2361
12206,-1138
12207,-2856
12208,-636
12209,-1158
12210,-3365
12211,-2453
12212,-628
12213,-1797
12214,-3664
12215,-3122
12216,-4647
12217,-1077
12218,-2664
12219,-3430
12220,-1798
12221,-2864
12222,-3574
12223,-1947
12224,-2292
12225,-1171
12226,-910
12227,-2473
12228,-830
12229,-3143
12230,-2601
12231,-2610
12232,-2275
12233,-2645
12234,-1803
12235,-2531
12236,-1994
12237,-1268
12238,-2922
12239,-2071
12240,-3709
12241,-1013
12242,-1399
12243,-3208
12244,-2238
12245,-751
12246,-2050
12247,-335
12248,-2854
12249,-2870
12250,-1484
12251,-2066
12252,229
12253,-3029
12254,-8
12255,-2527
12256,-809
12257,-2681
12258,-4021
12259,-2707
12260,-1077
12261,-3767
12262,-1847
12263,-2227
12264,-1690
12265,-2621
12266,-3586
12267,-3144
12268,-1099
12269,-2092
12270,-2164
12271,-2102
12272,-2506
12273,-1495
12274,-2910
12275,-1832
12276,-2782
12277,-1191
12278,-930
12279,-574
12280,-1350
12281,-2896
12282,-3540
12283,-1360
12284,-965
12285,-1630
12286,-148
12287,-4402
12288,-2002
12289,-2145
12290,-3088
12291,-231
12292,-1199
12293,-1632
12294,-3007
12295,-4144
12296,-730
12297,-1956
12298,-1809
12299,-2403
12300,-2031
12301,-1642
12302,-2240
12303,-4212
12304,-3342
12305,-3486
12306,-1664
12307,-3170
12308,-3453
12309,-2733
12310,-1772
12311,-2860
12312,-1657
12313,-1725
12314,-1787
12315,-2397
12316,-735
12317,-3096
12318,-2426
12319,-2925
12320,-3915
12321,-1867
12322,-1675
12323,-3185
12324,-3275
12325,-1590
12326,-2376
12327,-1823
12328,-2788
12329,-1807
12330,-3706
12331,-1016
12332,-2420
12333,-3124
12334,-2904
12335,-3932
12336,-2892
12337,-3092
12338,-3058
12339,-2831
12340,-1714
12341,-3412
12342,-1343
12343,-2215
12344,-1307
12345,-1600
12346,-1196
12347,-1800
12348,-1852
12349,-2082
12350,-4170
12351,-2373
12352,-3249
12353,-1274
12354,-1194
12355,-1788
12356,-1196
12357,-2646
12358,-2808
12359,-2200
12360,-1292
12361,-1441
12362,-2105
12363,-3020
12364,-1531
12365,-4254
12366,-2202
12367,-504
12368,-2609
12369,-3300
12370,-3444
12371,-3390
12372,-1055
12373,-1717
12374,-3235
12375,-937
12376,-2289
12377,-2391
12378,-3504
12379,-1883
12380,-3204
12381,-3338
12382,-3059
12383,-2569
12384,-1886
12385,-2844
12386,-3256
12387,-1322
12388,-4760
12389,-3331
12390,-3172
12391,-3263
12392,-2437
12393,-1941
12394,-2770
12395,-2860
12396,-2740
12397,-2411
12398,-1283
12399,-3398
12400,-1991
12401,-3493
12402,-3623
12403,-2421
12404,-2306
12405,-5238
12406,-3337
12407,-4415
12408,-2976
12409,-2526
12410,-1768
12411,-736
12412,-1335
12413,-2445
12414,-977
12415,-2666
12416,-3302
12417,-1826
12418,-1687
12419,-3036
12420,-2945
12421,-1732
12422,-3432
12423,-2009
12424,-2868
12425,-2778
12426,-3817
12427,-315
12428,-2061
12429,-2636
12430,-1301
12431,-1694
12432,-5534
12433,-1297
12434,-3297
12435,-2233
12436,-2007
12437,-714
12438,208
12439,-1096
12440,-2790
12441,-1395
12442,-2517
12443,-1634
12444,-1704
12445,-1492
12446,-1555
12447,-3273
12448,-2533
12449,-2641
12450,-2995
12451,-3129
12452,-1330
12453,-1590
12454,-1045
12455,-706
12456,-442
12457,-2422
12458,-1127
12459,-1770
12460,-2021
12461,-1922
12462,-1543
12463,-3356
12464,-2330
12465,-4347
12466,-2765
12467,-787
12468,-1851
12469,-572
12470,-742
12471,-1210
12472,-4723
12473,-874
12474,-1590
12475,-2200
12476,-1673
12477,-2684
12478,-1960
12479,-2405
12480,-2495
12481,-1993
12482,-2839
12483,-3308
12484,-904
12485,-4152
12486,-2417
12487,-1185
12488,-1282
12489,-1939
12490,-4086
12491,-4178
12492,-2150
12493,-3449
12494,-3757
12495,-3404
12496,-3792
12497,-2730
12498,-3112
12499,-523
12500,-2275
12501,-861
12502,-2635
12503,-1871
12504,-270
12505,-2313
12506,-3408
12507,-918
12508,-937
12509,-1366
12510,-2179
12511,-3234
12512,-3020
12513,-1786
12514,-3136
12515,-1480
12516,-4422
12517,-55
12518,-2626
12519,-985
12520,-1775
12521,-613
12522,-1543
12523,-2144
12524,-179
12525,-2022
12526,-1643
12527,-2285
12528,-2195
12529,-1086
12530,-2631
12531,-2589
12532,-526
12533,-2505
12534,-1910
12535,-335
12536,-1310
12537,-2594
12538,-2065
12539,-1333
12540,-3036
12541,-2951
12542,-2924
12543,-2901
12544,-2392
12545,-2150
12546,-1169
12547,-1712
12548,-3695
12549,-1473
12550,-1253
12551,-4461
12552,-1223
12553,-2110
12554,-4126
12555,-2980
12556,-2804
12557,-3055
12558,-537
12559,-3262
12560,-1848
12561,-3625
12562,-2817
12563,-4833
12564,-3478
12565,-990
12566,-2038
12567,-334
12568,-1670
12569,-1707
12570,-1025
12571,-1838
12572,-3075
12573,-2911
12574,-761
12575,-4845
12576,-3642
12577,-440
12578,-439
12579,-4128
12580,-2583
12581,-1405
12582,-986
12583,-2333
12584,-1147
12585,-2783
12586,-3043
12587,-1472
12588,-3188
12589,-1859
12590,-3412
12591,-4184
12592,-1241
12593,-3631
12594,-1587
12595,-858
12596,-1351
12597,-2532
12598,-3393
12599,-752
12600,-1106
12601,-1102
12602,-851
12603,-1600
12604,-3475
12605,-457
12606,-4379
12607,-1009
12608,-2280
12609,-3295
12610,-561
12611,-3826
12612,-1303
12613,-3515
12614,-2505
12615,-1546
12616,-430
12617,-2282
12618,-3207
12619,-686
12620,-2758
12621,-3721
12622,-3851
12623,-1465
12624,-1416
12625,-3564
12626,-1092
12627,-2307
12628,-2730
12629,-1450
12630,177
12631,-695
12632,-884
12633,-2860
12634,-2878
12635,-1235
12636,-4942
12637,-2641
12638,-2683
12639,-2195
12640,-2995
12641,-4172
12642,-900
12643,-3216
12644,-1899
12645,-3157
12646,-3474
12647,-1631
12648,-1591
12649,-2600
12650,-1280
12651,-2516
12652,-1638
12653,-2895
12654,-3143
12655,-2132
12656,-3422
12657,-2818
12658,-1325
12659,-1356
12660,-3549
12661,-2061
12662,-1187
12663,-1531
12664,-1724
12665,-3097
12666,-1900
12667,-2684
12668,-548
12669,-2124
12670,-1225
12671,-4129
12672,-2391
12673,-2533
12674,-3359
12675,-1771
12676,-2707
12677,-2253
12678,-589
12679,-4346
12680,-282
12681,-2649
12682,-3696
12683,-2535
12684,-4770
12685,-1397
12686,-51
12687,-1312
12688,-3070
12689,-812
12690,-1492
12691,-1949
12692,-1079
12693,-1645
12694,-2827
12695,-1195
12696,-4174
12697,-2700
12698,-2013
12699,-435
12700,-1165
12701,-1860
12702,-1971
12703,-3621
12704,-2636
12705,-1828
12706,-2486
12707,-3879
12708,-1680
12709,-2013
12710,-2299
12711,-2964
12712,107
12713,-3618
12714,-2289
12715,-2683
12716,-1402
12717,-2157
12718,-1390
12719,-1666
12720,-2100
12721,-2567
12722,-1725
12723,-2276
12724,-1925
12725,-1314
12726,-2365
12727,-3358
12728,-2367
12729,-4592
12730,-869
12731,-1962
12732,-4078
12733,-1672
12734,-172
12735,-4511
12736,-1812
12737,-3109
12738,-3024
12739,-2153
12740,-2463
12741,-3561
12742,-4381
12743,-790
12744,-3238
12745,-2527
12746,-1226
12747,-2503
12748,-1946
12749,-1838
12750,-2250
12751,-664
12752,-1254
12753,-2926
12754,-2370
12755,-1822
12756,-1527
12757,-2305
12758,-1734
12759,-2822
12760,-3186
12761,-3059
12762,-1328
12763,-1988
12764,-1668
12765,-3253
12766,-2170
12767,-1666
12768,-3524
12769,-1260
12770,-1590
12771,-1317
12772,-3048
12773,-2173
12774,-1106
12775,-1217
12776,-1223
12777,-2214
12778,-832
12779,-1577
12780,-2329
12781,-1614
12782,-1374
12783,-882
12784,-1635
12785,-2647
12786,-2136
12787,-1758
12788,-3257
12789,-2402
12790,-2997
12791,-506
12792,-3331
12793,-1313
12794,-1558
12795,-4202
12796,-2086
12797,-2401
12798,-3753
12799,-1617
12800,-2535
12801,-2464
12802,-2015
12803,-3257
12804,-1726
12805,-4030
12806,-704
12807,-2051
12808,-750
12809,-2100
12810,-3115
12811,-3548
12812,-488
12813,-2109
12814,-1367
12815,-3664
12816,-1839
12817,-2297
12818,-1444
12819,-2477
12820,-2303
12821,-1078
12822,-3292
12823,-3286
12824,-1745
12825,-2236
12826,-1786
12827,-3153
12828,-1963
12829,-1521
12830,-2605
12831,-2560
12832,-318
12833,-1761
12834,-3484
12835,-1815
12836,-1993
12837,-1738
12838,-1938
12839,-1377
12840,-833
12841,-904
12842,-2926
12843,-1879
12844,-742
12845,-2877
12846,-3793
12847,-2216
12848,-2542
12849,-2971
12850,-3519
12851,-2167
12852,-2904
12853,-1427
12854,-2949
12855,-2986
12856,-1257
12857,-2725
12858,-3103
12859,-4409
12860,-1921
12861,-3224
12862,-611
12863,-2115
12864,-6
12865,-2230
12866,-2606
12867,-2311
12868,-4261
12869,-1357
12870,-3104
12871,-1941
12872,-2089
12873,-1200
12874,-2109
12875,-1951
12876,-704
12877,-2649
12878,-797
12879,-2047
12880,-1633
12881,-1555
12882,-1447
12883,-2827
12884,-1474
12885,-1124
12886,-2402
12887,-1946
12888,-2884
12889,-2701
12890,-2857
12891,-2435
12892,-1731
12893,-1169
12894,-2078
12895,-2264
12896,-3349
12897,-2358
12898,-2961
12899,-3827
12900,-1769
12901,-1820
12902,-1209
12903,-1993
12904,-2107
12905,-2159
12906,-1270
12907,-4468
12908,-1028
12909,-2570
12910,-3351
12911,-3134
12912,-2535
12913,-2498
12914,-163
12915,-3906
12916,-1914
12917,-2108
12918,-763
12919,-1784
12920,-3540
12921,-2307
12922,-712
12923,-2002
12924,-2575
12925,-1652
12926,-2544
12927,-4431
12928,-1399
12929,-2804
12930,-118
12931,-3214
12932,-1377
12933,-1803
12934,-2979
12935,-1784
12936,-2451
12937,-2897
12938,-520
12939,-2856
12940,-2409
12941,-394
12942,-2617
12943,-1319
12944,-3093
12945,-3890
12946,-2348
12947,-4167
12948,-2162
12949,-3106
12950,-1429
12951,-1736
12952,-1334
12953,-1309
12954,-2994
12955,-903
12956,-4006
12957,-2216
12958,-642
12959,-2794
12960,-388
12961,-2825
12962,-3848
12963,-3117
12964,-2552
12965,-1714
12966,-1965
12967,-631
12968,-1984
12969,-3462
12970,-1622
12971,-2306
12972,-3744
12973,-3229
12974,-1307
12975,-1793
12976,-459
12977,-3580
12978,-2949
12979,-1515
12980,-3484
12981,-2108
12982,-3275
12983,-2166
12984,-1868
12985,-2244
12986,-1438
12987,-1619
12988,-1909
12989,-882
12990,-2205
12991,-2297
12992,-1786
12993,-2244
12994,-3569
12995,-1958
12996,-1773
12997,-5205
12998,-2449
12999,-2764
13000,-1923
13001,-2906
13002,-2744
13003,-2718
13004,-262
13005,-2024
13006,-2765
13007,-1952
13008,-686
13009,-3586
13010,-2519
13011,-3030
13012,-1244
13013,836
13014,-376
13015,-1757
13016,-2746
13017,-1421
13018,-2733
13019,-1389
13020,-1079
13021,-3082
13022,-2008
13023,-2769
13024,-292
13025,-1504
13026,-2348
13027,-2656
13028,-2608
13029,-1568
13030,-82
13031,-2593
13032,-945
13033,-2609
13034,-2815
13035,-1878
13036,-2477
13037,-2208
13038,-1219
13039,-3370
13040,-2712
13041,-2786
13042,-2760
13043,-3998
13044,-2573
13045,-2639
13046,-4225
13047,-1090
13048,-1874
13049,-2915
13050,-3106
13051,-2214
13052,-3049
13053,-2105
13054,-2545
13055,-4479
13056,-1212
13057,-2804
13058,-3348
13059,-1486
13060,-3425
13061,-3123
13062,-3905
13063,-2287
13064,-3137
13065,-3198
13066,-1813
13067,-2951
13068,-936
13069,-594
13070,-1636
13071,-2955
13072,-789
13073,-2203
13074,-2914
13075,-1036
13076,598
13077,-266
13078,-991
13079,-2702
13080,-3124
13081,-1029
13082,-770
13083,-4794
13084,-4272
13085,-2093
13086,-1644
13087,-2182
13088,-1417
13089,-1488
13090,-3662
13091,-1790
13092,-1438
13093,-2211
13094,-2416
13095,-3175
13096,-3267
13097,-3104
13098,-3222
13099,-2915
13100,-1502
13101,-3043
13102,-2953
13103,-1814
13104,-1965
13105,-1293
13106,-2563
13107,-1797
13108,-1906
13109,-1528
13110,-4465
13111,-1812
13112,-2436
13113,-2756
13114,-2988
13115,-1544
13116,-3027
13117,-2256
13118,-913
13119,-2676
13120,-3010
13121,-1636
13122,-1757
13123,-2765
13124,-3592
13125,-1028
13126,-1617
13127,-2631
13128,-106
13129,-3304
13130,-3236
13131,-3982
13132,-1448
13133,-2037
13134,-1744
13135,-2195
13136,-1646
13137,-2656
13138,-1160
13139,-805
13140,-3315
13141,-1832
13142,-1593
13143,-2128
13144,-2451
13145,-349
13146,-3671
13147,-1721
13148,-2248
13149,-1746
13150,-3118
13151,-3118
13152,497
13153,-2504
13154,-2658
13155,-1373
13156,-2783
13157,-2272
13158,-1923
13159,-2725
13160,-1705
13161,-3960
13162,-541
13163,-2240
13164,-1147
13165,-3928
13166,-3282
13167,-476
13168,-2633
13169,-551
13170,-1376
13171,-1209
13172,-2232
13173,-3351
13174,-830
13175,-2850
13176,-2066
13177,-1293
13178,-2105
13179,-4267
13180,-1878
13181,-2470
13182,-3264
13183,-2278
13184,-3070
13185,-3434
13186,-723
13187,-1373
13188,-1678
13189,-4938
13190,-3326
13191,-1511
13192,-604
13193,-2229
13194,-2170
13195,-1890
13196,-3897
13197,-908
13198,-1162
13199,-1623
13200,-1173
13201,-3623
13202,-4478
13203,-1435
13204,-2878
13205,-4022
13206,-2480
13207,-1993
13208,-3277
13209,-2837
13210,-2288
13211,-2241
13212,-802
13213,-4083
13214,-1302
13215,-1987
13216,-3758
13217,-1497
13218,-2272
13219,-3297
13220,-2633
13221,-3183
13222,-2389
13223,-1924
13224,-1745
13225,-946
13226,-3555
13227,-1905
13228,-3169
13229,-1615
13230,-2620
13231,-3232
13232,-2517
13233,-1368
13234,-2397
13235,-1827
13236,-1956
13237,-1491
13238,-2078
13239,-2390
13240,-2656
13241,-2990
13242,-1917
13243,-1959
13244,-1311
13245,-3482
13246,-3723
13247,-1062
13248,-3114
13249,-1703
13250,-3328
13251,-3152
13252,-4148
13253,-3392
13254,-1256
13255,-2299
13256,-3156
13257,-855
13258,-1477
13259,-1566
13260,-2132
13261,-1704
13262,-1996
13263,-3397
13264,-1948
13265,-3636
13266,-3379
13267,-2141
13268,268
13269,-2361
13270,-3692
13271,-3595
13272,221
13273,-2026
13274,-2427
13275,-1193
13276,-1255
13277,-2841
13278,-587
13279,-4003
13280,-1485
13281,-2681
13282,-1933
13283,-1016
13284,-605
13285,-3681
13286,-353
13287,-2024
13288,-3116
13289,-1390
13290,-1002
13291,-1951
13292,-1102
13293,-2443
13294,-2734
13295,-3344
13296,-3554
13297,-2105
13298,-1818
13299,-2968
13300,-3600
13301,-538
13302,-859
13303,-416
13304,-1534
13305,-1973
13306,-1954
13307,-3017
13308,-749
13309,-728
13310,-2309
13311,-1276
13312,-1831
13313,-3888
13314,-3096
13315,-1192
13316,-3477
13317,-1671
13318,-2247
13319,-2759
13320,-1054
13321,-4712
13322,-2398
13323,-1444
13324,-2168
13325,-2796
13326,-2244
13327,-2548
13328,-700
13329,-862
13330,-1597
13331,-862
13332,-2239
13333,-2362
13334,-2863
13335,-782
13336,-3450
13337,-2209
13338,-1435
13339,-2117
13340,-1437
13341,-1768
13342,-1712
13343,-2980
13344,-1846
13345,-2052
13346,-2754
13347,-3042
13348,-1193
13349,-2516
13350,-1616
13351,-1874
13352,-452
13353,-2648
13354,-3356
13355,-2977
13356,-3511
13357,-4097
13358,-2091
13359,-1287
13360,-2539
13361,-4251
13362,-2860
13363,-2327
13364,-2006
13365,-1284
13366,-2794
13367,-3657
13368,-3115
13369,113
13370,-2702
13371,123
13372,-2315
13373,-3735
13374,-366
13375,-2618
13376,-2569
13377,-2243
13378,-1640
13379,-3230
13380,-2654
13381,-849
13382,-1148
13383,-3242
13384,-1338
13385,-3165
13386,-1329
13387,-250
13388,-3834
13389,-4251
13390,-1685
13391,-1483
13392,-2406
13393,-3091
13394,-1588
13395,-691
13396,-2302
13397,251
13398,-3624
13399,-2207
13400,-3375
13401,86
13402,-385
13403,-1565
13404,-1700
13405,-4746
13406,-2329
13407,-2637
13408,-2933
13409,-2697
13410,-4052
13411,-1821
13412,-710
13413,-2008
13414,-4919
13415,-4309
13416,-1418
13417,-2936
13418,-1910
13419,-3630
13420,-1706
13421,-1103
13422,-2644
13423,-4362
13424,-2706
13425,-1904
13426,-1278
13427,-3620
13428,-1412
13429,-2597
13430,-1431
13431,-2875
13432,-2040
13433,-3808
13434,-2207
13435,-2652
13436,-247
13437,-4463
13438,-2513
13439,-4194
13440,-1372
13441,-1859
13442,-2162
13443,-3053
13444,-783
13445,-3114
13446,-502
13447,-1641
13448,-4998
13449,-1111
13450,-2641
13451,-2182
13452,-824
13453,-733
13454,-1411
13455,-5144
13456,-875
13457,-2550
13458,-2646
13459,-1664
13460,-2053
13461,-1591
13462,-1590
13463,-3851
13464,-623
13465,-2231
13466,-1349
13467,-3014
13468,-3074
13469,-1733
13470,-2902
13471,-2195
13472,-2791
13473,-2558
13474,-2005
13475,-2231
13476,-2659
13477,-3815
13478,-1687
13479,-1199
13480,-1655
13481,-2109
13482,-1929
13483,-1170
13484,-1655
13485,-1357
13486,-1542
13487,-4460
13488,-1851
13489,-4522
13490,-2604
13491,-3440
13492,-552
13493,-2851
13494,-549
13495,-2646
13496,-2654
13497,-1321
13498,-1904
13499,-2212
13500,-2115
13501,-687
13502,-2503
13503,-2591
13504,-2525
13505,-373
13506,-531
13507,-596
13508,-2866
13509,-3225
13510,-295
13511,-2825
13512,-798
13513,-1944
13514,-2919
13515,-3541
13516,-1381
13517,-3206
13518,-1811
13519,-1165
13520,-1808
13521,-2569
13522,-2602
13523,-733
13524,-3224
13525,-4152
13526,-2842
13527,-2589
13528,-2581
13529,-1554
13530,-2566
13531,-71
13532,-2112
13533,-2109
13534,-620
13535,-2716
13536,-3967
13537,-1401
13538,-48
13539,-712
13540,-3086
13541,-1674
13542,-1285
13543,-3110
13544,-2391
13545,-534
13546,-1778
13547,-3392
13548,-2418
13549,-1472
13550,-2024
13551,-2112
13552,-1943
13553,-2274
13554,-962
13555,-725
13556,-4046
13557,-2321
13558,-2018
13559,-3229
13560,-2059
13561,-2683
13562,-1502
13563,-3418
13564,-3525
13565,-2712
13566,-2743
13567,-2951
13568,-2021
13569,-2023
13570,-2850
13571,-3153
13572,-4124
13573,-1766
13574,-3439
13575,-2672
13576,-1956
13577,-522
13578,-1193
13579,-2560
13580,-3369
13581,-957
13582,-629
13583,-1926
13584,-3826
13585,-689
13586,-3483
13587,-727
13588,-971
13589,-2166
13590,-1766
13591,-1836
13592,-2163
13593,-2676
13594,-2876
13595,-2282
13596,-3474
13597,43
13598,-3319
13599,-2717
13600,-2097
13601,140
13602,-3270
13603,-2910
13604,-2666
13605,-2529
13606,-1002
13607,-3112
13608,-2013
13609,450
13610,-3820
13611,-1799
13612,-2288
13613,-2077
13614,-2709
13615,-2821
13616,-2017
13617,-1863
13618,-1503
13619,-1676
13620,-3712
13621,-1252
13622,-771
13623,-3134
13624,-4217
13625,-2352
13626,-1698
13627,-1740
13628,-3331
13629,-3014
13630,-1310
13631,-219
13632,-1879
13633,-1640
13634,-2744
13635,-3084
13636,-2949
13637,-2319
13638,-1650
13639,-1887
13640,-2339
13641,-1564
13642,-2677
13643,-3747
13644,-1439
13645,-3589
13646,-2022
13647,-2665
13648,-1872
13649,-3550
13650,-2073
13651,-2117
13652,-2338
13653,-3199
13654,-2158
13655,-3210
13656,-2098
13657,-1761
13658,-2938
13659,-3872
13660,-935
13661,-2173
13662,-1871
13663,122
13664,-837
13665,-1144
13666,-1463
13667,-2085
13668,-1541
13669,-2011
13670,-1373
13671,-3117
13672,-323
13673,-2605
13674,-4644
13675,-1542
13676,-2281
13677,-4409
13678,-1217
13679,-2528
13680,-983
13681,-3486
13682,-1779
13683,-2489
13684,-1971
13685,-3286
13686,-1967
13687,-1601
13688,-1689
13689,-1179
13690,-2673
13691,-1935
13692,-3566
13693,-2371
13694,-2156
13695,-3157
13696,-800
13697,-2853
13698,-2139
13699,-3104
13700,-4726
13701,-2378
13702,-1068
13703,-2395
13704,-1667
13705,-2512
13706,-2311
13707,-2583
13708,-3315
13709,-1255
13710,-1760
13711,187
13712,-1749
13713,-3108
13714,-1985
13715,-1835
13716,-3628
13717,-4378
13718,-3528
13719,-1917
13720,-444
13721,-2694
13722,-3877
13723,-3086
13724,-2070
13725,-1981
13726,-4463
13727,-1829
13728,-2743
13729,-1753
13730,-2133
13731,-2618
13732,-2897
13733,-994
13734,-3087
13735,-2947
13736,-1914
13737,-3126
13738,-1664
13739,-1878
13740,-2782
13741,-2359
13742,-2553
13743,-1153
13744,-2598
13745,-1546
13746,-1559
13747,-2419
13748,-4792
13749,-3882
13750,-1061
13751,-2754
13752,-988
13753,-2191
13754,-1259
13755,-2632
13756,-2071
13757,-3109
13758,-2727
13759,-2130
13760,-358
13761,-1200
13762,-3026
13763,-3563
13764,-2292
13765,-2508
13766,-2199
13767,-1405
13768,-1466
13769,-1868
13770,-1438
13771,-1537
13772,-2793
13773,-1601
13774,-1402
13775,-3644
13776,-2774
13777,-1356
13778,-3062
13779,-740
13780,-3004
13781,-2504
13782,-4844
13783,-2007
13784,-2442
13785,-1517
13786,35
13787,-2298
13788,-359
13789,-2985
13790,-1635
13791,-3550
13792,-2182
13793,-929
13794,-2349
13795,-340
13796,-3987
13797,-2412
13798,-2429
13799,-1828
13800,-3571
13801,-3859
13802,-3670
13803,-2348
13804,-2269
13805,-1457
13806,-2588
13807,-1353
13808,-1929
13809,-2583
13810,-1159
13811,-2531
13812,-1680
13813,-1728
13814,-1017
13815,-1206
13816,-1618
13817,-2207
13818,-2283
13819,-143
13820,-3197
13821,-2115
13822,-1736
13823,-1683
13824,-1612
13825,-1656
13826,-1293
13827,-3398
13828,-3511
13829,-1010
13830,-862
13831,-3341
13832,-1806
13833,-3410
13834,-1433
13835,-2758
13836,-722
13837,-1937
13838,-1306
13839,-2061
13840,-2881
13841,-1253
13842,-2383
13843,-5319
13844,-3030
13845,-1670
13846,-2519
13847,-2660
13848,-2052
13849,-2689
13850,-2254
13851,-3373
13852,-2566
13853,-907
13854,-2195
13855,-977
13856,-2663
13857,-3128
13858,-4092
13859,-3068
13860,-1258
13861,-2651
13862,-2898
13863,-2493
13864,-2164
13865,-2650
13866,-1944
13867,-1595
13868,-1250
13869,-1022
13870,-2824
13871,-1838
13872,-2172
13873,-2859
13874,-1050
13875,-2725
13876,-663
13877,-1635
13878,-1725
13879,-1712
13880,-4589
13881,-608
13882,-1912
13883,-2419
13884,-3955
13885,-3010
13886,-3162
13887,-4042
13888,-2119
13889,-2983
13890,-4232
13891,-2350
13892,-3148
13893,-3818
13894,-741
13895,-3940
13896,-758
13897,-863
13898,-4078
13899,-2783
13900,-2576
13901,-2481
13902,-2178
13903,-1818
13904,-4485
13905,-4436
13906,-3793
13907,-1639
13908,-1204
13909,-2972
13910,-4264
13911,-3456
13912,-2239
13913,-2519
13914,-2196
13915,-2161
13916,-1583
13917,-2711
13918,-2216
13919,-1837
13920,-1397
13921,-701
13922,-2746
13923,-3346
13924,-2160
13925,-1773
13926,-1059
13927,-3175
13928,-1753
13929,-1800
13930,-2875
13931,-2323
13932,-3171
13933,-2522
13934,-1698
13935,-1271
13936,-1754
13937,-791
13938,-634
13939,-1802
13940,-2478
13941,-3622
13942,-2700
13943,-3018
13944,-2738
13945,-2740
13946,-2868
13947,-2918
13948,-1333
13949,-3732
13950,-3319
13951,-2600
13952,-2869
13953,-1841
13954,-1291
13955,-602
13956,-4289
13957,-1095
13958,-3301
13959,-2141
13960,-2723
13961,-2095
13962,-2979
13963,-3540
13964,-1571
13965,-1824
13966,-1881
13967,-1830
13968,-1817
13969,-2433
13970,-1728
13971,-3079
13972,-3178
13973,-1974
13974,-2198
13975,-2203
13976,-2861
13977,-2637
13978,-2205
13979,-2493
13980,-1869
13981,-879
13982,-3658
13983,-4473
13984,-1879
13985,-374
13986,-3491
13987,-1705
13988,-1991
13989,-2959
13990,-1485
13991,-2470
13992,-696
13993,-2910
13994,-1108
13995,-1179
13996,-1697
13997,-1788
13998,-2850
13999,-2762
14000,-1432
14001,-1919
14002,-2045
14003,-3139
14004,-2513
14005,-1797
14006,115
14007,-3798
14008,-1443
14009,-1070
14010,-1451
14011,-2947
14012,-384
14013,-1870
14014,-1555
14015,-3081
14016,-2003
14017,-945
14018,-2307
14019,-1741
14020,-1127
14021,-934
14022,-2452
14023,-2022
14024,-2249
14025,-2501
14026,-2112
14027,-2609
14028,-2820
14029,-1620
14030,-2642
14031,-2712
14032,-3653
14033,-2774
14034,-1991
14035,-3516
14036,-374
14037,-2627
14038,-4958
14039,-1817
14040,-2415
14041,-1200
14042,-899
14043,-2596
14044,-3192
14045,751
14046,-2288
14047,-3122
14048,-1427
14049,-2157
14050,-2955
14051,-2470
14052,-3626
14053,-2175
14054,-2433
14055,-1906
14056,-2832
14057,-2508
14058,-2474
14059,-2204
14060,-3021
14061,-2834
14062,-3387
14063,-2914
14064,-831
14065,-3343
14066,-1656
14067,-2885
14068,-1387
14069,-1482
14070,-1457
14071,-2749
14072,-1577
14073,-2638
14074,-1812
14075,-3715
14076,-1093
14077,-2471
14078,-60
14079,-2459
14080,-645
14081,-2613
14082,-3118
14083,-3426
14084,-2490
14085,-2158
14086,-2262
14087,-2450
14088,-964
14089,-3710
14090,-3164
14091,-4606
14092,-1596
14093,-3514
14094,-1139
14095,-3408
14096,-2879
14097,-2301
14098,-2032
14099,-1884
14100,-861
14101,-1355
14102,-1331
14103,-954
14104,-3262
14105,-5331
14106,-1565
14107,-1609
14108,-1398
14109,-2395
14110,-2872
14111,-1596
14112,-4394
14113,-1668
14114,-1509
14115,-4515
14116,-2433
14117,-2290
14118,-1069
14119,-1833
14120,-1456
14121,-2737
14122,-1687
14123,-2012
14124,-1085
14125,-2415
14126,-2873
14127,-2144
14128,-2433
14129,-3279
14130,-3625
14131,-2010
14132,-4226
14133,-912
14134,-2553
14135,-2055
14136,-2688
14137,-1480
14138,-1058
14139,-990
14140,-3734
14141,-3114
14142,-2597
14143,-1719
14144,-3048
14145,-2791
14146,-2212
14147,-3098
14148,-572
14149,-927
14150,-1670
14151,-2234
14152,-1299
14153,-1991
14154,-3294
14155,-1534
14156,-2296
14157,-1173
14158,-1688
14159,-3256
14160,-1595
14161,-3079
14162,-4389
14163,-3185
14164,-3589
14165,-4240
14166,-1719
14167,-1345
14168,-772
14169,-2786
14170,-1478
14171,-3786
14172,-1835
14173,-2914
14174,-2587
14175,-1371
14176,-2385
14177,-3037
14178,-2755
14179,-1597
14180,-1993
14181,-2135
14182,-1336
14183,-3235
14184,-1006
14185,-1553
14186,-1568
14187,-1273
14188,-763
14189,-1616
14190,-37
14191,-2233
14192,-4190
14193,-3093
14194,-3056
14195,-2775
14196,-1350
14197,-1179
14198,-1160
14199,-2558
14200,-3087
14201,-3389
14202,-1866
14203,-2054
14204,-3266
14205,-2361
14206,-2512
14207,-860
14208,-3647
14209,-2477
14210,-3469
14211,-1722
14212,-3158
14213,-2448
14214,-1220
14215,-3999
14216,-1682
14217,-3683
14218,-2555
14219,-1112
14220,-4281
14221,-3168
14222,-2558
14223,-3765
14224,-2408
14225,-2283
14226,-2615
14227,-871
14228,-785
14229,-3892
14230,-1969
14231,-2423
14232,-3974
14233,-2184
14234,-2069
14235,-2600
14236,-1047
14237,-1997
14238,-2600
14239,-1502
14240,-2650
14241,-3593
14242,-1737
14243,-1672
14244,-4020
14245,-3360
14246,-2895
14247,-1133
14248,-1816
14249,-1737
14250,-1349
14251,-893
14252,-1281
14253,-2402
14254,-1329
14255,-3777
14256,-2436
14257,-2634
14258,-743
14259,-2852
14260,-3852
14261,-2642
14262,-2580
14263,-1683
14264,-2557
14265,-2921
14266,-929
14267,-2873
14268,-688
14269,-653
14270,-2952
14271,-3696
14272,-2522
14273,-1526
14274,-2176
14275,-1049
14276,-3173
14277,-2999
14278,-2718
14279,-962
14280,-1277
14281,-1883
14282,-414
14283,-1904
14284,-1202
14285,-1804
14286,-2056
14287,-4187
14288,-2801
14289,-2033
14290,-1716
14291,-1542
14292,-2564
14293,-3003
14294,-1579
14295,-1775
14296,-1645
14297,-1823
14298,-1444
14299,-2069
14300,-4305
14301,-838
14302,-1923
14303,-1243
14304,-2997
14305,-2419
14306,-1419
14307,-2631
14308,-1777
14309,-4416
14310,-2453
14311,-2062
14312,-2691
14313,-3338
14314,-1141
14315,-4315
14316,-5876
14317,-2120
14318,-1764
14319,-4343
14320,-1608
14321,-2401
14322,-1785
14323,-2553
14324,-712
14325,-2846
14326,-1622
14327,-1729
14328,-1914
14329,-2380
14330,-1261
14331,-1462
14332,-3929
14333,-1519
14334,-1374
14335,-2107
14336,-1882
14337,-917
14338,-3005
14339,-2823
14340,-4108
14341,-1816
14342,-540
14343,-1985
14344,-4085
14345,-741
14346,-1325
14347,-1540
14348,-2531
14349,-2614
14350,-3205
14351,-1126
14352,-1552
14353,-3698
14354,-3139
14355,-1088
14356,-2503
14357,-2702
14358,-1216
14359,-1859
14360,-2532
14361,-3861
14362,-2341
14363,-3017
14364,-2000
14365,-1806
14366,-3797
14367,-3343
14368,-1826
14369,-1149
14370,-1799
14371,-1696
14372,-3451
14373,-3015
14374,-2060
14375,-2210
14376,-1861
14377,-2384
14378,-3109
14379,-3213
14380,-2758
14381,-2898
14382,-484
14383,-3081
14384,-1757
14385,-3331
14386,-1672
14387,-3018
14388,-280
14389,-2199
14390,-2729
14391,-277
14392,-2918
14393,-4101
14394,-2938
14395,-1519
14396,-5487
14397,-3035
14398,-1723
14399,-2192
14400,-2685
14401,-171
14402,-1569
14403,-3648
14404,-2537
14405,-1935
14406,-3167
14407,-2683
14408,-2501
14409,-1579
14410,-2935
14411,-2701
14412,-2036
14413,-989
14414,-2269
14415,-1248
14416,-3210
14417,-1750
14418,-3351
14419,-3323
14420,1
14421,-1689
14422,-2053
14423,-1130
14424,-3285
14425,-2055
14426,-3390
14427,-3182
14428,-1469
14429,-187
14430,-1780
14431,-897
14432,-423
14433,-2680
14434,-1643
14435,-2355
14436,-3097
14437,-2933
14438,-2217
14439,-1425
14440,-2855
14441,-537
14442,-717
14443,353
14444,-2766
14445,-2401
14446,-2009
14447,-2121
14448,-3742
14449,-2904
14450,-1725
14451,-3684
14452,-2986
14453,-2688
14454,-152
14455,-3410
14456,-2826
14457,-2605
14458,-2781
14459,-1361
14460,-1600
14461,-1962
14462,-796
14463,-3324
14464,-2209
14465,-2825
14466,-3872
14467,-2155
14468,-383
14469,-1830
14470,-3650
14471,-4813
14472,-1947
14473,-2616
14474,-1312
14475,-2557
14476,-1405
14477,-2784
14478,-1285
14479,-2980
14480,-1270
14481,-2582
14482,-2041
14483,-1184
14484,-871
14485,-1247
14486,-2351
14487,-1173
14488,-2142
14489,-2814
14490,-1966
14491,-1219
14492,-5469
14493,-2653
14494,-1213
14495,-4402
14496,-4032
14497,-2451
14498,-3519
14499,-2386
14500,-2628
14501,-2142
14502,-3565
14503,-2972
14504,-1236
14505,-2190
14506,-1960
14507,-3596
14508,-2022
14509,-2322
14510,-1852
14511,-2108
14512,-3431
14513,-2376
14514,-1341
14515,-538
14516,-3656
14517,-837
14518,-2249
14519,-1263
14520,-543
14521,-2112
14522,-2531
14523,-1339
14524,-1219
14525,-2549
14526,-1428
14527,-2438
14528,-652
14529,-2674
14530,-1932
14531,-2702
14532,-2712
14533,-2832
14534,-2600
14535,-1816
14536,-1182
14537,-1785
14538,-1571
14539,-2750
14540,-1766
14541,-3992
14542,-4273
14543,-2815
14544,416
14545,-3306
14546,-2545
14547,-3613
14548,-1541
14549,-1986
14550,-2325
14551,-3326
14552,-4041
14553,-3416
14554,-2985
14555,-1123
14556,-3798
14557,-4285
14558,-2537
14559,-3402
14560,-3900
14561,-2041
14562,-3073
14563,-2689
14564,-3285
14565,-2012
14566,-1936
14567,-2840
14568,-2504
14569,-791
14570,-505
14571,-1733
14572,-2612
14573,-1853
14574,-2414
14575,-1789
14576,-1432
14577,-2122
14578,-1763
14579,-4732
14580,-3195
14581,-2187
14582,-1344
14583,-1373
14584,-2634
14585,-3022
14586,-2297
14587,-3106
14588,-1846
14589,-2134
14590,-3853
14591,-1577
14592,-3092
14593,-1901
14594,-2704
14595,-1452
14596,325
14597,-3669
14598,-2940
14599,-2064
14600,-1538
14601,-3617
14602,-3085
14603,-2267
14604,-2478
14605,-2915
14606,-2295
14607,-250
14608,-2419
14609,-2590
14610,-3640
14611,-1216
14612,-2858
14613,-2149
14614,-3000
14615,-3258
14616,-3044
14617,-1811
14618,-1810
14619,-2355
14620,-3149
14621,-3736
14622,-3473
14623,-3553
14624,-2128
14625,-534
14626,-3156
14627,-3359
14628,-1357
14629,-2111
14630,-1933
14631,-2532
14632,-853
14633,-283
14634,-4606
14635,-1960
14636,-1962
14637,-2602
14638,-1933
14639,-2489
14640,-2575
14641,-928
14642,-2106
14643,-5302
14644,-2161
14645,-3515
14646,-3261
14647,-2164
14648,-5036
14649,-604
14650,-1541
14651,-2454
14652,-1824
14653,-1701
14654,-3208
14655,-2037
14656,-1857
14657,-4036
14658,-2414
14659,-2451
14660,-2839
14661,-326
14662,-4535
14663,-2266
14664,-1851
14665,-3912
14666,-2931
14667,-1782
14668,-2870
14669,-3145
14670,-1102
14671,-1870
14672,-2002
14673,-2581
14674,-2610
14675,-2461
14676,-1677
14677,-3986
14678,-2425
14679,-2255
14680,-1706
14681,-3984
14682,-1461
14683,49
14684,-3563
14685,-1591
14686,-3230
14687,-1992
14688,-1991
14689,-2348
14690,-2394
14691,-1010
14692,-1616
14693,-1091
14694,-2481
14695,-2641
14696,-2996
14697,-1686
14698,-2789
14699,-2922
14700,-2045
14701,-1748
14702,-2766
14703,-4083
14704,-2579
14705,29
14706,-4588
14707,-2381
14708,-642
14709,-2989
14710,-498
14711,-2193
14712,-2105
14713,-2892
14714,-1906
14715,-1419
14716,-2869
14717,-1834
14718,-3751
14719,-3542
14720,-2268
14721,-1702
14722,-2782
14723,-1820
14724,-1112
14725,-1587
14726,-2354
14727,-1571
14728,-2694
14729,-1829
14730,-854
14731,-3666
14732,-2732
14733,-2142
14734,-1064
14735,-2763
14736,-3540
14737,-13
14738,-206
14739,-902
14740,-3006
14741,-3745
14742,-2597
14743,-3677
14744,-3284
14745,-3666
14746,-2043
14747,-2241
14748,-1653
14749,-3298
14750,-2795
14751,-2838
14752,-1549
14753,-2488
14754,-3716
14755,184
14756,-2022
14757,-2041
14758,-3281
14759,-862
14760,-2606
14761,-3245
14762,-2053
14763,-2267
14764,-4921
14765,-956
14766,-755
14767,-1833
14768,-808
14769,-2945
14770,-1110
14771,-3183
14772,-2844
14773,-1291
14774,-1858
14775,-2631
14776,-2660
14777,-2952
14778,-3304
14779,-2819
14780,-2443
14781,-3156
14782,-3646
14783,-2226
14784,-2536
14785,-574
14786,-2851
14787,-1456
14788,-3043
14789,-1866
14790,-3063
14791,-1413
14792,-2186
14793,-506
14794,-3235
14795,-830
14796,-992
14797,-1236
14798,-1244
14799,-3118
14800,-1847
14801,-3238
14802,-1282
14803,-3038
14804,-3044
14805,-2263
14806,-1531
14807,-903
14808,-2373
14809,-355
14810,-1236
14811,-1743
14812,-4094
14813,-766
14814,-701
14815,-1352
14816,-1252
14817,-910
14818,227
14819,-2424
14820,-1374
14821,-1932
14822,-3709
14823,-2919
14824,-731
14825,-1041
14826,-2767
14827,-2789
14828,-1346
14829,-2090
14830,-1446
14831,-2732
14832,-41
14833,-1497
14834,-2303
14835,-1479
14836,-1257
14837,-2504
14838,-2535
14839,-3237
14840,-4113
14841,-2978
14842,-3278
14843,-1688
14844,-1552
14845,-2425
14846,-4730
14847,-1742
14848,-2234
14849,-1769
14850,-782
14851,320
14852,-1120
14853,-3709
14854,-3597
14855,-2029
14856,-509
14857,-3846
14858,-2898
14859,-1777
14860,-1503
14861,-2282
14862,-2791
14863,-2325
14864,-2764
14865,-2683
14866,-1096
14867,-2032
14868,-3749
14869,-3439
14870,-1891
14871,-3707
14872,-2225
14873,-2663
14874,-2319
14875,-2667
14876,-2134
14877,-1139
14878,-3186
14879,-1241
14880,-2240
14881,-4641
14882,-3764
14883,-2691
14884,-3885
14885,-2918
14886,-1547
14887,-2544
14888,-1750
14889,-1683
14890,-1734
14891,-1223
14892,-1619
14893,-2734
14894,-2670
14895,-1058
14896,-2672
14897,-3221
14898,-2637
14899,-2808
14900,-5155
14901,-1678
14902,-2846
14903,-3310
14904,-2046
14905,-2374
14906,-1257
14907,-2964
14908,-2954
14909,-1742
14910,-1812
14911,-3911
14912,-2712
14913,-2463
14914,-3045
14915,-1457
14916,-386
14917,-4392
14918,-2606
14919,-1281
14920,-1042
14921,57
14922,-1990
14923,-1571
14924,-3027
14925,-2661
14926,-2046
14927,-1539
14928,-3336
14929,-3303
14930,-3242
14931,-621
14932,-4041
14933,-2186
14934,-2798
14935,-2262
14936,-2864
14937,-1693
14938,-1025
14939,-3536
14940,-1754
14941,-2052
14942,-3664
14943,-2772
14944,-2329
14945,-468
14946,-1949
14947,-694
14948,-1700
14949,-2068
14950,-1156
14951,-2202
14952,-1084
14953,-2658
14954,-2942
14955,-2213
14956,-3164
14957,-3153
14958,-1852
14959,-2014
14960,-2189
14961,-286
14962,-3158
14963,-2072
14964,-2679
14965,-2020
14966,-1808
14967,-3447
14968,-1473
14969,-312
14970,-1373
14971,-2890
14972,-1159
14973,-3000
14974,-2383
14975,-2925
14976,-1153
14977,-783
14978,-770
14979,-1195
14980,-1977
14981,-2159
14982,-1071
14983,-1630
14984,-2561
14985,-5026
14986,-592
14987,-2157
14988,-2349
14989,-2920
14990,-1441
14991,-4035
14992,-2985
14993,-3783
14994,-2240
14995,-3262
14996,-1879
14997,-1608
14998,-884
14999,-3073
15000,-1717
15001,-1835
15002,-1638
15003,-2861
15004,-984
15005,-3297
15006,-1406
15007,-1457
15008,-2438
15009,-402
15010,-1413
15011,-3404
15012,-1561
15013,-2830
15014,-1210
15015,-1953
15016,-2904
15017,-1469
15018,-2135
15019,-3924
15020,-1341
15021,-354
15022,-2960
15023,-3799
15024,-1903
15025,-2670
15026,-1073
15027,-1135
15028,-2555
15029,-2589
15030,-903
15031,-3046
15032,-178
15033,-2753
15034,-1642
15035,-3089
15036,-2193
15037,-2770
15038,-1436
15039,-2744
15040,-2915
15041,-2611
15042,-3003
15043,-2380
15044,-3607
15045,-3619
15046,-3005
15047,-1475
15048,-3957
15049,-3690
15050,-3952
15051,-1586
15052,-1749
15053,-2160
15054,-1313
15055,-1784
15056,-2704
15057,-2015
15058,-4433
15059,-1362
15060,-3278
15061,-2645
15062,-2574
15063,-2935
15064,-1924
15065,-1680
15066,-1493
15067,-3770
15068,-1991
15069,-1532
15070,-2067
15071,-4198
15072,-1236
15073,-1929
15074,-605
15075,-2857
15076,-2841
15077,-854
15078,-1511
15079,-592
15080,-3031
15081,-2773
15082,-1308
15083,-2244
15084,-640
15085,-929
15086,-2147
15087,-3089
15088,-1273
15089,-2538
15090,-2615
15091,-1581
15092,-2073
15093,-3306
15094,-3341
15095,-1498
15096,-1715
15097,-3190
15098,-1980
15099,-4796
15100,-2484
15101,-2306
15102,-4308
15103,-3057
15104,-1474
15105,-903
15106,-1064
15107,-3311
15108,-2168
15109,-2400
15110,-2211
15111,-2712
15112,-1788
15113,-1854
15114,-2198
15115,-2618
15116,-3070
15117,-1671
15118,-2004
15119,-2180
15120,-2110
15121,-2063
15122,-2865
15123,-1524
15124,-2422
15125,-3726
15126,-3005
15127,-1426
15128,-964
15129,-3179
15130,-3360
15131,-2098
15132,-1420
15133,-1708
15134,-3621
15135,-1525
15136,-2321
15137,-2677
15138,-620
15139,-902
15140,-3633
15141,-1611
15142,-2934
15143,-575
15144,-4102
15145,-2113
15146,-1750
15147,-3300
15148,-4320
15149,-1835
15150,-1261
15151,-969
15152,-1817
15153,-1109
15154,-3367
15155,-1636
15156,-2775
15157,-1085
15158,-1972
15159,-2752
15160,-1500
15161,-1844
15162,-3059
15163,-3253
15164,-1375
15165,-3899
15166,129
15167,-3672
15168,-1244
15169,-3672
15170,-1713
15171,-2259
15172,-376
15173,-1564
15174,-945
15175,-2332
15176,-1891
15177,-5381
15178,-2959
15179,-5057
15180,-1189
15181,-3026
15182,-835
15183,-1186
15184,-3071
15185,-506
15186,-2016
15187,-1574
15188,-2564
15189,-3847
15190,-2231
15191,-895
15192,-2538
15193,-1440
15194,-2312
15195,-3452
15196,-1865
15197,-1671
15198,-261
15199,-621
15200,-4073
15201,-3057
15202,-2388
15203,-2372
15204,-1407
15205,-2635
15206,-2249
15207,-1906
15208,-2549
15209,-1545
15210,-298
15211,-2931
15212,-372
15213,-1000
15214,-2153
15215,-2446
15216,-2688
15217,-2786
15218,-2307
15219,-2087
15220,-1179
15221,-2385
15222,-3646
15223,-4431
15224,-1571
15225,-2725
15226,-596
15227,-2997
15228,-2136
15229,-1921
15230,-2298
15231,-660
15232,-4193
15233,-2670
15234,-2874
15235,-1634
15236,-3506
15237,-4345
15238,-2310
15239,-1951
15240,-2232
15241,-3511
15242,-2415
15243,-864
15244,-1953
15245,-2974
15246,-2736
15247,-1626
15248,-1815
15249,-2687
15250,-3173
15251,-2531
15252,-1018
15253,-2669
15254,-4000
15255,-3020
15256,-1992
15257,-3662
15258,-1210
15259,-2380
15260,-2618
15261,-1174
15262,-1476
15263,-1131
15264,-2899
15265,-3737
15266,-2258
15267,-2165
15268,-4000
15269,-1588
15270,-1380
15271,-3447
15272,-3020
15273,-4012
15274,-496
15275,-1260
15276,-1149
15277,-1745
15278,-2891
15279,-5262
15280,-1211
15281,-2260
15282,-1693
15283,-567
15284,-3486
15285,-3501
15286,38
15287,-2596
15288,-2844
15289,-2433
15290,-2616
15291,-1328
15292,-2096
15293,-3369
15294,-693
15295,-818
15296,-696
15297,-520
15298,-2994
15299,-1759
15300,-1451
15301,-2607
15302,-3405
15303,-307
15304,-987
15305,-3537
15306,-3836
15307,-2511
15308,-3872
15309,-1299
15310,-2582
15311,-2630
15312,-1573
15313,-3774
15314,-1505
15315,-2620
15316,-977
15317,-3214
15318,-1000
15319,-678
15320,-1888
15321,-2842
15322,-1804
15323,-2529
15324,-258
15325,-1734
15326,-4133
15327,-2502
15328,-3356
15329,-1619
15330,-1524
15331,-1919
15332,-88
15333,-3242
15334,-3045
15335,-2840
15336,-2719
15337,-2443
15338,-1189
15339,-2153
15340,-2486
15341,-1523
15342,-2418
15343,-1280
15344,-1224
15345,-2817
15346,-2020
15347,-2502
15348,-1193
15349,-3516
15350,-204
15351,-1790
15352,-1984
15353,-2130
15354,-3030
15355,250
15356,-916
15357,-1738
15358,-2255
15359,-2163
15360,-1657
15361,-3590
15362,-2810
15363,-2224
15364,-1760
15365,-3440
15366,-559
15367,-1956
15368,-2341
15369,-3373
15370,-1160
15371,-2297
15372,-1672
15373,-3732
15374,-1617
15375,-2952
15376,-2889
15377,-1429
15378,-1938
15379,-1313
15380,-3173
15381,-1904
15382,-2834
15383,-2514
15384,-1347
15385,-1572
15386,-1871
15387,-2617
15388,-2108
15389,-1229
15390,-2492
15391,-3469
15392,-2545
15393,-1298
15394,-1546
15395,-2038
15396,-2996
15397,-2261
15398,-2327
15399,-2519
15400,-1268
15401,-2454
15402,-1411
15403,-2349
15404,-3042
15405,-3012
15406,-4839
15407,-799
15408,-4736
15409,-1177
15410,-3746
15411,-1533
15412,-4208
15413,-1401
15414,-4506
15415,-1795
15416,-635
15417,-4109
15418,-1851
15419,-2723
15420,-2470
15421,-4408
15422,-2669
15423,-1242
15424,-2964
15425,-2434
15426,-1141
15427,-1496
15428,-3849
15429,-1512
15430,-3743
15431,-2163
15432,-4256
15433,-1454
15434,-2567
15435,-1851
15436,-1436
15437,-3257
15438,-2207
15439,-1257
15440,-1349
15441,-1076
15442,-127
15443,-2452
15444,-4439
15445,-2842
15446,-3475
15447,-2121
15448,-3998
15449,-2757
15450,-1823
15451,-2335
15452,-2867
15453,-2493
15454,-112
15455,-2480
15456,-4350
15457,-2021
15458,-3864
15459,-3038
15460,-1657
15461,-1225
15462,-2670
15463,-1224
15464,-1638
15465,-3638
15466,-1199
15467,-763
15468,-2639
15469,49
15470,-3317
15471,-2693
15472,-2612
15473,-1875
15474,-3195
15475,-2800
15476,-2145
15477,-2417
15478,-3193
15479,-2337
15480,-1091
15481,-3472
15482,-2720
15483,-1308
15484,-491
15485,-1257
15486,-2070
15487,-2313
15488,-1394
15489,-2125
15490,-1165
15491,-3006
15492,-3721
15493,-2082
15494,-4186
15495,-2201
15496,-2858
15497,-993
15498,-4329
15499,-2750
15500,-1962
15501,-3750
15502,-2903
15503,-2499
15504,-1491
15505,-4967
15506,-2281
15507,-1610
15508,-2144
15509,-1384
15510,-2440
15511,-2217
15512,-3065
15513,-2315
15514,-3427
15515,-686
15516,-2421
15517,-2090
15518,-2236
15519,-1902
15520,-1105
15521,-1361
15522,-3581
15523,-433
15524,-1464
15525,-3782
15526,-2621
15527,-632
15528,-2813
15529,-2848
15530,-1601
15531,-2282
15532,-1743
15533,-2230
15534,-809
15535,-3103
15536,-2479
15537,-388
15538,-1906
15539,-2027
15540,-1264
15541,-1597
15542,-3175
15543,-3279
15544,-4004
15545,-2296
15546,-1709
15547,-1546
15548,-1836
15549,-4717
15550,-4719
15551,-1562
15552,-1286
15553,-2727
15554,-3038
15555,-2389
15556,-3066
15557,-2530
15558,-1752
15559,-3771
15560,-3687
15561,-3176
15562,-1654
15563,-3046
15564,-1923
15565,-3467
15566,-2016
15567,-1107
15568,-3053
15569,-3333
15570,-1333
15571,-3547
15572,-4765
15573,-3255
15574,-2303
15575,-2622
15576,-1258
15577,-1162
15578,-3138
15579,-2539
15580,-2637
15581,-1971
15582,-3677
15583,-382
15584,-2862
15585,-512
15586,-2706
15587,-2632
15588,-2523
15589,-3140
15590,-2580
15591,-1979
15592,-2580
15593,-1956
15594,-2616
15595,-2507
15596,-2194
15597,-1370
15598,-2341
15599,-561
15600,-2447
15601,-2106
15602,-2722
15603,852
15604,-1002
15605,-3241
15606,-841
15607,-2375
15608,-3599
15609,-976
15610,-2080
15611,-3319
15612,-1666
15613,-3160
15614,-1994
15615,-2426
15616,-747
15617,-1736
15618,-3789
15619,-2731
15620,-4930
15621,-1039
15622,-1206
15623,-2809
15624,-2971
15625,-2058
15626,-1793
15627,-1909
15628,-1221
15629,-1851
15630,-1405
15631,-2626
15632,-2114
15633,-1965
15634,-1295
15635,-2510
15636,-1083
15637,-2462
15638,-1415
15639,-654
15640,-4053
15641,-715
15642,-2243
15643,-2337
15644,-1295
15645,-2513
15646,-708
15647,-1497
15648,-1676
15649,-1645
15650,-889
15651,-2222
15652,-2563
15653,-1072
15654,-1549
15655,-2658
15656,-1966
15657,-4008
15658,-2887
15659,-1587
15660,-2236
15661,-2686
15662,-1356
15663,-1790
15664,-4096
15665,-1342
15666,-2120
15667,-542
15668,-2704
15669,-2207
15670,-1825
15671,-4122
15672,-1299
15673,-3580
15674,-1896
15675,-3510
15676,-2231
15677,-852
15678,-2346
15679,-2129
15680,-3844
15681,-1553
15682,-4293
15683,-2483
15684,-696
15685,-4046
15686,-1310
15687,-1793
15688,-3868
15689,-2871
15690,-3148
15691,-5006
15692,-3047
15693,-2601
15694,-3086
15695,-2178
15696,-1675
15697,-1707
15698,-2861
15699,-3918
15700,-2191
15701,-3625
15702,-2336
15703,-2504
15704,-2070
15705,-2395
15706,-2189
15707,-3048
15708,-2359
15709,150
15710,-3442
15711,-2545
15712,-2865
15713,-2734
15714,-2251
15715,-2425
15716,-1670
15717,-2166
15718,-2936
15719,-1143
15720,-2102
15721,-4006
15722,-3566
15723,-730
15724,-2393
15725,-1474
15726,-2187
15727,-512
15728,-2848
15729,-2821
15730,-3231
15731,-2186
15732,-1689
15733,-2676
15734,-4109
15735,-1826
15736,-3471
15737,-1142
15738,-2483
15739,-1134
15740,-2369
15741,-1837
15742,-4209
15743,-3280
15744,-544
15745,-1131
15746,-3015
15747,-1545
15748,-1229
15749,-2007
15750,-1934
15751,-2043
15752,-1413
15753,-675
15754,-1382
15755,-3824
15756,-1711
15757,-2534
15758,-2037
15759,-2672
15760,-1000
15761,-1746
15762,-1869
15763,-1935
15764,-2455
15765,-3671
15766,-1863
15767,-2581
15768,-2980
15769,-2572
15770,-2213
15771,-1512
15772,-1253
15773,-3272
15774,-1313
15775,-2214
15776,-137
15777,-1737
15778,-1692
15779,-1061
15780,-2193
15781,-2665
15782,-2566
15783,-2126
15784,-1995
15785,-3028
15786,-1421
15787,-2422
15788,-2565
15789,-1763
15790,-3746
15791,-3868
15792,-3956
15793,-1894
15794,-3808
15795,-3113
15796,-1561
15797,-432
15798,-2555
15799,-2185
15800,-359
15801,-2891
15802,-1739
15803,-1150
15804,-3534
15805,-2940
15806,-1511
15807,183
15808,-1245
15809,-2193
15810,-3826
15811,-1751
15812,-949
15813,-1518
15814,-2829
15815,-2361
15816,-2678
15817,-823
15818,-3325
15819,-2892
15820,-2478
15821,-1950
15822,-1338
15823,-2635
15824,-355
15825,-1427
15826,-1941
15827,-2558
15828,-1909
15829,-708
15830,-2235
15831,-1645
15832,-2126
15833,-1772
15834,-755
15835,-3040
15836,-1593
15837,-2078
15838,-4084
15839,-2705
15840,-2069
15841,-2486
15842,-2491
15843,-3581
15844,-693
15845,-4520
15846,-3721
15847,-2921
15848,-3477
15849,-1865
15850,-2302
15851,-2224
15852,-3035
15853,-2397
15854,-4372
15855,-3929
15856,-2105
15857,-3133
15858,-3829
15859,-978
15860,-2822
15861,-4569
15862,-2989
15863,-539
15864,-3080
15865,-4031
15866,-2405
15867,-1306
15868,-1725
15869,-2392
15870,-858
15871,-2987
15872,-2869
15873,-3011
15874,-2005
15875,-1854
15876,-3571
15877,-1239
15878,-2053
15879,-2638
15880,-2385
15881,-994
15882,-2226
15883,-1391
15884,-2431
15885,-3476
15886,-3009
15887,-1769
15888,-1575
15889,-2216
15890,-968
15891,-4153
15892,-2007
15893,-4023
15894,-2973
15895,-1124
15896,-2244
15897,-2022
15898,-1476
15899,-1220
15900,-3032
15901,-1258
15902,-2597
15903,-174
15904,-2458
15905,-1552
15906,-1963
15907,-1222
15908,-1217
15909,-2451
15910,-2556
15911,-1085
15912,-2660
15913,-1824
15914,-2374
15915,-2406
15916,-1903
15917,-1961
15918,-1673
15919,-976
15920,-1449
15921,-1109
15922,-2326
15923,-1295
15924,-3089
15925,-3169
15926,-2743
15927,-2229
15928,-812
15929,-2555
15930,-3366
15931,-5176
15932,-1780
15933,-4107
15934,-2806
15935,-3019
15936,-1413
15937,-4086
15938,-1168
15939,-2551
15940,-2704
15941,-1919
15942,-2037
15943,-703
15944,-1462
15945,-1495
15946,-1731
15947,-2685
15948,-441
15949,-704
15950,-2884
15951,-1414
15952,-1628
15953,-3248
15954,-318
15955,-3650
15956,-1985
15957,-3470
15958,-3261
15959,-2869
15960,-926
15961,-3703
15962,-2987
15963,-2097
15964,-2757
15965,-2828
15966,-2508
15967,-1874
15968,-3833
15969,-2747
15970,-2982
15971,-804
15972,-2048
15973,-1679
15974,-1361
15975,-1564
15976,-1291
15977,-1919
15978,-3745
15979,-1990
15980,-2824
15981,-909
15982,-2096
15983,-2158
15984,-3375
15985,-2168
15986,-1437
15987,-3174
15988,-1379
15989,-1811
15990,-2193
15991,-2468
15992,-2973
15993,-2994
15994,-2163
15995,-2146
15996,-3917
15997,-3164
15998,-2135
15999,-1645
16000,-3747
16001,-2575
16002,-2873
16003,-4785
16004,-2945
16005,-2029
16006,-3661
16007,-2730
16008,-1632
16009,-3219
16010,-2433
16011,-2655
16012,-1092
16013,-2459
16014,-2619
16015,-2838
16016,-1968
16017,-2294
16018,-2554
16019,-1332
16020,-3049
16021,-1689
16022,-1613
16023,-971
16024,-2599
16025,-1246
16026,-2314
16027,-3798
16028,-1889
16029,-919
16030,-3472
16031,-151
16032,-2302
16033,-3187
16034,-2410
16035,-3242
16036,-4410
16037,-888
16038,-1970
16039,-2469
16040,-1508
16041,-3410
16042,-518
16043,-2237
16044,-1862
16045,-1683
16046,-331
16047,-6160
16048,-1844
16049,-2992
16050,-2563
16051,-889
16052,-1898
16053,-3508
16054,-3202
16055,-1862
16056,-4207
16057,-2521
16058,-2767
16059,-1795
16060,-1663
16061,200
16062,-2135
16063,-3267
16064,-2104
16065,-2669
16066,-866
16067,-3098
16068,-2128
16069,-1548
16070,-3718
16071,-2919
16072,-2542
16073,-3342
16074,-3580
16075,-1946
16076,-1462
16077,-2809
16078,-2638
16079,-3490
16080,-2088
16081,-1532
16082,-2684
16083,-3615
16084,-1712
16085,-3309
16086,-2102
16087,-3051
16088,-2422
16089,-1141
16090,-2660
16091,-2215
16092,-3509
16093,-1631
16094,-1794
16095,-2600
16096,-1937
16097,-2650
16098,-2007
16099,-3826
16100,-2914
16101,-2450
16102,13
16103,-2565
16104,-1121
16105,-1944
16106,-3003
16107,-2615
16108,-4126
16109,-3679
16110,-4068
16111,-2789
16112,-3834
16113,-3588
16114,-3379
16115,-1970
16116,-2667
16117,-1136
16118,-2338
16119,-2522
16120,-1296
16121,-2223
16122,-3815
16123,-3891
16124,-2167
16125,-2840
16126,-2537
16127,-3382
16128,-2730
16129,-1487
16130,-2053
16131,-2712
16132,-2550
16133,-1173
16134,-1950
16135,-2746
16136,-850
16137,-1442
16138,-3677
16139,-1329
16140,-2904
16141,-3082
16142,-3128
16143,-2102
16144,-2310
16145,-2985
16146,-1619
16147,-1191
16148,113
16149,-3799
16150,-2116
16151,-484
16152,235
16153,-2028
16154,-3038
16155,-2014
16156,-2826
16157,-2783
16158,-2462
16159,-348
16160,-2659
16161,-813
16162,-2051
16163,-2310
16164,-3496
16165,-3250
16166,-2939
16167,-2092
16168,-3249
16169,-3683
16170,-948
16171,-2352
16172,-2209
16173,-4474
16174,-2611
16175,-2009
16176,-721
16177,-2694
16178,-2385
16179,-3517
16180,-4224
16181,-1904
16182,-3139
16183,-817
16184,-1284
16185,-1282
16186,-1644
16187,-1762
16188,-2669
16189,-2755
16190,-1501
16191,-3299
16192,-2666
16193,-1433
16194,-2075
16195,-2334
16196,-4237
16197,-2707
16198,-1189
16199,-2543
16200,-821
16201,-2646
16202,-3945
16203,-4481
16204,-955
16205,-1570
16206,-1584
16207,-1980
16208,-1699
16209,-504
16210,-2440
16211,-1934
16212,-1157
16213,-2038
16214,-2541
16215,-4409
16216,-3918
16217,-3065
16218,-1219
16219,-2777
16220,-2454
16221,-1970
16222,-3678
16223,-1828
16224,-1323
16225,-1651
16226,-1866
16227,-2147
16228,-4636
16229,-606
16230,-3520
16231,-2204
16232,-2644
16233,-320
16234,-4446
16235,-3468
16236,-1056
16237,-707
16238,-2403
16239,-3020
16240,-1404
16241,-1054
16242,-2001
16243,-1566
16244,-1182
16245,-703
16246,-2827
16247,-3106
16248,-3025
16249,-825
16250,-2356
16251,-289
16252,-2300
16253,-3525
16254,-2677
16255,-1103
16256,-1585
16257,-1802
16258,-1632
16259,-2436
16260,-3124
16261,-1035
16262,-1632
16263,-1408
16264,-2871
16265,-2420
16266,-1458
16267,-3076
16268,-1088
16269,-1490
16270,-4247
16271,-2229
16272,-1089
16273,-776
16274,-2346
16275,-1661
16276,-1830
16277,-2702
16278,-1473
16279,-4169
16280,-1900
16281,-3144
16282,-3641
16283,-2026
16284,-2132
16285,-2691
16286,-1774
16287,-1045
16288,-893
16289,-1671
16290,-1960
16291,-2146
16292,-2876
16293,-2668
16294,-1248
16295,-1483
16296,-1787
16297,-2428
16298,-735
16299,-3436
16300,-3358
16301,-1611
16302,-2035
16303,-1252
16304,-2397
16305,-2211
16306,-2638
16307,-2535
16308,-2372
16309,-2626
16310,-3421
16311,-2111
16312,-1393
16313,-2778
16314,-3247
16315,-2311
16316,-2804
16317,-3641
16318,-1680
16319,-3594
16320,-3021
16321,-3063
16322,-2955
16323,-1226
16324,-2143
16325,-4977
16326,-1465
16327,-587
16328,-2046
16329,-2429
16330,-2356
16331,-2847
16332,-1789
16333,-212
16334,-2851
16335,-1956
16336,-1332
16337,-2409
16338,-1614
16339,-2084
16340,-2596
16341,-2719
16342,-3661
16343,-3316
16344,-3559
16345,-3815
16346,-785
16347,-507
16348,-4203
16349,-1620
16350,-2935
16351,-2341
16352,-3719
16353,-1665
16354,-2588
16355,-3983
16356,-1733
16357,-4491
16358,-2168
16359,-1434
16360,-3938
16361,-3173
16362,-2215
16363,-2094
16364,-3137
16365,-3114
16366,-1409
16367,-1997
16368,-3111
16369,-2561
16370,-3015
16371,-2397
16372,-2648
16373,39
16374,-3034
16375,-252
16376,-2403
16377,-3173
16378,-2836
16379,-1317
16380,-2202
16381,-1714
16382,-1437
16383,-2585
16384,-3811
16385,-2382
16386,-2277
16387,-690
16388,-1512
16389,-3937
16390,-3680
16391,-627
16392,-1683
16393,-1905
16394,-2163
16395,-2316
16396,-2202
16397,-4008
16398,-1340
16399,-2802
16400,-1620
16401,-1200
16402,-713
16403,-3269
16404,-174
16405,-2526
16406,-3821
16407,-2327
16408,-301
16409,-1347
16410,-3256
16411,-1883
16412,-1334
16413,-2488
16414,-1608
16415,-948
16416,-2948
16417,-3400
16418,-1753
16419,-1844
16420,-1938
16421,-2811
16422,-2911
16423,-935
16424,-3234
16425,-2851
16426,-1396
16427,-2375
16428,-2691
16429,-2583
16430,-2236
16431,-1063
16432,-2024
16433,-982
16434,-2542
16435,-2378
16436,-916
16437,-1338
16438,-80
16439,-1243
16440,-4215
16441,-1394
16442,-4956
16443,-3023
16444,-3128
16445,-3075
16446,-4936
16447,-1218
16448,-937
16449,-3778
16450,-778
16451,-1095
16452,-2706
16453,-2864
16454,-1937
16455,-2711
16456,-2022
16457,-2216
16458,-3762
16459,-3600
16460,-1778
16461,-2802
16462,-1881
16463,-3652
16464,-4018
16465,-1639
16466,-3292
16467,-1666
16468,-4354
16469,-1601
16470,-3456
16471,-2216
16472,-3879
16473,-2564
16474,-358
16475,-3725
16476,-1105
16477,-2598
16478,-2603
16479,-2751
16480,-2820
16481,-1334
16482,-2608
16483,-3668
16484,-1284
16485,-733
16486,-3268
16487,-2147
16488,-2231
16489,-2270
16490,-2476
16491,-2790
16492,-1778
16493,-1965
16494,-1698
16495,-3472
16496,-2043
16497,-3064
16498,-2112
16499,-195
16500,-1125
16501,-2082
16502,-3009
16503,-1379
16504,-2102
16505,-2428
16506,-2237
16507,-2392
16508,-1612
16509,-3891
16510,-1933
16511,-1409
16512,-4295
16513,-2948
16514,-2409
16515,-2050
16516,-714
16517,-3101
16518,-1745
16519,-3883
16520,-973
16521,-1508
16522,-4073
16523,-1455
16524,-3719
16525,-1843
16526,-2335
16527,-3560
16528,-2156
16529,-987
16530,-1467
16531,-2278
16532,-1523
16533,-306
16534,-819
16535,-916
16536,-3031
16537,-3158
16538,-2376
16539,-3769
16540,-465
16541,-2670
16542,-2795
16543,-1699
16544,-2930
16545,-1798
16546,-2853
16547,-2482
16548,-1436
16549,-1505
16550,-2234
16551,-1210
16552,-2155
16553,-385
16554,-1958
16555,-2317
16556,-683
16557,-31
16558,-2354
16559,-1195
16560,-4495
16561,-2593
16562,-1856
16563,-1448
16564,-1002
16565,-1128
16566,-4850
16567,-3087
16568,-1354
16569,-2918
16570,-1990
16571,-4206
16572,-2170
16573,-1898
16574,-960
16575,-2347
16576,-1384
16577,-1678
16578,-2068
16579,-3759
16580,-2579
16581,-2720
16582,-905
16583,-2564
16584,-2113
16585,-2216
16586,-4431
16587,-1973
16588,-2290
16589,-3664
16590,-1697
16591,-2715
16592,-3650
16593,-2230
16594,-568
16595,-346
16596,-2166
16597,164
16598,-1999
16599,-2629
16600,-181
16601,-68
16602,-4653
16603,-1207
16604,359
16605,-2851
16606,-2325
16607,-2355
16608,-3396
16609,-2542
16610,-2994
16611,-3802
16612,-3972
16613,-1556
16614,-3019
16615,-2348
16616,-2724
16617,-2326
16618,-1363
16619,-2669
16620,-2059
16621,-978
16622,-2148
16623,-3870
16624,-2528
16625,-2017
16626,-2416
16627,-2304
16628,-3049
16629,-3106
16630,-3282
16631,-1698
16632,-1952
16633,-1374
16634,-2277
16635,-2030
16636,-1857
16637,-2830
16638,-3572
16639,-4138
16640,-2370
16641,-1435
16642,-1253
16643,-389
16644,-2536
16645,-901
16646,-3201
16647,-2763
16648,-2123
16649,-1287
16650,-2497
16651,-2121
16652,-3473
16653,-2569
16654,-1341
16655,-3204
16656,-3536
16657,-1096
16658,-1924
16659,-2907
16660,-2605
16661,-2646
16662,-2244
16663,-2181
16664,-1313
16665,-2097
16666,-4690
16667,-2068
16668,-4034
16669,-2822
16670,-2136
16671,-1324
16672,-2809
16673,-1964
16674,-3276
16675,-4394
16676,-3673
16677,-1727
16678,-1570
16679,-1392
16680,-1705
16681,-4221
16682,-3231
16683,-1622
16684,-1830
16685,-2756
16686,-1316
16687,-2300
16688,-2521
16689,-392
16690,-2819
16691,-319
16692,-2102
16693,-899
16694,-2265
16695,-1072
16696,-2433
16697,-2507
16698,-1161
16699,-3524
16700,-2258
16701,-1728
16702,-530
16703,-1747
16704,-3603
16705,-3895
16706,-322
16707,-1976
16708,-1799
16709,-635
16710,-3643
16711,-541
16712,-3051
16713,-2131
16714,-2749
16715,-3564
16716,-1681
16717,-2983
16718,-3188
16719,-2245
16720,-2985
16721,-1818
16722,-4071
16723,-1682
16724,-4246
16725,-2083
16726,-4143
16727,-3473
16728,-1400
16729,-1955
16730,-1669
16731,-2359
16732,-1705
16733,-946
16734,-2320
16735,-1572
16736,-2575
16737,-1215
16738,-2033
16739,-1941
16740,-1862
16741,-1588
16742,-2567
16743,-1169
16744,-3349
16745,-3557
16746,-1608
16747,-2246
16748,-3962
16749,-2792
16750,-1714
16751,-2312
16752,-1994
16753,-2533
16754,-2048
16755,-1221
16756,-1731
16757,-519
16758,-2633
16759,-414
16760,-4203
16761,-1469
16762,-2718
16763,-2641
16764,-2346
16765,-1808
16766,-1638
16767,-2665
16768,-1479
16769,-3368
16770,-2525
16771,-3342
16772,-2662
16773,-1413
16774,-1656
16775,-3655
16776,-1003
16777,-3032
16778,-60
16779,-2008
16780,-2167
16781,-420
16782,-1907
16783,-2149
16784,-265
16785,-3453
16786,-1523
16787,-2170
16788,-3139
16789,-3343
16790,-2588
16791,-1170
16792,-1860
16793,-2711
16794,-3238
16795,-2140
16796,-3076
16797,-2333
16798,-2017
16799,-437
16800,-1045
16801,-3536
16802,-2022
16803,-1843
16804,-2116
16805,-2485
16806,-2907
16807,-2690
16808,-3179
16809,-1267
16810,-2980
16811,-1900
16812,-3183
16813,-1591
16814,-804
16815,-1155
16816,-2127
16817,-2557
16818,-2458
16819,-1393
16820,-1232
16821,-484
16822,-3428
16823,-3136
16824,-2865
16825,-2345
16826,-1543
16827,-3078
16828,-2101
16829,-2072
16830,-2387
16831,-1653
16832,-2173
16833,-1404
16834,-3520
16835,-2186
16836,-362
16837,-2910
16838,-2101
16839,-1216
16840,-1951
16841,-3726
16842,-4281
16843,-2923
16844,-3684
16845,-1202
16846,-2384
16847,-3369
16848,-1990
16849,-1808
16850,-2473
16851,-3463
16852,-4022
16853,-1766
16854,-2199
16855,-3529
16856,-1098
16857,-1853
16858,-2492
16859,-2803
16860,-1799
16861,-2078
16862,-4102
16863,-1766
16864,-2140
16865,-2081
16866,-1588
16867,-2392
16868,-3283
16869,-1101
16870,-2815
16871,-3492
16872,-2746
16873,-980
16874,-919
16875,-194
16876,-4837
16877,-358
16878,-4398
16879,-3193
16880,-2789
16881,-2876
16882,-2246
16883,-3474
16884,-1301
16885,-2721
16886,-508
16887,-3426
16888,-2069
16889,-3509
16890,-3680
16891,-3792
16892,-3395
16893,-2060
16894,-2943
16895,-3269
16896,-1857
16897,-2273
16898,-3009
16899,-2293
16900,-1634
16901,-2963
16902,-1996
16903,-356
16904,-1576
16905,-1275
16906,-2655
16907,-557
16908,-2698
16909,-1116
16910,-2055
16911,-1277
16912,-2130
16913,-2298
16914,-3091
16915,-3015
16916,-2363
16917,-1057
16918,-1193
16919,-1976
16920,-1668
16921,-1491
16922,-3079
16923,-1182
16924,-1439
16925,-2482
16926,-785
16927,-1458
16928,-1919
16929,-3951
16930,-4155
16931,-3694
16932,-386
16933,-2222
16934,-2848
16935,-1597
16936,-2292
16937,-2671
16938,-2354
16939,-968
16940,-1190
16941,-1697
16942,-1483
16943,-2291
16944,-1026
16945,-2463
16946,-2738
16947,-2067
16948,-1812
16949,-3553
16950,-1482
16951,-449
16952,-1725
16953,-1700
16954,-2249
16955,-1901
16956,-2581
16957,-1848
16958,-2431
16959,-2539
16960,-1475
16961,-2026
16962,-3779
16963,-2861
16964,-847
16965,-4358
16966,382
16967,-2450
16968,-1676
16969,-2258
16970,-1975
16971,-588
16972,-2482
16973,-2509
16974,-462
16975,-2892
16976,-1522
16977,-3235
16978,-2756
16979,-3829
16980,-3143
16981,-2035
16982,-1714
16983,-1687
16984,-1339
16985,-2686
16986,-1251
16987,-2373
16988,-2637
16989,-1816
16990,-2012
16991,-1833
16992,-3032
16993,-2663
16994,-2086
16995,-2420
16996,-3609
16997,-1914
16998,-339
16999,-824
17000,-2305
17001,-1554
17002,-2688
17003,-766
17004,-848
17005,-1912
17006,-3804
17007,-1822
17008,-1006
17009,-2397
17010,-2383
17011,-2368
17012,-387
17013,-2171
17014,-2833
17015,-1507
17016,-2132
17017,-1521
17018,-684
17019,-1994
17020,-1792
17021,-712
17022,-2338
17023,-2401
17024,-4184
17025,-2106
17026,-2120
17027,-1765
17028,-1998
17029,-2522
17030,-1707
17031,-2929
17032,-2961
17033,-248
17034,-2655
17035,-502
17036,-1449
17037,-2327
17038,-3277
17039,-1841
17040,-2911
17041,-2926
17042,-2713
17043,-4068
17044,-1565
17045,-2360
17046,-2567
17047,-3340
17048,-3579
17049,-1770
17050,-3315
17051,-2588
17052,-2870
17053,-3128
17054,-1660
17055,-2382
17056,-3470
17057,-3573
17058,-1998
17059,-1216
17060,-2766
17061,-1938
17062,-3476
17063,-1003
17064,-2731
17065,-1541
17066,-975
17067,-2016
17068,-809
17069,-332
17070,-2384
17071,-1873
17072,-3012
17073,-3580
17074,-2678
17075,-1307
17076,-2322
17077,-2729
17078,-1431
17079,-2110
17080,-900
17081,-2214
17082,-3692
17083,-2411
17084,-348
17085,-2194
17086,-3090
17087,-2985
17088,-2429
17089,-875
17090,-2714
17091,-3550
17092,-786
17093,-1040
17094,-3124
17095,-3142
17096,-2207
17097,-2975
17098,-2956
17099,-2897
17100,-2065
17101,-1630
17102,-3056
17103,-2939
17104,-2610
17105,-958
17106,-2608
17107,-2654
17108,-3940
17109,-3313
17110,-450
17111,-3594
17112,-2306
17113,-3096
17114,-2591
17115,-790
17116,-6080
17117,-1056
17118,-4299
17119,-3847
17120,-3163
17121,-3142
17122,-1095
17123,-2289
17124,-1394
17125,-1409
17126,-3859
17127,-2015
17128,-1269
17129,-2718
17130,-1523
17131,-1222
17132,-1336
17133,-3177
17134,-3353
17135,-2542
17136,-1142
17137,-1282
17138,-1290
17139,-1134
17140,-2638
17141,-2376
17142,-1706
17143,-942
17144,-883
17145,-1683
17146,-3724
17147,-1855
17148,-2965
17149,150
17150,-2328
17151,-835
17152,-4608
17153,-1522
17154,-2779
17155,-3489
17156,-2567
17157,-1065
17158,-4078
17159,-1499
17160,-2736
17161,-2928
17162,-1340
17163,-2237
17164,-2403
17165,-1380
17166,-3420
17167,-3431
17168,-2292
17169,-1937
17170,-2294
17171,-2242
17172,-3583
17173,-2430
17174,-3470
17175,-2277
17176,-1928
17177,-1692
17178,-1172
17179,-3361
17180,-3013
17181,-2690
17182,-1958
17183,-1844
17184,-354
17185,-2564
17186,-487
17187,-1689
17188,-820
17189,-2800
17190,-2446
17191,-1088
17192,-2185
17193,-1347
17194,-1439
17195,-2739
17196,-3112
17197,-4672
17198,-2783
17199,-2574
17200,-3628
17201,-2597
17202,-2443
17203,-588
17204,-1934
17205,-1103
17206,-1852
17207,-2748
17208,-1671
17209,-1456
17210,55
17211,-2744
17212,-1776
17213,-2236
17214,-2593
17215,-3229
17216,-3650
17217,-2770
17218,-1233
17219,-4148
17220,-3045
17221,-2533
17222,-2816
17223,-2115
17224,-2652
17225,-3546
17226,-4463
17227,-1291
17228,-3531
17229,-2872
17230,-1437
17231,-1836
17232,-1658
17233,-821
17234,-921
17235,-734
17236,-1874
17237,-2699
17238,-1699
17239,-2852
17240,-2645
17241,-3063
17242,-924
17243,-1150
17244,-980
17245,-2627
17246,-1025
17247,-1382
17248,-3073
17249,-1452
17250,-2971
17251,-418
17252,-3657
17253,-886
17254,-3496
17255,-3069
17256,8
17257,-2690
17258,-4428
17259,-3065
17260,-3617
17261,-2184
17262,-3307
17263,-2860
17264,-2299
17265,84
17266,-1878
17267,-1685
17268,-2289
17269,-2509
17270,-1723
17271,-2263
17272,-1587
17273,-307
17274,-2033
17275,-3143
17276,-2393
17277,-1919
17278,-2912
17279,-3010
17280,-2811
17281,-566
17282,-2355
17283,-3536
17284,-3490
17285,-2655
17286,-2213
17287,-1116
17288,-1943
17289,-2166
17290,-329
17291,-991
17292,-3098
17293,-2641
17294,-2623
17295,-2037
17296,-4177
17297,-2343
17298,-2188
17299,-3831
17300,-3316
17301,-1865
17302,-1443
17303,-1217
17304,-2962
17305,-1862
17306,-1511
17307,-5205
17308,-1711
17309,-1601
17310,-1303
17311,-3051
17312,-1935
17313,-4255
17314,-1643
17315,-1337
17316,-2029
17317,-3057
17318,-708
17319,-2043
17320,-3175
17321,-1989
17322,-3700
17323,-669
17324,-1964
17325,-3594
17326,-2607
17327,-4562
17328,-2599
17329,-3642
17330,-2623
17331,-1277
17332,-3012
17333,-1696
17334,-2900
17335,-2451
17336,-1885
17337,-2164
17338,-839
17339,-3272
17340,-3092
17341,-2230
17342,-1334
17343,196
17344,-3138
17345,-2020
17346,-2961
17347,-1240
17348,-53
17349,-1335
17350,-3004
17351,-2768
17352,-1756
17353,-2863
17354,-1646
17355,-1859
17356,-809
17357,-4097
17358,-1705
17359,-1241
17360,-2734
17361,-164
17362,-1612
17363,-1074
17364,-1561
17365,-4728
17366,-3204
17367,-1083
17368,-2000
17369,-2623
17370,-2800
17371,-2048
17372,-1548
17373,-2539
17374,-1747
17375,-3022
17376,-1761
17377,-3561
17378,-1746
17379,-1378
17380,-2718
17381,-2530
17382,-1290
17383,-2209
17384,-1602
17385,-4462
17386,-2067
17387,-1374
17388,-3292
17389,-1630
17390,-805
17391,-4415
17392,-211
17393,-1259
17394,-155
17395,-1381
17396,-4260
17397,-2290
17398,-3325
17399,-1707
17400,-3753
17401,-706
17402,-2959
17403,-3454
17404,-2216
17405,-2811
17406,-3203
17407,-1723
17408,-3298
17409,-2420
17410,-2065
17411,-1257
17412,-1242
17413,-1370
17414,-3091
17415,-2824
17416,-3396
17417,-1851
17418,-114
17419,-1353
17420,-3124
17421,-1758
17422,-2887
17423,-4039
17424,-3734
17425,-2175
17426,-3462
17427,-3148
17428,-1534
17429,-2397
17430,-2275
17431,-2837
17432,-2311
17433,-2104
17434,-1762
17435,-481
17436,-3916
17437,-1539
17438,-3514
17439,-1494
17440,-2499
17441,-1922
17442,-1174
17443,-1327
17444,-2809
17445,-3221
17446,-3497
17447,-2752
17448,-3322
17449,-2424
17450,-2271
17451,-3186
17452,-2083
17453,-4137
17454,-2289
17455,-2756
17456,-442
17457,-884
17458,-2813
17459,-3542
17460,-2193
17461,-2909
17462,-758
17463,-1837
17464,-1054
17465,558
17466,-1750
17467,-1967
17468,-2416
17469,-1904
17470,-2512
17471,-1985
17472,-1817
17473,-2430
17474,-2863
17475,-2086
17476,-2883
17477,-1315
17478,-82
17479,-1710
17480,-3084
17481,-2545
17482,-1793
17483,-2257
17484,-3019
17485,-1491
17486,-1881
17487,-1518
17488,-2316
17489,-1680
17490,-841
17491,-3642
17492,-1366
17493,-2830
17494,-2972
17495,-1608
17496,-1641
17497,-986
17498,-1761
17499,-3459
17500,-1986
17501,-2772
17502,-1710
17503,-599
17504,-3431
17505,-1936
17506,-3540
17507,-975
17508,-2624
17509,-5675
17510,-2523
17511,-1552
17512,-2280
17513,-2288
17514,-1046
17515,-1389
17516,-1243
17517,-3317
17518,-2597
17519,-561
17520,-3273
17521,-3645
17522,-2411
17523,-3996
17524,-3049
17525,-855
17526,-1659
17527,-1329
17528,-1209
17529,-4056
17530,-1760
17531,-3603
17532,-1462
17533,-2596
17534,-1054
17535,-137
17536,-3243
17537,-1712
17538,-1101
17539,-1883
17540,-879
17541,-1220
17542,-2594
17543,-1549
17544,-2608
17545,-2136
17546,-2477
17547,-2118
17548,-1264
17549,-890
17550,-1292
17551,-2830
17552,-1885
17553,-1426
17554,-3204
17555,-2520
17556,-2575
17557,-2159
17558,-3108
17559,-3215
17560,-3971
17561,-3556
17562,-2971
17563,-4994
17564,-4247
17565,-1061
17566,-2280
17567,-3140
17568,-1265
17569,-2140
17570,-4469
17571,-2924
17572,-3020
17573,-875
17574,-925
17575,-1835
17576,-634
17577,-1376
17578,-1147
17579,-2216
17580,-1532
17581,-1649
17582,-2583
17583,-2801
17584,-4066
17585,-3363
17586,-949
17587,-2320
17588,-874
17589,-2566
17590,-2377
17591,-968
17592,-2321
17593,-1569
17594,-1121
17595,-2544
17596,-4244
17597,-2738
17598,-858
17599,-2947
17600,-3528
17601,-1869
17602,-2778
17603,-1033
17604,-2754
17605,-3601
17606,-3573
17607,-1267
17608,-2146
17609,-1824
17610,30
17611,-3509
17612,-649
17613,-2360
17614,-420
17615,-1950
17616,-3339
17617,-1170
17618,-1663
17619,-2243
17620,-1311
17621,-3668
17622,-4723
17623,-4186
17624,-1314
17625,-2470
17626,-3184
17627,-1903
17628,-2993
17629,-3317
17630,-3822
17631,-887
17632,-680
17633,-2750
17634,-831
17635,-2611
17636,-1147
17637,-2257
17638,-1765
17639,-286
17640,-1799
17641,-3900
17642,-221
17643,-4250
17644,-2180
17645,-3841
17646,-3057
17647,-2940
17648,-3774
17649,-3103
17650,-1293
17651,-3553
17652,-2637
17653,-1874
17654,-3788
17655,-2171
17656,-3711
17657,-3730
17658,-1491
17659,-1580
17660,-2055
17661,-1944
17662,-2048
17663,-2006
17664,-1034
17665,-3538
17666,-2241
17667,-1921
17668,-1649
17669,-3852
17670,-1145
17671,-1637
17672,-2352
17673,-2316
17674,-2090
17675,-2003
17676,-1523
17677,-2799
17678,-2229
17679,-1898
17680,-3636
17681,-1626
17682,-4668
17683,-1884
17684,-3242
17685,-1168
17686,-1376
17687,-2864
17688,-1484
17689,-685
17690,-2051
17691,-1614
17692,-369
17693,-1976
17694,-2920
17695,-1577
17696,-2732
17697,-1856
17698,-2208
17699,-2679
17700,-225
17701,-1829
17702,-3503
17703,-1182
17704,-2563
17705,-576
17706,-1286
17707,-1375
17708,-1702
17709,-1180
17710,-1531
17711,-2992
17712,-2652
17713,-1627
17714,-2652
17715,-3612
17716,-2191
17717,-810
17718,-1027
17719,-1440
17720,-2816
17721,-1607
17722,-1255
17723,-2835
17724,-2551
17725,-526
17726,-3468
17727,-1111
17728,-1976
17729,-3808
17730,-1460
17731,-1428
17732,-231
17733,-1925
17734,-3982
17735,-3320
17736,-909
17737,-2789
17738,-1758
17739,-1578
17740,-1363
17741,-2449
17742,-2783
17743,-2486
17744,-2368
17745,-2036
17746,-1655
17747,-3401
17748,-1506
17749,-4024
17750,-2884
17751,-2821
17752,-2654
17753,-4473
17754,-594
17755,-3164
17756,-2240
17757,-1551
17758,-1961
17759,-3403
17760,-720
17761,-2267
17762,-2321
17763,-2610
17764,-3069
17765,-3683
17766,-3482
17767,-3197
17768,-2221
17769,-624
17770,-2846
17771,-1304
17772,-2191
17773,-1860
17774,-3367
17775,-1141
17776,-3209
17777,-656
17778,-3525
17779,-921
17780,-2909
17781,-853
17782,-3848
17783,-1742
17784,-1863
17785,-668
17786,-446
17787,-5054
17788,-2428
17789,-1881
17790,-4977
17791,-293
17792,-3041
17793,192
17794,-2095
17795,-2861
17796,-2113
17797,-2196
17798,-1876
17799,-4231
17800,-2570
17801,-1178
17802,-2755
17803,-3223
17804,-3611
17805,-3205
17806,-2745
17807,-566
17808,-2077
17809,-4479
17810,-1857
17811,-1506
17812,-2413
17813,-1097
17814,-1731
17815,-1184
17816,-60
17817,-3794
17818,-2329
17819,-1659
17820,-1388
17821,-2309
17822,-1778
17823,-2681
17824,-4347
17825,-435
17826,-2077
17827,-2950
17828,-2650
17829,-4012
17830,-2339
17831,-3441
17832,-2331
17833,-3501
17834,-2127
17835,-1851
17836,-3318
17837,-3052
17838,-3838
17839,-2308
17840,-1561
17841,-4526
17842,-3058
17843,-3156
17844,-4636
17845,-1669
17846,-2929
17847,-4486
17848,-2840
17849,-2228
17850,-4410
17851,-2019
17852,-2129
17853,-1055
17854,-1396
17855,-2250
17856,-1541
17857,-1669
17858,-579
17859,-3422
17860,-1525
17861,-1088
17862,-817
17863,-3383
17864,-1969
17865,-560
17866,-3419
17867,-2212
17868,-46
17869,-3481
17870,-2835
17871,-3264
17872,-2902
17873,-2372
17874,-2944
17875,-1574
17876,-1991
17877,-1548
17878,-3946
17879,-2106
17880,-2490
17881,-31
17882,-3337
17883,-2929
17884,-1575
17885,-474
17886,-381
17887,-2406
17888,-3226
17889,-2766
17890,-1879
17891,-2550
17892,-3225
17893,-2357
17894,-3021
17895,-2942
17896,-2102
17897,-2557
17898,-1429
17899,-563
17900,-3016
17901,-2253
17902,-1524
17903,-1675
17904,-1837
17905,-1719
17906,-1809
17907,-3009
17908,-1559
17909,-805
17910,-1490
17911,-4114
17912,104
17913,-822
17914,-2788
17915,-1267
17916,-1903
17917,-3109
17918,-1592
17919,-1662
17920,-1804
17921,-3976
17922,-983
17923,-4305
17924,-3521
17925,-2562
17926,-583
17927,-3443
17928,-2787
17929,-1201
17930,-2472
17931,-104
17932,-3593
17933,-2526
17934,-2162
17935,-1669
17936,-3144
17937,-1945
17938,-1234
17939,-514
17940,-3414
17941,-4125
17942,-1123
17943,-1767
17944,-2466
17945,-2527
17946,-3113
17947,-3938
17948,-2384
17949,-3587
17950,-4530
17951,-1783
17952,-2933
17953,-2679
17954,-4453
17955,-2554
17956,-1718
17957,-3139
17958,-2005
17959,-2221
17960,-3991
17961,-3398
17962,-1390
17963,-3367
17964,-1493
17965,-3297
17966,-2782
17967,-226
17968,-3681
17969,-2530
17970,-3888
17971,-2581
17972,-2378
17973,-1492
17974,-3010
17975,-1790
17976,-4226
17977,-4328
17978,-2181
17979,-2283
17980,-2479
17981,-966
17982,-1919
17983,-3149
17984,-2177
17985,-2998
17986,-2526
17987,-2385
17988,-2558
17989,-2356
17990,-505
17991,-1988
17992,-874
17993,-1854
17994,-1197
17995,-548
17996,-2315
17997,-2906
17998,-2894
17999,-1338
18000,-1215
18001,-4570
18002,-3101
18003,-1180
18004,-2237
18005,-3821
18006,-3940
18007,-2827
18008,-2002
18009,-1885
18010,-2820
18011,-1711
18012,-2603
18013,-2913
18014,-2129
18015,-347
18016,-1848
18017,-3021
18018,-3255
18019,-1616
18020,-2959
18021,-2052
18022,-2920
18023,-1241
18024,-1071
18025,-1133
18026,-118
18027,-1624
18028,-3587
18029,-4480
18030,-3732
18031,-708
18032,-1119
18033,-1716
18034,-4678
18035,-3201
18036,-2021
18037,-1860
18038,-2285
18039,-2407
18040,-2211
18041,-3334
18042,-2701
18043,-2179
18044,-3961
18045,-1600
18046,-2061
18047,-3932
18048,-1365
18049,-1824
18050,-2107
18051,-1868
18052,-2990
18053,-2878
18054,-2181
18055,-3441
18056,-4185
18057,-3270
18058,-3336
18059,-2626
18060,-2783
18061,-2481
18062,-2716
18063,-2304
18064,-2872
18065,-2479
18066,-3241
18067,-3500
18068,-3951
18069,-1876
18070,-287
18071,-2090
18072,-2331
18073,-1363
18074,-2279
18075,-765
18076,-4185
18077,-4393
18078,-2049
18079,-2301
18080,-4407
18081,-2243
18082,-3239
18083,-674
18084,-1723
18085,-3843
18086,-2437
18087,-2422
18088,-1955
18089,-359
18090,-2786
18091,-2302
18092,-2234
18093,-1963
18094,-1614
18095,-1504
18096,-1022
18097,-929
18098,-3220
18099,-929
18100,-2051
18101,-3894
18102,-1518
18103,-264
18104,-1749
18105,-1263
18106,-1697
18107,-1399
18108,-1192
18109,-4216
18110,-1600
18111,-1913
18112,-1352
18113,-3200
18114,-2263
18115,-2959
18116,-1903
18117,715
18118,-586
18119,-694
18120,-2972
18121,-3526
18122,-2143
18123,-2765
18124,-1026
18125,-2777
18126,-1498
18127,-2612
18128,-1979
18129,-2113
18130,-3960
18131,-2378
18132,-2470
18133,-2883
18134,-1635
18135,-2849
18136,-1512
18137,-1419
18138,-3117
18139,221
18140,-2917
18141,-2481
18142,-1452
18143,-2037
18144,-1164
18145,-2940
18146,-2141
18147,-3989
18148,-4347
18149,-1609
18150,-3420
18151,-2343
18152,-1838
18153,-3839
18154,-3217
18155,-1138
18156,-3608
18157,-2781
18158,-2402
18159,-1861
18160,-292
18161,-2691
18162,-663
18163,-529
18164,-2926
18165,-3858
18166,-2241
18167,-1879
18168,-2556
18169,-2754
18170,-3554
18171,21
18172,-2571
18173,-3380
18174,-890
18175,-2587
18176,-2870
18177,-3779
18178,-3720
18179,-3140
18180,-2229
18181,-3915
18182,-1122
18183,-2118
18184,-2061
18185,-1393
18186,-1380
18187,-1331
18188,-2873
18189,-1187
18190,-3375
18191,-3239
18192,-1769
18193,-875
18194,-2534
18195,-794
18196,-3193
18197,-1224
18198,-2065
18199,-4002
18200,-4327
18201,-2234
18202,-1829
18203,-1955
18204,-4286
18205,-2016
18206,-2292
18207,-2956
18208,-901
18209,-2084
18210,-796
18211,-338
18212,-1604
18213,-1367
18214,-2539
18215,-3547
18216,-1885
18217,-2625
18218,-1933
18219,-1434
18220,-2355
18221,-2361
18222,-3911
18223,-2063
18224,-1026
18225,-3309
18226,-2989
18227,-4162
18228,-2224
18229,-2749
18230,-2003
18231,-1089
18232,-1477
18233,-1362
18234,-1450
18235,-1885
18236,-2420
18237,-3240
18238,-2887
18239,-2179
18240,-3972
18241,-3681
18242,-1411
18243,-2324
18244,-1892
18245,-1458
18246,-2826
18247,-2178
18248,-1857
18249,-1371
18250,-2543
18251,-1911
18252,-3305
18253,-1983
18254,-1050
18255,-818
18256,-1064
18257,-3332
18258,-3105
18259,-1997
18260,-1879
18261,-1913
18262,-2500
18263,-2122
18264,-994
18265,-4176
18266,-2863
18267,-3369
18268,-1399
18269,-2178
18270,75
18271,-3240
18272,-4245
18273,-2519
18274,-1709
18275,-2934
18276,-1831
18277,-1822
18278,-2280
18279,-3867
18280,-1807
18281,-3423
18282,-2888
18283,-2228
18284,-2057
18285,-1529
18286,-851
18287,-313
18288,-2420
18289,-3845
18290,-2695
18291,-2035
18292,-4058
18293,-1311
18294,-926
18295,-2667
18296,-648
18297,-1288
18298,-1680
18299,-2572
18300,-3552
18301,-2495
18302,-3094
18303,-1373
18304,-4132
18305,-1786
18306,-3179
18307,-3589
18308,-1417
18309,-1858
18310,-2779
18311,-4589
18312,124
18313,-2568
18314,-4296
18315,-3086
18316,-2868
18317,-2462
18318,-2815
18319,-2770
18320,-1293
18321,-2019
18322,-1548
18323,-1469
18324,-1918
18325,-1285
18326,-1601
18327,-3366
18328,-2624
18329,-2996
18330,-3051
18331,-3159
18332,-2615
18333,-2837
18334,-1446
18335,-1507
18336,-1543
18337,-2197
18338,-3569
18339,-3158
18340,-2235
18341,-1664
18342,-2952
18343,-3691
18344,-1268
18345,-1525
18346,-3694
18347,-1059
18348,-547
18349,-4244
18350,-2397
18351,-2863
18352,-2083
18353,-1971
18354,-3070
18355,-1983
18356,-1050
18357,-3011
18358,-1949
18359,-2096
18360,-2559
18361,-3195
18362,-2927
18363,-3043
18364,-1358
18365,-2264
18366,-348
18367,-3053
18368,-1956
18369,-210
18370,-2474
18371,-2081
18372,-3818
18373,-417
18374,-565
18375,-1773
18376,-1910
18377,-908
18378,-3116
18379,-3022
18380,-3999
18381,-2226
18382,-1422
18383,-2622
18384,-3596
18385,-4238
18386,-1791
18387,-3367
18388,-1364
18389,-1918
18390,-1313
18391,-1942
18392,-2436
18393,-3351
18394,-2273
18395,-4126
18396,-3435
18397,-2612
18398,-3558
18399,-809
18400,-1599
18401,-1345
18402,-1939
18403,-3192
18404,-811
18405,-3320
18406,-4606
18407,-689
18408,-2424
18409,-2718
18410,-2769
18411,-3514
18412,-2609
18413,-1646
18414,-2839
18415,-451
18416,-4681
18417,-2272
18418,-2511
18419,-1424
18420,-1136
18421,-3318
18422,-1382
18423,-396
18424,-1351
18425,-1403
18426,-1799
18427,-1191
18428,-1202
18429,-642
18430,-2327
18431,-2568
18432,-2709
18433,-2243
18434,-3563
18435,-1813
18436,-2907
18437,-2415
18438,-1216
18439,-2906
18440,-1245
18441,-1176
18442,-1957
18443,-2768
18444,-2314
18445,-2569
18446,-2087
18447,-2283
18448,-2002
18449,-2723
18450,-1186
18451,-1904
18452,-2087
18453,-1229
18454,-2853
18455,-2592
18456,-2980
18457,-1551
18458,-2212
18459,-2750
18460,-2810
18461,-1052
18462,-4393
18463,-1721
18464,-1799
18465,-1686
18466,-3119
18467,-2992
18468,-3499
18469,-1558
18470,-2121
18471,-3591
18472,-1220
18473,-3125
18474,-1500
18475,-1575
18476,-3496
18477,-1999
18478,-2397
18479,-2890
18480,-366
18481,-985
18482,-3254
18483,-2266
18484,-2390
18485,-943
18486,-2632
18487,-3323
18488,-1560
18489,-1729
18490,-1564
18491,-426
18492,-2953
18493,-1781
18494,-4189
18495,-898
18496,-1652
18497,-3648
18498,-2502
18499,-4142
18500,-528
18501,-3132
18502,-2502
18503,-2920
18504,-353
18505,-1533
18506,-2760
18507,-1506
18508,-833
18509,-3383
18510,-456
18511,-2852
18512,-1831
18513,-642
18514,-4400
18515,-594
18516,-862
18517,-1668
18518,-3044
18519,-959
18520,-3751
18521,-2927
18522,-2348
18523,-1038
18524,-1907
18525,-2428
18526,-1846
18527,-3121
18528,-3402
18529,-1942
18530,-158
18531,-471
18532,-2149
18533,-2321
18534,-3136
18535,-1495
18536,-1345
18537,-3041
18538,-2388
18539,-3317
18540,-2212
18541,-2407
18542,-2104
18543,-3497
18544,-2755
18545,-1363
18546,-1811
18547,-3174
18548,-1661
18549,-3470
18550,-1745
18551,-2083
18552,-3996
18553,-1610
18554,-1435
18555,-2859
18556,-4090
18557,-1042
18558,-2817
18559,-3083
18560,-2426
18561,-2219
18562,-3472
18563,-3826
18564,-1708
18565,-2554
18566,-2331
18567,-4596
18568,-4231
18569,-3055
18570,-3054
18571,-2030
18572,-785
18573,-5241
18574,-2142
18575,-3888
18576,-3325
18577,-1248
18578,-1571
18579,-2762
18580,-1745
18581,-1449
18582,-3938
18583,-2048
18584,-889
18585,-2490
18586,-788
18587,-1733
18588,-1103
18589,-2833
18590,-3136
18591,-2343
18592,-597
18593,-1819
18594,-4199
18595,-1802
18596,-2347
18597,-2611
18598,-2106
18599,-3046
18600,-1218
18601,-2228
18602,-2074
18603,-3511
18604,-1661
18605,-1089
18606,-3144
18607,-2186
18608,-1593
18609,-974
18610,-4082
18611,-2195
18612,-880
18613,-4977
18614,-1102
18615,-1519
18616,-1110
18617,-1639
18618,-3214
18619,-3405
18620,-1975
18621,-2941
18622,-1633
18623,-2989
18624,-2062
18625,-1135
18626,-1933
18627,-1411
18628,-2684
18629,-3140
18630,-1163
18631,-717
18632,-3511
18633,-1017
18634,-2535
18635,-3806
18636,-2419
18637,-2371
18638,-3087
18639,-3304
18640,-1245
18641,-2136
18642,-2998
18643,-1735
18644,-3068
18645,-292
18646,-3977
18647,-2445
18648,-3369
18649,-1669
18650,-1793
18651,-2829
18652,-158
18653,-1763
18654,-3089
18655,-3971
18656,-2046
18657,-2532
18658,-2593
18659,-1961
18660,-300
18661,-2539
18662,-1873
18663,-2325
18664,-583
18665,-1458
18666,-2142
18667,-4010
18668,-1280
18669,-1037
18670,-1465
18671,-1539
18672,-148
18673,-724
18674,-2427
18675,-2983
18676,-2675
18677,-1822
18678,-1803
18679,-3098
18680,-2315
18681,-2255
18682,-1687
18683,-2913
18684,-3790
18685,-2783
18686,-4827
18687,-3423
18688,97
18689,-1771
18690,-1267
18691,-2495
18692,-1512
18693,-3425
18694,-762
18695,-1881
18696,-2235
18697,-1116
18698,-1879
18699,-1011
18700,-2288
18701,-2439
18702,-2789
18703,-3324
18704,-1737
18705,-1988
18706,-574
18707,-3729
18708,-1931
18709,-3884
18710,-2238
18711,-5662
18712,-2648
18713,-2000
18714,-3663
18715,-1512
18716,-2188
18717,-3588
18718,-2174
18719,-1756
18720,-2222
18721,-1807
18722,-1713
18723,-2188
18724,-3546
18725,-3122
18726,-2606
18727,335
18728,-60
18729,-3519
18730,-2250
18731,-962
18732,-2970
18733,-2789
18734,-2332
18735,-233
18736,-2881
18737,-1487
18738,-2766
18739,-3427
18740,-1219
18741,-1149
18742,-1089
18743,-2263
18744,-2918
18745,-2859
18746,-1747
18747,-1367
18748,-2759
18749,-4167
18750,-4701
18751,-1697
18752,-992
18753,-1374
18754,-1261
18755,-1648
18756,-529
18757,-3822
18758,-2054
18759,-2827
18760,-1582
18761,-2073
18762,-505
18763,-3691
18764,-2214
18765,-2121
18766,-2204
18767,-322
18768,-2016
18769,-3641
18770,-1137
18771,-3605
18772,-2340
18773,-2927
18774,-2572
18775,-968
18776,-2976
18777,-2398
18778,-1410
18779,-4302
18780,-1668
18781,-2788
18782,-2477
18783,-394
18784,-1735
18785,-1796
18786,-2485
18787,-2811
18788,-2859
18789,-3212
18790,-3049
18791,-4352
18792,-2847
18793,-2667
18794,-1398
18795,-1082
18796,-514
18797,-2516
18798,-2340
18799,-437
18800,-4025
18801,-1858
18802,-2789
18803,-2379
18804,-956
18805,-3336
18806,-4202
18807,240
18808,-389
18809,-995
18810,-3396
18811,-435
18812,-2273
18813,-1622
18814,-1240
18815,-2519
18816,-2505
18817,-1429
18818,-959
18819,-2618
18820,-1458
18821,-761
18822,-1981
18823,-1833
18824,-2624
18825,-2509
18826,-2387
18827,-2826
18828,-4290
18829,-1155
18830,-2475
18831,-4134
18832,-1223
18833,-1793
18834,-1834
18835,-3612
18836,-3412
18837,-1915
18838,-2048
18839,-2673
18840,-2847
18841,-354
18842,-1188
18843,-3429
18844,-2474
18845,-4169
18846,-1323
18847,-4138
18848,-876
18849,-310
18850,-624
18851,-2224
18852,-1672
18853,-2930
18854,-915
18855,-2158
18856,-1585
18857,-2121
18858,-83
18859,-2197
18860,-1824
18861,-1563
18862,-2155
18863,-1494
18864,-3042
18865,-2078
18866,-1657
18867,-3166
18868,-3731
18869,-1167
18870,-2336
18871,-2247
18872,-2639
18873,-3636
18874,-1616
18875,-4435
18876,-2356
18877,-666
18878,-4732
18879,-2512
18880,-2548
18881,-1154
18882,-4220
18883,-1903
18884,-1249
18885,-1560
18886,-2352
18887,-1036
18888,-3191
18889,-1810
18890,-3456
18891,-3479
18892,-603
18893,-3316
18894,-3417
18895,-1071
18896,-1765
18897,-3804
18898,-3103
18899,-1090
18900,-1640
18901,-5116
18902,-1428
18903,-4096
18904,-774
18905,-4332
18906,-1571
18907,-2321
18908,-1046
18909,-3398
18910,-3645
18911,-4150
18912,-2243
18913,-3085
18914,-1140
18915,-1922
18916,-2512
18917,-3246
18918,-1330
18919,-2865
18920,-2273
18921,-2782
18922,-874
18923,-991
18924,-3032
18925,-2957
18926,-2699
18927,-3924
18928,-1719
18929,-2901
18930,-1370
18931,-2297
18932,-2658
18933,-1133
18934,-3256
18935,-2183
18936,-1133
18937,-4462
18938,-1359
18939,-854
18940,-2231
18941,-1913
18942,-3409
18943,-6042
18944,-196
18945,-797
18946,-1145
18947,-2631
18948,-2589
18949,-2516
18950,-356
18951,-2291
18952,-3444
18953,-1349
18954,-4005
18955,-146
18956,-1910
18957,-2339
18958,-1883
18959,-3374
18960,-2530
18961,-1105
18962,-2878
18963,-2656
18964,-3904
18965,-1492
18966,-2791
18967,-2493
18968,-500
18969,-2496
18970,-2019
18971,-2841
18972,-2368
18973,-2183
18974,-3167
18975,-3117
18976,-962
18977,-2531
18978,-1470
18979,-2958
18980,-1481
18981,-1578
18982,-2073
18983,-1557
18984,-2366
18985,-734
18986,-2497
18987,-1671
18988,-2666
18989,-997
18990,-1699
18991,-1923
18992,-3504
18993,-2422
18994,-2924
18995,-2376
18996,-3877
18997,-2328
18998,-713
18999,-2654
19000,-636
19001,-1307
19002,-1997
19003,-4030
19004,-3571
19005,-1732
19006,-1756
19007,-2240
19008,-2020
19009,-4070
19010,-495
19011,-3783
19012,-2838
19013,-4023
19014,428
19015,-2031
19016,-2552
19017,-2400
19018,-104
19019,-3844
19020,-3003
19021,-1406
19022,-1924
19023,-2268
19024,-392
19025,-2880
19026,-2468
19027,-2325
19028,-3886
19029,-1304
19030,-2970
19031,-693
19032,-2669
19033,-2785
19034,-1484
19035,-3857
19036,-2026
19037,-2221
19038,-5173
19039,-2200
19040,-1132
19041,-3226
19042,-2627
19043,-1743
19044,-2253
19045,-1141
19046,-1308
19047,-1966
19048,-3640
19049,-2301
19050,-3873
19051,-525
19052,-1705
19053,-1027
19054,-2284
19055,-2319
19056,-3660
19057,-1842
19058,-1432
19059,-2316
19060,-3067
19061,-1083
19062,-3036
19063,-1112
19064,-1969
19065,-3039
19066,-2065
19067,-1107
19068,-3011
19069,-1485
19070,-3052
19071,-4082
19072,-2546
19073,-2204
19074,-1783
19075,-760
19076,-1192
19077,-3345
19078,-2322
19079,-1256
19080,-4346
19081,-2257
19082,-2548
19083,-4717
19084,-2723
19085,-2511
19086,-3235
19087,-2914
19088,-782
19089,-1963
19090,-1787
19091,-1668
19092,-2858
19093,-2898
19094,-2283
19095,-1841
19096,-3614
19097,-1141
19098,-1655
19099,-816
19100,-2026
19101,-1274
19102,-692
19103,-3866
19104,-2270
19105,-2571
19106,-4332
19107,-1988
19108,-2067
19109,-2675
19110,-2512
19111,-2319
19112,-3165
19113,-1541
19114,-4096
19115,-2540
19116,-127
19117,-2969
19118,-3091
19119,-1045
19120,-1886
19121,-2882
19122,-1010
19123,-2758
19124,-3406
19125,-2924
19126,-3272
19127,-3252
19128,-1302
19129,-2559
19130,-1647
19131,-2722
19132,-898
19133,-1514
19134,-967
19135,-825
19136,-2372
19137,-1849
19138,-2156
19139,-1337
19140,-713
19141,-2535
19142,-2771
19143,-1611
19144,-1129
19145,-922
19146,-2727
19147,-1212
19148,-603
19149,-1092
19150,-1832
19151,-1590
19152,-3061
19153,-2020
19154,-2393
19155,-2278
19156,-3153
19157,-1280
19158,-1565
19159,205
19160,185
19161,-1277
19162,-4383
19163,-3299
19164,-1636
19165,-1761
19166,-2957
19167,-705
19168,-1786
19169,-1865
19170,-2984
19171,-2756
19172,-2246
19173,-1355
19174,-2602
19175,-91
19176,-3333
19177,-238
19178,-2616
19179,-2703
19180,-3894
19181,-2980
19182,-2842
19183,-1699
19184,-2253
19185,-1207
19186,-3676
19187,-2098
19188,-3603
19189,-993
19190,-3071
19191,-2388
19192,-1603
19193,-1898
19194,-2165
19195,-1275
19196,-1453
19197,-1639
19198,-1251
19199,-2069
19200,-1784
19201,-2130
19202,-3450
19203,-2199
19204,-3471
19205,-3012
19206,-2412
19207,-1759
19208,-2595
19209,-4083
19210,-3468
19211,-1702
19212,-3289
19213,-1775
19214,-1879
19215,-1158
19216,-3153
19217,-1634
19218,-1837
19219,-633
19220,-1890
19221,-1245
19222,-3498
19223,-3627
19224,-3813
19225,-1546
19226,-2878
19227,-1649
19228,-1084
19229,-2562
19230,-4191
19231,-3528
19232,-2267
19233,-1490
19234,-2261
19235,-2341
19236,-2143
19237,-1773
19238,-2320
19239,-1911
19240,-1852
19241,-1728
19242,-1598
19243,-2735
19244,-3682
19245,-4590
19246,-3692
19247,-2825
19248,-1254
19249,-3767
19250,-2892
19251,-1988
19252,-4295
19253,-1271
19254,-1863
19255,-1380
19256,-2128
19257,178
19258,-2202
19259,-816
19260,-2368
19261,-2230
19262,-1307
19263,-1472
19264,-2177
19265,-1684
19266,-4301
19267,-2467
19268,-502
19269,-3671
19270,-1725
19271,-1582
19272,-3205
19273,-2066
19274,-304
19275,-2642
19276,-378
19277,-2031
19278,-1260
19279,-2428
19280,-2683
19281,-3556
19282,-1485
19283,-987
19284,-2036
19285,-634
19286,-543
19287,-1448
19288,-2095
19289,-905
19290,-1545
19291,-2385
19292,-2103
19293,-1331
19294,-2461
19295,-1479
19296,-1442
19297,-3697
19298,-1584
19299,-3582
19300,-2205
19301,-2256
19302,-1398
19303,-3273
19304,-1465
19305,-656
19306,-2530
19307,-2253
19308,-4126
19309,-2079
19310,-3438
19311,-627
19312,-1464
19313,-2140
19314,-4097
19315,-2285
19316,-2821
19317,-3588
19318,-1834
19319,-3759
19320,-3318
19321,-1946
19322,-1487
19323,-1869
19324,-2133
19325,-1061
19326,-2422
19327,-917
19328,-4130
19329,-2585
19330,-5158
19331,-3011
19332,-1255
19333,-1860
19334,-2525
19335,-2756
19336,-1383
19337,-1633
19338,-3573
19339,-3467
19340,-2995
19341,-3056
19342,-1482
19343,-2677
19344,-2065
19345,-2548
19346,-2135
19347,-3659
19348,-1307
19349,-2196
19350,-3556
19351,-3069
19352,-2824
19353,-2291
19354,-933
19355,-3416
19356,-795
19357,-3711
19358,-2862
19359,-1912
19360,-3559
19361,-3756
19362,-3002
19363,-642
19364,-3076
19365,-2164
19366,-2501
19367,-3170
19368,-1437
19369,-1561
19370,-3283
19371,-3926
19372,-1835
19373,-1667
19374,-1982
19375,-1939
19376,-3867
19377,-2079
19378,-2703
19379,-1165
19380,-890
19381,-2914
19382,-1433
19383,-2742
19384,-1557
19385,-1301
19386,-1552
19387,-2426
19388,-2948
19389,-1143
19390,-3480
19391,-910
19392,-867
19393,-2055
19394,-3551
19395,-1046
19396,-2504
19397,-1657
19398,-3597
19399,-2524
19400,-3679
19401,-2191
19402,-2752
19403,-2603
19404,-2684
19405,-332
19406,-2941
19407,-2926
19408,-3476
19409,-3312
19410,-1448
19411,-3093
19412,-3540
19413,-2181
19414,-1629
19415,-3404
19416,-1288
19417,-1134
19418,-4117
19419,-4270
19420,-2564
19421,-2929
19422,-1312
19423,-2393
19424,-2466
19425,-2903
19426,-2009
19427,-3080
19428,-2779
19429,-3946
19430,-2120
19431,-1323
19432,-3828
19433,-987
19434,-1290
19435,-2298
19436,-4287
19437,-2327
19438,-2112
19439,-1161
19440,-2955
19441,-2930
19442,-1371
19443,-2561
19444,-1834
19445,-2771
19446,-2582
19447,-2581
19448,-1526
19449,-4194
19450,-1146
19451,-1266
19452,-1289
19453,-3325
19454,-1508
19455,-3960
19456,-2300
19457,-2491
19458,-1258
19459,-23
19460,-1149
19461,-2571
19462,-4505
19463,-1490
19464,-1911
19465,-1417
19466,-2053
19467,-1696
19468,-2609
19469,-1111
19470,-1736
19471,-1859
19472,-4503
19473,-3094
19474,-3295
19475,-3183
19476,-1881
19477,-4623
19478,-1550
19479,-2087
19480,-2320
19481,-1949
19482,-2779
19483,-2530
19484,-1781
19485,-3330
19486,-2353
19487,-2909
19488,-2579
19489,-1514
19490,-1592
19491,-3682
19492,-734
19493,-2628
19494,-1544
19495,-3343
19496,-3668
19497,-745
19498,-3831
19499,-2194
19500,456
19501,-879
19502,-2308
19503,-1480
19504,-3199
19505,-2193
19506,-577
19507,-3177
19508,-2157
19509,-528
19510,-2366
19511,-4589
19512,-1272
19513,-1386
19514,-4098
19515,-1452
19516,-3622
19517,112
19518,-2766
19519,-4091
19520,-2728
19521,-2591
19522,-2938
19523,-419
19524,-3472
19525,-1370
19526,-3008
19527,-1992
19528,-3298
19529,-2522
19530,-1987
19531,-2369
19532,-2649
19533,-1056
19534,-2141
19535,-1861
19536,-2528
19537,-3625
19538,-2211
19539,-4853
19540,-2239
19541,-2977
19542,-860
19543,-2388
19544,-2773
19545,-1261
19546,-1166
19547,-492
19548,-2283
19549,-1879
19550,-3023
19551,-2026
19552,-1443
19553,-1702
19554,-1629
19555,-1402
19556,-2040
19557,-2874
19558,-1007
19559,-2679
19560,-1392
19561,-1726
19562,-1255
19563,-3200
19564,-2848
19565,-369
19566,-3109
19567,-3304
19568,-1148
19569,-3073
19570,-2681
19571,-3487
19572,-2892
19573,-3872
19574,-1995
19575,-891
19576,-2823
19577,-2554
19578,-3093
19579,-1911
19580,-4819
19581,-2102
19582,-2867
19583,-1485
19584,-2217
19585,-1515
19586,-1935
19587,-1568
19588,-2508
19589,-2621
19590,-2124
19591,-2423
19592,-2033
19593,-2017
19594,-2347
19595,-2646
19596,-3110
19597,-861
19598,-2193
19599,-1483
19600,-1166
19601,-2955
19602,-733
19603,-2471
19604,-1721
19605,-2943
19606,-2757
19607,-3441
19608,-1682
19609,-2054
19610,-2973
19611,-3024
19612,-3220
19613,-3528
19614,-1674
19615,-2851
19616,-3557
19617,-2597
19618,-1401
19619,-2811
19620,-1413
19621,-2006
19622,-3251
19623,-1802
19624,-1712
19625,-2525
19626,-4796
19627,-5233
19628,-768
19629,-2724
19630,-4195
19631,-1215
19632,-2711
19633,-2920
19634,-592
19635,-2675
19636,-3452
19637,-2683
19638,-1992
19639,-2834
19640,-3085
19641,-4928
19642,-2661
19643,-1372
19644,-1700
19645,-1243
19646,-1211
19647,-2762
19648,-2241
19649,-2768
19650,-2581
19651,-2493
19652,-2728
19653,-2497
19654,-844
19655,-1046
19656,-3504
19657,-2962
19658,-1955
19659,-1429
19660,-1237
19661,-652
19662,-2992
19663,-2773
19664,-3996
19665,-1901
19666,-1684
19667,-4781
19668,-1440
19669,-2059
19670,-2179
19671,-1709
19672,-1759
19673,-1059
19674,-2893
19675,-2231
19676,-2964
19677,-2759
19678,-2403
19679,-3284
19680,-1310
19681,-2807
19682,-1555
19683,-2797
19684,-1851
19685,-2360
19686,-2529
19687,-1453
19688,-1643
19689,-2544
19690,-2102
19691,-1773
19692,-3125
19693,-2941
19694,-897
19695,-1342
19696,-4125
19697,-1470
19698,-4687
19699,-2807
19700,-1836
19701,-2279
19702,-2149
19703,-1965
19704,-4641
19705,-2306
19706,-3148
19707,-1252
19708,-1892
19709,-2567
19710,-2853
19711,-3225
19712,-3065
19713,-1031
19714,-652
19715,-1124
19716,-3228
19717,-1990
19718,-2132
19719,-3683
19720,-906
19721,-2310
19722,-4261
19723,-720
19724,-2987
19725,-271
19726,-2571
19727,-2997
19728,-2672
19729,-2698
19730,-3352
19731,-4467
19732,-1696
19733,-1349
19734,-1766
19735,-2998
19736,-969
19737,-1341
19738,-3604
19739,-3378
19740,-1141
19741,-1459
19742,-1946
19743,-1154
19744,-1125
19745,-2175
19746,-2049
19747,-2259
19748,-1651
19749,-2512
19750,-1786
19751,-2619
19752,-3290
19753,-3534
19754,-756
19755,-789
19756,-964
19757,-2795
19758,-2550
19759,-3261
19760,-2297
19761,-3318
19762,-2942
19763,-731
19764,-2257
19765,-168
19766,-1508
19767,-2766
19768,-2963
19769,-950
19770,-3111
19771,-1981
19772,-3158
19773,-3519
19774,-2100
19775,-3046
19776,-2600
19777,-1527
19778,-1459
19779,-2646
19780,-2908
19781,-2735
19782,-2228
19783,-2503
19784,-183
19785,-3489
19786,-2849
19787,-3482
19788,-1312
19789,-1608
19790,-835
19791,-3626
19792,-2738
19793,-4416
19794,-2533
19795,-3123
19796,-1213
19797,-985
19798,-2025
19799,-3351
19800,-2650
19801,-2570
19802,-3695
19803,-3828
19804,-2465
19805,-2596
19806,-3299
19807,-2172
19808,-2586
19809,-852
19810,-2716
19811,-2403
19812,-2400
19813,-3245
19814,-3098
19815,-2092
19816,-1096
19817,-5411
19818,-915
19819,-1326
19820,-1795
19821,-1699
19822,-1543
19823,-1243
19824,-3711
19825,-1560
19826,-1651
19827,-993
19828,-3949
19829,-2198
19830,-3510
19831,-2839
19832,-1686
19833,-2906
19834,-400
19835,-1304
19836,-2916
19837,-1681
19838,-3284
19839,-3171
19840,-697
19841,-3101
19842,-1876
19843,-1469
19844,-1491
19845,-3943
19846,-2779
19847,-1587
19848,-2201
19849,-2602
19850,-3223
19851,-3034
19852,-2360
19853,-3261
19854,-2498
19855,-2313
19856,-1472
19857,-1575
19858,-1694
19859,-579
19860,-1741
19861,-1437
19862,-1459
19863,-1447
19864,-470
19865,254
19866,-1617
19867,-1528
19868,-1905
19869,-1843
19870,-2442
19871,-3528
19872,-1688
19873,-1477
19874,-3465
19875,-3394
19876,-2146
19877,-1499
19878,-3464
19879,-3401
19880,-1657
19881,-2870
19882,-2206
19883,-1162
19884,-1512
19885,-1431
19886,-764
19887,-2959
19888,-3093
19889,-1546
19890,-2532
19891,-3649
19892,-4711
19893,-2285
19894,-3526
19895,-2862
19896,-4714
19897,-308
19898,-1277
19899,-2617
19900,-2894
19901,-1962
19902,-2882
19903,-1794
19904,-2698
19905,-2730
19906,-3564
19907,-1382
19908,-3244
19909,-3141
19910,-2490
19911,-3930
19912,-1018
19913,-3076
19914,-2236
19915,-779
19916,-3794
19917,-3087
19918,-2058
19919,-2661
19920,-2636
19921,-2754
19922,-1066
19923,-2716
19924,-2929
19925,-4006
19926,-1429
19927,-4692
19928,-1357
19929,-1318
19930,-1790
19931,-1481
19932,-3563
19933,-3754
19934,-3496
19935,-1299
19936,-1883
19937,-4057
19938,-2084
19939,-2822
19940,-1286
19941,-2635
19942,-3705
19943,-2718
19944,-2124
19945,-2668
19946,-2387
19947,-361
19948,-2146
19949,-4906
19950,-1357
19951,-1579
19952,-1808
19953,-2538
19954,-310
19955,-1901
19956,-2608
19957,-3380
19958,-733
19959,-2138
19960,-3337
19961,-2573
19962,-547
19963,-5826
19964,-2023
19965,-2237
19966,-418
19967,-1348
19968,-2619
19969,-1724
19970,-3443
19971,-1819
19972,-855
19973,-3214
19974,-1632
19975,-1780
19976,-2742
19977,-2023
19978,-625
19979,-3481
19980,-1415
19981,-2117
19982,-4286
19983,-2315
19984,-1859
19985,-3326
19986,-1719
19987,-1563
19988,-1844
19989,-2981
19990,-1371
19991,-1115
19992,-1858
19993,-1844
19994,-3267
19995,-1866
19996,-2977
19997,-1898
19998,-2435
19999,-3030
