sample,best_lucro
0,-79
1,-79
2,-79
3,-79
4,-79
5,-79
6,-79
7,-79
8,-79
9,-79
10,-79
11,-79
12,-79
13,-79
14,-79
15,-79
16,-79
17,-79
18,-79
19,-79
20,-79
21,-79
22,-79
23,-79
24,-79
25,-79
26,-79
27,-79
28,-79
29,-79
30,-79
31,-79
32,-79
33,-79
34,-79
35,-79
36,-79
37,-79
38,-79
39,-79
40,-79
41,-79
42,-79
43,-79
44,-79
45,-79
46,-79
47,-79
48,-79
49,164
50,164
51,164
52,164
53,164
54,164
55,164
56,164
57,164
58,164
59,164
60,164
61,164
62,164
63,164
64,164
65,164
66,164
67,164
68,164
69,164
70,164
71,164
72,164
73,164
74,164
75,164
76,164
77,164
78,164
79,164
80,164
81,164
82,164
83,164
84,164
85,164
86,164
87,164
88,164
89,164
90,164
91,164
92,164
93,164
94,164
95,164
96,164
97,164
98,164
99,164
100,164
101,164
102,164
103,164
104,164
105,164
106,164
107,164
108,164
109,164
110,164
111,164
112,164
113,164
114,164
115,164
116,164
117,164
118,164
119,164
120,164
121,164
122,164
123,164
124,164
125,164
126,164
127,164
128,164
129,164
130,164
131,164
132,164
133,164
134,164
135,164
136,164
137,164
138,164
139,164
140,164
141,164
142,164
143,164
144,164
145,164
146,164
147,164
148,164
149,164
150,164
151,164
152,164
153,164
154,164
155,164
156,164
157,164
158,164
159,164
160,164
161,164
162,164
163,164
164,164
165,164
166,164
167,164
168,164
169,164
170,164
171,164
172,164
173,164
174,164
175,164
176,164
177,164
178,164
179,164
180,164
181,164
182,164
183,164
184,164
185,164
186,164
187,164
188,164
189,164
190,164
191,164
192,164
193,164
194,164
195,164
196,164
197,164
198,164
199,164
200,164
201,164
202,164
203,164
204,164
205,164
206,164
207,164
208,164
209,164
210,164
211,164
212,164
213,164
214,164
215,164
216,164
217,164
218,164
219,164
220,164
221,164
222,164
223,164
224,164
225,164
226,164
227,164
228,164
229,164
230,164
231,164
232,164
233,164
234,164
235,164
236,164
237,164
238,164
239,164
240,164
241,164
242,164
243,164
244,164
245,164
246,164
247,164
248,164
249,164
250,164
251,164
252,164
253,164
254,164
255,164
256,164
257,164
258,164
259,164
260,164
261,164
262,164
263,164
264,164
265,164
266,164
267,164
268,164
269,164
270,164
271,164
272,164
273,164
274,164
275,164
276,164
277,164
278,164
279,164
280,164
281,164
282,164
283,164
284,164
285,164
286,164
287,164
288,164
289,164
290,164
291,164
292,164
293,164
294,164
295,164
296,164
297,164
298,164
299,164
300,164
301,164
302,164
303,164
304,164
305,164
306,164
307,164
308,164
309,164
310,164
311,164
312,164
313,164
314,164
315,164
316,164
317,164
318,164
319,164
320,164
321,164
322,164
323,164
324,164
325,164
326,164
327,164
328,164
329,164
330,164
331,164
332,164
333,164
334,164
335,164
336,224
337,224
338,224
339,224
340,224
341,224
342,224
343,224
344,224
345,224
346,224
347,224
348,224
349,224
350,224
351,224
352,224
353,224
354,224
355,224
356,224
357,224
358,224
359,224
360,224
361,224
362,224
363,224
364,224
365,224
366,224
367,224
368,224
369,224
370,224
371,224
372,224
373,224
374,224
375,224
376,224
377,224
378,224
379,224
380,224
381,224
382,224
383,224
384,224
385,224
386,224
387,224
388,224
389,224
390,224
391,224
392,224
393,224
394,224
395,224
396,224
397,224
398,224
399,224
400,224
401,224
402,224
403,224
404,224
405,224
406,224
407,224
408,224
409,224
410,224
411,224
412,224
413,224
414,224
415,224
416,224
417,224
418,224
419,224
420,224
421,224
422,224
423,224
424,224
425,224
426,224
427,224
428,224
429,224
430,224
431,224
432,224
433,224
434,224
435,224
436,224
437,224
438,224
439,224
440,224
441,224
442,224
443,286
444,286
445,286
446,286
447,286
448,286
449,286
450,286
451,286
452,286
453,286
454,286
455,286
456,286
457,286
458,286
459,286
460,286
461,286
462,286
463,286
464,286
465,286
466,286
467,286
468,286
469,286
470,286
471,286
472,286
473,286
474,286
475,286
476,286
477,286
478,286
479,286
480,286
481,286
482,286
483,286
484,286
485,286
486,286
487,286
488,286
489,286
490,286
491,286
492,286
493,286
494,286
495,286
496,286
497,286
498,286
499,286
500,286
501,286
502,286
503,286
504,286
505,286
506,286
507,286
508,286
509,286
510,286
511,286
512,286
513,286
514,286
515,286
516,286
517,286
518,286
519,286
520,286
521,286
522,286
523,286
524,286
525,286
526,286
527,286
528,286
529,286
530,286
531,286
532,286
533,286
534,286
535,286
536,286
537,286
538,286
539,286
540,286
541,286
542,286
543,286
544,286
545,286
546,286
547,286
548,286
549,286
550,286
551,286
552,286
553,286
554,286
555,286
556,286
557,286
558,286
559,286
560,286
561,286
562,286
563,286
564,286
565,286
566,286
567,286
568,286
569,286
570,286
571,286
572,286
573,286
574,286
575,286
576,286
577,286
578,286
579,286
580,286
581,387
582,387
583,387
584,387
585,387
586,387
587,387
588,387
589,387
590,387
591,387
592,387
593,387
594,387
595,387
596,387
597,387
598,387
599,387
600,387
601,387
602,387
603,387
604,387
605,387
606,387
607,387
608,387
609,387
610,387
611,387
612,387
613,387
614,387
615,387
616,387
617,387
618,387
619,387
620,387
621,387
622,387
623,387
624,387
625,387
626,387
627,387
628,387
629,387
630,387
631,387
632,387
633,387
634,387
635,387
636,387
637,387
638,387
639,387
640,387
641,387
642,387
643,387
644,387
645,387
646,387
647,387
648,387
649,387
650,387
651,387
652,387
653,387
654,387
655,387
656,387
657,387
658,387
659,387
660,387
661,387
662,387
663,387
664,387
665,387
666,387
667,387
668,387
669,387
670,387
671,387
672,387
673,387
674,387
675,387
676,387
677,387
678,387
679,387
680,387
681,387
682,387
683,387
684,387
685,387
686,387
687,387
688,387
689,387
690,387
691,387
692,387
693,387
694,387
695,387
696,387
697,387
698,387
699,387
700,387
701,387
702,387
703,387
704,387
705,387
706,387
707,387
708,387
709,387
710,387
711,387
712,387
713,387
714,387
715,387
716,387
717,387
718,387
719,387
720,387
721,387
722,387
723,387
724,387
725,387
726,387
727,387
728,387
729,387
730,387
731,387
732,387
733,387
734,387
735,387
736,387
737,387
738,387
739,387
740,387
741,387
742,387
743,387
744,387
745,387
746,387
747,387
748,387
749,387
750,387
751,387
752,387
753,387
754,387
755,387
756,387
757,387
758,387
759,387
760,387
761,387
762,387
763,387
764,387
765,387
766,387
767,387
768,387
769,387
770,387
771,387
772,387
773,387
774,387
775,387
776,387
777,387
778,387
779,387
780,387
781,387
782,387
783,387
784,387
785,387
786,387
787,387
788,387
789,387
790,387
791,387
792,387
793,387
794,387
795,387
796,387
797,387
798,387
799,387
800,387
801,387
802,387
803,387
804,387
805,387
806,387
807,387
808,387
809,387
810,387
811,387
812,387
813,387
814,387
815,387
816,387
817,387
818,387
819,387
820,387
821,387
822,387
823,387
824,387
825,387
826,387
827,387
828,387
829,387
830,387
831,387
832,387
833,387
834,387
835,387
836,387
837,387
838,387
839,387
840,387
841,387
842,387
843,387
844,387
845,387
846,387
847,387
848,387
849,387
850,387
851,387
852,387
853,387
854,387
855,387
856,387
857,387
858,387
859,387
860,387
861,387
862,387
863,387
864,387
865,387
866,387
867,387
868,387
869,387
870,387
871,387
872,387
873,387
874,387
875,387
876,387
877,387
878,387
879,387
880,387
881,387
882,387
883,387
884,387
885,387
886,387
887,387
888,387
889,387
890,387
891,387
892,387
893,387
894,387
895,387
896,387
897,387
898,387
899,387
900,387
901,387
902,387
903,387
904,387
905,387
906,387
907,387
908,387
909,387
910,387
911,387
912,387
913,387
914,387
915,387
916,387
917,387
918,387
919,387
920,387
921,387
922,387
923,387
924,387
925,387
926,387
927,387
928,387
929,387
930,387
931,387
932,387
933,387
934,387
935,387
936,387
937,387
938,387
939,387
940,387
941,387
942,387
943,387
944,387
945,387
946,387
947,387
948,387
949,387
950,387
951,387
952,387
953,387
954,387
955,387
956,387
957,387
958,387
959,387
960,387
961,387
962,387
963,387
964,387
965,387
966,387
967,387
968,387
969,387
970,387
971,387
972,387
973,387
974,387
975,387
976,387
977,387
978,387
979,387
980,387
981,387
982,387
983,387
984,387
985,387
986,387
987,387
988,387
989,387
990,387
991,387
992,387
993,387
994,387
995,387
996,387
997,387
998,387
999,387
1000,387
1001,387
1002,387
1003,387
1004,387
1005,387
1006,387
1007,387
1008,387
1009,387
1010,387
1011,387
1012,387
1013,387
1014,387
1015,387
1016,387
1017,387
1018,387
1019,387
1020,387
1021,387
1022,387
1023,387
1024,387
1025,387
1026,387
1027,387
1028,387
1029,387
1030,387
1031,387
1032,387
1033,387
1034,387
1035,387
1036,387
1037,387
1038,387
1039,387
1040,387
1041,387
1042,387
1043,387
1044,387
1045,387
1046,387
1047,387
1048,387
1049,387
1050,387
1051,387
1052,387
1053,387
1054,387
1055,387
1056,387
1057,387
1058,387
1059,387
1060,387
1061,387
1062,387
1063,387
1064,387
1065,387
1066,387
1067,387
1068,387
1069,387
1070,387
1071,387
1072,387
1073,387
1074,387
1075,387
1076,387
1077,387
1078,387
1079,387
1080,387
1081,387
1082,387
1083,387
1084,387
1085,387
1086,387
1087,387
1088,387
1089,387
1090,387
1091,387
1092,387
1093,387
1094,387
1095,387
1096,387
1097,387
1098,387
1099,387
1100,387
1101,387
1102,387
1103,387
1104,387
1105,387
1106,387
1107,387
1108,387
1109,387
1110,387
1111,387
1112,387
1113,387
1114,387
1115,387
1116,387
1117,387
1118,387
1119,387
1120,387
1121,387
1122,387
1123,387
1124,387
1125,387
1126,387
1127,387
1128,387
1129,387
1130,387
1131,387
1132,387
1133,387
1134,387
1135,387
1136,387
1137,387
1138,387
1139,387
1140,387
1141,387
1142,387
1143,387
1144,387
1145,387
1146,387
1147,387
1148,387
1149,387
1150,387
1151,387
1152,387
1153,387
1154,387
1155,387
1156,387
1157,387
1158,387
1159,387
1160,387
1161,387
1162,387
1163,387
1164,387
1165,387
1166,387
1167,387
1168,387
1169,387
1170,387
1171,387
1172,387
1173,387
1174,387
1175,387
1176,387
1177,387
1178,387
1179,387
1180,387
1181,387
1182,387
1183,387
1184,387
1185,387
1186,387
1187,387
1188,387
1189,387
1190,387
1191,387
1192,387
1193,387
1194,387
1195,387
1196,387
1197,387
1198,387
1199,387
1200,387
1201,387
1202,387
1203,387
1204,387
1205,387
1206,387
1207,387
1208,387
1209,387
1210,387
1211,387
1212,387
1213,387
1214,387
1215,387
1216,387
1217,387
1218,387
1219,387
1220,387
1221,387
1222,387
1223,387
1224,387
1225,387
1226,387
1227,387
1228,387
1229,387
1230,387
1231,387
1232,387
1233,387
1234,387
1235,387
1236,387
1237,387
1238,387
1239,387
1240,387
1241,387
1242,387
1243,387
1244,387
1245,387
1246,387
1247,387
1248,387
1249,387
1250,387
1251,387
1252,387
1253,387
1254,387
1255,387
1256,387
1257,387
1258,387
1259,387
1260,387
1261,387
1262,387
1263,387
1264,387
1265,387
1266,387
1267,387
1268,387
1269,387
1270,387
1271,387
1272,387
1273,387
1274,387
1275,387
1276,387
1277,387
1278,387
1279,387
1280,387
1281,387
1282,387
1283,387
1284,387
1285,387
1286,387
1287,387
1288,387
1289,387
1290,387
1291,387
1292,387
1293,387
1294,387
1295,387
1296,387
1297,387
1298,387
1299,387
1300,387
1301,387
1302,387
1303,387
1304,387
1305,387
1306,387
1307,387
1308,387
1309,387
1310,387
1311,387
1312,387
1313,387
1314,387
1315,387
1316,387
1317,387
1318,387
1319,387
1320,387
1321,387
1322,387
1323,387
1324,387
1325,387
1326,387
1327,387
1328,387
1329,387
1330,387
1331,387
1332,387
1333,387
1334,387
1335,387
1336,387
1337,387
1338,387
1339,387
1340,387
1341,387
1342,387
1343,387
1344,387
1345,387
1346,387
1347,387
1348,387
1349,387
1350,387
1351,387
1352,387
1353,387
1354,387
1355,387
1356,387
1357,387
1358,387
1359,387
1360,387
1361,387
1362,387
1363,387
1364,387
1365,387
1366,387
1367,387
1368,387
1369,387
1370,387
1371,387
1372,387
1373,527
1374,527
1375,527
1376,527
1377,527
1378,527
1379,527
1380,527
1381,527
1382,527
1383,527
1384,527
1385,527
1386,527
1387,527
1388,527
1389,527
1390,527
1391,527
1392,527
1393,527
1394,527
1395,527
1396,527
1397,527
1398,527
1399,527
1400,527
1401,527
1402,527
1403,527
1404,527
1405,527
1406,527
1407,527
1408,527
1409,527
1410,527
1411,527
1412,527
1413,527
1414,527
1415,527
1416,527
1417,527
1418,527
1419,527
1420,527
1421,527
1422,527
1423,527
1424,527
1425,527
1426,527
1427,527
1428,527
1429,527
1430,527
1431,527
1432,527
1433,527
1434,527
1435,527
1436,527
1437,527
1438,527
1439,527
1440,527
1441,527
1442,527
1443,527
1444,527
1445,527
1446,527
1447,527
1448,527
1449,527
1450,527
1451,527
1452,527
1453,527
1454,527
1455,527
1456,527
1457,527
1458,527
1459,527
1460,527
1461,527
1462,527
1463,527
1464,527
1465,527
1466,527
1467,527
1468,527
1469,527
1470,527
1471,527
1472,527
1473,527
1474,527
1475,527
1476,527
1477,527
1478,527
1479,527
1480,527
1481,527
1482,527
1483,527
1484,527
1485,527
1486,527
1487,527
1488,527
1489,527
1490,527
1491,527
1492,527
1493,527
1494,527
1495,527
1496,527
1497,527
1498,527
1499,527
1500,527
1501,527
1502,527
1503,527
1504,527
1505,527
1506,527
1507,527
1508,527
1509,527
1510,527
1511,527
1512,527
1513,527
1514,527
1515,527
1516,527
1517,527
1518,527
1519,527
1520,527
1521,527
1522,527
1523,527
1524,527
1525,527
1526,527
1527,527
1528,527
1529,527
1530,527
1531,527
1532,527
1533,527
1534,527
1535,527
1536,527
1537,527
1538,527
1539,527
1540,527
1541,527
1542,527
1543,527
1544,527
1545,527
1546,527
1547,527
1548,527
1549,527
1550,527
1551,527
1552,527
1553,527
1554,527
1555,527
1556,527
1557,527
1558,527
1559,527
1560,527
1561,527
1562,527
1563,527
1564,527
1565,527
1566,527
1567,527
1568,527
1569,527
1570,527
1571,527
1572,527
1573,527
1574,527
1575,527
1576,527
1577,527
1578,527
1579,527
1580,527
1581,527
1582,527
1583,527
1584,527
1585,527
1586,527
1587,527
1588,527
1589,527
1590,527
1591,527
1592,527
1593,527
1594,527
1595,527
1596,527
1597,527
1598,527
1599,527
1600,527
1601,527
1602,527
1603,527
1604,527
1605,527
1606,527
1607,527
1608,527
1609,527
1610,527
1611,527
1612,527
1613,527
1614,527
1615,527
1616,527
1617,527
1618,527
1619,527
1620,527
1621,527
1622,527
1623,527
1624,527
1625,527
1626,527
1627,527
1628,527
1629,527
1630,527
1631,527
1632,527
1633,527
1634,527
1635,527
1636,527
1637,527
1638,527
1639,527
1640,527
1641,527
1642,527
1643,527
1644,527
1645,527
1646,527
1647,527
1648,527
1649,527
1650,527
1651,527
1652,527
1653,527
1654,527
1655,527
1656,527
1657,527
1658,527
1659,527
1660,527
1661,527
1662,527
1663,527
1664,527
1665,527
1666,527
1667,527
1668,527
1669,527
1670,527
1671,527
1672,527
1673,527
1674,527
1675,527
1676,527
1677,527
1678,527
1679,527
1680,527
1681,527
1682,527
1683,527
1684,527
1685,527
1686,527
1687,527
1688,527
1689,527
1690,527
1691,527
1692,527
1693,527
1694,527
1695,527
1696,527
1697,527
1698,527
1699,527
1700,527
1701,527
1702,527
1703,527
1704,527
1705,527
1706,527
1707,527
1708,527
1709,527
1710,527
1711,527
1712,527
1713,527
1714,527
1715,527
1716,527
1717,527
1718,527
1719,527
1720,527
1721,527
1722,527
1723,527
1724,527
1725,527
1726,527
1727,527
1728,527
1729,527
1730,527
1731,527
1732,527
1733,527
1734,527
1735,527
1736,527
1737,527
1738,527
1739,527
1740,527
1741,527
1742,527
1743,527
1744,527
1745,527
1746,527
1747,527
1748,527
1749,527
1750,527
1751,527
1752,527
1753,527
1754,527
1755,527
1756,527
1757,527
1758,527
1759,527
1760,527
1761,527
1762,527
1763,527
1764,527
1765,527
1766,527
1767,527
1768,527
1769,527
1770,527
1771,527
1772,527
1773,527
1774,527
1775,527
1776,527
1777,527
1778,527
1779,527
1780,527
1781,527
1782,527
1783,527
1784,527
1785,527
1786,527
1787,527
1788,527
1789,527
1790,527
1791,527
1792,527
1793,527
1794,527
1795,527
1796,527
1797,527
1798,527
1799,527
1800,527
1801,527
1802,527
1803,527
1804,527
1805,527
1806,527
1807,527
1808,527
1809,527
1810,527
1811,527
1812,527
1813,527
1814,527
1815,527
1816,527
1817,527
1818,527
1819,527
1820,527
1821,527
1822,527
1823,527
1824,527
1825,527
1826,527
1827,527
1828,527
1829,527
1830,527
1831,527
1832,527
1833,527
1834,527
1835,527
1836,527
1837,527
1838,527
1839,527
1840,527
1841,527
1842,527
1843,527
1844,527
1845,527
1846,527
1847,527
1848,527
1849,527
1850,527
1851,527
1852,527
1853,527
1854,527
1855,527
1856,527
1857,527
1858,527
1859,527
1860,527
1861,527
1862,527
1863,527
1864,527
1865,527
1866,527
1867,527
1868,527
1869,527
1870,527
1871,527
1872,527
1873,527
1874,527
1875,527
1876,527
1877,527
1878,527
1879,527
1880,527
1881,527
1882,527
1883,527
1884,527
1885,527
1886,527
1887,527
1888,527
1889,527
1890,527
1891,527
1892,527
1893,527
1894,527
1895,527
1896,527
1897,527
1898,527
1899,527
1900,527
1901,527
1902,527
1903,527
1904,527
1905,527
1906,527
1907,527
1908,527
1909,527
1910,527
1911,527
1912,527
1913,527
1914,527
1915,527
1916,527
1917,527
1918,527
1919,527
1920,527
1921,527
1922,527
1923,527
1924,527
1925,527
1926,527
1927,527
1928,527
1929,527
1930,527
1931,527
1932,527
1933,527
1934,527
1935,527
1936,527
1937,527
1938,527
1939,527
1940,527
1941,527
1942,527
1943,527
1944,527
1945,527
1946,527
1947,527
1948,527
1949,527
1950,527
1951,527
1952,527
1953,527
1954,527
1955,527
1956,527
1957,527
1958,527
1959,527
1960,527
1961,527
1962,527
1963,527
1964,527
1965,527
1966,527
1967,527
1968,527
1969,527
1970,527
1971,527
1972,527
1973,527
1974,527
1975,527
1976,527
1977,527
1978,527
1979,527
1980,527
1981,527
1982,527
1983,527
1984,527
1985,527
1986,527
1987,527
1988,527
1989,527
1990,527
1991,527
1992,527
1993,527
1994,527
1995,527
1996,527
1997,527
1998,527
1999,527
2000,527
2001,527
2002,527
2003,527
2004,527
2005,527
2006,527
2007,527
2008,527
2009,527
2010,527
2011,527
2012,527
2013,527
2014,527
2015,527
2016,527
2017,527
2018,527
2019,527
2020,527
2021,527
2022,527
2023,527
2024,527
2025,527
2026,527
2027,527
2028,527
2029,527
2030,527
2031,527
2032,527
2033,527
2034,527
2035,527
2036,527
2037,527
2038,527
2039,527
2040,527
2041,527
2042,527
2043,527
2044,527
2045,527
2046,527
2047,527
2048,527
2049,527
2050,527
2051,527
2052,527
2053,527
2054,527
2055,527
2056,527
2057,527
2058,527
2059,527
2060,527
2061,527
2062,527
2063,527
2064,527
2065,527
2066,527
2067,527
2068,527
2069,527
2070,527
2071,527
2072,527
2073,527
2074,527
2075,527
2076,527
2077,527
2078,527
2079,527
2080,527
2081,527
2082,527
2083,527
2084,527
2085,527
2086,527
2087,527
2088,527
2089,527
2090,527
2091,527
2092,527
2093,527
2094,527
2095,527
2096,527
2097,527
2098,527
2099,527
2100,527
2101,527
2102,527
2103,527
2104,527
2105,527
2106,527
2107,527
2108,527
2109,527
2110,527
2111,527
2112,527
2113,527
2114,527
2115,527
2116,527
2117,527
2118,527
2119,527
2120,527
2121,527
2122,527
2123,527
2124,527
2125,527
2126,527
2127,527
2128,527
2129,527
2130,527
2131,527
2132,527
2133,527
2134,527
2135,527
2136,527
2137,527
2138,527
2139,527
2140,527
2141,527
2142,527
2143,527
2144,527
2145,527
2146,527
2147,527
2148,527
2149,527
2150,527
2151,527
2152,527
2153,527
2154,527
2155,527
2156,527
2157,527
2158,527
2159,527
2160,527
2161,527
2162,527
2163,527
2164,527
2165,527
2166,527
2167,527
2168,527
2169,527
2170,527
2171,527
2172,527
2173,527
2174,527
2175,527
2176,527
2177,527
2178,527
2179,527
2180,527
2181,527
2182,527
2183,527
2184,527
2185,527
2186,527
2187,527
2188,527
2189,527
2190,527
2191,527
2192,527
2193,527
2194,527
2195,527
2196,527
2197,527
2198,527
2199,527
2200,527
2201,527
2202,527
2203,527
2204,527
2205,527
2206,527
2207,527
2208,527
2209,527
2210,527
2211,527
2212,527
2213,527
2214,527
2215,527
2216,527
2217,527
2218,527
2219,527
2220,527
2221,527
2222,527
2223,527
2224,527
2225,527
2226,527
2227,527
2228,527
2229,527
2230,581
2231,581
2232,581
2233,581
2234,581
2235,581
2236,581
2237,581
2238,581
2239,581
2240,581
2241,581
2242,581
2243,581
2244,581
2245,581
2246,581
2247,581
2248,581
2249,581
2250,581
2251,581
2252,581
2253,581
2254,581
2255,581
2256,581
2257,581
2258,581
2259,581
2260,581
2261,581
2262,581
2263,581
2264,581
2265,581
2266,581
2267,581
2268,581
2269,581
2270,581
2271,581
2272,581
2273,581
2274,581
2275,581
2276,581
2277,581
2278,581
2279,581
2280,581
2281,581
2282,581
2283,581
2284,581
2285,581
2286,581
2287,581
2288,581
2289,581
2290,581
2291,581
2292,581
2293,581
2294,581
2295,581
2296,581
2297,581
2298,581
2299,581
2300,581
2301,581
2302,581
2303,581
2304,581
2305,581
2306,581
2307,581
2308,581
2309,581
2310,581
2311,581
2312,581
2313,581
2314,581
2315,581
2316,581
2317,581
2318,581
2319,581
2320,581
2321,581
2322,581
2323,581
2324,581
2325,581
2326,581
2327,581
2328,581
2329,581
2330,581
2331,581
2332,581
2333,581
2334,581
2335,581
2336,581
2337,581
2338,581
2339,581
2340,581
2341,581
2342,581
2343,581
2344,581
2345,581
2346,581
2347,581
2348,581
2349,581
2350,581
2351,581
2352,581
2353,581
2354,581
2355,581
2356,581
2357,581
2358,581
2359,581
2360,581
2361,581
2362,581
2363,581
2364,581
2365,581
2366,581
2367,581
2368,581
2369,581
2370,581
2371,581
2372,581
2373,581
2374,581
2375,581
2376,581
2377,581
2378,581
2379,581
2380,581
2381,581
2382,581
2383,581
2384,581
2385,581
2386,581
2387,581
2388,581
2389,581
2390,696
2391,696
2392,696
2393,696
2394,696
2395,696
2396,696
2397,696
2398,696
2399,696
2400,696
2401,696
2402,696
2403,696
2404,696
2405,696
2406,696
2407,696
2408,696
2409,696
2410,696
2411,696
2412,696
2413,696
2414,696
2415,696
2416,696
2417,696
2418,696
2419,696
2420,696
2421,696
2422,696
2423,696
2424,696
2425,696
2426,696
2427,696
2428,696
2429,696
2430,696
2431,696
2432,696
2433,696
2434,696
2435,696
2436,696
2437,696
2438,696
2439,696
2440,696
2441,696
2442,696
2443,696
2444,696
2445,696
2446,696
2447,696
2448,696
2449,696
2450,696
2451,696
2452,696
2453,696
2454,696
2455,696
2456,696
2457,696
2458,696
2459,696
2460,696
2461,696
2462,696
2463,696
2464,696
2465,696
2466,696
2467,696
2468,696
2469,696
2470,696
2471,696
2472,696
2473,696
2474,696
2475,696
2476,696
2477,696
2478,696
2479,696
2480,696
2481,696
2482,696
2483,696
2484,696
2485,696
2486,696
2487,696
2488,696
2489,696
2490,696
2491,696
2492,696
2493,696
2494,696
2495,696
2496,696
2497,696
2498,696
2499,696
2500,696
2501,696
2502,696
2503,696
2504,696
2505,696
2506,696
2507,696
2508,696
2509,696
2510,696
2511,696
2512,696
2513,696
2514,696
2515,696
2516,696
2517,696
2518,696
2519,696
2520,696
2521,696
2522,696
2523,696
2524,696
2525,696
2526,696
2527,696
2528,696
2529,696
2530,696
2531,696
2532,696
2533,696
2534,696
2535,696
2536,696
2537,696
2538,696
2539,696
2540,696
2541,696
2542,696
2543,696
2544,696
2545,696
2546,696
2547,696
2548,696
2549,696
2550,696
2551,696
2552,696
2553,696
2554,696
2555,696
2556,696
2557,696
2558,696
2559,696
2560,696
2561,696
2562,696
2563,696
2564,696
2565,696
2566,696
2567,696
2568,696
2569,696
2570,696
2571,696
2572,696
2573,696
2574,696
2575,696
2576,696
2577,696
2578,696
2579,696
2580,696
2581,696
2582,696
2583,696
2584,696
2585,696
2586,696
2587,696
2588,696
2589,696
2590,696
2591,696
2592,696
2593,696
2594,696
2595,696
2596,696
2597,696
2598,696
2599,696
2600,696
2601,696
2602,696
2603,696
2604,696
2605,696
2606,696
2607,696
2608,696
2609,696
2610,696
2611,696
2612,696
2613,696
2614,696
2615,696
2616,696
2617,696
2618,696
2619,696
2620,696
2621,696
2622,696
2623,696
2624,696
2625,696
2626,696
2627,696
2628,696
2629,696
2630,696
2631,696
2632,696
2633,696
2634,696
2635,696
2636,696
2637,696
2638,696
2639,696
2640,696
2641,696
2642,696
2643,696
2644,696
2645,696
2646,696
2647,696
2648,696
2649,696
2650,696
2651,696
2652,696
2653,696
2654,696
2655,696
2656,696
2657,696
2658,696
2659,696
2660,696
2661,696
2662,696
2663,696
2664,696
2665,696
2666,696
2667,696
2668,696
2669,696
2670,696
2671,696
2672,696
2673,696
2674,696
2675,696
2676,696
2677,696
2678,696
2679,696
2680,696
2681,696
2682,696
2683,696
2684,696
2685,696
2686,696
2687,696
2688,696
2689,696
2690,696
2691,696
2692,696
2693,696
2694,696
2695,696
2696,696
2697,696
2698,696
2699,696
2700,696
2701,696
2702,696
2703,696
2704,696
2705,696
2706,696
2707,696
2708,696
2709,696
2710,696
2711,696
2712,696
2713,696
2714,696
2715,696
2716,696
2717,696
2718,696
2719,696
2720,696
2721,696
2722,696
2723,696
2724,696
2725,696
2726,696
2727,696
2728,696
2729,696
2730,696
2731,696
2732,696
2733,696
2734,696
2735,696
2736,696
2737,696
2738,696
2739,696
2740,696
2741,696
2742,696
2743,696
2744,696
2745,696
2746,696
2747,696
2748,696
2749,696
2750,696
2751,696
2752,696
2753,696
2754,696
2755,696
2756,696
2757,696
2758,696
2759,696
2760,696
2761,696
2762,696
2763,696
2764,696
2765,696
2766,696
2767,696
2768,696
2769,696
2770,696
2771,696
2772,696
2773,696
2774,696
2775,696
2776,696
2777,696
2778,696
2779,696
2780,696
2781,696
2782,696
2783,696
2784,696
2785,696
2786,696
2787,696
2788,696
2789,696
2790,696
2791,696
2792,696
2793,696
2794,696
2795,696
2796,696
2797,696
2798,696
2799,696
2800,696
2801,696
2802,696
2803,696
2804,696
2805,696
2806,696
2807,696
2808,696
2809,696
2810,696
2811,696
2812,696
2813,696
2814,696
2815,696
2816,696
2817,696
2818,696
2819,696
2820,696
2821,696
2822,696
2823,696
2824,696
2825,696
2826,696
2827,696
2828,696
2829,696
2830,696
2831,696
2832,696
2833,696
2834,696
2835,696
2836,696
2837,696
2838,696
2839,696
2840,696
2841,696
2842,696
2843,696
2844,696
2845,696
2846,696
2847,696
2848,696
2849,696
2850,696
2851,696
2852,696
2853,696
2854,696
2855,696
2856,696
2857,696
2858,696
2859,696
2860,696
2861,696
2862,696
2863,696
2864,696
2865,696
2866,696
2867,696
2868,696
2869,696
2870,696
2871,696
2872,696
2873,696
2874,696
2875,696
2876,696
2877,696
2878,696
2879,696
2880,696
2881,696
2882,696
2883,696
2884,696
2885,696
2886,696
2887,696
2888,696
2889,696
2890,696
2891,696
2892,696
2893,696
2894,696
2895,696
2896,696
2897,696
2898,696
2899,696
2900,696
2901,696
2902,696
2903,696
2904,696
2905,696
2906,696
2907,696
2908,696
2909,696
2910,696
2911,696
2912,696
2913,696
2914,696
2915,696
2916,696
2917,696
2918,696
2919,696
2920,696
2921,696
2922,696
2923,696
2924,696
2925,696
2926,696
2927,696
2928,696
2929,696
2930,696
2931,696
2932,696
2933,696
2934,696
2935,696
2936,696
2937,696
2938,696
2939,696
2940,696
2941,696
2942,696
2943,696
2944,696
2945,696
2946,696
2947,696
2948,696
2949,696
2950,696
2951,696
2952,696
2953,696
2954,696
2955,696
2956,696
2957,696
2958,696
2959,696
2960,696
2961,696
2962,696
2963,696
2964,696
2965,696
2966,696
2967,696
2968,696
2969,696
2970,696
2971,696
2972,696
2973,696
2974,696
2975,696
2976,696
2977,696
2978,696
2979,696
2980,696
2981,696
2982,696
2983,696
2984,696
2985,696
2986,696
2987,696
2988,696
2989,696
2990,696
2991,696
2992,696
2993,696
2994,696
2995,696
2996,696
2997,696
2998,696
2999,696
3000,696
3001,696
3002,696
3003,696
3004,696
3005,696
3006,696
3007,696
3008,696
3009,696
3010,696
3011,696
3012,696
3013,696
3014,696
3015,696
3016,696
3017,696
3018,696
3019,696
3020,696
3021,696
3022,696
3023,696
3024,696
3025,696
3026,696
3027,696
3028,696
3029,696
3030,696
3031,696
3032,696
3033,696
3034,696
3035,696
3036,696
3037,696
3038,696
3039,696
3040,696
3041,696
3042,696
3043,696
3044,696
3045,696
3046,696
3047,696
3048,696
3049,696
3050,696
3051,696
3052,696
3053,696
3054,696
3055,696
3056,696
3057,696
3058,696
3059,696
3060,696
3061,696
3062,696
3063,696
3064,696
3065,696
3066,696
3067,696
3068,696
3069,696
3070,696
3071,696
3072,696
3073,696
3074,696
3075,696
3076,696
3077,696
3078,696
3079,696
3080,696
3081,696
3082,696
3083,696
3084,696
3085,696
3086,696
3087,696
3088,696
3089,696
3090,696
3091,696
3092,696
3093,696
3094,696
3095,696
3096,696
3097,696
3098,696
3099,696
3100,696
3101,696
3102,696
3103,696
3104,696
3105,696
3106,696
3107,696
3108,696
3109,696
3110,696
3111,696
3112,696
3113,696
3114,696
3115,696
3116,696
3117,696
3118,696
3119,696
3120,696
3121,696
3122,696
3123,696
3124,696
3125,696
3126,696
3127,696
3128,696
3129,696
3130,696
3131,696
3132,696
3133,696
3134,696
3135,696
3136,696
3137,696
3138,696
3139,696
3140,696
3141,696
3142,696
3143,696
3144,696
3145,696
3146,696
3147,696
3148,696
3149,696
3150,696
3151,696
3152,696
3153,696
3154,696
3155,696
3156,696
3157,696
3158,696
3159,696
3160,696
3161,696
3162,696
3163,696
3164,696
3165,696
3166,696
3167,696
3168,696
3169,696
3170,696
3171,696
3172,696
3173,696
3174,696
3175,696
3176,696
3177,696
3178,696
3179,696
3180,696
3181,696
3182,696
3183,696
3184,696
3185,696
3186,696
3187,696
3188,696
3189,696
3190,696
3191,696
3192,696
3193,696
3194,696
3195,696
3196,696
3197,696
3198,696
3199,696
3200,696
3201,696
3202,696
3203,696
3204,696
3205,696
3206,696
3207,696
3208,696
3209,696
3210,696
3211,696
3212,696
3213,696
3214,696
3215,696
3216,696
3217,696
3218,696
3219,696
3220,696
3221,696
3222,696
3223,696
3224,696
3225,696
3226,696
3227,696
3228,696
3229,696
3230,696
3231,696
3232,696
3233,696
3234,696
3235,696
3236,696
3237,696
3238,696
3239,696
3240,696
3241,696
3242,696
3243,696
3244,696
3245,696
3246,696
3247,696
3248,696
3249,696
3250,696
3251,696
3252,696
3253,696
3254,696
3255,696
3256,696
3257,696
3258,696
3259,696
3260,696
3261,696
3262,696
3263,696
3264,696
3265,696
3266,696
3267,696
3268,696
3269,696
3270,696
3271,696
3272,696
3273,696
3274,696
3275,696
3276,696
3277,696
3278,696
3279,696
3280,696
3281,696
3282,696
3283,696
3284,696
3285,696
3286,696
3287,696
3288,696
3289,696
3290,696
3291,696
3292,696
3293,696
3294,696
3295,696
3296,696
3297,696
3298,696
3299,696
3300,696
3301,696
3302,696
3303,696
3304,696
3305,696
3306,696
3307,696
3308,696
3309,696
3310,696
3311,696
3312,696
3313,696
3314,696
3315,696
3316,696
3317,696
3318,696
3319,696
3320,696
3321,696
3322,696
3323,696
3324,696
3325,696
3326,696
3327,696
3328,696
3329,696
3330,696
3331,696
3332,696
3333,696
3334,696
3335,696
3336,696
3337,696
3338,696
3339,696
3340,696
3341,696
3342,696
3343,696
3344,696
3345,696
3346,696
3347,696
3348,696
3349,696
3350,696
3351,696
3352,696
3353,696
3354,696
3355,696
3356,696
3357,696
3358,696
3359,696
3360,696
3361,696
3362,696
3363,696
3364,696
3365,696
3366,696
3367,696
3368,696
3369,696
3370,696
3371,696
3372,696
3373,696
3374,696
3375,696
3376,696
3377,696
3378,696
3379,696
3380,696
3381,696
3382,696
3383,696
3384,696
3385,696
3386,696
3387,696
3388,696
3389,696
3390,696
3391,696
3392,696
3393,696
3394,696
3395,696
3396,696
3397,696
3398,696
3399,696
3400,696
3401,696
3402,696
3403,696
3404,696
3405,696
3406,696
3407,696
3408,696
3409,696
3410,696
3411,696
3412,696
3413,696
3414,696
3415,696
3416,696
3417,696
3418,696
3419,696
3420,696
3421,696
3422,696
3423,696
3424,696
3425,696
3426,696
3427,696
3428,696
3429,696
3430,696
3431,696
3432,696
3433,696
3434,696
3435,696
3436,696
3437,696
3438,696
3439,696
3440,696
3441,696
3442,696
3443,696
3444,696
3445,696
3446,696
3447,696
3448,696
3449,696
3450,696
3451,696
3452,696
3453,696
3454,696
3455,696
3456,696
3457,696
3458,696
3459,696
3460,696
3461,696
3462,696
3463,696
3464,696
3465,696
3466,696
3467,696
3468,696
3469,696
3470,696
3471,696
3472,696
3473,696
3474,696
3475,696
3476,696
3477,696
3478,696
3479,696
3480,696
3481,696
3482,696
3483,696
3484,696
3485,696
3486,696
3487,696
3488,696
3489,696
3490,696
3491,696
3492,696
3493,696
3494,696
3495,696
3496,696
3497,696
3498,696
3499,696
3500,696
3501,696
3502,696
3503,696
3504,696
3505,696
3506,696
3507,696
3508,696
3509,696
3510,696
3511,696
3512,696
3513,696
3514,696
3515,696
3516,696
3517,696
3518,696
3519,696
3520,696
3521,696
3522,696
3523,696
3524,696
3525,696
3526,696
3527,696
3528,696
3529,696
3530,696
3531,696
3532,696
3533,696
3534,696
3535,696
3536,696
3537,696
3538,696
3539,696
3540,696
3541,696
3542,696
3543,696
3544,696
3545,696
3546,696
3547,696
3548,696
3549,696
3550,696
3551,696
3552,696
3553,696
3554,696
3555,696
3556,696
3557,696
3558,696
3559,696
3560,696
3561,696
3562,696
3563,696
3564,696
3565,696
3566,696
3567,696
3568,696
3569,696
3570,696
3571,696
3572,696
3573,696
3574,696
3575,696
3576,696
3577,696
3578,696
3579,696
3580,696
3581,696
3582,696
3583,696
3584,696
3585,696
3586,696
3587,696
3588,696
3589,696
3590,696
3591,696
3592,696
3593,696
3594,696
3595,696
3596,696
3597,696
3598,696
3599,696
3600,696
3601,696
3602,696
3603,696
3604,696
3605,696
3606,696
3607,696
3608,696
3609,696
3610,696
3611,696
3612,696
3613,696
3614,696
3615,696
3616,696
3617,696
3618,696
3619,696
3620,696
3621,696
3622,696
3623,696
3624,696
3625,696
3626,696
3627,696
3628,696
3629,696
3630,696
3631,696
3632,696
3633,696
3634,696
3635,696
3636,696
3637,696
3638,696
3639,696
3640,696
3641,696
3642,696
3643,696
3644,696
3645,696
3646,696
3647,696
3648,696
3649,696
3650,696
3651,696
3652,696
3653,696
3654,696
3655,696
3656,696
3657,696
3658,696
3659,696
3660,696
3661,696
3662,696
3663,696
3664,696
3665,696
3666,696
3667,696
3668,696
3669,696
3670,696
3671,696
3672,696
3673,696
3674,696
3675,696
3676,696
3677,696
3678,696
3679,696
3680,696
3681,696
3682,696
3683,696
3684,696
3685,696
3686,696
3687,696
3688,696
3689,696
3690,696
3691,696
3692,696
3693,696
3694,696
3695,696
3696,696
3697,696
3698,696
3699,696
3700,696
3701,696
3702,696
3703,696
3704,696
3705,696
3706,696
3707,696
3708,696
3709,696
3710,696
3711,696
3712,696
3713,696
3714,696
3715,696
3716,696
3717,696
3718,696
3719,696
3720,696
3721,696
3722,696
3723,696
3724,696
3725,696
3726,696
3727,696
3728,696
3729,696
3730,696
3731,696
3732,696
3733,696
3734,696
3735,696
3736,696
3737,696
3738,696
3739,696
3740,696
3741,696
3742,696
3743,696
3744,696
3745,696
3746,696
3747,696
3748,696
3749,696
3750,696
3751,696
3752,696
3753,696
3754,696
3755,696
3756,696
3757,696
3758,696
3759,696
3760,696
3761,696
3762,696
3763,696
3764,696
3765,696
3766,696
3767,696
3768,696
3769,696
3770,696
3771,696
3772,696
3773,696
3774,696
3775,696
3776,696
3777,696
3778,696
3779,696
3780,696
3781,696
3782,696
3783,696
3784,696
3785,696
3786,696
3787,696
3788,696
3789,696
3790,696
3791,696
3792,696
3793,696
3794,696
3795,696
3796,696
3797,696
3798,696
3799,696
3800,696
3801,696
3802,696
3803,696
3804,696
3805,696
3806,696
3807,696
3808,696
3809,696
3810,696
3811,696
3812,696
3813,696
3814,696
3815,696
3816,696
3817,696
3818,696
3819,696
3820,696
3821,696
3822,696
3823,696
3824,696
3825,696
3826,696
3827,696
3828,696
3829,696
3830,696
3831,696
3832,696
3833,696
3834,696
3835,696
3836,696
3837,696
3838,696
3839,696
3840,696
3841,696
3842,696
3843,696
3844,696
3845,696
3846,696
3847,696
3848,696
3849,696
3850,696
3851,696
3852,696
3853,696
3854,696
3855,696
3856,696
3857,696
3858,696
3859,696
3860,696
3861,696
3862,696
3863,696
3864,696
3865,696
3866,696
3867,696
3868,696
3869,696
3870,696
3871,696
3872,696
3873,696
3874,696
3875,696
3876,696
3877,696
3878,696
3879,696
3880,696
3881,696
3882,696
3883,696
3884,696
3885,696
3886,696
3887,696
3888,696
3889,696
3890,696
3891,696
3892,696
3893,696
3894,696
3895,696
3896,696
3897,696
3898,696
3899,696
3900,696
3901,696
3902,696
3903,696
3904,696
3905,696
3906,696
3907,696
3908,696
3909,696
3910,696
3911,696
3912,696
3913,696
3914,696
3915,696
3916,696
3917,696
3918,696
3919,696
3920,696
3921,696
3922,696
3923,696
3924,696
3925,696
3926,696
3927,696
3928,696
3929,696
3930,696
3931,696
3932,696
3933,696
3934,696
3935,696
3936,696
3937,696
3938,696
3939,696
3940,696
3941,696
3942,696
3943,696
3944,696
3945,696
3946,696
3947,696
3948,696
3949,696
3950,696
3951,696
3952,696
3953,696
3954,696
3955,696
3956,696
3957,696
3958,696
3959,696
3960,696
3961,696
3962,696
3963,696
3964,696
3965,696
3966,696
3967,696
3968,696
3969,696
3970,696
3971,696
3972,696
3973,696
3974,696
3975,696
3976,696
3977,696
3978,696
3979,696
3980,696
3981,696
3982,696
3983,696
3984,696
3985,696
3986,696
3987,696
3988,696
3989,696
3990,696
3991,696
3992,696
3993,696
3994,696
3995,696
3996,696
3997,696
3998,696
3999,696
4000,696
4001,696
4002,696
4003,696
4004,696
4005,696
4006,696
4007,696
4008,696
4009,696
4010,696
4011,696
4012,696
4013,696
4014,696
4015,696
4016,696
4017,696
4018,696
4019,696
4020,696
4021,696
4022,696
4023,696
4024,696
4025,696
4026,696
4027,696
4028,696
4029,696
4030,696
4031,696
4032,696
4033,696
4034,696
4035,696
4036,696
4037,696
4038,696
4039,696
4040,696
4041,696
4042,696
4043,696
4044,696
4045,696
4046,696
4047,696
4048,696
4049,696
4050,696
4051,696
4052,696
4053,696
4054,696
4055,696
4056,696
4057,696
4058,696
4059,696
4060,696
4061,696
4062,696
4063,696
4064,696
4065,696
4066,696
4067,696
4068,696
4069,696
4070,696
4071,696
4072,696
4073,696
4074,696
4075,696
4076,696
4077,696
4078,696
4079,696
4080,696
4081,696
4082,696
4083,696
4084,696
4085,696
4086,696
4087,696
4088,696
4089,696
4090,696
4091,696
4092,696
4093,696
4094,696
4095,696
4096,696
4097,696
4098,696
4099,696
4100,696
4101,696
4102,696
4103,696
4104,696
4105,696
4106,696
4107,696
4108,696
4109,696
4110,696
4111,696
4112,696
4113,696
4114,696
4115,696
4116,696
4117,696
4118,696
4119,696
4120,696
4121,696
4122,696
4123,696
4124,696
4125,696
4126,696
4127,696
4128,696
4129,696
4130,696
4131,696
4132,696
4133,696
4134,696
4135,696
4136,696
4137,696
4138,696
4139,696
4140,696
4141,696
4142,696
4143,696
4144,696
4145,696
4146,696
4147,696
4148,696
4149,696
4150,696
4151,696
4152,696
4153,696
4154,696
4155,696
4156,696
4157,696
4158,696
4159,696
4160,696
4161,696
4162,696
4163,696
4164,696
4165,696
4166,696
4167,696
4168,696
4169,696
4170,696
4171,696
4172,696
4173,696
4174,696
4175,696
4176,696
4177,696
4178,696
4179,696
4180,696
4181,696
4182,696
4183,696
4184,696
4185,696
4186,696
4187,696
4188,696
4189,696
4190,696
4191,696
4192,696
4193,696
4194,696
4195,696
4196,696
4197,696
4198,696
4199,696
4200,696
4201,696
4202,696
4203,696
4204,696
4205,696
4206,696
4207,696
4208,696
4209,696
4210,696
4211,696
4212,696
4213,696
4214,696
4215,696
4216,696
4217,696
4218,696
4219,696
4220,696
4221,696
4222,696
4223,696
4224,696
4225,696
4226,696
4227,696
4228,696
4229,696
4230,696
4231,696
4232,696
4233,696
4234,696
4235,696
4236,696
4237,696
4238,696
4239,696
4240,696
4241,696
4242,696
4243,696
4244,696
4245,696
4246,696
4247,696
4248,696
4249,696
4250,696
4251,696
4252,696
4253,696
4254,696
4255,696
4256,696
4257,696
4258,696
4259,696
4260,696
4261,696
4262,696
4263,696
4264,696
4265,696
4266,696
4267,696
4268,696
4269,696
4270,696
4271,696
4272,696
4273,696
4274,696
4275,696
4276,696
4277,696
4278,696
4279,696
4280,696
4281,696
4282,696
4283,696
4284,696
4285,696
4286,696
4287,696
4288,696
4289,696
4290,696
4291,696
4292,696
4293,696
4294,696
4295,696
4296,696
4297,696
4298,696
4299,696
4300,696
4301,696
4302,696
4303,696
4304,696
4305,696
4306,696
4307,696
4308,696
4309,696
4310,696
4311,696
4312,696
4313,696
4314,696
4315,696
4316,696
4317,696
4318,696
4319,696
4320,696
4321,696
4322,696
4323,696
4324,696
4325,696
4326,696
4327,696
4328,696
4329,696
4330,696
4331,696
4332,696
4333,696
4334,696
4335,696
4336,696
4337,696
4338,696
4339,696
4340,696
4341,696
4342,696
4343,696
4344,696
4345,696
4346,696
4347,696
4348,696
4349,696
4350,696
4351,696
4352,696
4353,696
4354,696
4355,696
4356,696
4357,696
4358,696
4359,696
4360,696
4361,696
4362,696
4363,696
4364,696
4365,696
4366,696
4367,696
4368,696
4369,696
4370,696
4371,696
4372,696
4373,696
4374,696
4375,696
4376,696
4377,696
4378,696
4379,696
4380,696
4381,696
4382,696
4383,696
4384,696
4385,696
4386,696
4387,696
4388,696
4389,696
4390,696
4391,696
4392,696
4393,696
4394,696
4395,696
4396,696
4397,696
4398,696
4399,696
4400,696
4401,696
4402,696
4403,696
4404,696
4405,696
4406,696
4407,696
4408,696
4409,696
4410,696
4411,696
4412,696
4413,696
4414,696
4415,696
4416,696
4417,696
4418,696
4419,696
4420,696
4421,696
4422,696
4423,696
4424,696
4425,696
4426,696
4427,696
4428,696
4429,696
4430,696
4431,696
4432,696
4433,696
4434,696
4435,696
4436,696
4437,696
4438,696
4439,696
4440,696
4441,696
4442,696
4443,696
4444,696
4445,696
4446,696
4447,696
4448,696
4449,696
4450,696
4451,696
4452,696
4453,696
4454,696
4455,696
4456,696
4457,696
4458,696
4459,696
4460,696
4461,696
4462,696
4463,696
4464,696
4465,696
4466,696
4467,696
4468,696
4469,696
4470,696
4471,696
4472,696
4473,696
4474,696
4475,696
4476,696
4477,696
4478,696
4479,696
4480,696
4481,696
4482,696
4483,696
4484,696
4485,696
4486,696
4487,696
4488,696
4489,696
4490,696
4491,696
4492,696
4493,696
4494,696
4495,696
4496,696
4497,696
4498,696
4499,696
4500,696
4501,696
4502,696
4503,696
4504,696
4505,696
4506,696
4507,696
4508,696
4509,696
4510,696
4511,696
4512,696
4513,696
4514,696
4515,696
4516,696
4517,696
4518,696
4519,696
4520,696
4521,696
4522,696
4523,696
4524,696
4525,696
4526,860
4527,860
4528,860
4529,860
4530,860
4531,860
4532,860
4533,860
4534,860
4535,860
4536,860
4537,860
4538,860
4539,860
4540,860
4541,860
4542,860
4543,860
4544,860
4545,860
4546,860
4547,860
4548,860
4549,860
4550,860
4551,860
4552,860
4553,860
4554,860
4555,860
4556,860
4557,860
4558,860
4559,860
4560,860
4561,860
4562,860
4563,860
4564,860
4565,860
4566,860
4567,860
4568,860
4569,860
4570,860
4571,860
4572,860
4573,860
4574,860
4575,860
4576,860
4577,860
4578,860
4579,860
4580,860
4581,860
4582,860
4583,860
4584,860
4585,860
4586,860
4587,860
4588,860
4589,860
4590,860
4591,860
4592,860
4593,860
4594,860
4595,860
4596,860
4597,860
4598,860
4599,860
4600,860
4601,860
4602,860
4603,860
4604,860
4605,860
4606,860
4607,860
4608,860
4609,860
4610,860
4611,860
4612,860
4613,860
4614,860
4615,860
4616,860
4617,860
4618,860
4619,860
4620,860
4621,860
4622,860
4623,860
4624,860
4625,860
4626,860
4627,860
4628,860
4629,860
4630,860
4631,860
4632,860
4633,860
4634,860
4635,860
4636,860
4637,860
4638,860
4639,860
4640,860
4641,860
4642,860
4643,860
4644,860
4645,860
4646,860
4647,860
4648,860
4649,860
4650,860
4651,860
4652,860
4653,860
4654,860
4655,860
4656,860
4657,860
4658,860
4659,860
4660,860
4661,860
4662,860
4663,860
4664,860
4665,860
4666,860
4667,860
4668,860
4669,860
4670,860
4671,860
4672,860
4673,860
4674,860
4675,860
4676,860
4677,860
4678,860
4679,860
4680,860
4681,860
4682,860
4683,860
4684,860
4685,860
4686,860
4687,860
4688,860
4689,860
4690,860
4691,860
4692,860
4693,860
4694,860
4695,860
4696,860
4697,860
4698,860
4699,860
4700,860
4701,860
4702,860
4703,860
4704,860
4705,860
4706,860
4707,860
4708,860
4709,860
4710,860
4711,860
4712,860
4713,860
4714,860
4715,860
4716,860
4717,860
4718,860
4719,860
4720,860
4721,860
4722,860
4723,860
4724,860
4725,860
4726,860
4727,860
4728,860
4729,860
4730,860
4731,860
4732,860
4733,860
4734,860
4735,860
4736,860
4737,860
4738,860
4739,860
4740,860
4741,860
4742,860
4743,860
4744,860
4745,860
4746,860
4747,860
4748,860
4749,860
4750,860
4751,860
4752,860
4753,860
4754,860
4755,860
4756,860
4757,860
4758,860
4759,860
4760,860
4761,860
4762,860
4763,860
4764,860
4765,860
4766,860
4767,860
4768,860
4769,860
4770,860
4771,860
4772,860
4773,860
4774,860
4775,860
4776,860
4777,860
4778,860
4779,860
4780,860
4781,860
4782,860
4783,860
4784,860
4785,860
4786,860
4787,860
4788,860
4789,860
4790,860
4791,860
4792,860
4793,860
4794,860
4795,860
4796,860
4797,860
4798,860
4799,860
4800,860
4801,860
4802,860
4803,860
4804,860
4805,860
4806,860
4807,860
4808,860
4809,860
4810,860
4811,860
4812,860
4813,860
4814,860
4815,860
4816,860
4817,860
4818,860
4819,860
4820,860
4821,860
4822,860
4823,860
4824,860
4825,860
4826,860
4827,860
4828,860
4829,860
4830,860
4831,860
4832,860
4833,860
4834,860
4835,860
4836,860
4837,860
4838,860
4839,860
4840,860
4841,860
4842,860
4843,860
4844,860
4845,860
4846,860
4847,860
4848,860
4849,860
4850,860
4851,860
4852,860
4853,860
4854,860
4855,860
4856,860
4857,860
4858,860
4859,860
4860,860
4861,860
4862,860
4863,860
4864,860
4865,860
4866,860
4867,860
4868,860
4869,860
4870,860
4871,860
4872,860
4873,860
4874,860
4875,860
4876,860
4877,860
4878,860
4879,860
4880,860
4881,860
4882,860
4883,860
4884,860
4885,860
4886,860
4887,860
4888,860
4889,860
4890,860
4891,860
4892,860
4893,860
4894,860
4895,860
4896,860
4897,860
4898,860
4899,860
4900,860
4901,860
4902,860
4903,860
4904,860
4905,860
4906,860
4907,860
4908,860
4909,860
4910,860
4911,860
4912,860
4913,860
4914,860
4915,860
4916,860
4917,860
4918,860
4919,860
4920,860
4921,860
4922,860
4923,860
4924,860
4925,860
4926,860
4927,860
4928,860
4929,860
4930,860
4931,860
4932,860
4933,860
4934,860
4935,860
4936,860
4937,860
4938,860
4939,860
4940,860
4941,860
4942,860
4943,860
4944,860
4945,860
4946,860
4947,860
4948,860
4949,860
4950,860
4951,860
4952,860
4953,860
4954,860
4955,860
4956,860
4957,860
4958,860
4959,860
4960,860
4961,860
4962,860
4963,860
4964,860
4965,860
4966,860
4967,860
4968,860
4969,860
4970,860
4971,860
4972,860
4973,860
4974,860
4975,860
4976,860
4977,860
4978,860
4979,860
4980,860
4981,860
4982,860
4983,860
4984,860
4985,860
4986,860
4987,860
4988,860
4989,860
4990,860
4991,860
4992,860
4993,860
4994,860
4995,860
4996,860
4997,860
4998,860
4999,860
5000,860
5001,860
5002,860
5003,860
5004,860
5005,860
5006,860
5007,860
5008,860
5009,860
5010,860
5011,860
5012,860
5013,860
5014,860
5015,860
5016,860
5017,860
5018,860
5019,860
5020,860
5021,860
5022,860
5023,860
5024,860
5025,860
5026,860
5027,860
5028,860
5029,860
5030,860
5031,860
5032,860
5033,860
5034,860
5035,860
5036,860
5037,860
5038,860
5039,860
5040,860
5041,860
5042,860
5043,860
5044,860
5045,860
5046,860
5047,860
5048,860
5049,860
5050,860
5051,860
5052,860
5053,860
5054,860
5055,860
5056,860
5057,860
5058,860
5059,860
5060,860
5061,860
5062,860
5063,860
5064,860
5065,860
5066,860
5067,860
5068,860
5069,860
5070,860
5071,860
5072,860
5073,860
5074,860
5075,860
5076,860
5077,860
5078,860
5079,860
5080,860
5081,860
5082,860
5083,860
5084,860
5085,860
5086,860
5087,860
5088,860
5089,860
5090,860
5091,860
5092,860
5093,860
5094,860
5095,860
5096,860
5097,860
5098,860
5099,860
5100,860
5101,860
5102,860
5103,860
5104,860
5105,860
5106,860
5107,860
5108,860
5109,860
5110,860
5111,860
5112,860
5113,860
5114,860
5115,860
5116,860
5117,860
5118,860
5119,860
5120,860
5121,860
5122,860
5123,860
5124,860
5125,860
5126,860
5127,860
5128,860
5129,860
5130,860
5131,860
5132,860
5133,860
5134,860
5135,860
5136,860
5137,860
5138,860
5139,860
5140,860
5141,860
5142,860
5143,860
5144,860
5145,860
5146,860
5147,860
5148,860
5149,860
5150,860
5151,860
5152,860
5153,860
5154,860
5155,860
5156,860
5157,860
5158,860
5159,860
5160,860
5161,860
5162,860
5163,860
5164,860
5165,860
5166,860
5167,860
5168,860
5169,860
5170,860
5171,860
5172,860
5173,860
5174,860
5175,860
5176,860
5177,860
5178,860
5179,860
5180,860
5181,860
5182,860
5183,860
5184,860
5185,860
5186,860
5187,860
5188,860
5189,860
5190,860
5191,860
5192,860
5193,860
5194,860
5195,860
5196,860
5197,860
5198,860
5199,860
5200,860
5201,860
5202,860
5203,860
5204,860
5205,860
5206,860
5207,860
5208,860
5209,860
5210,860
5211,860
5212,860
5213,860
5214,860
5215,860
5216,860
5217,860
5218,860
5219,860
5220,860
5221,860
5222,860
5223,860
5224,860
5225,860
5226,860
5227,860
5228,860
5229,860
5230,860
5231,860
5232,860
5233,860
5234,860
5235,860
5236,860
5237,860
5238,860
5239,860
5240,860
5241,860
5242,860
5243,860
5244,860
5245,860
5246,860
5247,860
5248,860
5249,860
5250,860
5251,860
5252,860
5253,860
5254,860
5255,860
5256,860
5257,860
5258,860
5259,860
5260,860
5261,860
5262,860
5263,860
5264,860
5265,860
5266,860
5267,860
5268,860
5269,860
5270,860
5271,860
5272,860
5273,860
5274,860
5275,860
5276,860
5277,860
5278,860
5279,860
5280,860
5281,860
5282,860
5283,860
5284,860
5285,860
5286,860
5287,860
5288,860
5289,860
5290,860
5291,860
5292,860
5293,860
5294,860
5295,860
5296,860
5297,860
5298,860
5299,860
5300,860
5301,860
5302,860
5303,860
5304,860
5305,860
5306,860
5307,860
5308,860
5309,860
5310,860
5311,860
5312,860
5313,860
5314,860
5315,860
5316,860
5317,860
5318,860
5319,860
5320,860
5321,860
5322,860
5323,860
5324,860
5325,860
5326,860
5327,860
5328,860
5329,860
5330,860
5331,860
5332,860
5333,860
5334,860
5335,860
5336,860
5337,860
5338,860
5339,860
5340,860
5341,860
5342,860
5343,860
5344,860
5345,860
5346,860
5347,860
5348,860
5349,860
5350,860
5351,860
5352,860
5353,860
5354,860
5355,860
5356,860
5357,860
5358,860
5359,860
5360,860
5361,860
5362,860
5363,860
5364,860
5365,860
5366,860
5367,860
5368,860
5369,860
5370,860
5371,860
5372,860
5373,860
5374,860
5375,860
5376,860
5377,860
5378,860
5379,860
5380,860
5381,860
5382,860
5383,860
5384,860
5385,860
5386,860
5387,860
5388,860
5389,860
5390,860
5391,860
5392,860
5393,860
5394,860
5395,860
5396,860
5397,860
5398,860
5399,860
5400,860
5401,860
5402,860
5403,860
5404,860
5405,860
5406,860
5407,860
5408,860
5409,860
5410,860
5411,860
5412,860
5413,860
5414,860
5415,860
5416,860
5417,860
5418,860
5419,860
5420,860
5421,860
5422,860
5423,860
5424,860
5425,860
5426,860
5427,860
5428,860
5429,860
5430,860
5431,860
5432,860
5433,860
5434,860
5435,860
5436,860
5437,860
5438,860
5439,860
5440,860
5441,860
5442,860
5443,860
5444,860
5445,860
5446,860
5447,860
5448,860
5449,860
5450,860
5451,860
5452,860
5453,860
5454,860
5455,860
5456,860
5457,860
5458,860
5459,860
5460,860
5461,860
5462,860
5463,860
5464,860
5465,860
5466,860
5467,860
5468,860
5469,860
5470,860
5471,860
5472,860
5473,860
5474,860
5475,860
5476,860
5477,860
5478,860
5479,860
5480,860
5481,860
5482,860
5483,860
5484,860
5485,860
5486,860
5487,860
5488,860
5489,860
5490,860
5491,860
5492,860
5493,860
5494,860
5495,860
5496,860
5497,860
5498,860
5499,860
5500,860
5501,860
5502,860
5503,860
5504,860
5505,860
5506,860
5507,860
5508,860
5509,860
5510,860
5511,860
5512,860
5513,860
5514,860
5515,860
5516,860
5517,860
5518,860
5519,860
5520,860
5521,860
5522,860
5523,860
5524,860
5525,860
5526,860
5527,860
5528,860
5529,860
5530,860
5531,860
5532,860
5533,860
5534,860
5535,860
5536,860
5537,860
5538,860
5539,860
5540,860
5541,860
5542,860
5543,860
5544,860
5545,860
5546,860
5547,860
5548,860
5549,860
5550,860
5551,860
5552,860
5553,860
5554,860
5555,860
5556,860
5557,860
5558,860
5559,860
5560,860
5561,860
5562,860
5563,860
5564,860
5565,860
5566,860
5567,860
5568,860
5569,860
5570,860
5571,860
5572,860
5573,860
5574,860
5575,860
5576,860
5577,860
5578,860
5579,860
5580,860
5581,860
5582,860
5583,860
5584,860
5585,860
5586,860
5587,860
5588,860
5589,860
5590,860
5591,860
5592,860
5593,860
5594,860
5595,860
5596,860
5597,860
5598,860
5599,860
5600,860
5601,860
5602,860
5603,860
5604,860
5605,860
5606,860
5607,860
5608,860
5609,860
5610,860
5611,860
5612,860
5613,860
5614,860
5615,860
5616,860
5617,860
5618,860
5619,860
5620,860
5621,860
5622,860
5623,860
5624,860
5625,860
5626,860
5627,860
5628,860
5629,860
5630,860
5631,860
5632,860
5633,860
5634,860
5635,860
5636,860
5637,860
5638,860
5639,860
5640,860
5641,860
5642,860
5643,860
5644,860
5645,860
5646,860
5647,860
5648,860
5649,860
5650,860
5651,860
5652,860
5653,860
5654,860
5655,860
5656,860
5657,860
5658,860
5659,860
5660,860
5661,860
5662,860
5663,860
5664,860
5665,860
5666,860
5667,860
5668,860
5669,860
5670,860
5671,860
5672,860
5673,860
5674,860
5675,860
5676,860
5677,860
5678,860
5679,860
5680,860
5681,860
5682,860
5683,860
5684,860
5685,860
5686,860
5687,860
5688,860
5689,860
5690,860
5691,860
5692,860
5693,860
5694,860
5695,860
5696,860
5697,860
5698,860
5699,860
5700,860
5701,860
5702,860
5703,860
5704,860
5705,860
5706,860
5707,860
5708,860
5709,860
5710,860
5711,860
5712,860
5713,860
5714,860
5715,860
5716,860
5717,860
5718,860
5719,860
5720,860
5721,860
5722,860
5723,860
5724,860
5725,860
5726,860
5727,860
5728,860
5729,860
5730,860
5731,860
5732,860
5733,860
5734,860
5735,860
5736,860
5737,860
5738,860
5739,860
5740,860
5741,860
5742,860
5743,860
5744,860
5745,860
5746,860
5747,860
5748,860
5749,860
5750,860
5751,860
5752,860
5753,860
5754,860
5755,860
5756,860
5757,860
5758,860
5759,860
5760,860
5761,860
5762,860
5763,860
5764,860
5765,860
5766,860
5767,860
5768,860
5769,860
5770,860
5771,860
5772,860
5773,860
5774,860
5775,860
5776,860
5777,860
5778,860
5779,860
5780,860
5781,860
5782,860
5783,860
5784,860
5785,860
5786,860
5787,860
5788,860
5789,860
5790,860
5791,860
5792,860
5793,860
5794,860
5795,860
5796,860
5797,860
5798,860
5799,860
5800,860
5801,860
5802,860
5803,860
5804,860
5805,860
5806,860
5807,860
5808,860
5809,860
5810,860
5811,860
5812,860
5813,860
5814,860
5815,860
5816,860
5817,860
5818,860
5819,860
5820,860
5821,860
5822,860
5823,860
5824,860
5825,860
5826,860
5827,860
5828,860
5829,860
5830,860
5831,860
5832,860
5833,860
5834,860
5835,860
5836,860
5837,860
5838,860
5839,860
5840,860
5841,860
5842,860
5843,860
5844,860
5845,860
5846,860
5847,860
5848,860
5849,860
5850,860
5851,860
5852,860
5853,860
5854,860
5855,860
5856,860
5857,860
5858,860
5859,860
5860,860
5861,860
5862,860
5863,860
5864,860
5865,860
5866,860
5867,860
5868,860
5869,860
5870,860
5871,860
5872,860
5873,860
5874,860
5875,860
5876,860
5877,860
5878,860
5879,860
5880,860
5881,860
5882,860
5883,860
5884,860
5885,860
5886,860
5887,860
5888,860
5889,860
5890,860
5891,860
5892,860
5893,860
5894,860
5895,860
5896,860
5897,860
5898,860
5899,860
5900,860
5901,860
5902,860
5903,860
5904,860
5905,860
5906,860
5907,860
5908,860
5909,860
5910,860
5911,860
5912,860
5913,860
5914,860
5915,860
5916,860
5917,860
5918,860
5919,860
5920,860
5921,860
5922,860
5923,860
5924,860
5925,860
5926,860
5927,860
5928,860
5929,860
5930,860
5931,860
5932,860
5933,860
5934,860
5935,860
5936,860
5937,860
5938,860
5939,860
5940,860
5941,860
5942,860
5943,860
5944,860
5945,860
5946,860
5947,860
5948,860
5949,860
5950,860
5951,860
5952,860
5953,860
5954,860
5955,860
5956,860
5957,860
5958,860
5959,860
5960,860
5961,860
5962,860
5963,860
5964,860
5965,860
5966,860
5967,860
5968,860
5969,860
5970,860
5971,860
5972,860
5973,860
5974,860
5975,860
5976,860
5977,860
5978,860
5979,860
5980,860
5981,860
5982,860
5983,860
5984,860
5985,860
5986,860
5987,860
5988,860
5989,860
5990,860
5991,860
5992,860
5993,860
5994,860
5995,860
5996,860
5997,860
5998,860
5999,860
6000,860
6001,860
6002,860
6003,860
6004,860
6005,860
6006,860
6007,860
6008,860
6009,860
6010,860
6011,860
6012,860
6013,860
6014,860
6015,860
6016,860
6017,860
6018,860
6019,860
6020,860
6021,860
6022,860
6023,860
6024,860
6025,860
6026,860
6027,860
6028,860
6029,860
6030,860
6031,860
6032,860
6033,860
6034,860
6035,860
6036,860
6037,860
6038,860
6039,860
6040,860
6041,860
6042,860
6043,860
6044,860
6045,860
6046,860
6047,860
6048,860
6049,860
6050,860
6051,860
6052,860
6053,860
6054,860
6055,860
6056,860
6057,860
6058,860
6059,860
6060,860
6061,860
6062,860
6063,860
6064,860
6065,860
6066,860
6067,860
6068,860
6069,860
6070,860
6071,860
6072,860
6073,860
6074,860
6075,860
6076,860
6077,860
6078,860
6079,860
6080,860
6081,860
6082,860
6083,860
6084,860
6085,860
6086,860
6087,860
6088,860
6089,860
6090,860
6091,860
6092,860
6093,860
6094,860
6095,860
6096,860
6097,860
6098,860
6099,860
6100,860
6101,860
6102,860
6103,860
6104,860
6105,860
6106,860
6107,860
6108,860
6109,860
6110,860
6111,860
6112,860
6113,860
6114,860
6115,860
6116,860
6117,860
6118,860
6119,860
6120,860
6121,860
6122,860
6123,860
6124,860
6125,860
6126,860
6127,860
6128,860
6129,860
6130,860
6131,860
6132,860
6133,860
6134,860
6135,860
6136,860
6137,860
6138,860
6139,860
6140,860
6141,860
6142,860
6143,860
6144,860
6145,860
6146,860
6147,860
6148,860
6149,860
6150,860
6151,860
6152,860
6153,860
6154,860
6155,860
6156,860
6157,860
6158,860
6159,860
6160,860
6161,860
6162,860
6163,860
6164,860
6165,860
6166,860
6167,860
6168,860
6169,860
6170,860
6171,860
6172,860
6173,860
6174,860
6175,860
6176,860
6177,860
6178,860
6179,860
6180,860
6181,860
6182,860
6183,860
6184,860
6185,860
6186,860
6187,860
6188,860
6189,860
6190,860
6191,860
6192,860
6193,860
6194,860
6195,860
6196,860
6197,860
6198,860
6199,860
6200,860
6201,860
6202,860
6203,860
6204,860
6205,860
6206,860
6207,860
6208,860
6209,860
6210,860
6211,860
6212,860
6213,860
6214,860
6215,860
6216,860
6217,860
6218,860
6219,860
6220,860
6221,860
6222,860
6223,860
6224,860
6225,860
6226,860
6227,860
6228,860
6229,860
6230,860
6231,860
6232,860
6233,860
6234,860
6235,860
6236,860
6237,860
6238,860
6239,860
6240,860
6241,860
6242,860
6243,860
6244,860
6245,860
6246,860
6247,860
6248,860
6249,860
6250,860
6251,860
6252,860
6253,860
6254,860
6255,860
6256,860
6257,860
6258,860
6259,860
6260,860
6261,860
6262,860
6263,860
6264,860
6265,860
6266,860
6267,860
6268,860
6269,860
6270,860
6271,860
6272,860
6273,860
6274,860
6275,860
6276,860
6277,860
6278,860
6279,860
6280,860
6281,860
6282,860
6283,860
6284,860
6285,860
6286,860
6287,860
6288,860
6289,860
6290,860
6291,860
6292,860
6293,860
6294,860
6295,860
6296,860
6297,860
6298,860
6299,860
6300,860
6301,860
6302,860
6303,860
6304,860
6305,860
6306,860
6307,860
6308,860
6309,860
6310,860
6311,860
6312,860
6313,860
6314,860
6315,860
6316,860
6317,860
6318,860
6319,860
6320,860
6321,860
6322,860
6323,860
6324,860
6325,860
6326,860
6327,860
6328,860
6329,860
6330,860
6331,860
6332,860
6333,860
6334,860
6335,860
6336,860
6337,860
6338,860
6339,860
6340,860
6341,860
6342,860
6343,860
6344,860
6345,860
6346,860
6347,860
6348,860
6349,860
6350,860
6351,860
6352,860
6353,860
6354,860
6355,860
6356,860
6357,860
6358,860
6359,860
6360,860
6361,860
6362,860
6363,860
6364,860
6365,860
6366,860
6367,860
6368,860
6369,860
6370,860
6371,860
6372,860
6373,860
6374,860
6375,860
6376,860
6377,860
6378,860
6379,860
6380,860
6381,860
6382,860
6383,860
6384,860
6385,860
6386,860
6387,860
6388,860
6389,860
6390,860
6391,860
6392,860
6393,860
6394,860
6395,860
6396,860
6397,860
6398,860
6399,860
6400,860
6401,860
6402,860
6403,860
6404,860
6405,860
6406,860
6407,860
6408,860
6409,860
6410,860
6411,860
6412,860
6413,860
6414,860
6415,860
6416,860
6417,860
6418,860
6419,860
6420,860
6421,860
6422,860
6423,860
6424,860
6425,860
6426,860
6427,860
6428,860
6429,860
6430,860
6431,860
6432,860
6433,860
6434,860
6435,860
6436,860
6437,860
6438,860
6439,860
6440,860
6441,860
6442,860
6443,860
6444,860
6445,860
6446,860
6447,860
6448,860
6449,860
6450,860
6451,860
6452,860
6453,860
6454,860
6455,860
6456,860
6457,860
6458,860
6459,860
6460,860
6461,860
6462,860
6463,860
6464,860
6465,860
6466,860
6467,860
6468,860
6469,860
6470,860
6471,860
6472,860
6473,860
6474,860
6475,860
6476,860
6477,860
6478,860
6479,860
6480,860
6481,860
6482,860
6483,860
6484,860
6485,860
6486,860
6487,860
6488,860
6489,860
6490,860
6491,860
6492,860
6493,860
6494,860
6495,860
6496,860
6497,860
6498,860
6499,860
6500,860
6501,860
6502,860
6503,860
6504,860
6505,860
6506,860
6507,860
6508,860
6509,860
6510,860
6511,860
6512,860
6513,860
6514,860
6515,860
6516,860
6517,860
6518,860
6519,860
6520,860
6521,860
6522,860
6523,860
6524,860
6525,860
6526,860
6527,860
6528,860
6529,860
6530,860
6531,860
6532,860
6533,860
6534,860
6535,860
6536,860
6537,860
6538,860
6539,860
6540,860
6541,860
6542,860
6543,860
6544,860
6545,860
6546,860
6547,860
6548,860
6549,860
6550,860
6551,860
6552,860
6553,860
6554,860
6555,860
6556,860
6557,860
6558,860
6559,860
6560,860
6561,860
6562,860
6563,860
6564,860
6565,860
6566,860
6567,860
6568,860
6569,860
6570,860
6571,860
6572,860
6573,860
6574,860
6575,860
6576,860
6577,860
6578,860
6579,860
6580,860
6581,860
6582,860
6583,860
6584,860
6585,860
6586,860
6587,860
6588,860
6589,860
6590,860
6591,860
6592,860
6593,860
6594,860
6595,860
6596,860
6597,860
6598,860
6599,860
6600,860
6601,860
6602,860
6603,860
6604,860
6605,860
6606,860
6607,860
6608,860
6609,860
6610,860
6611,860
6612,860
6613,860
6614,860
6615,860
6616,860
6617,860
6618,860
6619,860
6620,860
6621,860
6622,860
6623,860
6624,860
6625,860
6626,860
6627,860
6628,860
6629,860
6630,860
6631,860
6632,860
6633,860
6634,860
6635,860
6636,860
6637,860
6638,860
6639,860
6640,860
6641,860
6642,860
6643,860
6644,860
6645,860
6646,860
6647,860
6648,860
6649,860
6650,860
6651,860
6652,860
6653,860
6654,860
6655,860
6656,860
6657,860
6658,860
6659,860
6660,860
6661,860
6662,860
6663,860
6664,860
6665,860
6666,860
6667,860
6668,860
6669,860
6670,860
6671,860
6672,860
6673,860
6674,860
6675,860
6676,860
6677,860
6678,860
6679,860
6680,860
6681,860
6682,860
6683,860
6684,860
6685,860
6686,860
6687,860
6688,860
6689,860
6690,860
6691,860
6692,860
6693,860
6694,860
6695,860
6696,860
6697,860
6698,860
6699,860
6700,860
6701,860
6702,860
6703,860
6704,860
6705,860
6706,860
6707,860
6708,860
6709,860
6710,860
6711,860
6712,860
6713,860
6714,860
6715,860
6716,860
6717,860
6718,860
6719,860
6720,860
6721,860
6722,860
6723,860
6724,860
6725,860
6726,860
6727,860
6728,860
6729,860
6730,860
6731,860
6732,860
6733,860
6734,860
6735,860
6736,860
6737,860
6738,860
6739,860
6740,860
6741,860
6742,860
6743,860
6744,860
6745,860
6746,860
6747,860
6748,860
6749,860
6750,860
6751,860
6752,860
6753,860
6754,860
6755,860
6756,860
6757,860
6758,860
6759,860
6760,860
6761,860
6762,860
6763,860
6764,860
6765,860
6766,860
6767,860
6768,860
6769,860
6770,860
6771,860
6772,860
6773,860
6774,860
6775,860
6776,860
6777,860
6778,860
6779,860
6780,860
6781,860
6782,860
6783,860
6784,860
6785,860
6786,860
6787,860
6788,860
6789,860
6790,860
6791,860
6792,860
6793,860
6794,860
6795,860
6796,860
6797,860
6798,860
6799,860
6800,860
6801,860
6802,860
6803,860
6804,860
6805,860
6806,860
6807,860
6808,860
6809,860
6810,860
6811,860
6812,860
6813,860
6814,860
6815,860
6816,860
6817,860
6818,860
6819,860
6820,860
6821,860
6822,860
6823,860
6824,860
6825,860
6826,860
6827,860
6828,860
6829,860
6830,860
6831,860
6832,860
6833,860
6834,860
6835,860
6836,860
6837,860
6838,860
6839,860
6840,860
6841,860
6842,860
6843,860
6844,860
6845,860
6846,860
6847,860
6848,860
6849,860
6850,860
6851,860
6852,860
6853,860
6854,860
6855,860
6856,860
6857,860
6858,860
6859,860
6860,860
6861,860
6862,860
6863,860
6864,860
6865,860
6866,860
6867,860
6868,860
6869,860
6870,860
6871,860
6872,860
6873,860
6874,860
6875,860
6876,860
6877,860
6878,860
6879,860
6880,860
6881,860
6882,860
6883,860
6884,860
6885,860
6886,860
6887,860
6888,860
6889,860
6890,860
6891,860
6892,860
6893,860
6894,860
6895,860
6896,860
6897,860
6898,860
6899,860
6900,860
6901,860
6902,860
6903,860
6904,860
6905,860
6906,860
6907,860
6908,860
6909,860
6910,860
6911,860
6912,860
6913,860
6914,860
6915,860
6916,860
6917,860
6918,860
6919,860
6920,860
6921,860
6922,860
6923,860
6924,860
6925,860
6926,860
6927,860
6928,860
6929,860
6930,860
6931,860
6932,860
6933,860
6934,860
6935,860
6936,860
6937,860
6938,860
6939,860
6940,860
6941,860
6942,860
6943,860
6944,860
6945,860
6946,860
6947,860
6948,860
6949,860
6950,860
6951,860
6952,860
6953,860
6954,860
6955,860
6956,860
6957,860
6958,860
6959,860
6960,860
6961,860
6962,860
6963,860
6964,860
6965,860
6966,860
6967,860
6968,860
6969,860
6970,860
6971,860
6972,860
6973,860
6974,860
6975,860
6976,860
6977,860
6978,860
6979,860
6980,860
6981,860
6982,860
6983,860
6984,860
6985,860
6986,860
6987,860
6988,860
6989,860
6990,860
6991,860
6992,860
6993,860
6994,860
6995,860
6996,860
6997,860
6998,860
6999,860
7000,860
7001,860
7002,860
7003,860
7004,860
7005,860
7006,860
7007,860
7008,860
7009,860
7010,860
7011,860
7012,860
7013,860
7014,860
7015,860
7016,860
7017,860
7018,860
7019,860
7020,860
7021,860
7022,860
7023,860
7024,860
7025,860
7026,860
7027,860
7028,860
7029,860
7030,860
7031,860
7032,860
7033,860
7034,860
7035,860
7036,860
7037,860
7038,860
7039,860
7040,860
7041,860
7042,860
7043,860
7044,860
7045,860
7046,860
7047,860
7048,860
7049,860
7050,860
7051,860
7052,860
7053,860
7054,860
7055,860
7056,860
7057,860
7058,860
7059,860
7060,860
7061,860
7062,860
7063,860
7064,860
7065,860
7066,860
7067,860
7068,860
7069,860
7070,860
7071,860
7072,860
7073,860
7074,860
7075,860
7076,860
7077,860
7078,860
7079,860
7080,860
7081,860
7082,860
7083,860
7084,860
7085,860
7086,860
7087,860
7088,860
7089,860
7090,860
7091,860
7092,860
7093,860
7094,860
7095,860
7096,860
7097,860
7098,860
7099,860
7100,860
7101,860
7102,860
7103,860
7104,860
7105,860
7106,860
7107,860
7108,860
7109,860
7110,860
7111,860
7112,860
7113,860
7114,860
7115,860
7116,860
7117,860
7118,860
7119,860
7120,860
7121,860
7122,860
7123,860
7124,860
7125,860
7126,860
7127,860
7128,860
7129,860
7130,860
7131,860
7132,860
7133,860
7134,860
7135,860
7136,860
7137,860
7138,860
7139,860
7140,860
7141,860
7142,860
7143,860
7144,860
7145,860
7146,860
7147,860
7148,860
7149,860
7150,860
7151,860
7152,860
7153,860
7154,860
7155,860
7156,860
7157,860
7158,860
7159,860
7160,860
7161,860
7162,860
7163,860
7164,860
7165,860
7166,860
7167,860
7168,860
7169,860
7170,860
7171,860
7172,860
7173,860
7174,860
7175,860
7176,860
7177,860
7178,860
7179,860
7180,860
7181,860
7182,860
7183,860
7184,860
7185,860
7186,860
7187,860
7188,860
7189,860
7190,860
7191,860
7192,860
7193,860
7194,860
7195,860
7196,860
7197,860
7198,860
7199,860
7200,860
7201,860
7202,860
7203,860
7204,860
7205,860
7206,860
7207,860
7208,860
7209,860
7210,860
7211,860
7212,860
7213,860
7214,860
7215,860
7216,860
7217,860
7218,860
7219,860
7220,860
7221,860
7222,860
7223,860
7224,860
7225,860
7226,860
7227,860
7228,860
7229,860
7230,860
7231,860
7232,860
7233,860
7234,860
7235,860
7236,860
7237,860
7238,860
7239,860
7240,860
7241,860
7242,860
7243,860
7244,860
7245,860
7246,860
7247,860
7248,860
7249,860
7250,860
7251,860
7252,860
7253,860
7254,860
7255,860
7256,860
7257,860
7258,860
7259,860
7260,860
7261,860
7262,860
7263,860
7264,860
7265,860
7266,860
7267,860
7268,860
7269,860
7270,860
7271,860
7272,860
7273,860
7274,860
7275,860
7276,860
7277,860
7278,860
7279,860
7280,860
7281,860
7282,860
7283,860
7284,860
7285,860
7286,860
7287,860
7288,860
7289,860
7290,860
7291,860
7292,860
7293,860
7294,860
7295,860
7296,860
7297,860
7298,860
7299,860
7300,860
7301,860
7302,860
7303,860
7304,860
7305,860
7306,860
7307,860
7308,860
7309,860
7310,860
7311,860
7312,860
7313,860
7314,860
7315,860
7316,860
7317,860
7318,860
7319,860
7320,860
7321,860
7322,860
7323,860
7324,860
7325,860
7326,860
7327,860
7328,860
7329,860
7330,860
7331,860
7332,860
7333,860
7334,860
7335,860
7336,860
7337,860
7338,860
7339,860
7340,860
7341,860
7342,860
7343,860
7344,860
7345,860
7346,860
7347,860
7348,860
7349,860
7350,860
7351,860
7352,860
7353,860
7354,860
7355,860
7356,860
7357,860
7358,860
7359,860
7360,860
7361,860
7362,860
7363,860
7364,860
7365,860
7366,860
7367,860
7368,860
7369,860
7370,860
7371,860
7372,860
7373,860
7374,860
7375,860
7376,860
7377,860
7378,860
7379,860
7380,860
7381,860
7382,860
7383,860
7384,860
7385,860
7386,860
7387,860
7388,860
7389,860
7390,860
7391,860
7392,860
7393,860
7394,860
7395,860
7396,860
7397,860
7398,860
7399,860
7400,860
7401,860
7402,860
7403,860
7404,860
7405,860
7406,860
7407,860
7408,860
7409,860
7410,860
7411,860
7412,860
7413,860
7414,860
7415,860
7416,860
7417,860
7418,860
7419,860
7420,860
7421,860
7422,860
7423,860
7424,860
7425,860
7426,860
7427,860
7428,860
7429,860
7430,860
7431,860
7432,860
7433,860
7434,860
7435,860
7436,860
7437,860
7438,860
7439,860
7440,860
7441,860
7442,860
7443,860
7444,860
7445,860
7446,860
7447,860
7448,860
7449,860
7450,860
7451,860
7452,860
7453,860
7454,860
7455,860
7456,860
7457,860
7458,860
7459,860
7460,860
7461,860
7462,860
7463,860
7464,860
7465,860
7466,860
7467,860
7468,860
7469,860
7470,860
7471,860
7472,860
7473,860
7474,860
7475,860
7476,860
7477,860
7478,860
7479,860
7480,860
7481,860
7482,860
7483,860
7484,860
7485,860
7486,860
7487,860
7488,860
7489,860
7490,860
7491,860
7492,860
7493,860
7494,860
7495,860
7496,860
7497,860
7498,860
7499,860
7500,860
7501,860
7502,860
7503,860
7504,860
7505,860
7506,860
7507,860
7508,860
7509,860
7510,860
7511,860
7512,860
7513,860
7514,860
7515,860
7516,860
7517,860
7518,860
7519,860
7520,860
7521,860
7522,860
7523,860
7524,860
7525,860
7526,860
7527,860
7528,860
7529,860
7530,860
7531,860
7532,860
7533,860
7534,860
7535,860
7536,860
7537,860
7538,860
7539,860
7540,860
7541,860
7542,860
7543,860
7544,860
7545,860
7546,860
7547,860
7548,860
7549,860
7550,860
7551,860
7552,860
7553,860
7554,860
7555,860
7556,860
7557,860
7558,860
7559,860
7560,860
7561,860
7562,860
7563,860
7564,860
7565,860
7566,860
7567,860
7568,860
7569,860
7570,860
7571,860
7572,860
7573,860
7574,860
7575,860
7576,860
7577,860
7578,860
7579,860
7580,860
7581,860
7582,860
7583,860
7584,860
7585,860
7586,860
7587,860
7588,860
7589,860
7590,860
7591,860
7592,860
7593,860
7594,860
7595,860
7596,860
7597,860
7598,860
7599,860
7600,860
7601,860
7602,860
7603,860
7604,860
7605,860
7606,860
7607,860
7608,860
7609,860
7610,860
7611,860
7612,860
7613,860
7614,860
7615,860
7616,860
7617,860
7618,860
7619,860
7620,860
7621,860
7622,860
7623,860
7624,860
7625,860
7626,860
7627,860
7628,860
7629,860
7630,860
7631,860
7632,860
7633,860
7634,860
7635,860
7636,860
7637,860
7638,860
7639,860
7640,860
7641,860
7642,860
7643,860
7644,860
7645,860
7646,860
7647,860
7648,860
7649,860
7650,860
7651,860
7652,860
7653,860
7654,860
7655,860
7656,860
7657,860
7658,860
7659,860
7660,860
7661,860
7662,860
7663,860
7664,860
7665,860
7666,860
7667,860
7668,860
7669,860
7670,860
7671,860
7672,860
7673,860
7674,860
7675,860
7676,860
7677,860
7678,860
7679,860
7680,860
7681,860
7682,860
7683,860
7684,860
7685,860
7686,860
7687,860
7688,860
7689,860
7690,860
7691,860
7692,860
7693,860
7694,860
7695,860
7696,860
7697,860
7698,860
7699,860
7700,860
7701,860
7702,860
7703,860
7704,860
7705,860
7706,860
7707,860
7708,860
7709,860
7710,860
7711,860
7712,860
7713,860
7714,860
7715,860
7716,860
7717,860
7718,860
7719,860
7720,860
7721,860
7722,860
7723,860
7724,860
7725,860
7726,860
7727,860
7728,860
7729,860
7730,860
7731,860
7732,860
7733,860
7734,860
7735,860
7736,860
7737,860
7738,860
7739,860
7740,860
7741,860
7742,860
7743,860
7744,860
7745,860
7746,860
7747,860
7748,860
7749,860
7750,860
7751,860
7752,860
7753,860
7754,860
7755,860
7756,860
7757,860
7758,860
7759,860
7760,860
7761,860
7762,860
7763,860
7764,860
7765,860
7766,860
7767,860
7768,860
7769,860
7770,860
7771,860
7772,860
7773,860
7774,860
7775,860
7776,860
7777,860
7778,860
7779,860
7780,860
7781,860
7782,860
7783,860
7784,860
7785,860
7786,860
7787,860
7788,860
7789,860
7790,860
7791,860
7792,860
7793,860
7794,860
7795,860
7796,860
7797,860
7798,860
7799,860
7800,860
7801,860
7802,860
7803,860
7804,860
7805,860
7806,860
7807,860
7808,860
7809,860
7810,860
7811,860
7812,860
7813,860
7814,860
7815,860
7816,860
7817,860
7818,860
7819,860
7820,860
7821,860
7822,860
7823,860
7824,860
7825,860
7826,860
7827,860
7828,860
7829,860
7830,860
7831,860
7832,860
7833,860
7834,860
7835,860
7836,860
7837,860
7838,860
7839,860
7840,860
7841,860
7842,860
7843,860
7844,860
7845,860
7846,860
7847,860
7848,860
7849,860
7850,860
7851,860
7852,860
7853,860
7854,860
7855,860
7856,860
7857,860
7858,860
7859,860
7860,860
7861,860
7862,860
7863,860
7864,860
7865,860
7866,860
7867,860
7868,860
7869,860
7870,860
7871,860
7872,860
7873,860
7874,860
7875,860
7876,860
7877,860
7878,860
7879,860
7880,860
7881,860
7882,860
7883,860
7884,860
7885,860
7886,860
7887,860
7888,860
7889,860
7890,860
7891,860
7892,860
7893,860
7894,860
7895,860
7896,860
7897,860
7898,860
7899,860
7900,860
7901,860
7902,860
7903,860
7904,860
7905,860
7906,860
7907,860
7908,860
7909,860
7910,860
7911,860
7912,860
7913,860
7914,860
7915,860
7916,860
7917,860
7918,860
7919,860
7920,860
7921,860
7922,860
7923,860
7924,860
7925,860
7926,860
7927,860
7928,860
7929,860
7930,860
7931,860
7932,860
7933,860
7934,860
7935,860
7936,860
7937,860
7938,860
7939,860
7940,860
7941,860
7942,860
7943,860
7944,860
7945,860
7946,860
7947,860
7948,860
7949,860
7950,860
7951,860
7952,860
7953,860
7954,860
7955,860
7956,860
7957,860
7958,860
7959,860
7960,860
7961,860
7962,860
7963,860
7964,860
7965,860
7966,860
7967,860
7968,860
7969,860
7970,860
7971,860
7972,860
7973,860
7974,860
7975,860
7976,860
7977,860
7978,860
7979,860
7980,860
7981,860
7982,860
7983,860
7984,860
7985,860
7986,860
7987,860
7988,860
7989,860
7990,860
7991,860
7992,860
7993,860
7994,860
7995,860
7996,860
7997,860
7998,860
7999,860
8000,860
8001,860
8002,860
8003,860
8004,860
8005,860
8006,860
8007,860
8008,860
8009,860
8010,860
8011,860
8012,860
8013,860
8014,860
8015,860
8016,860
8017,860
8018,860
8019,860
8020,860
8021,860
8022,860
8023,860
8024,860
8025,860
8026,860
8027,860
8028,860
8029,860
8030,860
8031,860
8032,860
8033,860
8034,860
8035,860
8036,860
8037,860
8038,860
8039,860
8040,860
8041,860
8042,860
8043,860
8044,860
8045,860
8046,860
8047,860
8048,860
8049,860
8050,860
8051,860
8052,860
8053,860
8054,860
8055,860
8056,860
8057,860
8058,860
8059,860
8060,860
8061,860
8062,860
8063,860
8064,860
8065,860
8066,860
8067,860
8068,860
8069,860
8070,860
8071,860
8072,860
8073,860
8074,860
8075,860
8076,860
8077,860
8078,860
8079,860
8080,860
8081,860
8082,860
8083,860
8084,860
8085,860
8086,860
8087,860
8088,860
8089,860
8090,860
8091,860
8092,860
8093,860
8094,860
8095,860
8096,860
8097,860
8098,860
8099,860
8100,860
8101,860
8102,860
8103,860
8104,860
8105,860
8106,860
8107,860
8108,860
8109,860
8110,860
8111,860
8112,860
8113,860
8114,860
8115,860
8116,860
8117,860
8118,860
8119,860
8120,860
8121,860
8122,860
8123,860
8124,860
8125,860
8126,860
8127,860
8128,860
8129,860
8130,860
8131,860
8132,860
8133,860
8134,860
8135,860
8136,860
8137,860
8138,860
8139,860
8140,860
8141,860
8142,860
8143,860
8144,860
8145,860
8146,860
8147,860
8148,860
8149,860
8150,860
8151,860
8152,860
8153,860
8154,860
8155,860
8156,860
8157,860
8158,860
8159,860
8160,860
8161,860
8162,860
8163,860
8164,860
8165,860
8166,860
8167,860
8168,860
8169,860
8170,860
8171,860
8172,860
8173,860
8174,860
8175,860
8176,860
8177,860
8178,860
8179,860
8180,860
8181,860
8182,860
8183,860
8184,860
8185,860
8186,860
8187,860
8188,860
8189,860
8190,860
8191,860
8192,860
8193,860
8194,860
8195,860
8196,860
8197,860
8198,860
8199,860
8200,860
8201,860
8202,860
8203,860
8204,860
8205,860
8206,860
8207,860
8208,860
8209,860
8210,860
8211,860
8212,860
8213,860
8214,860
8215,860
8216,860
8217,860
8218,860
8219,860
8220,860
8221,860
8222,860
8223,860
8224,860
8225,860
8226,860
8227,860
8228,860
8229,860
8230,860
8231,860
8232,860
8233,860
8234,860
8235,860
8236,860
8237,860
8238,860
8239,860
8240,860
8241,860
8242,860
8243,860
8244,860
8245,860
8246,860
8247,860
8248,860
8249,860
8250,860
8251,860
8252,860
8253,860
8254,860
8255,860
8256,860
8257,860
8258,860
8259,860
8260,860
8261,860
8262,860
8263,860
8264,860
8265,860
8266,860
8267,860
8268,860
8269,860
8270,860
8271,860
8272,860
8273,860
8274,860
8275,860
8276,860
8277,860
8278,860
8279,860
8280,860
8281,860
8282,860
8283,860
8284,860
8285,860
8286,860
8287,860
8288,860
8289,860
8290,860
8291,860
8292,860
8293,860
8294,860
8295,860
8296,860
8297,860
8298,860
8299,860
8300,860
8301,860
8302,860
8303,860
8304,860
8305,860
8306,860
8307,860
8308,860
8309,860
8310,860
8311,860
8312,860
8313,860
8314,860
8315,860
8316,860
8317,860
8318,860
8319,860
8320,860
8321,860
8322,860
8323,860
8324,860
8325,860
8326,860
8327,860
8328,860
8329,860
8330,860
8331,860
8332,860
8333,860
8334,860
8335,860
8336,860
8337,860
8338,860
8339,860
8340,860
8341,860
8342,860
8343,860
8344,860
8345,860
8346,860
8347,860
8348,860
8349,860
8350,860
8351,860
8352,860
8353,860
8354,860
8355,860
8356,860
8357,860
8358,860
8359,860
8360,860
8361,860
8362,860
8363,860
8364,860
8365,860
8366,860
8367,860
8368,860
8369,860
8370,860
8371,860
8372,860
8373,860
8374,860
8375,860
8376,860
8377,860
8378,860
8379,860
8380,860
8381,860
8382,860
8383,860
8384,860
8385,860
8386,860
8387,860
8388,860
8389,860
8390,860
8391,860
8392,860
8393,860
8394,860
8395,860
8396,860
8397,860
8398,860
8399,860
8400,860
8401,860
8402,860
8403,860
8404,860
8405,860
8406,860
8407,860
8408,860
8409,860
8410,860
8411,860
8412,860
8413,860
8414,860
8415,860
8416,860
8417,860
8418,860
8419,860
8420,860
8421,860
8422,860
8423,860
8424,860
8425,860
8426,860
8427,860
8428,860
8429,860
8430,860
8431,860
8432,860
8433,860
8434,860
8435,860
8436,860
8437,860
8438,860
8439,860
8440,860
8441,860
8442,860
8443,860
8444,860
8445,860
8446,860
8447,860
8448,860
8449,860
8450,860
8451,860
8452,860
8453,860
8454,860
8455,860
8456,860
8457,860
8458,860
8459,860
8460,860
8461,860
8462,860
8463,860
8464,860
8465,860
8466,860
8467,860
8468,860
8469,860
8470,860
8471,860
8472,860
8473,860
8474,860
8475,860
8476,860
8477,860
8478,860
8479,860
8480,860
8481,860
8482,860
8483,860
8484,860
8485,860
8486,860
8487,860
8488,860
8489,860
8490,860
8491,860
8492,860
8493,860
8494,860
8495,860
8496,860
8497,860
8498,860
8499,860
8500,860
8501,860
8502,860
8503,860
8504,860
8505,860
8506,860
8507,860
8508,860
8509,860
8510,860
8511,860
8512,860
8513,860
8514,860
8515,860
8516,860
8517,860
8518,860
8519,860
8520,860
8521,860
8522,860
8523,860
8524,860
8525,860
8526,860
8527,860
8528,860
8529,860
8530,860
8531,860
8532,860
8533,860
8534,860
8535,860
8536,860
8537,860
8538,860
8539,860
8540,860
8541,860
8542,860
8543,860
8544,860
8545,860
8546,860
8547,860
8548,860
8549,860
8550,860
8551,860
8552,860
8553,860
8554,860
8555,860
8556,860
8557,860
8558,860
8559,860
8560,860
8561,860
8562,860
8563,860
8564,860
8565,860
8566,860
8567,860
8568,860
8569,860
8570,860
8571,860
8572,860
8573,860
8574,860
8575,860
8576,860
8577,860
8578,860
8579,860
8580,860
8581,860
8582,860
8583,860
8584,860
8585,860
8586,860
8587,860
8588,860
8589,860
8590,860
8591,860
8592,860
8593,860
8594,860
8595,860
8596,860
8597,860
8598,860
8599,860
8600,860
8601,860
8602,860
8603,860
8604,860
8605,860
8606,860
8607,860
8608,860
8609,860
8610,860
8611,860
8612,860
8613,860
8614,860
8615,860
8616,860
8617,860
8618,860
8619,860
8620,860
8621,860
8622,860
8623,860
8624,860
8625,860
8626,860
8627,860
8628,860
8629,860
8630,860
8631,860
8632,860
8633,860
8634,860
8635,860
8636,860
8637,860
8638,860
8639,860
8640,860
8641,860
8642,860
8643,860
8644,860
8645,860
8646,860
8647,860
8648,860
8649,860
8650,860
8651,860
8652,860
8653,860
8654,860
8655,860
8656,860
8657,860
8658,860
8659,860
8660,860
8661,860
8662,860
8663,860
8664,860
8665,860
8666,860
8667,860
8668,860
8669,860
8670,860
8671,860
8672,860
8673,860
8674,860
8675,860
8676,860
8677,860
8678,860
8679,860
8680,860
8681,860
8682,860
8683,860
8684,860
8685,860
8686,860
8687,860
8688,860
8689,860
8690,860
8691,860
8692,860
8693,860
8694,860
8695,860
8696,860
8697,860
8698,860
8699,860
8700,860
8701,860
8702,860
8703,860
8704,860
8705,860
8706,860
8707,860
8708,860
8709,860
8710,860
8711,860
8712,860
8713,860
8714,860
8715,860
8716,860
8717,860
8718,860
8719,860
8720,860
8721,860
8722,860
8723,860
8724,860
8725,860
8726,860
8727,860
8728,860
8729,860
8730,860
8731,860
8732,860
8733,860
8734,860
8735,860
8736,860
8737,860
8738,860
8739,860
8740,860
8741,860
8742,860
8743,860
8744,860
8745,860
8746,860
8747,860
8748,860
8749,860
8750,860
8751,860
8752,860
8753,860
8754,860
8755,860
8756,860
8757,860
8758,860
8759,860
8760,860
8761,860
8762,860
8763,860
8764,860
8765,860
8766,860
8767,860
8768,860
8769,860
8770,860
8771,860
8772,860
8773,860
8774,860
8775,860
8776,860
8777,860
8778,860
8779,860
8780,860
8781,860
8782,860
8783,860
8784,860
8785,860
8786,860
8787,860
8788,860
8789,860
8790,860
8791,860
8792,860
8793,860
8794,860
8795,860
8796,860
8797,860
8798,860
8799,860
8800,860
8801,860
8802,860
8803,860
8804,860
8805,860
8806,860
8807,860
8808,860
8809,860
8810,860
8811,860
8812,860
8813,860
8814,860
8815,860
8816,860
8817,860
8818,860
8819,860
8820,860
8821,860
8822,860
8823,860
8824,860
8825,860
8826,860
8827,860
8828,860
8829,860
8830,860
8831,860
8832,860
8833,860
8834,860
8835,860
8836,860
8837,860
8838,860
8839,860
8840,860
8841,860
8842,860
8843,860
8844,860
8845,860
8846,860
8847,860
8848,860
8849,860
8850,860
8851,860
8852,860
8853,860
8854,860
8855,860
8856,860
8857,860
8858,860
8859,860
8860,860
8861,860
8862,860
8863,860
8864,860
8865,860
8866,860
8867,860
8868,860
8869,860
8870,860
8871,860
8872,860
8873,860
8874,860
8875,860
8876,860
8877,860
8878,860
8879,860
8880,860
8881,860
8882,860
8883,860
8884,860
8885,860
8886,860
8887,860
8888,860
8889,860
8890,860
8891,860
8892,860
8893,860
8894,860
8895,860
8896,860
8897,860
8898,860
8899,860
8900,860
8901,860
8902,860
8903,860
8904,860
8905,860
8906,860
8907,860
8908,860
8909,860
8910,860
8911,860
8912,860
8913,860
8914,860
8915,860
8916,860
8917,860
8918,860
8919,860
8920,860
8921,860
8922,860
8923,860
8924,860
8925,860
8926,860
8927,860
8928,860
8929,860
8930,860
8931,860
8932,860
8933,860
8934,860
8935,860
8936,860
8937,860
8938,860
8939,860
8940,860
8941,860
8942,860
8943,860
8944,860
8945,860
8946,860
8947,860
8948,860
8949,860
8950,860
8951,860
8952,860
8953,860
8954,860
8955,860
8956,860
8957,860
8958,860
8959,860
8960,860
8961,860
8962,860
8963,860
8964,860
8965,860
8966,860
8967,860
8968,860
8969,860
8970,860
8971,860
8972,860
8973,860
8974,860
8975,860
8976,860
8977,860
8978,860
8979,860
8980,860
8981,860
8982,860
8983,860
8984,860
8985,860
8986,860
8987,860
8988,860
8989,860
8990,860
8991,860
8992,860
8993,860
8994,860
8995,860
8996,860
8997,860
8998,860
8999,860
9000,860
9001,860
9002,860
9003,860
9004,860
9005,860
9006,860
9007,860
9008,860
9009,860
9010,860
9011,860
9012,860
9013,860
9014,860
9015,860
9016,860
9017,860
9018,860
9019,860
9020,860
9021,860
9022,860
9023,860
9024,860
9025,860
9026,860
9027,860
9028,860
9029,860
9030,860
9031,860
9032,860
9033,860
9034,860
9035,860
9036,860
9037,860
9038,860
9039,860
9040,860
9041,860
9042,860
9043,860
9044,860
9045,860
9046,860
9047,860
9048,860
9049,860
9050,860
9051,860
9052,860
9053,860
9054,860
9055,860
9056,860
9057,860
9058,860
9059,860
9060,860
9061,860
9062,860
9063,860
9064,860
9065,860
9066,860
9067,860
9068,860
9069,860
9070,860
9071,860
9072,860
9073,860
9074,860
9075,860
9076,860
9077,860
9078,860
9079,860
9080,860
9081,860
9082,860
9083,860
9084,860
9085,860
9086,860
9087,860
9088,860
9089,860
9090,860
9091,860
9092,860
9093,860
9094,860
9095,860
9096,860
9097,860
9098,860
9099,860
9100,860
9101,860
9102,860
9103,860
9104,860
9105,860
9106,860
9107,860
9108,860
9109,860
9110,860
9111,860
9112,860
9113,860
9114,860
9115,860
9116,860
9117,860
9118,860
9119,860
9120,860
9121,860
9122,860
9123,860
9124,860
9125,860
9126,860
9127,860
9128,860
9129,860
9130,860
9131,860
9132,860
9133,860
9134,860
9135,860
9136,860
9137,860
9138,860
9139,860
9140,860
9141,860
9142,860
9143,860
9144,860
9145,860
9146,860
9147,860
9148,860
9149,860
9150,860
9151,860
9152,860
9153,860
9154,860
9155,860
9156,860
9157,860
9158,860
9159,860
9160,860
9161,860
9162,860
9163,860
9164,860
9165,860
9166,860
9167,860
9168,860
9169,860
9170,860
9171,860
9172,860
9173,860
9174,860
9175,860
9176,860
9177,860
9178,860
9179,860
9180,860
9181,860
9182,860
9183,860
9184,860
9185,860
9186,860
9187,860
9188,860
9189,860
9190,860
9191,860
9192,860
9193,860
9194,860
9195,860
9196,860
9197,860
9198,860
9199,860
9200,860
9201,860
9202,860
9203,860
9204,860
9205,860
9206,860
9207,860
9208,860
9209,860
9210,860
9211,860
9212,860
9213,860
9214,860
9215,860
9216,860
9217,860
9218,860
9219,860
9220,860
9221,860
9222,860
9223,860
9224,860
9225,860
9226,860
9227,860
9228,860
9229,860
9230,860
9231,860
9232,860
9233,860
9234,860
9235,860
9236,860
9237,860
9238,860
9239,860
9240,860
9241,860
9242,860
9243,860
9244,860
9245,860
9246,860
9247,860
9248,860
9249,860
9250,860
9251,860
9252,860
9253,860
9254,860
9255,860
9256,860
9257,860
9258,860
9259,860
9260,860
9261,860
9262,860
9263,860
9264,860
9265,860
9266,860
9267,860
9268,860
9269,860
9270,860
9271,860
9272,860
9273,860
9274,860
9275,860
9276,860
9277,860
9278,860
9279,860
9280,860
9281,860
9282,860
9283,860
9284,860
9285,860
9286,860
9287,860
9288,860
9289,860
9290,860
9291,860
9292,860
9293,860
9294,860
9295,860
9296,860
9297,860
9298,860
9299,860
9300,860
9301,860
9302,860
9303,860
9304,860
9305,860
9306,860
9307,860
9308,860
9309,860
9310,860
9311,860
9312,860
9313,860
9314,860
9315,860
9316,860
9317,860
9318,860
9319,860
9320,860
9321,860
9322,860
9323,860
9324,860
9325,860
9326,860
9327,860
9328,860
9329,860
9330,860
9331,860
9332,860
9333,860
9334,860
9335,860
9336,860
9337,860
9338,860
9339,860
9340,860
9341,860
9342,860
9343,860
9344,860
9345,860
9346,860
9347,860
9348,860
9349,860
9350,860
9351,860
9352,860
9353,860
9354,860
9355,860
9356,860
9357,860
9358,860
9359,860
9360,860
9361,860
9362,860
9363,860
9364,860
9365,860
9366,860
9367,860
9368,860
9369,860
9370,860
9371,860
9372,860
9373,860
9374,860
9375,860
9376,860
9377,860
9378,860
9379,860
9380,860
9381,860
9382,860
9383,860
9384,860
9385,860
9386,860
9387,860
9388,860
9389,860
9390,860
9391,860
9392,860
9393,860
9394,860
9395,860
9396,860
9397,860
9398,860
9399,860
9400,860
9401,860
9402,860
9403,860
9404,860
9405,860
9406,860
9407,860
9408,860
9409,860
9410,860
9411,860
9412,860
9413,860
9414,860
9415,860
9416,860
9417,860
9418,860
9419,860
9420,860
9421,860
9422,860
9423,860
9424,860
9425,860
9426,860
9427,860
9428,860
9429,860
9430,860
9431,860
9432,860
9433,860
9434,860
9435,860
9436,860
9437,860
9438,860
9439,860
9440,860
9441,860
9442,860
9443,860
9444,860
9445,860
9446,860
9447,860
9448,860
9449,860
9450,860
9451,860
9452,860
9453,860
9454,860
9455,860
9456,860
9457,860
9458,860
9459,860
9460,860
9461,860
9462,860
9463,860
9464,860
9465,860
9466,860
9467,860
9468,860
9469,860
9470,860
9471,860
9472,860
9473,860
9474,860
9475,860
9476,860
9477,860
9478,860
9479,860
9480,860
9481,860
9482,860
9483,860
9484,860
9485,860
9486,860
9487,860
9488,860
9489,860
9490,860
9491,860
9492,860
9493,860
9494,860
9495,860
9496,860
9497,860
9498,860
9499,860
9500,860
9501,860
9502,860
9503,860
9504,860
9505,860
9506,860
9507,860
9508,860
9509,860
9510,860
9511,860
9512,860
9513,860
9514,860
9515,860
9516,860
9517,860
9518,860
9519,860
9520,860
9521,860
9522,860
9523,860
9524,860
9525,860
9526,860
9527,860
9528,860
9529,860
9530,860
9531,860
9532,860
9533,860
9534,860
9535,860
9536,860
9537,860
9538,860
9539,860
9540,860
9541,860
9542,860
9543,860
9544,860
9545,860
9546,860
9547,860
9548,860
9549,860
9550,860
9551,860
9552,860
9553,860
9554,860
9555,860
9556,860
9557,860
9558,860
9559,860
9560,860
9561,860
9562,860
9563,860
9564,860
9565,860
9566,860
9567,860
9568,860
9569,860
9570,860
9571,860
9572,860
9573,860
9574,860
9575,860
9576,860
9577,860
9578,860
9579,860
9580,860
9581,860
9582,860
9583,860
9584,860
9585,860
9586,860
9587,860
9588,860
9589,860
9590,860
9591,860
9592,860
9593,860
9594,860
9595,860
9596,860
9597,860
9598,860
9599,860
9600,860
9601,860
9602,860
9603,860
9604,860
9605,860
9606,860
9607,860
9608,860
9609,860
9610,860
9611,860
9612,860
9613,860
9614,860
9615,860
9616,860
9617,860
9618,860
9619,860
9620,860
9621,860
9622,860
9623,860
9624,860
9625,860
9626,860
9627,860
9628,860
9629,860
9630,860
9631,860
9632,860
9633,860
9634,860
9635,860
9636,860
9637,860
9638,860
9639,860
9640,860
9641,860
9642,860
9643,860
9644,860
9645,860
9646,860
9647,860
9648,860
9649,860
9650,860
9651,860
9652,860
9653,860
9654,860
9655,860
9656,860
9657,860
9658,860
9659,860
9660,860
9661,860
9662,860
9663,860
9664,860
9665,860
9666,860
9667,860
9668,860
9669,860
9670,860
9671,860
9672,860
9673,860
9674,860
9675,860
9676,860
9677,860
9678,860
9679,860
9680,860
9681,860
9682,860
9683,860
9684,860
9685,860
9686,860
9687,860
9688,860
9689,860
9690,860
9691,860
9692,860
9693,860
9694,860
9695,860
9696,860
9697,860
9698,860
9699,860
9700,860
9701,860
9702,860
9703,860
9704,860
9705,860
9706,860
9707,860
9708,860
9709,860
9710,860
9711,860
9712,860
9713,860
9714,860
9715,860
9716,860
9717,860
9718,860
9719,860
9720,860
9721,860
9722,860
9723,860
9724,860
9725,860
9726,860
9727,860
9728,860
9729,860
9730,860
9731,860
9732,860
9733,860
9734,860
9735,860
9736,860
9737,860
9738,860
9739,860
9740,860
9741,860
9742,860
9743,860
9744,860
9745,860
9746,860
9747,860
9748,860
9749,860
9750,860
9751,860
9752,860
9753,860
9754,860
9755,860
9756,860
9757,860
9758,860
9759,860
9760,860
9761,860
9762,860
9763,860
9764,860
9765,860
9766,860
9767,860
9768,860
9769,860
9770,860
9771,860
9772,860
9773,860
9774,860
9775,860
9776,860
9777,860
9778,860
9779,860
9780,860
9781,860
9782,860
9783,860
9784,860
9785,860
9786,860
9787,860
9788,860
9789,860
9790,860
9791,860
9792,860
9793,860
9794,860
9795,860
9796,860
9797,860
9798,860
9799,860
9800,860
9801,860
9802,860
9803,860
9804,860
9805,860
9806,860
9807,860
9808,860
9809,860
9810,860
9811,860
9812,860
9813,860
9814,860
9815,860
9816,860
9817,860
9818,860
9819,860
9820,860
9821,860
9822,860
9823,860
9824,860
9825,860
9826,860
9827,860
9828,860
9829,860
9830,860
9831,860
9832,860
9833,860
9834,860
9835,860
9836,860
9837,860
9838,860
9839,860
9840,860
9841,860
9842,860
9843,860
9844,860
9845,860
9846,860
9847,860
9848,860
9849,860
9850,860
9851,860
9852,860
9853,860
9854,860
9855,860
9856,860
9857,860
9858,860
9859,860
9860,860
9861,860
9862,860
9863,860
9864,860
9865,860
9866,860
9867,860
9868,860
9869,860
9870,860
9871,860
9872,860
9873,860
9874,860
9875,860
9876,860
9877,860
9878,860
9879,860
9880,860
9881,860
9882,860
9883,961
9884,961
9885,961
9886,961
9887,961
9888,961
9889,961
9890,961
9891,961
9892,961
9893,961
9894,961
9895,961
9896,961
9897,961
9898,961
9899,961
9900,961
9901,961
9902,961
9903,961
9904,961
9905,961
9906,961
9907,961
9908,961
9909,961
9910,961
9911,961
9912,961
9913,961
9914,961
9915,961
9916,961
9917,961
9918,961
9919,961
9920,961
9921,961
9922,961
9923,961
9924,961
9925,961
9926,961
9927,961
9928,961
9929,961
9930,961
9931,961
9932,961
9933,961
9934,961
9935,961
9936,961
9937,961
9938,961
9939,961
9940,961
9941,961
9942,961
9943,961
9944,961
9945,961
9946,961
9947,961
9948,961
9949,961
9950,961
9951,961
9952,961
9953,961
9954,961
9955,961
9956,961
9957,961
9958,961
9959,961
9960,961
9961,961
9962,961
9963,961
9964,961
9965,961
9966,961
9967,961
9968,961
9969,961
9970,961
9971,961
9972,961
9973,961
9974,961
9975,961
9976,961
9977,961
9978,961
9979,961
9980,961
9981,961
9982,961
9983,961
9984,961
9985,961
9986,961
9987,961
9988,961
9989,961
9990,961
9991,961
9992,961
9993,961
9994,961
9995,961
9996,961
9997,961
9998,961
9999,961
10000,961
10001,961
10002,961
10003,961
10004,961
10005,961
10006,961
10007,961
10008,961
10009,961
10010,961
10011,961
10012,961
10013,961
10014,961
10015,961
10016,961
10017,961
10018,961
10019,961
10020,961
10021,961
10022,961
10023,961
10024,961
10025,961
10026,961
10027,961
10028,961
10029,961
10030,961
10031,961
10032,961
10033,961
10034,961
10035,961
10036,961
10037,961
10038,961
10039,961
10040,961
10041,961
10042,961
10043,961
10044,961
10045,961
10046,961
10047,961
10048,961
10049,961
10050,961
10051,961
10052,961
10053,961
10054,961
10055,961
10056,961
10057,961
10058,961
10059,961
10060,961
10061,961
10062,961
10063,961
10064,961
10065,961
10066,961
10067,961
10068,961
10069,961
10070,961
10071,961
10072,961
10073,961
10074,961
10075,961
10076,961
10077,961
10078,961
10079,961
10080,961
10081,961
10082,961
10083,961
10084,961
10085,961
10086,961
10087,961
10088,961
10089,961
10090,961
10091,961
10092,961
10093,961
10094,961
10095,961
10096,961
10097,961
10098,961
10099,961
10100,961
10101,961
10102,961
10103,961
10104,961
10105,961
10106,961
10107,961
10108,961
10109,961
10110,961
10111,961
10112,961
10113,961
10114,961
10115,961
10116,961
10117,961
10118,961
10119,961
10120,961
10121,961
10122,961
10123,961
10124,961
10125,961
10126,961
10127,961
10128,961
10129,961
10130,961
10131,961
10132,961
10133,961
10134,961
10135,961
10136,961
10137,961
10138,961
10139,961
10140,961
10141,961
10142,961
10143,961
10144,961
10145,961
10146,961
10147,961
10148,961
10149,961
10150,961
10151,961
10152,961
10153,961
10154,961
10155,961
10156,961
10157,961
10158,961
10159,961
10160,961
10161,961
10162,961
10163,961
10164,961
10165,961
10166,961
10167,961
10168,961
10169,961
10170,961
10171,961
10172,961
10173,961
10174,961
10175,961
10176,961
10177,961
10178,961
10179,961
10180,961
10181,961
10182,961
10183,961
10184,961
10185,961
10186,961
10187,961
10188,961
10189,961
10190,961
10191,961
10192,961
10193,961
10194,961
10195,961
10196,961
10197,961
10198,961
10199,961
10200,961
10201,961
10202,961
10203,961
10204,961
10205,961
10206,961
10207,961
10208,961
10209,961
10210,961
10211,961
10212,961
10213,961
10214,961
10215,961
10216,961
10217,961
10218,961
10219,961
10220,961
10221,961
10222,961
10223,961
10224,961
10225,961
10226,961
10227,961
10228,961
10229,961
10230,961
10231,961
10232,961
10233,961
10234,961
10235,961
10236,961
10237,961
10238,961
10239,961
10240,961
10241,961
10242,961
10243,961
10244,961
10245,961
10246,961
10247,961
10248,961
10249,961
10250,961
10251,961
10252,961
10253,961
10254,961
10255,961
10256,961
10257,961
10258,961
10259,961
10260,961
10261,961
10262,961
10263,961
10264,961
10265,961
10266,961
10267,961
10268,961
10269,961
10270,961
10271,961
10272,961
10273,961
10274,961
10275,961
10276,961
10277,961
10278,961
10279,961
10280,961
10281,961
10282,961
10283,961
10284,961
10285,961
10286,961
10287,961
10288,961
10289,961
10290,961
10291,961
10292,961
10293,961
10294,961
10295,961
10296,961
10297,961
10298,961
10299,961
10300,961
10301,961
10302,961
10303,961
10304,961
10305,961
10306,961
10307,961
10308,961
10309,961
10310,961
10311,961
10312,961
10313,961
10314,961
10315,961
10316,961
10317,961
10318,961
10319,961
10320,961
10321,961
10322,961
10323,961
10324,961
10325,961
10326,961
10327,961
10328,961
10329,961
10330,961
10331,961
10332,961
10333,961
10334,961
10335,961
10336,961
10337,961
10338,961
10339,961
10340,961
10341,961
10342,961
10343,961
10344,961
10345,961
10346,961
10347,961
10348,961
10349,961
10350,961
10351,961
10352,961
10353,961
10354,961
10355,961
10356,961
10357,961
10358,961
10359,961
10360,961
10361,961
10362,961
10363,961
10364,961
10365,961
10366,961
10367,961
10368,961
10369,961
10370,961
10371,961
10372,961
10373,961
10374,961
10375,961
10376,961
10377,961
10378,961
10379,961
10380,961
10381,961
10382,961
10383,961
10384,961
10385,961
10386,961
10387,961
10388,961
10389,961
10390,961
10391,961
10392,961
10393,961
10394,961
10395,961
10396,961
10397,961
10398,961
10399,961
10400,961
10401,961
10402,961
10403,961
10404,961
10405,961
10406,961
10407,961
10408,961
10409,961
10410,961
10411,961
10412,961
10413,961
10414,961
10415,961
10416,961
10417,961
10418,961
10419,961
10420,961
10421,961
10422,961
10423,961
10424,961
10425,961
10426,961
10427,961
10428,961
10429,961
10430,961
10431,961
10432,961
10433,961
10434,961
10435,961
10436,961
10437,961
10438,961
10439,961
10440,961
10441,961
10442,961
10443,961
10444,961
10445,961
10446,961
10447,961
10448,961
10449,961
10450,961
10451,961
10452,961
10453,961
10454,961
10455,961
10456,961
10457,961
10458,961
10459,961
10460,961
10461,961
10462,961
10463,961
10464,961
10465,961
10466,961
10467,961
10468,961
10469,961
10470,961
10471,961
10472,961
10473,961
10474,961
10475,961
10476,961
10477,961
10478,961
10479,961
10480,961
10481,961
10482,961
10483,961
10484,961
10485,961
10486,961
10487,961
10488,961
10489,961
10490,961
10491,961
10492,961
10493,961
10494,961
10495,961
10496,961
10497,961
10498,961
10499,961
10500,961
10501,961
10502,961
10503,961
10504,961
10505,961
10506,961
10507,961
10508,961
10509,961
10510,961
10511,961
10512,961
10513,961
10514,961
10515,961
10516,961
10517,961
10518,961
10519,961
10520,961
10521,961
10522,961
10523,961
10524,961
10525,961
10526,961
10527,961
10528,961
10529,961
10530,961
10531,961
10532,961
10533,961
10534,961
10535,961
10536,961
10537,961
10538,961
10539,961
10540,961
10541,961
10542,961
10543,961
10544,961
10545,961
10546,961
10547,961
10548,961
10549,961
10550,961
10551,961
10552,961
10553,961
10554,961
10555,961
10556,961
10557,961
10558,961
10559,961
10560,961
10561,961
10562,961
10563,961
10564,961
10565,961
10566,961
10567,961
10568,961
10569,961
10570,961
10571,961
10572,961
10573,961
10574,961
10575,961
10576,961
10577,961
10578,961
10579,961
10580,961
10581,961
10582,961
10583,961
10584,961
10585,961
10586,961
10587,961
10588,961
10589,961
10590,961
10591,961
10592,961
10593,961
10594,961
10595,961
10596,961
10597,961
10598,961
10599,961
10600,961
10601,961
10602,961
10603,961
10604,961
10605,961
10606,961
10607,961
10608,961
10609,961
10610,961
10611,961
10612,961
10613,961
10614,961
10615,961
10616,961
10617,961
10618,961
10619,961
10620,961
10621,961
10622,961
10623,961
10624,961
10625,961
10626,961
10627,961
10628,961
10629,961
10630,961
10631,961
10632,961
10633,961
10634,961
10635,961
10636,961
10637,961
10638,961
10639,961
10640,961
10641,961
10642,961
10643,961
10644,961
10645,961
10646,961
10647,961
10648,961
10649,961
10650,961
10651,961
10652,961
10653,961
10654,961
10655,961
10656,961
10657,961
10658,961
10659,961
10660,961
10661,961
10662,961
10663,961
10664,961
10665,961
10666,961
10667,961
10668,961
10669,961
10670,961
10671,961
10672,961
10673,961
10674,961
10675,961
10676,961
10677,961
10678,961
10679,961
10680,961
10681,961
10682,961
10683,961
10684,961
10685,961
10686,961
10687,961
10688,961
10689,961
10690,961
10691,961
10692,961
10693,961
10694,961
10695,961
10696,961
10697,961
10698,961
10699,961
10700,961
10701,961
10702,961
10703,961
10704,961
10705,961
10706,961
10707,961
10708,961
10709,961
10710,961
10711,961
10712,961
10713,961
10714,961
10715,961
10716,961
10717,961
10718,961
10719,961
10720,961
10721,961
10722,961
10723,961
10724,961
10725,961
10726,961
10727,961
10728,961
10729,961
10730,961
10731,961
10732,961
10733,961
10734,961
10735,961
10736,961
10737,961
10738,961
10739,961
10740,961
10741,961
10742,961
10743,961
10744,961
10745,961
10746,961
10747,961
10748,961
10749,961
10750,961
10751,961
10752,961
10753,961
10754,961
10755,961
10756,961
10757,961
10758,961
10759,961
10760,961
10761,961
10762,961
10763,961
10764,961
10765,961
10766,961
10767,961
10768,961
10769,961
10770,961
10771,961
10772,961
10773,961
10774,961
10775,961
10776,961
10777,961
10778,961
10779,961
10780,961
10781,961
10782,961
10783,961
10784,961
10785,961
10786,961
10787,961
10788,961
10789,961
10790,961
10791,961
10792,961
10793,961
10794,961
10795,961
10796,961
10797,961
10798,961
10799,961
10800,961
10801,961
10802,961
10803,961
10804,961
10805,961
10806,961
10807,961
10808,961
10809,961
10810,961
10811,961
10812,961
10813,961
10814,961
10815,961
10816,961
10817,961
10818,961
10819,961
10820,961
10821,961
10822,961
10823,961
10824,961
10825,961
10826,961
10827,961
10828,961
10829,961
10830,961
10831,961
10832,961
10833,961
10834,961
10835,961
10836,961
10837,961
10838,961
10839,961
10840,961
10841,961
10842,961
10843,961
10844,961
10845,961
10846,961
10847,961
10848,961
10849,961
10850,961
10851,961
10852,961
10853,961
10854,961
10855,961
10856,961
10857,961
10858,961
10859,961
10860,961
10861,961
10862,961
10863,961
10864,961
10865,961
10866,961
10867,961
10868,961
10869,961
10870,961
10871,961
10872,961
10873,961
10874,961
10875,961
10876,961
10877,961
10878,961
10879,961
10880,961
10881,961
10882,961
10883,961
10884,961
10885,961
10886,961
10887,961
10888,961
10889,961
10890,961
10891,961
10892,961
10893,961
10894,961
10895,961
10896,961
10897,961
10898,961
10899,961
10900,961
10901,961
10902,961
10903,961
10904,961
10905,961
10906,961
10907,961
10908,961
10909,961
10910,961
10911,961
10912,961
10913,961
10914,961
10915,961
10916,961
10917,961
10918,961
10919,961
10920,961
10921,961
10922,961
10923,961
10924,961
10925,961
10926,961
10927,961
10928,961
10929,961
10930,961
10931,961
10932,961
10933,961
10934,961
10935,961
10936,961
10937,961
10938,961
10939,961
10940,961
10941,961
10942,961
10943,961
10944,961
10945,961
10946,961
10947,961
10948,961
10949,961
10950,961
10951,961
10952,961
10953,961
10954,961
10955,961
10956,961
10957,961
10958,961
10959,961
10960,961
10961,961
10962,961
10963,961
10964,961
10965,961
10966,961
10967,961
10968,961
10969,961
10970,961
10971,961
10972,961
10973,961
10974,961
10975,961
10976,961
10977,961
10978,961
10979,961
10980,961
10981,961
10982,961
10983,961
10984,961
10985,961
10986,961
10987,961
10988,961
10989,961
10990,961
10991,961
10992,961
10993,961
10994,961
10995,961
10996,961
10997,961
10998,961
10999,961
11000,961
11001,961
11002,961
11003,961
11004,961
11005,961
11006,961
11007,961
11008,961
11009,961
11010,961
11011,961
11012,961
11013,961
11014,961
11015,961
11016,961
11017,961
11018,961
11019,961
11020,961
11021,961
11022,961
11023,961
11024,961
11025,961
11026,961
11027,961
11028,961
11029,961
11030,961
11031,961
11032,961
11033,961
11034,961
11035,961
11036,961
11037,961
11038,961
11039,961
11040,961
11041,961
11042,961
11043,961
11044,961
11045,961
11046,961
11047,961
11048,961
11049,961
11050,961
11051,961
11052,961
11053,961
11054,961
11055,961
11056,961
11057,961
11058,961
11059,961
11060,961
11061,961
11062,961
11063,961
11064,961
11065,961
11066,961
11067,961
11068,961
11069,961
11070,961
11071,961
11072,961
11073,961
11074,961
11075,961
11076,961
11077,961
11078,961
11079,961
11080,961
11081,961
11082,961
11083,961
11084,961
11085,961
11086,961
11087,961
11088,961
11089,961
11090,961
11091,961
11092,961
11093,961
11094,961
11095,961
11096,961
11097,961
11098,961
11099,961
11100,961
11101,961
11102,961
11103,961
11104,961
11105,961
11106,961
11107,961
11108,961
11109,961
11110,961
11111,961
11112,961
11113,961
11114,961
11115,961
11116,961
11117,961
11118,961
11119,961
11120,961
11121,961
11122,961
11123,961
11124,961
11125,961
11126,961
11127,961
11128,961
11129,961
11130,961
11131,961
11132,961
11133,961
11134,961
11135,961
11136,961
11137,961
11138,961
11139,961
11140,961
11141,961
11142,961
11143,961
11144,961
11145,961
11146,961
11147,961
11148,961
11149,961
11150,961
11151,961
11152,961
11153,961
11154,961
11155,961
11156,961
11157,961
11158,961
11159,961
11160,961
11161,961
11162,961
11163,961
11164,961
11165,961
11166,961
11167,961
11168,961
11169,961
11170,961
11171,961
11172,961
11173,961
11174,961
11175,961
11176,961
11177,961
11178,961
11179,961
11180,961
11181,961
11182,961
11183,961
11184,961
11185,961
11186,961
11187,961
11188,961
11189,961
11190,961
11191,961
11192,961
11193,961
11194,961
11195,961
11196,961
11197,961
11198,961
11199,961
11200,961
11201,961
11202,961
11203,961
11204,961
11205,961
11206,961
11207,961
11208,961
11209,961
11210,961
11211,961
11212,961
11213,961
11214,961
11215,961
11216,961
11217,961
11218,961
11219,961
11220,961
11221,961
11222,961
11223,961
11224,961
11225,961
11226,961
11227,961
11228,961
11229,961
11230,961
11231,961
11232,961
11233,961
11234,961
11235,961
11236,961
11237,961
11238,961
11239,961
11240,961
11241,961
11242,961
11243,961
11244,961
11245,961
11246,961
11247,961
11248,961
11249,961
11250,961
11251,961
11252,961
11253,961
11254,961
11255,961
11256,961
11257,961
11258,961
11259,961
11260,961
11261,961
11262,961
11263,961
11264,961
11265,961
11266,961
11267,961
11268,961
11269,961
11270,961
11271,961
11272,961
11273,961
11274,961
11275,961
11276,961
11277,961
11278,961
11279,961
11280,961
11281,961
11282,961
11283,961
11284,961
11285,961
11286,961
11287,961
11288,961
11289,961
11290,961
11291,961
11292,961
11293,961
11294,961
11295,961
11296,961
11297,961
11298,961
11299,961
11300,961
11301,961
11302,961
11303,961
11304,961
11305,961
11306,961
11307,961
11308,961
11309,961
11310,961
11311,961
11312,961
11313,961
11314,961
11315,961
11316,961
11317,961
11318,961
11319,961
11320,961
11321,961
11322,961
11323,961
11324,961
11325,961
11326,961
11327,961
11328,961
11329,961
11330,961
11331,961
11332,961
11333,961
11334,961
11335,961
11336,961
11337,961
11338,961
11339,961
11340,961
11341,961
11342,961
11343,961
11344,961
11345,961
11346,961
11347,961
11348,961
11349,961
11350,961
11351,961
11352,961
11353,961
11354,961
11355,961
11356,961
11357,961
11358,961
11359,961
11360,961
11361,961
11362,961
11363,961
11364,961
11365,961
11366,961
11367,961
11368,961
11369,961
11370,961
11371,961
11372,961
11373,961
11374,961
11375,961
11376,961
11377,961
11378,961
11379,961
11380,961
11381,961
11382,961
11383,961
11384,961
11385,961
11386,961
11387,961
11388,961
11389,961
11390,961
11391,961
11392,961
11393,961
11394,961
11395,961
11396,961
11397,961
11398,961
11399,961
11400,961
11401,961
11402,961
11403,961
11404,961
11405,961
11406,961
11407,961
11408,961
11409,961
11410,961
11411,961
11412,961
11413,961
11414,961
11415,961
11416,961
11417,961
11418,961
11419,961
11420,961
11421,961
11422,961
11423,961
11424,961
11425,961
11426,961
11427,961
11428,961
11429,961
11430,961
11431,961
11432,961
11433,961
11434,961
11435,961
11436,961
11437,961
11438,961
11439,961
11440,961
11441,961
11442,961
11443,961
11444,961
11445,961
11446,961
11447,961
11448,961
11449,961
11450,961
11451,961
11452,961
11453,961
11454,961
11455,961
11456,961
11457,961
11458,961
11459,961
11460,961
11461,961
11462,961
11463,961
11464,961
11465,961
11466,961
11467,961
11468,961
11469,961
11470,961
11471,961
11472,961
11473,961
11474,961
11475,961
11476,961
11477,961
11478,961
11479,961
11480,961
11481,961
11482,961
11483,961
11484,961
11485,961
11486,961
11487,961
11488,961
11489,961
11490,961
11491,961
11492,961
11493,961
11494,961
11495,961
11496,961
11497,961
11498,961
11499,961
11500,961
11501,961
11502,961
11503,961
11504,961
11505,961
11506,961
11507,961
11508,961
11509,961
11510,961
11511,961
11512,961
11513,961
11514,961
11515,961
11516,961
11517,961
11518,961
11519,961
11520,961
11521,961
11522,961
11523,961
11524,961
11525,961
11526,961
11527,961
11528,961
11529,961
11530,961
11531,961
11532,961
11533,961
11534,961
11535,961
11536,961
11537,961
11538,961
11539,961
11540,961
11541,961
11542,961
11543,961
11544,961
11545,961
11546,961
11547,961
11548,961
11549,961
11550,961
11551,961
11552,961
11553,961
11554,961
11555,961
11556,961
11557,961
11558,961
11559,961
11560,961
11561,961
11562,961
11563,961
11564,961
11565,961
11566,961
11567,961
11568,961
11569,961
11570,961
11571,961
11572,961
11573,961
11574,961
11575,961
11576,961
11577,961
11578,961
11579,961
11580,961
11581,961
11582,961
11583,961
11584,961
11585,961
11586,961
11587,961
11588,961
11589,961
11590,961
11591,961
11592,961
11593,961
11594,961
11595,961
11596,961
11597,961
11598,961
11599,961
11600,961
11601,961
11602,961
11603,961
11604,961
11605,961
11606,961
11607,961
11608,961
11609,961
11610,961
11611,961
11612,961
11613,961
11614,961
11615,961
11616,961
11617,961
11618,961
11619,961
11620,961
11621,961
11622,961
11623,961
11624,961
11625,961
11626,961
11627,961
11628,961
11629,961
11630,961
11631,961
11632,961
11633,961
11634,961
11635,961
11636,961
11637,961
11638,961
11639,961
11640,961
11641,961
11642,961
11643,961
11644,961
11645,961
11646,961
11647,961
11648,961
11649,961
11650,961
11651,961
11652,961
11653,961
11654,961
11655,961
11656,961
11657,961
11658,961
11659,961
11660,961
11661,961
11662,961
11663,961
11664,961
11665,961
11666,961
11667,961
11668,961
11669,961
11670,961
11671,961
11672,961
11673,961
11674,961
11675,961
11676,961
11677,961
11678,961
11679,961
11680,961
11681,961
11682,961
11683,961
11684,961
11685,961
11686,961
11687,961
11688,961
11689,961
11690,961
11691,961
11692,961
11693,961
11694,961
11695,961
11696,961
11697,961
11698,961
11699,961
11700,961
11701,961
11702,961
11703,961
11704,961
11705,961
11706,961
11707,961
11708,961
11709,961
11710,961
11711,961
11712,961
11713,961
11714,961
11715,961
11716,961
11717,961
11718,961
11719,961
11720,961
11721,961
11722,961
11723,961
11724,961
11725,961
11726,961
11727,961
11728,961
11729,961
11730,961
11731,961
11732,961
11733,961
11734,961
11735,961
11736,961
11737,961
11738,961
11739,961
11740,961
11741,961
11742,961
11743,961
11744,961
11745,961
11746,961
11747,961
11748,961
11749,961
11750,961
11751,961
11752,961
11753,961
11754,961
11755,961
11756,961
11757,961
11758,961
11759,961
11760,961
11761,961
11762,961
11763,961
11764,961
11765,961
11766,961
11767,961
11768,961
11769,961
11770,961
11771,961
11772,961
11773,961
11774,961
11775,961
11776,961
11777,961
11778,961
11779,961
11780,961
11781,961
11782,961
11783,961
11784,961
11785,961
11786,961
11787,961
11788,961
11789,961
11790,961
11791,961
11792,961
11793,961
11794,961
11795,961
11796,961
11797,961
11798,961
11799,961
11800,961
11801,961
11802,961
11803,961
11804,961
11805,961
11806,961
11807,961
11808,961
11809,961
11810,961
11811,961
11812,961
11813,961
11814,961
11815,961
11816,961
11817,961
11818,961
11819,961
11820,961
11821,961
11822,961
11823,961
11824,961
11825,961
11826,961
11827,961
11828,961
11829,961
11830,961
11831,961
11832,961
11833,961
11834,961
11835,961
11836,961
11837,961
11838,961
11839,961
11840,961
11841,961
11842,961
11843,961
11844,961
11845,961
11846,961
11847,961
11848,961
11849,961
11850,961
11851,961
11852,961
11853,961
11854,961
11855,961
11856,961
11857,961
11858,961
11859,961
11860,961
11861,961
11862,961
11863,961
11864,961
11865,961
11866,961
11867,961
11868,961
11869,961
11870,961
11871,961
11872,961
11873,961
11874,961
11875,961
11876,961
11877,961
11878,961
11879,961
11880,961
11881,961
11882,961
11883,961
11884,961
11885,961
11886,961
11887,961
11888,961
11889,961
11890,961
11891,961
11892,961
11893,961
11894,961
11895,961
11896,961
11897,961
11898,961
11899,961
11900,961
11901,961
11902,961
11903,961
11904,961
11905,961
11906,961
11907,961
11908,961
11909,961
11910,961
11911,961
11912,961
11913,961
11914,961
11915,961
11916,961
11917,961
11918,961
11919,961
11920,961
11921,961
11922,961
11923,961
11924,961
11925,961
11926,961
11927,961
11928,961
11929,961
11930,961
11931,961
11932,961
11933,961
11934,961
11935,961
11936,961
11937,961
11938,961
11939,961
11940,961
11941,961
11942,961
11943,961
11944,961
11945,961
11946,961
11947,961
11948,961
11949,961
11950,961
11951,961
11952,961
11953,961
11954,961
11955,961
11956,961
11957,961
11958,961
11959,961
11960,961
11961,961
11962,961
11963,961
11964,961
11965,961
11966,961
11967,961
11968,961
11969,961
11970,961
11971,961
11972,961
11973,961
11974,961
11975,961
11976,961
11977,961
11978,961
11979,961
11980,961
11981,961
11982,961
11983,961
11984,961
11985,961
11986,961
11987,961
11988,961
11989,961
11990,961
11991,961
11992,961
11993,961
11994,961
11995,961
11996,961
11997,961
11998,961
11999,961
12000,961
12001,961
12002,961
12003,961
12004,961
12005,961
12006,961
12007,961
12008,961
12009,961
12010,961
12011,961
12012,961
12013,961
12014,961
12015,961
12016,961
12017,961
12018,961
12019,961
12020,961
12021,961
12022,961
12023,961
12024,961
12025,961
12026,961
12027,961
12028,961
12029,961
12030,961
12031,961
12032,961
12033,961
12034,961
12035,961
12036,961
12037,961
12038,961
12039,961
12040,961
12041,961
12042,961
12043,961
12044,961
12045,961
12046,961
12047,961
12048,961
12049,961
12050,961
12051,961
12052,961
12053,961
12054,961
12055,961
12056,961
12057,961
12058,961
12059,961
12060,961
12061,961
12062,961
12063,961
12064,961
12065,961
12066,961
12067,961
12068,961
12069,961
12070,961
12071,961
12072,961
12073,961
12074,961
12075,961
12076,961
12077,961
12078,961
12079,961
12080,961
12081,961
12082,961
12083,961
12084,961
12085,961
12086,961
12087,961
12088,961
12089,961
12090,961
12091,961
12092,961
12093,961
12094,961
12095,961
12096,961
12097,961
12098,961
12099,961
12100,961
12101,961
12102,961
12103,961
12104,961
12105,961
12106,961
12107,961
12108,961
12109,961
12110,961
12111,961
12112,961
12113,961
12114,961
12115,961
12116,961
12117,961
12118,961
12119,961
12120,961
12121,961
12122,961
12123,961
12124,961
12125,961
12126,961
12127,961
12128,961
12129,961
12130,961
12131,961
12132,961
12133,961
12134,961
12135,961
12136,961
12137,961
12138,961
12139,961
12140,961
12141,961
12142,961
12143,961
12144,961
12145,961
12146,961
12147,961
12148,961
12149,961
12150,961
12151,961
12152,961
12153,961
12154,961
12155,961
12156,961
12157,961
12158,961
12159,961
12160,961
12161,961
12162,961
12163,961
12164,961
12165,961
12166,961
12167,961
12168,961
12169,961
12170,961
12171,961
12172,961
12173,961
12174,961
12175,961
12176,961
12177,961
12178,961
12179,961
12180,961
12181,961
12182,961
12183,961
12184,961
12185,961
12186,961
12187,961
12188,961
12189,961
12190,961
12191,961
12192,961
12193,961
12194,961
12195,961
12196,961
12197,961
12198,961
12199,961
12200,961
12201,961
12202,961
12203,961
12204,961
12205,961
12206,961
12207,961
12208,961
12209,961
12210,961
12211,961
12212,961
12213,961
12214,961
12215,961
12216,961
12217,961
12218,961
12219,961
12220,961
12221,961
12222,961
12223,961
12224,961
12225,961
12226,961
12227,961
12228,961
12229,961
12230,961
12231,961
12232,961
12233,961
12234,961
12235,961
12236,961
12237,961
12238,961
12239,961
12240,961
12241,961
12242,961
12243,961
12244,961
12245,961
12246,961
12247,961
12248,961
12249,961
12250,961
12251,961
12252,961
12253,961
12254,961
12255,961
12256,961
12257,961
12258,961
12259,961
12260,961
12261,961
12262,961
12263,961
12264,961
12265,961
12266,961
12267,961
12268,961
12269,961
12270,961
12271,961
12272,961
12273,961
12274,961
12275,961
12276,961
12277,961
12278,961
12279,961
12280,961
12281,961
12282,961
12283,961
12284,961
12285,961
12286,961
12287,961
12288,961
12289,961
12290,961
12291,961
12292,961
12293,961
12294,961
12295,961
12296,961
12297,961
12298,961
12299,961
12300,961
12301,961
12302,961
12303,961
12304,961
12305,961
12306,961
12307,961
12308,961
12309,961
12310,961
12311,961
12312,961
12313,961
12314,961
12315,961
12316,961
12317,961
12318,961
12319,961
12320,961
12321,961
12322,961
12323,961
12324,961
12325,961
12326,961
12327,961
12328,961
12329,961
12330,961
12331,961
12332,961
12333,961
12334,961
12335,961
12336,961
12337,961
12338,961
12339,961
12340,961
12341,961
12342,961
12343,961
12344,961
12345,961
12346,961
12347,961
12348,961
12349,961
12350,961
12351,961
12352,961
12353,961
12354,961
12355,961
12356,961
12357,961
12358,961
12359,961
12360,961
12361,961
12362,961
12363,961
12364,961
12365,961
12366,961
12367,961
12368,961
12369,961
12370,961
12371,961
12372,961
12373,961
12374,961
12375,961
12376,961
12377,961
12378,961
12379,961
12380,961
12381,961
12382,961
12383,961
12384,961
12385,961
12386,961
12387,961
12388,961
12389,961
12390,961
12391,961
12392,961
12393,961
12394,961
12395,961
12396,961
12397,961
12398,961
12399,961
12400,961
12401,961
12402,961
12403,961
12404,961
12405,961
12406,961
12407,961
12408,961
12409,961
12410,961
12411,961
12412,961
12413,961
12414,961
12415,961
12416,961
12417,961
12418,961
12419,961
12420,961
12421,961
12422,961
12423,961
12424,961
12425,961
12426,961
12427,961
12428,961
12429,961
12430,961
12431,961
12432,961
12433,961
12434,961
12435,961
12436,961
12437,961
12438,961
12439,961
12440,961
12441,961
12442,961
12443,961
12444,961
12445,961
12446,961
12447,961
12448,961
12449,961
12450,961
12451,961
12452,961
12453,961
12454,961
12455,961
12456,961
12457,961
12458,961
12459,961
12460,961
12461,961
12462,961
12463,961
12464,961
12465,961
12466,961
12467,961
12468,961
12469,961
12470,961
12471,961
12472,961
12473,961
12474,961
12475,961
12476,961
12477,961
12478,961
12479,961
12480,961
12481,961
12482,961
12483,961
12484,961
12485,961
12486,961
12487,961
12488,961
12489,961
12490,961
12491,961
12492,961
12493,961
12494,961
12495,961
12496,961
12497,961
12498,961
12499,961
12500,961
12501,961
12502,961
12503,961
12504,961
12505,961
12506,961
12507,961
12508,961
12509,961
12510,961
12511,961
12512,961
12513,961
12514,961
12515,961
12516,961
12517,961
12518,961
12519,961
12520,961
12521,961
12522,961
12523,961
12524,961
12525,961
12526,961
12527,961
12528,961
12529,961
12530,961
12531,961
12532,961
12533,961
12534,961
12535,961
12536,961
12537,961
12538,961
12539,961
12540,961
12541,961
12542,961
12543,961
12544,961
12545,961
12546,961
12547,961
12548,961
12549,961
12550,961
12551,961
12552,961
12553,961
12554,961
12555,961
12556,961
12557,961
12558,961
12559,961
12560,961
12561,961
12562,961
12563,961
12564,961
12565,961
12566,961
12567,961
12568,961
12569,961
12570,961
12571,961
12572,961
12573,961
12574,961
12575,961
12576,961
12577,961
12578,961
12579,961
12580,961
12581,961
12582,961
12583,961
12584,961
12585,961
12586,961
12587,961
12588,961
12589,961
12590,961
12591,961
12592,961
12593,961
12594,961
12595,961
12596,961
12597,961
12598,961
12599,961
12600,961
12601,961
12602,961
12603,961
12604,961
12605,961
12606,961
12607,961
12608,961
12609,961
12610,961
12611,961
12612,961
12613,961
12614,961
12615,961
12616,961
12617,961
12618,961
12619,961
12620,961
12621,961
12622,961
12623,961
12624,961
12625,961
12626,961
12627,961
12628,961
12629,961
12630,961
12631,961
12632,961
12633,961
12634,961
12635,961
12636,961
12637,961
12638,961
12639,961
12640,961
12641,961
12642,961
12643,961
12644,961
12645,961
12646,961
12647,961
12648,961
12649,961
12650,961
12651,961
12652,961
12653,961
12654,961
12655,961
12656,961
12657,961
12658,961
12659,961
12660,961
12661,961
12662,961
12663,961
12664,961
12665,961
12666,961
12667,961
12668,961
12669,961
12670,961
12671,961
12672,961
12673,961
12674,961
12675,961
12676,961
12677,961
12678,961
12679,961
12680,961
12681,961
12682,961
12683,961
12684,961
12685,961
12686,961
12687,961
12688,961
12689,961
12690,961
12691,961
12692,961
12693,961
12694,961
12695,961
12696,961
12697,961
12698,961
12699,961
12700,961
12701,961
12702,961
12703,961
12704,961
12705,961
12706,961
12707,961
12708,961
12709,961
12710,961
12711,961
12712,961
12713,961
12714,961
12715,961
12716,961
12717,961
12718,961
12719,961
12720,961
12721,961
12722,961
12723,961
12724,961
12725,961
12726,961
12727,961
12728,961
12729,961
12730,961
12731,961
12732,961
12733,961
12734,961
12735,961
12736,961
12737,961
12738,961
12739,961
12740,961
12741,961
12742,961
12743,961
12744,961
12745,961
12746,961
12747,961
12748,961
12749,961
12750,961
12751,961
12752,961
12753,961
12754,961
12755,961
12756,961
12757,961
12758,961
12759,961
12760,961
12761,961
12762,961
12763,961
12764,961
12765,961
12766,961
12767,961
12768,961
12769,961
12770,961
12771,961
12772,961
12773,961
12774,961
12775,961
12776,961
12777,961
12778,961
12779,961
12780,961
12781,961
12782,961
12783,961
12784,961
12785,961
12786,961
12787,961
12788,961
12789,961
12790,961
12791,961
12792,961
12793,961
12794,961
12795,961
12796,961
12797,961
12798,961
12799,961
12800,961
12801,961
12802,961
12803,961
12804,961
12805,961
12806,961
12807,961
12808,961
12809,961
12810,961
12811,961
12812,961
12813,961
12814,961
12815,961
12816,961
12817,961
12818,961
12819,961
12820,961
12821,961
12822,961
12823,961
12824,961
12825,961
12826,961
12827,961
12828,961
12829,961
12830,961
12831,961
12832,961
12833,961
12834,961
12835,961
12836,961
12837,961
12838,961
12839,961
12840,961
12841,961
12842,961
12843,961
12844,961
12845,961
12846,961
12847,961
12848,961
12849,961
12850,961
12851,961
12852,961
12853,961
12854,961
12855,961
12856,961
12857,961
12858,961
12859,961
12860,961
12861,961
12862,961
12863,961
12864,961
12865,961
12866,961
12867,961
12868,961
12869,961
12870,961
12871,961
12872,961
12873,961
12874,961
12875,961
12876,961
12877,961
12878,961
12879,961
12880,961
12881,961
12882,961
12883,961
12884,961
12885,961
12886,961
12887,961
12888,961
12889,961
12890,961
12891,961
12892,961
12893,961
12894,961
12895,961
12896,961
12897,961
12898,961
12899,961
12900,961
12901,961
12902,961
12903,961
12904,961
12905,961
12906,961
12907,961
12908,961
12909,961
12910,961
12911,961
12912,961
12913,961
12914,961
12915,961
12916,961
12917,961
12918,961
12919,961
12920,961
12921,961
12922,961
12923,961
12924,961
12925,961
12926,961
12927,961
12928,961
12929,961
12930,961
12931,961
12932,961
12933,961
12934,961
12935,961
12936,961
12937,961
12938,961
12939,961
12940,961
12941,961
12942,961
12943,961
12944,961
12945,961
12946,961
12947,961
12948,961
12949,961
12950,961
12951,961
12952,961
12953,961
12954,961
12955,961
12956,961
12957,961
12958,961
12959,961
12960,961
12961,961
12962,961
12963,961
12964,961
12965,961
12966,961
12967,961
12968,961
12969,961
12970,961
12971,961
12972,961
12973,961
12974,961
12975,961
12976,961
12977,961
12978,961
12979,961
12980,961
12981,961
12982,961
12983,961
12984,961
12985,961
12986,961
12987,961
12988,961
12989,961
12990,961
12991,961
12992,961
12993,961
12994,961
12995,961
12996,961
12997,961
12998,961
12999,961
13000,961
13001,961
13002,961
13003,961
13004,961
13005,961
13006,961
13007,961
13008,961
13009,961
13010,961
13011,961
13012,961
13013,961
13014,961
13015,961
13016,961
13017,961
13018,961
13019,961
13020,961
13021,961
13022,961
13023,961
13024,961
13025,961
13026,961
13027,961
13028,961
13029,961
13030,961
13031,961
13032,961
13033,961
13034,961
13035,961
13036,961
13037,961
13038,961
13039,961
13040,961
13041,961
13042,961
13043,961
13044,961
13045,961
13046,961
13047,961
13048,961
13049,961
13050,961
13051,961
13052,961
13053,961
13054,961
13055,961
13056,961
13057,961
13058,961
13059,961
13060,961
13061,961
13062,961
13063,961
13064,961
13065,961
13066,961
13067,961
13068,961
13069,961
13070,961
13071,961
13072,961
13073,961
13074,961
13075,961
13076,961
13077,961
13078,961
13079,961
13080,961
13081,961
13082,961
13083,961
13084,961
13085,961
13086,961
13087,961
13088,961
13089,961
13090,961
13091,961
13092,961
13093,961
13094,961
13095,961
13096,961
13097,961
13098,961
13099,961
13100,961
13101,961
13102,961
13103,961
13104,961
13105,961
13106,961
13107,961
13108,961
13109,961
13110,961
13111,961
13112,961
13113,961
13114,961
13115,961
13116,961
13117,961
13118,961
13119,961
13120,961
13121,961
13122,961
13123,961
13124,961
13125,961
13126,961
13127,961
13128,961
13129,961
13130,961
13131,961
13132,961
13133,961
13134,961
13135,961
13136,961
13137,961
13138,961
13139,961
13140,961
13141,961
13142,961
13143,961
13144,961
13145,961
13146,961
13147,961
13148,961
13149,961
13150,961
13151,961
13152,961
13153,961
13154,961
13155,961
13156,961
13157,961
13158,961
13159,961
13160,961
13161,961
13162,961
13163,961
13164,961
13165,961
13166,961
13167,961
13168,961
13169,961
13170,961
13171,961
13172,961
13173,961
13174,961
13175,961
13176,961
13177,961
13178,961
13179,961
13180,961
13181,961
13182,961
13183,961
13184,961
13185,961
13186,961
13187,961
13188,961
13189,961
13190,961
13191,961
13192,961
13193,961
13194,961
13195,961
13196,961
13197,961
13198,961
13199,961
13200,961
13201,961
13202,961
13203,961
13204,961
13205,961
13206,961
13207,961
13208,961
13209,961
13210,961
13211,961
13212,961
13213,961
13214,961
13215,961
13216,961
13217,961
13218,961
13219,961
13220,961
13221,961
13222,961
13223,961
13224,961
13225,961
13226,961
13227,961
13228,961
13229,961
13230,961
13231,961
13232,961
13233,961
13234,961
13235,961
13236,961
13237,961
13238,961
13239,961
13240,961
13241,961
13242,961
13243,961
13244,961
13245,961
13246,961
13247,961
13248,961
13249,961
13250,961
13251,961
13252,961
13253,961
13254,961
13255,961
13256,961
13257,961
13258,961
13259,961
13260,961
13261,961
13262,961
13263,961
13264,961
13265,961
13266,961
13267,961
13268,961
13269,961
13270,961
13271,961
13272,961
13273,961
13274,961
13275,961
13276,961
13277,961
13278,961
13279,961
13280,961
13281,961
13282,961
13283,961
13284,961
13285,961
13286,961
13287,961
13288,961
13289,961
13290,961
13291,961
13292,961
13293,961
13294,961
13295,961
13296,961
13297,961
13298,961
13299,961
13300,961
13301,961
13302,961
13303,961
13304,961
13305,961
13306,961
13307,961
13308,961
13309,961
13310,961
13311,961
13312,961
13313,961
13314,961
13315,961
13316,961
13317,961
13318,961
13319,961
13320,961
13321,961
13322,961
13323,961
13324,961
13325,961
13326,961
13327,961
13328,961
13329,961
13330,961
13331,961
13332,961
13333,961
13334,961
13335,961
13336,961
13337,961
13338,961
13339,961
13340,961
13341,961
13342,961
13343,961
13344,961
13345,961
13346,961
13347,961
13348,961
13349,961
13350,961
13351,961
13352,961
13353,961
13354,961
13355,961
13356,961
13357,961
13358,961
13359,961
13360,961
13361,961
13362,961
13363,961
13364,961
13365,961
13366,961
13367,961
13368,961
13369,961
13370,961
13371,961
13372,961
13373,961
13374,961
13375,961
13376,961
13377,961
13378,961
13379,961
13380,961
13381,961
13382,961
13383,961
13384,961
13385,961
13386,961
13387,961
13388,961
13389,961
13390,961
13391,961
13392,961
13393,961
13394,961
13395,961
13396,961
13397,961
13398,961
13399,961
13400,961
13401,961
13402,961
13403,961
13404,961
13405,961
13406,961
13407,961
13408,961
13409,961
13410,961
13411,961
13412,961
13413,961
13414,961
13415,961
13416,961
13417,961
13418,961
13419,961
13420,961
13421,961
13422,961
13423,961
13424,961
13425,961
13426,961
13427,961
13428,961
13429,961
13430,961
13431,961
13432,961
13433,961
13434,961
13435,961
13436,961
13437,961
13438,961
13439,961
13440,961
13441,961
13442,961
13443,961
13444,961
13445,961
13446,961
13447,961
13448,961
13449,961
13450,961
13451,961
13452,961
13453,961
13454,961
13455,961
13456,961
13457,961
13458,961
13459,961
13460,961
13461,961
13462,961
13463,961
13464,961
13465,961
13466,961
13467,961
13468,961
13469,961
13470,961
13471,961
13472,961
13473,961
13474,961
13475,961
13476,961
13477,961
13478,961
13479,961
13480,961
13481,961
13482,961
13483,961
13484,961
13485,961
13486,961
13487,961
13488,961
13489,961
13490,961
13491,961
13492,961
13493,961
13494,961
13495,961
13496,961
13497,961
13498,961
13499,961
13500,961
13501,961
13502,961
13503,961
13504,961
13505,961
13506,961
13507,961
13508,961
13509,961
13510,961
13511,961
13512,961
13513,961
13514,961
13515,961
13516,961
13517,961
13518,961
13519,961
13520,961
13521,961
13522,961
13523,961
13524,961
13525,961
13526,961
13527,961
13528,961
13529,961
13530,961
13531,961
13532,961
13533,961
13534,961
13535,961
13536,961
13537,961
13538,961
13539,961
13540,961
13541,961
13542,961
13543,961
13544,961
13545,961
13546,961
13547,961
13548,961
13549,961
13550,961
13551,961
13552,961
13553,961
13554,961
13555,961
13556,961
13557,961
13558,961
13559,961
13560,961
13561,961
13562,961
13563,961
13564,961
13565,961
13566,961
13567,961
13568,961
13569,961
13570,961
13571,961
13572,961
13573,961
13574,961
13575,961
13576,961
13577,961
13578,961
13579,961
13580,961
13581,961
13582,961
13583,961
13584,961
13585,961
13586,961
13587,961
13588,961
13589,961
13590,961
13591,961
13592,961
13593,961
13594,961
13595,961
13596,961
13597,961
13598,961
13599,961
13600,961
13601,961
13602,961
13603,961
13604,961
13605,961
13606,961
13607,961
13608,961
13609,961
13610,961
13611,961
13612,961
13613,961
13614,961
13615,961
13616,961
13617,961
13618,961
13619,961
13620,961
13621,961
13622,961
13623,961
13624,961
13625,961
13626,961
13627,961
13628,961
13629,961
13630,961
13631,961
13632,961
13633,961
13634,961
13635,961
13636,961
13637,961
13638,961
13639,961
13640,961
13641,961
13642,961
13643,961
13644,961
13645,961
13646,961
13647,961
13648,961
13649,961
13650,961
13651,961
13652,961
13653,961
13654,961
13655,961
13656,961
13657,961
13658,961
13659,961
13660,961
13661,961
13662,961
13663,961
13664,961
13665,961
13666,961
13667,961
13668,961
13669,961
13670,961
13671,961
13672,961
13673,961
13674,961
13675,961
13676,961
13677,961
13678,961
13679,961
13680,961
13681,961
13682,961
13683,961
13684,961
13685,961
13686,961
13687,961
13688,961
13689,961
13690,961
13691,961
13692,961
13693,961
13694,961
13695,961
13696,961
13697,961
13698,961
13699,961
13700,961
13701,961
13702,961
13703,961
13704,961
13705,961
13706,961
13707,961
13708,961
13709,961
13710,961
13711,961
13712,961
13713,961
13714,961
13715,961
13716,961
13717,961
13718,961
13719,961
13720,961
13721,961
13722,961
13723,961
13724,961
13725,961
13726,961
13727,961
13728,961
13729,961
13730,961
13731,961
13732,961
13733,961
13734,961
13735,961
13736,961
13737,961
13738,961
13739,961
13740,961
13741,961
13742,961
13743,961
13744,961
13745,961
13746,961
13747,961
13748,961
13749,961
13750,961
13751,961
13752,961
13753,961
13754,961
13755,961
13756,961
13757,961
13758,961
13759,961
13760,961
13761,961
13762,961
13763,961
13764,961
13765,961
13766,961
13767,961
13768,961
13769,961
13770,961
13771,961
13772,961
13773,961
13774,961
13775,961
13776,961
13777,961
13778,961
13779,961
13780,961
13781,961
13782,961
13783,961
13784,961
13785,961
13786,961
13787,961
13788,961
13789,961
13790,961
13791,961
13792,961
13793,961
13794,961
13795,961
13796,961
13797,961
13798,961
13799,961
13800,961
13801,961
13802,961
13803,961
13804,961
13805,961
13806,961
13807,961
13808,961
13809,961
13810,961
13811,961
13812,961
13813,961
13814,961
13815,961
13816,961
13817,961
13818,961
13819,961
13820,961
13821,961
13822,961
13823,961
13824,961
13825,961
13826,961
13827,961
13828,961
13829,961
13830,961
13831,961
13832,961
13833,961
13834,961
13835,961
13836,961
13837,961
13838,961
13839,961
13840,961
13841,961
13842,961
13843,961
13844,961
13845,961
13846,961
13847,961
13848,961
13849,961
13850,961
13851,961
13852,961
13853,961
13854,961
13855,961
13856,961
13857,961
13858,961
13859,961
13860,961
13861,961
13862,961
13863,961
13864,961
13865,961
13866,961
13867,961
13868,961
13869,961
13870,961
13871,961
13872,961
13873,961
13874,961
13875,961
13876,961
13877,961
13878,961
13879,961
13880,961
13881,961
13882,961
13883,961
13884,961
13885,961
13886,961
13887,961
13888,961
13889,961
13890,961
13891,961
13892,961
13893,961
13894,961
13895,961
13896,961
13897,961
13898,961
13899,961
13900,961
13901,961
13902,961
13903,961
13904,961
13905,961
13906,961
13907,961
13908,961
13909,961
13910,961
13911,961
13912,961
13913,961
13914,961
13915,961
13916,961
13917,961
13918,961
13919,961
13920,961
13921,961
13922,961
13923,961
13924,961
13925,961
13926,961
13927,961
13928,961
13929,961
13930,961
13931,961
13932,961
13933,961
13934,961
13935,961
13936,961
13937,961
13938,961
13939,961
13940,961
13941,961
13942,961
13943,961
13944,961
13945,961
13946,961
13947,961
13948,961
13949,961
13950,961
13951,961
13952,961
13953,961
13954,961
13955,961
13956,961
13957,961
13958,961
13959,961
13960,961
13961,961
13962,961
13963,961
13964,961
13965,961
13966,961
13967,961
13968,961
13969,961
13970,961
13971,961
13972,961
13973,961
13974,961
13975,961
13976,961
13977,961
13978,961
13979,961
13980,961
13981,961
13982,961
13983,961
13984,961
13985,961
13986,961
13987,961
13988,961
13989,961
13990,961
13991,961
13992,961
13993,961
13994,961
13995,961
13996,961
13997,961
13998,961
13999,961
14000,961
14001,961
14002,961
14003,961
14004,961
14005,961
14006,961
14007,961
14008,961
14009,961
14010,961
14011,961
14012,961
14013,961
14014,961
14015,961
14016,961
14017,961
14018,961
14019,961
14020,961
14021,961
14022,961
14023,961
14024,961
14025,961
14026,961
14027,961
14028,961
14029,961
14030,961
14031,961
14032,961
14033,961
14034,961
14035,961
14036,961
14037,961
14038,961
14039,961
14040,961
14041,961
14042,961
14043,961
14044,961
14045,961
14046,961
14047,961
14048,961
14049,961
14050,961
14051,961
14052,961
14053,961
14054,961
14055,961
14056,961
14057,961
14058,961
14059,961
14060,961
14061,961
14062,961
14063,961
14064,961
14065,961
14066,961
14067,961
14068,961
14069,961
14070,961
14071,961
14072,961
14073,961
14074,961
14075,961
14076,961
14077,961
14078,961
14079,961
14080,961
14081,961
14082,961
14083,961
14084,961
14085,961
14086,961
14087,961
14088,961
14089,961
14090,961
14091,961
14092,961
14093,961
14094,961
14095,961
14096,961
14097,961
14098,961
14099,961
14100,961
14101,961
14102,961
14103,961
14104,961
14105,961
14106,961
14107,961
14108,961
14109,961
14110,961
14111,961
14112,961
14113,961
14114,961
14115,961
14116,961
14117,961
14118,961
14119,961
14120,961
14121,961
14122,961
14123,961
14124,961
14125,961
14126,961
14127,961
14128,961
14129,961
14130,961
14131,961
14132,961
14133,961
14134,961
14135,961
14136,961
14137,961
14138,961
14139,961
14140,961
14141,961
14142,961
14143,961
14144,961
14145,961
14146,961
14147,961
14148,961
14149,961
14150,961
14151,961
14152,961
14153,961
14154,961
14155,961
14156,961
14157,961
14158,961
14159,961
14160,961
14161,961
14162,961
14163,961
14164,961
14165,961
14166,961
14167,961
14168,961
14169,961
14170,961
14171,961
14172,961
14173,961
14174,961
14175,961
14176,961
14177,961
14178,961
14179,961
14180,961
14181,961
14182,961
14183,961
14184,961
14185,961
14186,961
14187,961
14188,961
14189,961
14190,961
14191,961
14192,961
14193,961
14194,961
14195,961
14196,961
14197,961
14198,961
14199,961
14200,961
14201,961
14202,961
14203,961
14204,961
14205,961
14206,961
14207,961
14208,961
14209,961
14210,961
14211,961
14212,961
14213,961
14214,961
14215,961
14216,961
14217,961
14218,961
14219,961
14220,961
14221,961
14222,961
14223,961
14224,961
14225,961
14226,961
14227,961
14228,961
14229,961
14230,961
14231,961
14232,961
14233,961
14234,961
14235,961
14236,961
14237,961
14238,961
14239,961
14240,961
14241,961
14242,961
14243,961
14244,961
14245,961
14246,961
14247,961
14248,961
14249,961
14250,961
14251,961
14252,961
14253,961
14254,961
14255,961
14256,961
14257,961
14258,961
14259,961
14260,961
14261,961
14262,961
14263,961
14264,961
14265,961
14266,961
14267,961
14268,961
14269,961
14270,961
14271,961
14272,961
14273,961
14274,961
14275,961
14276,961
14277,961
14278,961
14279,961
14280,961
14281,961
14282,961
14283,961
14284,961
14285,961
14286,961
14287,961
14288,961
14289,961
14290,961
14291,961
14292,961
14293,961
14294,961
14295,961
14296,961
14297,961
14298,961
14299,961
14300,961
14301,961
14302,961
14303,961
14304,961
14305,961
14306,961
14307,961
14308,961
14309,961
14310,961
14311,961
14312,961
14313,961
14314,961
14315,961
14316,961
14317,961
14318,961
14319,961
14320,961
14321,961
14322,961
14323,961
14324,961
14325,961
14326,961
14327,961
14328,961
14329,961
14330,961
14331,961
14332,961
14333,961
14334,961
14335,961
14336,961
14337,961
14338,961
14339,961
14340,961
14341,961
14342,961
14343,961
14344,961
14345,961
14346,961
14347,961
14348,961
14349,961
14350,961
14351,961
14352,961
14353,961
14354,961
14355,961
14356,961
14357,961
14358,961
14359,961
14360,961
14361,961
14362,961
14363,961
14364,961
14365,961
14366,961
14367,961
14368,961
14369,961
14370,961
14371,961
14372,961
14373,961
14374,961
14375,961
14376,961
14377,961
14378,961
14379,961
14380,961
14381,961
14382,961
14383,961
14384,961
14385,961
14386,961
14387,961
14388,961
14389,961
14390,961
14391,961
14392,961
14393,961
14394,961
14395,961
14396,961
14397,961
14398,961
14399,961
14400,961
14401,961
14402,961
14403,961
14404,961
14405,961
14406,961
14407,961
14408,961
14409,961
14410,961
14411,961
14412,961
14413,961
14414,961
14415,961
14416,961
14417,961
14418,961
14419,961
14420,961
14421,961
14422,961
14423,961
14424,961
14425,961
14426,961
14427,961
14428,961
14429,961
14430,961
14431,961
14432,961
14433,961
14434,961
14435,961
14436,961
14437,961
14438,961
14439,961
14440,961
14441,961
14442,961
14443,961
14444,961
14445,961
14446,961
14447,961
14448,961
14449,961
14450,961
14451,961
14452,961
14453,961
14454,961
14455,961
14456,961
14457,961
14458,961
14459,961
14460,961
14461,961
14462,961
14463,961
14464,961
14465,961
14466,961
14467,961
14468,961
14469,961
14470,961
14471,961
14472,961
14473,961
14474,961
14475,961
14476,961
14477,961
14478,961
14479,961
14480,961
14481,961
14482,961
14483,961
14484,961
14485,961
14486,961
14487,961
14488,961
14489,961
14490,961
14491,961
14492,961
14493,961
14494,961
14495,961
14496,961
14497,961
14498,961
14499,961
14500,961
14501,961
14502,961
14503,961
14504,961
14505,961
14506,961
14507,961
14508,961
14509,961
14510,961
14511,961
14512,961
14513,961
14514,961
14515,961
14516,961
14517,961
14518,961
14519,961
14520,961
14521,961
14522,961
14523,961
14524,961
14525,961
14526,961
14527,961
14528,961
14529,961
14530,961
14531,961
14532,961
14533,961
14534,961
14535,961
14536,961
14537,961
14538,961
14539,961
14540,961
14541,961
14542,961
14543,961
14544,961
14545,961
14546,961
14547,961
14548,961
14549,961
14550,961
14551,961
14552,961
14553,961
14554,961
14555,961
14556,961
14557,961
14558,961
14559,961
14560,961
14561,961
14562,961
14563,961
14564,961
14565,961
14566,961
14567,961
14568,961
14569,961
14570,961
14571,961
14572,961
14573,961
14574,961
14575,961
14576,961
14577,961
14578,961
14579,961
14580,961
14581,961
14582,961
14583,961
14584,961
14585,961
14586,961
14587,961
14588,961
14589,961
14590,961
14591,961
14592,961
14593,961
14594,961
14595,961
14596,961
14597,961
14598,961
14599,961
14600,961
14601,961
14602,961
14603,961
14604,961
14605,961
14606,961
14607,961
14608,961
14609,961
14610,961
14611,961
14612,961
14613,961
14614,961
14615,961
14616,961
14617,961
14618,961
14619,961
14620,961
14621,961
14622,961
14623,961
14624,961
14625,961
14626,961
14627,961
14628,961
14629,961
14630,961
14631,961
14632,961
14633,961
14634,961
14635,961
14636,961
14637,961
14638,961
14639,961
14640,961
14641,961
14642,961
14643,961
14644,961
14645,961
14646,961
14647,961
14648,961
14649,961
14650,961
14651,961
14652,961
14653,961
14654,961
14655,961
14656,961
14657,961
14658,961
14659,961
14660,961
14661,961
14662,961
14663,961
14664,961
14665,961
14666,961
14667,961
14668,961
14669,961
14670,961
14671,961
14672,961
14673,961
14674,961
14675,961
14676,961
14677,961
14678,961
14679,961
14680,961
14681,961
14682,961
14683,961
14684,961
14685,961
14686,961
14687,961
14688,961
14689,961
14690,961
14691,961
14692,961
14693,961
14694,961
14695,961
14696,961
14697,961
14698,961
14699,961
14700,961
14701,961
14702,961
14703,961
14704,961
14705,961
14706,961
14707,961
14708,961
14709,961
14710,961
14711,961
14712,961
14713,961
14714,961
14715,961
14716,961
14717,961
14718,961
14719,961
14720,961
14721,961
14722,961
14723,961
14724,961
14725,961
14726,961
14727,961
14728,961
14729,961
14730,961
14731,961
14732,961
14733,961
14734,961
14735,961
14736,961
14737,961
14738,961
14739,961
14740,961
14741,961
14742,961
14743,961
14744,961
14745,961
14746,961
14747,961
14748,961
14749,961
14750,961
14751,961
14752,961
14753,961
14754,961
14755,961
14756,961
14757,961
14758,961
14759,961
14760,961
14761,961
14762,961
14763,961
14764,961
14765,961
14766,961
14767,961
14768,961
14769,961
14770,961
14771,961
14772,961
14773,961
14774,961
14775,961
14776,961
14777,961
14778,961
14779,961
14780,961
14781,961
14782,961
14783,961
14784,961
14785,961
14786,961
14787,961
14788,961
14789,961
14790,961
14791,961
14792,961
14793,961
14794,961
14795,961
14796,961
14797,961
14798,961
14799,961
14800,961
14801,961
14802,961
14803,961
14804,961
14805,961
14806,961
14807,961
14808,961
14809,961
14810,961
14811,961
14812,961
14813,961
14814,961
14815,961
14816,961
14817,961
14818,961
14819,961
14820,961
14821,961
14822,961
14823,961
14824,961
14825,961
14826,961
14827,961
14828,961
14829,961
14830,961
14831,961
14832,961
14833,961
14834,961
14835,961
14836,961
14837,961
14838,961
14839,961
14840,961
14841,961
14842,961
14843,961
14844,961
14845,961
14846,961
14847,961
14848,961
14849,961
14850,961
14851,961
14852,961
14853,961
14854,961
14855,961
14856,961
14857,961
14858,961
14859,961
14860,961
14861,961
14862,961
14863,961
14864,961
14865,961
14866,961
14867,961
14868,961
14869,961
14870,961
14871,961
14872,961
14873,961
14874,961
14875,961
14876,961
14877,961
14878,961
14879,961
14880,961
14881,961
14882,961
14883,961
14884,961
14885,961
14886,961
14887,961
14888,961
14889,961
14890,961
14891,961
14892,961
14893,961
14894,961
14895,961
14896,961
14897,961
14898,961
14899,961
14900,961
14901,961
14902,961
14903,961
14904,961
14905,961
14906,961
14907,961
14908,961
14909,961
14910,961
14911,961
14912,961
14913,961
14914,961
14915,961
14916,961
14917,961
14918,961
14919,961
14920,961
14921,961
14922,961
14923,961
14924,961
14925,961
14926,961
14927,961
14928,961
14929,961
14930,961
14931,961
14932,961
14933,961
14934,961
14935,961
14936,961
14937,961
14938,961
14939,961
14940,961
14941,961
14942,961
14943,961
14944,961
14945,961
14946,961
14947,961
14948,961
14949,961
14950,961
14951,961
14952,961
14953,961
14954,961
14955,961
14956,961
14957,961
14958,961
14959,961
14960,961
14961,961
14962,961
14963,961
14964,961
14965,961
14966,961
14967,961
14968,961
14969,961
14970,961
14971,961
14972,961
14973,961
14974,961
14975,961
14976,961
14977,961
14978,961
14979,961
14980,961
14981,961
14982,961
14983,961
14984,961
14985,961
14986,961
14987,961
14988,961
14989,961
14990,961
14991,961
14992,961
14993,961
14994,961
14995,961
14996,961
14997,961
14998,961
14999,961
15000,961
15001,961
15002,961
15003,961
15004,961
15005,961
15006,961
15007,961
15008,961
15009,961
15010,961
15011,961
15012,961
15013,961
15014,961
15015,961
15016,961
15017,961
15018,961
15019,961
15020,961
15021,961
15022,961
15023,961
15024,961
15025,961
15026,961
15027,961
15028,961
15029,961
15030,961
15031,961
15032,961
15033,961
15034,961
15035,961
15036,961
15037,961
15038,961
15039,961
15040,961
15041,961
15042,961
15043,961
15044,961
15045,961
15046,961
15047,961
15048,961
15049,961
15050,961
15051,961
15052,961
15053,961
15054,961
15055,961
15056,961
15057,961
15058,961
15059,961
15060,961
15061,961
15062,961
15063,961
15064,961
15065,961
15066,961
15067,961
15068,961
15069,961
15070,961
15071,961
15072,961
15073,961
15074,961
15075,961
15076,961
15077,961
15078,961
15079,961
15080,961
15081,961
15082,961
15083,961
15084,961
15085,961
15086,961
15087,961
15088,961
15089,961
15090,961
15091,961
15092,961
15093,961
15094,961
15095,961
15096,961
15097,961
15098,961
15099,961
15100,961
15101,961
15102,961
15103,961
15104,961
15105,961
15106,961
15107,961
15108,961
15109,961
15110,961
15111,961
15112,961
15113,961
15114,961
15115,961
15116,961
15117,961
15118,961
15119,961
15120,961
15121,961
15122,961
15123,961
15124,961
15125,961
15126,961
15127,961
15128,961
15129,961
15130,961
15131,961
15132,961
15133,961
15134,961
15135,961
15136,961
15137,961
15138,961
15139,961
15140,961
15141,961
15142,961
15143,961
15144,961
15145,961
15146,961
15147,961
15148,961
15149,961
15150,961
15151,961
15152,961
15153,961
15154,961
15155,961
15156,961
15157,961
15158,961
15159,961
15160,961
15161,961
15162,961
15163,961
15164,961
15165,961
15166,961
15167,961
15168,961
15169,961
15170,961
15171,961
15172,961
15173,961
15174,961
15175,961
15176,961
15177,961
15178,961
15179,961
15180,961
15181,961
15182,961
15183,961
15184,961
15185,961
15186,961
15187,961
15188,961
15189,961
15190,961
15191,961
15192,961
15193,961
15194,961
15195,961
15196,961
15197,961
15198,961
15199,961
15200,961
15201,961
15202,961
15203,961
15204,961
15205,961
15206,961
15207,961
15208,961
15209,961
15210,961
15211,961
15212,961
15213,961
15214,961
15215,961
15216,961
15217,961
15218,961
15219,961
15220,961
15221,961
15222,961
15223,961
15224,961
15225,961
15226,961
15227,961
15228,961
15229,961
15230,961
15231,961
15232,961
15233,961
15234,961
15235,961
15236,961
15237,961
15238,961
15239,961
15240,961
15241,961
15242,961
15243,961
15244,961
15245,961
15246,961
15247,961
15248,961
15249,961
15250,961
15251,961
15252,961
15253,961
15254,961
15255,961
15256,961
15257,961
15258,961
15259,961
15260,961
15261,961
15262,961
15263,961
15264,961
15265,961
15266,961
15267,961
15268,961
15269,961
15270,961
15271,961
15272,961
15273,961
15274,961
15275,961
15276,961
15277,961
15278,961
15279,961
15280,961
15281,961
15282,961
15283,961
15284,961
15285,961
15286,961
15287,961
15288,961
15289,961
15290,961
15291,961
15292,961
15293,961
15294,961
15295,961
15296,961
15297,961
15298,961
15299,961
15300,961
15301,961
15302,961
15303,961
15304,961
15305,961
15306,961
15307,961
15308,961
15309,961
15310,961
15311,961
15312,961
15313,961
15314,961
15315,961
15316,961
15317,961
15318,961
15319,961
15320,961
15321,961
15322,961
15323,961
15324,961
15325,961
15326,961
15327,961
15328,961
15329,961
15330,961
15331,961
15332,961
15333,961
15334,961
15335,961
15336,961
15337,961
15338,961
15339,961
15340,961
15341,961
15342,961
15343,961
15344,961
15345,961
15346,961
15347,961
15348,961
15349,961
15350,961
15351,961
15352,961
15353,961
15354,961
15355,961
15356,961
15357,961
15358,961
15359,961
15360,961
15361,961
15362,961
15363,961
15364,961
15365,961
15366,961
15367,961
15368,961
15369,961
15370,961
15371,961
15372,961
15373,961
15374,961
15375,961
15376,961
15377,961
15378,961
15379,961
15380,961
15381,961
15382,961
15383,961
15384,961
15385,961
15386,961
15387,961
15388,961
15389,961
15390,961
15391,961
15392,961
15393,961
15394,961
15395,961
15396,961
15397,961
15398,961
15399,961
15400,961
15401,961
15402,961
15403,961
15404,961
15405,961
15406,961
15407,961
15408,961
15409,961
15410,961
15411,961
15412,961
15413,961
15414,961
15415,961
15416,961
15417,961
15418,961
15419,961
15420,961
15421,961
15422,961
15423,961
15424,961
15425,961
15426,961
15427,961
15428,961
15429,961
15430,961
15431,961
15432,961
15433,961
15434,961
15435,961
15436,961
15437,961
15438,961
15439,961
15440,961
15441,961
15442,961
15443,961
15444,961
15445,961
15446,961
15447,961
15448,961
15449,961
15450,961
15451,961
15452,961
15453,961
15454,961
15455,961
15456,961
15457,961
15458,961
15459,961
15460,961
15461,961
15462,961
15463,961
15464,961
15465,961
15466,961
15467,961
15468,961
15469,961
15470,961
15471,961
15472,961
15473,961
15474,961
15475,961
15476,961
15477,961
15478,961
15479,961
15480,961
15481,961
15482,961
15483,961
15484,961
15485,961
15486,961
15487,961
15488,961
15489,961
15490,961
15491,961
15492,961
15493,961
15494,961
15495,961
15496,961
15497,961
15498,961
15499,961
15500,961
15501,961
15502,961
15503,961
15504,961
15505,961
15506,961
15507,961
15508,961
15509,961
15510,961
15511,961
15512,961
15513,961
15514,961
15515,961
15516,961
15517,961
15518,961
15519,961
15520,961
15521,961
15522,961
15523,961
15524,961
15525,961
15526,961
15527,961
15528,961
15529,961
15530,961
15531,961
15532,961
15533,961
15534,961
15535,961
15536,961
15537,961
15538,961
15539,961
15540,961
15541,961
15542,961
15543,961
15544,961
15545,961
15546,961
15547,961
15548,961
15549,961
15550,961
15551,961
15552,961
15553,961
15554,961
15555,961
15556,961
15557,961
15558,961
15559,961
15560,961
15561,961
15562,961
15563,961
15564,961
15565,961
15566,961
15567,961
15568,961
15569,961
15570,961
15571,961
15572,961
15573,961
15574,961
15575,961
15576,961
15577,961
15578,961
15579,961
15580,961
15581,961
15582,961
15583,961
15584,961
15585,961
15586,961
15587,961
15588,961
15589,961
15590,961
15591,961
15592,961
15593,961
15594,961
15595,961
15596,961
15597,961
15598,961
15599,961
15600,961
15601,961
15602,961
15603,961
15604,961
15605,961
15606,961
15607,961
15608,961
15609,961
15610,961
15611,961
15612,961
15613,961
15614,961
15615,961
15616,961
15617,961
15618,961
15619,961
15620,961
15621,961
15622,961
15623,961
15624,961
15625,961
15626,961
15627,961
15628,961
15629,961
15630,961
15631,961
15632,961
15633,961
15634,961
15635,961
15636,961
15637,961
15638,961
15639,961
15640,961
15641,961
15642,961
15643,961
15644,961
15645,961
15646,961
15647,961
15648,961
15649,961
15650,961
15651,961
15652,961
15653,961
15654,961
15655,961
15656,961
15657,961
15658,961
15659,961
15660,961
15661,961
15662,961
15663,961
15664,961
15665,961
15666,961
15667,961
15668,961
15669,961
15670,961
15671,961
15672,961
15673,961
15674,961
15675,961
15676,961
15677,961
15678,961
15679,961
15680,961
15681,961
15682,961
15683,961
15684,961
15685,961
15686,961
15687,961
15688,961
15689,961
15690,961
15691,961
15692,961
15693,961
15694,961
15695,961
15696,961
15697,961
15698,961
15699,961
15700,961
15701,961
15702,961
15703,961
15704,961
15705,961
15706,961
15707,961
15708,961
15709,961
15710,961
15711,961
15712,961
15713,961
15714,961
15715,961
15716,961
15717,961
15718,961
15719,961
15720,961
15721,961
15722,961
15723,961
15724,961
15725,961
15726,961
15727,961
15728,961
15729,961
15730,961
15731,961
15732,961
15733,961
15734,961
15735,961
15736,961
15737,961
15738,961
15739,961
15740,961
15741,961
15742,961
15743,961
15744,961
15745,961
15746,961
15747,961
15748,961
15749,961
15750,961
15751,961
15752,961
15753,961
15754,961
15755,961
15756,961
15757,961
15758,961
15759,961
15760,961
15761,961
15762,961
15763,961
15764,961
15765,961
15766,961
15767,961
15768,961
15769,961
15770,961
15771,961
15772,961
15773,961
15774,961
15775,961
15776,961
15777,961
15778,961
15779,961
15780,961
15781,961
15782,961
15783,961
15784,961
15785,961
15786,961
15787,961
15788,961
15789,961
15790,961
15791,961
15792,961
15793,961
15794,961
15795,961
15796,961
15797,961
15798,961
15799,961
15800,961
15801,961
15802,961
15803,961
15804,961
15805,961
15806,961
15807,961
15808,961
15809,961
15810,961
15811,961
15812,961
15813,961
15814,961
15815,961
15816,961
15817,961
15818,961
15819,961
15820,961
15821,961
15822,961
15823,961
15824,961
15825,961
15826,961
15827,961
15828,961
15829,961
15830,961
15831,961
15832,961
15833,961
15834,961
15835,961
15836,961
15837,961
15838,961
15839,961
15840,961
15841,961
15842,961
15843,961
15844,961
15845,961
15846,961
15847,961
15848,961
15849,961
15850,961
15851,961
15852,961
15853,961
15854,961
15855,961
15856,961
15857,961
15858,961
15859,961
15860,961
15861,961
15862,961
15863,961
15864,961
15865,961
15866,961
15867,961
15868,961
15869,961
15870,961
15871,961
15872,961
15873,961
15874,961
15875,961
15876,961
15877,961
15878,961
15879,961
15880,961
15881,961
15882,961
15883,961
15884,961
15885,961
15886,961
15887,961
15888,961
15889,961
15890,961
15891,961
15892,961
15893,961
15894,961
15895,961
15896,961
15897,961
15898,961
15899,961
15900,961
15901,961
15902,961
15903,961
15904,961
15905,961
15906,961
15907,961
15908,961
15909,961
15910,961
15911,961
15912,961
15913,961
15914,961
15915,961
15916,961
15917,961
15918,961
15919,961
15920,961
15921,961
15922,961
15923,961
15924,961
15925,961
15926,961
15927,961
15928,961
15929,961
15930,961
15931,961
15932,961
15933,961
15934,961
15935,961
15936,961
15937,961
15938,961
15939,961
15940,961
15941,961
15942,961
15943,961
15944,961
15945,961
15946,961
15947,961
15948,961
15949,961
15950,961
15951,961
15952,961
15953,961
15954,961
15955,961
15956,961
15957,961
15958,961
15959,961
15960,961
15961,961
15962,961
15963,961
15964,961
15965,961
15966,961
15967,961
15968,961
15969,961
15970,961
15971,961
15972,961
15973,961
15974,961
15975,961
15976,961
15977,961
15978,961
15979,961
15980,961
15981,961
15982,961
15983,961
15984,961
15985,961
15986,961
15987,961
15988,961
15989,961
15990,961
15991,961
15992,961
15993,961
15994,961
15995,961
15996,961
15997,961
15998,961
15999,961
16000,961
16001,961
16002,961
16003,961
16004,961
16005,961
16006,961
16007,961
16008,961
16009,961
16010,961
16011,961
16012,961
16013,961
16014,961
16015,961
16016,961
16017,961
16018,961
16019,961
16020,961
16021,961
16022,961
16023,961
16024,961
16025,961
16026,961
16027,961
16028,961
16029,961
16030,961
16031,961
16032,961
16033,961
16034,961
16035,961
16036,961
16037,961
16038,961
16039,961
16040,961
16041,961
16042,961
16043,961
16044,961
16045,961
16046,961
16047,961
16048,961
16049,961
16050,961
16051,961
16052,961
16053,961
16054,961
16055,961
16056,961
16057,961
16058,961
16059,961
16060,961
16061,961
16062,961
16063,961
16064,961
16065,961
16066,961
16067,961
16068,961
16069,961
16070,961
16071,961
16072,961
16073,961
16074,961
16075,961
16076,961
16077,961
16078,961
16079,961
16080,961
16081,961
16082,961
16083,961
16084,961
16085,961
16086,961
16087,961
16088,961
16089,961
16090,961
16091,961
16092,961
16093,961
16094,961
16095,961
16096,961
16097,961
16098,961
16099,961
16100,961
16101,961
16102,961
16103,961
16104,961
16105,961
16106,961
16107,961
16108,961
16109,961
16110,961
16111,961
16112,961
16113,961
16114,961
16115,961
16116,961
16117,961
16118,961
16119,961
16120,961
16121,961
16122,961
16123,961
16124,961
16125,961
16126,961
16127,961
16128,961
16129,961
16130,961
16131,961
16132,961
16133,961
16134,961
16135,961
16136,961
16137,961
16138,961
16139,961
16140,961
16141,961
16142,961
16143,961
16144,961
16145,961
16146,961
16147,961
16148,961
16149,961
16150,961
16151,961
16152,961
16153,961
16154,961
16155,961
16156,961
16157,961
16158,961
16159,961
16160,961
16161,961
16162,961
16163,961
16164,961
16165,961
16166,961
16167,961
16168,961
16169,961
16170,961
16171,961
16172,961
16173,961
16174,961
16175,961
16176,961
16177,961
16178,961
16179,961
16180,961
16181,961
16182,961
16183,961
16184,961
16185,961
16186,961
16187,961
16188,961
16189,961
16190,961
16191,961
16192,961
16193,961
16194,961
16195,961
16196,961
16197,961
16198,961
16199,961
16200,961
16201,961
16202,961
16203,961
16204,961
16205,961
16206,961
16207,961
16208,961
16209,961
16210,961
16211,961
16212,961
16213,961
16214,961
16215,961
16216,961
16217,961
16218,961
16219,961
16220,961
16221,961
16222,961
16223,961
16224,961
16225,961
16226,961
16227,961
16228,961
16229,961
16230,961
16231,961
16232,961
16233,961
16234,961
16235,961
16236,961
16237,961
16238,961
16239,961
16240,961
16241,961
16242,961
16243,961
16244,961
16245,961
16246,961
16247,961
16248,961
16249,961
16250,961
16251,961
16252,961
16253,961
16254,961
16255,961
16256,961
16257,961
16258,961
16259,961
16260,961
16261,961
16262,961
16263,961
16264,961
16265,961
16266,961
16267,961
16268,961
16269,961
16270,961
16271,961
16272,961
16273,961
16274,961
16275,961
16276,961
16277,961
16278,961
16279,961
16280,961
16281,961
16282,961
16283,961
16284,961
16285,961
16286,961
16287,961
16288,961
16289,961
16290,961
16291,961
16292,961
16293,961
16294,961
16295,961
16296,961
16297,961
16298,961
16299,961
16300,961
16301,961
16302,961
16303,961
16304,961
16305,961
16306,961
16307,961
16308,961
16309,961
16310,961
16311,961
16312,961
16313,961
16314,961
16315,961
16316,961
16317,961
16318,961
16319,961
16320,961
16321,961
16322,961
16323,961
16324,961
16325,961
16326,961
16327,961
16328,961
16329,961
16330,961
16331,961
16332,961
16333,961
16334,961
16335,961
16336,961
16337,961
16338,961
16339,961
16340,961
16341,961
16342,961
16343,961
16344,961
16345,961
16346,961
16347,961
16348,961
16349,961
16350,961
16351,961
16352,961
16353,961
16354,961
16355,961
16356,961
16357,961
16358,961
16359,961
16360,961
16361,961
16362,961
16363,961
16364,961
16365,961
16366,961
16367,961
16368,961
16369,961
16370,961
16371,961
16372,961
16373,961
16374,961
16375,961
16376,961
16377,961
16378,961
16379,961
16380,961
16381,961
16382,961
16383,961
16384,961
16385,961
16386,961
16387,961
16388,961
16389,961
16390,961
16391,961
16392,961
16393,961
16394,961
16395,961
16396,961
16397,961
16398,961
16399,961
16400,961
16401,961
16402,961
16403,961
16404,961
16405,961
16406,961
16407,961
16408,961
16409,961
16410,961
16411,961
16412,961
16413,961
16414,961
16415,961
16416,961
16417,961
16418,961
16419,961
16420,961
16421,961
16422,961
16423,961
16424,961
16425,961
16426,961
16427,961
16428,961
16429,961
16430,961
16431,961
16432,961
16433,961
16434,961
16435,961
16436,961
16437,961
16438,961
16439,961
16440,961
16441,961
16442,961
16443,961
16444,961
16445,961
16446,961
16447,961
16448,961
16449,961
16450,961
16451,961
16452,961
16453,961
16454,961
16455,961
16456,961
16457,961
16458,961
16459,961
16460,961
16461,961
16462,961
16463,961
16464,961
16465,961
16466,961
16467,961
16468,961
16469,961
16470,961
16471,961
16472,961
16473,961
16474,961
16475,961
16476,961
16477,961
16478,961
16479,961
16480,961
16481,961
16482,961
16483,961
16484,961
16485,961
16486,961
16487,961
16488,961
16489,961
16490,961
16491,961
16492,961
16493,961
16494,961
16495,961
16496,961
16497,961
16498,961
16499,961
16500,961
16501,961
16502,961
16503,961
16504,961
16505,961
16506,961
16507,961
16508,961
16509,961
16510,961
16511,961
16512,961
16513,961
16514,961
16515,961
16516,961
16517,961
16518,961
16519,961
16520,961
16521,961
16522,961
16523,961
16524,961
16525,961
16526,961
16527,961
16528,961
16529,961
16530,961
16531,961
16532,961
16533,961
16534,961
16535,961
16536,961
16537,961
16538,961
16539,961
16540,961
16541,961
16542,961
16543,961
16544,961
16545,961
16546,961
16547,961
16548,961
16549,961
16550,961
16551,961
16552,961
16553,961
16554,961
16555,961
16556,961
16557,961
16558,961
16559,961
16560,961
16561,961
16562,961
16563,961
16564,961
16565,961
16566,961
16567,961
16568,961
16569,961
16570,961
16571,961
16572,961
16573,961
16574,961
16575,961
16576,961
16577,961
16578,961
16579,961
16580,961
16581,961
16582,961
16583,961
16584,961
16585,961
16586,961
16587,961
16588,961
16589,961
16590,961
16591,961
16592,961
16593,961
16594,961
16595,961
16596,961
16597,961
16598,961
16599,961
16600,961
16601,961
16602,961
16603,961
16604,961
16605,961
16606,961
16607,961
16608,961
16609,961
16610,961
16611,961
16612,961
16613,961
16614,961
16615,961
16616,961
16617,961
16618,961
16619,961
16620,961
16621,961
16622,961
16623,961
16624,961
16625,961
16626,961
16627,961
16628,961
16629,961
16630,961
16631,961
16632,961
16633,961
16634,961
16635,961
16636,961
16637,961
16638,961
16639,961
16640,961
16641,961
16642,961
16643,961
16644,961
16645,961
16646,961
16647,961
16648,961
16649,961
16650,961
16651,961
16652,961
16653,961
16654,961
16655,961
16656,961
16657,961
16658,961
16659,961
16660,961
16661,961
16662,961
16663,961
16664,961
16665,961
16666,961
16667,961
16668,961
16669,961
16670,961
16671,961
16672,961
16673,961
16674,961
16675,961
16676,961
16677,961
16678,961
16679,961
16680,961
16681,961
16682,961
16683,961
16684,961
16685,961
16686,961
16687,961
16688,961
16689,961
16690,961
16691,961
16692,961
16693,961
16694,961
16695,961
16696,961
16697,961
16698,961
16699,961
16700,961
16701,961
16702,961
16703,961
16704,961
16705,961
16706,961
16707,961
16708,961
16709,961
16710,961
16711,961
16712,961
16713,961
16714,961
16715,961
16716,961
16717,961
16718,961
16719,961
16720,961
16721,961
16722,961
16723,961
16724,961
16725,961
16726,961
16727,961
16728,961
16729,961
16730,961
16731,961
16732,961
16733,961
16734,961
16735,961
16736,961
16737,961
16738,961
16739,961
16740,961
16741,961
16742,961
16743,961
16744,961
16745,961
16746,961
16747,961
16748,961
16749,961
16750,961
16751,961
16752,961
16753,961
16754,961
16755,961
16756,961
16757,961
16758,961
16759,961
16760,961
16761,961
16762,961
16763,961
16764,961
16765,961
16766,961
16767,961
16768,961
16769,961
16770,961
16771,961
16772,961
16773,961
16774,961
16775,961
16776,961
16777,961
16778,961
16779,961
16780,961
16781,961
16782,961
16783,961
16784,961
16785,961
16786,961
16787,961
16788,961
16789,961
16790,961
16791,961
16792,961
16793,961
16794,961
16795,961
16796,961
16797,961
16798,961
16799,961
16800,961
16801,961
16802,961
16803,961
16804,961
16805,961
16806,961
16807,961
16808,961
16809,961
16810,961
16811,961
16812,961
16813,961
16814,961
16815,961
16816,961
16817,961
16818,961
16819,961
16820,961
16821,961
16822,961
16823,961
16824,961
16825,961
16826,961
16827,961
16828,961
16829,961
16830,961
16831,961
16832,961
16833,961
16834,961
16835,961
16836,961
16837,961
16838,961
16839,961
16840,961
16841,961
16842,961
16843,961
16844,961
16845,961
16846,961
16847,961
16848,961
16849,961
16850,961
16851,961
16852,961
16853,961
16854,961
16855,961
16856,961
16857,961
16858,961
16859,961
16860,961
16861,961
16862,961
16863,961
16864,961
16865,961
16866,961
16867,961
16868,961
16869,961
16870,961
16871,961
16872,961
16873,961
16874,961
16875,961
16876,961
16877,961
16878,961
16879,961
16880,961
16881,961
16882,961
16883,961
16884,961
16885,961
16886,961
16887,961
16888,961
16889,961
16890,961
16891,961
16892,961
16893,961
16894,961
16895,961
16896,961
16897,961
16898,961
16899,961
16900,961
16901,961
16902,961
16903,961
16904,961
16905,961
16906,961
16907,961
16908,961
16909,961
16910,961
16911,961
16912,961
16913,961
16914,961
16915,961
16916,961
16917,961
16918,961
16919,961
16920,961
16921,961
16922,961
16923,961
16924,961
16925,961
16926,961
16927,961
16928,961
16929,961
16930,961
16931,961
16932,961
16933,961
16934,961
16935,961
16936,961
16937,961
16938,961
16939,961
16940,961
16941,961
16942,961
16943,961
16944,961
16945,961
16946,961
16947,961
16948,961
16949,961
16950,961
16951,961
16952,961
16953,961
16954,961
16955,961
16956,961
16957,961
16958,961
16959,961
16960,961
16961,961
16962,961
16963,961
16964,961
16965,961
16966,961
16967,961
16968,961
16969,961
16970,961
16971,961
16972,961
16973,961
16974,961
16975,961
16976,961
16977,961
16978,961
16979,961
16980,961
16981,961
16982,961
16983,961
16984,961
16985,961
16986,961
16987,961
16988,961
16989,961
16990,961
16991,961
16992,961
16993,961
16994,961
16995,961
16996,961
16997,961
16998,961
16999,961
17000,961
17001,961
17002,961
17003,961
17004,961
17005,961
17006,961
17007,961
17008,961
17009,961
17010,961
17011,961
17012,961
17013,961
17014,961
17015,961
17016,961
17017,961
17018,961
17019,961
17020,961
17021,961
17022,961
17023,961
17024,961
17025,961
17026,961
17027,961
17028,961
17029,961
17030,961
17031,961
17032,961
17033,961
17034,961
17035,961
17036,961
17037,961
17038,961
17039,961
17040,961
17041,961
17042,961
17043,961
17044,961
17045,961
17046,961
17047,961
17048,961
17049,961
17050,961
17051,961
17052,961
17053,961
17054,961
17055,961
17056,961
17057,961
17058,961
17059,961
17060,961
17061,961
17062,961
17063,961
17064,961
17065,961
17066,961
17067,961
17068,961
17069,961
17070,961
17071,961
17072,961
17073,961
17074,961
17075,961
17076,961
17077,961
17078,961
17079,961
17080,961
17081,961
17082,961
17083,961
17084,961
17085,961
17086,961
17087,961
17088,961
17089,961
17090,961
17091,961
17092,961
17093,961
17094,961
17095,961
17096,961
17097,961
17098,961
17099,961
17100,961
17101,961
17102,961
17103,961
17104,961
17105,961
17106,961
17107,961
17108,961
17109,961
17110,961
17111,961
17112,961
17113,961
17114,961
17115,961
17116,961
17117,961
17118,961
17119,961
17120,961
17121,961
17122,961
17123,961
17124,961
17125,961
17126,961
17127,961
17128,961
17129,961
17130,961
17131,961
17132,961
17133,961
17134,961
17135,961
17136,961
17137,961
17138,961
17139,961
17140,961
17141,961
17142,961
17143,961
17144,961
17145,961
17146,961
17147,961
17148,961
17149,961
17150,961
17151,961
17152,961
17153,961
17154,961
17155,961
17156,961
17157,961
17158,961
17159,961
17160,961
17161,961
17162,961
17163,961
17164,961
17165,961
17166,961
17167,961
17168,961
17169,961
17170,961
17171,961
17172,961
17173,961
17174,961
17175,961
17176,961
17177,961
17178,961
17179,961
17180,961
17181,961
17182,961
17183,961
17184,961
17185,961
17186,961
17187,961
17188,961
17189,961
17190,961
17191,961
17192,961
17193,961
17194,961
17195,961
17196,961
17197,961
17198,961
17199,961
17200,961
17201,961
17202,961
17203,961
17204,961
17205,961
17206,961
17207,961
17208,961
17209,961
17210,961
17211,961
17212,961
17213,961
17214,961
17215,961
17216,961
17217,961
17218,961
17219,961
17220,961
17221,961
17222,961
17223,961
17224,961
17225,961
17226,961
17227,961
17228,961
17229,961
17230,961
17231,961
17232,961
17233,961
17234,961
17235,961
17236,961
17237,961
17238,961
17239,961
17240,961
17241,961
17242,961
17243,961
17244,961
17245,961
17246,961
17247,961
17248,961
17249,961
17250,961
17251,961
17252,961
17253,961
17254,961
17255,961
17256,961
17257,961
17258,961
17259,961
17260,961
17261,961
17262,961
17263,961
17264,961
17265,961
17266,961
17267,961
17268,961
17269,961
17270,961
17271,961
17272,961
17273,961
17274,961
17275,961
17276,961
17277,961
17278,961
17279,961
17280,961
17281,961
17282,961
17283,961
17284,961
17285,961
17286,961
17287,961
17288,961
17289,961
17290,961
17291,961
17292,961
17293,961
17294,961
17295,961
17296,961
17297,961
17298,961
17299,961
17300,961
17301,961
17302,961
17303,961
17304,961
17305,961
17306,961
17307,961
17308,961
17309,961
17310,961
17311,961
17312,961
17313,961
17314,961
17315,961
17316,961
17317,961
17318,961
17319,961
17320,961
17321,961
17322,961
17323,961
17324,961
17325,961
17326,961
17327,961
17328,961
17329,961
17330,961
17331,961
17332,961
17333,961
17334,961
17335,961
17336,961
17337,961
17338,961
17339,961
17340,961
17341,961
17342,961
17343,961
17344,961
17345,961
17346,961
17347,961
17348,961
17349,961
17350,961
17351,961
17352,961
17353,961
17354,961
17355,961
17356,961
17357,961
17358,961
17359,961
17360,961
17361,961
17362,961
17363,961
17364,961
17365,961
17366,961
17367,961
17368,961
17369,961
17370,961
17371,961
17372,961
17373,961
17374,961
17375,961
17376,961
17377,961
17378,961
17379,961
17380,961
17381,961
17382,961
17383,961
17384,961
17385,961
17386,961
17387,961
17388,961
17389,961
17390,961
17391,961
17392,961
17393,961
17394,961
17395,961
17396,961
17397,961
17398,961
17399,961
17400,961
17401,961
17402,961
17403,961
17404,961
17405,961
17406,961
17407,961
17408,961
17409,961
17410,961
17411,961
17412,961
17413,961
17414,961
17415,961
17416,961
17417,961
17418,961
17419,961
17420,961
17421,961
17422,961
17423,961
17424,961
17425,961
17426,961
17427,961
17428,961
17429,961
17430,961
17431,961
17432,961
17433,961
17434,961
17435,961
17436,961
17437,961
17438,961
17439,961
17440,961
17441,961
17442,961
17443,961
17444,961
17445,961
17446,961
17447,961
17448,961
17449,961
17450,961
17451,961
17452,961
17453,961
17454,961
17455,961
17456,961
17457,961
17458,961
17459,961
17460,961
17461,961
17462,961
17463,961
17464,961
17465,961
17466,961
17467,961
17468,961
17469,961
17470,961
17471,961
17472,961
17473,961
17474,961
17475,961
17476,961
17477,961
17478,961
17479,961
17480,961
17481,961
17482,961
17483,961
17484,961
17485,961
17486,961
17487,961
17488,961
17489,961
17490,961
17491,961
17492,961
17493,961
17494,961
17495,961
17496,961
17497,961
17498,961
17499,961
17500,961
17501,961
17502,961
17503,961
17504,961
17505,961
17506,961
17507,961
17508,961
17509,961
17510,961
17511,961
17512,961
17513,961
17514,961
17515,961
17516,961
17517,961
17518,961
17519,961
17520,961
17521,961
17522,961
17523,961
17524,961
17525,961
17526,961
17527,961
17528,961
17529,961
17530,961
17531,961
17532,961
17533,961
17534,961
17535,961
17536,961
17537,961
17538,961
17539,961
17540,961
17541,961
17542,961
17543,961
17544,961
17545,961
17546,961
17547,961
17548,961
17549,961
17550,961
17551,961
17552,961
17553,961
17554,961
17555,961
17556,961
17557,961
17558,961
17559,961
17560,961
17561,961
17562,961
17563,961
17564,961
17565,961
17566,961
17567,961
17568,961
17569,961
17570,961
17571,961
17572,961
17573,961
17574,961
17575,961
17576,961
17577,961
17578,961
17579,961
17580,961
17581,961
17582,961
17583,961
17584,961
17585,961
17586,961
17587,961
17588,961
17589,961
17590,961
17591,961
17592,961
17593,961
17594,961
17595,961
17596,961
17597,961
17598,961
17599,961
17600,961
17601,961
17602,961
17603,961
17604,961
17605,961
17606,961
17607,961
17608,961
17609,961
17610,961
17611,961
17612,961
17613,961
17614,961
17615,961
17616,961
17617,961
17618,961
17619,961
17620,961
17621,961
17622,961
17623,961
17624,961
17625,961
17626,961
17627,961
17628,961
17629,961
17630,961
17631,961
17632,961
17633,961
17634,961
17635,961
17636,961
17637,961
17638,961
17639,961
17640,961
17641,961
17642,961
17643,961
17644,961
17645,961
17646,961
17647,961
17648,961
17649,961
17650,961
17651,961
17652,961
17653,961
17654,961
17655,961
17656,961
17657,961
17658,961
17659,961
17660,961
17661,961
17662,961
17663,961
17664,961
17665,961
17666,961
17667,961
17668,961
17669,961
17670,961
17671,961
17672,961
17673,961
17674,961
17675,961
17676,961
17677,961
17678,961
17679,961
17680,961
17681,961
17682,961
17683,961
17684,961
17685,961
17686,961
17687,961
17688,961
17689,961
17690,961
17691,961
17692,961
17693,961
17694,961
17695,961
17696,961
17697,961
17698,961
17699,961
17700,961
17701,961
17702,961
17703,961
17704,961
17705,961
17706,961
17707,961
17708,961
17709,961
17710,961
17711,961
17712,961
17713,961
17714,961
17715,961
17716,961
17717,961
17718,961
17719,961
17720,961
17721,961
17722,961
17723,961
17724,961
17725,961
17726,961
17727,961
17728,961
17729,961
17730,961
17731,961
17732,961
17733,961
17734,961
17735,961
17736,961
17737,961
17738,961
17739,961
17740,961
17741,961
17742,961
17743,961
17744,961
17745,961
17746,961
17747,961
17748,961
17749,961
17750,961
17751,961
17752,961
17753,961
17754,961
17755,961
17756,961
17757,961
17758,961
17759,961
17760,961
17761,961
17762,961
17763,961
17764,961
17765,961
17766,961
17767,961
17768,961
17769,961
17770,961
17771,961
17772,961
17773,961
17774,961
17775,961
17776,961
17777,961
17778,961
17779,961
17780,961
17781,961
17782,961
17783,961
17784,961
17785,961
17786,961
17787,961
17788,961
17789,961
17790,961
17791,961
17792,961
17793,961
17794,961
17795,961
17796,961
17797,961
17798,961
17799,961
17800,961
17801,961
17802,961
17803,961
17804,961
17805,961
17806,961
17807,961
17808,961
17809,961
17810,961
17811,961
17812,961
17813,961
17814,961
17815,961
17816,961
17817,961
17818,961
17819,961
17820,961
17821,961
17822,961
17823,961
17824,961
17825,961
17826,961
17827,961
17828,961
17829,961
17830,961
17831,961
17832,961
17833,961
17834,961
17835,961
17836,961
17837,961
17838,961
17839,961
17840,961
17841,961
17842,961
17843,961
17844,961
17845,961
17846,961
17847,961
17848,961
17849,961
17850,961
17851,961
17852,961
17853,961
17854,961
17855,961
17856,961
17857,961
17858,961
17859,961
17860,961
17861,961
17862,961
17863,961
17864,961
17865,961
17866,961
17867,961
17868,961
17869,961
17870,961
17871,961
17872,961
17873,961
17874,961
17875,961
17876,961
17877,961
17878,961
17879,961
17880,961
17881,961
17882,961
17883,961
17884,961
17885,961
17886,961
17887,961
17888,961
17889,961
17890,961
17891,961
17892,961
17893,961
17894,961
17895,961
17896,961
17897,961
17898,961
17899,961
17900,961
17901,961
17902,961
17903,961
17904,961
17905,961
17906,961
17907,961
17908,961
17909,961
17910,961
17911,961
17912,961
17913,961
17914,961
17915,961
17916,961
17917,961
17918,961
17919,961
17920,961
17921,961
17922,961
17923,961
17924,961
17925,961
17926,961
17927,961
17928,961
17929,961
17930,961
17931,961
17932,961
17933,961
17934,961
17935,961
17936,961
17937,961
17938,961
17939,961
17940,961
17941,961
17942,961
17943,961
17944,961
17945,961
17946,961
17947,961
17948,961
17949,961
17950,961
17951,961
17952,961
17953,961
17954,961
17955,961
17956,961
17957,961
17958,961
17959,961
17960,961
17961,961
17962,961
17963,961
17964,961
17965,961
17966,961
17967,961
17968,961
17969,961
17970,961
17971,961
17972,961
17973,961
17974,961
17975,961
17976,961
17977,961
17978,961
17979,961
17980,961
17981,961
17982,961
17983,961
17984,961
17985,961
17986,961
17987,961
17988,961
17989,961
17990,961
17991,961
17992,961
17993,961
17994,961
17995,961
17996,961
17997,961
17998,961
17999,961
18000,961
18001,961
18002,961
18003,961
18004,961
18005,961
18006,961
18007,961
18008,961
18009,961
18010,961
18011,961
18012,961
18013,961
18014,961
18015,961
18016,961
18017,961
18018,961
18019,961
18020,961
18021,961
18022,961
18023,961
18024,961
18025,961
18026,961
18027,961
18028,961
18029,961
18030,961
18031,961
18032,961
18033,961
18034,961
18035,961
18036,961
18037,961
18038,961
18039,961
18040,961
18041,961
18042,961
18043,961
18044,961
18045,961
18046,961
18047,961
18048,961
18049,961
18050,961
18051,961
18052,961
18053,961
18054,961
18055,961
18056,961
18057,961
18058,961
18059,961
18060,961
18061,961
18062,961
18063,961
18064,961
18065,961
18066,961
18067,961
18068,961
18069,961
18070,961
18071,961
18072,961
18073,961
18074,961
18075,961
18076,961
18077,961
18078,961
18079,961
18080,961
18081,961
18082,961
18083,961
18084,961
18085,961
18086,961
18087,961
18088,961
18089,961
18090,961
18091,961
18092,961
18093,961
18094,961
18095,961
18096,961
18097,961
18098,961
18099,961
18100,961
18101,961
18102,961
18103,961
18104,961
18105,961
18106,961
18107,961
18108,961
18109,961
18110,961
18111,961
18112,961
18113,961
18114,961
18115,961
18116,961
18117,961
18118,961
18119,961
18120,961
18121,961
18122,961
18123,961
18124,961
18125,961
18126,961
18127,961
18128,961
18129,961
18130,961
18131,961
18132,961
18133,961
18134,961
18135,961
18136,961
18137,961
18138,961
18139,961
18140,961
18141,961
18142,961
18143,961
18144,961
18145,961
18146,961
18147,961
18148,961
18149,961
18150,961
18151,961
18152,961
18153,961
18154,961
18155,961
18156,961
18157,961
18158,961
18159,961
18160,961
18161,961
18162,961
18163,961
18164,961
18165,961
18166,961
18167,961
18168,961
18169,961
18170,961
18171,961
18172,961
18173,961
18174,961
18175,961
18176,961
18177,961
18178,961
18179,961
18180,961
18181,961
18182,961
18183,961
18184,961
18185,961
18186,961
18187,961
18188,961
18189,961
18190,961
18191,961
18192,961
18193,961
18194,961
18195,961
18196,961
18197,961
18198,961
18199,961
18200,961
18201,961
18202,961
18203,961
18204,961
18205,961
18206,961
18207,961
18208,961
18209,961
18210,961
18211,961
18212,961
18213,961
18214,961
18215,961
18216,961
18217,961
18218,961
18219,961
18220,961
18221,961
18222,961
18223,961
18224,961
18225,961
18226,961
18227,961
18228,961
18229,961
18230,961
18231,961
18232,961
18233,961
18234,961
18235,961
18236,961
18237,961
18238,961
18239,961
18240,961
18241,961
18242,961
18243,961
18244,961
18245,961
18246,961
18247,961
18248,961
18249,961
18250,961
18251,961
18252,961
18253,961
18254,961
18255,961
18256,961
18257,961
18258,961
18259,961
18260,961
18261,961
18262,961
18263,961
18264,961
18265,961
18266,961
18267,961
18268,961
18269,961
18270,961
18271,961
18272,961
18273,961
18274,961
18275,961
18276,961
18277,961
18278,961
18279,961
18280,961
18281,961
18282,961
18283,961
18284,961
18285,961
18286,961
18287,961
18288,961
18289,961
18290,961
18291,961
18292,961
18293,961
18294,961
18295,961
18296,961
18297,961
18298,961
18299,961
18300,961
18301,961
18302,961
18303,961
18304,961
18305,961
18306,961
18307,961
18308,961
18309,961
18310,961
18311,961
18312,961
18313,961
18314,961
18315,961
18316,961
18317,961
18318,961
18319,961
18320,961
18321,961
18322,961
18323,961
18324,961
18325,961
18326,961
18327,961
18328,961
18329,961
18330,961
18331,961
18332,961
18333,961
18334,961
18335,961
18336,961
18337,961
18338,961
18339,961
18340,961
18341,961
18342,961
18343,961
18344,961
18345,961
18346,961
18347,961
18348,961
18349,961
18350,961
18351,961
18352,961
18353,961
18354,961
18355,961
18356,961
18357,961
18358,961
18359,961
18360,961
18361,961
18362,961
18363,961
18364,961
18365,961
18366,961
18367,961
18368,961
18369,961
18370,961
18371,961
18372,961
18373,961
18374,961
18375,961
18376,961
18377,961
18378,961
18379,961
18380,961
18381,961
18382,961
18383,961
18384,961
18385,961
18386,961
18387,961
18388,961
18389,961
18390,961
18391,961
18392,961
18393,961
18394,961
18395,961
18396,961
18397,961
18398,961
18399,961
18400,961
18401,961
18402,961
18403,961
18404,961
18405,961
18406,961
18407,961
18408,961
18409,961
18410,961
18411,961
18412,961
18413,961
18414,961
18415,961
18416,961
18417,961
18418,961
18419,961
18420,961
18421,961
18422,961
18423,961
18424,961
18425,961
18426,961
18427,961
18428,961
18429,961
18430,961
18431,961
18432,961
18433,961
18434,961
18435,961
18436,961
18437,961
18438,961
18439,961
18440,961
18441,961
18442,961
18443,961
18444,961
18445,961
18446,961
18447,961
18448,961
18449,961
18450,961
18451,961
18452,961
18453,961
18454,961
18455,961
18456,961
18457,961
18458,961
18459,961
18460,961
18461,961
18462,961
18463,961
18464,961
18465,961
18466,961
18467,961
18468,961
18469,961
18470,961
18471,961
18472,961
18473,961
18474,961
18475,961
18476,961
18477,961
18478,961
18479,961
18480,961
18481,961
18482,961
18483,961
18484,961
18485,961
18486,961
18487,961
18488,961
18489,961
18490,961
18491,961
18492,961
18493,961
18494,961
18495,961
18496,961
18497,961
18498,961
18499,961
18500,961
18501,961
18502,961
18503,961
18504,961
18505,961
18506,961
18507,961
18508,961
18509,961
18510,961
18511,961
18512,961
18513,961
18514,961
18515,961
18516,961
18517,961
18518,961
18519,961
18520,961
18521,961
18522,961
18523,961
18524,961
18525,961
18526,961
18527,961
18528,961
18529,961
18530,961
18531,961
18532,961
18533,961
18534,961
18535,961
18536,961
18537,961
18538,961
18539,961
18540,961
18541,961
18542,961
18543,961
18544,961
18545,961
18546,961
18547,961
18548,961
18549,961
18550,961
18551,961
18552,961
18553,961
18554,961
18555,961
18556,961
18557,961
18558,961
18559,961
18560,961
18561,961
18562,961
18563,961
18564,961
18565,961
18566,961
18567,961
18568,961
18569,961
18570,961
18571,961
18572,961
18573,961
18574,961
18575,961
18576,961
18577,961
18578,961
18579,961
18580,961
18581,961
18582,961
18583,961
18584,961
18585,961
18586,961
18587,961
18588,961
18589,961
18590,961
18591,961
18592,961
18593,961
18594,961
18595,961
18596,961
18597,961
18598,961
18599,961
18600,961
18601,961
18602,961
18603,961
18604,961
18605,961
18606,961
18607,961
18608,961
18609,961
18610,961
18611,961
18612,961
18613,961
18614,961
18615,961
18616,961
18617,961
18618,961
18619,961
18620,961
18621,961
18622,961
18623,961
18624,961
18625,961
18626,961
18627,961
18628,961
18629,961
18630,961
18631,961
18632,961
18633,961
18634,961
18635,961
18636,961
18637,961
18638,961
18639,961
18640,961
18641,961
18642,961
18643,961
18644,961
18645,961
18646,961
18647,961
18648,961
18649,961
18650,961
18651,961
18652,961
18653,961
18654,961
18655,961
18656,961
18657,961
18658,961
18659,961
18660,961
18661,961
18662,961
18663,961
18664,961
18665,961
18666,961
18667,961
18668,961
18669,961
18670,961
18671,961
18672,961
18673,961
18674,961
18675,961
18676,961
18677,961
18678,961
18679,961
18680,961
18681,961
18682,961
18683,961
18684,961
18685,961
18686,961
18687,961
18688,961
18689,961
18690,961
18691,961
18692,961
18693,961
18694,961
18695,961
18696,961
18697,961
18698,961
18699,961
18700,961
18701,961
18702,961
18703,961
18704,961
18705,961
18706,961
18707,961
18708,961
18709,961
18710,961
18711,961
18712,961
18713,961
18714,961
18715,961
18716,961
18717,961
18718,961
18719,961
18720,961
18721,961
18722,961
18723,961
18724,961
18725,961
18726,961
18727,961
18728,961
18729,961
18730,961
18731,961
18732,961
18733,961
18734,961
18735,961
18736,961
18737,961
18738,961
18739,961
18740,961
18741,961
18742,961
18743,961
18744,961
18745,961
18746,961
18747,961
18748,961
18749,961
18750,961
18751,961
18752,961
18753,961
18754,961
18755,961
18756,961
18757,961
18758,961
18759,961
18760,961
18761,961
18762,961
18763,961
18764,961
18765,961
18766,961
18767,961
18768,961
18769,961
18770,961
18771,961
18772,961
18773,961
18774,961
18775,961
18776,961
18777,961
18778,961
18779,961
18780,961
18781,961
18782,961
18783,961
18784,961
18785,961
18786,961
18787,961
18788,961
18789,961
18790,961
18791,961
18792,961
18793,961
18794,961
18795,961
18796,961
18797,961
18798,961
18799,961
18800,961
18801,961
18802,961
18803,961
18804,961
18805,961
18806,961
18807,961
18808,961
18809,961
18810,961
18811,961
18812,961
18813,961
18814,961
18815,961
18816,961
18817,961
18818,961
18819,961
18820,961
18821,961
18822,961
18823,961
18824,961
18825,961
18826,961
18827,961
18828,961
18829,961
18830,961
18831,961
18832,961
18833,961
18834,961
18835,961
18836,961
18837,961
18838,961
18839,961
18840,961
18841,961
18842,961
18843,961
18844,961
18845,961
18846,961
18847,961
18848,961
18849,961
18850,961
18851,961
18852,961
18853,961
18854,961
18855,961
18856,961
18857,961
18858,961
18859,961
18860,961
18861,961
18862,961
18863,961
18864,961
18865,961
18866,961
18867,961
18868,961
18869,961
18870,961
18871,961
18872,961
18873,961
18874,961
18875,961
18876,961
18877,961
18878,961
18879,961
18880,961
18881,961
18882,961
18883,961
18884,961
18885,961
18886,961
18887,961
18888,961
18889,961
18890,961
18891,961
18892,961
18893,961
18894,961
18895,961
18896,961
18897,961
18898,961
18899,961
18900,961
18901,961
18902,961
18903,961
18904,961
18905,961
18906,961
18907,961
18908,961
18909,961
18910,961
18911,961
18912,961
18913,961
18914,961
18915,961
18916,961
18917,961
18918,961
18919,961
18920,961
18921,961
18922,961
18923,961
18924,961
18925,961
18926,961
18927,961
18928,961
18929,961
18930,961
18931,961
18932,961
18933,961
18934,961
18935,961
18936,961
18937,961
18938,961
18939,961
18940,961
18941,961
18942,961
18943,961
18944,961
18945,961
18946,961
18947,961
18948,961
18949,961
18950,961
18951,961
18952,961
18953,961
18954,961
18955,961
18956,961
18957,961
18958,961
18959,961
18960,961
18961,961
18962,961
18963,961
18964,961
18965,961
18966,961
18967,961
18968,961
18969,961
18970,961
18971,961
18972,961
18973,961
18974,961
18975,961
18976,961
18977,961
18978,961
18979,961
18980,961
18981,961
18982,961
18983,961
18984,961
18985,961
18986,961
18987,961
18988,961
18989,961
18990,961
18991,961
18992,961
18993,961
18994,961
18995,961
18996,961
18997,961
18998,961
18999,961
19000,961
19001,961
19002,961
19003,961
19004,961
19005,961
19006,961
19007,961
19008,961
19009,961
19010,961
19011,961
19012,961
19013,961
19014,961
19015,961
19016,961
19017,961
19018,961
19019,961
19020,961
19021,961
19022,961
19023,961
19024,961
19025,961
19026,961
19027,961
19028,961
19029,961
19030,961
19031,961
19032,961
19033,961
19034,961
19035,961
19036,961
19037,961
19038,961
19039,961
19040,961
19041,961
19042,961
19043,961
19044,961
19045,961
19046,961
19047,961
19048,961
19049,961
19050,961
19051,961
19052,961
19053,961
19054,961
19055,961
19056,961
19057,961
19058,961
19059,961
19060,961
19061,961
19062,961
19063,961
19064,961
19065,961
19066,961
19067,961
19068,961
19069,961
19070,961
19071,961
19072,961
19073,961
19074,961
19075,961
19076,961
19077,961
19078,961
19079,961
19080,961
19081,961
19082,961
19083,961
19084,961
19085,961
19086,961
19087,961
19088,961
19089,961
19090,961
19091,961
19092,961
19093,961
19094,961
19095,961
19096,961
19097,961
19098,961
19099,961
19100,961
19101,961
19102,961
19103,961
19104,961
19105,961
19106,961
19107,961
19108,961
19109,961
19110,961
19111,961
19112,961
19113,961
19114,961
19115,961
19116,961
19117,961
19118,961
19119,961
19120,961
19121,961
19122,961
19123,961
19124,961
19125,961
19126,961
19127,961
19128,961
19129,961
19130,961
19131,961
19132,961
19133,961
19134,961
19135,961
19136,961
19137,961
19138,961
19139,961
19140,961
19141,961
19142,961
19143,961
19144,961
19145,961
19146,961
19147,961
19148,961
19149,961
19150,961
19151,961
19152,961
19153,961
19154,961
19155,961
19156,961
19157,961
19158,961
19159,961
19160,961
19161,961
19162,961
19163,961
19164,961
19165,961
19166,961
19167,961
19168,961
19169,961
19170,961
19171,961
19172,961
19173,961
19174,961
19175,961
19176,961
19177,961
19178,961
19179,961
19180,961
19181,961
19182,961
19183,961
19184,961
19185,961
19186,961
19187,961
19188,961
19189,961
19190,961
19191,961
19192,961
19193,961
19194,961
19195,961
19196,961
19197,961
19198,961
19199,961
19200,961
19201,961
19202,961
19203,961
19204,961
19205,961
19206,961
19207,961
19208,961
19209,961
19210,961
19211,961
19212,961
19213,961
19214,961
19215,961
19216,961
19217,961
19218,961
19219,961
19220,961
19221,961
19222,961
19223,961
19224,961
19225,961
19226,961
19227,961
19228,961
19229,961
19230,961
19231,961
19232,961
19233,961
19234,961
19235,961
19236,961
19237,961
19238,961
19239,961
19240,961
19241,961
19242,961
19243,961
19244,961
19245,961
19246,961
19247,961
19248,961
19249,961
19250,961
19251,961
19252,961
19253,961
19254,961
19255,961
19256,961
19257,961
19258,961
19259,961
19260,961
19261,961
19262,961
19263,961
19264,961
19265,961
19266,961
19267,961
19268,961
19269,961
19270,961
19271,961
19272,961
19273,961
19274,961
19275,961
19276,961
19277,961
19278,961
19279,961
19280,961
19281,961
19282,961
19283,961
19284,961
19285,961
19286,961
19287,961
19288,961
19289,961
19290,961
19291,961
19292,961
19293,961
19294,961
19295,961
19296,961
19297,961
19298,961
19299,961
19300,961
19301,961
19302,961
19303,961
19304,961
19305,961
19306,961
19307,961
19308,961
19309,961
19310,961
19311,961
19312,961
19313,961
19314,961
19315,961
19316,961
19317,961
19318,961
19319,961
19320,961
19321,961
19322,961
19323,961
19324,961
19325,961
19326,961
19327,961
19328,961
19329,961
19330,961
19331,961
19332,961
19333,961
19334,961
19335,961
19336,961
19337,961
19338,961
19339,961
19340,961
19341,961
19342,961
19343,961
19344,961
19345,961
19346,961
19347,961
19348,961
19349,961
19350,961
19351,961
19352,961
19353,961
19354,961
19355,961
19356,961
19357,961
19358,961
19359,961
19360,961
19361,961
19362,961
19363,961
19364,961
19365,961
19366,961
19367,961
19368,961
19369,961
19370,961
19371,961
19372,961
19373,961
19374,961
19375,961
19376,961
19377,961
19378,961
19379,961
19380,961
19381,961
19382,961
19383,961
19384,961
19385,961
19386,961
19387,961
19388,961
19389,961
19390,961
19391,961
19392,961
19393,961
19394,961
19395,961
19396,961
19397,961
19398,961
19399,961
19400,961
19401,961
19402,961
19403,961
19404,961
19405,961
19406,961
19407,961
19408,961
19409,961
19410,961
19411,961
19412,961
19413,961
19414,961
19415,961
19416,961
19417,961
19418,961
19419,961
19420,961
19421,961
19422,961
19423,961
19424,961
19425,961
19426,961
19427,961
19428,961
19429,961
19430,961
19431,961
19432,961
19433,961
19434,961
19435,961
19436,961
19437,961
19438,961
19439,961
19440,961
19441,961
19442,961
19443,961
19444,961
19445,961
19446,961
19447,961
19448,961
19449,961
19450,961
19451,961
19452,961
19453,961
19454,961
19455,961
19456,961
19457,961
19458,961
19459,961
19460,961
19461,961
19462,961
19463,961
19464,961
19465,961
19466,961
19467,961
19468,961
19469,961
19470,961
19471,961
19472,961
19473,961
19474,961
19475,961
19476,961
19477,961
19478,961
19479,961
19480,961
19481,961
19482,961
19483,961
19484,961
19485,961
19486,961
19487,961
19488,961
19489,961
19490,961
19491,961
19492,961
19493,961
19494,961
19495,961
19496,961
19497,961
19498,961
19499,961
19500,961
19501,961
19502,961
19503,961
19504,961
19505,961
19506,961
19507,961
19508,961
19509,961
19510,961
19511,961
19512,961
19513,961
19514,961
19515,961
19516,961
19517,961
19518,961
19519,961
19520,961
19521,961
19522,961
19523,961
19524,961
19525,961
19526,961
19527,961
19528,961
19529,961
19530,961
19531,961
19532,961
19533,961
19534,961
19535,961
19536,961
19537,961
19538,961
19539,961
19540,961
19541,961
19542,961
19543,961
19544,961
19545,961
19546,961
19547,961
19548,961
19549,961
19550,961
19551,961
19552,961
19553,961
19554,961
19555,961
19556,961
19557,961
19558,961
19559,961
19560,961
19561,961
19562,961
19563,961
19564,961
19565,961
19566,961
19567,961
19568,961
19569,961
19570,961
19571,961
19572,961
19573,961
19574,961
19575,961
19576,961
19577,961
19578,961
19579,961
19580,961
19581,961
19582,961
19583,961
19584,961
19585,961
19586,961
19587,961
19588,961
19589,961
19590,961
19591,961
19592,961
19593,961
19594,961
19595,961
19596,961
19597,961
19598,961
19599,961
19600,961
19601,961
19602,961
19603,961
19604,961
19605,961
19606,961
19607,961
19608,961
19609,961
19610,961
19611,961
19612,961
19613,961
19614,961
19615,961
19616,961
19617,961
19618,961
19619,961
19620,961
19621,961
19622,961
19623,961
19624,961
19625,961
19626,961
19627,961
19628,961
19629,961
19630,961
19631,961
19632,961
19633,961
19634,961
19635,961
19636,961
19637,961
19638,961
19639,961
19640,961
19641,961
19642,961
19643,961
19644,961
19645,961
19646,961
19647,961
19648,961
19649,961
19650,961
19651,961
19652,961
19653,961
19654,961
19655,961
19656,961
19657,961
19658,961
19659,961
19660,961
19661,961
19662,961
19663,961
19664,961
19665,961
19666,961
19667,961
19668,961
19669,961
19670,961
19671,961
19672,961
19673,961
19674,961
19675,961
19676,961
19677,961
19678,961
19679,961
19680,961
19681,961
19682,961
19683,961
19684,961
19685,961
19686,961
19687,961
19688,961
19689,961
19690,961
19691,961
19692,961
19693,961
19694,961
19695,961
19696,961
19697,961
19698,961
19699,961
19700,961
19701,961
19702,961
19703,961
19704,961
19705,961
19706,961
19707,961
19708,961
19709,961
19710,961
19711,961
19712,961
19713,961
19714,961
19715,961
19716,961
19717,961
19718,961
19719,961
19720,961
19721,961
19722,961
19723,961
19724,961
19725,961
19726,961
19727,961
19728,961
19729,961
19730,961
19731,961
19732,961
19733,961
19734,961
19735,961
19736,961
19737,961
19738,961
19739,961
19740,961
19741,961
19742,961
19743,961
19744,961
19745,961
19746,961
19747,961
19748,961
19749,961
19750,961
19751,961
19752,961
19753,961
19754,961
19755,961
19756,961
19757,961
19758,961
19759,961
19760,961
19761,961
19762,961
19763,961
19764,961
19765,961
19766,961
19767,961
19768,961
19769,961
19770,961
19771,961
19772,961
19773,961
19774,961
19775,961
19776,961
19777,961
19778,961
19779,961
19780,961
19781,961
19782,961
19783,961
19784,961
19785,961
19786,961
19787,961
19788,961
19789,961
19790,961
19791,961
19792,961
19793,961
19794,961
19795,961
19796,961
19797,961
19798,961
19799,961
19800,961
19801,961
19802,961
19803,961
19804,961
19805,961
19806,961
19807,961
19808,961
19809,961
19810,961
19811,961
19812,961
19813,961
19814,961
19815,961
19816,961
19817,961
19818,961
19819,961
19820,961
19821,961
19822,961
19823,961
19824,961
19825,961
19826,961
19827,961
19828,961
19829,961
19830,961
19831,961
19832,961
19833,961
19834,961
19835,961
19836,961
19837,961
19838,961
19839,961
19840,961
19841,961
19842,961
19843,961
19844,961
19845,961
19846,961
19847,961
19848,961
19849,961
19850,961
19851,961
19852,961
19853,961
19854,961
19855,961
19856,961
19857,961
19858,961
19859,961
19860,961
19861,961
19862,961
19863,961
19864,961
19865,961
19866,961
19867,961
19868,961
19869,961
19870,961
19871,961
19872,961
19873,961
19874,961
19875,961
19876,961
19877,961
19878,961
19879,961
19880,961
19881,961
19882,961
19883,961
19884,961
19885,961
19886,961
19887,961
19888,961
19889,961
19890,961
19891,961
19892,961
19893,961
19894,961
19895,961
19896,961
19897,961
19898,961
19899,961
19900,961
19901,961
19902,961
19903,961
19904,961
19905,961
19906,961
19907,961
19908,961
19909,961
19910,961
19911,961
19912,961
19913,961
19914,961
19915,961
19916,961
19917,961
19918,961
19919,961
19920,961
19921,961
19922,961
19923,961
19924,961
19925,961
19926,961
19927,961
19928,961
19929,961
19930,961
19931,961
19932,961
19933,961
19934,961
19935,961
19936,961
19937,961
19938,961
19939,961
19940,961
19941,961
19942,961
19943,961
19944,961
19945,961
19946,961
19947,961
19948,961
19949,961
19950,961
19951,961
19952,961
19953,961
19954,961
19955,961
19956,961
19957,961
19958,961
19959,961
19960,961
19961,961
19962,961
19963,961
19964,961
19965,961
19966,961
19967,961
19968,961
19969,961
19970,961
19971,961
19972,961
19973,961
19974,961
19975,961
19976,961
19977,961
19978,961
19979,961
19980,961
19981,961
19982,961
19983,961
19984,961
19985,961
19986,961
19987,961
19988,961
19989,961
19990,961
19991,961
19992,961
19993,961
19994,961
19995,961
19996,961
19997,961
19998,961
19999,961
