Model,MAE,RMSE,MAPE
Seasonal Naive,3736.813623188406,5941.434741254709,19.789203303691217
Linear Regression,1883.5535157534448,2460.5038607861657,10.687948201052546
Random Forest,2681.628702173913,3341.683590775819,15.977646391417439
Holt-Winters,2631.4604893327805,4047.650325795414,13.723863264813152
Prophet,1919.3674740946365,2485.7622856055837,10.532255676442484
