Feature,Importance
Num_Customers,0.6298527237308883
sales_roll_mean_7,0.18203727440358466
sales_lag_1,0.09633316268782618
Pct_On_Sale,0.039693634640696064
sales_lag_7,0.039633567292658774
day_of_week,0.00999166086405141
is_holiday,0.0021686655803299505
TouristEvent,0.00028931079996458804
