Feature,Importance
Num_Customers,0.6139955735644903
sales_roll_mean_7,0.14728762148499097
sales_lag_1,0.07707600861382945
sales_lag_6,0.026625851318228227
sales_lag_5,0.024636215780583327
Pct_On_Sale,0.02101151058261798
sales_lag_4,0.02055013274610105
days_to_next_holiday,0.019062834610586173
sales_lag_7,0.016544678659288253
sales_lag_2,0.015761845619635402
sales_lag_3,0.012442576572239633
day_of_week,0.003991780073123869
is_holiday,0.0009006150031886628
TouristEvent,0.00011275537109668778
