Model,MAE,RMSE,MAPE,Experiment
Seasonal Naive,3736.813623188406,5941.434741254709,19.789203303691217,C_Context_Expert
Linear Regression,2125.3659124021974,2766.212557942646,12.222762777307377,C_Context_Expert
Random Forest,2548.1988673913042,3216.8289143379275,15.244356498465972,C_Context_Expert
Holt-Winters,2631.4604893327805,4047.650325795414,13.723863264813152,C_Context_Expert
Prophet,1844.6916771382253,2434.8022321924873,10.128163678601588,C_Context_Expert
SARIMAX,4.1145690572549304e-07,4.1234869591754695e-07,2.342702175237166e-09,C_Context_Expert
Ensemble (Top-3 Experts),1275.5340485393122,1633.8045447311622,7.18302348808025,C_Context_Expert
