Model,MAE,RMSE,MAPE,Experiment
Seasonal Naive,3736.813623188406,5941.434741254709,19.789203303691217,C_Context_Expert
Linear Regression,2123.322816615208,2772.895501058621,12.36284509256936,C_Context_Expert
Random Forest,2464.8303666666666,3207.0016585261237,14.621593799521133,C_Context_Expert
Holt-Winters,2631.8784641540224,4047.5885770181026,13.72732413078567,C_Context_Expert
Prophet,1871.92284876981,2428.5616968775735,10.339112315703971,C_Context_Expert
SARIMAX,2350.801510003792,2916.0029224021973,12.815488962312566,C_Context_Expert
