Model,MAE,RMSE,MAPE,Experiment
Seasonal Naive,3736.813623188406,5941.434741254709,19.789203303691217,C_Context_Expert
Linear Regression,2126.1876182311266,2740.764943282929,12.205689725759292,C_Context_Expert
Random Forest,2491.142066666667,3212.5161734902917,14.808423808784482,C_Context_Expert
Holt-Winters,2631.4604893327805,4047.650325795414,13.723863264813152,C_Context_Expert
Prophet,1834.7841586760508,2402.891641689619,10.01439900899665,C_Context_Expert
SARIMAX,3784.2980018519465,4404.912071984857,20.225654330792242,C_Context_Expert
Ensemble (Top-3 Experts),1999.214064898279,2551.591399691246,11.511171651173981,C_Context_Expert
