iteration,score,profit,units
0,53795.0,-53795.0,4059
1,50540.0,-50540.0,4311
2,49455.0,-49455.0,4401
3,47390.0,-47390.0,4605
4,45640.0,-45640.0,4731
5,43960.0,-43960.0,4871
6,41895.0,-41895.0,5039
7,40530.0,-40530.0,5135
8,38570.0,-38570.0,5373
9,37240.0,-37240.0,5469
10,36050.0,-36050.0,5571
11,35000.0,-35000.0,5655
12,31710.0,-31710.0,5893
13,28770.0,-28770.0,6159
14,28560.0,-28560.0,6153
15,26775.0,-26775.0,6279
16,26775.0,-26775.0,6279
17,26775.0,-26775.0,6279
18,25130.0,-25130.0,6419
19,23940.0,-23940.0,6521
20,20475.0,-20475.0,6773
21,19985.0,-19985.0,6767
22,18480.0,-18480.0,6886
23,14910.0,-14910.0,7138
24,14350.0,-14350.0,7156
25,13020.0,-13020.0,7252
26,12985.0,-12985.0,7252
27,10955.0,-10955.0,7456
28,9730.0,-9730.0,7558
29,6755.0,-6755.0,7774
30,3675.0,-3675.0,8012
31,3675.0,-3675.0,8012
32,1715.0,-1715.0,8204
33,805.0,-805.0,8294
34,-1610.0,1610.0,8474
35,-2485.0,2485.0,8564
36,-4095.0,4095.0,8683
37,-4095.0,4095.0,8683
38,-4095.0,4095.0,8683
39,-4095.0,4095.0,8683
40,-4900.0,4900.0,8773
41,-8435.0,8435.0,9025
42,-8435.0,8435.0,9025
43,-8435.0,8435.0,9025
44,-8435.0,8435.0,9025
45,-8435.0,8435.0,9025
46,-8435.0,8435.0,9025
47,-8435.0,8435.0,9025
48,-8435.0,8435.0,9025
49,-9975.0,9975.0,9144
50,-9975.0,9975.0,9144
51,-9975.0,9975.0,9144
52,-9975.0,9975.0,9144
53,-9975.0,9975.0,9144
54,-9975.0,9975.0,9144
55,-10080.0,10080.0,9144
56,-10080.0,10080.0,9144
57,-10080.0,10080.0,9144
58,-10430.0,10430.0,9138
59,-10430.0,10430.0,9138
60,-10430.0,10430.0,9138
61,-12250.0,12250.0,9278
62,-12250.0,12250.0,9278
63,-12635.0,12635.0,9278
64,-12635.0,12635.0,9278
65,-14140.0,14140.0,9374
66,-15260.0,15260.0,9470
67,-15260.0,15260.0,9470
68,-15260.0,15260.0,9470
69,-15260.0,15260.0,9470
70,-15260.0,15260.0,9470
71,-15260.0,15260.0,9470
72,-15260.0,15260.0,9470
73,-15260.0,15260.0,9470
74,-15645.0,15645.0,9470
75,-15645.0,15645.0,9470
76,-15645.0,15645.0,9470
77,-15645.0,15645.0,9470
78,-15645.0,15645.0,9470
79,-18305.0,18305.0,9662
80,-21280.0,21280.0,9928
81,-21280.0,21280.0,9928
82,-21280.0,21280.0,9928
83,-21280.0,21280.0,9928
84,-21280.0,21280.0,9928
85,-21280.0,21280.0,9928
86,-21280.0,21280.0,9928
87,-21280.0,21280.0,9928
88,-21280.0,21280.0,9928
89,-21280.0,21280.0,9928
90,-21280.0,21280.0,9928
91,-21280.0,21280.0,9928
92,-21280.0,21280.0,9928
93,-21280.0,21280.0,9928
94,-21280.0,21280.0,9928
95,-21280.0,21280.0,9928
96,-21280.0,21280.0,9928
97,-21280.0,21280.0,9928
98,-21280.0,21280.0,9928
99,-21350.0,21350.0,9907
100,-21840.0,21840.0,9900
101,-21840.0,21840.0,9900
102,-21840.0,21840.0,9900
103,-21840.0,21840.0,9900
104,-21840.0,21840.0,9900
105,-21840.0,21840.0,9900
106,-21840.0,21840.0,9900
107,-21945.0,21945.0,9900
108,-21945.0,21945.0,9900
109,-21945.0,21945.0,9900
110,-21945.0,21945.0,9900
111,-21945.0,21945.0,9900
112,-21945.0,21945.0,9900
113,-21945.0,21945.0,9900
114,-21945.0,21945.0,9900
115,-21945.0,21945.0,9900
116,-21945.0,21945.0,9900
117,-21945.0,21945.0,9900
118,-21945.0,21945.0,9900
119,-21945.0,21945.0,9900
120,-21945.0,21945.0,9900
121,-21945.0,21945.0,9900
122,-21945.0,21945.0,9900
123,-21945.0,21945.0,9900
124,-21945.0,21945.0,9900
125,-23415.0,23415.0,9996
126,-23415.0,23415.0,9996
127,-24010.0,24010.0,9996
128,-24010.0,24010.0,9996
129,-24010.0,24010.0,9996
130,-24010.0,24010.0,9996
131,-24010.0,24010.0,9996
132,-24010.0,24010.0,9996
133,-24010.0,24010.0,9996
134,-24010.0,24010.0,9996
135,-24010.0,24010.0,9996
136,-24010.0,24010.0,9996
137,-24010.0,24010.0,9996
138,-24010.0,24010.0,9996
139,-24010.0,24010.0,9996
140,-24010.0,24010.0,9996
141,-24010.0,24010.0,9996
142,-24010.0,24010.0,9996
143,-24010.0,24010.0,9996
144,-24010.0,24010.0,9996
145,-24010.0,24010.0,9996
146,-24010.0,24010.0,9996
147,-24010.0,24010.0,9996
148,-24010.0,24010.0,9996
149,-24010.0,24010.0,9996
150,-24010.0,24010.0,9996
151,-24360.0,24360.0,9996
152,-24360.0,24360.0,9996
153,-24360.0,24360.0,9996
154,-24360.0,24360.0,9996
155,-24360.0,24360.0,9996
156,-24360.0,24360.0,9996
157,-24360.0,24360.0,9996
158,-24360.0,24360.0,9996
159,-24360.0,24360.0,9996
160,-24360.0,24360.0,9996
161,-24360.0,24360.0,9996
162,-24360.0,24360.0,9996
163,-24955.0,24955.0,9996
164,-24955.0,24955.0,9996
165,-24955.0,24955.0,9996
166,-24955.0,24955.0,9996
167,-24955.0,24955.0,9996
168,-24955.0,24955.0,9996
169,-24955.0,24955.0,9996
170,-24955.0,24955.0,9996
171,-24955.0,24955.0,9996
172,-24955.0,24955.0,9996
173,-24955.0,24955.0,9996
174,-24955.0,24955.0,9996
175,-24955.0,24955.0,9996
176,-24955.0,24955.0,9996
177,-24955.0,24955.0,9996
178,-24955.0,24955.0,9996
179,-24955.0,24955.0,9996
180,-24955.0,24955.0,9996
181,-24955.0,24955.0,9996
182,-24955.0,24955.0,9996
183,-24955.0,24955.0,9996
184,-24955.0,24955.0,9996
185,-24955.0,24955.0,9996
186,-24955.0,24955.0,9996
187,-24955.0,24955.0,9996
188,-24955.0,24955.0,9996
189,-24955.0,24955.0,9996
190,-24955.0,24955.0,9996
191,-24955.0,24955.0,9996
192,-24955.0,24955.0,9996
193,-24955.0,24955.0,9996
194,-25480.0,25480.0,9956
195,-25480.0,25480.0,9956
196,-25480.0,25480.0,9956
197,-25480.0,25480.0,9956
198,-25480.0,25480.0,9956
199,-25480.0,25480.0,9956
200,-25480.0,25480.0,9956
201,-25480.0,25480.0,9956
202,-25480.0,25480.0,9956
203,-25480.0,25480.0,9956
204,-25480.0,25480.0,9956
205,-25480.0,25480.0,9956
206,-25935.0,25935.0,9928
207,-25935.0,25935.0,9928
208,-25935.0,25935.0,9928
209,-25935.0,25935.0,9928
210,-25935.0,25935.0,9928
211,-25935.0,25935.0,9928
212,-25935.0,25935.0,9928
213,-26355.0,26355.0,9900
214,-26355.0,26355.0,9900
215,-26670.0,26670.0,9900
216,-26670.0,26670.0,9900
217,-26670.0,26670.0,9900
218,-26670.0,26670.0,9900
219,-26670.0,26670.0,9900
220,-26670.0,26670.0,9900
221,-26670.0,26670.0,9900
222,-26670.0,26670.0,9900
223,-26670.0,26670.0,9900
224,-26670.0,26670.0,9900
225,-26670.0,26670.0,9900
226,-26670.0,26670.0,9900
227,-26670.0,26670.0,9900
228,-27755.0,27755.0,9996
229,-27755.0,27755.0,9996
230,-27755.0,27755.0,9996
231,-27755.0,27755.0,9996
232,-27755.0,27755.0,9996
233,-27755.0,27755.0,9996
234,-27755.0,27755.0,9996
235,-27755.0,27755.0,9996
236,-27755.0,27755.0,9996
237,-27755.0,27755.0,9996
238,-27755.0,27755.0,9996
239,-27755.0,27755.0,9996
240,-27755.0,27755.0,9996
241,-27755.0,27755.0,9996
242,-27755.0,27755.0,9996
243,-27755.0,27755.0,9996
244,-27755.0,27755.0,9996
245,-27755.0,27755.0,9996
246,-27755.0,27755.0,9996
247,-27755.0,27755.0,9996
248,-27755.0,27755.0,9996
249,-27755.0,27755.0,9996
250,-27755.0,27755.0,9996
251,-27755.0,27755.0,9996
252,-27755.0,27755.0,9996
253,-27755.0,27755.0,9996
254,-27755.0,27755.0,9996
255,-27755.0,27755.0,9996
256,-27755.0,27755.0,9996
257,-27755.0,27755.0,9996
258,-27755.0,27755.0,9996
259,-27755.0,27755.0,9996
260,-27755.0,27755.0,9996
261,-27755.0,27755.0,9996
262,-27755.0,27755.0,9996
263,-27790.0,27790.0,9989
264,-27790.0,27790.0,9989
265,-27790.0,27790.0,9989
266,-27790.0,27790.0,9989
267,-27790.0,27790.0,9989
268,-27790.0,27790.0,9989
269,-27790.0,27790.0,9989
270,-27790.0,27790.0,9989
271,-27790.0,27790.0,9989
272,-27790.0,27790.0,9989
273,-27790.0,27790.0,9989
274,-27790.0,27790.0,9989
275,-27790.0,27790.0,9989
276,-27790.0,27790.0,9989
277,-27790.0,27790.0,9989
278,-27790.0,27790.0,9989
279,-27790.0,27790.0,9989
280,-27790.0,27790.0,9989
281,-27790.0,27790.0,9989
282,-27790.0,27790.0,9989
283,-27790.0,27790.0,9989
284,-27790.0,27790.0,9989
285,-27790.0,27790.0,9989
286,-27895.0,27895.0,9989
287,-27895.0,27895.0,9989
288,-27895.0,27895.0,9989
289,-27895.0,27895.0,9989
290,-27895.0,27895.0,9989
291,-27895.0,27895.0,9989
292,-27895.0,27895.0,9989
293,-27895.0,27895.0,9989
294,-27895.0,27895.0,9989
295,-27895.0,27895.0,9989
296,-27895.0,27895.0,9989
297,-27895.0,27895.0,9989
298,-27895.0,27895.0,9989
299,-27895.0,27895.0,9989
300,-28070.0,28070.0,9975
301,-28070.0,28070.0,9975
302,-28070.0,28070.0,9975
303,-28070.0,28070.0,9975
304,-28070.0,28070.0,9975
305,-28070.0,28070.0,9975
306,-28070.0,28070.0,9975
307,-28070.0,28070.0,9975
308,-28070.0,28070.0,9975
309,-28070.0,28070.0,9975
310,-28070.0,28070.0,9975
311,-28070.0,28070.0,9975
312,-28070.0,28070.0,9975
313,-28070.0,28070.0,9975
314,-28070.0,28070.0,9975
315,-28070.0,28070.0,9975
316,-28070.0,28070.0,9975
317,-28070.0,28070.0,9975
318,-28070.0,28070.0,9975
319,-28070.0,28070.0,9975
320,-28070.0,28070.0,9975
321,-28070.0,28070.0,9975
322,-28070.0,28070.0,9975
323,-28070.0,28070.0,9975
324,-28070.0,28070.0,9975
325,-28070.0,28070.0,9975
326,-28070.0,28070.0,9975
327,-28070.0,28070.0,9975
328,-28070.0,28070.0,9975
329,-28070.0,28070.0,9975
330,-28070.0,28070.0,9975
331,-28070.0,28070.0,9975
332,-28070.0,28070.0,9975
333,-28070.0,28070.0,9975
334,-28070.0,28070.0,9975
335,-28070.0,28070.0,9975
336,-28070.0,28070.0,9975
337,-28070.0,28070.0,9975
338,-28070.0,28070.0,9975
339,-28070.0,28070.0,9975
340,-28070.0,28070.0,9975
341,-28070.0,28070.0,9975
342,-28070.0,28070.0,9975
343,-28070.0,28070.0,9975
344,-28070.0,28070.0,9975
345,-28070.0,28070.0,9975
346,-28070.0,28070.0,9975
347,-28070.0,28070.0,9975
348,-28070.0,28070.0,9975
349,-28070.0,28070.0,9975
350,-28070.0,28070.0,9975
351,-28070.0,28070.0,9975
352,-28070.0,28070.0,9975
353,-28070.0,28070.0,9975
354,-28070.0,28070.0,9975
355,-28070.0,28070.0,9975
356,-28070.0,28070.0,9975
357,-28070.0,28070.0,9975
358,-28070.0,28070.0,9975
359,-28070.0,28070.0,9975
360,-28070.0,28070.0,9975
361,-28070.0,28070.0,9975
362,-28070.0,28070.0,9975
363,-28070.0,28070.0,9975
364,-28070.0,28070.0,9975
365,-28070.0,28070.0,9975
366,-28070.0,28070.0,9975
367,-28070.0,28070.0,9975
368,-28070.0,28070.0,9975
369,-28070.0,28070.0,9975
370,-28070.0,28070.0,9975
371,-28105.0,28105.0,9975
372,-28105.0,28105.0,9975
373,-28105.0,28105.0,9975
374,-28105.0,28105.0,9975
375,-28105.0,28105.0,9975
376,-28105.0,28105.0,9975
377,-28105.0,28105.0,9975
378,-28245.0,28245.0,9951
379,-28245.0,28245.0,9951
380,-28245.0,28245.0,9951
381,-28245.0,28245.0,9951
382,-28245.0,28245.0,9951
383,-28245.0,28245.0,9951
384,-28245.0,28245.0,9951
385,-28245.0,28245.0,9951
386,-28245.0,28245.0,9951
387,-28245.0,28245.0,9951
388,-28245.0,28245.0,9951
389,-28245.0,28245.0,9951
390,-28245.0,28245.0,9951
391,-28245.0,28245.0,9951
392,-28245.0,28245.0,9951
393,-28245.0,28245.0,9951
394,-28245.0,28245.0,9951
395,-28245.0,28245.0,9951
396,-28245.0,28245.0,9951
397,-28245.0,28245.0,9951
398,-28245.0,28245.0,9951
399,-28700.0,28700.0,9951
400,-28700.0,28700.0,9951
401,-28700.0,28700.0,9951
402,-28700.0,28700.0,9951
403,-28700.0,28700.0,9951
404,-28700.0,28700.0,9951
405,-28700.0,28700.0,9951
406,-28700.0,28700.0,9951
407,-28700.0,28700.0,9951
408,-28910.0,28910.0,9951
409,-28910.0,28910.0,9951
410,-28910.0,28910.0,9951
411,-28910.0,28910.0,9951
412,-28910.0,28910.0,9951
413,-28910.0,28910.0,9951
414,-28910.0,28910.0,9951
415,-29470.0,29470.0,9933
416,-29470.0,29470.0,9933
417,-29470.0,29470.0,9933
418,-29470.0,29470.0,9933
419,-29470.0,29470.0,9933
420,-29470.0,29470.0,9933
421,-29470.0,29470.0,9933
422,-29470.0,29470.0,9933
423,-29470.0,29470.0,9933
424,-29470.0,29470.0,9933
425,-29470.0,29470.0,9933
426,-29470.0,29470.0,9933
427,-29470.0,29470.0,9933
428,-29470.0,29470.0,9933
429,-29470.0,29470.0,9933
430,-29470.0,29470.0,9933
431,-29785.0,29785.0,9951
432,-29785.0,29785.0,9951
433,-29785.0,29785.0,9951
434,-29785.0,29785.0,9951
435,-29785.0,29785.0,9951
436,-29785.0,29785.0,9951
437,-29785.0,29785.0,9951
438,-29785.0,29785.0,9951
439,-29785.0,29785.0,9951
440,-29785.0,29785.0,9951
441,-29785.0,29785.0,9951
442,-29785.0,29785.0,9951
443,-29785.0,29785.0,9951
444,-29785.0,29785.0,9951
445,-29785.0,29785.0,9951
446,-29785.0,29785.0,9951
447,-29785.0,29785.0,9951
448,-29785.0,29785.0,9951
449,-29785.0,29785.0,9951
450,-29785.0,29785.0,9951
451,-29785.0,29785.0,9951
452,-29785.0,29785.0,9951
453,-29785.0,29785.0,9951
454,-29855.0,29855.0,9958
455,-29855.0,29855.0,9958
456,-29855.0,29855.0,9958
457,-29855.0,29855.0,9958
458,-29855.0,29855.0,9958
459,-29855.0,29855.0,9958
460,-29855.0,29855.0,9958
461,-29855.0,29855.0,9958
462,-29855.0,29855.0,9958
463,-29855.0,29855.0,9958
464,-29855.0,29855.0,9958
465,-29855.0,29855.0,9958
466,-29855.0,29855.0,9958
467,-29855.0,29855.0,9958
468,-29855.0,29855.0,9958
469,-29855.0,29855.0,9958
470,-29855.0,29855.0,9958
471,-29855.0,29855.0,9958
472,-29855.0,29855.0,9958
473,-29855.0,29855.0,9958
474,-29855.0,29855.0,9958
475,-29855.0,29855.0,9958
476,-29855.0,29855.0,9958
477,-29855.0,29855.0,9958
478,-29855.0,29855.0,9958
479,-29855.0,29855.0,9958
480,-29855.0,29855.0,9958
481,-29855.0,29855.0,9958
482,-29855.0,29855.0,9958
483,-29855.0,29855.0,9958
484,-29855.0,29855.0,9958
485,-29855.0,29855.0,9958
486,-29855.0,29855.0,9958
487,-29855.0,29855.0,9958
488,-29855.0,29855.0,9958
489,-29855.0,29855.0,9958
490,-29855.0,29855.0,9958
491,-29855.0,29855.0,9958
492,-29855.0,29855.0,9958
493,-29855.0,29855.0,9958
494,-29855.0,29855.0,9958
495,-29855.0,29855.0,9958
496,-29855.0,29855.0,9958
497,-29855.0,29855.0,9958
498,-29855.0,29855.0,9958
499,-29855.0,29855.0,9958
500,-29855.0,29855.0,9958
501,-29855.0,29855.0,9958
502,-29855.0,29855.0,9958
503,-29855.0,29855.0,9958
504,-29855.0,29855.0,9958
505,-29855.0,29855.0,9958
506,-29855.0,29855.0,9958
507,-29855.0,29855.0,9958
508,-29855.0,29855.0,9958
509,-29855.0,29855.0,9958
510,-29855.0,29855.0,9958
511,-29855.0,29855.0,9958
512,-29855.0,29855.0,9958
513,-29855.0,29855.0,9958
514,-29855.0,29855.0,9958
515,-29855.0,29855.0,9958
516,-29855.0,29855.0,9958
517,-29855.0,29855.0,9958
518,-29855.0,29855.0,9958
519,-29855.0,29855.0,9958
520,-29855.0,29855.0,9958
521,-29855.0,29855.0,9958
522,-29855.0,29855.0,9958
523,-29855.0,29855.0,9958
524,-29855.0,29855.0,9958
525,-29855.0,29855.0,9958
526,-29855.0,29855.0,9958
527,-29855.0,29855.0,9958
528,-29855.0,29855.0,9958
529,-29855.0,29855.0,9958
530,-29855.0,29855.0,9958
531,-29855.0,29855.0,9958
532,-29855.0,29855.0,9958
533,-29855.0,29855.0,9958
534,-29855.0,29855.0,9958
535,-29855.0,29855.0,9958
536,-29855.0,29855.0,9958
537,-29855.0,29855.0,9958
538,-29855.0,29855.0,9958
539,-29855.0,29855.0,9958
540,-29855.0,29855.0,9958
541,-29855.0,29855.0,9958
542,-29855.0,29855.0,9958
543,-29855.0,29855.0,9958
544,-29855.0,29855.0,9958
545,-29855.0,29855.0,9958
546,-29855.0,29855.0,9958
547,-29855.0,29855.0,9958
548,-29855.0,29855.0,9958
549,-29855.0,29855.0,9958
550,-29855.0,29855.0,9958
551,-29855.0,29855.0,9958
552,-29855.0,29855.0,9958
553,-29855.0,29855.0,9958
554,-29855.0,29855.0,9958
555,-29855.0,29855.0,9958
556,-29855.0,29855.0,9958
557,-29855.0,29855.0,9958
558,-29855.0,29855.0,9958
559,-29855.0,29855.0,9958
560,-29855.0,29855.0,9958
561,-29855.0,29855.0,9958
562,-29855.0,29855.0,9958
563,-29855.0,29855.0,9958
564,-29855.0,29855.0,9958
565,-29855.0,29855.0,9958
566,-29855.0,29855.0,9958
567,-29855.0,29855.0,9958
568,-29855.0,29855.0,9958
569,-29855.0,29855.0,9958
570,-29855.0,29855.0,9958
571,-29855.0,29855.0,9958
572,-29855.0,29855.0,9958
573,-29855.0,29855.0,9958
574,-29855.0,29855.0,9958
575,-29855.0,29855.0,9958
576,-29855.0,29855.0,9958
577,-29855.0,29855.0,9958
578,-29855.0,29855.0,9958
579,-29855.0,29855.0,9958
580,-29855.0,29855.0,9958
581,-29855.0,29855.0,9958
582,-29855.0,29855.0,9958
583,-29855.0,29855.0,9958
584,-29855.0,29855.0,9958
585,-29855.0,29855.0,9958
586,-29855.0,29855.0,9958
587,-29855.0,29855.0,9958
588,-29855.0,29855.0,9958
589,-29855.0,29855.0,9958
590,-29855.0,29855.0,9958
591,-29855.0,29855.0,9958
592,-29855.0,29855.0,9958
593,-29855.0,29855.0,9958
594,-29855.0,29855.0,9958
595,-29855.0,29855.0,9958
596,-29855.0,29855.0,9958
597,-29855.0,29855.0,9958
598,-29855.0,29855.0,9958
599,-29855.0,29855.0,9958
600,-29855.0,29855.0,9958
601,-29855.0,29855.0,9958
602,-29855.0,29855.0,9958
603,-29855.0,29855.0,9958
604,-29855.0,29855.0,9958
605,-29855.0,29855.0,9958
606,-29855.0,29855.0,9958
607,-29855.0,29855.0,9958
608,-29855.0,29855.0,9958
609,-29855.0,29855.0,9958
610,-29855.0,29855.0,9958
611,-29855.0,29855.0,9958
612,-29855.0,29855.0,9958
613,-29855.0,29855.0,9958
614,-29855.0,29855.0,9958
615,-29855.0,29855.0,9958
616,-29855.0,29855.0,9958
617,-29855.0,29855.0,9958
618,-29855.0,29855.0,9958
619,-29855.0,29855.0,9958
620,-29855.0,29855.0,9958
621,-29855.0,29855.0,9958
622,-29855.0,29855.0,9958
623,-29855.0,29855.0,9958
624,-29855.0,29855.0,9958
625,-29855.0,29855.0,9958
626,-29855.0,29855.0,9958
627,-29855.0,29855.0,9958
628,-29855.0,29855.0,9958
629,-29855.0,29855.0,9958
630,-29855.0,29855.0,9958
631,-29855.0,29855.0,9958
632,-29855.0,29855.0,9958
633,-29855.0,29855.0,9958
634,-29855.0,29855.0,9958
635,-29855.0,29855.0,9958
636,-29855.0,29855.0,9958
637,-29855.0,29855.0,9958
638,-29855.0,29855.0,9958
639,-29855.0,29855.0,9958
640,-29855.0,29855.0,9958
641,-29855.0,29855.0,9958
642,-29855.0,29855.0,9958
643,-29855.0,29855.0,9958
644,-29855.0,29855.0,9958
645,-29855.0,29855.0,9958
646,-29855.0,29855.0,9958
647,-29855.0,29855.0,9958
648,-29855.0,29855.0,9958
649,-29855.0,29855.0,9958
650,-29855.0,29855.0,9958
651,-29855.0,29855.0,9958
652,-29855.0,29855.0,9958
653,-29855.0,29855.0,9958
654,-29855.0,29855.0,9958
655,-29855.0,29855.0,9958
656,-29855.0,29855.0,9958
657,-29855.0,29855.0,9958
658,-29855.0,29855.0,9958
659,-29855.0,29855.0,9958
660,-29855.0,29855.0,9958
661,-29855.0,29855.0,9958
662,-29855.0,29855.0,9958
663,-29855.0,29855.0,9958
664,-29855.0,29855.0,9958
665,-29855.0,29855.0,9958
666,-29855.0,29855.0,9958
667,-29855.0,29855.0,9958
668,-29855.0,29855.0,9958
669,-29855.0,29855.0,9958
670,-29855.0,29855.0,9958
671,-29855.0,29855.0,9958
672,-29855.0,29855.0,9958
673,-29855.0,29855.0,9958
674,-29855.0,29855.0,9958
675,-29855.0,29855.0,9958
676,-29855.0,29855.0,9958
677,-29855.0,29855.0,9958
678,-29855.0,29855.0,9958
679,-29855.0,29855.0,9958
680,-29925.0,29925.0,9958
681,-29925.0,29925.0,9958
682,-29925.0,29925.0,9958
683,-29925.0,29925.0,9958
684,-29925.0,29925.0,9958
685,-29925.0,29925.0,9958
686,-29925.0,29925.0,9958
687,-29925.0,29925.0,9958
688,-29925.0,29925.0,9958
689,-29925.0,29925.0,9958
690,-29925.0,29925.0,9958
691,-29925.0,29925.0,9958
692,-29925.0,29925.0,9958
693,-29925.0,29925.0,9958
694,-29925.0,29925.0,9958
695,-29925.0,29925.0,9958
696,-29925.0,29925.0,9958
697,-29925.0,29925.0,9958
698,-29925.0,29925.0,9958
699,-29925.0,29925.0,9958
700,-29925.0,29925.0,9958
701,-29925.0,29925.0,9958
702,-29925.0,29925.0,9958
703,-29925.0,29925.0,9958
704,-29925.0,29925.0,9958
705,-29925.0,29925.0,9958
706,-29925.0,29925.0,9958
707,-29925.0,29925.0,9958
708,-29925.0,29925.0,9958
709,-29925.0,29925.0,9958
710,-29925.0,29925.0,9958
711,-29925.0,29925.0,9958
712,-29925.0,29925.0,9958
713,-29925.0,29925.0,9958
714,-29925.0,29925.0,9958
715,-29925.0,29925.0,9958
716,-29925.0,29925.0,9958
717,-30030.0,30030.0,9958
718,-30030.0,30030.0,9958
719,-30030.0,30030.0,9958
720,-30030.0,30030.0,9958
721,-30030.0,30030.0,9958
722,-30030.0,30030.0,9958
723,-30030.0,30030.0,9958
724,-30030.0,30030.0,9958
725,-30030.0,30030.0,9958
726,-30030.0,30030.0,9958
727,-30030.0,30030.0,9958
728,-30030.0,30030.0,9958
729,-30030.0,30030.0,9958
730,-30030.0,30030.0,9958
731,-30030.0,30030.0,9958
732,-30030.0,30030.0,9958
733,-30030.0,30030.0,9958
734,-30030.0,30030.0,9958
735,-30030.0,30030.0,9958
736,-30030.0,30030.0,9958
737,-30030.0,30030.0,9958
738,-30030.0,30030.0,9958
739,-30030.0,30030.0,9958
740,-30030.0,30030.0,9958
741,-30030.0,30030.0,9958
742,-30030.0,30030.0,9958
743,-30030.0,30030.0,9958
744,-30030.0,30030.0,9958
745,-30030.0,30030.0,9958
746,-30030.0,30030.0,9958
747,-30030.0,30030.0,9958
748,-30030.0,30030.0,9958
749,-30030.0,30030.0,9958
750,-30030.0,30030.0,9958
751,-30030.0,30030.0,9958
752,-30030.0,30030.0,9958
753,-30030.0,30030.0,9958
754,-30030.0,30030.0,9958
755,-30030.0,30030.0,9958
756,-30030.0,30030.0,9958
757,-30030.0,30030.0,9958
758,-30030.0,30030.0,9958
759,-30030.0,30030.0,9958
760,-30030.0,30030.0,9958
761,-30030.0,30030.0,9958
762,-30030.0,30030.0,9958
763,-30030.0,30030.0,9958
764,-30030.0,30030.0,9958
765,-30030.0,30030.0,9958
766,-30030.0,30030.0,9958
767,-30030.0,30030.0,9958
768,-30030.0,30030.0,9958
769,-30030.0,30030.0,9958
770,-30030.0,30030.0,9958
771,-30030.0,30030.0,9958
772,-30030.0,30030.0,9958
773,-30030.0,30030.0,9958
774,-30030.0,30030.0,9958
775,-30030.0,30030.0,9958
776,-30030.0,30030.0,9958
777,-30030.0,30030.0,9958
778,-30030.0,30030.0,9958
779,-30030.0,30030.0,9958
780,-30030.0,30030.0,9958
781,-30030.0,30030.0,9958
782,-30030.0,30030.0,9958
783,-30030.0,30030.0,9958
784,-30030.0,30030.0,9958
785,-30030.0,30030.0,9958
786,-30030.0,30030.0,9958
787,-30030.0,30030.0,9958
788,-30030.0,30030.0,9958
789,-30030.0,30030.0,9958
790,-30030.0,30030.0,9958
791,-30030.0,30030.0,9958
792,-30030.0,30030.0,9958
793,-30030.0,30030.0,9958
794,-30030.0,30030.0,9958
795,-30030.0,30030.0,9958
796,-30030.0,30030.0,9958
797,-30030.0,30030.0,9958
798,-30030.0,30030.0,9958
799,-30030.0,30030.0,9958
800,-30030.0,30030.0,9958
801,-30030.0,30030.0,9958
802,-30030.0,30030.0,9958
803,-30030.0,30030.0,9958
804,-30030.0,30030.0,9958
805,-30030.0,30030.0,9958
806,-30065.0,30065.0,9930
807,-30065.0,30065.0,9930
808,-30065.0,30065.0,9930
809,-30065.0,30065.0,9930
810,-30065.0,30065.0,9930
811,-30065.0,30065.0,9930
812,-30065.0,30065.0,9930
813,-30065.0,30065.0,9930
814,-30065.0,30065.0,9930
815,-30065.0,30065.0,9930
816,-30065.0,30065.0,9930
817,-30065.0,30065.0,9930
818,-30065.0,30065.0,9930
819,-30065.0,30065.0,9930
820,-30065.0,30065.0,9930
821,-30065.0,30065.0,9930
822,-30065.0,30065.0,9930
823,-30065.0,30065.0,9930
824,-30065.0,30065.0,9930
825,-30065.0,30065.0,9930
826,-30065.0,30065.0,9930
827,-30065.0,30065.0,9930
828,-30065.0,30065.0,9930
829,-30065.0,30065.0,9930
830,-30065.0,30065.0,9930
831,-30065.0,30065.0,9930
832,-30065.0,30065.0,9930
833,-30065.0,30065.0,9930
834,-30065.0,30065.0,9930
835,-30065.0,30065.0,9930
836,-30065.0,30065.0,9930
837,-30065.0,30065.0,9930
838,-30065.0,30065.0,9930
839,-30065.0,30065.0,9930
840,-30065.0,30065.0,9930
841,-30065.0,30065.0,9930
842,-30065.0,30065.0,9930
843,-30065.0,30065.0,9930
844,-30065.0,30065.0,9930
845,-30065.0,30065.0,9930
846,-30065.0,30065.0,9930
847,-30345.0,30345.0,9930
848,-30730.0,30730.0,9951
849,-30730.0,30730.0,9951
850,-30730.0,30730.0,9951
851,-30730.0,30730.0,9951
852,-30730.0,30730.0,9951
853,-30730.0,30730.0,9951
854,-30730.0,30730.0,9951
855,-30730.0,30730.0,9951
856,-30730.0,30730.0,9951
857,-30730.0,30730.0,9951
858,-30730.0,30730.0,9951
859,-30730.0,30730.0,9951
860,-30730.0,30730.0,9951
861,-30730.0,30730.0,9951
862,-30730.0,30730.0,9951
863,-30730.0,30730.0,9951
864,-30730.0,30730.0,9951
865,-30730.0,30730.0,9951
866,-30730.0,30730.0,9951
867,-30730.0,30730.0,9951
868,-30730.0,30730.0,9951
869,-30730.0,30730.0,9951
870,-30730.0,30730.0,9951
871,-30730.0,30730.0,9951
872,-30730.0,30730.0,9951
873,-30730.0,30730.0,9951
874,-30730.0,30730.0,9951
875,-30730.0,30730.0,9951
876,-30730.0,30730.0,9951
877,-30730.0,30730.0,9951
878,-30730.0,30730.0,9951
879,-30730.0,30730.0,9951
880,-30730.0,30730.0,9951
881,-30730.0,30730.0,9951
882,-30730.0,30730.0,9951
883,-30730.0,30730.0,9951
884,-30730.0,30730.0,9951
885,-30730.0,30730.0,9951
886,-30730.0,30730.0,9951
887,-30730.0,30730.0,9951
888,-30730.0,30730.0,9951
889,-30730.0,30730.0,9951
890,-30730.0,30730.0,9951
891,-30730.0,30730.0,9951
892,-30730.0,30730.0,9951
893,-30730.0,30730.0,9951
894,-30730.0,30730.0,9951
895,-30730.0,30730.0,9951
896,-30730.0,30730.0,9951
897,-30730.0,30730.0,9951
898,-30730.0,30730.0,9951
899,-30730.0,30730.0,9951
900,-30730.0,30730.0,9951
901,-30730.0,30730.0,9951
902,-30730.0,30730.0,9951
903,-30730.0,30730.0,9951
904,-30730.0,30730.0,9951
905,-30730.0,30730.0,9951
906,-30730.0,30730.0,9951
907,-30730.0,30730.0,9951
908,-30730.0,30730.0,9951
909,-30730.0,30730.0,9951
910,-30730.0,30730.0,9951
911,-30730.0,30730.0,9951
912,-30730.0,30730.0,9951
913,-30730.0,30730.0,9951
914,-30730.0,30730.0,9951
915,-30730.0,30730.0,9951
916,-30730.0,30730.0,9951
917,-30730.0,30730.0,9951
918,-30730.0,30730.0,9951
919,-30730.0,30730.0,9951
920,-30730.0,30730.0,9951
921,-30730.0,30730.0,9951
922,-30730.0,30730.0,9951
923,-30730.0,30730.0,9951
924,-30730.0,30730.0,9951
925,-30730.0,30730.0,9951
926,-30730.0,30730.0,9951
927,-30730.0,30730.0,9951
928,-30730.0,30730.0,9951
929,-30730.0,30730.0,9951
930,-30730.0,30730.0,9951
931,-30730.0,30730.0,9951
932,-30730.0,30730.0,9951
933,-30835.0,30835.0,9951
934,-30835.0,30835.0,9951
935,-30835.0,30835.0,9951
936,-30835.0,30835.0,9951
937,-30835.0,30835.0,9951
938,-30835.0,30835.0,9951
939,-30835.0,30835.0,9951
940,-30835.0,30835.0,9951
941,-30835.0,30835.0,9951
942,-30835.0,30835.0,9951
943,-30835.0,30835.0,9951
944,-30835.0,30835.0,9951
945,-30835.0,30835.0,9951
946,-30835.0,30835.0,9951
947,-30835.0,30835.0,9951
948,-30835.0,30835.0,9951
949,-30835.0,30835.0,9951
950,-30835.0,30835.0,9951
951,-30835.0,30835.0,9951
952,-30835.0,30835.0,9951
953,-30835.0,30835.0,9951
954,-30835.0,30835.0,9951
955,-30835.0,30835.0,9951
956,-30835.0,30835.0,9951
957,-30835.0,30835.0,9951
958,-30835.0,30835.0,9951
959,-30835.0,30835.0,9951
960,-30835.0,30835.0,9951
961,-30835.0,30835.0,9951
962,-30835.0,30835.0,9951
963,-30835.0,30835.0,9951
964,-30835.0,30835.0,9951
965,-30835.0,30835.0,9951
966,-30835.0,30835.0,9951
967,-30835.0,30835.0,9951
968,-30835.0,30835.0,9951
969,-30835.0,30835.0,9951
970,-30835.0,30835.0,9951
971,-30835.0,30835.0,9951
972,-30835.0,30835.0,9951
973,-30835.0,30835.0,9951
974,-30835.0,30835.0,9951
975,-30835.0,30835.0,9951
976,-30835.0,30835.0,9951
977,-30835.0,30835.0,9951
978,-30835.0,30835.0,9951
979,-30835.0,30835.0,9951
980,-30835.0,30835.0,9951
981,-30835.0,30835.0,9951
982,-30835.0,30835.0,9951
983,-30835.0,30835.0,9951
984,-30835.0,30835.0,9951
985,-30835.0,30835.0,9951
986,-30835.0,30835.0,9951
987,-30835.0,30835.0,9951
988,-30835.0,30835.0,9951
989,-30835.0,30835.0,9951
990,-30835.0,30835.0,9951
991,-30835.0,30835.0,9951
992,-30835.0,30835.0,9951
993,-30835.0,30835.0,9951
994,-30835.0,30835.0,9951
995,-30835.0,30835.0,9951
996,-30835.0,30835.0,9951
997,-30835.0,30835.0,9951
998,-30835.0,30835.0,9951
999,-30835.0,30835.0,9951
1000,-30835.0,30835.0,9951
1001,-30835.0,30835.0,9951
1002,-30835.0,30835.0,9951
1003,-30835.0,30835.0,9951
1004,-30835.0,30835.0,9951
1005,-30835.0,30835.0,9951
1006,-30835.0,30835.0,9951
1007,-30835.0,30835.0,9951
1008,-30835.0,30835.0,9951
1009,-30835.0,30835.0,9951
1010,-30835.0,30835.0,9951
1011,-30835.0,30835.0,9951
1012,-30835.0,30835.0,9951
1013,-30835.0,30835.0,9951
1014,-30835.0,30835.0,9951
1015,-30835.0,30835.0,9951
1016,-30835.0,30835.0,9951
1017,-30835.0,30835.0,9951
1018,-30835.0,30835.0,9951
1019,-30835.0,30835.0,9951
1020,-30835.0,30835.0,9951
1021,-30835.0,30835.0,9951
1022,-30835.0,30835.0,9951
1023,-30835.0,30835.0,9951
1024,-30835.0,30835.0,9951
1025,-30835.0,30835.0,9951
1026,-30835.0,30835.0,9951
1027,-30835.0,30835.0,9951
1028,-30835.0,30835.0,9951
1029,-30835.0,30835.0,9951
1030,-30835.0,30835.0,9951
1031,-30835.0,30835.0,9951
1032,-30835.0,30835.0,9951
1033,-30835.0,30835.0,9951
1034,-30835.0,30835.0,9951
1035,-30835.0,30835.0,9951
1036,-30835.0,30835.0,9951
1037,-30835.0,30835.0,9951
1038,-30835.0,30835.0,9951
1039,-30835.0,30835.0,9951
1040,-30835.0,30835.0,9951
1041,-30835.0,30835.0,9951
1042,-30835.0,30835.0,9951
1043,-30835.0,30835.0,9951
1044,-30835.0,30835.0,9951
1045,-30835.0,30835.0,9951
1046,-30835.0,30835.0,9951
1047,-30835.0,30835.0,9951
1048,-30835.0,30835.0,9951
1049,-30835.0,30835.0,9951
1050,-30835.0,30835.0,9951
1051,-30835.0,30835.0,9951
1052,-30835.0,30835.0,9951
1053,-30835.0,30835.0,9951
1054,-30835.0,30835.0,9951
1055,-30835.0,30835.0,9951
1056,-30905.0,30905.0,9951
1057,-30905.0,30905.0,9951
1058,-30905.0,30905.0,9951
1059,-30905.0,30905.0,9951
1060,-30905.0,30905.0,9951
1061,-30905.0,30905.0,9951
1062,-30905.0,30905.0,9951
1063,-30905.0,30905.0,9951
1064,-30905.0,30905.0,9951
1065,-30905.0,30905.0,9951
1066,-30905.0,30905.0,9951
1067,-30905.0,30905.0,9951
1068,-30905.0,30905.0,9951
1069,-30905.0,30905.0,9951
1070,-30905.0,30905.0,9951
1071,-30905.0,30905.0,9951
1072,-30905.0,30905.0,9951
1073,-30905.0,30905.0,9951
1074,-30905.0,30905.0,9951
1075,-30905.0,30905.0,9951
1076,-30905.0,30905.0,9951
1077,-30905.0,30905.0,9951
1078,-30905.0,30905.0,9951
1079,-30905.0,30905.0,9951
1080,-30905.0,30905.0,9951
1081,-30905.0,30905.0,9951
1082,-30905.0,30905.0,9951
1083,-30905.0,30905.0,9951
1084,-30905.0,30905.0,9951
1085,-30905.0,30905.0,9951
1086,-30905.0,30905.0,9951
1087,-30905.0,30905.0,9951
1088,-30905.0,30905.0,9951
1089,-30905.0,30905.0,9951
1090,-30905.0,30905.0,9951
1091,-30905.0,30905.0,9951
1092,-30905.0,30905.0,9951
1093,-30905.0,30905.0,9951
1094,-30905.0,30905.0,9951
1095,-30905.0,30905.0,9951
1096,-30905.0,30905.0,9951
1097,-30905.0,30905.0,9951
1098,-30905.0,30905.0,9951
1099,-30905.0,30905.0,9951
1100,-30905.0,30905.0,9951
1101,-30905.0,30905.0,9951
1102,-30905.0,30905.0,9951
1103,-30905.0,30905.0,9951
1104,-30905.0,30905.0,9951
1105,-30905.0,30905.0,9951
1106,-30905.0,30905.0,9951
1107,-30905.0,30905.0,9951
1108,-30905.0,30905.0,9951
1109,-30905.0,30905.0,9951
1110,-30905.0,30905.0,9951
1111,-30905.0,30905.0,9951
1112,-30905.0,30905.0,9951
1113,-30905.0,30905.0,9951
1114,-30905.0,30905.0,9951
1115,-30905.0,30905.0,9951
1116,-30905.0,30905.0,9951
1117,-30905.0,30905.0,9951
1118,-30905.0,30905.0,9951
1119,-30905.0,30905.0,9951
1120,-30905.0,30905.0,9951
1121,-30905.0,30905.0,9951
1122,-30905.0,30905.0,9951
1123,-30905.0,30905.0,9951
1124,-30905.0,30905.0,9951
1125,-30905.0,30905.0,9951
1126,-30905.0,30905.0,9951
1127,-30905.0,30905.0,9951
1128,-30905.0,30905.0,9951
1129,-30905.0,30905.0,9951
1130,-30905.0,30905.0,9951
1131,-30905.0,30905.0,9951
1132,-30905.0,30905.0,9951
1133,-30905.0,30905.0,9951
1134,-30905.0,30905.0,9951
1135,-30905.0,30905.0,9951
1136,-30905.0,30905.0,9951
1137,-30905.0,30905.0,9951
1138,-30905.0,30905.0,9951
1139,-30905.0,30905.0,9951
1140,-30905.0,30905.0,9951
1141,-30905.0,30905.0,9951
1142,-30905.0,30905.0,9951
1143,-30905.0,30905.0,9951
1144,-30905.0,30905.0,9951
1145,-30905.0,30905.0,9951
1146,-30905.0,30905.0,9951
1147,-30905.0,30905.0,9951
1148,-30905.0,30905.0,9951
1149,-30905.0,30905.0,9951
1150,-30905.0,30905.0,9951
1151,-30905.0,30905.0,9951
1152,-30905.0,30905.0,9951
1153,-30905.0,30905.0,9951
1154,-30905.0,30905.0,9951
1155,-30905.0,30905.0,9951
1156,-31010.0,31010.0,9951
1157,-31010.0,31010.0,9951
1158,-31010.0,31010.0,9951
1159,-31010.0,31010.0,9951
1160,-31010.0,31010.0,9951
1161,-31010.0,31010.0,9951
1162,-31010.0,31010.0,9951
1163,-31010.0,31010.0,9951
1164,-31010.0,31010.0,9951
1165,-31010.0,31010.0,9951
1166,-31010.0,31010.0,9951
1167,-31010.0,31010.0,9951
1168,-31010.0,31010.0,9951
1169,-31010.0,31010.0,9951
1170,-31010.0,31010.0,9951
1171,-31150.0,31150.0,9938
1172,-31150.0,31150.0,9938
1173,-31150.0,31150.0,9938
1174,-31150.0,31150.0,9938
1175,-31150.0,31150.0,9938
1176,-31150.0,31150.0,9938
1177,-31150.0,31150.0,9938
1178,-31150.0,31150.0,9938
1179,-31150.0,31150.0,9938
1180,-31150.0,31150.0,9938
1181,-31150.0,31150.0,9938
1182,-31150.0,31150.0,9938
1183,-31150.0,31150.0,9938
1184,-31150.0,31150.0,9938
1185,-31150.0,31150.0,9938
1186,-31150.0,31150.0,9938
1187,-31150.0,31150.0,9938
1188,-31150.0,31150.0,9938
1189,-31150.0,31150.0,9938
1190,-31150.0,31150.0,9938
1191,-31150.0,31150.0,9938
1192,-31150.0,31150.0,9938
1193,-31150.0,31150.0,9938
1194,-31150.0,31150.0,9938
1195,-31150.0,31150.0,9938
1196,-31150.0,31150.0,9938
1197,-31150.0,31150.0,9938
1198,-31150.0,31150.0,9938
1199,-31150.0,31150.0,9938
1200,-31150.0,31150.0,9938
1201,-31150.0,31150.0,9938
1202,-31150.0,31150.0,9938
1203,-31150.0,31150.0,9938
1204,-31150.0,31150.0,9938
1205,-31150.0,31150.0,9938
1206,-31150.0,31150.0,9938
1207,-31150.0,31150.0,9938
1208,-31150.0,31150.0,9938
1209,-31150.0,31150.0,9938
1210,-31150.0,31150.0,9938
1211,-31150.0,31150.0,9938
1212,-31150.0,31150.0,9938
1213,-31150.0,31150.0,9938
1214,-31150.0,31150.0,9938
1215,-31150.0,31150.0,9938
1216,-31150.0,31150.0,9938
1217,-31150.0,31150.0,9938
1218,-31150.0,31150.0,9938
1219,-31150.0,31150.0,9938
1220,-31150.0,31150.0,9938
1221,-31150.0,31150.0,9938
1222,-31150.0,31150.0,9938
1223,-31150.0,31150.0,9938
1224,-31150.0,31150.0,9938
1225,-31150.0,31150.0,9938
1226,-31150.0,31150.0,9938
1227,-31150.0,31150.0,9938
1228,-31150.0,31150.0,9938
1229,-31150.0,31150.0,9938
1230,-31150.0,31150.0,9938
1231,-31150.0,31150.0,9938
1232,-31150.0,31150.0,9938
1233,-31150.0,31150.0,9938
1234,-31150.0,31150.0,9938
1235,-31150.0,31150.0,9938
1236,-31150.0,31150.0,9938
1237,-31150.0,31150.0,9938
1238,-31150.0,31150.0,9938
1239,-31150.0,31150.0,9938
1240,-31150.0,31150.0,9938
1241,-31150.0,31150.0,9938
1242,-31150.0,31150.0,9938
1243,-31150.0,31150.0,9938
1244,-31150.0,31150.0,9938
1245,-31150.0,31150.0,9938
1246,-31150.0,31150.0,9938
1247,-31150.0,31150.0,9938
1248,-31150.0,31150.0,9938
1249,-31150.0,31150.0,9938
1250,-31150.0,31150.0,9938
1251,-31150.0,31150.0,9938
1252,-31150.0,31150.0,9938
1253,-31150.0,31150.0,9938
1254,-31150.0,31150.0,9938
1255,-31150.0,31150.0,9938
1256,-31150.0,31150.0,9938
1257,-31150.0,31150.0,9938
1258,-31150.0,31150.0,9938
1259,-31150.0,31150.0,9938
1260,-31150.0,31150.0,9938
1261,-31150.0,31150.0,9938
1262,-31150.0,31150.0,9938
1263,-31150.0,31150.0,9938
1264,-31150.0,31150.0,9938
1265,-31150.0,31150.0,9938
1266,-31150.0,31150.0,9938
1267,-31150.0,31150.0,9938
1268,-31150.0,31150.0,9938
1269,-31150.0,31150.0,9938
1270,-31150.0,31150.0,9938
1271,-31150.0,31150.0,9938
1272,-31150.0,31150.0,9938
1273,-31150.0,31150.0,9938
1274,-31150.0,31150.0,9938
1275,-31150.0,31150.0,9938
1276,-31150.0,31150.0,9938
1277,-31150.0,31150.0,9938
1278,-31150.0,31150.0,9938
1279,-31150.0,31150.0,9938
1280,-31150.0,31150.0,9938
1281,-31150.0,31150.0,9938
1282,-31150.0,31150.0,9938
1283,-31150.0,31150.0,9938
1284,-31150.0,31150.0,9938
1285,-31150.0,31150.0,9938
1286,-31150.0,31150.0,9938
1287,-31150.0,31150.0,9938
1288,-31150.0,31150.0,9938
1289,-31150.0,31150.0,9938
1290,-31150.0,31150.0,9938
1291,-31150.0,31150.0,9938
1292,-31150.0,31150.0,9938
1293,-31150.0,31150.0,9938
1294,-31150.0,31150.0,9938
1295,-31150.0,31150.0,9938
1296,-31150.0,31150.0,9938
1297,-31150.0,31150.0,9938
1298,-31150.0,31150.0,9938
1299,-31150.0,31150.0,9938
1300,-31150.0,31150.0,9938
1301,-31150.0,31150.0,9938
1302,-31150.0,31150.0,9938
1303,-31150.0,31150.0,9938
1304,-31150.0,31150.0,9938
1305,-31150.0,31150.0,9938
1306,-31150.0,31150.0,9938
1307,-31150.0,31150.0,9938
1308,-31150.0,31150.0,9938
1309,-31150.0,31150.0,9938
1310,-31150.0,31150.0,9938
1311,-31150.0,31150.0,9938
1312,-31150.0,31150.0,9938
1313,-31150.0,31150.0,9938
1314,-31150.0,31150.0,9938
1315,-31150.0,31150.0,9938
1316,-31150.0,31150.0,9938
1317,-31150.0,31150.0,9938
1318,-31150.0,31150.0,9938
1319,-31150.0,31150.0,9938
1320,-31150.0,31150.0,9938
1321,-31150.0,31150.0,9938
1322,-31150.0,31150.0,9938
1323,-31150.0,31150.0,9938
1324,-31150.0,31150.0,9938
1325,-31150.0,31150.0,9938
1326,-31150.0,31150.0,9938
1327,-31150.0,31150.0,9938
1328,-31150.0,31150.0,9938
1329,-31150.0,31150.0,9938
1330,-31150.0,31150.0,9938
1331,-31150.0,31150.0,9938
1332,-31150.0,31150.0,9938
1333,-31150.0,31150.0,9938
1334,-31150.0,31150.0,9938
1335,-31150.0,31150.0,9938
1336,-31150.0,31150.0,9938
1337,-31150.0,31150.0,9938
1338,-31150.0,31150.0,9938
1339,-31150.0,31150.0,9938
1340,-31150.0,31150.0,9938
1341,-31150.0,31150.0,9938
1342,-31150.0,31150.0,9938
1343,-31150.0,31150.0,9938
1344,-31150.0,31150.0,9938
1345,-31150.0,31150.0,9938
1346,-31150.0,31150.0,9938
1347,-31150.0,31150.0,9938
1348,-31150.0,31150.0,9938
1349,-31150.0,31150.0,9938
1350,-31150.0,31150.0,9938
1351,-31150.0,31150.0,9938
1352,-31150.0,31150.0,9938
1353,-31150.0,31150.0,9938
1354,-31150.0,31150.0,9938
1355,-31150.0,31150.0,9938
1356,-31150.0,31150.0,9938
1357,-31150.0,31150.0,9938
1358,-31150.0,31150.0,9938
1359,-31150.0,31150.0,9938
1360,-31150.0,31150.0,9938
1361,-31150.0,31150.0,9938
1362,-31150.0,31150.0,9938
1363,-31150.0,31150.0,9938
1364,-31150.0,31150.0,9938
1365,-31150.0,31150.0,9938
1366,-31150.0,31150.0,9938
1367,-31150.0,31150.0,9938
1368,-31150.0,31150.0,9938
1369,-31150.0,31150.0,9938
1370,-31150.0,31150.0,9938
1371,-31150.0,31150.0,9938
1372,-31150.0,31150.0,9938
1373,-31150.0,31150.0,9938
1374,-31150.0,31150.0,9938
1375,-31150.0,31150.0,9938
1376,-31150.0,31150.0,9938
1377,-31150.0,31150.0,9938
1378,-31150.0,31150.0,9938
1379,-31150.0,31150.0,9938
1380,-31150.0,31150.0,9938
1381,-31150.0,31150.0,9938
1382,-31150.0,31150.0,9938
1383,-31150.0,31150.0,9938
1384,-31150.0,31150.0,9938
1385,-31150.0,31150.0,9938
1386,-31150.0,31150.0,9938
1387,-31150.0,31150.0,9938
1388,-31150.0,31150.0,9938
1389,-31150.0,31150.0,9938
1390,-31150.0,31150.0,9938
1391,-31150.0,31150.0,9938
1392,-31150.0,31150.0,9938
1393,-31150.0,31150.0,9938
1394,-31150.0,31150.0,9938
1395,-31150.0,31150.0,9938
1396,-31150.0,31150.0,9938
1397,-31150.0,31150.0,9938
1398,-31150.0,31150.0,9938
1399,-31150.0,31150.0,9938
1400,-31150.0,31150.0,9938
1401,-31150.0,31150.0,9938
1402,-31150.0,31150.0,9938
1403,-31150.0,31150.0,9938
1404,-31150.0,31150.0,9938
1405,-31150.0,31150.0,9938
1406,-31150.0,31150.0,9938
1407,-31150.0,31150.0,9938
1408,-31150.0,31150.0,9938
1409,-31150.0,31150.0,9938
1410,-31150.0,31150.0,9938
1411,-31150.0,31150.0,9938
1412,-31150.0,31150.0,9938
1413,-31150.0,31150.0,9938
1414,-31150.0,31150.0,9938
1415,-31150.0,31150.0,9938
1416,-31150.0,31150.0,9938
1417,-31150.0,31150.0,9938
1418,-31150.0,31150.0,9938
1419,-31150.0,31150.0,9938
1420,-31150.0,31150.0,9938
1421,-31150.0,31150.0,9938
1422,-31150.0,31150.0,9938
1423,-31150.0,31150.0,9938
1424,-31150.0,31150.0,9938
1425,-31150.0,31150.0,9938
1426,-31150.0,31150.0,9938
1427,-31150.0,31150.0,9938
1428,-31150.0,31150.0,9938
1429,-31150.0,31150.0,9938
1430,-31150.0,31150.0,9938
1431,-31150.0,31150.0,9938
1432,-31150.0,31150.0,9938
1433,-31150.0,31150.0,9938
1434,-31150.0,31150.0,9938
1435,-31150.0,31150.0,9938
1436,-31150.0,31150.0,9938
1437,-31150.0,31150.0,9938
1438,-31150.0,31150.0,9938
1439,-31150.0,31150.0,9938
1440,-31150.0,31150.0,9938
1441,-31150.0,31150.0,9938
1442,-31150.0,31150.0,9938
1443,-31150.0,31150.0,9938
1444,-31150.0,31150.0,9938
1445,-31150.0,31150.0,9938
1446,-31150.0,31150.0,9938
1447,-31150.0,31150.0,9938
1448,-31150.0,31150.0,9938
1449,-31150.0,31150.0,9938
1450,-31150.0,31150.0,9938
1451,-31150.0,31150.0,9938
1452,-31150.0,31150.0,9938
1453,-31150.0,31150.0,9938
1454,-31150.0,31150.0,9938
1455,-31150.0,31150.0,9938
1456,-31150.0,31150.0,9938
1457,-31150.0,31150.0,9938
1458,-31150.0,31150.0,9938
1459,-31150.0,31150.0,9938
1460,-31150.0,31150.0,9938
1461,-31150.0,31150.0,9938
1462,-31150.0,31150.0,9938
1463,-31150.0,31150.0,9938
1464,-31150.0,31150.0,9938
1465,-31150.0,31150.0,9938
1466,-31150.0,31150.0,9938
1467,-31150.0,31150.0,9938
1468,-31150.0,31150.0,9938
1469,-31150.0,31150.0,9938
1470,-31150.0,31150.0,9938
1471,-31150.0,31150.0,9938
1472,-31150.0,31150.0,9938
1473,-31150.0,31150.0,9938
1474,-31150.0,31150.0,9938
1475,-31150.0,31150.0,9938
1476,-31150.0,31150.0,9938
1477,-31150.0,31150.0,9938
1478,-31150.0,31150.0,9938
1479,-31150.0,31150.0,9938
1480,-31150.0,31150.0,9938
1481,-31150.0,31150.0,9938
1482,-31150.0,31150.0,9938
1483,-31150.0,31150.0,9938
1484,-31150.0,31150.0,9938
1485,-31150.0,31150.0,9938
1486,-31150.0,31150.0,9938
1487,-31150.0,31150.0,9938
1488,-31150.0,31150.0,9938
1489,-31150.0,31150.0,9938
1490,-31150.0,31150.0,9938
1491,-31150.0,31150.0,9938
1492,-31150.0,31150.0,9938
1493,-31150.0,31150.0,9938
1494,-31150.0,31150.0,9938
1495,-31150.0,31150.0,9938
1496,-31150.0,31150.0,9938
1497,-31150.0,31150.0,9938
1498,-31150.0,31150.0,9938
1499,-31150.0,31150.0,9938
1500,-31150.0,31150.0,9938
1501,-31150.0,31150.0,9938
1502,-31150.0,31150.0,9938
1503,-31150.0,31150.0,9938
1504,-31150.0,31150.0,9938
1505,-31150.0,31150.0,9938
1506,-31150.0,31150.0,9938
1507,-31150.0,31150.0,9938
1508,-31150.0,31150.0,9938
1509,-31150.0,31150.0,9938
1510,-31150.0,31150.0,9938
1511,-31150.0,31150.0,9938
1512,-31150.0,31150.0,9938
1513,-31150.0,31150.0,9938
1514,-31150.0,31150.0,9938
1515,-31150.0,31150.0,9938
1516,-31150.0,31150.0,9938
1517,-31150.0,31150.0,9938
1518,-31150.0,31150.0,9938
1519,-31150.0,31150.0,9938
1520,-31150.0,31150.0,9938
1521,-31150.0,31150.0,9938
1522,-31150.0,31150.0,9938
1523,-31150.0,31150.0,9938
1524,-31150.0,31150.0,9938
1525,-31150.0,31150.0,9938
1526,-31150.0,31150.0,9938
1527,-31150.0,31150.0,9938
1528,-31150.0,31150.0,9938
1529,-31150.0,31150.0,9938
1530,-31150.0,31150.0,9938
1531,-31150.0,31150.0,9938
1532,-31150.0,31150.0,9938
1533,-31150.0,31150.0,9938
1534,-31150.0,31150.0,9938
1535,-31150.0,31150.0,9938
1536,-31150.0,31150.0,9938
1537,-31150.0,31150.0,9938
1538,-31150.0,31150.0,9938
1539,-31150.0,31150.0,9938
1540,-31150.0,31150.0,9938
1541,-31150.0,31150.0,9938
1542,-31150.0,31150.0,9938
1543,-31150.0,31150.0,9938
1544,-31150.0,31150.0,9938
1545,-31150.0,31150.0,9938
1546,-31150.0,31150.0,9938
1547,-31150.0,31150.0,9938
1548,-31150.0,31150.0,9938
1549,-31150.0,31150.0,9938
1550,-31150.0,31150.0,9938
1551,-31150.0,31150.0,9938
1552,-31150.0,31150.0,9938
1553,-31150.0,31150.0,9938
1554,-31150.0,31150.0,9938
1555,-31150.0,31150.0,9938
1556,-31150.0,31150.0,9938
1557,-31150.0,31150.0,9938
1558,-31150.0,31150.0,9938
1559,-31150.0,31150.0,9938
1560,-31150.0,31150.0,9938
1561,-31150.0,31150.0,9938
1562,-31150.0,31150.0,9938
1563,-31150.0,31150.0,9938
1564,-31150.0,31150.0,9938
1565,-31150.0,31150.0,9938
1566,-31150.0,31150.0,9938
1567,-31150.0,31150.0,9938
1568,-31150.0,31150.0,9938
1569,-31150.0,31150.0,9938
1570,-31150.0,31150.0,9938
1571,-31150.0,31150.0,9938
1572,-31150.0,31150.0,9938
1573,-31150.0,31150.0,9938
1574,-31150.0,31150.0,9938
1575,-31150.0,31150.0,9938
1576,-31150.0,31150.0,9938
1577,-31150.0,31150.0,9938
1578,-31150.0,31150.0,9938
1579,-31150.0,31150.0,9938
1580,-31150.0,31150.0,9938
1581,-31150.0,31150.0,9938
1582,-31150.0,31150.0,9938
1583,-31185.0,31185.0,9925
1584,-31185.0,31185.0,9925
1585,-31185.0,31185.0,9925
1586,-31185.0,31185.0,9925
1587,-31185.0,31185.0,9925
1588,-31185.0,31185.0,9925
1589,-31185.0,31185.0,9925
1590,-31185.0,31185.0,9925
1591,-31185.0,31185.0,9925
1592,-31185.0,31185.0,9925
1593,-31185.0,31185.0,9925
1594,-31185.0,31185.0,9925
1595,-31185.0,31185.0,9925
1596,-31185.0,31185.0,9925
1597,-31185.0,31185.0,9925
1598,-31185.0,31185.0,9925
1599,-31185.0,31185.0,9925
1600,-31185.0,31185.0,9925
1601,-31185.0,31185.0,9925
1602,-31185.0,31185.0,9925
1603,-31185.0,31185.0,9925
1604,-31185.0,31185.0,9925
1605,-31185.0,31185.0,9925
1606,-31185.0,31185.0,9925
1607,-31185.0,31185.0,9925
1608,-31185.0,31185.0,9925
1609,-31185.0,31185.0,9925
1610,-31185.0,31185.0,9925
1611,-31185.0,31185.0,9925
1612,-31185.0,31185.0,9925
1613,-31185.0,31185.0,9925
1614,-31185.0,31185.0,9925
1615,-31185.0,31185.0,9925
1616,-31185.0,31185.0,9925
1617,-31185.0,31185.0,9925
1618,-31185.0,31185.0,9925
1619,-31185.0,31185.0,9925
1620,-31185.0,31185.0,9925
1621,-31185.0,31185.0,9925
1622,-31185.0,31185.0,9925
1623,-31185.0,31185.0,9925
1624,-31185.0,31185.0,9925
1625,-31185.0,31185.0,9925
1626,-31185.0,31185.0,9925
1627,-31185.0,31185.0,9925
1628,-31185.0,31185.0,9925
1629,-31185.0,31185.0,9925
1630,-31185.0,31185.0,9925
1631,-31185.0,31185.0,9925
1632,-31185.0,31185.0,9925
1633,-31185.0,31185.0,9925
1634,-31185.0,31185.0,9925
1635,-31185.0,31185.0,9925
1636,-31185.0,31185.0,9925
1637,-31185.0,31185.0,9925
1638,-31185.0,31185.0,9925
1639,-31185.0,31185.0,9925
1640,-31185.0,31185.0,9925
1641,-31185.0,31185.0,9925
1642,-31185.0,31185.0,9925
1643,-31185.0,31185.0,9925
1644,-31185.0,31185.0,9925
1645,-31185.0,31185.0,9925
1646,-31185.0,31185.0,9925
1647,-31185.0,31185.0,9925
1648,-31185.0,31185.0,9925
1649,-31185.0,31185.0,9925
1650,-31185.0,31185.0,9925
1651,-31185.0,31185.0,9925
1652,-31185.0,31185.0,9925
1653,-31185.0,31185.0,9925
1654,-31185.0,31185.0,9925
1655,-31185.0,31185.0,9925
1656,-31185.0,31185.0,9925
1657,-31185.0,31185.0,9925
1658,-31185.0,31185.0,9925
1659,-31185.0,31185.0,9925
1660,-31185.0,31185.0,9925
1661,-31185.0,31185.0,9925
1662,-31185.0,31185.0,9925
1663,-31185.0,31185.0,9925
1664,-31185.0,31185.0,9925
1665,-31185.0,31185.0,9925
1666,-31185.0,31185.0,9925
1667,-31185.0,31185.0,9925
1668,-31185.0,31185.0,9925
1669,-31185.0,31185.0,9925
1670,-31185.0,31185.0,9925
1671,-31185.0,31185.0,9925
1672,-31185.0,31185.0,9925
1673,-31185.0,31185.0,9925
1674,-31185.0,31185.0,9925
1675,-31185.0,31185.0,9925
1676,-31185.0,31185.0,9925
1677,-31185.0,31185.0,9925
1678,-31185.0,31185.0,9925
1679,-31185.0,31185.0,9925
1680,-31185.0,31185.0,9925
1681,-31185.0,31185.0,9925
1682,-31185.0,31185.0,9925
1683,-31185.0,31185.0,9925
1684,-31185.0,31185.0,9925
1685,-31185.0,31185.0,9925
1686,-31185.0,31185.0,9925
1687,-31185.0,31185.0,9925
1688,-31185.0,31185.0,9925
1689,-31185.0,31185.0,9925
1690,-31185.0,31185.0,9925
1691,-31185.0,31185.0,9925
1692,-31185.0,31185.0,9925
1693,-31185.0,31185.0,9925
1694,-31185.0,31185.0,9925
1695,-31185.0,31185.0,9925
1696,-31185.0,31185.0,9925
1697,-31185.0,31185.0,9925
1698,-31185.0,31185.0,9925
1699,-31185.0,31185.0,9925
1700,-31185.0,31185.0,9925
1701,-31185.0,31185.0,9925
1702,-31185.0,31185.0,9925
1703,-31185.0,31185.0,9925
1704,-31185.0,31185.0,9925
1705,-31185.0,31185.0,9925
1706,-31185.0,31185.0,9925
1707,-31185.0,31185.0,9925
1708,-31185.0,31185.0,9925
1709,-31185.0,31185.0,9925
1710,-31185.0,31185.0,9925
1711,-31185.0,31185.0,9925
1712,-31185.0,31185.0,9925
1713,-31185.0,31185.0,9925
1714,-31185.0,31185.0,9925
1715,-31185.0,31185.0,9925
1716,-31185.0,31185.0,9925
1717,-31185.0,31185.0,9925
1718,-31185.0,31185.0,9925
1719,-31360.0,31360.0,9918
1720,-31360.0,31360.0,9918
1721,-31360.0,31360.0,9918
1722,-31360.0,31360.0,9918
1723,-31360.0,31360.0,9918
1724,-31360.0,31360.0,9918
1725,-31360.0,31360.0,9918
1726,-31360.0,31360.0,9918
1727,-31360.0,31360.0,9918
1728,-31360.0,31360.0,9918
1729,-31360.0,31360.0,9918
1730,-31360.0,31360.0,9918
1731,-31360.0,31360.0,9918
1732,-31360.0,31360.0,9918
1733,-31360.0,31360.0,9918
1734,-31360.0,31360.0,9918
1735,-31360.0,31360.0,9918
1736,-31360.0,31360.0,9918
1737,-31360.0,31360.0,9918
1738,-31360.0,31360.0,9918
1739,-31360.0,31360.0,9918
1740,-31360.0,31360.0,9918
1741,-31360.0,31360.0,9918
1742,-31360.0,31360.0,9918
1743,-31360.0,31360.0,9918
1744,-31360.0,31360.0,9918
1745,-31360.0,31360.0,9918
1746,-31360.0,31360.0,9918
1747,-31360.0,31360.0,9918
1748,-31360.0,31360.0,9918
1749,-31360.0,31360.0,9918
1750,-31360.0,31360.0,9918
1751,-31360.0,31360.0,9918
1752,-31360.0,31360.0,9918
1753,-31360.0,31360.0,9918
1754,-31360.0,31360.0,9918
1755,-31360.0,31360.0,9918
1756,-31360.0,31360.0,9918
1757,-31360.0,31360.0,9918
1758,-31360.0,31360.0,9918
1759,-31360.0,31360.0,9918
1760,-31360.0,31360.0,9918
1761,-31360.0,31360.0,9918
1762,-31360.0,31360.0,9918
1763,-31360.0,31360.0,9918
1764,-31360.0,31360.0,9918
1765,-31360.0,31360.0,9918
1766,-31360.0,31360.0,9918
1767,-31360.0,31360.0,9918
1768,-31360.0,31360.0,9918
1769,-31360.0,31360.0,9918
1770,-31360.0,31360.0,9918
1771,-31360.0,31360.0,9918
1772,-31360.0,31360.0,9918
1773,-31360.0,31360.0,9918
1774,-31360.0,31360.0,9918
1775,-31360.0,31360.0,9918
1776,-31360.0,31360.0,9918
1777,-31360.0,31360.0,9918
1778,-31360.0,31360.0,9918
1779,-31360.0,31360.0,9918
1780,-31360.0,31360.0,9918
1781,-31360.0,31360.0,9918
1782,-31360.0,31360.0,9918
1783,-31360.0,31360.0,9918
1784,-31360.0,31360.0,9918
1785,-31360.0,31360.0,9918
1786,-31360.0,31360.0,9918
1787,-31360.0,31360.0,9918
1788,-31360.0,31360.0,9918
1789,-31360.0,31360.0,9918
1790,-31360.0,31360.0,9918
1791,-31360.0,31360.0,9918
1792,-31360.0,31360.0,9918
1793,-31360.0,31360.0,9918
1794,-31360.0,31360.0,9918
1795,-31360.0,31360.0,9918
1796,-31360.0,31360.0,9918
1797,-31360.0,31360.0,9918
1798,-31360.0,31360.0,9918
1799,-31360.0,31360.0,9918
1800,-31360.0,31360.0,9918
1801,-31360.0,31360.0,9918
1802,-31360.0,31360.0,9918
1803,-31360.0,31360.0,9918
1804,-31360.0,31360.0,9918
1805,-31360.0,31360.0,9918
1806,-31360.0,31360.0,9918
1807,-31360.0,31360.0,9918
1808,-31360.0,31360.0,9918
1809,-31360.0,31360.0,9918
1810,-31360.0,31360.0,9918
1811,-31360.0,31360.0,9918
1812,-31360.0,31360.0,9918
1813,-31360.0,31360.0,9918
1814,-31360.0,31360.0,9918
1815,-31360.0,31360.0,9918
1816,-31360.0,31360.0,9918
1817,-31360.0,31360.0,9918
1818,-31360.0,31360.0,9918
1819,-31360.0,31360.0,9918
1820,-31360.0,31360.0,9918
1821,-31360.0,31360.0,9918
1822,-31360.0,31360.0,9918
1823,-31360.0,31360.0,9918
1824,-31360.0,31360.0,9918
1825,-31360.0,31360.0,9918
1826,-31360.0,31360.0,9918
1827,-31360.0,31360.0,9918
1828,-31360.0,31360.0,9918
1829,-31360.0,31360.0,9918
1830,-31360.0,31360.0,9918
1831,-31360.0,31360.0,9918
1832,-31360.0,31360.0,9918
1833,-31360.0,31360.0,9918
1834,-31360.0,31360.0,9918
1835,-31360.0,31360.0,9918
1836,-31360.0,31360.0,9918
1837,-31360.0,31360.0,9918
1838,-31360.0,31360.0,9918
1839,-31360.0,31360.0,9918
1840,-31360.0,31360.0,9918
1841,-31360.0,31360.0,9918
1842,-31360.0,31360.0,9918
1843,-31360.0,31360.0,9918
1844,-31360.0,31360.0,9918
1845,-31360.0,31360.0,9918
1846,-31360.0,31360.0,9918
1847,-31360.0,31360.0,9918
1848,-31395.0,31395.0,9900
1849,-31395.0,31395.0,9900
1850,-31395.0,31395.0,9900
1851,-31395.0,31395.0,9900
1852,-31395.0,31395.0,9900
1853,-31395.0,31395.0,9900
1854,-32585.0,32585.0,9990
1855,-32585.0,32585.0,9990
1856,-32585.0,32585.0,9990
1857,-32585.0,32585.0,9990
1858,-32585.0,32585.0,9990
1859,-32585.0,32585.0,9990
1860,-32585.0,32585.0,9990
1861,-32585.0,32585.0,9990
1862,-32585.0,32585.0,9990
1863,-32585.0,32585.0,9990
1864,-32585.0,32585.0,9990
1865,-32585.0,32585.0,9990
1866,-32585.0,32585.0,9990
1867,-32585.0,32585.0,9990
1868,-32585.0,32585.0,9990
1869,-32585.0,32585.0,9990
1870,-32585.0,32585.0,9990
1871,-32585.0,32585.0,9990
1872,-32585.0,32585.0,9990
1873,-32585.0,32585.0,9990
1874,-32585.0,32585.0,9990
1875,-32585.0,32585.0,9990
1876,-32585.0,32585.0,9990
1877,-32585.0,32585.0,9990
1878,-32585.0,32585.0,9990
1879,-32585.0,32585.0,9990
1880,-32585.0,32585.0,9990
1881,-32585.0,32585.0,9990
1882,-32585.0,32585.0,9990
1883,-32585.0,32585.0,9990
1884,-32585.0,32585.0,9990
1885,-32585.0,32585.0,9990
1886,-32585.0,32585.0,9990
1887,-32585.0,32585.0,9990
1888,-32585.0,32585.0,9990
1889,-32585.0,32585.0,9990
1890,-32585.0,32585.0,9990
1891,-32585.0,32585.0,9990
1892,-32585.0,32585.0,9990
1893,-32585.0,32585.0,9990
1894,-32585.0,32585.0,9990
1895,-32585.0,32585.0,9990
1896,-32585.0,32585.0,9990
1897,-32585.0,32585.0,9990
1898,-32585.0,32585.0,9990
1899,-32585.0,32585.0,9990
1900,-32585.0,32585.0,9990
1901,-32585.0,32585.0,9990
1902,-32585.0,32585.0,9990
1903,-32585.0,32585.0,9990
1904,-32585.0,32585.0,9990
1905,-32585.0,32585.0,9990
1906,-32585.0,32585.0,9990
1907,-32585.0,32585.0,9990
1908,-32585.0,32585.0,9990
1909,-32585.0,32585.0,9990
1910,-32585.0,32585.0,9990
1911,-32585.0,32585.0,9990
1912,-32585.0,32585.0,9990
1913,-32585.0,32585.0,9990
1914,-32585.0,32585.0,9990
1915,-32585.0,32585.0,9990
1916,-32585.0,32585.0,9990
1917,-32585.0,32585.0,9990
1918,-32585.0,32585.0,9990
1919,-32585.0,32585.0,9990
1920,-32585.0,32585.0,9990
1921,-32585.0,32585.0,9990
1922,-32585.0,32585.0,9990
1923,-32585.0,32585.0,9990
1924,-32585.0,32585.0,9990
1925,-32585.0,32585.0,9990
1926,-32585.0,32585.0,9990
1927,-32585.0,32585.0,9990
1928,-32585.0,32585.0,9990
1929,-32585.0,32585.0,9990
1930,-32585.0,32585.0,9990
1931,-32585.0,32585.0,9990
1932,-32585.0,32585.0,9990
1933,-32585.0,32585.0,9990
1934,-32585.0,32585.0,9990
1935,-32585.0,32585.0,9990
1936,-32585.0,32585.0,9990
1937,-32585.0,32585.0,9990
1938,-32585.0,32585.0,9990
1939,-32585.0,32585.0,9990
1940,-32585.0,32585.0,9990
1941,-32585.0,32585.0,9990
1942,-32585.0,32585.0,9990
1943,-32585.0,32585.0,9990
1944,-32585.0,32585.0,9990
1945,-32585.0,32585.0,9990
1946,-32585.0,32585.0,9990
1947,-32585.0,32585.0,9990
1948,-32585.0,32585.0,9990
1949,-32585.0,32585.0,9990
1950,-32585.0,32585.0,9990
1951,-32585.0,32585.0,9990
1952,-32585.0,32585.0,9990
1953,-32585.0,32585.0,9990
1954,-32585.0,32585.0,9990
1955,-32585.0,32585.0,9990
1956,-32585.0,32585.0,9990
1957,-32585.0,32585.0,9990
1958,-32585.0,32585.0,9990
1959,-32585.0,32585.0,9990
1960,-32585.0,32585.0,9990
1961,-32585.0,32585.0,9990
1962,-32585.0,32585.0,9990
1963,-32585.0,32585.0,9990
1964,-32585.0,32585.0,9990
1965,-32585.0,32585.0,9990
1966,-32585.0,32585.0,9990
1967,-32585.0,32585.0,9990
1968,-32585.0,32585.0,9990
1969,-32585.0,32585.0,9990
1970,-32585.0,32585.0,9990
1971,-32585.0,32585.0,9990
1972,-32585.0,32585.0,9990
1973,-32585.0,32585.0,9990
1974,-32585.0,32585.0,9990
1975,-32585.0,32585.0,9990
1976,-32585.0,32585.0,9990
1977,-32585.0,32585.0,9990
1978,-32585.0,32585.0,9990
1979,-32585.0,32585.0,9990
1980,-32585.0,32585.0,9990
1981,-32585.0,32585.0,9990
1982,-32585.0,32585.0,9990
1983,-32585.0,32585.0,9990
1984,-32585.0,32585.0,9990
1985,-32585.0,32585.0,9990
1986,-32585.0,32585.0,9990
1987,-32620.0,32620.0,9990
1988,-32620.0,32620.0,9990
1989,-32620.0,32620.0,9990
1990,-32620.0,32620.0,9990
1991,-32620.0,32620.0,9990
1992,-32620.0,32620.0,9990
1993,-32620.0,32620.0,9990
1994,-32620.0,32620.0,9990
1995,-32620.0,32620.0,9990
1996,-32620.0,32620.0,9990
1997,-32620.0,32620.0,9990
1998,-32620.0,32620.0,9990
1999,-32620.0,32620.0,9990
2000,-32620.0,32620.0,9990
2001,-32620.0,32620.0,9990
2002,-32620.0,32620.0,9990
2003,-32620.0,32620.0,9990
2004,-32620.0,32620.0,9990
2005,-32620.0,32620.0,9990
2006,-32620.0,32620.0,9990
2007,-32620.0,32620.0,9990
2008,-32620.0,32620.0,9990
2009,-32620.0,32620.0,9990
2010,-32620.0,32620.0,9990
2011,-32620.0,32620.0,9990
2012,-32620.0,32620.0,9990
2013,-32620.0,32620.0,9990
2014,-32620.0,32620.0,9990
2015,-32620.0,32620.0,9990
2016,-32620.0,32620.0,9990
2017,-32620.0,32620.0,9990
2018,-32620.0,32620.0,9990
2019,-32620.0,32620.0,9990
2020,-32620.0,32620.0,9990
2021,-32620.0,32620.0,9990
2022,-32620.0,32620.0,9990
2023,-32620.0,32620.0,9990
2024,-32620.0,32620.0,9990
2025,-32620.0,32620.0,9990
2026,-32620.0,32620.0,9990
2027,-32620.0,32620.0,9990
2028,-32620.0,32620.0,9990
2029,-32620.0,32620.0,9990
2030,-32620.0,32620.0,9990
2031,-32620.0,32620.0,9990
2032,-32620.0,32620.0,9990
2033,-32620.0,32620.0,9990
2034,-32620.0,32620.0,9990
2035,-32620.0,32620.0,9990
2036,-32620.0,32620.0,9990
2037,-32620.0,32620.0,9990
2038,-32620.0,32620.0,9990
2039,-32620.0,32620.0,9990
2040,-32620.0,32620.0,9990
2041,-32620.0,32620.0,9990
2042,-32620.0,32620.0,9990
2043,-32620.0,32620.0,9990
2044,-32620.0,32620.0,9990
2045,-32620.0,32620.0,9990
2046,-32620.0,32620.0,9990
2047,-32620.0,32620.0,9990
2048,-32620.0,32620.0,9990
2049,-32620.0,32620.0,9990
2050,-32620.0,32620.0,9990
2051,-32620.0,32620.0,9990
2052,-32620.0,32620.0,9990
2053,-32620.0,32620.0,9990
2054,-32620.0,32620.0,9990
2055,-32620.0,32620.0,9990
2056,-32620.0,32620.0,9990
2057,-32620.0,32620.0,9990
2058,-32620.0,32620.0,9990
2059,-32620.0,32620.0,9990
2060,-32620.0,32620.0,9990
2061,-32620.0,32620.0,9990
2062,-32620.0,32620.0,9990
2063,-32620.0,32620.0,9990
2064,-32620.0,32620.0,9990
2065,-32620.0,32620.0,9990
2066,-32620.0,32620.0,9990
2067,-32620.0,32620.0,9990
2068,-32620.0,32620.0,9990
2069,-32620.0,32620.0,9990
2070,-32620.0,32620.0,9990
2071,-32620.0,32620.0,9990
2072,-32620.0,32620.0,9990
2073,-32620.0,32620.0,9990
2074,-32620.0,32620.0,9990
2075,-32620.0,32620.0,9990
2076,-32620.0,32620.0,9990
2077,-32620.0,32620.0,9990
2078,-32620.0,32620.0,9990
2079,-32620.0,32620.0,9990
2080,-32620.0,32620.0,9990
2081,-32620.0,32620.0,9990
2082,-32620.0,32620.0,9990
2083,-32620.0,32620.0,9990
2084,-32620.0,32620.0,9990
2085,-32620.0,32620.0,9990
2086,-32620.0,32620.0,9990
2087,-32620.0,32620.0,9990
2088,-32620.0,32620.0,9990
2089,-32620.0,32620.0,9990
2090,-32620.0,32620.0,9990
2091,-32620.0,32620.0,9990
2092,-32620.0,32620.0,9990
2093,-32620.0,32620.0,9990
2094,-32620.0,32620.0,9990
2095,-32620.0,32620.0,9990
2096,-32620.0,32620.0,9990
2097,-32620.0,32620.0,9990
2098,-32620.0,32620.0,9990
2099,-32620.0,32620.0,9990
2100,-32620.0,32620.0,9990
2101,-32620.0,32620.0,9990
2102,-32620.0,32620.0,9990
2103,-32620.0,32620.0,9990
2104,-32620.0,32620.0,9990
2105,-32620.0,32620.0,9990
2106,-32620.0,32620.0,9990
2107,-32620.0,32620.0,9990
2108,-32620.0,32620.0,9990
2109,-32620.0,32620.0,9990
2110,-32620.0,32620.0,9990
2111,-32620.0,32620.0,9990
2112,-32620.0,32620.0,9990
2113,-32620.0,32620.0,9990
2114,-32620.0,32620.0,9990
2115,-32620.0,32620.0,9990
2116,-32620.0,32620.0,9990
2117,-32620.0,32620.0,9990
2118,-32620.0,32620.0,9990
2119,-32620.0,32620.0,9990
2120,-32620.0,32620.0,9990
2121,-32620.0,32620.0,9990
2122,-32620.0,32620.0,9990
2123,-32620.0,32620.0,9990
2124,-32620.0,32620.0,9990
2125,-32620.0,32620.0,9990
2126,-32620.0,32620.0,9990
2127,-32620.0,32620.0,9990
2128,-32620.0,32620.0,9990
2129,-32620.0,32620.0,9990
2130,-32620.0,32620.0,9990
2131,-32620.0,32620.0,9990
2132,-32620.0,32620.0,9990
2133,-32620.0,32620.0,9990
2134,-32620.0,32620.0,9990
2135,-32620.0,32620.0,9990
2136,-32620.0,32620.0,9990
2137,-32620.0,32620.0,9990
2138,-32620.0,32620.0,9990
2139,-32620.0,32620.0,9990
2140,-32620.0,32620.0,9990
2141,-32620.0,32620.0,9990
2142,-32620.0,32620.0,9990
2143,-32620.0,32620.0,9990
2144,-32620.0,32620.0,9990
2145,-32620.0,32620.0,9990
2146,-32620.0,32620.0,9990
2147,-32620.0,32620.0,9990
2148,-32620.0,32620.0,9990
2149,-32620.0,32620.0,9990
2150,-32620.0,32620.0,9990
2151,-32620.0,32620.0,9990
2152,-32620.0,32620.0,9990
2153,-32620.0,32620.0,9990
2154,-32620.0,32620.0,9990
2155,-32620.0,32620.0,9990
2156,-32620.0,32620.0,9990
2157,-32620.0,32620.0,9990
2158,-32620.0,32620.0,9990
2159,-32620.0,32620.0,9990
2160,-32620.0,32620.0,9990
2161,-32620.0,32620.0,9990
2162,-32620.0,32620.0,9990
2163,-32620.0,32620.0,9990
2164,-32620.0,32620.0,9990
2165,-32620.0,32620.0,9990
2166,-32620.0,32620.0,9990
2167,-32620.0,32620.0,9990
2168,-32620.0,32620.0,9990
2169,-32620.0,32620.0,9990
2170,-32620.0,32620.0,9990
2171,-32620.0,32620.0,9990
2172,-32620.0,32620.0,9990
2173,-32620.0,32620.0,9990
2174,-32620.0,32620.0,9990
2175,-32620.0,32620.0,9990
2176,-32620.0,32620.0,9990
2177,-32620.0,32620.0,9990
2178,-32620.0,32620.0,9990
2179,-32620.0,32620.0,9990
2180,-32620.0,32620.0,9990
2181,-32620.0,32620.0,9990
2182,-32620.0,32620.0,9990
2183,-32620.0,32620.0,9990
2184,-32620.0,32620.0,9990
2185,-32620.0,32620.0,9990
2186,-32620.0,32620.0,9990
2187,-32620.0,32620.0,9990
2188,-32620.0,32620.0,9990
2189,-32620.0,32620.0,9990
2190,-32620.0,32620.0,9990
2191,-32620.0,32620.0,9990
2192,-32620.0,32620.0,9990
2193,-32620.0,32620.0,9990
2194,-32620.0,32620.0,9990
2195,-32620.0,32620.0,9990
2196,-32620.0,32620.0,9990
2197,-32620.0,32620.0,9990
2198,-32620.0,32620.0,9990
2199,-32620.0,32620.0,9990
2200,-32620.0,32620.0,9990
2201,-32620.0,32620.0,9990
2202,-32620.0,32620.0,9990
2203,-32620.0,32620.0,9990
2204,-32620.0,32620.0,9990
2205,-32620.0,32620.0,9990
2206,-32620.0,32620.0,9990
2207,-32620.0,32620.0,9990
2208,-32620.0,32620.0,9990
2209,-32620.0,32620.0,9990
2210,-32620.0,32620.0,9990
2211,-32620.0,32620.0,9990
2212,-32620.0,32620.0,9990
2213,-32620.0,32620.0,9990
2214,-32620.0,32620.0,9990
2215,-32620.0,32620.0,9990
2216,-32620.0,32620.0,9990
2217,-32620.0,32620.0,9990
2218,-32620.0,32620.0,9990
2219,-32620.0,32620.0,9990
2220,-32620.0,32620.0,9990
2221,-32620.0,32620.0,9990
2222,-32620.0,32620.0,9990
2223,-32620.0,32620.0,9990
2224,-32620.0,32620.0,9990
2225,-32620.0,32620.0,9990
2226,-32620.0,32620.0,9990
2227,-32620.0,32620.0,9990
2228,-32620.0,32620.0,9990
2229,-32620.0,32620.0,9990
2230,-32620.0,32620.0,9990
2231,-32620.0,32620.0,9990
2232,-32620.0,32620.0,9990
2233,-32620.0,32620.0,9990
2234,-32620.0,32620.0,9990
2235,-32620.0,32620.0,9990
2236,-32620.0,32620.0,9990
2237,-32620.0,32620.0,9990
2238,-32620.0,32620.0,9990
2239,-32620.0,32620.0,9990
2240,-32620.0,32620.0,9990
2241,-32620.0,32620.0,9990
2242,-32620.0,32620.0,9990
2243,-32620.0,32620.0,9990
2244,-32620.0,32620.0,9990
2245,-32620.0,32620.0,9990
2246,-32620.0,32620.0,9990
2247,-32620.0,32620.0,9990
2248,-32620.0,32620.0,9990
2249,-32620.0,32620.0,9990
2250,-32620.0,32620.0,9990
2251,-32620.0,32620.0,9990
2252,-32620.0,32620.0,9990
2253,-32620.0,32620.0,9990
2254,-32620.0,32620.0,9990
2255,-32620.0,32620.0,9990
2256,-32620.0,32620.0,9990
2257,-32620.0,32620.0,9990
2258,-32620.0,32620.0,9990
2259,-32620.0,32620.0,9990
2260,-32620.0,32620.0,9990
2261,-32620.0,32620.0,9990
2262,-32620.0,32620.0,9990
2263,-32620.0,32620.0,9990
2264,-32620.0,32620.0,9990
2265,-32620.0,32620.0,9990
2266,-32620.0,32620.0,9990
2267,-32620.0,32620.0,9990
2268,-32620.0,32620.0,9990
2269,-32620.0,32620.0,9990
2270,-32620.0,32620.0,9990
2271,-32620.0,32620.0,9990
2272,-32620.0,32620.0,9990
2273,-32620.0,32620.0,9990
2274,-32620.0,32620.0,9990
2275,-32620.0,32620.0,9990
2276,-32620.0,32620.0,9990
2277,-32620.0,32620.0,9990
2278,-32620.0,32620.0,9990
2279,-32620.0,32620.0,9990
2280,-32620.0,32620.0,9990
2281,-32620.0,32620.0,9990
2282,-32620.0,32620.0,9990
2283,-32620.0,32620.0,9990
2284,-32620.0,32620.0,9990
2285,-32620.0,32620.0,9990
2286,-32620.0,32620.0,9990
2287,-32620.0,32620.0,9990
2288,-32620.0,32620.0,9990
2289,-32620.0,32620.0,9990
2290,-32620.0,32620.0,9990
2291,-32620.0,32620.0,9990
2292,-32620.0,32620.0,9990
2293,-32620.0,32620.0,9990
2294,-32620.0,32620.0,9990
2295,-32620.0,32620.0,9990
2296,-32620.0,32620.0,9990
2297,-32620.0,32620.0,9990
2298,-32620.0,32620.0,9990
2299,-32620.0,32620.0,9990
2300,-32620.0,32620.0,9990
2301,-32620.0,32620.0,9990
2302,-32620.0,32620.0,9990
2303,-32620.0,32620.0,9990
2304,-32620.0,32620.0,9990
2305,-32620.0,32620.0,9990
2306,-32620.0,32620.0,9990
2307,-32620.0,32620.0,9990
2308,-32620.0,32620.0,9990
2309,-32620.0,32620.0,9990
2310,-32620.0,32620.0,9990
2311,-32620.0,32620.0,9990
2312,-32620.0,32620.0,9990
2313,-32620.0,32620.0,9990
2314,-32620.0,32620.0,9990
2315,-32620.0,32620.0,9990
2316,-32620.0,32620.0,9990
2317,-32620.0,32620.0,9990
2318,-32620.0,32620.0,9990
2319,-32620.0,32620.0,9990
2320,-32620.0,32620.0,9990
2321,-32620.0,32620.0,9990
2322,-32620.0,32620.0,9990
2323,-32620.0,32620.0,9990
2324,-32620.0,32620.0,9990
2325,-32620.0,32620.0,9990
2326,-32620.0,32620.0,9990
2327,-32620.0,32620.0,9990
2328,-32620.0,32620.0,9990
2329,-32620.0,32620.0,9990
2330,-32620.0,32620.0,9990
2331,-32620.0,32620.0,9990
2332,-32620.0,32620.0,9990
2333,-32620.0,32620.0,9990
2334,-32620.0,32620.0,9990
2335,-32620.0,32620.0,9990
2336,-32620.0,32620.0,9990
2337,-32620.0,32620.0,9990
2338,-32620.0,32620.0,9990
2339,-32620.0,32620.0,9990
2340,-32620.0,32620.0,9990
2341,-32620.0,32620.0,9990
2342,-32620.0,32620.0,9990
2343,-32620.0,32620.0,9990
2344,-32620.0,32620.0,9990
2345,-32620.0,32620.0,9990
2346,-32620.0,32620.0,9990
2347,-32620.0,32620.0,9990
2348,-32620.0,32620.0,9990
2349,-32620.0,32620.0,9990
2350,-32620.0,32620.0,9990
2351,-32620.0,32620.0,9990
2352,-32620.0,32620.0,9990
2353,-32620.0,32620.0,9990
2354,-32620.0,32620.0,9990
2355,-32620.0,32620.0,9990
2356,-32620.0,32620.0,9990
2357,-32620.0,32620.0,9990
2358,-32620.0,32620.0,9990
2359,-32620.0,32620.0,9990
2360,-32620.0,32620.0,9990
2361,-32620.0,32620.0,9990
2362,-32620.0,32620.0,9990
2363,-32620.0,32620.0,9990
2364,-32620.0,32620.0,9990
2365,-32620.0,32620.0,9990
2366,-32620.0,32620.0,9990
2367,-32620.0,32620.0,9990
2368,-32620.0,32620.0,9990
2369,-32620.0,32620.0,9990
2370,-32620.0,32620.0,9990
2371,-32620.0,32620.0,9990
2372,-32620.0,32620.0,9990
2373,-32620.0,32620.0,9990
2374,-32620.0,32620.0,9990
2375,-32620.0,32620.0,9990
2376,-32620.0,32620.0,9990
2377,-32620.0,32620.0,9990
2378,-32620.0,32620.0,9990
2379,-32620.0,32620.0,9990
2380,-32620.0,32620.0,9990
2381,-32620.0,32620.0,9990
2382,-32620.0,32620.0,9990
2383,-32620.0,32620.0,9990
2384,-32620.0,32620.0,9990
2385,-32620.0,32620.0,9990
2386,-32620.0,32620.0,9990
2387,-32620.0,32620.0,9990
2388,-32620.0,32620.0,9990
2389,-32620.0,32620.0,9990
2390,-32620.0,32620.0,9990
2391,-32620.0,32620.0,9990
2392,-32620.0,32620.0,9990
2393,-32620.0,32620.0,9990
2394,-32620.0,32620.0,9990
2395,-32620.0,32620.0,9990
2396,-32620.0,32620.0,9990
2397,-32620.0,32620.0,9990
2398,-32620.0,32620.0,9990
2399,-32620.0,32620.0,9990
2400,-32620.0,32620.0,9990
2401,-32620.0,32620.0,9990
2402,-32620.0,32620.0,9990
2403,-32620.0,32620.0,9990
2404,-32620.0,32620.0,9990
2405,-32620.0,32620.0,9990
2406,-32620.0,32620.0,9990
2407,-32620.0,32620.0,9990
2408,-32620.0,32620.0,9990
2409,-32620.0,32620.0,9990
2410,-32620.0,32620.0,9990
2411,-32620.0,32620.0,9990
2412,-32620.0,32620.0,9990
2413,-32620.0,32620.0,9990
2414,-32620.0,32620.0,9990
2415,-32620.0,32620.0,9990
2416,-32620.0,32620.0,9990
2417,-32620.0,32620.0,9990
2418,-32620.0,32620.0,9990
2419,-32620.0,32620.0,9990
2420,-32620.0,32620.0,9990
2421,-32620.0,32620.0,9990
2422,-32620.0,32620.0,9990
2423,-32620.0,32620.0,9990
2424,-32620.0,32620.0,9990
2425,-32620.0,32620.0,9990
2426,-32620.0,32620.0,9990
2427,-32620.0,32620.0,9990
2428,-32620.0,32620.0,9990
2429,-32620.0,32620.0,9990
2430,-32620.0,32620.0,9990
2431,-32620.0,32620.0,9990
2432,-32620.0,32620.0,9990
2433,-32620.0,32620.0,9990
2434,-32620.0,32620.0,9990
2435,-32620.0,32620.0,9990
2436,-32620.0,32620.0,9990
2437,-32620.0,32620.0,9990
2438,-32620.0,32620.0,9990
2439,-32620.0,32620.0,9990
2440,-32620.0,32620.0,9990
2441,-32620.0,32620.0,9990
2442,-32620.0,32620.0,9990
2443,-32620.0,32620.0,9990
2444,-32620.0,32620.0,9990
2445,-32620.0,32620.0,9990
2446,-32620.0,32620.0,9990
2447,-32620.0,32620.0,9990
2448,-32620.0,32620.0,9990
2449,-32620.0,32620.0,9990
2450,-32620.0,32620.0,9990
2451,-32620.0,32620.0,9990
2452,-32620.0,32620.0,9990
2453,-32620.0,32620.0,9990
2454,-32620.0,32620.0,9990
2455,-32620.0,32620.0,9990
2456,-32620.0,32620.0,9990
2457,-32620.0,32620.0,9990
2458,-32620.0,32620.0,9990
2459,-32620.0,32620.0,9990
2460,-32620.0,32620.0,9990
2461,-32620.0,32620.0,9990
2462,-32620.0,32620.0,9990
2463,-32620.0,32620.0,9990
2464,-32620.0,32620.0,9990
2465,-32620.0,32620.0,9990
2466,-32620.0,32620.0,9990
2467,-32620.0,32620.0,9990
2468,-32620.0,32620.0,9990
2469,-32620.0,32620.0,9990
2470,-32620.0,32620.0,9990
2471,-32620.0,32620.0,9990
2472,-32620.0,32620.0,9990
2473,-32620.0,32620.0,9990
2474,-32620.0,32620.0,9990
2475,-32620.0,32620.0,9990
2476,-32620.0,32620.0,9990
2477,-32620.0,32620.0,9990
2478,-32620.0,32620.0,9990
2479,-32620.0,32620.0,9990
2480,-32620.0,32620.0,9990
2481,-32620.0,32620.0,9990
2482,-32620.0,32620.0,9990
2483,-32620.0,32620.0,9990
2484,-32620.0,32620.0,9990
2485,-32620.0,32620.0,9990
2486,-32620.0,32620.0,9990
2487,-32620.0,32620.0,9990
2488,-32620.0,32620.0,9990
2489,-32620.0,32620.0,9990
2490,-32620.0,32620.0,9990
2491,-32620.0,32620.0,9990
2492,-32620.0,32620.0,9990
2493,-32620.0,32620.0,9990
2494,-32620.0,32620.0,9990
2495,-32620.0,32620.0,9990
2496,-32620.0,32620.0,9990
2497,-32620.0,32620.0,9990
2498,-32620.0,32620.0,9990
2499,-32620.0,32620.0,9990
2500,-32620.0,32620.0,9990
2501,-32620.0,32620.0,9990
2502,-32620.0,32620.0,9990
2503,-32620.0,32620.0,9990
2504,-32620.0,32620.0,9990
2505,-32620.0,32620.0,9990
2506,-32620.0,32620.0,9990
2507,-32620.0,32620.0,9990
2508,-32620.0,32620.0,9990
2509,-32620.0,32620.0,9990
2510,-32620.0,32620.0,9990
2511,-32620.0,32620.0,9990
2512,-32620.0,32620.0,9990
2513,-32620.0,32620.0,9990
2514,-32620.0,32620.0,9990
2515,-32620.0,32620.0,9990
2516,-32620.0,32620.0,9990
2517,-32620.0,32620.0,9990
2518,-32620.0,32620.0,9990
2519,-32620.0,32620.0,9990
2520,-32620.0,32620.0,9990
2521,-32620.0,32620.0,9990
2522,-32620.0,32620.0,9990
2523,-32620.0,32620.0,9990
2524,-32620.0,32620.0,9990
2525,-32620.0,32620.0,9990
2526,-32620.0,32620.0,9990
2527,-32620.0,32620.0,9990
2528,-32620.0,32620.0,9990
2529,-32620.0,32620.0,9990
2530,-32620.0,32620.0,9990
2531,-32620.0,32620.0,9990
2532,-32620.0,32620.0,9990
2533,-32620.0,32620.0,9990
2534,-32620.0,32620.0,9990
2535,-32620.0,32620.0,9990
2536,-32620.0,32620.0,9990
2537,-32620.0,32620.0,9990
2538,-32620.0,32620.0,9990
2539,-32620.0,32620.0,9990
2540,-32620.0,32620.0,9990
2541,-32620.0,32620.0,9990
2542,-32620.0,32620.0,9990
2543,-32620.0,32620.0,9990
2544,-32620.0,32620.0,9990
2545,-32620.0,32620.0,9990
2546,-32620.0,32620.0,9990
2547,-32620.0,32620.0,9990
2548,-32620.0,32620.0,9990
2549,-32620.0,32620.0,9990
2550,-32620.0,32620.0,9990
2551,-32620.0,32620.0,9990
2552,-32620.0,32620.0,9990
2553,-32620.0,32620.0,9990
2554,-32620.0,32620.0,9990
2555,-32620.0,32620.0,9990
2556,-32620.0,32620.0,9990
2557,-32620.0,32620.0,9990
2558,-32620.0,32620.0,9990
2559,-32620.0,32620.0,9990
2560,-32620.0,32620.0,9990
2561,-32620.0,32620.0,9990
2562,-32620.0,32620.0,9990
2563,-32620.0,32620.0,9990
2564,-32620.0,32620.0,9990
2565,-32620.0,32620.0,9990
2566,-32620.0,32620.0,9990
2567,-32620.0,32620.0,9990
2568,-32620.0,32620.0,9990
2569,-32620.0,32620.0,9990
2570,-32620.0,32620.0,9990
2571,-32620.0,32620.0,9990
2572,-32620.0,32620.0,9990
2573,-32620.0,32620.0,9990
2574,-32620.0,32620.0,9990
2575,-32620.0,32620.0,9990
2576,-32620.0,32620.0,9990
2577,-32620.0,32620.0,9990
2578,-32620.0,32620.0,9990
2579,-32620.0,32620.0,9990
2580,-32620.0,32620.0,9990
2581,-32620.0,32620.0,9990
2582,-32620.0,32620.0,9990
2583,-32620.0,32620.0,9990
2584,-32620.0,32620.0,9990
2585,-32620.0,32620.0,9990
2586,-32620.0,32620.0,9990
2587,-32620.0,32620.0,9990
2588,-32620.0,32620.0,9990
2589,-32620.0,32620.0,9990
2590,-32620.0,32620.0,9990
2591,-32620.0,32620.0,9990
2592,-32620.0,32620.0,9990
2593,-32620.0,32620.0,9990
2594,-32620.0,32620.0,9990
2595,-32620.0,32620.0,9990
2596,-32620.0,32620.0,9990
2597,-32620.0,32620.0,9990
2598,-32620.0,32620.0,9990
2599,-32620.0,32620.0,9990
2600,-32620.0,32620.0,9990
2601,-32620.0,32620.0,9990
2602,-32620.0,32620.0,9990
2603,-32620.0,32620.0,9990
2604,-32620.0,32620.0,9990
2605,-32620.0,32620.0,9990
2606,-32620.0,32620.0,9990
2607,-32620.0,32620.0,9990
2608,-32620.0,32620.0,9990
2609,-32620.0,32620.0,9990
2610,-32620.0,32620.0,9990
2611,-32620.0,32620.0,9990
2612,-32620.0,32620.0,9990
2613,-32620.0,32620.0,9990
2614,-32620.0,32620.0,9990
2615,-32620.0,32620.0,9990
2616,-32620.0,32620.0,9990
2617,-32620.0,32620.0,9990
2618,-32620.0,32620.0,9990
2619,-32620.0,32620.0,9990
2620,-32620.0,32620.0,9990
2621,-32620.0,32620.0,9990
2622,-32620.0,32620.0,9990
2623,-32620.0,32620.0,9990
2624,-32620.0,32620.0,9990
2625,-32620.0,32620.0,9990
2626,-32620.0,32620.0,9990
2627,-32620.0,32620.0,9990
2628,-32620.0,32620.0,9990
2629,-32620.0,32620.0,9990
2630,-32620.0,32620.0,9990
2631,-32620.0,32620.0,9990
2632,-32620.0,32620.0,9990
2633,-32620.0,32620.0,9990
2634,-32620.0,32620.0,9990
2635,-32620.0,32620.0,9990
2636,-32620.0,32620.0,9990
2637,-32620.0,32620.0,9990
2638,-32620.0,32620.0,9990
2639,-32620.0,32620.0,9990
2640,-32620.0,32620.0,9990
2641,-32620.0,32620.0,9990
2642,-32620.0,32620.0,9990
2643,-32620.0,32620.0,9990
2644,-32620.0,32620.0,9990
2645,-32620.0,32620.0,9990
2646,-32620.0,32620.0,9990
2647,-32620.0,32620.0,9990
2648,-32620.0,32620.0,9990
2649,-32620.0,32620.0,9990
2650,-32620.0,32620.0,9990
2651,-32620.0,32620.0,9990
2652,-32620.0,32620.0,9990
2653,-32620.0,32620.0,9990
2654,-32620.0,32620.0,9990
2655,-32620.0,32620.0,9990
2656,-32620.0,32620.0,9990
2657,-32620.0,32620.0,9990
2658,-32620.0,32620.0,9990
2659,-32620.0,32620.0,9990
2660,-32620.0,32620.0,9990
2661,-32620.0,32620.0,9990
2662,-32620.0,32620.0,9990
2663,-32620.0,32620.0,9990
2664,-32620.0,32620.0,9990
2665,-32620.0,32620.0,9990
2666,-32620.0,32620.0,9990
2667,-32620.0,32620.0,9990
2668,-32620.0,32620.0,9990
2669,-32620.0,32620.0,9990
2670,-32620.0,32620.0,9990
2671,-32620.0,32620.0,9990
2672,-32620.0,32620.0,9990
2673,-32620.0,32620.0,9990
2674,-32620.0,32620.0,9990
2675,-32620.0,32620.0,9990
2676,-32620.0,32620.0,9990
2677,-32620.0,32620.0,9990
2678,-32620.0,32620.0,9990
2679,-32620.0,32620.0,9990
2680,-32620.0,32620.0,9990
2681,-32620.0,32620.0,9990
2682,-32620.0,32620.0,9990
2683,-32620.0,32620.0,9990
2684,-32620.0,32620.0,9990
2685,-32620.0,32620.0,9990
2686,-32620.0,32620.0,9990
2687,-32620.0,32620.0,9990
2688,-32620.0,32620.0,9990
2689,-32620.0,32620.0,9990
2690,-32620.0,32620.0,9990
2691,-32620.0,32620.0,9990
2692,-32620.0,32620.0,9990
2693,-32620.0,32620.0,9990
2694,-32620.0,32620.0,9990
2695,-32620.0,32620.0,9990
2696,-32620.0,32620.0,9990
2697,-32620.0,32620.0,9990
2698,-32620.0,32620.0,9990
2699,-32620.0,32620.0,9990
2700,-32620.0,32620.0,9990
2701,-32620.0,32620.0,9990
2702,-32620.0,32620.0,9990
2703,-32620.0,32620.0,9990
2704,-32620.0,32620.0,9990
2705,-32620.0,32620.0,9990
2706,-32620.0,32620.0,9990
2707,-32620.0,32620.0,9990
2708,-32620.0,32620.0,9990
2709,-32620.0,32620.0,9990
2710,-32620.0,32620.0,9990
2711,-32620.0,32620.0,9990
2712,-32620.0,32620.0,9990
2713,-32620.0,32620.0,9990
2714,-32620.0,32620.0,9990
2715,-32620.0,32620.0,9990
2716,-32620.0,32620.0,9990
2717,-32620.0,32620.0,9990
2718,-32620.0,32620.0,9990
2719,-32620.0,32620.0,9990
2720,-32620.0,32620.0,9990
2721,-32620.0,32620.0,9990
2722,-32620.0,32620.0,9990
2723,-32620.0,32620.0,9990
2724,-32620.0,32620.0,9990
2725,-32620.0,32620.0,9990
2726,-32620.0,32620.0,9990
2727,-32620.0,32620.0,9990
2728,-32620.0,32620.0,9990
2729,-32620.0,32620.0,9990
2730,-32620.0,32620.0,9990
2731,-32620.0,32620.0,9990
2732,-32620.0,32620.0,9990
2733,-32620.0,32620.0,9990
2734,-32620.0,32620.0,9990
2735,-32620.0,32620.0,9990
2736,-32620.0,32620.0,9990
2737,-32620.0,32620.0,9990
2738,-32620.0,32620.0,9990
2739,-32620.0,32620.0,9990
2740,-32620.0,32620.0,9990
2741,-32620.0,32620.0,9990
2742,-32620.0,32620.0,9990
2743,-32620.0,32620.0,9990
2744,-32620.0,32620.0,9990
2745,-32620.0,32620.0,9990
2746,-32620.0,32620.0,9990
2747,-32620.0,32620.0,9990
2748,-32620.0,32620.0,9990
2749,-32620.0,32620.0,9990
2750,-32620.0,32620.0,9990
2751,-32620.0,32620.0,9990
2752,-32620.0,32620.0,9990
2753,-32620.0,32620.0,9990
2754,-32620.0,32620.0,9990
2755,-32620.0,32620.0,9990
2756,-32620.0,32620.0,9990
2757,-32620.0,32620.0,9990
2758,-32620.0,32620.0,9990
2759,-32620.0,32620.0,9990
2760,-32620.0,32620.0,9990
2761,-32620.0,32620.0,9990
2762,-32620.0,32620.0,9990
2763,-32620.0,32620.0,9990
2764,-32620.0,32620.0,9990
2765,-32620.0,32620.0,9990
2766,-32620.0,32620.0,9990
2767,-32620.0,32620.0,9990
2768,-32620.0,32620.0,9990
2769,-32620.0,32620.0,9990
2770,-32620.0,32620.0,9990
2771,-32620.0,32620.0,9990
2772,-32620.0,32620.0,9990
2773,-32620.0,32620.0,9990
2774,-32620.0,32620.0,9990
2775,-32620.0,32620.0,9990
2776,-32620.0,32620.0,9990
2777,-32620.0,32620.0,9990
2778,-32620.0,32620.0,9990
2779,-32620.0,32620.0,9990
2780,-32620.0,32620.0,9990
2781,-32620.0,32620.0,9990
2782,-32620.0,32620.0,9990
2783,-32620.0,32620.0,9990
2784,-32620.0,32620.0,9990
2785,-32620.0,32620.0,9990
2786,-32620.0,32620.0,9990
2787,-32620.0,32620.0,9990
2788,-32620.0,32620.0,9990
2789,-32620.0,32620.0,9990
2790,-32620.0,32620.0,9990
2791,-32620.0,32620.0,9990
2792,-32620.0,32620.0,9990
2793,-32620.0,32620.0,9990
2794,-32620.0,32620.0,9990
2795,-32620.0,32620.0,9990
2796,-32620.0,32620.0,9990
2797,-32620.0,32620.0,9990
2798,-32620.0,32620.0,9990
2799,-32620.0,32620.0,9990
2800,-32620.0,32620.0,9990
2801,-32620.0,32620.0,9990
2802,-32620.0,32620.0,9990
2803,-32620.0,32620.0,9990
2804,-32620.0,32620.0,9990
2805,-32620.0,32620.0,9990
2806,-32620.0,32620.0,9990
2807,-32620.0,32620.0,9990
2808,-32620.0,32620.0,9990
2809,-32620.0,32620.0,9990
2810,-32620.0,32620.0,9990
2811,-32620.0,32620.0,9990
2812,-32620.0,32620.0,9990
2813,-32620.0,32620.0,9990
2814,-32620.0,32620.0,9990
2815,-32620.0,32620.0,9990
2816,-32620.0,32620.0,9990
2817,-32620.0,32620.0,9990
2818,-32620.0,32620.0,9990
2819,-32620.0,32620.0,9990
2820,-32620.0,32620.0,9990
2821,-32620.0,32620.0,9990
2822,-32620.0,32620.0,9990
2823,-32620.0,32620.0,9990
2824,-32620.0,32620.0,9990
2825,-32620.0,32620.0,9990
2826,-32620.0,32620.0,9990
2827,-32620.0,32620.0,9990
2828,-32620.0,32620.0,9990
2829,-32620.0,32620.0,9990
2830,-32620.0,32620.0,9990
2831,-32620.0,32620.0,9990
2832,-32620.0,32620.0,9990
2833,-32620.0,32620.0,9990
2834,-32620.0,32620.0,9990
2835,-32620.0,32620.0,9990
2836,-32620.0,32620.0,9990
2837,-32620.0,32620.0,9990
2838,-32620.0,32620.0,9990
2839,-32620.0,32620.0,9990
2840,-32620.0,32620.0,9990
2841,-32620.0,32620.0,9990
2842,-32620.0,32620.0,9990
2843,-32620.0,32620.0,9990
2844,-32620.0,32620.0,9990
2845,-32620.0,32620.0,9990
2846,-32620.0,32620.0,9990
2847,-32620.0,32620.0,9990
2848,-32620.0,32620.0,9990
2849,-32620.0,32620.0,9990
2850,-32620.0,32620.0,9990
2851,-32620.0,32620.0,9990
2852,-32620.0,32620.0,9990
2853,-32620.0,32620.0,9990
2854,-32620.0,32620.0,9990
2855,-32620.0,32620.0,9990
2856,-32620.0,32620.0,9990
2857,-32620.0,32620.0,9990
2858,-32620.0,32620.0,9990
2859,-32620.0,32620.0,9990
2860,-32620.0,32620.0,9990
2861,-32620.0,32620.0,9990
2862,-32620.0,32620.0,9990
2863,-32620.0,32620.0,9990
2864,-32620.0,32620.0,9990
2865,-32620.0,32620.0,9990
2866,-32620.0,32620.0,9990
2867,-32620.0,32620.0,9990
2868,-32620.0,32620.0,9990
2869,-32620.0,32620.0,9990
2870,-32620.0,32620.0,9990
2871,-32620.0,32620.0,9990
2872,-32620.0,32620.0,9990
2873,-32620.0,32620.0,9990
2874,-32620.0,32620.0,9990
2875,-32620.0,32620.0,9990
2876,-32620.0,32620.0,9990
2877,-32620.0,32620.0,9990
2878,-32620.0,32620.0,9990
2879,-32620.0,32620.0,9990
2880,-32620.0,32620.0,9990
2881,-32620.0,32620.0,9990
2882,-32620.0,32620.0,9990
2883,-32620.0,32620.0,9990
2884,-32620.0,32620.0,9990
2885,-32620.0,32620.0,9990
2886,-32620.0,32620.0,9990
2887,-32620.0,32620.0,9990
2888,-32620.0,32620.0,9990
2889,-32620.0,32620.0,9990
2890,-32620.0,32620.0,9990
2891,-32620.0,32620.0,9990
2892,-32620.0,32620.0,9990
2893,-32620.0,32620.0,9990
2894,-32620.0,32620.0,9990
2895,-32620.0,32620.0,9990
2896,-32620.0,32620.0,9990
2897,-32620.0,32620.0,9990
2898,-32620.0,32620.0,9990
2899,-32620.0,32620.0,9990
2900,-32620.0,32620.0,9990
2901,-32620.0,32620.0,9990
2902,-32620.0,32620.0,9990
2903,-32620.0,32620.0,9990
2904,-32620.0,32620.0,9990
2905,-32620.0,32620.0,9990
2906,-32620.0,32620.0,9990
2907,-32620.0,32620.0,9990
2908,-32620.0,32620.0,9990
2909,-32620.0,32620.0,9990
2910,-32620.0,32620.0,9990
2911,-32620.0,32620.0,9990
2912,-32620.0,32620.0,9990
2913,-32620.0,32620.0,9990
2914,-32620.0,32620.0,9990
2915,-32620.0,32620.0,9990
2916,-32620.0,32620.0,9990
2917,-32620.0,32620.0,9990
2918,-32620.0,32620.0,9990
2919,-32620.0,32620.0,9990
2920,-32620.0,32620.0,9990
2921,-32620.0,32620.0,9990
2922,-32620.0,32620.0,9990
2923,-32620.0,32620.0,9990
2924,-32620.0,32620.0,9990
2925,-32620.0,32620.0,9990
2926,-32620.0,32620.0,9990
2927,-32620.0,32620.0,9990
2928,-32620.0,32620.0,9990
2929,-32620.0,32620.0,9990
2930,-32620.0,32620.0,9990
2931,-32620.0,32620.0,9990
2932,-32620.0,32620.0,9990
2933,-32620.0,32620.0,9990
2934,-32620.0,32620.0,9990
2935,-32620.0,32620.0,9990
2936,-32620.0,32620.0,9990
2937,-32620.0,32620.0,9990
2938,-32620.0,32620.0,9990
2939,-32620.0,32620.0,9990
2940,-32620.0,32620.0,9990
2941,-32620.0,32620.0,9990
2942,-32620.0,32620.0,9990
2943,-32620.0,32620.0,9990
2944,-32620.0,32620.0,9990
2945,-32620.0,32620.0,9990
2946,-32620.0,32620.0,9990
2947,-32620.0,32620.0,9990
2948,-32620.0,32620.0,9990
2949,-32620.0,32620.0,9990
2950,-32620.0,32620.0,9990
2951,-32620.0,32620.0,9990
2952,-32620.0,32620.0,9990
2953,-32620.0,32620.0,9990
2954,-32620.0,32620.0,9990
2955,-32620.0,32620.0,9990
2956,-32620.0,32620.0,9990
2957,-32620.0,32620.0,9990
2958,-32620.0,32620.0,9990
2959,-32620.0,32620.0,9990
2960,-32620.0,32620.0,9990
2961,-32620.0,32620.0,9990
2962,-32620.0,32620.0,9990
2963,-32620.0,32620.0,9990
2964,-32620.0,32620.0,9990
2965,-32620.0,32620.0,9990
2966,-32620.0,32620.0,9990
2967,-32620.0,32620.0,9990
2968,-32620.0,32620.0,9990
2969,-32620.0,32620.0,9990
2970,-32620.0,32620.0,9990
2971,-32620.0,32620.0,9990
2972,-32620.0,32620.0,9990
2973,-32620.0,32620.0,9990
2974,-32620.0,32620.0,9990
2975,-32620.0,32620.0,9990
2976,-32620.0,32620.0,9990
2977,-32620.0,32620.0,9990
2978,-32620.0,32620.0,9990
2979,-32620.0,32620.0,9990
2980,-32620.0,32620.0,9990
2981,-32620.0,32620.0,9990
2982,-32620.0,32620.0,9990
2983,-32620.0,32620.0,9990
2984,-32620.0,32620.0,9990
2985,-32620.0,32620.0,9990
2986,-32620.0,32620.0,9990
2987,-32620.0,32620.0,9990
2988,-32620.0,32620.0,9990
2989,-32620.0,32620.0,9990
2990,-32620.0,32620.0,9990
2991,-32620.0,32620.0,9990
2992,-32620.0,32620.0,9990
2993,-32620.0,32620.0,9990
2994,-32620.0,32620.0,9990
2995,-32620.0,32620.0,9990
2996,-32620.0,32620.0,9990
2997,-32620.0,32620.0,9990
2998,-32620.0,32620.0,9990
2999,-32620.0,32620.0,9990
3000,-32620.0,32620.0,9990
3001,-32620.0,32620.0,9990
3002,-32620.0,32620.0,9990
3003,-32620.0,32620.0,9990
3004,-32620.0,32620.0,9990
3005,-32620.0,32620.0,9990
3006,-32620.0,32620.0,9990
3007,-32620.0,32620.0,9990
3008,-32620.0,32620.0,9990
3009,-32620.0,32620.0,9990
3010,-32620.0,32620.0,9990
3011,-32620.0,32620.0,9990
3012,-32620.0,32620.0,9990
3013,-32620.0,32620.0,9990
3014,-32620.0,32620.0,9990
3015,-32620.0,32620.0,9990
3016,-32620.0,32620.0,9990
3017,-32620.0,32620.0,9990
3018,-32620.0,32620.0,9990
3019,-32620.0,32620.0,9990
3020,-32620.0,32620.0,9990
3021,-32620.0,32620.0,9990
3022,-32620.0,32620.0,9990
3023,-32620.0,32620.0,9990
3024,-32620.0,32620.0,9990
3025,-32620.0,32620.0,9990
3026,-32620.0,32620.0,9990
3027,-32620.0,32620.0,9990
3028,-32620.0,32620.0,9990
3029,-32620.0,32620.0,9990
3030,-32620.0,32620.0,9990
3031,-32620.0,32620.0,9990
3032,-32620.0,32620.0,9990
3033,-32620.0,32620.0,9990
3034,-32620.0,32620.0,9990
3035,-32620.0,32620.0,9990
3036,-32620.0,32620.0,9990
3037,-32620.0,32620.0,9990
3038,-32620.0,32620.0,9990
3039,-32620.0,32620.0,9990
3040,-32620.0,32620.0,9990
3041,-32620.0,32620.0,9990
3042,-32620.0,32620.0,9990
3043,-32620.0,32620.0,9990
3044,-32620.0,32620.0,9990
3045,-32620.0,32620.0,9990
3046,-32620.0,32620.0,9990
3047,-32620.0,32620.0,9990
3048,-32620.0,32620.0,9990
3049,-32620.0,32620.0,9990
3050,-32620.0,32620.0,9990
3051,-32620.0,32620.0,9990
3052,-32620.0,32620.0,9990
3053,-32620.0,32620.0,9990
3054,-32620.0,32620.0,9990
3055,-32620.0,32620.0,9990
3056,-32620.0,32620.0,9990
3057,-32620.0,32620.0,9990
3058,-32620.0,32620.0,9990
3059,-32620.0,32620.0,9990
3060,-32620.0,32620.0,9990
3061,-32620.0,32620.0,9990
3062,-32620.0,32620.0,9990
3063,-32620.0,32620.0,9990
3064,-32620.0,32620.0,9990
3065,-32620.0,32620.0,9990
3066,-32620.0,32620.0,9990
3067,-32620.0,32620.0,9990
3068,-32620.0,32620.0,9990
3069,-32620.0,32620.0,9990
3070,-32620.0,32620.0,9990
3071,-32620.0,32620.0,9990
3072,-32620.0,32620.0,9990
3073,-32620.0,32620.0,9990
3074,-32620.0,32620.0,9990
3075,-32620.0,32620.0,9990
3076,-32620.0,32620.0,9990
3077,-32620.0,32620.0,9990
3078,-32620.0,32620.0,9990
3079,-32620.0,32620.0,9990
3080,-32620.0,32620.0,9990
3081,-32620.0,32620.0,9990
3082,-32620.0,32620.0,9990
3083,-32620.0,32620.0,9990
3084,-32620.0,32620.0,9990
3085,-32620.0,32620.0,9990
3086,-32620.0,32620.0,9990
3087,-32620.0,32620.0,9990
3088,-32620.0,32620.0,9990
3089,-32620.0,32620.0,9990
3090,-32620.0,32620.0,9990
3091,-32620.0,32620.0,9990
3092,-32620.0,32620.0,9990
3093,-32620.0,32620.0,9990
3094,-32620.0,32620.0,9990
3095,-32620.0,32620.0,9990
3096,-32620.0,32620.0,9990
3097,-32620.0,32620.0,9990
3098,-32620.0,32620.0,9990
3099,-32620.0,32620.0,9990
3100,-32620.0,32620.0,9990
3101,-32620.0,32620.0,9990
3102,-32620.0,32620.0,9990
3103,-32620.0,32620.0,9990
3104,-32620.0,32620.0,9990
3105,-32620.0,32620.0,9990
3106,-32620.0,32620.0,9990
3107,-32620.0,32620.0,9990
3108,-32620.0,32620.0,9990
3109,-32620.0,32620.0,9990
3110,-32620.0,32620.0,9990
3111,-32620.0,32620.0,9990
3112,-32620.0,32620.0,9990
3113,-32620.0,32620.0,9990
3114,-32620.0,32620.0,9990
3115,-32620.0,32620.0,9990
3116,-32620.0,32620.0,9990
3117,-32620.0,32620.0,9990
3118,-32620.0,32620.0,9990
3119,-32620.0,32620.0,9990
3120,-32620.0,32620.0,9990
3121,-32620.0,32620.0,9990
3122,-32620.0,32620.0,9990
3123,-32620.0,32620.0,9990
3124,-32620.0,32620.0,9990
3125,-32620.0,32620.0,9990
3126,-32620.0,32620.0,9990
3127,-32620.0,32620.0,9990
3128,-32620.0,32620.0,9990
3129,-32620.0,32620.0,9990
3130,-32620.0,32620.0,9990
3131,-32620.0,32620.0,9990
3132,-32620.0,32620.0,9990
3133,-32620.0,32620.0,9990
3134,-32620.0,32620.0,9990
3135,-32620.0,32620.0,9990
3136,-32620.0,32620.0,9990
3137,-32620.0,32620.0,9990
3138,-32620.0,32620.0,9990
3139,-32620.0,32620.0,9990
3140,-32620.0,32620.0,9990
3141,-32620.0,32620.0,9990
3142,-32620.0,32620.0,9990
3143,-32620.0,32620.0,9990
3144,-32620.0,32620.0,9990
3145,-32620.0,32620.0,9990
3146,-32620.0,32620.0,9990
3147,-32620.0,32620.0,9990
3148,-32620.0,32620.0,9990
3149,-32620.0,32620.0,9990
3150,-32620.0,32620.0,9990
3151,-32620.0,32620.0,9990
3152,-32620.0,32620.0,9990
3153,-32620.0,32620.0,9990
3154,-32620.0,32620.0,9990
3155,-32620.0,32620.0,9990
3156,-32620.0,32620.0,9990
3157,-32620.0,32620.0,9990
3158,-32620.0,32620.0,9990
3159,-32620.0,32620.0,9990
3160,-32620.0,32620.0,9990
3161,-32620.0,32620.0,9990
3162,-32620.0,32620.0,9990
3163,-32620.0,32620.0,9990
3164,-32620.0,32620.0,9990
3165,-32620.0,32620.0,9990
3166,-32620.0,32620.0,9990
3167,-32620.0,32620.0,9990
3168,-32620.0,32620.0,9990
3169,-32620.0,32620.0,9990
3170,-32620.0,32620.0,9990
3171,-32620.0,32620.0,9990
3172,-32620.0,32620.0,9990
3173,-32620.0,32620.0,9990
3174,-32620.0,32620.0,9990
3175,-32620.0,32620.0,9990
3176,-32620.0,32620.0,9990
3177,-32620.0,32620.0,9990
3178,-32620.0,32620.0,9990
3179,-32620.0,32620.0,9990
3180,-32620.0,32620.0,9990
3181,-32620.0,32620.0,9990
3182,-32620.0,32620.0,9990
3183,-32620.0,32620.0,9990
3184,-32620.0,32620.0,9990
3185,-32620.0,32620.0,9990
3186,-32620.0,32620.0,9990
3187,-32620.0,32620.0,9990
3188,-32620.0,32620.0,9990
3189,-32620.0,32620.0,9990
3190,-32620.0,32620.0,9990
3191,-32620.0,32620.0,9990
3192,-32620.0,32620.0,9990
3193,-32620.0,32620.0,9990
3194,-32620.0,32620.0,9990
3195,-32620.0,32620.0,9990
3196,-32620.0,32620.0,9990
3197,-32620.0,32620.0,9990
3198,-32620.0,32620.0,9990
3199,-32620.0,32620.0,9990
3200,-32620.0,32620.0,9990
3201,-32620.0,32620.0,9990
3202,-32620.0,32620.0,9990
3203,-32620.0,32620.0,9990
3204,-32620.0,32620.0,9990
3205,-32620.0,32620.0,9990
3206,-32620.0,32620.0,9990
3207,-32620.0,32620.0,9990
3208,-32620.0,32620.0,9990
3209,-32620.0,32620.0,9990
3210,-32620.0,32620.0,9990
3211,-32620.0,32620.0,9990
3212,-32620.0,32620.0,9990
3213,-32620.0,32620.0,9990
3214,-32620.0,32620.0,9990
3215,-32620.0,32620.0,9990
3216,-32620.0,32620.0,9990
3217,-32620.0,32620.0,9990
3218,-32620.0,32620.0,9990
3219,-32620.0,32620.0,9990
3220,-32620.0,32620.0,9990
3221,-32620.0,32620.0,9990
3222,-32620.0,32620.0,9990
3223,-32620.0,32620.0,9990
3224,-32620.0,32620.0,9990
3225,-32620.0,32620.0,9990
3226,-32620.0,32620.0,9990
3227,-32620.0,32620.0,9990
3228,-32620.0,32620.0,9990
3229,-32620.0,32620.0,9990
3230,-32620.0,32620.0,9990
3231,-32620.0,32620.0,9990
3232,-32620.0,32620.0,9990
3233,-32620.0,32620.0,9990
3234,-32620.0,32620.0,9990
3235,-32620.0,32620.0,9990
3236,-32725.0,32725.0,9990
3237,-32725.0,32725.0,9990
3238,-32725.0,32725.0,9990
3239,-32725.0,32725.0,9990
3240,-32725.0,32725.0,9990
3241,-32725.0,32725.0,9990
3242,-32725.0,32725.0,9990
3243,-32725.0,32725.0,9990
3244,-32725.0,32725.0,9990
3245,-32725.0,32725.0,9990
3246,-32725.0,32725.0,9990
3247,-32725.0,32725.0,9990
3248,-32725.0,32725.0,9990
3249,-32725.0,32725.0,9990
3250,-32725.0,32725.0,9990
3251,-32725.0,32725.0,9990
3252,-32725.0,32725.0,9990
3253,-32725.0,32725.0,9990
3254,-32725.0,32725.0,9990
3255,-32725.0,32725.0,9990
3256,-32725.0,32725.0,9990
3257,-32725.0,32725.0,9990
3258,-32725.0,32725.0,9990
3259,-32725.0,32725.0,9990
3260,-32725.0,32725.0,9990
3261,-32725.0,32725.0,9990
3262,-32725.0,32725.0,9990
3263,-32725.0,32725.0,9990
3264,-32725.0,32725.0,9990
3265,-32725.0,32725.0,9990
3266,-32725.0,32725.0,9990
3267,-32725.0,32725.0,9990
3268,-32725.0,32725.0,9990
3269,-32725.0,32725.0,9990
3270,-32725.0,32725.0,9990
3271,-32725.0,32725.0,9990
3272,-32725.0,32725.0,9990
3273,-32725.0,32725.0,9990
3274,-32725.0,32725.0,9990
3275,-32725.0,32725.0,9990
3276,-32725.0,32725.0,9990
3277,-32725.0,32725.0,9990
3278,-32725.0,32725.0,9990
3279,-32725.0,32725.0,9990
3280,-32725.0,32725.0,9990
3281,-32725.0,32725.0,9990
3282,-32725.0,32725.0,9990
3283,-32725.0,32725.0,9990
3284,-32725.0,32725.0,9990
3285,-32725.0,32725.0,9990
3286,-32725.0,32725.0,9990
3287,-32725.0,32725.0,9990
3288,-32725.0,32725.0,9990
3289,-32725.0,32725.0,9990
3290,-32725.0,32725.0,9990
3291,-32725.0,32725.0,9990
3292,-32725.0,32725.0,9990
3293,-32725.0,32725.0,9990
3294,-32725.0,32725.0,9990
3295,-32725.0,32725.0,9990
3296,-32725.0,32725.0,9990
3297,-32725.0,32725.0,9990
3298,-32725.0,32725.0,9990
3299,-32725.0,32725.0,9990
3300,-32725.0,32725.0,9990
3301,-32725.0,32725.0,9990
3302,-32725.0,32725.0,9990
3303,-32725.0,32725.0,9990
3304,-32725.0,32725.0,9990
3305,-32725.0,32725.0,9990
3306,-32725.0,32725.0,9990
3307,-32725.0,32725.0,9990
3308,-32725.0,32725.0,9990
3309,-32725.0,32725.0,9990
3310,-32725.0,32725.0,9990
3311,-32725.0,32725.0,9990
3312,-32725.0,32725.0,9990
3313,-32725.0,32725.0,9990
3314,-32725.0,32725.0,9990
3315,-32725.0,32725.0,9990
3316,-32725.0,32725.0,9990
3317,-32725.0,32725.0,9990
3318,-32725.0,32725.0,9990
3319,-32725.0,32725.0,9990
3320,-32725.0,32725.0,9990
3321,-32725.0,32725.0,9990
3322,-32725.0,32725.0,9990
3323,-32725.0,32725.0,9990
3324,-32725.0,32725.0,9990
3325,-32725.0,32725.0,9990
3326,-32725.0,32725.0,9990
3327,-32725.0,32725.0,9990
3328,-32725.0,32725.0,9990
3329,-32725.0,32725.0,9990
3330,-32725.0,32725.0,9990
3331,-32725.0,32725.0,9990
3332,-32725.0,32725.0,9990
3333,-32725.0,32725.0,9990
3334,-32725.0,32725.0,9990
3335,-32725.0,32725.0,9990
3336,-32725.0,32725.0,9990
3337,-32725.0,32725.0,9990
3338,-32725.0,32725.0,9990
3339,-32725.0,32725.0,9990
3340,-32725.0,32725.0,9990
3341,-32725.0,32725.0,9990
3342,-32725.0,32725.0,9990
3343,-32725.0,32725.0,9990
3344,-32725.0,32725.0,9990
3345,-32725.0,32725.0,9990
3346,-32725.0,32725.0,9990
3347,-32725.0,32725.0,9990
3348,-32725.0,32725.0,9990
3349,-32725.0,32725.0,9990
3350,-32725.0,32725.0,9990
3351,-32725.0,32725.0,9990
3352,-32725.0,32725.0,9990
3353,-32725.0,32725.0,9990
3354,-32725.0,32725.0,9990
3355,-32725.0,32725.0,9990
3356,-32725.0,32725.0,9990
3357,-32725.0,32725.0,9990
3358,-32725.0,32725.0,9990
3359,-32725.0,32725.0,9990
3360,-32725.0,32725.0,9990
3361,-32725.0,32725.0,9990
3362,-32725.0,32725.0,9990
3363,-32725.0,32725.0,9990
3364,-32725.0,32725.0,9990
3365,-32725.0,32725.0,9990
3366,-32725.0,32725.0,9990
3367,-32725.0,32725.0,9990
3368,-32725.0,32725.0,9990
3369,-32725.0,32725.0,9990
3370,-32725.0,32725.0,9990
3371,-32725.0,32725.0,9990
3372,-32725.0,32725.0,9990
3373,-32725.0,32725.0,9990
3374,-32725.0,32725.0,9990
3375,-32725.0,32725.0,9990
3376,-32725.0,32725.0,9990
3377,-32725.0,32725.0,9990
3378,-32725.0,32725.0,9990
3379,-32725.0,32725.0,9990
3380,-32725.0,32725.0,9990
3381,-32725.0,32725.0,9990
3382,-32725.0,32725.0,9990
3383,-32725.0,32725.0,9990
3384,-32725.0,32725.0,9990
3385,-32725.0,32725.0,9990
3386,-32725.0,32725.0,9990
3387,-32725.0,32725.0,9990
3388,-32725.0,32725.0,9990
3389,-32725.0,32725.0,9990
3390,-32725.0,32725.0,9990
3391,-32725.0,32725.0,9990
3392,-32725.0,32725.0,9990
3393,-32725.0,32725.0,9990
3394,-32725.0,32725.0,9990
3395,-32725.0,32725.0,9990
3396,-32725.0,32725.0,9990
3397,-32725.0,32725.0,9990
3398,-32725.0,32725.0,9990
3399,-32725.0,32725.0,9990
3400,-32725.0,32725.0,9990
3401,-32725.0,32725.0,9990
3402,-32725.0,32725.0,9990
3403,-32725.0,32725.0,9990
3404,-32725.0,32725.0,9990
3405,-32725.0,32725.0,9990
3406,-32725.0,32725.0,9990
3407,-32725.0,32725.0,9990
3408,-32725.0,32725.0,9990
3409,-32725.0,32725.0,9990
3410,-32725.0,32725.0,9990
3411,-32725.0,32725.0,9990
3412,-32725.0,32725.0,9990
3413,-32725.0,32725.0,9990
3414,-32725.0,32725.0,9990
3415,-32725.0,32725.0,9990
3416,-32725.0,32725.0,9990
3417,-32725.0,32725.0,9990
3418,-32725.0,32725.0,9990
3419,-32725.0,32725.0,9990
3420,-32725.0,32725.0,9990
3421,-32725.0,32725.0,9990
3422,-32725.0,32725.0,9990
3423,-32725.0,32725.0,9990
3424,-32725.0,32725.0,9990
3425,-32725.0,32725.0,9990
3426,-32725.0,32725.0,9990
3427,-32725.0,32725.0,9990
3428,-32725.0,32725.0,9990
3429,-32725.0,32725.0,9990
3430,-32725.0,32725.0,9990
3431,-32725.0,32725.0,9990
3432,-32725.0,32725.0,9990
3433,-32725.0,32725.0,9990
3434,-32725.0,32725.0,9990
3435,-32725.0,32725.0,9990
3436,-32725.0,32725.0,9990
3437,-32725.0,32725.0,9990
3438,-32725.0,32725.0,9990
3439,-32725.0,32725.0,9990
3440,-32725.0,32725.0,9990
3441,-32725.0,32725.0,9990
3442,-32725.0,32725.0,9990
3443,-32725.0,32725.0,9990
3444,-32725.0,32725.0,9990
3445,-32725.0,32725.0,9990
3446,-32725.0,32725.0,9990
3447,-32725.0,32725.0,9990
3448,-32725.0,32725.0,9990
3449,-32725.0,32725.0,9990
3450,-32725.0,32725.0,9990
3451,-32725.0,32725.0,9990
3452,-32725.0,32725.0,9990
3453,-32725.0,32725.0,9990
3454,-32725.0,32725.0,9990
3455,-32725.0,32725.0,9990
3456,-32725.0,32725.0,9990
3457,-32725.0,32725.0,9990
3458,-32725.0,32725.0,9990
3459,-32725.0,32725.0,9990
3460,-32725.0,32725.0,9990
3461,-32725.0,32725.0,9990
3462,-32725.0,32725.0,9990
3463,-32725.0,32725.0,9990
3464,-32725.0,32725.0,9990
3465,-32725.0,32725.0,9990
3466,-32725.0,32725.0,9990
3467,-32725.0,32725.0,9990
3468,-32725.0,32725.0,9990
3469,-32725.0,32725.0,9990
3470,-32725.0,32725.0,9990
3471,-32725.0,32725.0,9990
3472,-32725.0,32725.0,9990
3473,-32725.0,32725.0,9990
3474,-32725.0,32725.0,9990
3475,-32725.0,32725.0,9990
3476,-32725.0,32725.0,9990
3477,-32725.0,32725.0,9990
3478,-32725.0,32725.0,9990
3479,-32725.0,32725.0,9990
3480,-32725.0,32725.0,9990
3481,-32725.0,32725.0,9990
3482,-32725.0,32725.0,9990
3483,-32725.0,32725.0,9990
3484,-32725.0,32725.0,9990
3485,-32725.0,32725.0,9990
3486,-32725.0,32725.0,9990
3487,-32725.0,32725.0,9990
3488,-32725.0,32725.0,9990
3489,-32725.0,32725.0,9990
3490,-32725.0,32725.0,9990
3491,-32725.0,32725.0,9990
3492,-32725.0,32725.0,9990
3493,-32725.0,32725.0,9990
3494,-32725.0,32725.0,9990
3495,-32725.0,32725.0,9990
3496,-32725.0,32725.0,9990
3497,-32725.0,32725.0,9990
3498,-32725.0,32725.0,9990
3499,-32725.0,32725.0,9990
3500,-32725.0,32725.0,9990
3501,-32725.0,32725.0,9990
3502,-32725.0,32725.0,9990
3503,-32725.0,32725.0,9990
3504,-32725.0,32725.0,9990
3505,-32725.0,32725.0,9990
3506,-32725.0,32725.0,9990
3507,-32725.0,32725.0,9990
3508,-32725.0,32725.0,9990
3509,-32725.0,32725.0,9990
3510,-32725.0,32725.0,9990
3511,-32725.0,32725.0,9990
3512,-32725.0,32725.0,9990
3513,-32725.0,32725.0,9990
3514,-32725.0,32725.0,9990
3515,-32725.0,32725.0,9990
3516,-32725.0,32725.0,9990
3517,-32725.0,32725.0,9990
3518,-32725.0,32725.0,9990
3519,-32725.0,32725.0,9990
3520,-32725.0,32725.0,9990
3521,-32725.0,32725.0,9990
3522,-32725.0,32725.0,9990
3523,-32725.0,32725.0,9990
3524,-32725.0,32725.0,9990
3525,-32725.0,32725.0,9990
3526,-32725.0,32725.0,9990
3527,-32725.0,32725.0,9990
3528,-32725.0,32725.0,9990
3529,-32725.0,32725.0,9990
3530,-32725.0,32725.0,9990
3531,-32725.0,32725.0,9990
3532,-32725.0,32725.0,9990
3533,-32725.0,32725.0,9990
3534,-32725.0,32725.0,9990
3535,-32725.0,32725.0,9990
3536,-32725.0,32725.0,9990
3537,-32725.0,32725.0,9990
3538,-32725.0,32725.0,9990
3539,-32725.0,32725.0,9990
3540,-32725.0,32725.0,9990
3541,-32725.0,32725.0,9990
3542,-32725.0,32725.0,9990
3543,-32725.0,32725.0,9990
3544,-32725.0,32725.0,9990
3545,-32725.0,32725.0,9990
3546,-32725.0,32725.0,9990
3547,-32725.0,32725.0,9990
3548,-32725.0,32725.0,9990
3549,-32725.0,32725.0,9990
3550,-32725.0,32725.0,9990
3551,-32725.0,32725.0,9990
3552,-32725.0,32725.0,9990
3553,-32725.0,32725.0,9990
3554,-32725.0,32725.0,9990
3555,-32725.0,32725.0,9990
3556,-32725.0,32725.0,9990
3557,-32725.0,32725.0,9990
3558,-32725.0,32725.0,9990
3559,-32725.0,32725.0,9990
3560,-32725.0,32725.0,9990
3561,-32725.0,32725.0,9990
3562,-32725.0,32725.0,9990
3563,-32725.0,32725.0,9990
3564,-32725.0,32725.0,9990
3565,-32725.0,32725.0,9990
3566,-32725.0,32725.0,9990
3567,-32725.0,32725.0,9990
3568,-32725.0,32725.0,9990
3569,-32725.0,32725.0,9990
3570,-32725.0,32725.0,9990
3571,-32725.0,32725.0,9990
3572,-32725.0,32725.0,9990
3573,-32725.0,32725.0,9990
3574,-32725.0,32725.0,9990
3575,-32725.0,32725.0,9990
3576,-32725.0,32725.0,9990
3577,-32725.0,32725.0,9990
3578,-32725.0,32725.0,9990
3579,-32725.0,32725.0,9990
3580,-32725.0,32725.0,9990
3581,-32725.0,32725.0,9990
3582,-32725.0,32725.0,9990
3583,-32725.0,32725.0,9990
3584,-32725.0,32725.0,9990
3585,-32725.0,32725.0,9990
3586,-32725.0,32725.0,9990
3587,-32725.0,32725.0,9990
3588,-32725.0,32725.0,9990
3589,-32725.0,32725.0,9990
3590,-32725.0,32725.0,9990
3591,-32725.0,32725.0,9990
3592,-32725.0,32725.0,9990
3593,-32725.0,32725.0,9990
3594,-32725.0,32725.0,9990
3595,-32725.0,32725.0,9990
3596,-32725.0,32725.0,9990
3597,-32725.0,32725.0,9990
3598,-32725.0,32725.0,9990
3599,-32725.0,32725.0,9990
3600,-32725.0,32725.0,9990
3601,-32725.0,32725.0,9990
3602,-32725.0,32725.0,9990
3603,-32725.0,32725.0,9990
3604,-32725.0,32725.0,9990
3605,-32725.0,32725.0,9990
3606,-32725.0,32725.0,9990
3607,-32725.0,32725.0,9990
3608,-32725.0,32725.0,9990
3609,-32725.0,32725.0,9990
3610,-32725.0,32725.0,9990
3611,-32725.0,32725.0,9990
3612,-32725.0,32725.0,9990
3613,-32725.0,32725.0,9990
3614,-32725.0,32725.0,9990
3615,-32725.0,32725.0,9990
3616,-32725.0,32725.0,9990
3617,-32725.0,32725.0,9990
3618,-32725.0,32725.0,9990
3619,-32725.0,32725.0,9990
3620,-32725.0,32725.0,9990
3621,-32725.0,32725.0,9990
3622,-32725.0,32725.0,9990
3623,-32725.0,32725.0,9990
3624,-32725.0,32725.0,9990
3625,-32725.0,32725.0,9990
3626,-32725.0,32725.0,9990
3627,-32725.0,32725.0,9990
3628,-32725.0,32725.0,9990
3629,-32725.0,32725.0,9990
3630,-32725.0,32725.0,9990
3631,-32725.0,32725.0,9990
3632,-32725.0,32725.0,9990
3633,-32725.0,32725.0,9990
3634,-32725.0,32725.0,9990
3635,-32725.0,32725.0,9990
3636,-32725.0,32725.0,9990
3637,-32725.0,32725.0,9990
3638,-32725.0,32725.0,9990
3639,-32725.0,32725.0,9990
3640,-32725.0,32725.0,9990
3641,-32725.0,32725.0,9990
3642,-32725.0,32725.0,9990
3643,-32725.0,32725.0,9990
3644,-32725.0,32725.0,9990
3645,-32725.0,32725.0,9990
3646,-32725.0,32725.0,9990
3647,-32725.0,32725.0,9990
3648,-32725.0,32725.0,9990
3649,-32725.0,32725.0,9990
3650,-32725.0,32725.0,9990
3651,-32725.0,32725.0,9990
3652,-32725.0,32725.0,9990
3653,-32725.0,32725.0,9990
3654,-32725.0,32725.0,9990
3655,-32725.0,32725.0,9990
3656,-32725.0,32725.0,9990
3657,-32725.0,32725.0,9990
3658,-32725.0,32725.0,9990
3659,-32725.0,32725.0,9990
3660,-32725.0,32725.0,9990
3661,-32725.0,32725.0,9990
3662,-32725.0,32725.0,9990
3663,-32725.0,32725.0,9990
3664,-32725.0,32725.0,9990
3665,-32725.0,32725.0,9990
3666,-32725.0,32725.0,9990
3667,-32725.0,32725.0,9990
3668,-32725.0,32725.0,9990
3669,-32725.0,32725.0,9990
3670,-32725.0,32725.0,9990
3671,-32725.0,32725.0,9990
3672,-32725.0,32725.0,9990
3673,-32725.0,32725.0,9990
3674,-32725.0,32725.0,9990
3675,-32725.0,32725.0,9990
3676,-32725.0,32725.0,9990
3677,-32725.0,32725.0,9990
3678,-32725.0,32725.0,9990
3679,-32725.0,32725.0,9990
3680,-32725.0,32725.0,9990
3681,-32725.0,32725.0,9990
3682,-32725.0,32725.0,9990
3683,-32725.0,32725.0,9990
3684,-32725.0,32725.0,9990
3685,-32725.0,32725.0,9990
3686,-32725.0,32725.0,9990
3687,-32725.0,32725.0,9990
3688,-32725.0,32725.0,9990
3689,-32725.0,32725.0,9990
3690,-32725.0,32725.0,9990
3691,-32725.0,32725.0,9990
3692,-32725.0,32725.0,9990
3693,-32725.0,32725.0,9990
3694,-32725.0,32725.0,9990
3695,-32725.0,32725.0,9990
3696,-32725.0,32725.0,9990
3697,-32725.0,32725.0,9990
3698,-32725.0,32725.0,9990
3699,-32725.0,32725.0,9990
3700,-32725.0,32725.0,9990
3701,-32725.0,32725.0,9990
3702,-32725.0,32725.0,9990
3703,-32725.0,32725.0,9990
3704,-32725.0,32725.0,9990
3705,-32725.0,32725.0,9990
3706,-32725.0,32725.0,9990
3707,-32725.0,32725.0,9990
3708,-32725.0,32725.0,9990
3709,-32725.0,32725.0,9990
3710,-32725.0,32725.0,9990
3711,-32725.0,32725.0,9990
3712,-32725.0,32725.0,9990
3713,-32725.0,32725.0,9990
3714,-32725.0,32725.0,9990
3715,-32725.0,32725.0,9990
3716,-32725.0,32725.0,9990
3717,-32725.0,32725.0,9990
3718,-32725.0,32725.0,9990
3719,-32725.0,32725.0,9990
3720,-32725.0,32725.0,9990
3721,-32725.0,32725.0,9990
3722,-32725.0,32725.0,9990
3723,-32725.0,32725.0,9990
3724,-32725.0,32725.0,9990
3725,-32725.0,32725.0,9990
3726,-32725.0,32725.0,9990
3727,-32725.0,32725.0,9990
3728,-32725.0,32725.0,9990
3729,-32725.0,32725.0,9990
3730,-32725.0,32725.0,9990
3731,-32725.0,32725.0,9990
3732,-32725.0,32725.0,9990
3733,-32725.0,32725.0,9990
3734,-32725.0,32725.0,9990
3735,-32725.0,32725.0,9990
3736,-32725.0,32725.0,9990
3737,-32725.0,32725.0,9990
3738,-32725.0,32725.0,9990
3739,-32725.0,32725.0,9990
3740,-32725.0,32725.0,9990
3741,-32725.0,32725.0,9990
3742,-32725.0,32725.0,9990
3743,-32725.0,32725.0,9990
3744,-32725.0,32725.0,9990
3745,-32725.0,32725.0,9990
3746,-32725.0,32725.0,9990
3747,-32725.0,32725.0,9990
3748,-32725.0,32725.0,9990
3749,-32725.0,32725.0,9990
3750,-32725.0,32725.0,9990
3751,-32725.0,32725.0,9990
3752,-32725.0,32725.0,9990
3753,-32725.0,32725.0,9990
3754,-32725.0,32725.0,9990
3755,-32725.0,32725.0,9990
3756,-32725.0,32725.0,9990
3757,-32725.0,32725.0,9990
3758,-32725.0,32725.0,9990
3759,-32725.0,32725.0,9990
3760,-32725.0,32725.0,9990
3761,-32725.0,32725.0,9990
3762,-32725.0,32725.0,9990
3763,-32725.0,32725.0,9990
3764,-32725.0,32725.0,9990
3765,-32725.0,32725.0,9990
3766,-32725.0,32725.0,9990
3767,-32725.0,32725.0,9990
3768,-32725.0,32725.0,9990
3769,-32725.0,32725.0,9990
3770,-32725.0,32725.0,9990
3771,-32725.0,32725.0,9990
3772,-32725.0,32725.0,9990
3773,-32725.0,32725.0,9990
3774,-32725.0,32725.0,9990
3775,-32725.0,32725.0,9990
3776,-32725.0,32725.0,9990
3777,-32725.0,32725.0,9990
3778,-32725.0,32725.0,9990
3779,-32725.0,32725.0,9990
3780,-32725.0,32725.0,9990
3781,-32725.0,32725.0,9990
3782,-32725.0,32725.0,9990
3783,-32725.0,32725.0,9990
3784,-32725.0,32725.0,9990
3785,-32725.0,32725.0,9990
3786,-32725.0,32725.0,9990
3787,-32725.0,32725.0,9990
3788,-32725.0,32725.0,9990
3789,-32725.0,32725.0,9990
3790,-32725.0,32725.0,9990
3791,-32725.0,32725.0,9990
3792,-32725.0,32725.0,9990
3793,-32725.0,32725.0,9990
3794,-32725.0,32725.0,9990
3795,-32725.0,32725.0,9990
3796,-32725.0,32725.0,9990
3797,-32725.0,32725.0,9990
3798,-32725.0,32725.0,9990
3799,-32725.0,32725.0,9990
3800,-32725.0,32725.0,9990
3801,-32725.0,32725.0,9990
3802,-32725.0,32725.0,9990
3803,-32725.0,32725.0,9990
3804,-32725.0,32725.0,9990
3805,-32725.0,32725.0,9990
3806,-32725.0,32725.0,9990
3807,-32725.0,32725.0,9990
3808,-32725.0,32725.0,9990
3809,-32725.0,32725.0,9990
3810,-32725.0,32725.0,9990
3811,-32725.0,32725.0,9990
3812,-32725.0,32725.0,9990
3813,-32725.0,32725.0,9990
3814,-32725.0,32725.0,9990
3815,-32725.0,32725.0,9990
3816,-32725.0,32725.0,9990
3817,-32725.0,32725.0,9990
3818,-32725.0,32725.0,9990
3819,-32725.0,32725.0,9990
3820,-32725.0,32725.0,9990
3821,-32725.0,32725.0,9990
3822,-32725.0,32725.0,9990
3823,-32725.0,32725.0,9990
3824,-32725.0,32725.0,9990
3825,-32725.0,32725.0,9990
3826,-32725.0,32725.0,9990
3827,-32725.0,32725.0,9990
3828,-32725.0,32725.0,9990
3829,-32725.0,32725.0,9990
3830,-32725.0,32725.0,9990
3831,-32725.0,32725.0,9990
3832,-32725.0,32725.0,9990
3833,-32725.0,32725.0,9990
3834,-32725.0,32725.0,9990
3835,-32725.0,32725.0,9990
3836,-32725.0,32725.0,9990
3837,-32725.0,32725.0,9990
3838,-32725.0,32725.0,9990
3839,-32725.0,32725.0,9990
3840,-32725.0,32725.0,9990
3841,-32725.0,32725.0,9990
3842,-32725.0,32725.0,9990
3843,-32725.0,32725.0,9990
3844,-32725.0,32725.0,9990
3845,-32725.0,32725.0,9990
3846,-32725.0,32725.0,9990
3847,-32725.0,32725.0,9990
3848,-32725.0,32725.0,9990
3849,-32725.0,32725.0,9990
3850,-32725.0,32725.0,9990
3851,-32725.0,32725.0,9990
3852,-32725.0,32725.0,9990
3853,-32725.0,32725.0,9990
3854,-32725.0,32725.0,9990
3855,-32725.0,32725.0,9990
3856,-32725.0,32725.0,9990
3857,-32725.0,32725.0,9990
3858,-32725.0,32725.0,9990
3859,-32725.0,32725.0,9990
3860,-32725.0,32725.0,9990
3861,-32725.0,32725.0,9990
3862,-32725.0,32725.0,9990
3863,-32725.0,32725.0,9990
3864,-32725.0,32725.0,9990
3865,-32725.0,32725.0,9990
3866,-32725.0,32725.0,9990
3867,-32725.0,32725.0,9990
3868,-32725.0,32725.0,9990
3869,-32725.0,32725.0,9990
3870,-32725.0,32725.0,9990
3871,-32725.0,32725.0,9990
3872,-32725.0,32725.0,9990
3873,-32725.0,32725.0,9990
3874,-32725.0,32725.0,9990
3875,-32725.0,32725.0,9990
3876,-32725.0,32725.0,9990
3877,-32725.0,32725.0,9990
3878,-32725.0,32725.0,9990
3879,-32725.0,32725.0,9990
3880,-32725.0,32725.0,9990
3881,-32725.0,32725.0,9990
3882,-32725.0,32725.0,9990
3883,-32725.0,32725.0,9990
3884,-32725.0,32725.0,9990
3885,-32725.0,32725.0,9990
3886,-32725.0,32725.0,9990
3887,-32725.0,32725.0,9990
3888,-32725.0,32725.0,9990
3889,-32725.0,32725.0,9990
3890,-32725.0,32725.0,9990
3891,-32725.0,32725.0,9990
3892,-32725.0,32725.0,9990
3893,-32725.0,32725.0,9990
3894,-32725.0,32725.0,9990
3895,-32725.0,32725.0,9990
3896,-32725.0,32725.0,9990
3897,-32725.0,32725.0,9990
3898,-32725.0,32725.0,9990
3899,-32725.0,32725.0,9990
3900,-32725.0,32725.0,9990
3901,-32725.0,32725.0,9990
3902,-32725.0,32725.0,9990
3903,-32725.0,32725.0,9990
3904,-32725.0,32725.0,9990
3905,-32725.0,32725.0,9990
3906,-32725.0,32725.0,9990
3907,-32725.0,32725.0,9990
3908,-32725.0,32725.0,9990
3909,-32725.0,32725.0,9990
3910,-32725.0,32725.0,9990
3911,-32725.0,32725.0,9990
3912,-32725.0,32725.0,9990
3913,-32725.0,32725.0,9990
3914,-32725.0,32725.0,9990
3915,-32725.0,32725.0,9990
3916,-32725.0,32725.0,9990
3917,-32725.0,32725.0,9990
3918,-32725.0,32725.0,9990
3919,-32725.0,32725.0,9990
3920,-32725.0,32725.0,9990
3921,-32725.0,32725.0,9990
3922,-32725.0,32725.0,9990
3923,-32725.0,32725.0,9990
3924,-32795.0,32795.0,9990
3925,-32795.0,32795.0,9990
3926,-32795.0,32795.0,9990
3927,-32795.0,32795.0,9990
3928,-32795.0,32795.0,9990
3929,-32795.0,32795.0,9990
3930,-32795.0,32795.0,9990
3931,-32795.0,32795.0,9990
3932,-32795.0,32795.0,9990
3933,-32795.0,32795.0,9990
3934,-32795.0,32795.0,9990
3935,-32795.0,32795.0,9990
3936,-32795.0,32795.0,9990
3937,-32795.0,32795.0,9990
3938,-32795.0,32795.0,9990
3939,-32795.0,32795.0,9990
3940,-32795.0,32795.0,9990
3941,-32795.0,32795.0,9990
3942,-32795.0,32795.0,9990
3943,-32795.0,32795.0,9990
3944,-32795.0,32795.0,9990
3945,-32795.0,32795.0,9990
3946,-32795.0,32795.0,9990
3947,-32795.0,32795.0,9990
3948,-32795.0,32795.0,9990
3949,-32795.0,32795.0,9990
3950,-32795.0,32795.0,9990
3951,-32795.0,32795.0,9990
3952,-32795.0,32795.0,9990
3953,-32795.0,32795.0,9990
3954,-32795.0,32795.0,9990
3955,-32795.0,32795.0,9990
3956,-32795.0,32795.0,9990
3957,-32795.0,32795.0,9990
3958,-32795.0,32795.0,9990
3959,-32795.0,32795.0,9990
3960,-32795.0,32795.0,9990
3961,-32795.0,32795.0,9990
3962,-32795.0,32795.0,9990
3963,-32795.0,32795.0,9990
3964,-32795.0,32795.0,9990
3965,-32795.0,32795.0,9990
3966,-32795.0,32795.0,9990
3967,-32795.0,32795.0,9990
3968,-32795.0,32795.0,9990
3969,-32795.0,32795.0,9990
3970,-32795.0,32795.0,9990
3971,-32795.0,32795.0,9990
3972,-32795.0,32795.0,9990
3973,-32795.0,32795.0,9990
3974,-32795.0,32795.0,9990
3975,-32795.0,32795.0,9990
3976,-32795.0,32795.0,9990
3977,-32795.0,32795.0,9990
3978,-32795.0,32795.0,9990
3979,-32795.0,32795.0,9990
3980,-32795.0,32795.0,9990
3981,-32795.0,32795.0,9990
3982,-32795.0,32795.0,9990
3983,-32795.0,32795.0,9990
3984,-32795.0,32795.0,9990
3985,-32795.0,32795.0,9990
3986,-32795.0,32795.0,9990
3987,-32795.0,32795.0,9990
3988,-32795.0,32795.0,9990
3989,-32795.0,32795.0,9990
3990,-32795.0,32795.0,9990
3991,-32795.0,32795.0,9990
3992,-32795.0,32795.0,9990
3993,-32795.0,32795.0,9990
3994,-32795.0,32795.0,9990
3995,-32795.0,32795.0,9990
3996,-32795.0,32795.0,9990
3997,-32795.0,32795.0,9990
3998,-32795.0,32795.0,9990
3999,-32795.0,32795.0,9990
4000,-32795.0,32795.0,9990
