Feature,Importance
month,0.4318608619208452
sales_lag_28,0.23772774501319122
sales_lag_7,0.231081313123624
day_of_week,0.07034925457959051
is_weekend,0.01513927964443407
season_num,0.013841545718314955
