Feature,Importance
month,0.4318608619208452
sales_lag_28,0.2377277450131912
sales_lag_7,0.231081313123624
day_of_week,0.07034925457959051
IsWeekend,0.01513927964443407
season_num,0.013841545718314955
