Model,MAE,RMSE,MAPE,Experiment
Seasonal Naive,3736.813623188406,5941.434741254709,19.789203303691217,A_Temporal_Base
Linear Regression,3148.6309016889636,4307.377698197857,17.703232197977282,A_Temporal_Base
Random Forest,3998.1362224637683,4974.702395171936,23.188491267465217,A_Temporal_Base
Holt-Winters,2631.4604893327805,4047.650325795414,13.723863264813152,A_Temporal_Base
Prophet,3202.79459536643,4155.149783513591,17.5927436368251,A_Temporal_Base
ARIMAX,5518.8500596744725,6179.6482380425,31.895862012444205,A_Temporal_Base
