Model,MAE,RMSE,MAPE,Experiment
Seasonal Naive,3736.813623188406,5941.434741254709,19.789203303691217,A_Temporal_Base
Linear Regression,3148.6309016895652,4307.37769819818,17.703232197981944,A_Temporal_Base
Random Forest,3998.1362224637683,4974.702395171936,23.188491267465217,A_Temporal_Base
Holt-Winters,2631.8784641540224,4047.5885770181026,13.72732413078567,A_Temporal_Base
Prophet,3202.5666377773605,4155.037690082803,17.592006701112194,A_Temporal_Base
SARIMAX,7599.156825040133,8777.752932379828,41.068752181666106,A_Temporal_Base
