Feature,Importance
Num_Customers,0.5897159297885997
sales_roll_mean_7,0.15324032865540074
sales_lag_1,0.08090108271387192
sales_lag_7,0.03216893517350653
sales_lag_5,0.0274853745309543
sales_lag_3,0.021024763698344932
Pct_On_Sale,0.02088415350852259
days_to_next_holiday,0.018350647779144368
sales_lag_6,0.01740030845311402
sales_lag_2,0.016241553699337205
sales_lag_4,0.015631078771855607
day_of_week,0.0060403595650815375
is_holiday,0.000855941796984596
TouristEvent,5.954186528200398e-05
