Feature,Importance
Num_Customers,0.6023398321787593
sales_roll_mean_7,0.18454063462375656
sales_lag_1,0.08929745292614359
sales_lag_7,0.04524891010426405
Pct_On_Sale,0.035020879317062485
days_to_next_holiday,0.030999886856861482
day_of_week,0.011119750396187178
is_holiday,0.0011431291916486565
TouristEvent,0.00028952440531668293
