Model,MAE,RMSE,MAPE,Experiment
Seasonal Naive,6277.477971014492,9644.063193956932,21.181607098605994,C_Context_Expert
Linear Regression,3450.1335911450888,4672.111112405242,12.950318471777466,C_Context_Expert
Random Forest,5937.471183333333,6807.74286503077,22.498576519657483,C_Context_Expert
Holt-Winters,4593.809743951222,6944.985743704754,14.835414208072256,C_Context_Expert
Prophet,5907.219398568831,6901.114110607646,20.104775592454054,C_Context_Expert
ARIMAX,6951.40615910592,8229.943130280484,23.93782625972678,C_Context_Expert
