Model,MAE,RMSE,MAPE,Experiment
Seasonal Naive,6277.477971014492,9644.063193956932,21.181607098605994,C_Context_Expert
Linear Regression,3354.927964816276,4526.400626144828,12.53558437863892,C_Context_Expert
Random Forest,5338.674942753623,6246.275693761166,20.322365809121994,C_Context_Expert
Holt-Winters,4593.809743951222,6944.985743704754,14.835414208072256,C_Context_Expert
Prophet,5718.868177908444,6692.126603968834,19.526744385277826,C_Context_Expert
SARIMAX,4.3749067750152035e-09,4.985619927658352e-09,1.551650639169472e-11,C_Context_Expert
Ensemble (Top-3 Experts),2726.087782207104,3381.6957616778764,10.381299313757003,C_Context_Expert
