Model,MAE,RMSE,MAPE,Experiment
Seasonal Naive,6277.477971014492,9644.063193956932,21.181607098605994,C_Context_Expert
Linear Regression,3450.133591145907,4672.111112406248,12.950318471781172,C_Context_Expert
Random Forest,5937.471183333333,6807.74286503077,22.498576519657483,C_Context_Expert
Holt-Winters,4592.7554488080605,6943.824655258075,14.832558374513544,C_Context_Expert
Prophet,5900.645837307599,6894.736481814476,20.081221578203483,C_Context_Expert
SARIMAX,3719.056139264885,4552.290631118504,13.419775501595579,C_Context_Expert
