Feature,Importance
sales_lag_7,0.49088854919705804
sales_lag_28,0.2515595062347974
month,0.17645850808681549
day_of_week,0.05097083361088334
season_num,0.016774327122800553
IsWeekend,0.01334827574764524
