Model,MAE,RMSE,MAPE,Experiment
Seasonal Naive,7907.073913043478,12539.602626514867,20.97966307211546,A_Temporal_Base
Linear Regression,7924.776744217069,10108.105514941108,22.55568077731832,A_Temporal_Base
Random Forest,24996.00152173913,26050.17583353633,75.21221638152436,A_Temporal_Base
Holt-Winters,8463.550997614362,11435.497506783582,21.913654343154327,A_Temporal_Base
Prophet,6997.041464565933,9774.901644817437,17.882271339884976,A_Temporal_Base
SARIMAX,4.484400683988655e-06,4.506245321402364e-06,1.2955263220629999e-08,A_Temporal_Base
Ensemble (Top-3 Experts),4158.721634838149,5738.014108544657,11.097797137240716,A_Temporal_Base
