Model,MAE,RMSE,MAPE,Experiment
Seasonal Naive,3736.813623188406,5941.434741254709,19.789203303691217,B_Sales_Dynamics
Linear Regression,2581.828621364652,3906.4768799434933,13.993202021118323,B_Sales_Dynamics
Random Forest,4118.515997826087,5209.027022733509,24.652211988554782,B_Sales_Dynamics
Holt-Winters,2631.4604893327805,4047.650325795414,13.723863264813152,B_Sales_Dynamics
Prophet,2972.5979190931725,3936.1774224402484,16.558854961893317,B_Sales_Dynamics
SARIMAX,4.1145690572549304e-07,4.1234869591754695e-07,2.342702175237166e-09,B_Sales_Dynamics
Ensemble (Top-3 Experts),1751.666855666305,2493.2753514797005,9.662004531890195,B_Sales_Dynamics
