Model,MAE,RMSE,MAPE,Experiment
Seasonal Naive,3736.813623188406,5941.434741254709,19.789203303691217,B_Sales_Dynamics
Linear Regression,2582.535151962997,3924.9051006580194,14.02439987523499,B_Sales_Dynamics
Random Forest,4196.856944927536,5281.549841387117,25.06894850766451,B_Sales_Dynamics
Holt-Winters,2631.4604893327805,4047.650325795414,13.723863264813152,B_Sales_Dynamics
Prophet,3020.6178980153136,3948.909426723812,16.80848002864893,B_Sales_Dynamics
ARIMAX,2841.9338170016654,3923.787539381787,15.838350702506354,B_Sales_Dynamics
